Frequency_Hz,Y11_Real,Y11_Imag,Y12_Real,Y12_Imag,Y21_Real,Y21_Imag,Y22_Real,Y22_Imag
0.1,0.149209617580423,-0.00092533312019591,-0.861202999571323,8.1155621277515e-05,-0.03474798142099,8.10753169395069e-05,-0.17261612801986,-5.73820395757818e-06
0.100693514841637,0.149209717179819,-0.000931761911560741,-0.861203163512156,8.17222341927886e-05,-0.0347480238391929,8.16402559998505e-05,-0.172616498919777,-5.75928452150286e-06
0.10139183931163,0.149209818143961,-0.000938235526426693,-0.861203329728351,8.22928555179441e-05,-0.0347480668437101,8.22091687009666e-05,-0.172616874957484,-5.78012035510993e-06
0.102095006765465,0.149209920491245,-0.000944754280607151,-0.861203498251401,8.28675146878786e-05,-0.0347481104425886,8.27820837597444e-05,-0.172617256203805,-5.80070161145668e-06
0.102803050789954,0.149210024240305,-0.000951318492207833,-0.861203669113229,8.34462413753217e-05,-0.0347481546439837,8.33590301162358e-05,-0.172617642730529,-5.82101820598667e-06
0.103516005204838,0.14921012941002,-0.000957928481644759,-0.861203842346198,8.40290654931875e-05,-0.0347481994561615,8.39400369356943e-05,-0.172618034610429,-5.84105981138276e-06
0.104233904064403,0.149210236019511,-0.000964584571662415,-0.861204017983116,8.46160171969366e-05,-0.0347482448874993,8.45251336106447e-05,-0.172618431917267,-5.86081585230054e-06
0.104956781659108,0.14921034408815,-0.000971287087352051,-0.861204196057244,8.52071268869639e-05,-0.0347482909464881,8.51143497629682e-05,-0.172618834725811,-5.88027550002708e-06
0.105684672517218,0.149210453635558,-0.000978036356170162,-0.861204376602297,8.58024252110385e-05,-0.034748337641733,8.57077152460182e-05,-0.17261924311185,-5.89942766699228e-06
0.106417611406461,0.149210564681611,-0.000984832707957148,-0.861204559652457,8.64019430667409e-05,-0.0347483849819557,8.63052601467612e-05,-0.172619657152204,-5.91826100119694e-06
0.10715563333568,0.149210677246441,-0.000991676474956146,-0.861204745242375,8.70057116039869e-05,-0.0347484329759952,8.69070147879417e-05,-0.172620076924742,-5.93676388047082e-06
0.107898773556513,0.149210791350441,-0.000998567991832017,-0.861204933407176,8.76137622275184e-05,-0.03474848163281,8.75130097302732e-05,-0.172620502508393,-5.95492440669601e-06
0.108647067565072,0.149210907014267,-0.00100550759569056,-0.861205124182471,8.82261265994734e-05,-0.034748530961479,8.81232757746564e-05,-0.172620933983158,-5.97273039982908e-06
0.109400551103639,0.149211024258842,-0.00101249562609784,-0.861205317604359,8.8842836641974e-05,-0.0347485809712038,8.87378439644241e-05,-0.172621371430131,-5.9901693918573e-06
0.110159260162376,0.149211143105357,-0.00101953242509977,-0.861205513709434,8.94639245397448e-05,-0.0347486316713097,8.93567455876123e-05,-0.172621814931507,-6.00722862058659e-06
0.11092323098104,0.149211263575276,-0.00102661833724181,-0.861205712534794,9.00894227427807e-05,-0.0347486830712474,8.99800121792621e-05,-0.172622264570599,-6.02389502332192e-06
0.111692500050717,0.149211385690338,-0.00103375370958889,-0.861205914118045,9.07193639690211e-05,-0.0347487351805949,9.06076755237443e-05,-0.172622720431856,-6.0401552304367e-06
0.112467104115564,0.149211509472562,-0.00104093889174556,-0.861206118497312,9.13537812070918e-05,-0.0347487880090591,9.1239767657119e-05,-0.172623182600871,-6.05599555874269e-06
0.113247080174565,0.149211634944249,-0.00104817423587623,-0.861206325711241,9.19927077190665e-05,-0.0347488415664771,9.18763208695192e-05,-0.172623651164403,-6.0714020048095e-06
0.114032465483296,0.149211762127986,-0.00105546009672568,-0.861206535799009,9.26361770432656e-05,-0.0347488958628183,9.2517367707565e-05,-0.172624126210388,-6.08636023807611e-06
0.114823297555707,0.149211891046645,-0.00106279683163979,-0.861206748800331,9.32842229970868e-05,-0.0347489509081859,9.31629409768094e-05,-0.172624607827959,-6.10085559385812e-06
0.115619614165913,0.149212021723395,-0.00107018480058636,-0.861206964755466,9.39368796798986e-05,-0.0347490067128188,9.38130737442131e-05,-0.172625096107456,-6.11487306618509e-06
0.116421453349997,0.149212154181698,-0.00107762436617625,-0.861207183705227,9.4594181475934e-05,-0.0347490632870931,9.44677993406494e-05,-0.172625591140446,-6.12839730051995e-06
0.117228853407829,0.149212288445312,-0.00108511589368466,-0.861207405690985,9.5256163057251e-05,-0.0347491206415241,9.51271513634419e-05,-0.172626093019739,-6.1414125863031e-06
0.118041852904894,0.149212424538302,-0.00109265975107261,-0.86120763075468,9.59228593867423e-05,-0.0347491787867677,9.57911636789344e-05,-0.172626601839404,-6.15390284934396e-06
0.118860490674132,0.149212562485035,-0.00110025630900867,-0.861207858938824,9.65943057211404e-05,-0.034749237733623,9.64598704250904e-05,-0.172627117694783,-6.16585164405804e-06
0.1196848058178,0.149212702310188,-0.00110790594089086,-0.861208090286517,9.7270537614106e-05,-0.0347492974930331,9.71333060141263e-05,-0.172627640682513,-6.17724214557747e-06
0.120514837709331,0.149212844038751,-0.00111560902286879,-0.861208324841443,9.79515909193445e-05,-0.0347493580760879,9.78115051351812e-05,-0.172628170900539,-6.18805714162722e-06
0.12135062599522,0.149212987696028,-0.00112336593386601,-0.861208562647891,9.86375017937632e-05,-0.0347494194940254,9.84945027570165e-05,-0.17262870844813,-6.19827902431126e-06
0.122192210596917,0.149213133307645,-0.00113117705560258,-0.861208803750751,9.93283067006736e-05,-0.0347494817582335,9.91823341307517e-05,-0.172629253425903,-6.20788978166788e-06
0.123039631712731,0.149213280899547,-0.00113904277261781,-0.861209048195532,0.000100024042413028,-0.0347495448802526,9.98750347926329e-05,-0.172629805935833,-6.21687098908454e-06
0.123892929819754,0.149213430498011,-0.00114696347229337,-0.861209296028363,0.000100724746016723,-0.0347496088717769,0.000100572640566843,-0.172630366081276,-6.22520380052886e-06
0.124752145675793,0.149213582129638,-0.00115493954487642,-0.861209547296008,0.000101430454913922,-0.0347496737446564,0.000101275187568337,-0.172630933966984,-6.23286893960961e-06
0.125617320321316,0.149213735821367,-0.00116297138350316,-0.861209802045868,0.000102141206826433,-0.0347497395108994,0.000101982712205725,-0.172631509699126,-6.23984669043467e-06
0.126488495081411,0.149213891600474,-0.00117105938422249,-0.861210060325993,0.000102857039799151,-0.0347498061826738,0.000102695251184188,-0.172632093385305,-6.24611688826958e-06
0.127365711567764,0.149214049494573,-0.00117920394601997,-0.861210322185091,0.000103577992203519,-0.0347498737723097,0.000103412841508427,-0.172632685134577,-6.25165891006071e-06
0.128249011680643,0.149214209531626,-0.00118740547084197,-0.861210587672537,0.000104304102741047,-0.0347499422923011,0.000104135520485659,-0.172633285057468,-6.25645166469312e-06
0.129138437610901,0.149214371739942,-0.00119566436362012,-0.86121085683838,0.000105035410446905,-0.0347500117553084,0.000104863325728644,-0.172633893265998,-6.26047358311295e-06
0.130034031841991,0.149214536148182,-0.00120398103229595,-0.861211129733353,0.000105771954693513,-0.0347500821741597,0.000105596295158758,-0.172634509873696,-6.26370260818632e-06
0.130935837151994,0.149214702785362,-0.00121235588784581,-0.861211406408882,0.000106513775194228,-0.0347501535618539,0.000106334467009098,-0.172635134995622,-6.26611618441755e-06
0.131843896615665,0.14921487168086,-0.00122078934430603,-0.861211686917097,0.000107260912007073,-0.0347502259315621,0.00010707787982764,-0.172635768748385,-6.26769124737608e-06
0.132758253606487,0.149215042864416,-0.00122928181879833,-0.86121197131084,0.000108013405538504,-0.0347502992966302,0.000107826572480429,-0.172636411250166,-6.26840421298104e-06
0.133678951798747,0.149215216366137,-0.0012378337315555,-0.861212259643674,0.000108771296547221,-0.0347503736705807,0.000108580584154809,-0.172637062620735,-6.26823096655515e-06
0.134606035169616,0.149215392216502,-0.00124644550594734,-0.861212551969893,0.000109534626148083,-0.0347504490671154,0.000109339954362707,-0.172637722981475,-6.26714685156293e-06
0.135539548001256,0.149215570446363,-0.00125511756850682,-0.861212848344533,0.000110303435816016,-0.0347505255001172,0.00011010472294395,-0.1726383924554,-6.26512665827944e-06
0.136479534882933,0.149215751086955,-0.00126385034895661,-0.86121314882338,0.000111077767390009,-0.0347506029836526,0.000110874930069632,-0.172639071167179,-6.26214461210001e-06
0.137426040713143,0.14921593416989,-0.00127264428023573,-0.861213453462982,0.000111857663077173,-0.034750681531974,0.000111650616245521,-0.172639759243153,-6.25817436163481e-06
0.138379110701763,0.149216119727172,-0.00128149979852664,-0.861213762320658,0.000112643165456835,-0.0347507611595219,0.000112431822315522,-0.172640456811363,-6.25318896660398e-06
0.139338790372205,0.149216307791191,-0.00129041734328247,-0.861214075454508,0.000113434317484702,-0.0347508418809272,0.000113218589465167,-0.172641164001567,-6.24716088546209e-06
0.140305125563594,0.149216498394736,-0.0012993973572546,-0.861214392923424,0.00011423116249708,-0.0347509237110138,0.000114010959225175,-0.172641880945261,-6.24006196273813e-06
0.141278162432955,0.14921669157099,-0.00130844028652055,-0.861214714787101,0.000115033744215173,-0.0347510066648008,0.000114808973475046,-0.172642607775707,-6.23186341619508e-06
0.14225794745742,0.149216887353542,-0.00131754658051203,-0.861215041106048,0.000115842106749399,-0.0347510907575048,0.000115612674446702,-0.172643344627952,-6.22253582362869e-06
0.143244527436446,0.149217085776384,-0.00132671669204347,-0.861215371941597,0.000116656294603823,-0.0347511760045427,0.000116422104728189,-0.172644091638851,-6.21204910949275e-06
0.14423794949405,0.149217286873922,-0.00133595107734069,-0.861215707355915,0.000117476352680599,-0.0347512624215338,0.000117237307267413,-0.172644848947091,-6.20037253118086e-06
0.145238261081064,0.149217490680974,-0.00134525019606992,-0.861216047412016,0.000118302326284524,-0.0347513500243025,0.000118058325375947,-0.172645616693214,-6.18747466507238e-06
0.146245509977397,0.149217697232777,-0.00135461451136716,-0.861216392173769,0.000119134261127616,-0.0347514388288808,0.000118885202732869,-0.172646395019641,-6.17332339228685e-06
0.147259744294318,0.14921790656499,-0.00136404448986781,-0.861216741705917,0.000119972203333801,-0.0347515288515107,0.00011971798338867,-0.172647184070695,-6.15788588412616e-06
0.148281012476756,0.149218118713699,-0.00137354060173658,-0.861217096074078,0.000120816199443616,-0.0347516201086469,0.000120556711769204,-0.172647983992629,-6.14112858725313e-06
0.149309363305612,0.14921833371542,-0.0013831033206978,-0.861217455344766,0.000121666296419026,-0.0347517126169594,0.000121401432679695,-0.172648794933646,-6.12301720856467e-06
0.150344845900091,0.149218551607104,-0.00139273312406596,-0.861217819585396,0.000122522541648285,-0.034751806393336,0.000122252191308806,-0.172649617043926,-6.1035166997285e-06
0.151387509720044,0.14921877242614,-0.00140243049277666,-0.8612181888643,0.000123384982950881,-0.034751901454885,0.000123109033232754,-0.172650450475649,-6.08259124143529e-06
0.152437404568337,0.149218996210361,-0.00141219591141776,-0.86121856325074,0.000124253668582531,-0.0347519978189381,0.000123972004419487,-0.172651295383026,-6.06020422734554e-06
0.153494580593225,0.149219222998043,-0.00142202986826105,-0.861218942814916,0.000125128647240274,-0.0347520955030526,0.000124841151232921,-0.172652151922319,-6.03631824768261e-06
0.154559088290748,0.149219452827918,-0.00143193285529404,-0.861219327627981,0.000126009968067637,-0.0347521945250146,0.000125716520437234,-0.172653020251868,-6.01089507247174e-06
0.155630978507143,0.149219685739168,-0.00144190536825227,-0.861219717762055,0.000126897680659835,-0.0347522949028415,0.000126598159201215,-0.17265390053212,-5.98389563453983e-06
0.156710302441275,0.149219921771437,-0.00145194790665187,-0.861220113290234,0.000127791835069118,-0.0347523966547848,0.000127486115102684,-0.172654792925654,-5.95528001205714e-06
0.15779711164708,0.14922016096483,-0.00146206097382245,-0.861220514286608,0.000128692481810117,-0.034752499799333,0.00012838043613296,-0.172655697597205,-5.92500741079804e-06
0.158891458036027,0.149220403359919,-0.00147224507694044,-0.861220920826269,0.00012959967186534,-0.0347526043552144,0.000129281170701409,-0.172656614713698,-5.89303614601314e-06
0.159993393879601,0.149220648997747,-0.00148250072706272,-0.861221332985327,0.000130513456690688,-0.0347527103413999,0.00013018836764004,-0.172657544444268,-5.85932362395791e-06
0.161102971811794,0.149220897919833,-0.00149282843916059,-0.861221750840923,0.000131433888221096,-0.034752817777106,0.000131102076208173,-0.172658486960294,-5.82382632305367e-06
0.162220244831628,0.149221150168174,-0.00150322873215416,-0.861222174471243,0.000132361018876228,-0.0347529266817974,0.000132022346097174,-0.172659442435421,-5.78649977461473e-06
0.163345266305675,0.149221405785249,-0.00151370212894709,-0.861222603955531,0.000133294901566283,-0.0347530370751904,0.000132949227435254,-0.172660411045595,-5.74729854327036e-06
0.164478089970617,0.149221664814026,-0.00152424915646169,-0.861223039374103,0.000134235589697851,-0.0347531489772555,0.000133882770792336,-0.172661392969087,-5.7061762069599e-06
0.165618769935804,0.149221927297961,-0.00153487034567447,-0.861223480808361,0.000135183137179888,-0.0347532624082206,0.000134823027184995,-0.172662388386522,-5.66308533647003e-06
0.166767360685846,0.149222193281006,-0.00154556623165194,-0.861223928340807,0.000136137598429746,-0.0347533773885739,0.000135770048081458,-0.172663397480913,-5.61797747469436e-06
0.167923917083208,0.149222462807614,-0.00155633735358696,-0.861224382055061,0.000137099028379335,-0.034753493939067,0.000136723885406695,-0.172664420437684,-5.57080311530331e-06
0.169088494370839,0.149222735922737,-0.00156718425483537,-0.861224842035869,0.000138067482481331,-0.0347536120807181,0.000137684591547552,-0.172665457444706,-5.52151168120574e-06
0.170261148174801,0.149223012671836,-0.00157810748295309,-0.861225308369124,0.000139043016715509,-0.0347537318348147,0.000138652219357994,-0.172666508692322,-5.47005150233065e-06
0.171441934506935,0.149223293100879,-0.00158910758973355,-0.861225781141875,0.000140025687595143,-0.0347538532229171,0.000139626822164393,-0.172667574373382,-5.41636979318333e-06
0.172630909767531,0.149223577256352,-0.00160018513124564,-0.861226260442351,0.000141015552173513,-0.0347539762668617,0.000140608453770905,-0.172668654683272,-5.36041262982553e-06
0.173828130748022,0.149223865185257,-0.00161134066787196,-0.861226746359967,0.000142012668050532,-0.0347541009887635,0.000141597168464924,-0.172669749819945,-5.30212492645676e-06
0.1750336546337,0.149224156935117,-0.00162257476434757,-0.861227238985345,0.000143017093379411,-0.0347542274110199,0.000142593021022613,-0.172670859983953,-5.241450411482e-06
0.176247539006444,0.149224452553981,-0.00163388798979919,-0.861227738410326,0.000144028886873487,-0.034754355556314,0.000143596066714515,-0.172671985378479,-5.17833160316311e-06
0.177469841847474,0.149224752090426,-0.00164528091778468,-0.861228244727992,0.000145048107813111,-0.0347544854476172,0.00014460636131124,-0.172673126209367,-5.11270978473255e-06
0.178700621540116,0.149225055593563,-0.00165675412633318,-0.861228758032675,0.000146074816052635,-0.0347546171081933,0.000145623961089246,-0.17267428268516,-5.04452497904553e-06
0.179939936872594,0.149225363113038,-0.00166830819798549,-0.861229278419979,0.000147109072027552,-0.0347547505616011,0.000146648922836691,-0.172675455017127,-4.97371592272575e-06
0.181187847040838,0.149225674699037,-0.00167994371983505,-0.861229805986793,0.000148150936761677,-0.0347548858316984,0.000147681303859377,-0.172676643419299,-4.90022003977672e-06
0.182444411651309,0.149225990402289,-0.00169166128356927,-0.861230340831309,0.000149200471874486,-0.0347550229426447,0.000148721161986778,-0.172677848108503,-4.82397341468321e-06
0.183709690723849,0.149226310274069,-0.00170346148551139,-0.86123088305304,0.000150257739588515,-0.0347551619189051,0.000149768555578158,-0.172679069304394,-4.74491076504421e-06
0.184983744694544,0.149226634366203,-0.00171534492666275,-0.861231432752833,0.000151322802736924,-0.0347553027852536,0.000150823543528772,-0.172680307229491,-4.66296541353634e-06
0.186266634418617,0.149226962731068,-0.00172731221274563,-0.861231990032893,0.000152395724771123,-0.0347554455667762,0.000151886185276169,-0.172681562109209,-4.57806925941232e-06
0.187558421173328,0.149227295421599,-0.0017393639542464,-0.861232554996794,0.000153476569768543,-0.034755590288875,0.000152956540806569,-0.172682834171899,-4.49015274944786e-06
0.188859166660905,0.14922763249129,-0.00175150076645932,-0.861233127749501,0.000154565402440507,-0.0347557369772709,0.000154034670661356,-0.172684123648878,-4.39914484827442e-06
0.190168933011491,0.149227973994197,-0.00176372326953076,-0.861233708397387,0.000155662288140231,-0.034755885658008,0.00015512063594364,-0.172685430774465,-4.30497300812557e-06
0.191487782786108,0.149228319984941,-0.00177603208850391,-0.861234297048249,0.000156767292870907,-0.0347560363574564,0.000156214498324941,-0.172686755786021,-4.20756313805962e-06
0.192815778979652,0.149228670518712,-0.001788427853364,-0.86123489381133,0.000157880483293977,-0.0347561891023161,0.000157316320051952,-0.172688098923981,-4.10683957245694e-06
0.194152985023894,0.149229025651271,-0.00180091119908402,-0.861235498797335,0.000159001926737443,-0.0347563439196205,0.00015842616395341,-0.172689460431892,-4.00272503901442e-06
0.195499464790516,0.149229385438953,-0.00181348276567102,-0.86123611211845,0.000160131691204365,-0.0347565008367403,0.000159544093447063,-0.172690840556451,-3.89514062606663e-06
0.196855282594159,0.149229749938668,-0.0018261431982128,-0.861236733888363,0.000161269845381467,-0.0347566598813865,0.000160670172546746,-0.172692239547542,-3.78400574925497e-06
0.198220503195496,0.149230119207908,-0.00183889314692526,-0.861237364222282,0.000162416458647828,-0.0347568210816148,0.000161804465869557,-0.172693657658271,-3.66923811757208e-06
0.199595191804325,0.149230493304742,-0.00185173326720022,-0.861238003236953,0.000163571601083792,-0.0347569844658287,0.000162947038643136,-0.172695095145007,-3.55075369871255e-06
0.200979414082682,0.149230872287826,-0.00186466421965379,-0.861238651050683,0.000164735343479923,-0.0347571500627834,0.000164097956713058,-0.17269655226742,-3.42846668381289e-06
0.202373236147981,0.1492312562164,-0.00187768667017525,-0.861239307783356,0.000165907757346127,-0.0347573179015898,0.000165257286550328,-0.172698029288517,-3.3022894513797e-06
0.203776724576168,0.149231645150292,-0.00189080128997657,-0.861239973556458,0.000167088914920918,-0.0347574880117176,0.00016642509525899,-0.172699526474684,-3.17213253070436e-06
0.205189946404906,0.149232039149921,-0.00190400875564243,-0.861240648493095,0.000168278889180803,-0.0347576604229998,0.000167601450583855,-0.172701044095724,-3.03790456435485e-06
0.206612969136771,0.149232438276296,-0.00191730974918081,-0.86124133271801,0.000169477753849814,-0.034757835165636,0.00016878642091833,-0.172702582424897,-2.89951227010546e-06
0.208045860742482,0.14923284259102,-0.00193070495807415,-0.861242026357613,0.000170685583409188,-0.0347580122701964,0.000169980075312368,-0.17270414173896,-2.75686040208598e-06
0.209488689664142,0.149233252156289,-0.00194419507533112,-0.861242729539992,0.000171902453107145,-0.0347581917676254,0.000171182483480545,-0.172705722318206,-2.60985171108771e-06
0.210941524818514,0.149233667034896,-0.00195778079953896,-0.861243442394942,0.000173128438968899,-0.0347583736892457,0.000172393715810242,-0.172707324446506,-2.45838690423467e-06
0.212404435600306,0.149234087290233,-0.00197146283491639,-0.861244165053982,0.000174363617806726,-0.0347585580667622,0.000173613843369955,-0.172708948411352,-2.30236460384281e-06
0.21387749188549,0.149234512986288,-0.00198524189136721,-0.861244897650381,0.000175608067230215,-0.0347587449322654,0.000174842937917736,-0.172710594503894,-2.14168130538081e-06
0.215360764034637,0.149234944187648,-0.00199911868453435,-0.861245640319176,0.000176861865656673,-0.0347589343182361,0.000176081071909738,-0.172712263018984,-1.97623133476807e-06
0.21685432289628,0.1492353809595,-0.00201309393585471,-0.861246393197199,0.000178125092321711,-0.0347591262575485,0.000177328318508914,-0.172713954255219,-1.80590680476031e-06
0.218358239810298,0.149235823367631,-0.00202716837261451,-0.861247156423093,0.000179397827289896,-0.0347593207834744,0.000178584751593821,-0.172715668514982,-1.63059757053718e-06
0.21987258661132,0.14923627147843,-0.0020413427280053,-0.861247930137344,0.000180680151465669,-0.0347595179296875,0.000179850445767567,-0.172717406104484,-1.45019118445028e-06
0.22139743563216,0.149236725358885,-0.0020556177411806,-0.861248714482295,0.00018197214660433,-0.0347597177302668,0.000181125476366893,-0.172719167333809,-1.26457284980314e-06
0.222932859707273,0.149237185076585,-0.00206999415731325,-0.861249509602176,0.000183273895323247,-0.0347599202197009,0.000182409919471378,-0.172720952516956,-1.07362537393393e-06
0.224478932176229,0.149237650699719,-0.00208447272765329,-0.861250315643127,0.000184585481113183,-0.0347601254328918,0.000183703851912793,-0.172722761971882,-8.77229120219147e-07
0.22603572688722,0.149238122297075,-0.00209905420958656,-0.861251132753217,0.000185906988349837,-0.0347603334051592,0.000185007351284586,-0.172724596020549,-6.75261959261902e-07
0.227603318200585,0.149238599938041,-0.00211373936669404,-0.861251961082474,0.000187238502305493,-0.0347605441722439,0.000186320495951511,-0.172726454988966,-4.67599219133169e-07
0.229181780992365,0.149239083692603,-0.00212852896881172,-0.861252800782908,0.000188580109160872,-0.0347607577703124,0.000187643365059402,-0.17272833920723,-2.54113634665792e-07
0.230771190657875,0.149239573631342,-0.00214342379209125,-0.861253652008535,0.000189931896017164,-0.0347609742359607,0.000188976038545085,-0.172730249009581,-3.46752957701424e-08
0.23237162311531,0.149240069825435,-0.0021584246190613,-0.861254514915401,0.000191293950908228,-0.0347611936062182,0.000190318597146444,-0.172732184734436,1.9084840517658e-07
0.233983154809368,0.149240572346652,-0.00217353223868945,-0.861255389661611,0.000192666362812921,-0.0347614159185517,0.000191671122412633,-0.172734146724442,4.22592827016566e-07
0.235605862714901,0.149241081267354,-0.00218874744644503,-0.861256276407351,0.000194049221667682,-0.0347616412108698,0.00019303369671444,-0.172736135326519,6.60696134434369e-07
0.237239824340596,0.149241596660493,-0.00220407104436245,-0.861257175314916,0.000195442618379239,-0.0347618695215264,0.000194406403254805,-0.172738150891905,9.05299353672756e-07
0.238885117732672,0.149242118599603,-0.00221950384110538,-0.861258086548735,0.000196846644837522,-0.0347621008893252,0.000195789326079493,-0.172740193776207,1.15654642922347e-06
0.240541821478611,0.149242647158805,-0.0022350466520316,-0.861259010275402,0.000198261393928752,-0.0347623353535234,0.000197182550087927,-0.172742264339442,1.4145842816525e-06
0.242210014710909,0.149243182412797,-0.0022507002992586,-0.861259946663694,0.000199686959548724,-0.0347625729538359,0.000198586161044179,-0.172744362946088,1.67956286646967e-06
0.24388977711086,0.149243724436857,-0.00226646561172993,-0.861260895884608,0.000201123436616261,-0.0347628137304393,0.000200000245588125,-0.172746489965129,1.95163523414657e-06
0.24558118891236,0.149244273306832,-0.00228234342528222,-0.861261858111381,0.000202570921086886,-0.0347630577239758,0.00020142489124676,-0.172748645770104,2.23095759114764e-06
0.247284330905736,0.14924482909914,-0.00229833458271314,-0.861262833519522,0.000204029509966673,-0.0347633049755577,0.000202860186445695,-0.172750830739155,2.51768936224833e-06
0.24899928444161,0.149245391890759,-0.00231443993384988,-0.861263822286838,0.000205499301326276,-0.0347635555267705,0.000204306220520802,-0.172753045255072,2.81199325383868e-06
0.250726131434783,0.149245961759229,-0.00233066033561859,-0.861264824593464,0.000206980394315189,-0.0347638094196779,0.000205763083730048,-0.172755289705345,3.114035318625e-06
0.252464954368146,0.149246538782642,-0.00234699665211452,-0.86126584062189,0.000208472889176177,-0.0347640666968252,0.0002072308672655,-0.172757564482212,3.42398502132385e-06
0.254215836296621,0.149247123039638,-0.00236344975467292,-0.861266870556991,0.000209976887259947,-0.0347643274012433,0.00020870966326549,-0.172759869982706,3.74201530563625e-06
0.25597886085113,0.149247714609395,-0.00238002052194082,-0.861267914586057,0.000211492491039951,-0.0347645915764529,0.000210199564826995,-0.172762206608704,4.0683026625507e-06
0.257754112242586,0.149248313571631,-0.00239670983994951,-0.86126897289882,0.00021301980412749,-0.0347648592664686,0.000211700666018154,-0.172764574766979,4.40302719973903e-06
0.259541675265918,0.149248920006587,-0.0024135186021879,-0.861270045687488,0.000214558931286957,-0.0347651305158021,0.000213213061891013,-0.172766974869246,4.74637271242681e-06
0.261341635304121,0.149249533995025,-0.00243044770967666,-0.86127113314677,0.000216109978451291,-0.034765405369467,0.000214736848494416,-0.172769407332213,5.09852675533232e-06
0.263154078332332,0.149250155618222,-0.00244749807104317,-0.861272235473912,0.000217673052737699,-0.0347656838729822,0.000216272122887115,-0.172771872577633,5.45968071615291e-06
0.26497909092194,0.149250784957955,-0.00246467060259736,-0.861273352868725,0.000219248262463558,-0.0347659660723758,0.00021781898315106,-0.17277437103235,5.83002989023446e-06
0.266816760244719,0.149251422096498,-0.00248196622840828,-0.861274485533617,0.000220835717162499,-0.0347662520141892,0.000219377528404876,-0.172776903128353,6.20977355663549e-06
0.268667174076992,0.149252067116608,-0.00249938588038161,-0.861275633673623,0.000222435527600786,-0.0347665417454806,0.000220947858817555,-0.172779469302822,6.59911505570057e-06
0.270530420803823,0.149252720101521,-0.00251693049833799,-0.861276797496439,0.00022404780579385,-0.0347668353138291,0.000222530075622321,-0.172782069998184,6.99826186775776e-06
0.27240658942324,0.149253381134935,-0.00253460103009219,-0.861277977212455,0.000225672665023102,-0.0347671327673382,0.000224124281130727,-0.17278470566216,7.40742569361325e-06
0.274295769550488,0.149254050301003,-0.00255239843153314,-0.861279173034784,0.000227310219852908,-0.0347674341546397,0.000225730578746932,-0.172787376747814,7.82682253615968e-06
0.276198051422303,0.14925472768432,-0.00257032366670486,-0.8612803851793,0.000228960586147853,-0.0347677395248973,0.000227349072982191,-0.172790083713609,8.25667278370884e-06
0.278113525901229,0.149255413369911,-0.00258837770788823,-0.861281613864664,0.000230623881090204,-0.0347680489278102,0.000228979869469563,-0.172792827023455,8.697201294601e-06
0.280042284479955,0.149256107443218,-0.00260656153568368,-0.861282859312366,0.000232300223197604,-0.034768362413617,0.000230623074978823,-0.17279560714676,9.14863748358724e-06
0.281984419285683,0.149256809990089,-0.00262487613909471,-0.861284121746754,0.000233989732341015,-0.0347686800330988,0.000232278797431584,-0.172798424558482,9.61121540950238e-06
0.283940023084533,0.149257521096758,-0.0026433225156124,-0.861285401395069,0.000235692529762868,-0.0347690018375831,0.000233947145916647,-0.172801279739178,1.00851738646102e-05
0.285909189285972,0.149258240849839,-0.00266190167130072,-0.861286698487482,0.00023740873809551,-0.0347693278789472,0.000235628230705571,-0.17280417317506,1.05707564657248e-05
0.287892011947275,0.149258969336302,-0.0026806146208828,-0.861288013257124,0.000239138481379809,-0.0347696582096214,0.000237322163268449,-0.172807105358041,1.10682117465052e-05
0.289888585778017,0.149259706643463,-0.00269946238782813,-0.861289345940128,0.000240881885084076,-0.0347699928825925,0.000239029056289929,-0.17281007678579,1.15777932518379e-05
0.291899006144599,0.149260452858963,-0.00271844600444061,-0.861290696775659,0.000242639076123157,-0.0347703319514072,0.00024074902368545,-0.172813087961782,1.20997596336422e-05
0.293923369074803,0.149261208070754,-0.0027375665119476,-0.861292066005955,0.000244410182877871,-0.0347706754701753,0.000242482180617716,-0.172816139395348,1.26343747484103e-05
0.295961771262377,0.149261972367079,-0.00275682496058985,-0.861293453876361,0.000246195335214585,-0.0347710234935724,0.000244228643513394,-0.172819231601728,1.31819077564613e-05
0.298014310071653,0.149262745836454,-0.00277622240971238,-0.861294860635364,0.000247994664505114,-0.0347713760768439,0.000245988530080061,-0.172822365102122,1.37426332229781e-05
0.300081083542203,0.149263528567645,-0.00279575992785628,-0.861296286534636,0.000249808303646831,-0.0347717332758072,0.000247761959323366,-0.172825540423742,1.43168312206898e-05
0.302162190393513,0.149264320649654,-0.00281543859285151,-0.861297731829064,0.000251636387083054,-0.0347720951468551,0.000249549051564471,-0.172828758099859,1.49047874344888e-05
0.304257730029708,0.149265122171689,-0.00283525949191058,-0.861299196776797,0.000253479050823676,-0.0347724617469584,0.00025134992845769,-0.172832018669859,1.55067932677624e-05
0.306367802544292,0.149265933223148,-0.00285522372172319,-0.861300681639278,0.000255336432466067,-0.0347728331336689,0.000253164713008415,-0.172835322679292,1.61231459506264e-05
0.308492508724934,0.149266753893595,-0.00287533238855187,-0.861302186681282,0.00025720867121617,-0.034773209365122,0.000254993529591255,-0.172838670679919,1.67541486499195e-05
0.31063195005828,0.149267584272733,-0.00289558660832859,-0.861303712170963,0.000259095907909962,-0.0347735905000395,0.000256836503968465,-0.172842063229769,1.74001105812602e-05
0.312786228734801,0.149268424450382,-0.0029159875067522,-0.861305258379885,0.000260998285035081,-0.0347739765977317,0.000258693763308584,-0.172845500893184,1.80613471228164e-05
0.314955447653674,0.14926927451645,-0.002936536219387,-0.861306825583066,0.000262915946752752,-0.0347743677181,0.000260565436205373,-0.17284898424087,1.87381799311923e-05
0.317139710427697,0.14927013456091,-0.00295723389176224,-0.861308414059019,0.000264849038919979,-0.0347747639216395,0.000262451652696984,-0.172852513849951,1.94309370592019e-05
0.319339121388238,0.149271004673769,-0.00297808167947245,-0.861310024089793,0.000266797709112006,-0.0347751652694408,0.000264352544285395,-0.172856090304011,2.01399530756693e-05
0.321553785590219,0.14927188494504,-0.00299908074827895,-0.861311655961012,0.000268762106644999,-0.0347755718231921,0.000266268243956125,-0.17285971419315,2.08655691871923e-05
0.323783808817133,0.149272775464713,-0.00302023227421222,-0.861313309961918,0.000270742382599045,-0.0347759836451816,0.000268198886198191,-0.172863386114028,2.16081333620222e-05
0.326029297586097,0.149273676322721,-0.00304153744367518,-0.861314986385412,0.000272738689841415,-0.0347764007982988,0.000270144607024356,-0.172867106669917,2.23680004560814e-05
0.328290359152942,0.14927458760891,-0.00306299745354769,-0.861316685528101,0.000274751183050041,-0.0347768233460365,0.00027210554399164,-0.172870876470746,2.3145532340868e-05
0.330567101517332,0.149275509413008,-0.00308461351129169,-0.861318407690335,0.000276780018737311,-0.0347772513524924,0.000274081836222093,-0.172874696133154,2.39410980336849e-05
0.332859633427924,0.149276441824584,-0.00310638683505762,-0.861320153176253,0.000278825355274147,-0.0347776848823704,0.000276073624423871,-0.172878566280528,2.47550738300337e-05
0.335168064387565,0.14927738493302,-0.00312831865379162,-0.861321922293829,0.000280887352914296,-0.0347781240009822,0.000278081050912569,-0.172882487543059,2.55878434380769e-05
0.337492504658521,0.149278338827468,-0.0031504102073438,-0.861323715354911,0.000282966173818906,-0.0347785687742479,0.000280104259632835,-0.172886460557784,2.64397981152922e-05
0.339833065267741,0.149279303596815,-0.00317266274657749,-0.861325532675272,0.000285061982081464,-0.0347790192686977,0.000282143396180291,-0.172890485968631,2.73113368075908e-05
0.342189858012163,0.149280279329643,-0.0031950775334794,-0.86132737457465,0.000287174943752824,-0.0347794755514723,0.000284198607823705,-0.172894564426465,2.82028662904471e-05
0.344562995464054,0.149281266114188,-0.00321765584127078,-0.861329241376797,0.000289305226866685,-0.0347799376903234,0.000286270043527476,-0.172898696589135,2.91148013124159e-05
0.346952590976386,0.1492822640383,-0.0032403989545196,-0.861331133409521,0.000291453001465252,-0.034780405753615,0.000288357853974405,-0.172902883121513,3.00475647410578e-05
0.349358758688252,0.149283273189394,-0.0032633081692536,-0.861333051004738,0.000293618439625165,-0.0347808798103229,0.000290462191588748,-0.172907124695541,3.10015877111047e-05
0.351781613530314,0.149284293654414,-0.00328638479307443,-0.861334994498516,0.000295801715483743,-0.0347813599300351,0.000292583210559573,-0.172911421990271,3.19773097749859e-05
0.354221271230298,0.149285325519778,-0.00330963014527257,-0.86133696423112,0.00029800300526547,-0.0347818461829523,0.000294721066864409,-0.172915775691909,3.2975179055858e-05
0.356677848318515,0.149286368871337,-0.00333304555694341,-0.861338960547066,0.000300222487308734,-0.0347823386398867,0.000296875918293185,-0.172920186493853,3.39956524029322e-05
0.359151462133436,0.149287423794322,-0.0033566323711041,-0.861340983795164,0.000302460342092876,-0.0347828373722624,0.000299047924472494,-0.172924655096736,3.50391955494314e-05
0.361642230827288,0.149288490373294,-0.00338039194281143,-0.861343034328569,0.00030471675226551,-0.0347833424521145,0.000301237246890121,-0.172929182208463,3.61062832728229e-05
0.364150273371703,0.149289568692094,-0.00340432563928068,-0.861345112504829,0.000306991902670056,-0.0347838539520879,0.000303444048919911,-0.172933768544249,3.71973995576882e-05
0.366675709563398,0.149290658833787,-0.00342843484000527,-0.861347218685939,0.000309285980373612,-0.0347843719454369,0.000305668495846916,-0.172938414826657,3.83130377611812e-05
0.369218660029898,0.149291760880606,-0.00345272093687746,-0.861349353238385,0.000311599174695056,-0.0347848965060233,0.000307910754892861,-0.172943121785636,3.94537007808171e-05
0.371779246235299,0.149292874913897,-0.00347718533430988,-0.861351516533201,0.000313931677233419,-0.0347854277083152,0.000310170995241908,-0.172947890158552,4.06199012250724e-05
0.374357590486067,0.149294001014061,-0.00350182944935802,-0.861353708946016,0.000316283681896509,-0.034785965627385,0.000312449388066748,-0.172952720690223,4.18121615865102e-05
0.376953815936883,0.14929513926049,-0.00352665471184353,-0.861355930857109,0.000318655384929839,-0.0347865103389077,0.000314746106554979,-0.172957614132957,4.30310144175217e-05
0.379568046596523,0.149296289731507,-0.0035516625644785,-0.861358182651457,0.000321046984945821,-0.0347870619191582,0.000317061325935814,-0.172962571246574,4.42770025087802e-05
0.382200407333782,0.149297452504302,-0.00357685446299051,-0.861360464718795,0.000323458682953116,-0.034787620445009,0.000319395223507092,-0.172967592798444,4.55506790702775e-05
0.384851023883439,0.149298627654866,-0.00360223187624862,-0.861362777453661,0.000325890682386375,-0.0347881859939275,0.000321747978662605,-0.172972679563516,4.68526079151627e-05
0.387520022852263,0.149299815257923,-0.00362779628639013,-0.861365121255457,0.000328343189136219,-0.0347887586439725,0.000324119772919747,-0.172977832324337,4.81833636463494e-05
0.390207531725059,0.14930101538686,-0.00365354918894821,-0.8613674965285,0.000330816411579369,-0.0347893384737912,0.000326510789947464,-0.172983051871091,4.95435318457055e-05
0.392913678870758,0.149302228113657,-0.00367949209298035,-0.861369903682078,0.000333310560609111,-0.0347899255626152,0.000328921215594526,-0.17298833900161,5.09337092661627e-05
0.395638593548549,0.14930345350881,-0.00370562652119756,-0.861372343130506,0.000335825849666061,-0.0347905199902568,0.000331351237918126,-0.172993694521408,5.23545040266027e-05
0.398382405914052,0.149304691641261,-0.00373195401009439,-0.861374815293181,0.000338362494769082,-0.0347911218371045,0.00033380104721278,-0.172999119243696,5.38065358095599e-05
0.401145247025537,0.149305942578314,-0.00375847611007968,-0.86137732059464,0.000340920714546451,-0.0347917311841184,0.000336270836039548,-0.173004613989406,5.52904360616585e-05
0.403927248850181,0.149307206385559,-0.00378519438560808,-0.861379859464618,0.000343500730267347,-0.0347923481128251,0.000338760799255577,-0.173010179587204,5.6806848197137e-05
0.406728544270374,0.149308483126791,-0.0038121104153123,-0.861382432338102,0.000346102765873522,-0.0347929727053127,0.000341271134043964,-0.17301581687351,5.83564278039891e-05
0.409549267090063,0.149309772863924,-0.00383922579213597,-0.861385039655397,0.00034872704801122,-0.0347936050442249,0.000343802039943914,-0.173021526692512,5.9939842853178e-05
0.412389552041149,0.149311075656902,-0.00386654212346732,-0.861387681862178,0.000351373806063308,-0.0347942452127551,0.000346353718881253,-0.173027309896176,6.15577739108003e-05
0.415249534789915,0.149312391563618,-0.00389406103127339,-0.861390359409552,0.000354043272181678,-0.0347948932946399,0.000348926375199204,-0.173033167344259,6.32109143529208e-05
0.418129351943512,0.149313720639815,-0.00392178415223493,-0.86139307275412,0.000356735681319879,-0.0347955493741525,0.000351520215689543,-0.173039099904316,6.4899970583808e-05
0.421029141056481,0.149315062938999,-0.0039497131378819,-0.861395822358039,0.000359451271265861,-0.0347962135360954,0.000354135449623999,-0.173045108451705,6.66256622565767e-05
0.423949040637325,0.149316418512339,-0.00397784965472953,-0.861398608689079,0.000362190282675128,-0.034796885865793,0.000356772288786027,-0.173051193869593,6.83887224973007e-05
0.426889190155123,0.149317787408573,-0.00400619538441497,-0.861401432220689,0.00036495295910393,-0.0347975664490833,0.000359430947502859,-0.173057357048957,7.01898981319352e-05
0.429849730046193,0.149319169673904,-0.0040347520238344,-0.861404293432061,0.000367739547042754,-0.0347982553723101,0.000362111642677874,-0.173063598888582,7.20299499161192e-05
0.432830801720801,0.149320565351899,-0.00406352128528065,-0.86140719280819,0.000370550295950005,-0.0347989527223136,0.000364814593823273,-0.173069920295058,7.39096527682045e-05
0.435832547569911,0.149321974483383,-0.0040925048965813,-0.861410130839941,0.000373385458285878,-0.0347996585864216,0.000367540023093072,-0.173076322182776,7.58297960051849e-05
0.438855110971994,0.149323397106332,-0.00412170460123723,-0.861413108024114,0.000376245289546433,-0.0348003730524396,0.000370288155316389,-0.173082805473917,7.77911835817754e-05
0.441898636299867,0.149324833255761,-0.0041511221585615,-0.86141612486351,0.000379130048297836,-0.0348010962086406,0.000373059218031037,-0.173089371098442,7.97946343324071e-05
0.444963268927599,0.149326282963611,-0.00418075934381858,-0.861419181866996,0.000382039996210851,-0.0348018281437547,0.000375853441517413,-0.173096019994079,8.18409822163635e-05
0.448049155237445,0.149327746258633,-0.00421061794836396,-0.861422279549574,0.000384975398095424,-0.0348025689469577,0.00037867105883269,-0.173102753106304,8.39310765659712e-05
0.451156442626847,0.14932922316627,-0.00424069977978403,-0.861425418432448,0.000387936521935511,-0.0348033187078597,0.000381512305845311,-0.173109571388324,8.60657823379268e-05
0.454285279515466,0.149330713708535,-0.00427100666203614,-0.861428599043095,0.000390923638924026,-0.034804077516493,0.000384377421269741,-0.173116475801051,8.82459803673852e-05
0.457435815352278,0.149332217903886,-0.00430154043558893,-0.861431821915331,0.000393937023498016,-0.0348048454632995,0.000387266646701548,-0.17312346731308,9.04725676255519e-05
0.46060820062271,0.149333735767099,-0.00433230295756276,-0.861435087589384,0.000396976953373894,-0.0348056226391174,0.000390180226652739,-0.173130546900655,9.27464574800585e-05
0.463802586855826,0.149335267309138,-0.00436329610187033,-0.861438396611967,0.000400043709582947,-0.0348064091351675,0.000393118408587393,-0.17313771554764,9.50685799585016e-05
0.467019126631568,0.149336812537025,-0.00439452175935726,-0.861441749536344,0.000403137576506868,-0.0348072050430392,0.000396081442957545,-0.173144974245483,9.74398820150074e-05
0.470257973588042,0.149338371453697,-0.00442598183794278,-0.86144514692241,0.0004062588419135,-0.0348080104546756,0.000399069583239378,-0.173152323993174,9.98613277998772e-05
0.473519282428857,0.149339944057873,-0.00445767826276039,-0.861448589336761,0.000409407796992715,-0.034808825462358,0.00040208308596964,-0.173159765797205,0.000102333898932307
0.476803208930514,0.14934153034391,-0.00448961297629832,-0.861452077352769,0.000412584736392371,-0.0348096501586903,0.000405122210782351,-0.17316730067152,0.000104858594776089
0.480109909949849,0.149343130301659,-0.00452178793854007,-0.861455611550658,0.000415789958254406,-0.0348104846365819,0.000408187220445748,-0.173174929637468,0.000107436432718433
0.483439543431522,0.149344743916313,-0.00455420512710454,-0.861459192517582,0.000419023764251115,-0.034811328989231,0.00041127838089949,-0.173182653723745,0.000110068448451697
0.486792268415562,0.149346371168259,-0.00458686653738615,-0.861462820847699,0.000422286459621373,-0.0348121833101066,0.000414395961292099,-0.173190473966337,0.000112755696258245
0.490168245044966,0.149348012032923,-0.00461977418269442,-0.861466497142253,0.000425578353207133,-0.0348130476929302,0.000417540234018638,-0.17319839140846,0.00011549924929817
0.493567634573345,0.14934966648061,-0.00465293009439343,-0.861470222009654,0.000428899757489949,-0.0348139222316566,0.000420711474758627,-0.173206407100485,0.000118300199900147
0.496990599372628,0.149351334476346,-0.00468633632204075,-0.861473996065553,0.00043225098862747,-0.0348148070204544,0.000423909962514164,-0.173214522099878,0.000121159659854972
0.500437302940819,0.14935301597971,-0.00471999493352582,-0.861477819932929,0.000435632366490198,-0.0348157021536852,0.000427135979648274,-0.173222737471113,0.000124078760712291
0.503907909909802,0.14935471094467,-0.004753908015208,-0.861481694242172,0.000439044214698248,-0.034816607725883,0.00043038981192347,-0.173231054285601,0.00012705865408015
0.50740258605321,0.149356419319408,-0.00478807767205389,-0.861485619631161,0.000442486860658068,-0.0348175238317322,0.000433671748540499,-0.173239473621598,0.000130100511927224
0.510921498294339,0.149358141046146,-0.00482250602777389,-0.861489596745354,0.000445960635599419,-0.0348184505660449,0.000436982082177281,-0.173247996564119,0.000133205526888232
0.514464814714125,0.149359876060973,-0.00485719522495831,-0.861493626237873,0.000449465874612143,-0.0348193880237382,0.000440321109028045,-0.173256624204843,0.000136374912571804
0.518032704559168,0.149361624293657,-0.00489214742521234,-0.86149770876959,0.000453002916683303,-0.0348203362998096,0.000443689128842608,-0.17326535764201,0.000139609903871331
0.52162533824982,0.149363385667462,-0.00492736480929041,-0.861501845009215,0.000456572104733991,-0.0348212954893132,0.000447086444965838,-0.173274197980321,0.000142911757278361
0.525242887388322,0.149365160098962,-0.00496284957722947,-0.861506035633387,0.000460173785656486,-0.0348222656873331,0.000450513364377274,-0.173283146330825,0.000146281751199004
0.528885524767003,0.149366947497848,-0.00499860394848128,-0.861510281326765,0.000463808310351251,-0.0348232469889584,0.00045397019773086,-0.173292203810802,0.000149721186272517
0.532553424376533,0.14936874776673,-0.00503463016204355,-0.861514582782118,0.000467476033763972,-0.0348242394892553,0.000457457259394836,-0.173301371543643,0.000153231385692891
0.536246761414231,0.14937056080094,-0.00507093047659007,-0.86151894070042,0.000471177314922657,-0.0348252432832395,0.000460974867491727,-0.173310650658727,0.00015681369553254
0.539965712292437,0.149372386488329,-0.00510750717059931,-0.861523355790945,0.000474912516974707,-0.034826258465848,0.000464523343938461,-0.17332004229128,0.000160469485069044
0.543710454646936,0.149374224709063,-0.00514436254248206,-0.861527828771361,0.000478682007223997,-0.0348272851319092,0.000468103014486564,-0.173329547582244,0.000164200147113686
0.547481167345445,0.149376075335407,-0.00518149891070715,-0.861532360367834,0.000482486157167891,-0.0348283233761127,0.000471714208762433,-0.173339167678131,0.000168007098342762
0.551278030496154,0.149377938231517,-0.00521891861392622,-0.861536951315115,0.000486325342534365,-0.0348293732929785,0.000475357260307705,-0.173348903730869,0.000171891779631082
0.55510122545633,0.14937981325322,-0.00525662401109649,-0.861541602356655,0.000490199943319003,-0.0348304349768246,0.000479032506619652,-0.173358756897647,0.000175855656387537
0.558950934840979,0.149381700247796,-0.00529461748160202,-0.861546314244695,0.000494110343821932,-0.0348315085217345,0.000482740289191624,-0.173368728340752,0.00017990021889306
0.56282734253157,0.149383599053748,-0.0053329014253732,-0.861551087740378,0.000498056932684923,-0.0348325940215231,0.000486480953553524,-0.173378819227401,0.000184026982640369
0.566730633684818,0.14938550950058,-0.00537147826300436,-0.861555923613848,0.000502040102928265,-0.0348336915697026,0.000490254849312301,-0.173389030729558,0.00018823748867601
0.570660994741526,0.14938743140856,-0.00541035043586947,-0.861560822644364,0.00050606025198768,-0.0348348012594464,0.000494062330192426,-0.173399364023758,0.000192533303944122
0.574618613435493,0.149389364588486,-0.00544952040623572,-0.861565785620401,0.000510117781751182,-0.0348359231835531,0.000497903754076337,-0.173409820290911,0.000196916021631813
0.578603678802477,0.149391308841448,-0.00548899065737508,-0.861570813339765,0.000514213098595933,-0.0348370574344089,0.000501779483044879,-0.173420400716107,0.000201387261516764
0.582616381189231,0.149393263958582,-0.00552876369367355,-0.861575906609706,0.000518346613424991,-0.0348382041039492,0.000505689883417667,-0.173431106488412,0.000205948670315953
0.586656912262587,0.149395229720827,-0.00556884204073809,-0.861581066247029,0.000522518741704052,-0.0348393632836195,0.000509635325793385,-0.173441938800654,0.000210601922036188
0.590725465018618,0.14939720589867,-0.00560922824550119,-0.861586293078212,0.000526729903498148,-0.0348405350643351,0.000513616185089984,-0.173452898849203,0.000215348718325875
0.594822233791852,0.149399192251895,-0.00564992487632281,-0.861591587939522,0.000530980523508265,-0.03484171953644,0.000517632840584797,-0.173463987833748,0.000220190788828317
0.598947414264556,0.149401188529325,-0.00569093452308982,-0.861596951677139,0.000535271031107943,-0.0348429167896644,0.0005216856759545,-0.173475206957057,0.000225129891535752
0.603101203476082,0.149403194468559,-0.00573225979731262,-0.861602385147273,0.000539601860379779,-0.0348441269130818,0.000525775079314954,-0.173486557424737,0.000230167813145082
0.607283799832281,0.149405209795706,-0.00577390333221894,-0.861607889216291,0.000543973450152006,-0.0348453499950647,0.000529901443260848,-0.173498040444983,0.000235306369413907
0.611495403114975,0.14940723422512,-0.0058158677828448,-0.861613464760842,0.000548386244034849,-0.0348465861232395,0.00053406516490519,-0.173509657228318,0.00024054740551778
0.615736214491506,0.149409267459124,-0.0058581558261223,-0.861619112667988,0.00055284069045701,-0.0348478353844399,0.000538266645918565,-0.173521408987327,0.000245892796407993
0.620006436524339,0.149411309187737,-0.00590077016096441,-0.861624833835331,0.000557337242702002,-0.0348490978646603,0.000542506292568173,-0.173533296936379,0.000251344447169732
0.624306273180741,0.14941335908839,-0.00594371350834636,-0.861630629171149,0.000561876358944492,-0.0348503736490067,0.000546784515756625,-0.173545322291347,0.000256904293381044
0.628635929842521,0.149415416825649,-0.00598698861138383,-0.861636499594528,0.000566458502286669,-0.0348516628216481,0.000551101731060442,-0.173557486269311,0.000262574301471377
0.632995613315842,0.149417482050924,-0.00603059823540758,-0.861642446035505,0.000571084140794525,-0.0348529654657657,0.000555458358768288,-0.173569790088259,0.000268356469080952
0.637385531841099,0.14941955440218,-0.00607454516803453,-0.861648469435204,0.000575753747534141,-0.0348542816635013,0.000559854823918849,-0.173582234966772,0.000274252825419374
0.641805895102865,0.149421633503644,-0.00611883221923523,-0.861654570745982,0.000580467800608036,-0.0348556114959052,0.000564291556338399,-0.173594822123712,0.000280265431624238
0.646256914239905,0.149423718965511,-0.00616346222139748,-0.861660750931573,0.000585226783191447,-0.0348569550428823,0.000568768990677985,-0.173607552777887,0.000286396381119672
0.650738801855265,0.149425810383639,-0.00620843802938602,-0.861667010967236,0.000590031183568637,-0.0348583123831373,0.000573287566450201,-0.173620428147713,0.000292647799973511
0.655251772026422,0.14942790733925,-0.00625376252059842,-0.861673351839907,0.000594881495169439,-0.0348596835941193,0.000577847728065586,-0.173633449450869,0.00029902184725436
0.659796040315516,0.14943000939862,-0.00629943859501659,-0.861679774548353,0.000599778216605489,-0.0348610687519647,0.000582449924868522,-0.17364661790394,0.000305520715387267
0.664371823779638,0.149432116112774,-0.00634546917525428,-0.861686280103332,0.000604721851706888,-0.0348624679314389,0.000587094611172707,-0.173659934722047,0.000312146630508339
0.668979340981204,0.14943422701717,-0.00639185720660023,-0.861692869527746,0.000609712909558753,-0.0348638812058781,0.000591782246296111,-0.173673401118474,0.000318901852818104
0.673618811998395,0.149436341631385,-0.00643860565705678,-0.861699543856811,0.000614751904537976,-0.0348653086471282,0.000596513294595393,-0.173687018304278,0.000325788676933017
0.678290458435663,0.149438459458794,-0.00648571751737408,-0.861706304138218,0.000619839356349988,-0.0348667503254842,0.000601288225499803,-0.173700787487896,0.00033280943223539
0.682994503434323,0.149440579986253,-0.00653319580107965,-0.861713151432307,0.000624975790065915,-0.0348682063096273,0.00060610751354446,-0.173714709874735,0.000339966483221224
0.687731171683206,0.149442702683772,-0.0065810435445031,-0.861720086812238,0.000630161736159596,-0.0348696766665617,0.000610971638403041,-0.17372878666676,0.000347262229845685
0.692500689429393,0.149444827004188,-0.006629263806796,-0.861727111364164,0.000635397730545148,-0.0348711614615502,0.000615881084919828,-0.173743019062061,0.00035469910786623
0.697303284489026,0.149446952382838,-0.00667785966994707,-0.861734226187417,0.000640684314614497,-0.034872660758048,0.00062083634314109,-0.17375740825442,0.000362279589183043
0.70213918625818,0.149449078237224,-0.00672683423879193,-0.861741432394686,0.000646022035275411,-0.0348741746176361,0.000625837908345763,-0.173771955432862,0.000370006182176377
0.70700862572383,0.149451203966682,-0.00677619064101799,-0.861748731112207,0.000651411444989529,-0.0348757030999534,0.000630886281075395,-0.173786661781193,0.000377881432040747
0.71191183547488,0.149453328952044,-0.00682593202716398,-0.861756123479951,0.000656853101811149,-0.0348772462626278,0.000635981967163336,-0.173801528477538,0.000385907921115702
0.716849049713269,0.149455452555298,-0.00687606157061413,-0.861763610651819,0.000662347569426049,-0.0348788041612059,0.000641125477763152,-0.173816556693853,0.000394088269212833
0.721820504265165,0.149457574119248,-0.00692658246758701,-0.861771193795845,0.000667895417190853,-0.0348803768490815,0.000646317329376186,-0.173831747595441,0.000402425133938719
0.726826436592224,0.149459692967174,-0.00697749793711872,-0.861778874094391,0.000673497220172903,-0.0348819643774239,0.000651558043878291,-0.173847102340445,0.000410921211013673
0.731867085802933,0.149461808402484,-0.00702881122104055,-0.861786652744359,0.000679153559190529,-0.034883566795104,0.000656848148545675,-0.17386262207934,0.000419579234586021
0.736942692664033,0.149463919708368,-0.00708052558395094,-0.861794530957398,0.000684865020854082,-0.0348851841486199,0.000662188176079813,-0.173878307954405,0.000428401977541293
0.742053499612018,0.149466026147451,-0.00713264431318164,-0.861802509960122,0.000690632197607233,-0.0348868164820215,0.000667578664631446,-0.173894161099194,0.000437392251806737
0.747199750764715,0.149468126961443,-0.0071851707187579,-0.861810590994326,0.00069645568776934,-0.0348884638368337,0.000673020157823519,-0.173910182637984,0.000446552908649658
0.752381691932944,0.14947022137079,-0.00723810813335299,-0.861818775317213,0.000702336095578245,-0.0348901262519788,0.000678513204773227,-0.173926373685223,0.000455886838971048
0.757599570632259,0.149472308574319,-0.00729145991223634,-0.861827064201621,0.000708274031233878,-0.0348918037636977,0.000684058360112881,-0.17394273534496,0.000465396973592297
0.762853636094773,0.149474387748887,-0.00734522943321598,-0.861835458936255,0.000714270110942897,-0.03489349640547,0.000689656184009793,-0.173959268710266,0.000475086283535847
0.768144139281058,0.149476458049028,-0.00739942009657445,-0.861843960825923,0.000720324956963961,-0.0348952042079337,0.000695307242184985,-0.173975974862643,0.000484957780299528
0.773471332892138,0.149478518606593,-0.00745403532499879,-0.861852571191784,0.000726439197654215,-0.0348969271988027,0.000701012105930784,-0.173992854871426,0.00049501451612334
0.778835471381553,0.149480568530404,-0.00750907856350412,-0.861861291371591,0.000732613467516692,-0.0348986654027846,0.000706771352127227,-0.174009909793164,0.000505259584249323
0.784236810967519,0.149482606905889,-0.00756455327935083,-0.861870122719944,0.000738848407248791,-0.0349004188414967,0.000712585563257229,-0.174027140671004,0.000515696119173514
0.78967560964516,0.14948463279473,-0.00762046296195558,-0.861879066608548,0.000745144663792136,-0.034902187533381,0.000718455327420542,-0.174044548534047,0.000526327296890089
0.795152127198837,0.149486645234509,-0.00767681112279568,-0.861888124426476,0.000751502890383504,-0.034903971493619,0.000724381238346394,-0.17406213439671,0.000537156335127117
0.800666625214554,0.149488643238347,-0.00773360129530706,-0.861897297580438,0.000757923746607263,-0.0349057707340448,0.000730363895404848,-0.174079899258063,0.00054818649357366
0.806219367092452,0.149490625794552,-0.00779083703477588,-0.861906587495053,0.000764407898449206,-0.0349075852630574,0.000736403903616773,-0.174097844101163,0.000559421074097483
0.811810618059391,0.149492591866262,-0.00784852191822335,-0.861915995613127,0.000770956018351955,-0.0349094150855326,0.000742501873662464,-0.174115969892373,0.00057086342095404
0.817440645181619,0.149494540391091,-0.00790665954428417,-0.861925523395942,0.000777568785271875,-0.0349112602027339,0.000748658421888829,-0.174134277580675,0.000582516920985016
0.823109717377527,0.149496470280773,-0.00796525353307841,-0.861935172323541,0.000784246884738007,-0.0349131206122217,0.000754874170315144,-0.174152768096963,0.000594385003807152
0.828818105430497,0.149498380420809,-0.00802430752607668,-0.861944943895028,0.000790991008912507,-0.0349149963077629,0.000761149746637305,-0.174171442353337,0.0006064711419905
0.834566082001833,0.149500269670117,-0.0080838251859588,-0.861954839628869,0.000797801856653291,-0.034916887279239,0.000767485784230592,-0.174190301242375,0.000618778851225577
0.840353921643785,0.149502136860682,-0.00814381019646584,-0.8619648610632,0.000804680133578567,-0.0349187935125537,0.000773882922150862,-0.174209345636403,0.000631311690479641
0.846181900812664,0.1495039807972,-0.00820426626224553,-0.86197500975614,0.000811626552133633,-0.0349207149895395,0.000780341805134176,-0.174228576386749,0.000644073262140984
0.852050297882047,0.149505800256739,-0.00826519710869124,-0.861985287286116,0.000818641831659916,-0.0349226516878638,0.000786863083594836,-0.174247994322989,0.000657067212151502
0.857959393156072,0.149507593988388,-0.00832660648177415,-0.861995695252183,0.000825726698466464,-0.0349246035809345,0.000793447413621746,-0.174267600252185,0.000670297230126626
0.863909468882829,0.149509360712915,-0.00838849814786924,-0.86200623527436,0.000832881885903906,-0.0349265706378041,0.000800095456973131,-0.174287394958107,0.000683767049462713
0.86990080926784,0.149511099122425,-0.00845087589357435,-0.862016908993973,0.000840108134441055,-0.0349285528230746,0.00080680788106954,-0.174307379200449,0.000697480447431051
0.875933700487633,0.149512807880023,-0.00851374352552318,-0.862027718073995,0.000847406191744435,-0.0349305500968005,0.000813585358985139,-0.174327553714037,0.000711441245258515
0.882008430703416,0.149514485619474,-0.00857710487019171,-0.862038664199405,0.000854776812760596,-0.034932562414392,0.000820428569437226,-0.174347919208023,0.000725653308194088
0.888125290074835,0.149516130944876,-0.00864096377369816,-0.86204974907754,0.00086222075980158,-0.0349345897265172,0.000827338196773962,-0.174368476365073,0.000740120545561135
0.894284570773836,0.149517742430324,-0.00870532410159688,-0.86206097443847,0.000869738802633559,-0.0349366319790045,0.000834314930960304,-0.174389225840545,0.000754846910795082
0.900486566998624,0.149519318619585,-0.008770189738666,-0.862072342035365,0.000877331718568804,-0.0349386891127438,0.000841359467562088,-0.174410168261658,0.000769836401465634
0.906731574987708,0.149520858025776,-0.00883556458868871,-0.862083853644875,0.000885000292561292,-0.0349407610635877,0.000848472507728249,-0.17443130422665,0.000785093059284023
0.913019893034057,0.149522359131044,-0.00890145257422873,-0.862095511067523,0.000892745317305842,-0.0349428477622525,0.000855654758171141,-0.174452634303934,0.000800620970093924
0.919351821499347,0.149523820386247,-0.00896785763639986,-0.862107316128093,0.000900567593341076,-0.0349449491342185,0.000862906931144949,-0.174474159031238,0.000816424263846038
0.925727662828307,0.149525240210648,-0.00903478373462938,-0.862119270676037,0.000908467929156567,-0.0349470650996305,0.000870229744422177,-0.174495878914743,0.000832507114556652
0.932147721563161,0.149526616991603,-0.00910223484641617,-0.862131376585878,0.000916447141303879,-0.0349491955731972,0.000877623921268137,-0.174517794428213,0.000848873740248335
0.938612304358183,0.149527949084259,-0.00917021496708282,-0.862143635757634,0.00092450605451206,-0.0349513404640918,0.00088509019041353,-0.174539906012113,0.000865528402873947
0.945121719994339,0.149529234811257,-0.00923872810952254,-0.862156050117232,0.000932645501807675,-0.0349534996758509,0.000892629286024927,-0.174562214072724,0.000882475408222283
0.951676279394036,0.14953047246244,-0.00930777830394047,-0.86216862161695,0.000940866324639446,-0.0349556731062749,0.000900241947673306,-0.174584718981255,0.000899719105805913
0.958276295635973,0.14953166029456,-0.00937736959759016,-0.862181352235848,0.000949169373007715,-0.0349578606473267,0.000907928920300548,-0.174607421072939,0.000917263888730563
0.964922083970099,0.149532796530998,-0.00944750605450462,-0.862194243980216,0.000957555505599103,-0.034960062185032,0.000915690954183826,-0.174630320646133,0.000935114193545208
0.971613961832666,0.149533879361488,-0.00951819175522284,-0.862207298884031,0.0009660255899262,-0.0349622775993786,0.000923528804897983,-0.17465341796141,0.000953274500073292
0.978352248861393,0.149534906941842,-0.00958943079651146,-0.862220519009415,0.000974580502472788,-0.034964506764216,0.000931443233275795,-0.174676713240637,0.000971749331224236
0.985137266910738,0.149535877393684,-0.00966122729108185,-0.862233906447108,0.000983221128844698,-0.0349667495471557,0.00093943500536616,-0.174700206666068,0.000990543252785178
0.991969340067262,0.149536788804191,-0.00973358536730306,-0.862247463316941,0.000991948363926347,-0.034969005809471,0.000947504892390162,-0.174723898379411,0.0010096608731921
0.998848794665118,0.149537639225839,-0.00980650916891067,-0.862261191768328,0.00100076311204349,-0.0349712754059977,0.000955653670695042,-0.174747788480904,0.00102910684328079
1.00577595930163,0.149538426676155,-0.00988000285471137,-0.862275093980751,0.00100966628713189,-0.0349735581850346,0.000963882121706023,-0.174771877028391,0.0010488858560167
1.01275116485301,0.149539149137472,-0.00995407059828439,-0.862289172164267,0.00101865881291271,-0.0349758539882447,0.000972191031876029,-0.174796164036382,0.00106900264620351
1.01977474449012,0.149539804556699,-0.010028716587679,-0.862303428560014,0.00102774162307432,-0.0349781626505568,0.000980581192633265,-0.174820649475121,0.00108946199017053
1.02684703369442,0.149540390845089,-0.0101039450251092,-0.86231786544073,0.00103691566146102,-0.0349804840000677,0.000989053400326656,-0.174845333269654,0.00111026870543807
1.033968370274,0.149540905878022,-0.0101797601266449,-0.862332485111276,0.00104618188226874,-0.0349828178579445,0.000997608456169141,-0.174870215298883,0.0011314276503606
1.04113909437969,0.149541347494783,-0.010256166121901,-0.862347289909169,0.00105554125024809,-0.0349851640383281,0.00100624716617887,-0.174895295394637,0.00115294372374819
1.0483595485213,0.149541713498362,-0.0103331672537231,-0.862362282205125,0.00106499474091483,-0.0349875223482373,0.00101497034111821,-0.17492057334073,0.00117482186446478
1.05563007758401,0.149542001655251,-0.0104107677778725,-0.862377464403606,0.00107454334076799,-0.034989892587473,0.00102377879643069,-0.17494604887202,0.00119706705100395
1.06295102884484,0.149542209695248,-0.0104889719627072,-0.862392838943376,0.001084188047516,-0.0349922745485239,0.00103267335217575,-0.174971721673482,0.00121968430104163
1.07032275198921,0.149542335311276,-0.0105677840888631,-0.862408408298069,0.00109392987031081,-0.034994668016473,0.00104165483296145,-0.174997591379262,0.00124267867096579
1.07774559912768,0.149542376159203,-0.010647208448933,-0.862424174976761,0.00110376982999053,-0.0349970727689046,0.00105072406787499,-0.175023657571756,0.0012660552553822
1.08521992481272,0.149542329857669,-0.0107272493471442,-0.862440141524549,0.0011137089593305,-0.0349994885758124,0.00105988189041125,-0.175049919780672,0.00128981918659736
1.0927460860557,0.149542193987927,-0.0108079110990359,-0.86245631052314,0.00112374830330325,-0.0350019151995091,0.00106912913839915,-0.17507637748211,0.00131397563407699
1.1003244423439,0.149541966093682,-0.0108891980311363,-0.862472684591451,0.00113388891934737,-0.0350043523945365,0.00107846665392598,-0.175103030097638,0.00133852980388113
1.10795535565772,0.14954164368095,-0.0109711144806385,-0.862489266386211,0.00114413187764582,-0.0350067999075773,0.00108789528325973,-0.175129876993375,0.001363486938075
1.11563919048792,0.149541224217911,-0.0110536647950776,-0.862506058602574,0.00115447826141354,-0.0350092574773674,0.00109741587676936,-0.175156917479086,0.0013888523141161
1.12337631385307,0.149540705134779,-0.0111368533320079,-0.862523063974742,0.00116492916719478,-0.0350117248346103,0.00110702928884305,-0.175184150807269,0.00141463124421658
1.13116709531708,0.149540083823681,-0.0112206844586807,-0.862540285276587,0.00117548570517047,-0.0350142017018923,0.00111673637780452,-0.175211576172266,0.00144082907468199
1.13901190700682,0.149539357638532,-0.0113051625517235,-0.862557725322294,0.00118614899947554,-0.0350166877935995,0.00112653800582739,-0.175239192709366,0.00146745118522536
1.14691112362992,0.149538523894931,-0.0113902919968204,-0.862575386967003,0.00119692018852688,-0.0350191828158356,0.00113643503884763,-0.175266999493932,0.00149450298825719
1.15486512249268,0.149537579870058,-0.0114760771883946,-0.862593273107456,0.0012078004253617,-0.0350216864663425,0.00114642834647407,-0.175294995540522,0.00152198992815124
1.16287428351806,0.149536522802579,-0.0115625225292929,-0.86261138668266,0.00121879087798663,-0.0350241984344206,0.00115651880189713,-0.175323179802031,0.00154991748048559
1.17093898926384,0.149535349892559,-0.0116496324304724,-0.862629730674555,0.00122989272973825,-0.0350267184008528,0.00116670728179574,-0.175351551168838,0.00157829115126031
1.1790596249409,0.149534058301382,-0.0117374113106906,-0.862648308108682,0.00124110717965441,-0.0350292460378287,0.00117699466624236,-0.175380108467968,0.00160711647609031
1.18723657843162,0.149532645151679,-0.0118258635961978,-0.862667122054869,0.00125243544285727,-0.035031781008871,0.00118738183860641,-0.175408850462262,0.00163639901937442
1.19547024030838,0.149531107527266,-0.0119149937204341,-0.862686175627918,0.00126387875094822,-0.0350343229687643,0.00119786968545598,-0.175437775849566,0.00166614437344083
1.20376100385228,0.149529442473081,-0.0120048061237292,-0.862705471988302,0.00127543835241425,-0.0350368715634849,0.00120845909645775,-0.175466883261925,0.00169635815766821
1.21210926507183,0.149527646995136,-0.0120953052530072,-0.862725014342863,0.00128711551304696,-0.035039426430133,0.00121915096427551,-0.175496171264801,0.00172704601758392
1.22051542272196,0.149525718060475,-0.0121864955614952,-0.862744805945529,0.00129891151637349,-0.0350419871968669,0.001229946184467,-0.1755256383563,0.00175821362393841
1.22897987832301,0.14952365259713,-0.0122783815084375,-0.862764850098025,0.00131082766410027,-0.0350445534828391,0.00124084565537926,-0.175555282966418,0.00178986667175658
1.23750303617991,0.149521447494097,-0.0123709675588146,-0.862785150150597,0.00132286527656935,-0.0350471248981344,0.00125185027804259,-0.175585103456299,0.00182201087936656
1.24608530340153,0.149519099601308,-0.0124642581830676,-0.862805709502746,0.00133502569322799,-0.0350497010437106,0.00126296095606309,-0.175615098117521,0.00185465198740564
1.25472708992008,0.149516605729612,-0.0125582578568289,-0.86282653160396,0.00134731027311095,-0.0350522815113406,0.0012741785955138,-0.175645265171386,0.00188779575780362
1.26342880851072,0.149513962650763,-0.0126529710606589,-0.862847619954462,0.00135972039533657,-0.0350548658835576,0.00128550410482473,-0.175675602768245,0.00192144797274518
1.27219087481126,0.149511167097413,-0.0127484022797894,-0.862868978105952,0.00137225745961613,-0.0350574537336021,0.00129693839467149,-0.175706108986826,0.00195561443360981
1.28101370734203,0.149508215763109,-0.0128445560038733,-0.862890609662374,0.00138492288677714,-0.0350600446253711,0.00130848237786292,-0.175736781833598,0.00199030095989092
1.28989772752585,0.149505105302298,-0.0129414367267422,-0.862912518280667,0.0013977181193003,-0.03506263811337,0.00132013696922758,-0.17576761924215,0.00202551338809431
1.29884335970818,0.149501832330333,-0.0130390489461714,-0.862934707671538,0.00141064462187108,-0.0350652337426669,0.00133190308549922,-0.175798619072585,0.00206125757061641
1.30785103117738,0.149498393423486,-0.0131373971636518,-0.862957181600237,0.00142370388194498,-0.035067831048849,0.00134378164520136,-0.175829779110954,0.00209753937460243
1.31692117218509,0.149494785118965,-0.0132364858841709,-0.862979943887333,0.00143689741032772,-0.0350704295579818,0.00135577356853095,-0.175861097068695,0.00213436468078573
1.32605421596686,0.149491003914935,-0.013336319616002,-0.863002998409501,0.00145022674176995,-0.0350730287865707,0.00136787977724127,-0.17589257058211,0.00217173938230823
1.33525059876274,0.14948704627054,-0.0134369028705013,-0.863026349100315,0.0014636934355766,-0.0350756282415252,0.00138010119452412,-0.175924197211862,0.0022096693835225
1.34451075983821,0.149482908605931,-0.0135382401619145,-0.863049999951038,0.0014772990762317,-0.0350782274201254,0.00139243874489131,-0.175955974442494,0.00224816059877699
1.3538351415051,0.149478587302296,-0.0136403360071926,-0.863073955011428,0.0014910452740377,-0.0350808258099917,0.00140489335405568,-0.175987899681986,0.00228721895118349
1.36322418914273,0.149474078701893,-0.0137431949258169,-0.863098218390542,0.00150493366577067,-0.0350834228890564,0.00141746594881159,-0.176019970261322,0.00232685037136934
1.37267835121923,0.149469379108081,-0.0138468214396333,-0.863122794257549,0.00151896591535065,-0.0350860181255386,0.00143015745691495,-0.176052183434104,0.00236706079621327
1.38219807931287,0.149464484785359,-0.0139512200726973,-0.863147686842546,0.00153314371452777,-0.0350886109779211,0.00144296880696312,-0.176084536376178,0.0024078561675671
1.39178382813373,0.1494593919594,-0.0140563953511279,-0.863172900437374,0.00154746878358392,-0.0350912008949305,0.00145590092827435,-0.1761170261853,0.00244924243096289
1.40143605554534,0.149454096817092,-0.0141623518029727,-0.863198439396452,0.00156194287205067,-0.0350937873155202,0.00146895475076725,-0.176149649880828,0.00249122553430715
1.4111552225866,0.149448595506571,-0.014269093958083,-0.863224308137597,0.00157656775944301,-0.035096369668855,0.00148213120484014,-0.17618240440344,0.00253381142656273
1.42094179349378,0.149442884137262,-0.0143766263479995,-0.863250511142866,0.00159134525600912,-0.0350989473742997,0.00149543122125041,-0.176215286614891,0.00257700605641836
1.43079623572268,0.149436958779915,-0.0144849535058486,-0.86327705295939,0.00160627720349701,-0.0351015198414096,0.00150885573099405,-0.176248293297797,0.00262081537094846
1.440719019971,0.149430815466638,-0.01459407996625,-0.863303938200217,0.00162136547593691,-0.035104086469924,0.00152240566518536,-0.176281421155447,0.00266524531426203
1.45071062020079,0.149424450190934,-0.0147040102652348,-0.863331171545159,0.00163661198044089,-0.0351066466497626,0.00153608195493697,-0.176314666811658,0.00271030182614339
1.46077151366109,0.149417858907732,-0.0148147489401747,-0.863358757741639,0.00165201865801859,-0.0351091997610239,0.00154988553124024,-0.176348026810649,0.0027559908406844
1.47090218091073,0.149411037533416,-0.0149263005297228,-0.86338670160555,0.00166758748441037,-0.0351117451739875,0.00156381732484618,-0.176381497616964,0.00280231828490975
1.48110310584131,0.149403981945847,-0.0150386695737652,-0.863415008022109,0.00168332047093687,-0.0351142822491175,0.00157787826614689,-0.17641507561541,0.00284929007739611
1.49137477570027,0.149396687984392,-0.0151518606133838,-0.863443681946715,0.00169921966536604,-0.0351168103370702,0.00159206928505773,-0.176448757111049,0.00289691212688607
1.50171768111418,0.149389151449936,-0.015265878190831,-0.86347272840582,0.00171528715279701,-0.0351193287787033,0.0016063913109002,-0.176482538329207,0.00294519033089827
1.5121323161122,0.149381368104895,-0.015380726849515,-0.863502152497789,0.00173152505656159,-0.0351218369050884,0.00162084527228574,-0.176516415415529,0.0029941305743342
1.52261917814963,0.149373333673229,-0.0154964111339967,-0.863531959393777,0.00174793553914296,-0.0351243340375254,0.00163543209700035,-0.176550384436063,0.00304373872808288
1.53317876813171,0.149365043840438,-0.0156129355899979,-0.863562154338596,0.00176452080311192,-0.0351268194875604,0.00165015271189043,-0.176584441377383,0.00309402064762518
1.54381159043753,0.149356494253557,-0.0157303047644208,-0.863592742651598,0.00178128309208078,-0.0351292925570054,0.00166500804274958,-0.176618582146744,0.00314498217163771
1.55451815294413,0.149347680521149,-0.0158485232053782,-0.863623729727549,0.00179822469167497,-0.0351317525379607,0.00167999901420673,-0.176652802572273,0.00319662912059825
1.56529896705074,0.149338598213281,-0.0159675954622355,-0.863655121037516,0.00181534793052254,-0.0351341987128401,0.00169512654961552,-0.176687098403199,0.00324896729539337
1.57615454770323,0.149329242861498,-0.0160875260856628,-0.863686922129748,0.00183265518126183,-0.0351366303543981,0.00171039157094516,-0.176721465310114,0.00330200247593007
1.58708541341869,0.149319609958787,-0.0162083196276986,-0.863719138630566,0.00185014886156661,-0.0351390467257597,0.00172579499867266,-0.176755898885271,0.0033557404197514
1.5980920863102,0.149309694959529,-0.0163299806418236,-0.863751776245251,0.00186783143519012,-0.0351414470804524,0.00174133775167678,-0.176790394642922,0.0034101868606583
1.60917509211179,0.149299493279447,-0.0164525136830452,-0.863784840758941,0.00188570541302692,-0.0351438306624407,0.00175702074713351,-0.176824948019685,0.00346534750733832
1.62033496020352,0.149289000295538,-0.0165759233079924,-0.863818338037521,0.00190377335419357,-0.0351461967061625,0.00177284490041344,-0.17685955437495,0.00352122804200233
1.63157222363676,0.149278211345993,-0.0167002140750205,-0.863852274028525,0.00192203786712733,-0.035148544436568,0.00178881112498086,-0.176894208991324,0.00357783411903084
1.64288741915971,0.149267121730116,-0.0168253905443262,-0.863886654762035,0.0019405016107041,-0.0351508730691605,0.0018049203322948,-0.176928907075101,0.00363517136363035
1.65428108724297,0.149255726708217,-0.0169514572780714,-0.863921486351581,0.00195916729537483,-0.0351531818100392,0.00182117343171213,-0.17696364375678,0.00369324537050165
1.6657537721054,0.1492440215015,-0.0170784188405172,-0.86395677499505,0.00197803768432077,-0.0351554698559443,0.00183757133039269,-0.176998414091609,0.00375206170252081
1.67730602174008,0.149232001291937,-0.0172062797981665,-0.863992526975591,0.00199711559462817,-0.0351577363943033,0.00185411493320654,-0.177033213060165,0.00381162588943425
1.68893838794052,0.149219661222131,-0.0173350447199152,-0.864028748662525,0.00201640389848178,-0.0351599806032798,0.00187080514264354,-0.177068035568971,0.00387194342656864
1.70065142632699,0.149206996395154,-0.0174647181772121,-0.864065446512254,0.00203590552437793,-0.0351622016518237,0.00188764285872515,-0.177102876451144,0.00393301977355746
1.71244569637308,0.149194001874387,-0.0175953047442262,-0.864102627069183,0.00205562345835719,-0.0351643986997233,0.00190462897891867,-0.177137730467081,0.00399486035308491
1.72432176143241,0.149180672683325,-0.0177268089980224,-0.864140296966627,0.00207556074525632,-0.0351665708976584,0.00192176439805383,-0.17717259230517,0.00405747054964824
1.73628018876552,0.149167003805387,-0.017859235518744,-0.864178462927735,0.00209572048998058,-0.0351687173872554,0.00193905000824204,-0.17720745658254,0.00412085570834005
1.74832154956701,0.149152990183692,-0.0179925888898015,-0.864217131766413,0.00211610585879556,-0.0351708373011439,0.00195648669879801,-0.177242317845842,0.00418502113365125
1.7604464189928,0.149138626720827,-0.0181268736980688,-0.864256310388243,0.0021367200806395,-0.0351729297630138,0.00197407535616421,-0.177277170572059,0.00424997208829619
1.77265537618758,0.149123908278597,-0.0182620945340846,-0.864296005791409,0.00215756644845601,-0.0351749938876747,0.00199181686383787,-0.17731200916935,0.00431571379206057
1.78494900431252,0.149108829677758,-0.0183982559922591,-0.86433622506763,0.00217864832054715,-0.035177028781115,0.00200971210230079,-0.177346827977918,0.00438225142067369
1.79732789057308,0.149093385697725,-0.0185353626710862,-0.864376975403086,0.00219996912194749,-0.0351790335405636,0.0020277619489519,-0.177381621270916,0.00444959010470583
1.80979262624709,0.149077571076272,-0.0186734191733594,-0.864418264079352,0.00222153234581907,-0.0351810072545511,0.00204596727804272,-0.177416383255371,0.00451773492849181
1.82234380671297,0.149061380509203,-0.0188124301063924,-0.864460098474339,0.00224334155486781,-0.0351829490029725,0.00206432896061564,-0.17745110807315,0.0045866909290817
1.83498203147818,0.149044808650009,-0.0189524000822423,-0.864502486063222,0.00226540038278138,-0.0351848578571504,0.00208284786444515,-0.177485789801933,0.00465646309521991
1.84770790420785,0.149027850109507,-0.0190933337179357,-0.86454543441939,0.00228771253568834,-0.0351867328798986,0.00210152485398206,-0.177520422456235,0.00472705636635329
1.86052203275364,0.14901049945545,-0.0192352356356974,-0.864588951215387,0.00231028179364015,-0.0351885731255864,0.00212036079030064,-0.17755499998843,0.00479847563166948
1.87342502918271,0.148992751212127,-0.0193781104631803,-0.864633044223856,0.00233311201211486,-0.0351903776402031,0.00213935653104885,-0.177589516289821,0.00487072572916597
1.88641750980704,0.148974599859934,-0.0195219628336965,-0.864677721318491,0.00235620712354354,-0.0351921454614226,0.00215851293040159,-0.177623965191715,0.00494381144475128
1.89950009521279,0.148956039834929,-0.0196667973864484,-0.864722990474985,0.00237957113885975,-0.035193875618668,0.00217783083901702,-0.177658340466527,0.00501773751137902
1.91267341029,0.148937065528358,-0.01981261876676,-0.864768859771992,0.00240320814907224,-0.035195567133177,0.00219731110399594,-0.177692635828914,0.00509250860821488
1.92593808426241,0.148917671286171,-0.019959431626307,-0.864815337392077,0.00242712232686104,-0.0351972190180654,0.00221695456884433,-0.177726844936909,0.00516812935983835
1.93929475071751,0.148897851408504,-0.0201072406233453,-0.86486243162268,0.00245131792819764,-0.0351988302783926,0.00223676207343892,-0.177760961393094,0.00524460433547937
1.95274404763682,0.148877600149144,-0.0202560504229373,-0.864910150857083,0.00247579929398947,-0.0352003999112245,0.00225673445399596,-0.177794978745777,0.00532193804829058
1.96628661742637,0.148856911714971,-0.0204058656971753,-0.864958503595372,0.00250057085174912,-0.0352019269056974,0.00227687254304298,-0.17782889049019,0.00540013495465587
1.97992310694735,0.148835780265378,-0.0205566911254012,-0.865007498445409,0.00252563711728855,-0.0352034102430806,0.00229717716939379,-0.177862690069707,0.00547919945353609
1.99365416754703,0.148814199911663,-0.020708531394422,-0.865057144123807,0.00255100269643851,-0.0352048488968383,0.0023176491581265,-0.177896370877064,0.00555913588585225
2.00748045508988,0.148792164716407,-0.02086139119872,-0.865107449456907,0.00257667228679488,-0.0352062418326905,0.00233828933056461,-0.177929926255605,0.00563994853390634
2.0214026299889,0.148769668692815,-0.0210152752406575,-0.865158423381754,0.0026026506794903,-0.0352075880086733,0.00235909850426127,-0.177963349500529,0.00572164162084136
2.03542135723711,0.148746705804047,-0.0211701882306747,-0.865210074947087,0.00262894276099335,-0.0352088863751972,0.00238007749298643,-0.177996633860154,0.00580421931013983
2.0495373064394,0.148723269962516,-0.0213261348874809,-0.865262413314321,0.00265555351493481,-0.0352101358751053,0.00240122710671719,-0.178029772537186,0.00588768570516172
2.06375115184445,0.148699355029169,-0.0214831199382369,-0.865315447758539,0.00268248802396204,-0.0352113354437289,0.00242254815163099,-0.178062758689996,0.00597204484872234
2.07806357237695,0.148674954812736,-0.02164114811873,-0.865369187669489,0.00270975147162159,-0.0352124840089423,0.00244404143010181,-0.178095585433905,0.00605730072270978
2.09247525167004,0.148650063068961,-0.0218002241735379,-0.865423642552576,0.00273734914427065,-0.0352135804912157,0.00246570774069935,-0.178128245842469,0.00614345724774315
2.10698687809795,0.148624673499811,-0.0219603528561839,-0.865478822029868,0.00276528643301843,-0.0352146238036662,0.00248754787819093,-0.178160732948775,0.00623051828287036
2.12159914480891,0.148598779752652,-0.0221215389292803,-0.8655347358411,0.00279356883569712,-0.0352156128521074,0.00250956263354639,-0.178193039746729,0.00631848762530762
2.1363127497582,0.148572375419409,-0.0222837871646604,-0.86559139384468,0.00282220195886407,-0.0352165465350959,0.0025317527939456,-0.178225159192353,0.00640736901021872
2.15112839574156,0.148545454035701,-0.0224471023434979,-0.865648806018701,0.00285119151983468,-0.035217423743977,0.00255411914278879,-0.178257084205078,0.00649716611053511
2.1660467904287,0.148518009079946,-0.0226114892564134,-0.865706982461959,0.00288054334874803,-0.0352182433629273,0.00257666245970949,-0.178288807669032,0.0065878825368173
2.18106864639712,0.148490033972453,-0.0227769527035662,-0.865765933394972,0.00291026339066432,-0.0352190042689945,0.00259938352059004,-0.178320322434329,0.00667952183715619
2.19619468116618,0.148461522074476,-0.0229434974947324,-0.865825669160997,0.00294035770769627,-0.0352197053321361,0.00262228309757964,-0.178351621318348,0.00677208749711536
2.21142561723131,0.148432466687257,-0.0231111284493669,-0.865886200227062,0.00297083248117422,-0.0352203454152539,0.00264536195911482,-0.178382697107009,0.00686558293971337
2.22676218209858,0.148402861051041,-0.0232798503966491,-0.865947537184989,0.00300169401384581,-0.0352209233742268,0.00266862086994231,-0.178413542556041,0.0069600115254469
2.24220510831939,0.148372698344063,-0.0234496681755119,-0.866009690752433,0.00303294873211146,-0.0352214380579404,0.00269206059114412,-0.178444150392236,0.00705537655235293
2.25775513352553,0.148341971681519,-0.0236205866346527,-0.86607267177391,0.00306460318829598,-0.0352218883083135,0.00271568188016483,-0.178474513314698,0.00715168125611124
2.27341300046436,0.148310674114508,-0.0237926106325265,-0.866136491221839,0.00309666406295689,-0.035222272960322,0.00273948549084105,-0.178504623996077,0.00724892881018566
2.28917945703428,0.148278798628958,-0.0239657450373191,-0.866201160197583,0.00312913816723083,-0.0352225908420187,0.00276347217343281,-0.178534475083787,0.00734712232600451
2.30505525632052,0.14824633814452,-0.0241399947269007,-0.86626668993249,0.00316203244521843,-0.0352228407745514,0.00278764267465686,-0.178564059201218,0.00744626485317898
2.32104115663104,0.148213285513447,-0.0243153645887588,-0.866333091788943,0.00319535397640855,-0.0352230215721756,0.00281199773772182,-0.178593368948915,0.00754635937975998
2.33713792153279,0.148179633519449,-0.0244918595199099,-0.866400377261406,0.00322910997814305,-0.0352231320422657,0.00283653810236498,-0.178622396905761,0.00764740883253139
2.35334631988814,0.148145374876525,-0.0246694844267884,-0.866468557977471,0.00326330780812235,-0.0352231709853213,0.00286126450489075,-0.17865113563012,0.00774941607734111
2.36966712589169,0.148110502227772,-0.0248482442251138,-0.866537645698918,0.00329795496695331,-0.0352231371949702,0.00288617767821049,-0.178679577660977,0.00785238391946692
2.38610111910714,0.14807500814418,-0.0250281438397334,-0.866607652322761,0.00333305910073978,-0.0352230294579683,0.00291127835188382,-0.178707715519045,0.00795631510401887
2.40264908450462,0.148038885123393,-0.0252091882044413,-0.86667858988231,0.00336862800371718,-0.0352228465541945,0.00293656725216111,-0.178735541707852,0.00806121231637517
2.41931181249812,0.148002125588463,-0.0253913822617721,-0.866750470548221,0.00340466962093197,-0.0352225872566428,0.0029620451020271,-0.178763048714809,0.0081670781826531
2.43609009898327,0.147964721886577,-0.0255747309627695,-0.866823306629555,0.00344119205096627,-0.0352222503314098,0.00298771262124547,-0.178790229012248,0.00827391527021126
2.45298474537537,0.147926666287762,-0.0257592392667286,-0.866897110574837,0.00347820354871008,-0.0352218345376786,0.00301357052640441,-0.178817075058432,0.00838172608818599
2.46999655864764,0.147887950983576,-0.0259449121409106,-0.866971894973108,0.00351571252818035,-0.0352213386276978,0.00303961953096276,-0.178843579298544,0.0084905130880568
2.48712635136979,0.147848568085774,-0.0261317545602309,-0.867047672554987,0.0035537275653893,-0.0352207613467576,0.00306586034529695,-0.178869734165642,0.00860027866424401
2.50437494174681,0.147808509624964,-0.0263197715069181,-0.867124456193723,0.00359225740126203,-0.0352201014331603,0.00309229367674819,-0.178895532081585,0.00871102515473435
2.52174315365806,0.147767767549232,-0.0265089679701451,-0.867202258906247,0.0036313109446052,-0.0352193576181872,0.0031189202296702,-0.178920965457935,0.00882275484173513
2.53923181669665,0.147726333722762,-0.0266993489456297,-0.867281093854228,0.00367089727512743,-0.0352185286260617,0.00314574070547702,-0.178946026696813,0.00893546995235613
2.55684176620901,0.147684199924431,-0.026890919435206,-0.867360974345124,0.00371102564651216,-0.0352176131739067,0.0031727558026909,-0.178970708191741,0.00904917265931668
2.57457384333485,0.147641357846386,-0.0270836844463645,-0.86744191383322,0.0037517054895449,-0.0352166099716983,0.0031999662169901,-0.178995002328434,0.00916386508167849
2.59242889504728,0.147597799092612,-0.0272776489917612,-0.867523925920682,0.00379294641529523,-0.0352155177222157,0.00322737264125649,-0.179018901485568,0.00927954928560193
2.61040777419332,0.147553515177476,-0.0274728180886947,-0.867607024358586,0.00383475821835486,-0.0352143351209848,0.00325497576562273,-0.17904239803551,0.00939622728512479
2.6285113395346,0.147508497524259,-0.0276691967585509,-0.867691223047961,0.00387715088013288,-0.0352130608562195,0.0032827762775189,-0.179065484345007,0.00951390104296312
2.64674045578839,0.147462737463675,-0.0278667900262149,-0.86777653604081,0.00392013457220958,-0.0352116936087562,0.00331077486171857,-0.17908815277585,0.00963257247133144
2.6650959936689,0.147416226232369,-0.0280656029194487,-0.867862977541138,0.00396371965974912,-0.0352102320519854,0.00333897220038389,-0.179110395685484,0.00975224343278239
2.68357882992886,0.147368954971411,-0.0282656404682354,-0.867950561905963,0.00400791670497352,-0.0352086748517778,0.00336736897310979,-0.1791322054276,0.00987291574106396
2.70218984740145,0.147320914724764,-0.0284669077040884,-0.868039303646327,0.00405273647069797,-0.0352070206664062,0.0033959658569671,-0.179153574352668,0.00999459116199321
2.72092993504239,0.147272096437749,-0.0286694096593255,-0.868129217428292,0.0040981899239286,-0.0352052681464623,0.00342476352654423,-0.179174494808445,0.0101172714143445
2.73979998797246,0.147222490955496,-0.0288731513663073,-0.868220318073934,0.00414428823952546,-0.0352034159347694,0.00345376265398758,-0.179194959140439,0.0102409581707524
2.75880090752022,0.147172089021378,-0.0290781378566391,-0.868312620562318,0.00419104280392972,-0.03520146266629,0.00348296390904027,-0.179214959692328,0.0103656530586254
2.77793360126509,0.147120881275437,-0.0292843741603368,-0.86840614003047,0.00423846521895753,-0.0351994069680293,0.0035123679590791,-0.179234488806348,0.0104913576610728
2.79719898308069,0.147068858252801,-0.0294918653049543,-0.868500891774328,0.00428656730566179,-0.0351972474589331,0.00354197546914978,-0.179253538823629,0.0106180735178391
2.81659797317847,0.147016010382089,-0.0297006163146747,-0.868596891249691,0.00433536110826253,-0.0351949827497823,0.00357178710199985,-0.179272102084498,0.0107458021262477
2.83613149815172,0.146962327983804,-0.0299106322093621,-0.868694154073144,0.00438485889814719,-0.0351926114430817,0.00360180351810959,-0.179290170928734,0.0108745449421518
2.85580049101974,0.146907801268722,-0.0301219180035751,-0.868792696022972,0.00443507317794245,-0.035190132132945,0.00363202537572056,-0.179307737695788,0.0110043033808894
2.87560589127251,0.146852420336266,-0.0303344787055419,-0.868892533040057,0.00448601668565833,-0.0351875434049749,0.00366245333086147,-0.179324794724953,0.011135078818244
2.89554864491548,0.14679617517288,-0.0305483193160943,-0.868993681228758,0.00453770239890568,-0.0351848438361386,0.00369308803737157,-0.179341334355498,0.0112668725914064
2.91562970451479,0.146739055650388,-0.0307634448275632,-0.869096156857771,0.00459014353918932,-0.0351820319946388,0.00372393014692111,-0.179357348926753,0.011399685999939
2.93585002924278,0.146681051524351,-0.030979860222633,-0.86919997636097,0.00464335357627631,-0.0351791064397803,0.00375498030902884,-0.179372830778161,0.0115335203067389
2.95621058492378,0.146622152432417,-0.0311975704731545,-0.869305156338228,0.00469734623264259,-0.0351760657218326,0.00378623917107642,-0.179387772249274,0.0116683767390003
2.97671234408028,0.146562347892665,-0.0314165805389178,-0.869411713556209,0.00475213548799752,-0.0351729083818871,0.00381770737831951,-0.179402165679721,0.0118042564891732
2.99735628597932,0.146501627301941,-0.0316368953663821,-0.869519664949149,0.00480773558388832,-0.035169632951711,0.0038493855738955,-0.179416003409123,0.011941160715918
3.01814339667932,0.146439979934199,-0.0318585198873646,-0.869629027619595,0.00486416102838604,-0.0351662379535961,0.00388127439882754,-0.179429277776969,0.0120790905450544
3.03907466907719,0.146377394938824,-0.0320814590176856,-0.869739818839129,0.00492142660085318,-0.0351627219002043,0.00391337449202504,-0.179441981122448,0.0122180470705032
3.06015110295567,0.146313861338966,-0.0323057176557713,-0.869852056049064,0.0049795473567954,-0.0351590832944077,0.0039456864902801,-0.179454105784247,0.012358031355219
3.08137370503119,0.146249368029864,-0.0325313006812136,-0.8699657568611,0.00503853863279777,-0.0351553206291258,0.00397821102826008,-0.179465644100292,0.0124990444321138
3.10274348900188,0.146183903777169,-0.0327582129532849,-0.870080939057959,0.00509841605154696,-0.0351514323871579,0.0040109487384959,-0.179476588407463,0.0126410873049689
3.12426147559604,0.146117457215264,-0.03298645930941,-0.870197620593984,0.00515919552694064,-0.0351474170410117,0.00404390025136615,-0.179486931041259,0.012784160949334
3.14592869262085,0.146050016845591,-0.0332160445635925,-0.870315819595695,0.00522089326928585,-0.0351432730527283,0.00407706619507666,-0.179496664335421,0.0129282663134127
3.16774617501149,0.145981571034968,-0.0334469735047969,-0.870435554362323,0.00528352579058636,-0.0351389988737029,0.00411044719563556,-0.179505780621522,0.0130734043189331
3.18971496488059,0.145912108013914,-0.0336792508952851,-0.870556843366296,0.0053471099099214,-0.0351345929445021,0.00414404387682356,-0.179514272228511,0.0132195758620009
3.21183611156796,0.145841615874972,-0.0339128814689067,-0.870679705253684,0.00541166275891652,-0.0351300536946775,0.00417785686015946,-0.179522131482216,0.0133667818139357
3.23411067169074,0.145770082571036,-0.0341478699293441,-0.870804158844607,0.0054772017873074,-0.0351253795425755,0.00421188676486058,-0.179529350704815,0.0135150230220873
3.25653970919388,0.145697495913677,-0.0343842209483106,-0.870930223133597,0.00554374476859915,-0.0351205688951442,0.00424613420779816,-0.179535922214261,0.0136643003106329
3.27912429540095,0.145623843571477,-0.0346219391637013,-0.871057917289913,0.00561130980581998,-0.0351156201477358,0.00428059980344741,-0.179541838323675,0.0138146144813514
3.30186550906528,0.145549113068363,-0.0348610291776976,-0.871187260657806,0.00567991533737311,-0.0351105316839073,0.0043152841638323,-0.179547091340695,0.0139659663143762
3.32476443642155,0.145473291781951,-0.0351014955548233,-0.871318272756743,0.0057495801429864,-0.0351053018752165,0.00435018789846475,-0.179551673566796,0.0141183565689232
3.3478221712376,0.145396366941886,-0.035343342819953,-0.871450973281564,0.00582032334976063,-0.0350999290810157,0.0043853116142782,-0.179555577296568,0.0142717859839943
3.37103981486675,0.145318325628199,-0.0355865754562724,-0.871585382102599,0.00589216443831944,-0.0350944116482423,0.00442065591555549,-0.17955879481696,0.0144262552790546
3.39441847630035,0.14523915476966,-0.0358311979031892,-0.871721519265715,0.00596512324905984,-0.0350887479112065,0.00445622140385081,-0.179561318406493,0.0145817651546824
3.41795927222076,0.145158841142152,-0.0360772145541955,-0.871859404992319,0.00603921998850621,-0.0350829361913762,0.00449200867790566,-0.179563140334432,0.0147383162931906
3.44166332705473,0.145077371367035,-0.0363246297546802,-0.87199905967928,0.00611447523576777,-0.0350769747971591,0.00452801833355876,-0.179564252859932,0.0148959093592189
3.46553177302703,0.144994731909536,-0.0365734477996919,-0.872140503898809,0.0061909099491014,-0.0350708620236825,0.00456425096364959,-0.179564648231148,0.0150545450002955
3.48956575021462,0.144910909077139,-0.0368236729316514,-0.872283758398253,0.00626854547257991,-0.0350645961525708,0.00460070715791584,-0.179564318684315,0.0152142238473677
3.51376640660105,0.144825889017987,-0.0370753093380131,-0.872428844099831,0.00634740354286858,-0.03505817545172,0.00463738750288416,-0.179563256442795,0.0153749465152993
3.53813489813128,0.144739657719295,-0.0373283611488762,-0.872575782100294,0.00642750629610883,-0.0350515981750709,0.00467429258175448,-0.179561453716097,0.0155367136033358
3.56267238876697,0.144652201005778,-0.0375828324345438,-0.872724593670517,0.00650887627491212,-0.0350448625623797,0.00471142297427772,-0.179558902698867,0.0156995256955343
3.58738005054197,0.144563504538085,-0.0378387272030303,-0.872875300255001,0.00659153643546354,-0.0350379668389867,0.00474877925662659,-0.179555595569851,0.0158633833611586
3.61225906361841,0.144473553811254,-0.0380960493975172,-0.873027923471307,0.006675510154737,-0.0350309092155832,0.00478636200125966,-0.179551524490829,0.0160282871550386
3.63731061634298,0.144382334153174,-0.038354802893755,-0.873182485109404,0.00676082123782273,-0.0350236878879772,0.00482417177677839,-0.179546681605527,0.0161942376178923
3.66253590530377,0.144289830723068,-0.0386149914974137,-0.873339007130927,0.00684749392536832,-0.0350163010368567,0.0048622091477771,-0.179541059038498,0.0163612352766109
3.68793613538733,0.144196028509986,-0.0388766189413788,-0.87349751166835,0.00693555290113343,-0.0350087468275524,0.00490047467468584,-0.179534648893984,0.0165292806445042
3.71351251983634,0.144100912331319,-0.0391396888829937,-0.873658021024065,0.0070250232996602,-0.0350010234097986,0.00493896891360589,-0.179527443254754,0.0166983742215082
3.73926628030746,0.144004466831328,-0.0394042049012486,-0.873820557669368,0.00711593071405939,-0.034993128917493,0.00497769241613808,-0.179519434180917,0.0168685164943521
3.76519864692972,0.143906676479692,-0.0396701704939136,-0.873985144243346,0.00720830120391347,-0.034985061468456,0.00501664572920353,-0.179510613708719,0.0170397079366844
3.7913108583633,0.143807525570074,-0.0399375890746182,-0.874151803551658,0.00730216130329758,-0.0349768191641885,0.00505582939485691,-0.179500973849316,0.0172119490091584
3.81760416185865,0.14370699821871,-0.0402064639698743,-0.874320558565219,0.00739753802891904,-0.0349684000896295,0.00509524395009217,-0.17949050658753,0.0173852401594752
3.84407981331609,0.143605078363014,-0.0404767984160443,-0.874491432418765,0.00749445888837544,-0.0349598023129128,0.00513488992664045,-0.179479203880587,0.0175595818223845
3.87073907734582,0.14350174976021,-0.0407485955562518,-0.874664448409317,0.00759295188853382,-0.0349510238851231,0.00517476785076036,-0.179467057656838,0.0177349744196425
3.89758322732826,0.143396995985982,-0.0410218584372374,-0.874839629994523,0.00769304554403019,-0.0349420628400529,0.00521487824302028,-0.179454059814462,0.0179114183599253
3.92461354547494,0.143290800433151,-0.0412965900061558,-0.875017000790876,0.00779476888588954,-0.0349329171939578,0.00525522161807283,-0.179440202220161,0.0180889140386988
3.95183132288971,0.143183146310374,-0.0415727931073162,-0.875196584571822,0.00789815147026945,-0.0349235849453127,0.00529579848442128,-0.179425476707837,0.0182674618380441
3.97923785963041,0.143074016640872,-0.0418504704788658,-0.875378405265725,0.0080032233873244,-0.0349140640745685,0.00533660934417795,-0.179409875077254,0.0184470621264367
4.00683446477099,0.142963394261181,-0.0421296247494127,-0.875562486953717,0.00811001527019498,-0.0349043525439081,0.00537765469281437,-0.179393389092695,0.0186277152584813
4.03462245646401,0.142851261819934,-0.042410258434593,-0.875748853867396,0.00821855830411902,-0.0348944482970038,0.0054189350189033,-0.179376010481603,0.0188094215745995
4.06260316200361,0.142737601776668,-0.0426923739335762,-0.875937530386401,0.00832888423566788,-0.0348843492587752,0.00546045080385243,-0.179357730933222,0.0189921814006716
4.09077791788892,0.142622396400663,-0.0429759735255131,-0.876128541035834,0.00844102538210634,-0.0348740533351472,0.00550220252162977,-0.179338542097215,0.0191759950476316
4.11914806988789,0.142505627769816,-0.0432610593659228,-0.876321910483534,0.0085550146408776,-0.0348635584128105,0.00554419063848058,-0.179318435582295,0.0193608628110149
4.14771497310157,0.142387277769536,-0.0435476334830198,-0.876517663537206,0.00867088549921288,-0.0348528623589815,0.00558641561263585,-0.17929740295483,0.0195467849704581
4.17647999202884,0.142267328091683,-0.0438356977739799,-0.876715825141383,0.0087886720438666,-0.0348419630211649,0.00562887789401225,-0.17927543573746,0.0197337617891518
4.20544450063156,0.14214576023354,-0.0441252540011459,-0.876916420374241,0.00890840897097636,-0.0348308582269168,0.0056715779239035,-0.179252525407704,0.0199217935132446
4.23460988240025,0.142022555496811,-0.0444163037881711,-0.877119474444233,0.00903013159604857,-0.0348195457836103,0.00571451613466303,-0.179228663396562,0.0201108803711993
4.26397753042013,0.141897694986668,-0.0447088486161012,-0.877325012686565,0.00915387586406968,-0.0348080234782026,0.005757692949378,-0.17920384108712,0.0203010225730999
4.29354884743766,0.141771159610833,-0.0450028898193938,-0.87753306055949,0.00927967835974208,-0.0347962890770036,0.00580110878153461,-0.179178049813157,0.0204922203099107
4.32332524592758,0.14164293007869,-0.0452984285818756,-0.877743643640422,0.00940757631784594,-0.0347843403254473,0.00584476403467445,-0.179151280857748,0.0206844737526853
4.35330814816033,0.141512986900451,-0.0455954659326364,-0.87795678762187,0.00953760763372552,-0.0347721749478659,0.00588865910204213,-0.179123525451873,0.0208777830517275
4.38349898627002,0.141381310386358,-0.0458940027418595,-0.878172518307176,0.00966981087390073,-0.0347597906472653,0.00593279436622402,-0.179094774773028,0.0210721483357029
4.41389920232282,0.141247880645926,-0.0461940397165888,-0.87839086160606,0.00980422528680219,-0.034747185105104,0.0059771701987779,-0.179065019943844,0.0212675697106996
4.44451024838583,0.141112677587233,-0.0464955773964317,-0.878611843529965,0.00994089081363148,-0.0347343559810755,0.0060217869598538,-0.179034252030706,0.0214640472592417
4.47533358659646,0.140975680916263,-0.0467986161491974,-0.878835490187194,0.0100798480993431,-0.0347213009128925,0.0060666449978057,-0.179002462042385,0.0216615810392514
4.50637068923228,0.140836870136283,-0.0471031561664709,-0.879061827777839,0.010221138503751,-0.0347080175160752,0.0061117446487942,-0.178969640928674,0.0218601710829621
4.53762303878129,0.140696224547283,-0.0474091974591212,-0.879290882588485,0.0103648041127553,-0.0346945033837432,0.00615708623638005,-0.178935779579036,0.0220598173957819
4.56909212801278,0.140553723245457,-0.0477167398527453,-0.879522680986703,0.0105108877496919,-0.0346807560864106,0.00620267007110863,-0.178900868821261,0.0222605199551072
4.60077946004862,0.140409345122742,-0.0480257829830454,-0.879757249415301,0.0106594329868003,-0.034666773171785,0.00624849645008512,-0.178864899420136,0.0224622787090868
4.63268654843505,0.140263068866413,-0.0483363262911413,-0.879994614386352,0.0108104841568129,-0.034652552164571,0.00629456565654063,-0.178827862076126,0.0226650935753357
4.66481491721498,0.140114872958724,-0.0486483690188154,-0.880234802474974,0.0109640863646605,-0.0346380905662774,0.00634087795938895,-0.17878974742407,0.0228689644395999
4.69716610100076,0.139964735676617,-0.0489619102036927,-0.880477840312866,0.0111202854992953,-0.0346233858550292,0.00638743361277412,-0.17875054603189,0.0230738911543712
4.72974164504755,0.139812635091487,-0.0492769486743532,-0.880723754581592,0.0112791282456293,-0.0346084354853844,0.00643423285560873,-0.178710248399322,0.0232798735374525
4.76254310532705,0.139658549069003,-0.0495934830453777,-0.880972572005602,0.0114406620965859,-0.0345932368881551,0.00648127591110285,-0.178668844956657,0.0234869113704732
4.79557204860185,0.139502455269001,-0.0499115117123271,-0.881224319344993,0.0116049353652649,-0.0345777874702343,0.00652856298628372,-0.178626326063507,0.0236950043973559
4.82883005250031,0.139344331145434,-0.0502310328466539,-0.881479023387994,0.0117719971972161,-0.0345620846144274,0.00657609427150598,-0.178582682007582,0.0239041523227334
4.86231870559183,0.139184153946389,-0.0505520443905473,-0.881736710943173,0.0119418975828232,-0.03454612567929,0.00662386993995272,-0.1785379030035,0.0241143548103162
4.89603960746281,0.13902190071418,-0.0508745440517096,-0.881997408831359,0.0121146873697925,-0.0345299079989706,0.00667189014712695,-0.178491979191608,0.0243256114812119
4.92999436879299,0.138857548285501,-0.0511985292980669,-0.882261143877271,0.0122904182757468,-0.0345134288830597,0.00672015503033389,-0.17844490063683,0.0245379219121945
4.96418461143244,0.138691073291661,-0.0515239973524105,-0.882527942900849,0.0124691429009207,-0.0344966856164449,0.00676866470815373,-0.178396657327541,0.0247512856339261
4.99861196847899,0.138522452158886,-0.0518509451869726,-0.882797832708281,0.0126509147409546,-0.0344796754591726,0.00681741927990506,-0.178347239174463,0.0249657021291293
5.03327808435624,0.138351661108703,-0.0521793695179329,-0.88307084008271,0.012835788199786,-0.034462395646316,0.00686641882509895,-0.178296636009593,0.0251811708307121
5.06818461489212,0.138178676158398,-0.0525092667998588,-0.883346991774628,0.0130238186026338,-0.0344448433878504,0.00691566340288351,-0.178244837585148,0.0253976911198438
5.10333322739797,0.138003473121561,-0.0528406332200779,-0.883626314491936,0.0132150622090738,-0.0344270158685349,0.00696515305147924,-0.17819183357255,0.0256152623239837
5.13872560074817,0.137826027608708,-0.0531734646929834,-0.883908834889676,0.0134095762262008,-0.0344089102478023,0.00701488778760483,-0.178137613561438,0.0258338837148623
5.17436342546036,0.137646315027994,-0.053507756854272,-0.884194579559412,0.0136074188218746,-0.0343905236596557,0.00706486760589373,-0.178082167058703,0.0260535545064144
5.21024840377617,0.137464310586007,-0.0538435050551153,-0.884483575018268,0.0138086491380467,-0.0343718532125737,0.00711509247830129,-0.178025483487566,0.0262742738526661
5.24638224974252,0.137279989288661,-0.0541807043562648,-0.884775847697603,0.0140133273041634,-0.034352895989423,0.00716556235350257,-0.177967552186685,0.0264960408455748
5.2827666892935,0.137093325942171,-0.0545193495220897,-0.885071423931322,0.0142215144506403,-0.0343336490473798,0.00721627715628092,-0.177908362409294,0.026718854512822
5.31940346033281,0.136904295154135,-0.0548594350145495,-0.885370329943819,0.0144332727224065,-0.0343141094178593,0.00726723678690709,-0.177847903322381,0.0269427138155614
5.35629431281677,0.136712871334702,-0.0552009549871006,-0.885672591837525,0.0146486652925105,-0.0342942741064545,0.00731844112050934,-0.177786164005902,0.0271676176461202
5.39344100883792,0.136519028697847,-0.0555439032785374,-0.885978235580081,0.0148677563757869,-0.034274140092884,0.00736989000643404,-0.177723133452029,0.0273935648256552
5.43084532270915,0.136322741262747,-0.0558882734067692,-0.886287286991104,0.0150906112425752,-0.0342537043309484,0.00742158326759733,-0.177658800564448,0.0276205541017645
5.4685090410485,0.13612398285526,-0.0562340585625327,-0.886599771728553,0.0153172962324896,-0.0342329637484977,0.00747352069982749,-0.177593154157681,0.0278485841460539
5.50643396286443,0.135922727109515,-0.0565812516030402,-0.886915715274675,0.015547878768229,-0.034211915247407,0.0075257020711982,-0.177526182956465,0.0280776535516591
5.54462189964184,0.13571894746961,-0.056929845045566,-0.887235142921532,0.0157824273694284,-0.034190555703564,0.00757812712135288,-0.177457875595164,0.0283077608307254
5.58307467542852,0.135512617191424,-0.0572798310609694,-0.887558079756099,0.0160210116665389,-0.0341688819668653,0.00763079556081987,-0.177388220617228,0.0285389044118421
5.6217941269223,0.135303709344547,-0.0576312014671572,-0.887884550644918,0.016263702414735,-0.0341468908612247,0.00768370707031884,-0.177317206474695,0.0287710826374358
5.66078210355879,0.135092196814323,-0.0579839477224843,-0.888214580218309,0.0165105715078393,-0.034124579184592,0.00773686130005815,-0.177244821527744,0.0290042937611205
5.70004046759971,0.134878052304024,-0.0583380609190959,-0.888548192854118,0.0167616919922614,-0.0341019437089827,0.00779025786902361,-0.17717105404429,0.0292385359450059
5.73957109422183,0.134661248337136,-0.0586935317762097,-0.888885412661009,0.0170171380809403,-0.0340789811805202,0.00784389636425831,-0.177095892199628,0.0294738072569648
5.77937587160657,0.134441757259788,-0.0590503506333408,-0.889226263461272,0.0172769851672848,-0.0340556883194889,0.00789777634013405,-0.17701932407613,0.0297101056678595
5.81945670103016,0.134219551243295,-0.0594085074434706,-0.889570768773156,0.0175413098391045,-0.0340320618204002,0.00795189731761399,-0.176941337662994,0.0299474290487275
5.85981549695445,0.133994602286849,-0.0597679917661585,-0.889918951792711,0.0178101898925224,-0.0340080983520705,0.00800625878350696,-0.176861920856034,0.0301857751679288
5.90045418711838,0.133766882220334,-0.0601287927606016,-0.890270835375119,0.0180837043458609,-0.0339837945577126,0.00806086018971348,-0.176781061457541,0.0304251416882528
5.94137471263004,0.133536362707293,-0.0604908991786398,-0.890626442015533,0.0183619334534938,-0.0339591470550392,0.00811570095246332,-0.176698747176181,0.0306655261639879
5.9825790280594,0.133303015248026,-0.0608542993577103,-0.890985793829384,0.0186449587196534,-0.0339341524363806,0.00817078045154518,-0.176614965626964,0.0309069260379526
6.02406910153166,0.133066811182841,-0.0612189812137519,-0.891348912532166,0.0189328629121842,-0.0339088072688161,0.00822609802952816,-0.176529704331256,0.0311493386384905
6.06584691482126,0.132827721695454,-0.0615849322340618,-0.89171581941869,0.0192257300762348,-0.0338831080943188,0.00828165299097544,-0.17644295071686,0.0313927611764275
6.10791446344653,0.132585717816537,-0.0619521394701042,-0.892086535341785,0.0195236455478754,-0.0338570514299156,0.0083374446016502,-0.176354692118154,0.0316371907419953
6.15027375676503,0.132340770427424,-0.0623205895302762,-0.892461080690454,0.019826695967632,-0.0338306337678611,0.00839347208771388,-0.176264915776283,0.031882624301718
6.19292681806951,0.132092850263975,-0.0626902685726291,-0.892839475367461,0.0201349692939271,-0.033803851575827,0.0084497346349171,-0.176173608839422,0.0321290586952662
6.23587568468454,0.131841927920607,-0.0630611622975496,-0.893221738766353,0.0204485548164137,-0.0337767012971066,0.00850623138778312,-0.176080758363099,0.032376490632277
6.27912240806387,0.13158797385448,-0.0634332559404024,-0.893607889747897,0.0207675431691928,-0.0337491793508353,0.00856296144878434,-0.175986351310577,0.032624916689142
6.32266905388835,0.131330958389861,-0.0638065342641357,-0.893997946615933,0.0210920263439015,-0.0337212821322265,0.0086199238775117,-0.175890374553312,0.0328743333057629
6.36651770216467,0.131070851722656,-0.0641809815518525,-0.894391927092625,0.0214220977026596,-0.0336930060128244,0.00867711768983744,-0.175792814871471,0.0331247367822776
6.41067044732463,0.130807623925118,-0.0645565815993506,-0.894789848293116,0.0217578519908619,-0.0336643473407733,0.00873454185707118,-0.175693658954516,0.0333761232757558
6.45512939832527,0.130541244950734,-0.0649333177076323,-0.895191726699551,0.0220993853498016,-0.0336353024411036,0.00879219530510966,-0.175592893401868,0.0336284887968653
6.49989667874954,0.130271684639293,-0.0653111726753889,-0.895597578134499,0.0224467953291141,-0.0336058676160359,0.00885007691358041,-0.175490504723629,0.0338818292065118
6.54497442690774,0.129998912722143,-0.0656901287914592,-0.896007417733726,0.0228001808990241,-0.0335760391453021,0.00890818551497933,-0.175386479341384,0.0341361402124506
6.5903647959397,0.12972289882763,-0.0660701678272694,-0.896421259918341,0.0231596424623824,-0.0335458132864849,0.00896651989380269,-0.175280803589078,0.0343914173658733
6.63606995391757,0.129443612486739,-0.066451271029253,-0.896839118366284,0.0235252818664773,-0.0335151862753756,0.00902507878567362,-0.175173463713959,0.0346476560579695
6.68209208394941,0.129161023138925,-0.0668334191112568,-0.897261005983169,0.0238972024146067,-0.0334841543263509,0.00908386087646342,-0.175064445877605,0.0349048515164652
6.72843338428345,0.128875100138141,-0.0672165922469351,-0.897686934872455,0.0242755088773912,-0.0334527136327684,0.00914286480140788,-0.174953736157025,0.0351629988021379
6.77509606841313,0.128585812759075,-0.067600770062136,-0.898116916304953,0.0246603075038151,-0.0334208603673818,0.00920208914421899,-0.174841320545839,0.0354220928053124
6.82208236518274,0.128293130203589,-0.0679859316272822,-0.898550960687648,0.025051706031977,-0.0333885906827762,0.00926153243619228,-0.174727184955535,0.0356821282423343
6.86939451889399,0.127997021607371,-0.068372055449752,-0.898989077531842,0.0254498136995328,-0.033355900711823,0.00932119315531001,-0.174611315216816,0.0359430996520266
6.91703478941313,0.127697456046793,-0.0687591194662619,-0.899431275420601,0.0258547412538125,-0.0333227865681557,0.00938106972534068,-0.174493697081015,0.0362050013921285
6.96500545227891,0.127394402545993,-0.069147101035257,-0.899877561975499,0.0262666009615926,-0.0332892443466667,0.00944116051493503,-0.174374316221607,0.0364678276357171
7.0133087988113,0.127087830084175,-0.0695359769293118,-0.900327943822662,0.0266855066185059,-0.0332552701240249,0.00950146383671897,-0.174253158235799,0.0367315723676163
7.06194713622089,0.126777707603128,-0.0699257233275457,-0.900782426558096,0.0271115735580684,-0.0332208599592153,0.00956197794638376,-0.174130208646207,0.036996229380791
7.11092278771915,0.126464004014975,-0.070316315808059,-0.901241014712296,0.0275449186603031,-0.0331860098941004,0.00962270104177373,-0.174005452902622,0.0372617922727307
7.16023809262934,0.126146688210153,-0.0707077293403922,-0.901703711714132,0.0279856603599404,-0.033150715954004,0.00968363126197207,-0.173878876383864,0.0375282544418217
7.20989540649828,0.125825729065618,-0.0710999382780143,-0.902170519854005,0.0284339186541748,-0.0331149741483174,0.00974476668638487,-0.173750464399724,0.0377956090837125
7.25989710120885,0.125501095453298,-0.071492916350845,-0.902641440246264,0.0288898151099539,-0.0330787804711286,0.00980610533382409,-0.173620202193001,0.0380638491876704
7.31024556509332,0.125172756248775,-0.0718866366578146,-0.90311647279089,0.0293534728707806,-0.0330421309018755,0.00986764516158949,-0.173488074941628,0.0383329675329341
7.36094320304735,0.124840680340214,-0.0722810716594692,-0.903595616134431,0.0298250166630035,-0.033005021406022,0.0099293840645504,-0.17335406776089,0.0386029566850624
7.41199243664497,0.124504836637538,-0.0726761931706236,-0.904078867630186,0.0303045728015736,-0.0329674479357584,0.00999131987422739,-0.173218165705746,0.0388738089922806
7.46339570425412,0.124165194081845,-0.0730719723530701,-0.904566223297648,0.0307922691952409,-0.0329294064307261,0.0100534503578745,-0.173080353773236,0.0391455165818282
7.51515546115323,0.123821721655089,-0.0734683797083464,-0.905057677781177,0.0312882353511711,-0.0328908928187675,0.0101157732175625,-0.172940616904989,0.0394180713563069
7.56727417964842,0.123474388389999,-0.0738653850705709,-0.905553224307929,0.0317926023789528,-0.0328519030167002,0.0101782860892635,-0.172798939989835,0.0396914649900338
7.61975434919166,0.123123163380269,-0.0742629575993495,-0.906052854645012,0.0323055029939716,-0.0328124329311168,0.0102409865419379,-0.172655307866504,0.0399656889253999
7.67259847649959,0.122768015790998,-0.0746610657727606,-0.906556559055895,0.0328270715201267,-0.0327724784592108,0.010303872076623,-0.172509705326441,0.0402407343692364
7.72580908567334,0.122408914869395,-0.0750596773804255,-0.907064326256042,0.0333574438918596,-0.0327320354896279,0.0103669401255259,-0.172362117116708,0.040516592289191
7.77938871831903,0.122045829955755,-0.0754587595166694,-0.907576143367786,0.0338967576554717,-0.0326910999033438,0.0104301880511189,-0.172212527943001,0.0407932534101167
7.83333993366922,0.121678730494689,-0.0758582785737809,-0.908091995874442,0.0344451519696993,-0.0326496675745689,0.0104936131452395,-0.172060922472761,0.0410707082104741
7.8876653087051,0.121307586046633,-0.0762582002353759,-0.908611867573657,0.0350027676055214,-0.0326077343716791,0.0105572126281951,-0.171907285338395,0.0413489469187511
7.94236743827963,0.120932366299629,-0.0766584894698734,-0.909135740529992,0.035569746945169,-0.032565296158175,0.0106209836478731,-0.171751601140604,0.0416279595099009
7.99744893524145,0.120553041081373,-0.0770591105240909,-0.909663595026759,0.0361462339803056,-0.0325223487936672,0.0106849232788567,-0.171593854451811,0.0419077357018015
8.0529124305597,0.120169580371542,-0.0774600269169657,-0.910195409517078,0.0367323743093541,-0.0324788881348901,0.0107490285215477,-0.171434029819707,0.0421882649517388
8.10876057344967,0.119781954314398,-0.0778612014334108,-0.910731160574206,0.037328315133932,-0.0324349100367438,0.010813296301296,-0.171272111770892,0.042469536452916
8.16499603149936,0.119390133231673,-0.0782625961183122,-0.911270822841094,0.037934205254371,-0.0323904103533638,0.0108777234675374,-0.171108084814641,0.0427515391309912
8.22162149079689,0.11899408763573,-0.0786641722706764,-0.911814368979218,0.0385501950642855,-0.0323453849392189,0.0109423067929397,-0.170941933446766,0.0430342616406473
8.27863965605879,0.118593788243007,-0.0790658904379358,-0.912361769616655,0.039176436544158,-0.032299829650239,0.0110070429725586,-0.170773642153598,0.0433176923621944
8.33605325075921,0.118189205987748,-0.0794677104104198,-0.912912993295436,0.039813083253912,-0.0322537403449701,0.0110719286230027,-0.170603195416075,0.0436018193982104
8.39386501726,0.117780312036007,-0.0798695912160012,-0.913468006418174,0.0404602903244354,-0.0322071128857599,0.0111369602816099,-0.17043057771395,0.0438866305702204
8.45207771694168,0.117367077799954,-0.0802714911149258,-0.914026773193968,0.041118214448023,-0.0321599431399718,0.0112021344056353,-0.170255773530101,0.0441721134154177
8.51069413033537,0.116949474952446,-0.0806733675948336,-0.914589255583606,0.041787013867706,-0.0321122269812288,0.0112674473714505,-0.170078767354964,0.0444582551834315
8.56971705725559,0.116527475441898,-0.0810751773659816,-0.915155413244073,0.0424668483654281,-0.0320639602906865,0.0113328954737573,-0.169899543691073,0.0447450428331417
8.62914931693396,0.116101051507436,-0.0814768763566767,-0.915725203472359,0.0431578792490421,-0.0320151389583366,0.0113984749248136,-0.169718087057723,0.0450324630295451
8.68899374815392,0.115670175694332,-0.0818784197089281,-0.916298581148616,0.0438602693380831,-0.0319657588843397,0.0114641818536756,-0.169534381995736,0.0453205021406757
8.74925320938629,0.11523482086973,-0.082279761774329,-0.916875498678628,0.0445741829482885,-0.0319158159803883,0.0115300123054537,-0.169348413072356,0.0456091462345834
8.80993057892579,0.11479496023865,-0.0826808561101763,-0.917455905935659,0.0452997858748262,-0.0318653061710996,0.0115959622405863,-0.169160164886246,0.0458983810763717
8.87102875502857,0.114350567360287,-0.0830816554758394,-0.918039750201655,0.046037245374196,-0.0318142253954394,0.0116620275341295,-0.168969622072608,0.0461881921253004
8.93255065605059,0.11390161616458,-0.0834821118293875,-0.918626976107839,0.046786730144765,-0.0317625696081747,0.0117282039750658,-0.16877676930842,0.0464785645319549
8.99449922058705,0.113448080969074,-0.0838821763244842,-0.919217525574708,0.0475484103059049,-0.0317103347813582,0.0117944872656311,-0.168581591317785,0.0467694831354865
9.05687740761275,0.112989936496057,-0.0842817993075624,-0.919811337751456,0.0483224573756868,-0.0316575169058416,0.0118608730206618,-0.168384072877396,0.0470609324609259
9.11968819662343,0.112527157889979,-0.0846809303152876,-0.920408348954836,0.0491090442471032,-0.0316041119928199,0.0119273567669626,-0.168184198822118,0.0473528967165747
9.18293458777804,0.112059720735142,-0.08507951807232,-0.921008492607495,0.0499083451627746,-0.0315501160754061,0.0119939339426959,-0.167981954050686,0.0476453597914772
9.2466196020421,0.111587601073671,-0.0854775104893887,-0.921611699175792,0.0507205356881041,-0.0314955252102357,0.0120605998967943,-0.167777323531515,0.0479383052529775
9.31074628133199,0.111110775423753,-0.0858748546616848,-0.922217896107131,0.0515457926828429,-0.0314403354791009,0.0121273498883961,-0.16757029230863,0.0482317163443638
9.3753176886602,0.110629220798146,-0.0862714968675882,-0.922827007766835,0.0523842942710264,-0.0313845429906156,0.0121941790863058,-0.167360845507705,0.0485255759826047
9.44033690828169,0.110142914722949,-0.0866673825677362,-0.92343895537458,0.0532362198092451,-0.0313281438819099,0.0122610825684799,-0.167148968342217,0.0488198667561813
9.50580704584117,0.109651835256643,-0.0870624564044461,-0.924053656940439,0.0541017498532093,-0.031271134320354,0.0123280553215398,-0.166934646119716,0.0491145709230185
9.57173122852146,0.10915596100938,-0.0874566622015038,-0.924671027200532,0.0549810661225702,-0.0312135105053118,0.0123950922403119,-0.166717864248206,0.0494096704085183
9.63811260519287,0.108655271162529,-0.0878499429643279,-0.925290977552349,0.0558743514639606,-0.0311552686699241,0.0124621881273961,-0.166498608242634,0.0497051468037015
9.70495434656358,0.108149745488472,-0.0882422408805219,-0.925913415989759,0.0567817898122137,-0.0310964050829202,0.0125293376927648,-0.166276863731493,0.0500009813634588
9.7722596453311,0.107639364370641,-0.0886334973208259,-0.92653824703774,0.0577035661497239,-0.0310369160504589,0.0125965355533919,-0.166052616463534,0.0502971550049173
9.84003171633479,0.107124108823793,-0.0890236528404784,-0.927165371686879,0.0586398664639124,-0.0309767979179977,0.0126637762329137,-0.165825852314587,0.0505936483059253
9.90827379670937,0.106603960514523,-0.0894126471810008,-0.92779468732767,0.0595908777027564,-0.0309160470721895,0.0127310541613232,-0.165596557294484,0.0508904415036596
9.97698914603959,0.106078901781991,-0.0898004192724156,-0.928426087684648,0.0605567877283477,-0.0308546599428085,0.0127983636746973,-0.165364717554094,0.0511875144933591
10.0461810465159,0.105548915658879,-0.0901869072359099,-0.929059462750415,0.0615377852684414,-0.0307926330047023,0.0128656990149603,-0.165130319392456,0.05148484682719
10.1158528030912,0.105013985892556,-0.0905720483869557,-0.929694698719583,0.0625340598659598,-0.0307299627797708,0.0129330543296823,-0.16489334926402,0.0517824177132443
10.1860077436388,0.104474096966446,-0.0909557792388992,-0.930331677922689,0.0635458018264111,-0.0306666458389725,0.0130004236719157,-0.164653793785983,0.0520802060146776
10.2566492191112,0.103929234121594,-0.09133803550703,-0.930970278760135,0.0645732021631925,-0.0306026788043562,0.0130678010000691,-0.164411639745722,0.0523781902489897
10.3277806037004,0.103379383378423,-0.0917187521131426,-0.931610375636186,0.0656164525407366,-0.0305380583511176,0.0131351801778217,-0.164166874108335,0.0526763485874522
10.3994052949988,0.102824531558665,-0.0920978631906003,-0.932251838893089,0.0666757452154715,-0.0304727812096818,0.0132025549740771,-0.16391948402426,0.0529746588546863
10.4715267141616,0.102264666307467,-0.0924753020899155,-0.93289453474536,0.0677512729745552,-0.0304068441678092,0.0132699190629594,-0.163669456836995,0.0532730985283966
10.5441483060703,0.101699776115653,-0.0928510013848546,-0.933538325214297,0.0688432290723559,-0.0303402440727249,0.0133372660238517,-0.163416780090909,0.0535716447392632
10.6172735394972,0.10112985034214,-0.0932248928790822,-0.934183068062773,0.0699518071646419,-0.0302729778332716,0.0134045893414786,-0.16316144153913,0.0538702742709974
10.6909059072708,0.10055487923649,-0.0935969076133529,-0.934828616730359,0.0710772012404506,-0.030205042422084,0.0134718824060331,-0.162903429151528,0.0541689635605653
10.7650489264432,0.0999748539615947,-0.0939669758732646,-0.935474820268858,0.072219605551608,-0.0301364348777848,0.0135391385133504,-0.16264273112277,0.054467688698581
10.8397061384575,0.0993897666164721,-0.0943350271975817,-0.936121523278286,0.0733792145398637,-0.0300671523072008,0.0136063508651279,-0.162379335880455,0.0547664254298775
10.9148811093176,0.0987996102591703,-0.0947009903871413,-0.936768565843387,0.0745562227616191,-0.0299971918875997,0.013673512569194,-0.162113232093328,0.0550651491542553
10.9905774297578,0.0982043789297626,-0.0950647935143518,-0.937415783470725,0.0757508248102164,-0.0299265508689442,0.0137406166398256,-0.161844408679557,0.055363834927415
11.0667987154147,0.0976040676734217,-0.0954263639332951,-0.938063007026446,0.0769632152357659,-0.0298552265761652,0.0138076559981165,-0.161572854815084,0.0556624574620777
11.1435486070002,0.096998672563558,-0.0957856282904422,-0.938710062674753,0.078193588462483,-0.0297832164114508,0.0138746234723969,-0.161298559942034,0.055960991129296
11.2208307704748,0.0963881907250101,-0.0961425125359934,-0.93935677181719,0.0794421387035152,-0.029710517856552,0.0139415117987053,-0.161021513777192,0.0562594099599604
11.2986488972231,0.0957726203572711,-0.0964969419358513,-0.940002951032785,0.0807090598732351,-0.0296371284751023,0.0140083136213137,-0.160741706320523,0.0565576876465051
11.3770067042298,0.0951519607577363,-0.0968488410842383,-0.940648412019149,0.0819945454969802,-0.0295630459149517,0.014075021493308,-0.160459127863758,0.056855797544816
11.4559079342577,0.0945262123449557,-0.0971981339169661,-0.941292961534594,0.0832987886182199,-0.0294882679105121,0.0141416278772231,-0.160173768999015,0.0571537126763455
11.535356356026,0.0938953766818782,-0.0975447437253678,-0.941936401341349,0.0846219817031336,-0.0294127922851151,0.0142081251457348,-0.159885620627469,0.0574514057304371
11.6153557643908,0.0932594564990653,-0.0978885931709003,-0.942578528149967,0.085964316542586,-0.029336616953379,0.0142745055824091,-0.159594673968058,0.0577488490668637
11.6959099805258,0.0926184557178636,-0.0982296043004257,-0.94321913356499,0.087325984151484,-0.0292597399235846,0.0143407613825099,-0.159300920566222,0.0580460147185832
11.7770228521052,0.0919723794735132,-0.0985676985621806,-0.943858004031966,0.0887071746655076,-0.0291821593000588,0.0144068846538663,-0.159004352302669,0.0583428743947147
11.8586982534876,0.091321234138177,-0.0989027968224395,-0.944494920785904,0.0901080772352043,-0.0291038732855631,0.0144728674177992,-0.158704961402166,0.0586393994837372
11.9409400859005,0.0906650273438709,-0.0992348193828806,-0.945129659801253,0.0915288799174397,-0.0290248801836884,0.0145387016101102,-0.158402740442346,0.0589355610569175
12.0237522776272,0.0900037680052757,-0.0995636859986614,-0.945761991743488,0.0929697695642037,-0.0289451784012506,0.0146043790821311,-0.158097682362523,0.0592313298719657
12.1071387841942,0.0893374663424119,-0.099889315897208,-0.946391681922414,0.0944309317087659,-0.02886476645069,0.0146698916018374,-0.157789780472523,0.0595266763769252
12.1911035885602,0.0886661339031568,-0.100211627797728,-0.947018490247252,0.0959125504491858,-0.028783642952469,0.0147352308550241,-0.157479028461501,0.0598215707142981
12.2756507013062,0.0879897835855827,-0.100530539931448,-0.94764217118363,0.0974148083291776,-0.0287018066374688,0.0148003884465464,-0.157165420406767,0.0601159827254087
12.3607841608273,0.0873084296600972,-0.100845970062584,-0.948262473712556,0.0989378862163393,-0.0286192563493832,0.0148653559016254,-0.156848950782589,0.0604098819550086
12.4465080335254,0.0866220877913608,-0.101157835510049,-0.94887914129148,0.100481963177752,-0.0285359910471069,0.0149301246672187,-0.156529614468982,0.0607032376561248
12.5328264140034,0.0859307750599634,-0.101466053169899,-0.949491911817537,0.102047216352964,-0.0284520098071172,0.014994686113458,-0.156207406760474,0.0609960187951539
12.6197434252612,0.0852345099838353,-0.101770539538518,-0.950100517593077,0.103633820824374,-0.0283673118258475,0.015059031535153,-0.155882323374835,0.0612881940572035
12.7072632188919,0.0845333125393695,-0.102071210736562,-0.950704685293584,0.105241949485031,-0.0282818964220503,0.0151231521533628,-0.155554360461774,0.0615797318516843
12.7953899752808,0.0838272041822349,-0.102367982533632,-0.951304135938073,0.106871772903871,-0.0281957630391481,0.0151870391170348,-0.155223514611587,0.0618706003181528
12.8841279038047,0.0831162078678523,-0.102660770373711,-0.951898584862097,0.108523459188425,-0.0281089112475705,0.0152506835047126,-0.154889782863752,0.0621607673324073
12.9734812430331,0.0824003480715144,-0.102949489401347,-0.952487741693431,0.11019717384501,-0.0280213407470753,0.0153140763263116,-0.15455316271547,0.0624502005128392
13.0634542609305,0.0816796508081214,-0.103234054488579,-0.953071310330574,0.111893079636447,-0.0279330513690512,0.0153772085249643,-0.15421365213013,0.0627388672270383
13.1540512550606,0.0809541436515098,-0.103514380262617,-0.95364898892415,0.11361133643734,-0.0278440430788018,0.0154400709789346,-0.153871249545712,0.0630267345986566
13.2452765527909,0.0802238557533486,-0.103790381134273,-0.95422046986133,0.115352101086951,-0.0277543159778063,0.0155026545036017,-0.153525953883095,0.0633137695145282
13.3371345115004,0.0794888178615774,-0.104061971327128,-0.954785439753374,0.117115527239715,-0.0276638703059572,0.0155649498535131,-0.153177764554286,0.0635999386320477
13.4296295187868,0.0787490623383622,-0.104329064907446,-0.955343579426406,0.118901765213449,-0.0275727064437717,0.0156269477245086,-0.152826681470544,0.063885208386807
13.5227659926764,0.0780046231775422,-0.104591575814825,-0.955894563915531,0.120710961835288,-0.0274808249145745,0.0156886387559129,-0.152472705050406,0.06416954500049
13.6165483818355,0.07725553602154,-0.104849417893578,-0.956438062462389,0.122543260285424,-0.0273882263866512,0.0157500135327984,-0.152115836227593,0.0644529144890263
13.7109811657822,0.076501838177713,-0.105102504924847,-0.956973738516286,0.124398799938695,-0.0272949116753681,0.0158110625883185,-0.151756076458799,0.0647352826710023
13.806068855101,0.0757435686341152,-0.10535075065943,-0.957501249738967,0.126277716204084,-0.0272008817452579,0.0158717764061091,-0.151393427731345,0.0650166151763295
13.9018159916578,0.0749807680746462,-0.105594068851329,-0.958020248013185,0.128180140362203,-0.027106137712069,0.0159321454227606,-0.151027892570707,0.0652968774551695
13.998227148817,0.0742134788935588,-0.105832373291995,-0.958530379455138,0.130106199400835,-0.0270106808447743,0.0159921600303584,-0.150659474047879,0.0655760347871139
14.0953069316601,0.0734417452092988,-0.106065577845274,-0.959031284430898,0.132056015848593,-0.0269145125675401,0.0160518105790924,-0.150288175786603,0.0658540522906182
14.1930599772055,0.0726656128776515,-0.106293596483037,-0.959522597576946,0.134029707606806,-0.0268176344616501,0.0161110873799349,-0.149914001970414,0.0661308949326872
14.2914909546299,0.0718851295041658,-0.10651634332148,-0.960003947824899,0.13602738777968,-0.0267200482673845,0.0161699807073855,-0.149536957349535,0.0664065275388113
14.3906045654914,0.0711003444558309,-0.106733732658095,-0.960474958430554,0.138049164502861,-0.02662175588585,0.0162284808022846,-0.149157047247572,0.06668091480315
14.4904055439544,0.0703113088719783,-0.106945679009277,-0.96093524700734,0.140095140770462,-0.02652275938076,0.0162865778746917,-0.148774277568037,0.0669540212989607
14.5908986570152,0.0695180756743819,-0.107152097148577,-0.961384425564289,0.142165414260674,-0.0264230609801615,0.0163442621068313,-0.148388654800659,0.0672258114892697
14.6920887047298,0.0687206995765298,-0.107352902145566,-0.961822100548623,0.144260077160051,-0.026322663078107,0.0164015236561024,-0.148000186027502,0.067496249737783
14.7939805204436,0.0679192370920426,-0.107548009405305,-0.962247872893061,0.146379215986589,-0.0262215682362693,0.0164583526581527,-0.147608878928864,0.0677653003200319
14.8965789710218,0.0671137465422088,-0.107737334708403,-0.962661338067936,0.148522911411693,-0.0261197791854958,0.0165147392300156,-0.147214741788944,0.0680329274347516
14.999888957082,0.0663042880626157,-0.107920794251638,-0.963062086138227,0.150691238081175,-0.0260172988273018,0.01657067347331,-0.146817783501294,0.0682990952154865
15.1039154132284,0.0654909236088455,-0.108098304689125,-0.9634497018256,0.152884264435376,-0.025914130235299,0.0166261454774996,-0.146418013574019,0.0685637677424197
15.2086633082875,0.0646737169612148,-0.108269783174018,-0.963823764575533,0.155102052528568,-0.025810276656557,0.0166811453232133,-0.146015442134734,0.068826909054421
15.3141376455451,0.0638527337285292,-0.10843514740071,-0.96418384862964,0.157344657847732,-0.0257057415128969,0.0167356630856228,-0.145610079935257,0.0690884831613089
15.4203434629857,0.063028041350832,-0.108594315647521,-0.964529523103257,0.159612129130893,-0.0256005284021133,0.0167896888378777,-0.14520193835605,0.0693484540563204
15.5272858335329,0.0621997091011182,-0.108747206819847,-0.964860352068388,0.161904508185105,-0.0254946410991232,0.0168432126545962,-0.144791029410374,0.0696067857287833
15.6349698652918,0.0613678080859944,-0.108893740493734,-0.965175894642074,0.164221829704265,-0.0253880835570395,0.016896224615409,-0.144377365748169,0.0698634421769866
15.7434007017931,0.0605324112452583,-0.109033836959879,-0.965475705080288,0.166564121086892,-0.0252808599081666,0.0169487148085559,-0.143960960659644,0.0701183874212391
15.8525835222385,0.059693593350376,-0.109167417267991,-0.965759332877394,0.168931402254029,-0.0251729744649169,0.0170006733345328,-0.143541828078569,0.0703715855171137
15.9625235417481,0.0588514310018352,-0.109294403271528,-0.966026322871272,0.171323685467418,-0.0250644317206452,0.017052090309787,-0.14311998258526,0.070623000568867
16.07322601161,0.0580060026253535,-0.109414717672743,-0.966276215354153,0.173740975148126,-0.0249552363503989,0.0171029558704597,-0.142695439409254,0.0708725967430293
16.1846962195303,0.0571573884669189,-0.109528284068039,-0.966508546189222,0.176183267695775,-0.0248453932115831,0.0171532601761728,-0.142268214431669,0.0711203382821559
16.2969394898867,0.0563056705866448,-0.109635026993576,-0.96672284693307,0.178650551308557,-0.0247349073445374,0.0172029934138587,-0.141838324187222,0.0713661895187328
16.4099611839816,0.055450932851419,-0.10973487197112,-0.966918644964011,0.181142805804203,-0.0246237839730229,0.0172521458016298,-0.14140578586593,0.0716101148892281
16.5237667002994,0.0545932609263291,-0.109827745554091,-0.967095463616339,0.183660002442088,-0.0245120285046183,0.0173007075926875,-0.140970617314458,0.0718520789482803
16.6383614747635,0.0537327422648461,-0.109913575373775,-0.967252822320552,0.186202103746659,-0.0243996465310222,0.0173486690792654,-0.140532837037124,0.0720920463830158
16.7537509809962,0.0528694660977498,-0.109992290185665,-0.967390236749581,0.188769063332368,-0.0242866438282601,0.0173960205966077,-0.140092464196551,0.0723299820274849
16.8699407305804,0.0520035234207815,-0.110063819915904,-0.967507218971057,0.191360825730298,-0.0241730263567951,0.0174427525269773,-0.139649518613954,0.072565850877208
16.9869362733223,0.0511350069810074,-0.110128095707784,-0.967603277605633,0.193977326216689,-0.0240588002615402,0.0174888553036931,-0.139204020769065,0.0727996181038227
17.1047431975172,0.0502640112618819,-0.110185049968264,-0.967677917991392,0.196618490643546,-0.0239439718717707,0.0175343194151924,-0.138755991799689,0.0730312490698202
17.2233671302159,0.0493906324669951,-0.110234616414479,-0.96773064235434,0.199284235271537,-0.0238285477009351,0.0175791354091172,-0.138305453500871,0.0732607093433624
17.3428137374936,0.0485149685024975,-0.110276730120184,-0.967760949985001,0.201974466605391,-0.0237125344463633,0.0176232938964204,-0.137852428323699,0.0734879647131684
17.4630887247206,0.0476371189581872,-0.110311327562112,-0.967768337421099,0.204689081231985,-0.0235959389888714,0.017666785555489,-0.137396939373701,0.0737129812034596
17.5841978368348,0.0467571850872551,-0.110338346666189,-0.967752298636342,0.207427965661346,-0.0234787683922603,0.0177096011362828,-0.136939010408866,0.0739357250889532
17.7061468586161,0.0458752697846776,-0.110357726853574,-0.967712325235268,0.21019099617077,-0.0233610299027091,0.0177517314644842,-0.136478665837261,0.0741561629098912
17.8289416149627,0.0449914775642516,-0.110369409086487,-0.967647906654148,0.212978038652275,-0.02324273094806,0.0177931674456564,-0.136015930714255,0.0743742614870962
17.9525879711692,0.0441059145342683,-0.11037333591376,-0.96755853036792,0.215788948463598,-0.023123879136996,0.0178339000694072,-0.135550830739331,0.0745899879370391
18.0770918332073,0.0432186883718197,-0.110369451516103,-0.967443682103099,0.21862357028296,-0.0230044822581086,0.0178739204135556,-0.135083392252508,0.0748033096869093
18.2024591480069,0.0423299082957382,-0.110357701751006,-0.967302846056639,0.221481737967814,-0.0228845482788562,0.0179132196482967,-0.134613642230337,0.0750141944896743
18.3286959037413,0.0414396850381674,-0.110338034197257,-0.967135505120687,0.224363274417789,-0.0227640853444116,0.017951789040363,-0.134141608281502,0.075222610439117
18.4558081301122,0.0405481308147652,-0.110310398199025,-0.966941141113171,0.227267991442063,-0.0226431017763991,0.0179896199571785,-0.133667318642002,0.0754285259848369
18.5838018986386,0.0396553592935428,-0.110274744909456,-0.96671923501415,0.230195689631376,-0.0225216060715191,0.0180267038710016,-0.133190802169916,0.0756319099472053
18.7126833229461,0.0387614855623409,-0.110231027333746,-0.966469267207862,0.233146158234906,-0.0223996069000618,0.0180630323630543,-0.132712088339765,0.0758327315322592
18.8424585590593,0.037866626094953,-0.110179200371647,-0.96619071773037,0.236119175042231,-0.0222771131043089,0.0180985971276336,-0.132231207236445,0.0760309603465226
18.9731338056957,0.036970898715898,-0.110119220859347,-0.965883066522737,0.239114506270597,-0.0221541336968225,0.0181333899762027,-0.131748189548755,0.0762265664117416
19.1047153045619,0.0360744225638549,-0.110051047610696,-0.965545793689602,0.242131906457713,-0.0220306778586226,0.0181674028414568,-0.131263066562506,0.0764195201795212
19.2372093406515,0.0351773180537677,-0.109974641457718,-0.965178379763068,0.245171118360288,-0.0219067549372526,0.0182006277813626,-0.130775870153218,0.07660979254585
19.3706222425457,0.0342797068376338,-0.109889965290371,-0.964780305971785,0.248231872858531,-0.0217823744447333,0.0182330569831647,-0.130286632778397,0.0767973548654995
19.5049603827152,0.033381711763989,-0.10979698409551,-0.964351054515084,0.25131388886684,-0.0216575460554049,0.0182646827673591,-0.129795387469412,0.0769821789662856
19.6402301778248,0.0324834568361048,-0.109695664995003,-0.963890108842052,0.254416873250868,-0.0215322796036593,0.0182954975916273,-0.129302167822953,0.077164237163179
19.7764380890397,0.0315850671689155,-0.109585977282949,-0.963396953935379,0.257540520751214,-0.0214065850815613,0.0183254940547289,-0.128807007992088,0.0773435022722506
19.9135906223344,0.0306866689446931,-0.109467892461977,-0.962871076599856,0.260684513913915,-0.0212804726363614,0.0183546649003493,-0.12830994267691,0.0775199476244401
20.0516943288031,0.0297883893674913,-0.109341384278548,-0.962311965755324,0.263848523027969,-0.0211539525678994,0.0183830030208983,-0.127811007114794,0.0776935470791329
20.1907558049731,0.0288903566163805,-0.109206428757243,-0.961719112733947,0.267032206070081,-0.0210270353259007,0.0184105014612566,-0.127310237070245,0.0778642750375337
20.3307816931193,0.0279926997974981,-0.109063004233976,-0.961092011581599,0.270235208656836,-0.0208997315071661,0.0184371534224672,-0.126807668824364,0.0780321064558235
20.4717786815819,0.0270955488949389,-0.108911091388099,-0.960430159363193,0.273457164004489,-0.0207720518526569,0.0184629522653668,-0.126303339163924,0.0781970168580869
20.6137535050858,0.0261990347205146,-0.108750673273349,-0.95973305647176,0.276697692896573,-0.0206440072444759,0.0184878915141554,-0.125797285370065,0.0783589823489961
20.756712945062,0.0253032888624094,-0.108581735347601,-0.95900020694106,0.279956403659505,-0.0205156087027461,0.0185119648598999,-0.125289545206607,0.0785179796262411
20.900663829972,0.0244084436327639,-0.108404265501377,-0.958231118761531,0.283232892146365,-0.0203868673823891,0.0185351661639688,-0.124780156908005,0.0786739859926906
21.0456130356336,0.0235146320142191,-0.108218254085085,-0.957425304199347,0.286526741729038,-0.020257794569804,0.0185574894613935,-0.124269159166933,0.0788269793682746
21.1915674855492,0.0226219876054543,-0.108023693934926,-0.956582280118354,0.289837523298884,-0.0201284016794501,0.0185789289641553,-0.123756591121514,0.0789769383015732
21.338534151237,0.0217306445657555,-0.10782058039746,-0.955701568304657,0.293164795276086,-0.019998700250334,0.0185994790643922,-0.123242492342204,0.0791238419811019
21.4865200525637,0.0208407375586496,-0.107608911352759,-0.954782695793607,0.296508103627856,-0.0198687019424036,0.0186191343375247,-0.122726902818337,0.0792676702462813
21.6355322580795,0.0199524016946453,-0.107388687236139,-0.953825195198942,0.299866981895634,-0.0197384185328518,0.0186378895452957,-0.122209862944336,0.079408403598078
21.7855778853565,0.0190657724731191,-0.107159911058424,-0.952828605043823,0.303240951231419,-0.0196078619123319,0.0186557396387228,-0.121691413505602,0.0795460232093083
21.9366641013278,0.0181809857233894,-0.106922588424702,-0.951792470093489,0.306629520443392,-0.0194770440810861,0.0186726797609595,-0.121171595664095,0.0796805109345909
22.0887981226306,0.0172981775450214,-0.10667672755155,-0.950716341689275,0.310032186050918,-0.0193459771449918,0.0186887052500625,-0.12065045094361,0.0798118493199394
22.2419872159503,0.0164174842474072,-0.106422339282691,-0.949599778083704,0.313448432349093,-0.0192146733115265,0.018703811641662,-0.120128021214756,0.0799400216119847
22.396238698368,0.0155390422886674,-0.106159437103053,-0.948442344776361,0.316877731482898,-0.0190831448856545,0.0187179946715333,-0.119604348679658,0.080065011766815
22.5515599377096,0.0146629882139211,-0.105888037151208,-0.947243614850276,0.320319543531108,-0.0189514042656391,0.0187312502780658,-0.119079475856393,0.0801868044584264
22.7079583528983,0.0137894585929739,-0.105608158230146,-0.946003169308494,0.323773316600003,-0.0188194639387823,0.0187435746046281,-0.118553445563151,0.0803053850867729
22.8654414143084,0.0129185899574709,-0.105319821816382,-0.944720597410547,0.327238486927006,-0.0186873364770953,0.0187549640018262,-0.118026300902167,0.0804207397854074
23.0240166441225,0.0120505187375701,-0.105023052067354,-0.943395497008509,0.330714478994284,-0.0185550345329029,0.0187654150296516,-0.117498085243404,0.0805328554287048
23.1836916166905,0.0111853811981829,-0.104717875827094,-0.942027474882326,0.334200705652398,-0.018422570834386,0.0187749244595197,-0.11696884220802,0.08064171963866
23.3444739588916,0.0103233133748395,-0.104404322630158,-0.940616147074099,0.337696568254044,-0.0182899581810638,0.0187834892761933,-0.116438615651621,0.0807473207912514
23.5063713504986,0.00946445100922941,-0.104082424703788,-0.939161139220995,0.341201456797927,-0.0181572094392202,0.0187911066795916,-0.115907449647321,0.0808496480223637
23.6693915245447,0.00860892948447483,-0.103752216968292,-0.937662086886464,0.344714750082801,-0.0180243375372779,0.0187977740864812,-0.11537538846861,0.0809486912332631
23.8335422676926,0.00775688376019047,-0.103413737035631,-0.936118635889435,0.348235815871689,-0.0178913554611232,0.0188034891320489,-0.114842476572065,0.081044441095618
23.9988314206069,0.00690844830738764,-0.10306702520619,-0.934530442631146,0.351764011066297,-0.0177582762493859,0.0188082496713529,-0.114308758579888,0.0811368890560587
24.1652668783283,0.00606375704327913,-0.102712124463731,-0.932897174419286,0.355298681891611,-0.0176251129886766,0.018812053780653,-0.113774279262318,0.0812260273402724
24.3328565906507,0.00522294326604304,-0.102349080468518,-0.931218509789099,0.358839164090668,-0.0174918788087869,0.0188148997586163,-0.113239083519903,0.0813118489566261
24.5016085625011,0.00438613958960346,-0.101977941548599,-0.929494138821119,0.362384783129465,-0.0173585868778546,0.0188167861273989,-0.112703216365663,0.0813943476993154
24.6715308543219,0.00355347787848689,-0.101598758689252,-0.927723763455195,0.365934854411977,-0.0172252503974993,0.0188177116336011,-0.112166722907155,0.0814735181510322
24.8426315824557,0.00272508918281408,-0.101211585520577,-0.925907097800454,0.369488683505223,-0.0170918825979301,0.0188176752490967,-0.111629648328455,0.081549355685151
25.0149189195333,0.00190110367348601,-0.100816478303252,-0.924043868440876,0.373045566374313,-0.0169584967330323,0.0188166761717338,-0.111092037872064,0.0816218564674285
25.1884010948637,0.00108165057762367,-0.100413495912435,-0.922133814736121,0.376604789627411,-0.0168251060754339,0.0188147138259078,-0.110553936820768,0.0816910174572146
25.3630863948277,0.000266858114322296,-0.100002699819827,-0.920176689117277,0.38016563077052,-0.0166917239115581,0.0188117878630055,-0.110015390479458,0.0817568364081736
25.538983163273,-0.000543146569221026,-0.0995841540739025,-0.918172257377198,0.383727358471972,-0.0165583635366644,0.0188078981617194,-0.109476444156919,0.0818193118685129
25.7160998019135,-0.00134823746114635,-0.0991579252783057,-0.916120298955065,0.387289232836535,-0.0164250382498834,0.0188030448282334,-0.108937143147621,0.0818784431807196
25.89444477073,-0.00214828974787637,-0.0987240825684323,-0.914020607214859,0.390850505688988,-0.0162917613492483,0.018797228196278,-0.108397532713509,0.0819342304808039
26.0740265883745,-0.00294317987650972,-0.0982826975862034,-0.911872989717406,0.394410420867032,-0.0161585461267274,0.0187904488270557,-0.107857658065821,0.0819866746970495
26.2548538325773,-0.00373278561660256,-0.0978338444530466,-0.90967726848565,0.397968214523386,-0.0160254058632617,0.0187827075090376,-0.10731756434694,0.0820357775482719
26.4369351405564,-0.00451698612127893,-0.0973775997411029,-0.907433280262844,0.401523115436902,-0.0158923538238122,0.0187740052576301,-0.1067772966123,0.0820815415415863
26.6202792094301,-0.0052956619876132,-0.0969140424426751,-0.905140876763322,0.405074345332513,-0.0157594032524188,0.0187643433147131,-0.106236899812361,0.0821239699696857
26.8048947966327,-0.00606869531622585,-0.0964432539379399,-0.902799924915542,0.408621119209842,-0.0156265673672778,0.0187537231480493,-0.105696418774669,0.082163066907633
26.9907907203326,-0.00683596977003524,-0.0959653179609467,-0.90041030709708,0.412162645680252,-0.0154938593558386,0.0187421464505667,-0.105155898186008,0.0821988372091688
27.1779758598533,-0.00759737063210989,-0.0954803205639273,-0.897971921361269,0.415698127312131,-0.0153612923699264,0.0187296151395138,-0.104615382574674,0.0822312865025388
27.3664591560979,-0.00835278486256538,-0.0949883500799436,-0.895484681655181,0.419226760984184,-0.0152288795208927,0.0187161313554895,-0.104074916292871,0.082260421185845
27.556249611976,-0.00910210115445094,-0.094489497083903,-0.892948518028658,0.422747738246496,-0.0150966338747982,0.0187016974613474,-0.103534543499252,0.0822862484219239
27.7473562928336,-0.00984520998857263,-0.0939838543519715,-0.890363376834099,0.42626024568911,-0.0149645684476325,0.0186863160409776,-0.10299430814162,0.0823087761327587
27.9397883268864,-0.0105820036872001,-0.0934715168194184,-0.887729220916728,0.42976346531787,-0.0148326962005723,0.0186699898979659,-0.102454253939797,0.0823280129934282
28.1335549056553,-0.0113123764666059,-0.0929525815369271,-0.885046029795063,0.433256574937242,-0.0147010300352847,0.0186527220541327,-0.10191442436868,0.0823439684256012
28.3286652844062,-0.0120362244883869,-0.0924271476254088,-0.882313799831331,0.436738748539845,-0.0145695827892757,0.0186345157479523,-0.101374862641497,0.0823566525905807
28.5251287825912,-0.0127534459095188,-0.0918953162293576,-0.87953254439156,0.440209156702382,-0.0144383672312909,0.0186153744328558,-0.100835611693277,0.082366076381905
28.7229547842946,-0.0134639409310968,-0.0913571904687883,-0.876702293995124,0.443666966987687,-0.0143073960567693,0.0185953017754178,-0.100296714164547,0.0823722514175146
28.9221527386804,-0.0141676118457152,-0.0908128753897978,-0.873823096453475,0.447111344352554,-0.0141766818833544,0.0185743016534301,-0.0997582123852655,0.0823751900314901
29.1227321604441,-0.0148643630834433,-0.0902624779137952,-0.870895016997867,0.450541451561038,-0.014046237246466,0.018552378153864,-0.099220148359014,0.0823749052653724
29.324702630267,-0.0155541012563519,-0.089706106785445,-0.867918138395833,0.453956449602889,-0.0139160745949368,0.0185295355707234,-0.0986825637474479,0.0823714108590702
29.5280737952738,-0.016236735201552,-0.0891438725193708,-0.864892561056227,0.457355498116782,-0.0137862062867141,0.0185057784027907,-0.0981454998550285,0.0823647212413673
29.7328553694936,-0.016912176022704,-0.0885758873456692,-0.86181840312263,0.460737755817988,-0.0136566445846334,0.0184811113512685,-0.0976089976140417,0.0823548515200369
29.9390571343235,-0.0175803371299601,-0.0880022651542815,-0.858695800554939,0.464102380930132,-0.0135274016522636,0.0184555393173196,-0.0970730975699186,0.0823418174715732
30.1466889389963,-0.0182411342783043,-0.0874231214382761,-0.85552490719898,0.467448531620667,-0.0133984895498284,0.0184290673995067,-0.0965378398668657,0.0823256355305512
30.3557607010504,-0.0188944856042556,-0.0868385732360943,-0.852305894843979,0.470775366439707,-0.0132699202302064,0.0184017008911361,-0.0960032642338187,0.0823063227786239
30.566282406804,-0.0195403116609016,-0.0862487390728124,-0.84903895326775,0.474082044761813,-0.0131417055350116,0.0183734452775071,-0.0954694099707277,0.0822838969331691
30.7782641118319,-0.0201785354512335,-0.0856537389004752,-0.845724290269474,0.477367727230371,-0.0130138571907586,0.0183443062330703,-0.0949363159351846,0.082258376335596
30.9917159414457,-0.020809082459753,-0.0850536940375573,-0.842362131689956,0.480631576204166,-0.0128863868051127,0.0183142896184971,-0.0944040205294022,0.0822297799393233
31.2066480911777,-0.0214318806823255,-0.0844487271076085,-0.838952721419242,0.483872756205741,-0.0127593058632288,0.018283401477665,-0.0938725616875543,0.0821981272974411
31.4230708272674,-0.0220468606542554,-0.0838389619771416,-0.835496321391522,0.487090434371161,-0.0126326257241811,0.0182516480345592,-0.0933419768634838,0.0821634385500668
31.6409944871527,-0.0226539554765619,-0.0832245236928207,-0.831993211567243,0.490283780900761,-0.0125063576174846,0.0182190356900962,-0.0928123030187896,0.0821257344114105
31.8604294799627,-0.0232531008404348,-0.0826055384180094,-0.828443689902365,0.493451969510483,-0.0123805126397119,0.0181855710188709,-0.0922835766112971,0.0820850361565588
32.0813862870155,-0.0238442350498532,-0.081982133368739,-0.824848072304714,0.496594177883381,-0.0122551017512057,0.0181512607658305,-0.0917558335839219,0.0820413656079915
32.3038754623189,-0.0244272990423514,-0.081354436749157,-0.82120669257741,0.499709588120881,-0.0121301357728894,0.0181161118428795,-0.091229109353932,0.0819947451218445
32.5279076330741,-0.0250022364079189,-0.0807225776865165,-0.817519902349347,0.50279738719339,-0.0120056253831781,0.0180801313254182,-0.0907034388026153,0.0819451975739311
32.7534935001834,-0.0255689934060232,-0.0800866861657682,-0.813788070992715,0.505856767389825,-0.0118815811149892,0.0180433264488176,-0.0901788562653586,0.081892746345534
32.9806438387618,-0.0261275189807474,-0.0794468929638163,-0.810011585527602,0.508886926765655,-0.0117580133528568,0.0180057046048356,-0.0896553955221424,0.081837415308984
33.2093694986511,-0.0266777647740351,-0.0788033295834991,-0.806190850513671,0.51188706958903,-0.011634932330149,0.0179672733379765,-0.0891330897884577,0.0817792288130358
33.4396814049384,-0.0272196851370387,-0.0781561281873587,-0.802326287928983,0.51485640678459,-0.0115123481263898,0.0179280403417973,-0.0886119717066484,0.0817182116680567
33.6715905584778,-0.0277532371395697,-0.0775054215312574,-0.798418337036011,0.517794156374527,-0.0113902706646874,0.0178880134551654,-0.0880920733376833,0.0816543891310408
33.9051080364161,-0.0282783805776504,-0.0768513428979068,-0.794467454234913,0.520699543916495,-0.0112687097092679,0.0178472006584693,-0.087573426153361,0.0815877868904623
34.1402449927217,-0.0287950779791692,-0.076194026030368,-0.790474112904173,0.523571802937951,-0.0111476748631173,0.0178056100697879,-0.0870560610289519,0.0815184310509817
34.3770126587175,-0.0293032946076456,-0.0755336050655854,-0.786438803228679,0.526410175366526,-0.0110271755657309,0.017763249941019,-0.0865400082362779,0.0814463481180198
34.6154223436172,-0.0298029984641098,-0.0748702144680147,-0.782362032015391,0.529213911956005,-0.0109072210909706,0.017720128653974,-0.0860252974372331,0.0813715649822108
34.8554854350656,-0.0302941602871077,-0.0742039889634063,-0.778244322496705,0.53198227270753,-0.0107878205450316,0.0176762547164384,-0.0855119576777472,0.0812941089037506
35.0972133996824,-0.0307767535508411,-0.0735350634728019,-0.774086214121668,0.534714527285622,-0.0106689828645173,0.0176316367582048,-0.0850000173821917,0.0812140074966534
35.3406177836102,-0.0312507544614571,-0.0728635730468065,-0.769888262335206,0.537409955428636,-0.0105507168146241,0.0175862835270799,-0.0844895043482307,0.081131288712929
35.5857102130658,-0.0317161419515024,-0.0721896528001917,-0.765651038345539,0.540067847353248,-0.010433030987434,0.0175402038848686,-0.0839804457421154,0.0810459808266958
35.8325023948954,-0.0321728976725585,-0.0715134378468899,-0.761375128879965,0.542687504152616,-0.0103159338003174,0.0174934068033407,-0.0834728680944231,0.0809581124182433
36.081006117134,-0.032621005986079,-0.070835063235436,-0.757061135929217,0.545268238187825,-0.0101994334944435,0.0174459013601806,-0.0829667972962394,0.0808677123580558
36.3312332495683,-0.0330604539524495,-0.0701546638849116,-0.752709676480618,0.547809373472256,-0.0100835381334002,0.0173976967349261,-0.082462258595782,0.0807748097908122
36.5831957443038,-0.0334912313182933,-0.0694723745214486,-0.748321382240242,0.550310246048526,-0.0099682556019204,0.0173488022048968,-0.0819592765954663,0.0806794341193749
36.8369056363357,-0.033913330502049,-0.068788329615344,-0.743896899344337,0.552770204357639,-0.00985359360471736,0.0172992271411179,-0.0814578752494083,0.08058161498878
37.0923750441235,-0.0343267465778455,-0.0681026633188417,-0.739436888060259,0.555188609600019,-0.00973955966542563,0.0172489810042405,-0.0809580778613649,0.0804813822702425
37.3496161701702,-0.0347314772577054,-0.0674155094046294,-0.734942022477173,0.557564836088085,-0.0096261611256484,0.0171980733404629,-0.0804599070831071,0.0803787660451896
37.6086413016048,-0.0351275228721056,-0.0667270012051034,-0.730412990186811,0.559898271590046,-0.00951340514410998,0.0171465137774546,-0.0799633849132236,0.0802737965893333
37.8694628107695,-0.035514886348928,-0.0660372715524502,-0.725850491954559,0.562188317664618,-0.00940129869591249,0.0170943120202878,-0.079468532696351,0.0801665043567963
38.1320931558105,-0.0358935731908345,-0.0653464527195913,-0.72125524138118,0.564434389986342,-0.00928984857189567,0.0170414778473771,-0.0789753711228276,0.0800569199643023
38.3965448812729,-0.0362635914511004,-0.0646546763620377,-0.716627964555483,0.566635918661227,-0.00917906137809882,0.0169880211064324,-0.0784839202287642,0.0799450741754432
38.6628306187004,-0.0366249517079454,-0.0639620734607007,-0.711969399698244,0.568792348532438,-0.00906894353532366,0.0169339517104265,-0.0779941993965304,0.0798309978850345
38.9309630872381,-0.0369776670373973,-0.0632687742656989,-0.707280296797719,0.570903139475756,-0.00895950127879664,0.0168792796335804,-0.0775062273556487,0.0797147221035714
39.2009550942403,-0.0373217529847315,-0.0625749082412052,-0.702561417237076,0.572967766684563,-0.00885074065792961,0.0168240149073692,-0.0770200221840925,0.0795962779417956
39.4728195358824,-0.0376572275345237,-0.0618806040113735,-0.697813533414093,0.574985720944101,-0.00874266753617729,0.0167681676165511,-0.0765356013099821,0.0794756965953849
39.7465693977764,-0.0379841110793611,-0.0611859893073822,-0.693037428353479,0.576956508894786,-0.00863528759098991,0.0167117478952217,-0.0760529815136726,0.0793530093297755
40.0222177555915,-0.0383024263872526,-0.0604911909156319,-0.688233895312165,0.578879653284353,-0.0085286063138597,0.0166547659228969,-0.0755721789302275,0.0792282474651289
40.2997777756789,-0.0386121985677842,-0.0597963346271319,-0.683403737377951,0.580754693208627,-0.00842262901045939,0.0165972319206259,-0.0750932090522716,0.0791014423614513
40.5792627157,-0.0389134550370639,-0.0591015451881075,-0.678547767061857,0.582581184340737,-0.00831736080087116,0.0165391561471365,-0.0746160867332164,0.0789726254038784
40.8606859252603,-0.0392062254815018,-0.058406946251861,-0.673666805884577,0.584358699148592,-0.00821280661990411,0.0164805488950163,-0.0741408261908506,0.0788418279881328
41.1440608465467,-0.0394905418204738,-0.0577126603319138,-0.668761683957411,0.586086827100457,-0.00810897121749863,0.01642142048693,-0.0736674410112893,0.0787090815061641
41.4294010149697,-0.0397664381679155,-0.0570188087564583,-0.663833239558061,0.587765174858481,-0.00800585915921575,0.0163617812718766,-0.0731959441532732,0.0785744173319823
41.7167200598098,-0.0400339507928942,-0.0563255116241439,-0.658882318701691,0.589393366460042,-0.00790347482680945,0.0163016416214871,-0.072726347952811,0.0784378668076902
42.0060317048688,-0.0402931180792091,-0.0556328877612228,-0.653909774707633,0.59097104348679,-0.00780182241888017,0.0162410119263656,-0.0722586641281567,0.0782994612297265
42.2973497691249,-0.0405439804840695,-0.0549410546800745,-0.648916467762159,0.592497865221279,-0.00770090595160739,0.016179902592475,-0.0717929037851134,0.0781592318353258
42.5906881673929,-0.0407865804958981,-0.0542501285391314,-0.643903264477695,0.5939735087911,-0.00760072925955927,0.0161183240375692,-0.071329077422656,0.0780172097892033
42.8860609109892,-0.0410209625913138,-0.053560224104222,-0.6388710374489,0.595397669300436,-0.00750129599657745,0.0160562866876737,-0.0708671949388636,0.0778734261704732
43.1834821084004,-0.0412471731913407,-0.0528714547113481,-0.633820664806004,0.596770059948979,-0.00740260963673467,0.0159938009736151,-0.0704072656371531,0.0777279119598065
43.4829659659579,-0.0414652606168962,-0.0521839322309101,-0.628753029765814,0.598090412138148,-0.00730467347536327,0.0159308773276033,-0.0699492982328053,0.0775806980268352
43.7845267885158,-0.041675275043609,-0.0514977670333923,-0.623669020180789,0.599358475564598,-0.00720749063015253,0.0158675261798645,-0.0694933008597751,0.0774318151178115
44.0881789801347,-0.0418772684560167,-0.0508130679565193,-0.61856952808659,0.600574018300971,-0.00711106404231237,0.0158037579553289,-0.0690392810777753,0.077281293843525
44.3939370447695,-0.0420712946011947,-0.0501299422738911,-0.613455449248514,0.601736826863912,-0.00701539647780161,0.0157395830703739,-0.0685872458796271,0.077129164667486
44.701815586962,-0.0422574089418678,-0.0494484956651037,-0.608327682707205,0.602846706269333,-0.00692049052861839,0.0156750119296225,-0.0681372016988648,0.0769754578943807
45.0118293125388,-0.042435668609053,-0.0487688321873598,-0.603187130324043,0.603903480074961,-0.00682634861415062,0.0156100549227994,-0.0676891544175892,0.076820203658802
45.3239930293136,-0.0426061323542868,-0.0480910542485737,-0.598034696326625,0.604906990410211,-0.00673297298258436,0.0155447224216454,-0.0672431093745569,0.0766634319142619
45.6383216477945,-0.0427688605014843,-0.0474152625819689,-0.592871286854697,0.605857097993417,-0.0066403657123677,0.0154790247768906,-0.0667990713734981,0.0765051724224905
45.954830181896,-0.0429239148984818,-0.0467415562221702,-0.587697809506974,0.606753682136496,-0.00654852871372831,0.0154129723152876,-0.0663570446916526,0.0763454547430248
46.2735337496566,-0.0430713588683108,-0.0460700324827873,-0.58251517288919,0.607596640737122,-0.00645746373024204,0.0153465753367055,-0.0659170330885139,0.0761843082230921
46.5944475739604,-0.0432112571602533,-0.0454007869354846,-0.57732428616379,0.608385890258494,-0.00636717234045082,0.0152798441112845,-0.0654790398147734,0.0760217619877919
46.9175869832646,-0.0433436759007255,-0.0447339133905324,-0.572126058601631,0.609121365696799,-0.00627765595952732,0.015212788876653,-0.065043067621453,0.0758578449305784
47.2429674123316,-0.043468682544038,-0.0440695038788322,-0.566921399136059,0.609803020536489,-0.00618891584098443,0.0151454198352065,-0.0646091187692176,0.0756925857040485
47.5706044029659,-0.04358634582308,-0.0434076486354064,-0.561711215919734,0.610430826693502,-0.00610095307842736,0.0150777471514498,-0.0641771950378583,0.0755260127110368
47.9005136047569,-0.0436967356999717,-0.0427484360843418,-0.556496415884563,0.611004774446549,-0.0060137686073461,0.0150097809494014,-0.0637472977359346,0.0753581540960199
48.2327107758263,-0.0437999233167328,-0.0420919528251759,-0.551277904305087,0.61152487235664,-0.00592736320694641,0.0149415313100619,-0.0633194277105693,0.0751890377368338
48.5672117835806,-0.0438959809460093,-0.0414382836207104,-0.546056584365668,0.611991147174989,-0.00584173750201694,0.0148730082689457,-0.062893585357382,0.0750186912367041
48.904032605469,-0.043984981941904,-0.0407875113862386,-0.540833356731829,0.612403643739484,-0.00575689196483053,0.0148042218136766,-0.0624697706305564,0.0748471419165924
49.243189329747,-0.0440670006909517,-0.0401397171801695,-0.535609119126047,0.612762424859897,-0.00567282691707776,0.0147351818816469,-0.0620479830530276,0.0746744168078589
49.5846981562442,-0.0441421125632825,-0.039494980196031,-0.530384765908351,0.61306757119203,-0.00558954253183053,0.01466589835774,-0.0616282217267828,0.0745005426452435
49.9285753971387,-0.0442103938640121,-0.0388533777558333,-0.525161187662023,0.613319181101002,-0.00550703883553384,0.0145963810721175,-0.0612104853432645,0.0743255458601648
50.2748374777359,-0.0442719217849006,-0.0382149853047717,-0.519939270784699,0.613517370513873,-0.00542531571002367,0.0145266397980694,-0.0607947721938671,0.0741494525743385
50.6235009372529,-0.0443267743563159,-0.0375798764072478,-0.514719897085191,0.61366227276185,-0.00534437289456922,0.0144566842499276,-0.0603810801805176,0.0739722885937151
50.974582429609,-0.0443750303995417,-0.0369481227441873,-0.509503943386282,0.613754038412288,-0.00526420998793742,0.0143865240810427,-0.0599694068263313,0.0737940794027365
51.3280987242209,-0.0444167694794647,-0.0363197941116287,-0.504292281133797,0.613792835090718,-0.00518482645047792,0.0143161688818242,-0.0595597492863323,0.0736148501589119
51.6840667068035,-0.044452071857675,-0.0356949584205609,-0.499085776012207,0.613778847293164,-0.00510622160622688,0.0142456281778428,-0.0591521043582316,0.0734346256877119
52.0425033801768,-0.0444810184460167,-0.0350736816979816,-0.493885287567014,0.613712276188987,-0.00502839464502757,0.0141749114279947,-0.0587464684932521,0.0732534304777799
52.4034258650778,-0.0445036907606181,-0.0344560280891521,-0.488691668834181,0.613593339414527,-0.00495134462466606,0.0141040280227285,-0.0583428378069914,0.0730712886764609
52.7668514009784,-0.0445201708764338,-0.0338420598610198,-0.483505765976822,0.613422270857783,-0.00487507047302053,0.0140329872823328,-0.0579412080903156,0.0728882240856439
53.1327973469088,-0.0445305413823294,-0.0332318374067809,-0.47832841792939,0.613199320434442,-0.00479957099022217,0.0139617984552846,-0.0575415748202729,0.0727042601579199
53.5012811822866,-0.0445348853367368,-0.0326254192515545,-0.473160456049581,0.612924753855494,-0.00472484485082638,0.0138904707166582,-0.0571439331710204,0.0725194199930509
53.8723205077517,-0.0445332862239068,-0.0320228620591384,-0.468002703778141,0.612598852386738,-0.00465089060599248,0.0138190131665941,-0.0567482780247539,0.0723337263347491
54.2459330460073,-0.0445258279107871,-0.0314242206398163,-0.462855976306784,0.61222191260046,-0.0045777066856705,0.0137474348288256,-0.056354603982634,0.0721472015677637
54.6221366426659,-0.0445125946045475,-0.030829547959187,-0.457721080254396,0.611794246119566,-0.00450529140079349,0.0136757446492654,-0.0559629053756988,0.0719598677152741
55.0009492671021,-0.0444936708107786,-0.0302388951479821,-0.452598813351696,0.611316179354478,-0.00443364294547397,0.0136039514946488,-0.0555731762757559,0.0717717464365852
55.3823890133107,-0.044469141292384,-0.0296523115128432,-0.447489964134515,0.610788053233071,-0.00436275939920302,0.0135320641512342,-0.0551854105062457,0.0715828590251234
55.7664741007712,-0.0444390910291875,-0.0290698445480247,-0.442395311645844,0.610210222923972,-0.00429263872905081,0.0134600913235594,-0.0547996016530677,0.0713932264067294
56.1532228753178,-0.0444036051782744,-0.0284915399479912,-0.437315625146779,0.609583057553511,-0.00422327879186707,0.013388041633254,-0.0544157430753621,0.0712028691382456
56.5426538100157,-0.0443627690350857,-0.027917441620876,-0.432251663836502,0.608906939916625,-0.00415467733648032,0.0133159236179055,-0.0540338279162403,0.0710118074063937
56.9347855060436,-0.04431666799528,-0.0273475917027686,-0.427204176581413,0.608182266182031,-0.00408683200589472,0.0132437457299799,-0.053653849113455,0.07082006102694
57.3296366935823,-0.0442653875173811,-0.0267820305727975,-0.422173901653498,0.607409445591973,-0.00401974033948316,0.0131715163357944,-0.0532757994100039,0.0706276494441436
57.7272262327089,-0.0442090130862224,-0.0262207968689761,-0.417161566478056,0.606588900156845,-0.00395339977517571,0.013099243714543,-0.0528996713646597,0.0704345917304856
58.1275731142982,-0.0441476301772041,-0.0256639275047784,-0.412167887390852,0.605721064345004,-0.00388780765164203,0.0130269360573725,-0.052525457362419,0.0702409065866723
58.5306964609293,-0.044081324221371,-0.0251114576864102,-0.407193569404763,0.604806384768081,-0.00382296121046709,0.012954601466509,-0.0521531496248644,0.0700466123419111
58.9366155277994,-0.044010180571325,-0.0245634209307446,-0.402239305985995,0.60384531986209,-0.0037588575983188,0.0128822479544336,-0.0517827402204308,0.0698517269544538
59.3453497036433,-0.0439342844679775,-0.0240198490838874,-0.397305778839916,0.602838339564655,-0.00369549386910687,0.0128098834431068,-0.0514142210745723,0.0696562680124014
59.7569185116595,-0.0438537210081523,-0.0234807723403394,-0.392393657706532,0.601785924988652,-0.00363286698613192,0.0127375157632398,-0.0510475839798217,0.0694602527347689
60.1713416104428,-0.0437685751130437,-0.0229462192627247,-0.387503600165667,0.600688568092572,-0.00357097382422389,0.0126651526536124,-0.0506828206057362,0.069263697972802
60.5886387949234,-0.043678931497536,-0.0224162168020495,-0.382636251451843,0.599546771347907,-0.00350981117186905,0.0125928017604373,-0.0503199225087242,0.0690666202115431
61.0088299973121,-0.0435848746403886,-0.0218907903184623,-0.377792244278878,0.598361047403865,-0.00344937573332473,0.0125204706367675,-0.0499588811417476,0.0688690355716413
61.4319352880526,-0.0434864887552882,-0.0213699636024811,-0.372972198674214,0.597131918749705,-0.0033896641307211,0.0124481667419483,-0.0495996878638921,0.0686709598114
61.8579748767801,-0.0433838577627725,-0.0208537588966576,-0.368176721822953,0.59585991737499,-0.00333067290614924,0.0123758974411121,-0.0492423339498025,0.0684724083290588
62.2869691132868,-0.0432770652630237,-0.0203421969176461,-0.363406407921597,0.594545584428049,-0.0032723985237349,0.0123036700047141,-0.0488868105989754,0.0682733961653027
62.7189384884933,-0.0431661945095334,-0.0198352968786472,-0.358661838041457,0.593189469872945,-0.00321483737169727,0.0122314916081094,-0.0485331089449065,0.0680739380059942
63.1539036354283,-0.0430513283836358,-0.0193330765121946,-0.353943580001703,0.591792132145217,-0.00315798576439223,0.0121593693311694,-0.0481812200640848,0.0678740481851223
63.5918853302131,-0.0429325493699093,-0.0188355520932573,-0.349252188252012,0.5903541378067,-0.0031018399443395,0.0120873101579378,-0.0478311349848312,0.0676737406879629
64.032904493055,-0.0428099395324406,-0.0183427384626249,-0.344588203764757,0.588876061199676,-0.00304639608423322,0.0120153209763232,-0.0474828446959764,0.0674730291544453
64.4769821892457,-0.0426835804919486,-0.0178546490505499,-0.339952153936683,0.587358484100652,-0.00299165028893545,0.0119434085778301,-0.0471363401553724,0.0672719268827178
64.9241396301678,-0.0425535534037634,-0.0173712959006167,-0.33534455250001,0.585801995374014,-0.00293759859745215,0.0118715796573245,-0.0467916122982349,0.0670704468329081
65.3743981743082,-0.0424199389366525,-0.0168926896938108,-0.33076589944287,0.58420719062584,-0.0028842369848913,0.0117998408128358,-0.0464486520453119,0.0668686016310712
65.827779328278,-0.0422828172524899,-0.0164188397727609,-0.326216680939016,0.582574671858107,-0.00283156136440274,0.011728198545392,-0.0461074503108743,0.0666664035733196
66.2843047478397,-0.0421422679867585,-0.0159497541661262,-0.321697369286703,0.580905047123569,-0.00277956758909937,0.0116566592588883,-0.0457679980105254,0.0664638646301292
66.7439962389419,-0.0419983702298782,-0.015485439613105,-0.317208422856648,0.579198930181542,-0.00272825145395947,0.0115852292599884,-0.0454302860688254,0.066260996450815
67.2068757587607,-0.0418512025093508,-0.0150259015880386,-0.312750286048969,0.577456940154838,-0.0026776086977098,0.0115139147580569,-0.0450943054267278,0.0660578103681707
67.6729654167483,-0.0417008427727113,-0.0145711443250854,-0.308323389258996,0.575679701188092,-0.00262763500468933,0.0114427218651224,-0.0447600470488241,0.0658543174032649
68.1422874756894,-0.0415473683712764,-0.0141211708429426,-0.303928148851833,0.573867842107709,-0.00257832600669322,0.0113716565958705,-0.0444275019303947,0.0656505282703884
68.6148643527643,-0.0413908560446771,-0.0136759829695914,-0.29956496714556,0.572021996083656,-0.00252967728479699,0.0113007248676651,-0.0440966611042617,0.0654464533821463
69.0907186206199,-0.041231381906166,-0.0132355813670444,-0.29523423240294,0.570142800293321,-0.00248168437116073,0.0112299325005987,-0.0437675156474433,0.0652421028546882
69.5698730084476,-0.0410690214286854,-0.0127999655560732,-0.290936318831519,0.568230895587657,-0.00243434275081304,0.0111592852175691,-0.0434400566876047,0.0650374865130695
70.0523504030693,-0.0409038494316843,-0.012369133940895,-0.286671586591955,0.566286926159809,-0.0023876478634148,0.0110887886443826,-0.0431142754093056,0.0648326138967389
70.5381738500302,-0.0407359400686714,-0.0119430838337984,-0.282440381814462,0.564311539216428,-0.00234159510500248,0.0110184483098838,-0.0427901630600408,0.0646274942651435
71.0273665547,-0.0405653668154896,-0.0115218114796904,-0.278243036623213,0.562305384651879,-0.00229617982971105,0.010948269646109,-0.0424677109560729,0.0644221366034466
71.5199518833807,-0.0403922024592983,-0.0111053120805429,-0.274079869168556,0.560269114725514,-0.00225139735147638,0.0108782579884647,-0.0421469104880546,0.0642165496283516
72.0159533644237,-0.0402165190882502,-0.010693579819725,-0.269951183666885,0.558203383742201,-0.00220724294571704,0.0108084185759287,-0.04182775312644,0.0640107417940238
72.5153946893524,-0.0400383880818457,-0.0102866078862004,-0.265857270448023,0.556108847736294,-0.00216371185099565,0.0107387565512751,-0.0415102304266829,0.0638047212981056
73.0182997139948,-0.0398578801019521,-0.00988438849857654,-0.261798406009942,0.55398616415919,-0.00212079927065957,0.0106692769613201,-0.041194334034222,0.0635984960878177
73.5246924596224,-0.0396750650844706,-0.00948691292898789,-0.257774853080669,0.551835991570667,-0.00207850037446105,0.0105999847571894,-0.0408800556892503,0.0633920738661387
74.0345971140979,-0.0394900122316367,-0.00909417152680027,-0.25378686068721,0.54965898933413,-0.00203681030015693,0.010530884794607,-0.0405673872312696,0.0631854620980585
74.5480380330304,-0.0393027900049379,-0.00870615374212132,-0.249834664231319,0.547455817315936,-0.0019957241550878,0.0104619818342033,-0.0402563206034295,0.0629786680168975
75.0650397409388,-0.0391134661186321,-0.00832284814910427,-0.245918485571945,0.545227135588933,-0.00195523701773673,0.0103932805418427,-0.0399468478566494,0.0627716986306857
75.585626932423,-0.0389221075338518,-0.0079442424690327,-0.24203853311419,0.542973604140355,-0.00191534393926775,0.0103247854889702,-0.0396389611535236,0.0625645607285947
76.1098244733437,-0.0387287804532776,-0.00757032359317434,-0.238195001904594,0.540695882584196,-0.00187603994504392,0.0102565011529764,-0.0393326527720113,0.062357260887417
76.6376574020103,-0.0385335503163634,-0.00720107760539327,-0.234388073732573,0.538394629878193,-0.0018373200361253,0.0101884319175794,-0.0390279151089084,0.0621498054780846
77.1691509303763,-0.0383364817950992,-0.00683648980450989,-0.230617917237835,0.536070504045547,-0.00179917919074683,0.0101205820732246,-0.038724740683105,0.0619422006722227
77.7043304452438,-0.0381376387902941,-0.00647654472639976,-0.226884688023599,0.533724161901469,-0.00176161236577619,0.0100529558175008,-0.0384231221386262,0.0617344524487299
78.2432215094763,-0.0379370844283622,-0.00612122616582175,-0.223188528775422,0.531356258784679,-0.00172461449815182,0.0099855572555722,-0.038123052247459,0.0615265666003799
78.7858498632195,-0.0377348810585964,-0.00577051719796803,-0.219529569385465,0.528967448293952,-0.00168818050630117,0.00991839040062609,-0.037824523912165,0.0613185487404381
79.3322414251308,-0.0375310902509144,-0.00542440019972801,-0.21590792708202,0.526558382029795,-0.00165230529153938,0.00985145917433563,-0.0375275301682803,0.0611104043092867
79.8824222936175,-0.0373257727940581,-0.00508285687065985,-0.212323706564096,0.524129709341358,-0.00161698373944835,0.00978476740733719,-0.0372320641865042,0.0609021385810523
80.436418748083,-0.0371189886942332,-0.00474586825366295,-0.208777000140904,0.521682077078645,-0.00158221072123658,0.00971831883972185,-0.0369381192746777,0.06069375667023
80.9942572501823,-0.036910797174171,-0.00441341475534635,-0.20526788787604,0.519216129350118,-0.00154798109507966,0.00965211712154073,-0.0366456888795534,0.0604852635382974
81.555964445086,-0.0367012566725981,-0.00408547616608779,-0.201796437736194,0.516732507285739,-0.0015142897074418,0.00958616581332349,-0.0363547665883591,0.0602766640003133
82.121567162753,-0.0364904248440966,-0.00376203167977953,-0.198362705744202,0.514231848805545,-0.00148113139437828,0.00952046838660988,-0.0360653461301559,0.0600679627314952
82.6910924192116,-0.0362783585593409,-0.00344305991325676,-0.19496673613624,0.511714788393789,-0.00144850098281918,0.00945502822449379,-0.0357774213769942,0.0598591642737683
83.2645674178507,-0.0360651139056949,-0.00312853892540595,-0.191608561523014,0.509181956878707,-0.00141639329183442,0.00938984862217937,-0.0354909863448694,0.059650273042283
83.8420195507184,-0.0358507461881545,-0.00281844623595022,-0.188288203054724,0.506633981217968,-0.00138480313388031,0.00932493278754914,-0.0352060351944787,0.0594412933318925
84.423476399831,-0.0356353099306211,-0.00251275884390973,-0.185005670589647,0.504071484289833,-0.00135372531602763,0.00926028384174339,-0.0349225622317834,0.0592322293235867
85.0089657384898,-0.0354188588774906,-0.00221145324573574,-0.181760962866158,0.501495084690075,-0.00132315464117155,0.00919590481975082,-0.0346405619083776,0.0590230850908766
85.5985155326084,-0.0352014459955449,-0.00191450545311696,-0.178554067677993,0.498905396534677,-0.00129308590922347,0.00913179867100998,-0.0343600288216679,0.0588138646061236
86.1921539420481,-0.0349831234761295,-0.00162189101045792,-0.175384962052596,0.496303029268344,-0.00126351391828479,0.00906796826002119,-0.0340809577148652,0.0586045717468091
86.7899093219629,-0.0347639427376065,-0.00133358501202899,-0.17225361243236,0.493688587478849,-0.00123443346580295,0.00900441636696869,-0.0338033434767935,0.0583952103017377
87.3918102241541,-0.0345439544280662,-0.0010495621187886,-0.169159974858598,0.491062670717226,-0.00120583934970968,0.0089411456883528,-0.0335271811415179,0.058185783977172
87.9978853984339,-0.0343232084282867,-0.000769796574878155,-0.166103995158054,0.488425873323818,-0.00117772636954181,0.00887815883763163,-0.0332524658877961,0.0579762964028911
88.6081637939989,-0.0341017538549271,-0.000494262223790926,-0.163085609131804,0.485778784260206,-0.00115008932754445,0.00881545834587226,-0.032979193038355,0.0577667511381695
89.2226745608124,-0.0338796390639423,-0.000222932524216301,-0.160104742746356,0.483121986946986,-0.00112292302975702,0.00875304666241108,-0.0327073580589997,0.0575571516776722
89.8414470509972,-0.0336569116542066,4.4219434438688e-05,-0.157161312326796,0.480456059107437,-0.00109622228708193,0.00869092615552298,-0.032436956557554,0.0573475014572609
90.4645108202374,-0.0334336184713354,0.000307220916848285,-0.154255224751804,0.477781572617026,-0.00106998191633625,0.00862909911309929,-0.0321679842826412,0.0571378038597068
91.0918956291901,-0.0332098056116913,0.000566099526885043,-0.151386377650378,0.475099093358781,-0.00104419674128635,0.00856756774333404,-0.0319004371223049,0.0569280622203062
91.7236314449071,-0.0329855184265658,0.000820883193052027,-0.148554659600106,0.472409181084483,-0.00101886159366565,0.0085063341754186,-0.0316343111024771,0.0567182798323952
92.3597484422661,-0.0327608015265238,0.00107160015422704,-0.145759950326824,0.469712389281687,-0.000993971314175558,0.00844540046024416,-0.031369602385296,0.0565084599527592
93.0002770054119,-0.0325356987859015,0.00131827894571585,-0.143002120905503,0.467009265046521,-0.000969520753469772,0.00838476857111214,-0.0311063072672785,0.0562986058069329
93.645247729208,-0.0323102533474465,0.00156094838561027,-0.140281033962204,0.464300348962264,-0.000945504773121907,0.00832444040445209,-0.0308444221773525,0.0560887205943889
94.2946914206979,-0.0320845076270916,0.00179963756144774,-0.137596543876954,0.461586174983641,-0.000921918246576608,0.00826441778054706,-0.0305839436747514,0.0558788074936094
94.9486391005764,-0.0318585033188513,0.00203437581716814,-0.134948496987394,0.458867270326839,-0.000898756060084228,0.00820470244426614,-0.0303248684467784,0.0556688696670399
95.6071220046713,-0.031632281399833,0.00226519274036371,-0.132336731793044,0.456144155365165,-0.000876013113619113,0.00814529606580397,-0.0300671933064422,0.0554589102659196
96.2701715854358,-0.031405882135354,0.00249211814981764,-0.129761079160036,0.453417343530335,-0.000853684321781569,0.00808620024142716,-0.0298109151899715,0.0552489324349877
96.9378195134503,-0.0311793450841548,0.00271518208332663,-0.127221362526189,0.450687341219342,-0.000831764614683598,0.00802741649422728,-0.0295560311542112,0.0550389393170612
97.6100976789355,-0.0309527091037026,0.00293441478580308,-0.124717398106266,0.447954647706844,-0.00081024893881842,0.00796894627488031,-0.0293025383739063,0.0548289340574823
98.2870381932754,-0.0307260123555749,0.00314984669765173,-0.122248995097286,0.445219755063033,-0.000789132257913873,0.00791079096241244,-0.0290504341388778,0.0546189198084336
98.9686733905512,-0.0304992923109178,0.00336150844341609,-0.119815955883758,0.442483148076933,-0.000768409553769715,0.00785295186497186,-0.0287997158510962,0.0544088997331173
99.6550358290861,-0.0302725857559712,0.00356943082068945,-0.11741807624269,0.439745304185054,-0.000748075827078875,0.00779543022060658,-0.0285503810216563,0.0541988770097978
100.346158292999,-0.0300459287976539,0.00377364478928536,-0.115055145548268,0.437006693405369,-0.000728126098232708,0.00773822719804796,-0.0283024272676607,0.0539888548357049
101.042073793774,-0.0298193568692024,0.00397418146066281,-0.112726946976053,0.434267778276515,-0.000708555408110249,0.00768134389749972,-0.0280558523090144,0.0537788364307966
101.742815571832,-0.0295929047358581,0.00417107208760029,-0.110433257706593,0.4315290138022,-0.000689358818851575,0.00762478135143255,-0.0278106539651377,0.0535688250413792
102.448417098122,-0.029366606500596,0.00436434805411394,-0.108173849128314,0.428790847400701,-0.000670531414615202,0.00756854052538378,-0.0275668301516011,0.0533588239435836
103.15891207572,-0.0291404956098899,0.00455404086561439,-0.105948487039588,0.42605371885942,-0.000652068302319622,0.00751262231876211,-0.0273243788766887,0.053148836446697
103.874334441436,-0.0289146048595098,0.00474018213929693,-0.103756931849846,0.423318060294408,-0.000633964612368964,0.00745702756565728,-0.0270832982378935,0.0529388658963485
104.594718367439,-0.0286889664003454,0.00492280359475987,-0.101598938779639,0.42058429611478,-0.000616215499362807,0.00740175703565438,-0.0268435864183517,0.0527289156775476
105.320098262886,-0.0284636117442518,0.00510193704484561,-0.0994742580595366,0.417852842991968,-0.000598816142790153,0.00734681143465267,-0.0266052416832194,0.0525189892175758
106.050508775566,-0.0282385717699138,0.00527761438669946,-0.0973826351277451,0.415124109833699,-0.000581761747707588,0.00729219140568874,-0.0263682623759982,0.0523090899887294
106.785984793556,-0.028013876728723,0.00544986759304066,-0.0953238108263618,0.412398497762652,-0.000565047545401623,0.00723789752976379,-0.0261326469148141,0.0520992215109147
107.526561446888,-0.0277895562506668,0.00561872870364079,-0.0932975215961524,0.409676400099692,-0.000548668794035244,0.0071839303266749,-0.0258983937886542,0.0518893873540944
108.272274109224,-0.0275656393502227,0.00578422981700406,-0.0913034996697623,0.4069582023516,-0.000532620779278657,0.00713029025585,-0.0256655015535681,0.0516795911405851
109.023158399549,-0.0273421544322571,0.00594640308224467,-0.0893414732632661,0.404244282203219,-0.000516898814924265,0.00707697771718652,-0.0254339688288366,0.0514698365472071
109.779250183872,-0.0271191292979254,0.00610528069115618,-0.0874111667659679,0.401535009513934,-0.000501498243485849,0.00702399305189331,-0.0252037942931154,0.0512601273072857
110.540585576935,-0.0268965911505685,0.006260894870468,-0.0855123009283636,0.398830746318385,-0.000486414436781985,0.00697133654333579,-0.0249749766805556,0.0510504672125053
111.307200943943,-0.0266745666016067,0.00641327787428391,-0.083644593048184,0.39613184683133,-0.000471642796503689,0.00691900841788411,-0.0247475147769091,0.0508408601146162
112.079132902301,-0.0264530816764259,0.0065624619766983,-0.0818077571544374,0.393438657456576,-0.000457178754766308,0.006867008845764,-0.024521407415621,0.050631309926996
112.856418323356,-0.026232161820255,0.00670847946458502,-0.080001504189374,0.390751516799876,-0.000443017774645638,0.00681533794191031,-0.0242966534739157,0.0504218206260649
113.639094334169,-0.0260118319040334,0.0068513626305545,-0.0782255421883001,0.388070755685699,-0.000429155350698316,0.00676399576682281,-0.0240732518688799,0.0502123962525584
114.427198319278,-0.0257921162302655,0.00699114376607466,-0.0764795764571703,0.385396697177793,-0.000415587009466454,0.00671298232742419,-0.0238512015535487,0.0500030409126553
115.220767922492,-0.0255730385388618,0.00712785515475124,-0.0747633097478896,0.38272965660343,-0.000402308309966559,0.00666229757791998,-0.0236305015129975,0.0497937587789669
116.019841048683,-0.025354622012965,0.0072615290657632,-0.0730764424312615,0.380069941581249,-0.000389314844162718,0.00661194142066017,-0.023411150760446,0.0495845540913836
116.824455865599,-0.0251368892847594,0.0073921977474493,-0.0714186726675218,0.377417852052602,-0.000376602237424098,0.00656191370700238,-0.0231931483333769,0.049375431157786
117.634650805689,-0.024919862441264,0.00751989342104147,-0.0697896965743969,0.3747736803163,-0.000364166148966741,0.00651221423817621,-0.0229764932896753,0.0491663943546177
118.450464567934,-0.0247035630301058,0.00764464827454154,-0.0681892083926356,0.372137711066666,-0.000352002272279707,0.00646284276614869,-0.0227611847037913,0.0489574481273248
119.271936119701,-0.0244880120652761,0.00776649445673713,-0.066616900648958,0.3695102214348,-0.00034010633553556,0.00641379899449051,-0.0225472216629315,0.0487485969906629
120.099104698599,-0.0242732300328663,0.00788546407135333,-0.0650724643163756,0.366891481032959,-0.000328474101985243,0.00636508257924289,-0.0223346032632821,0.0485398455288741
120.932009814357,-0.0240592368967835,0.00800158917133656,-0.0635555889718352,0.364281752001951,-0.000317101370337353,0.00631669312978465,-0.0221233286062679,0.0483311983957355
121.77069125071,-0.0238460521044465,0.00811490175326708,-0.0620659629511431,0.361681289061449,-0.000305983975121864,0.00626863020969954,-0.0219133967948513,0.0481226603144831
122.615189067297,-0.0236336945924609,0.00822543375189716,-0.0606032735011316,0.359090339563119,-0.000295117787038333,0.00622089333764334,-0.0217048069298742,0.0479142360776126
123.46554360158,-0.0234221827922727,0.00833321703481154,-0.0591672069290278,0.356509143546487,-0.000284498713288619,0.00617348198821058,-0.0214975581064475,0.0477059305465596
124.321795470765,-0.0232115346358022,0.00843828339720715,-0.0577574487489929,0.353937933797414,-0.00027412269789417,0.00612639559280065,-0.0212916494103901,0.0474977486512624
125.183985573745,-0.0230017675610556,0.00854066455678935,-0.0563736838257994,0.351376935909114,-0.000263985721997937,0.00607963354048307,-0.021087079914722,0.0472896953896103
126.052155093052,-0.0227928985177166,0.00864039214878182,-0.0550155965156184,0.348826368345594,-0.000254083804150947,0.00603319517886158,-0.0208838486762136,0.0470817758267796
126.926345496825,-0.0225849439727169,0.00873749772104741,-0.0536828708038906,0.346286442507436,-0.000244413000583625,0.00598707981493689,-0.0206819547319953,0.0468739950944605
127.806598540793,-0.0223779199157854,0.00883201272931757,-0.052375190440259,0.343757362799814,-0.000234969405461903,0.00594128671596783,-0.0204813970962297,0.0466663583899792
128.692956270265,-0.0221718418649777,0.00892396853252769,-0.0510922390705424,0.341239326702657,-0.000225749151128212,0.0058958151103306,-0.0202821747568484,0.0464588709753155
129.585461022141,-0.0219667248721851,0.00901339638825641,-0.0498337003657332,0.338732524842854,-0.000216748408327412,0.00585066418837588,-0.0200842866723583,0.0462515381760223
130.484155426934,-0.0217625835286229,0.00910032744826639,-0.0485992581480032,0.336237141068423,-0.000207963386417765,0.00580583310328366,-0.0198877317687172,0.046044365380048
131.389082410804,-0.0215594319703003,0.00918479275414472,-0.0473885965137074,0.333753352524527,-0.000199390333567023,0.00576132097191537,-0.0196925089362829,0.0458373580364658
132.300285197614,-0.0213572838834696,0.00926682323304081,-0.0462013999533736,0.331281329731265,-0.000191025536933725,0.00571712687566312,-0.0194986170268379,0.0456305216541135
133.217807310988,-0.0211561525100572,0.00934644969350012,-0.0450373534686735,0.328821236663133,-0.000182865322833823,0.00567324986129587,-0.0193060548506903,0.0454238618001464
134.141692576393,-0.0209560506530754,0.00942370282139185,-0.0438961426863686,0.326373230830069,-0.000174906056892718,0.00562968894180223,-0.0191148211738552,0.0452173840985079
135.071985123233,-0.0207569906820163,0.00949861317592894,-0.0427774539692298,0.323937463359989,-0.00016714414418284,0.00558644309722959,-0.0189249147153168,0.0450110942283198
136.008729386957,-0.0205589845382275,0.00957121118577899,-0.0416809745239302,0.321514079082721,-0.000159576029346868,0.00554351127551938,-0.0187363341443725,0.0448049979221972
136.951970111177,-0.0203620437402703,0.00964152714526433,-0.0406063925059148,0.319103216615262,-0.000152198196706749,0.0055008923933383,-0.0185490780780628,0.0445991009644904
137.901752349813,-0.0201661793892603,0.00970959121065037,-0.0395533971212501,0.316705008448249,-0.000145007170358601,0.00545858533690507,-0.0183631450786862,0.0443934091894577
138.858121469236,-0.0199714021741917,0.00977543339652042,-0.0385216787254631,0.314319581033583,-0.000137999514253682,0.00541658896281268,-0.0181785336514012,0.0441879284793726
139.821123150444,-0.0197777223772446,0.00983908357223623,-0.0375109289193764,0.311947054873092,-0.000131171832265543,0.00537490209884573,-0.0179952422419166,0.0439826647625697
140.790803391236,-0.0195851498790761,0.0099005714584828,-0.036520840641952,0.309587544608182,-0.000124520768243513,0.00533352354479273,-0.0178132692342718,0.0437776240114306
141.767208508414,-0.0193936941640956,0.00995992662389669,-0.0355511082601568,0.307241159110358,-0.000118043006052679,0.00529245207325309,-0.0176326129487063,0.0435728122403162
142.750385139995,-0.0192033643257245,0.0100171784817767,-0.0346014276558662,0.304908001572567,-0.00011173526960053,0.00525168643043855,-0.017453271639621,0.0433682355034471
143.740380247435,-0.0190141690716402,0.0100723562868762,-0.033671496309821,0.302588169601261,-0.000105594322850415,0.00521122533696886,-0.0172752434936308,0.0431638998927354
144.737241117876,-0.018826116729005,0.0101254891322758,-0.0327610133826575,0.300281755309105,-9.96169698219867e-05,0.00517106748866145,-0.0170985266277093,0.0429598115355727
145.741015366405,-0.0186392152496802,0.0101766059463364,-0.0318696797930338,0.297988845408266,-9.38000545788326e-05,0.00513121155731493,-0.0169231190874264,0.0427559765925771
146.751750938323,-0.0184534722154251,0.0102257354897313,-0.0309971982928715,0.295709521304187,-8.81404612034502e-05,0.00509165619148611,-0.0167490188452787,0.0425524012553021
147.769496111443,-0.0182688948430817,0.0102729063525566,-0.0301432735397393,0.29344385918979,-8.26351137597668e-05,0.00505240001726043,-0.0165762237991124,0.0423490917439115
148.794299498388,-0.0180854899897443,0.01031814695152,-0.0293076121664049,0.291191930140029,-7.72809762434067e-05,0.00501344163901553,-0.0164047317706401,0.0421460543048237
149.826210048919,-0.0179032641579149,0.0103614855272062,-0.0284899228475809,0.288953800206711,-7.20750525198806e-05,0.00497477964017777,-0.0162345405040499,0.0419432952083284
150.865277052271,-0.017722223500644,0.0104029501414204,-0.0276899163638949,0.286729530513542,-6.70143862509288e-05,0.00493641258397154,-0.0160656476647078,0.041740820746179
151.911550139505,-0.017542373826657,0.0104425686746066,-0.0269073056631149,0.2845191773513,-6.20960608092055e-05,0.0048983390141611,-0.0158980508379523,0.0415386372291639
152.965079285884,-0.0173637206054659,0.010480368823343,-0.0261418059186602,0.282322792273092,-5.73171991815307e-05,0.00486055745578486,-0.015731747527981,0.0413367509846607
154.025914813254,-0.0171862689724665,0.0105163780979123,-0.0253931345854324,0.280140422189618,-5.26749638609226e-05,0.00482306641588179,-0.0155667351568295,0.0411351683541751
155.094107392451,-0.0170100237340206,0.0105506238199472,-0.0246610114529998,0.277972109464387,-4.81665567276249e-05,0.00478586438420995,-0.0154030110634408,0.0409338956908686
156.169708045722,-0.0168349893725237,0.0105831331201504,-0.023945158696172,0.275817892008813,-4.37892189193682e-05,0.00474894983395682,-0.0152405725028249,0.040732939357078
157.25276814916,-0.0166611700514575,0.0106139329360891,-0.023245300923,0.273677803377149,-3.95402306910871e-05,0.00471232122244136,-0.0150794166453086,0.0405323057218288
158.34333943516,-0.0164885696204264,0.0106430500100635,-0.0225611652202411,0.271551872861181,-3.54169112643204e-05,0.00467597699180759,-0.0149195405758734,0.0403320011583466
159.441473994887,-0.0163171916201797,0.0106705108870489,-0.0218924811963257,0.26944012558465,-3.14166186665422e-05,0.00463991556970962,-0.0147609412935813,0.0401320320415685
160.547224280766,-0.0161470392876167,0.0106963419127109,-0.0212389810218674,0.267342582597317,-2.75367495606551e-05,0.00460413536998787,-0.0146036157110873,0.0399324047456575
161.66064310899,-0.0159781155607759,0.0107205692314941,-0.020600399467755,0.265259260968653,-2.37747390648847e-05,0.00456863479333645,-0.0144475606542379,0.0397331256415232
162.781783662036,-0.0158104230838082,0.010743218784783,-0.0199764739408699,0.263190173881078,-2.01280605633301e-05,0.00453341222796153,-0.014292772861753,0.03953420109435
163.910699491214,-0.0156439642119323,0.0107643163091358,-0.0193669445174692,0.261135330722708,-1.65942255074067e-05,0.00449846605023052,-0.0141392489849916,0.039335637461137
165.047444519217,-0.015478741016373,0.01078388733459,-0.0187715539742788,0.25909473717957,-1.31707832084346e-05,0.0044637946253121,-0.0139869855877994,0.0391374410882511
166.192073042701,-0.0153147552892817,0.0108019571830399,-0.0181900478173383,0.257068395327228,-9.85532062162172e-06,0.00442939630780676,-0.0138359791464358,0.0389396183089961
167.344639734876,-0.0151520085486381,0.0108185509666858,-0.0176221743086433,0.255056303721782,-6.6454621216992e-06,0.004395269442368,-0.0136862260495811,0.0387421754411999
168.505199648122,-0.0149905020431334,0.0108336935865541,-0.0170676844906288,0.253058457490203,-3.53886927045009e-06,0.0043614123643139,-0.01353772259842,0.0385451187848223
169.673808216612,-0.0148302367570335,0.0108474097310885,-0.0165263322085385,0.251074848419953,-5.33240576401075e-07,0.00432782340022904,-0.0133904650068012,0.0383484546195852
170.850521258965,-0.0146712134150229,0.0108597238748116,-0.0159978741307258,0.24910546504786,2.37368875307536e-06,0.00429450086855673,-0.0132444494014716,0.038152189202628
172.03539498091,-0.014513432487027,0.010870660277057,-0.0154820697669327,0.247150292748209,5.18414706699854e-06,0.00426144308018139,-0.0130996718223819,0.037956328766189
173.228485977972,-0.0143568941930139,0.010880242980771,-0.0149786814845909,0.245209313820014,7.90032653307903e-06,0.00422864833900112,-0.0129561282230645,0.0377608795153167
174.429851238172,-0.0142015985077736,0.0108884958113838,-0.0144874745231939,0.243282507573434,1.05243834068516e-05,0.00419611494249024,-0.0128138144710788,0.0375658476256105
175.639548144754,-0.014047545165675,0.01089544237575,-0.0140082170067837,0.241369850415307,1.30584383073589e-05,0.00416384118225198,-0.0126727263485249,0.0373712392409944
176.857634478922,-0.0138947336653997,0.0109011060611576,-0.0135406799546018,0.239471315933772,1.55045764991483e-05,0.00413182534456096,-0.0125328595526219,0.0371770604715243
178.084168422602,-0.0137431632746513,0.0109055100344053,-0.0130846372899478,0.237586874981942,1.78648481803144e-05,0.00410006571089576,-0.0123942096963504,0.0369833173912314
179.319208561219,-0.0135928330348403,0.0109086772409477,-0.0126398658472959,0.235716495760612,2.0141268776336e-05,0.0040685605584613,-0.012256772309156,0.0367900160360022
180.562813886497,-0.0134437417657439,0.010910630404108,-0.0122061453777132,0.233860143899972,2.2335819239456e-05,0.00403730816070107,-0.0121205428377127,0.0365971624014976
181.815043799277,-0.0132958880701389,0.0109113920243572,-0.0117832585526276,0.232017782540292,2.44504463533434e-05,0.00400630678779923,-0.0119855166467445,0.0364047624411115
183.075958112354,-0.0131492703384081,0.0109109843786601,-0.0113709909659921,0.230189372411584,2.64870630427973e-05,0.00397555470717259,-0.0118516890199024,0.0362128220639712
184.345617053333,-0.0130038867531194,0.0109094295198872,-0.0109691311348924,0.228374871912183,2.84475486882278e-05,0.00394505018395228,-0.0117190551606953,0.036021347132979
185.624081267505,-0.0128597352935757,0.010906749276291,-0.0105774704986421,0.226574237186258,3.03337494446819e-05,0.00391479148145539,-0.011587610193473,0.0358303434628993
186.911411820748,-0.012716813740336,0.0109029652510486,-0.0101958034164141,0.224787422200224,3.21474785651514e-05,0.00388477686164635,-0.0114573491644593,0.0356398168184882
188.207670202438,-0.0125751196797067,0.0108980988218668,-0.0098239271634526,0.223014378818034,3.38905167279328e-05,0.00385500458558813,-0.0113282670428323,0.03544977291267
189.512918328392,-0.0124346505082021,0.010892171140652,-0.00946164192591136,0.221255056875347,3.55646123677871e-05,0.00382547291388339,-0.011200358721852,0.0352602174047596
190.827218543819,-0.0122954034369729,0.0108852031332422,-0.00910875079436406,0.219509404252546,3.71714820106658e-05,0.00379618010710541,-0.0110736190200303,0.0350711558987322
192.150633626303,-0.0121573754962036,0.0108772154992014,-0.00876505975603091,0.217777366946606,3.87128106117638e-05,0.00376712442621899,-0.0109480426823443,0.034882593941541
193.483226788801,-0.0120205635394756,0.0108682287116756,-0.00843037768576679,0.216058889141791,4.0190251896664e-05,0.00373830413299126,-0.010823624381489,0.0346945370214835
194.82506168266,-0.0118849642480972,0.0108582630173096,-0.00810451633585423,0.214353913279182,4.16054287053478e-05,0.00370971749039249,-0.0107003587191684,0.0345069905666169
196.176202400658,-0.0117505741353996,0.0108473384362236,-0.00778729032464557,0.212662380125008,4.29599333388351e-05,0.00368136276298691,-0.010578240227422,0.0343199599432231
197.536713480066,-0.0116173895509965,0.0108354747620497,-0.00747851712409683,0.210984228837796,4.42553279082396e-05,0.00365323821731364,-0.0104572633699865,0.0341334504543246
198.906659905733,-0.0114854066850085,0.0108226915620258,-0.00717801704623663,0.209319397034322,4.54931446860065e-05,0.00362534212225769,-0.0103374225436888,0.0339474673382499
200.286107113184,-0.0113546215722511,0.0108090081771486,-0.00688561322861163,0.207667820854352,4.66748864591267e-05,0.00359767274941126,-0.0102187120798701,0.0337620157672502
201.675120991751,-0.0112250300963841,0.0107944437223823,-0.00660113161875074,0.206029435024184,4.78020268841018e-05,0.00357022837342521,-0.0101011262458376,0.0335771008461679
203.073767887718,-0.0110966279940248,0.010779017086924,-0.00632440095768848,0.20440417291898,4.88760108434596e-05,0.00354300727235088,-0.00998465924634347,0.033392727611155
204.482114607491,-0.0109694108588202,0.0107627469345241,-0.00605525276258844,0.202791966623881,4.98982548036088e-05,0.00351600772797235,-0.00986930522508795,0.033208901028444
205.900228420788,-0.010843374145482,0.0107456517038607,-0.0057935213085064,0.20119274699392,5.08701471738269e-05,0.00348922802612914,-0.00975505826624579,0.03302562599317
207.32817706385,-0.0107185131737797,0.0107277496089679,-0.00553904360933254,0.19960644371272,5.17930486661906e-05,0.00346266645702953,-0.00964191239601341,0.0328429073282442
208.766028742684,-0.0105948231324946,0.0107090586397161,-0.00529165939795071,0.198032985349977,5.26682926562504e-05,0.00343632131555444,-0.00952986158417542,0.0326607497832787
210.213852136311,-0.010472299083331,0.010689596562344,-0.00505121110565372,0.196472299417746,5.34971855442542e-05,0.0034101909015522,-0.00941889974568874,0.0324791580335627
211.671716400053,-0.010350935964787,0.0106693809200412,-0.00481754384085058,0.194924312425517,5.4281007116744e-05,0.00338427352012401,-0.00930902074228246,0.0322981366790907
213.139691168835,-0.0102307285959814,0.01064842903358,-0.00459050536710321,0.193388949934089,5.50210109083362e-05,0.00335856748190043,-0.00920021838407189,0.0321176902436401
214.617846560511,-0.0101116716804391,0.0106267580019965,-0.00436994608052811,0.191866136608254,5.57184245635113e-05,0.00333307110330887,-0.009092486431185,0.0319378231739008
216.10625317921,-0.00999375980983182,0.0106043847033186,-0.00415571898659796,0.190355796268289,5.6374450198238e-05,0.00330778270683223,-0.00898581859539978,0.0317585398386549
217.604982118714,-0.00987698746767509,0.0105813257953408,-0.00394767967637778,0.18885785194026,5.69902647612671e-05,0.00328270062125882,-0.00888020854179084,0.0315798445280061
219.114104965849,-0.00976134903298125,0.0105575977164448,-0.00374568630222925,0.187372225905161,5.75670203949274e-05,0.00325782318192356,-0.0087756498903837,0.0314017414526594
220.633693803907,-0.00964683878386689,0.0105332166864643,-0.0035495995530161,0.185898839746871,5.81058447952652e-05,0.00323314873094073,-0.00867213621781528,0.0312242347432497
222.163821216089,-0.00953345090111519,0.0105081987075935,-0.00335928262884289,0.184437614398959,5.86078415713758e-05,0.00320867561742827,-0.0085696610589991,0.031047328449719
223.704560288971,-0.0094211794716924,0.0104825595653375,-0.00317460121535849,0.182988470190339,5.90740906037697e-05,0.0031844021977238,-0.00846821790879376,0.0308710265407427
225.255984615994,-0.00931001849221811,0.0104563148295052,-0.00299542345765502,0.181551326889774,5.95056484016355e-05,0.00316032683559243,-0.00836780022367325,0.0306953329032024
226.818168300982,-0.00919996187238907,0.0104294798552408,-0.00282161993379249,0.18012610374926,5.99035484588529e-05,0.00313644790242653,-0.00826840142339777,0.0305202513417074
228.391185961678,-0.00909100343835604,0.0104020697840961,-0.00265306362797767,0.178712719546284,6.02688016086223e-05,0.00311276377743761,-0.00817001489268373,0.0303457855781613
229.975112733314,-0.00898313693605348,0.0103740995451402,-0.00248962990342669,0.177311092624968,6.06023963765752e-05,0.00308927284784031,-0.00807263398287158,0.0301719392513758
231.570024272191,-0.00887635603448183,0.010345583856106,-0.00233119647493794,0.175921140936124,6.09052993322437e-05,0.00306597350902879,-0.00797625201359028,0.0299987159167287
233.175996759301,-0.00877065432894195,0.0103165372245731,-0.0021776433812031,0.174542782076216,6.11784554387605e-05,0.00304286416474549,-0.00788086227441723,0.0298261190458675
234.793106903962,-0.0086660253442217,0.0102869739491855,-0.00202885295688216,0.173175933325256,6.14227884006743e-05,0.00301994322724252,-0.00778645802653231,0.0296541520264562
236.421431947482,-0.00856246253773432,0.0102569081209028,-0.00188470980446785,0.171820511683628,6.16392010097646e-05,0.00299720911743574,-0.0076930325043652,0.0294828181619653
238.061049666849,-0.00845995930260841,0.0102263536242844,-0.00174510076596431,0.170476433907881,6.18285754887489e-05,0.00297466026505165,-0.0076005789172345,0.0293121206715047
239.712038378445,-0.0083585089707295,0.0101953241388052,-0.001609914894404,0.169143616545472,6.19917738327743e-05,0.00295229510876731,-0.00750909045097805,0.0291420626896973
241.374476941791,-0.00825810481573287,0.0101638331402016,-0.00147904342522599,0.167821975968503,6.21296381485953e-05,0.00293011209634326,-0.00741856026957296,0.0289726472665946
243.048444763306,-0.00815874005594773,0.0101318939018471,-0.00135237974753829,0.166511428406444,6.22429909913393e-05,0.00290810968474977,-0.00732898151674477,0.0288038773676314
244.734021800108,-0.00806040785729249,0.0100995194961562,-0.00122981937528578,0.16521188997787,6.23326356987699e-05,0.00288628634028641,-0.00724034731756455,0.0286357558736197
246.431288563827,-0.00796310133612122,0.0100667227960157,-0.00111125991834523,0.163923276721219,6.23993567229571e-05,0.0028646405386951,-0.0071526507800332,0.0284682855807814
248.140326124455,-0.00786681356202112,0.0100335164762417,-0.000996601053567237,0.162645504624592,6.24439199592768e-05,0.00284317076526683,-0.00706588499665202,0.0283014692008185
249.861216114214,-0.00777153756056112,0.00999991301506223,-0.000885744495785226,0.161378489654604,6.24670730726503e-05,0.00282187551494216,-0.00698004304597862,0.0281353093610193
251.594040731461,-0.00767726631599159,0.00996592469562379,-0.000778593968810293,0.160122147784305,6.24695458209587e-05,0.00280075329240554,-0.00689511799416773,0.0279698086044008
253.338882744608,-0.00758399277389511,0.00993156360752057,-0.000675055176430031,0.15887639502019,6.24520503755548e-05,0.00277980261217376,-0.00681110289649571,0.0278049693898861
255.09582549608,-0.0074917098437885,0.00989684164834598,-0.000575035773429312,0.1576411474283,6.24152816388051e-05,0.0027590219986785,-0.00672799079886845,0.0276407940925153
256.864952906292,-0.00740041040167612,0.00986177052526494,-0.000478445336649636,0.156416321159448,6.23599175586019e-05,0.00273840998634322,-0.00664577473931172,0.0274772850036901
258.646349477661,-0.00731008729255453,0.00982636175660603,-0.000385195336103508,0.155201832473576,6.22866194397824e-05,0.00271796511965445,-0.00656444774944351,0.0273144443314499
260.440100298641,-0.00722073333286871,0.00979062667347251,-0.000295199106159511,0.153997597763251,6.21960322523988e-05,0.00269768595322766,-0.00648400285592762,0.0271522742007796
262.246291047787,-0.00713234131291992,0.0097545764213712,-0.000208371816812897,0.152803533576339,6.20887849367916e-05,0.00267757105186786,-0.00640443308190806,0.026990776653948
264.065007997846,-0.00704490399922537,0.0097182219618582,-0.000124630445056405,0.151619556637841,6.19654907054093e-05,0.00265761899062492,-0.00632573144842364,0.026829953650875
265.896338019882,-0.00695841413683004,0.00968157407420042,-4.38937463647336e-05,0.150445583870944,6.18267473413385e-05,0.00263782835484401,-0.00624789097580233,0.0266698070695282
267.740368587419,-0.00687286445157057,0.00964464335705213,3.39177736939124e-05,0.149281532417265,6.16731374934942e-05,0.00261819774021095,-0.0061709046850348,0.0265103387063464
269.597187780627,-0.00678824765229182,0.00960744023014525,0.000108881887706774,0.148127319656339,6.15052289684407e-05,0.00259872575279288,-0.00609476559912688,0.0263515502766903
271.466884290521,-0.00670455643301597,0.00956997493599284,0.000181074674513833,0.146982863224334,6.13235750187972e-05,0.00257941100907426,-0.00601946674443042,0.0261934434153193
273.349547423206,-0.00662178347506475,0.00953225754160439,0.000250570547142177,0.145848081032043,6.11287146282073e-05,0.00256025213598827,-0.00594500115195219,0.0260360196768927
275.245267104134,-0.00653992144913489,0.00949429794021247,0.000317442280566509,0.144722891282136,6.09211727928359e-05,0.00254124777094391,-0.0058713618586406,0.0258792805364953
277.154133882404,-0.00645896301732714,0.00945610585300943,0.000381761039285333,0.143607212485711,6.0701460799372e-05,0.00252239656184865,-0.00579854190864964,0.0257232273901867
279.07623893509,-0.00637890083512927,0.00941769083089352,0.000443596404703209,0.142500963478152,6.04700764995117e-05,0.0025036971671271,-0.00572653435458026,0.0255678615555717
281.011674071587,-0.0062997275533532,0.00937906225622343,0.000503016402309635,0.141404063434305,6.02275045809049e-05,0.00248514825573548,-0.00565533225869834,0.0254131842723938
282.960531738006,-0.00622143582002681,0.00934022934458044,0.000560087528645916,0.140316431882999,5.99742168345459e-05,0.00246674850717224,-0.00558492869412957,0.0252591967031477
284.922905021585,-0.00614401828224064,0.00930120114653728,0.000614874778051555,0.13923798872091,5.97106724185951e-05,0.00244849661148486,-0.00551531674603057,0.025105899933713
286.898887655133,-0.00606746758794998,0.00926198654943299,0.000667441669182499,0.138168654225806,5.94373181186197e-05,0.00243039126927292,-0.00544648951273658,0.0249532949740057
288.888574021513,-0.00599177638773265,0.00922259427915283,0.000717850271293917,0.137108349069167,5.91545886042447e-05,0.00241243119168765,-0.00537844010688503,0.0248013827586483
290.892059158146,-0.00591693733650291,0.0091830329019125,0.00076616123028048,0.136056994328208,5.8862906682207e-05,0.00239461510042798,-0.00531116165651534,0.0246501641476572
292.909438761552,-0.00584294309518196,0.00914331082604592,0.000812433794467833,0.135014511497315,5.85626835458101e-05,0.00237694172773319,-0.00524464730614457,0.0244996399271467
294.940809191919,-0.00576978633232537,0.00910343630379581,0.000856725840149265,0.13398082249891,5.82543190207755e-05,0.00235940981637243,-0.00517889021781894,0.0243498108100476
296.986267477709,-0.00569745972570798,0.00906341743310624,0.000899093896861845,0.13295584969376,5.79382018074915e-05,0.00234201811963097,-0.00511388357214117,0.0242006774368424
299.045911320291,-0.00562595596386669,0.00902326215941657,0.000939593172397064,0.131939515890743,5.76147097196641e-05,0.00232476540129352,-0.00504962056927362,0.024052240376313
301.119839098607,-0.00555526774760152,0.00898297827745585,0.000978277577541008,0.130931744356087,5.72842099193743e-05,0.00230765043562456,-0.00498609442991715,0.0239045001263025
303.208149873869,-0.00548538779143552,0.00894257343303724,0.00101519975053972,0.129932458822096,5.69470591485431e-05,0.00229067200734587,-0.0049232983962658,0.0237574571144895
305.310943394298,-0.005416308825034,0.00890205512485162,0.00105041108128586,0.128941583495371,5.66036039568231e-05,0.00227382891161135,-0.00486122573293724,0.0236111116991739
307.428320099879,-0.00534802359458351,0.00886143070625977,0.00108396173522266,0.127959043064553,5.62541809259173e-05,0.0022571199539792,-0.00479986972787915,0.0234654641700743
309.560381127168,-0.00528052486413109,0.00882070738708241,0.00111590067696231,0.126984762707591,5.58991168903429e-05,0.00224054395038155,-0.0047392236932514,0.0233205147491353
311.707228314113,-0.0052138054168843,0.00877989223538765,0.00114627569361536,0.126018668098546,5.55387291546534e-05,0.0022240997270917,-0.00467928096628438,0.0231762635913443
313.868964204927,-0.0051478580564726,0.00873899217927504,0.00117513341782881,0.125060685413952,5.51733257071334e-05,0.00220778612068903,-0.00462003491011327,0.0230327107855585
316.045692054981,-0.00508267560817045,0.00869801400865579,0.00120251935053022,0.124110741338751,5.4803205429984e-05,0.00219160197802156,-0.00456147891458871,0.0228898563553384
318.237515835737,-0.00501825092008279,0.00865696437702851,0.00122847788337618,0.123168763071796,5.44286583060179e-05,0.00217554615616654,-0.00450360639706362,0.0227477002597908
320.444540239715,-0.00495457686429341,0.00861584980324991,0.00125305232090303,0.122234678330954,5.40499656218842e-05,0.00215961752238878,-0.00444641080315668,0.0226062423944171
322.666870685493,-0.00489164633797664,0.00857467667329996,0.0012762849023786,0.121308415357811,5.36674001678441e-05,0.00214381495409712,-0.00438988560749237,0.0224654825919695
324.904613322743,-0.004829452264473,0.00853345124204095,0.00129821682335364,0.120389902921995,5.32812264341207e-05,0.002128137338799,-0.00433402431441781,0.0223254206233117
327.1578750373,-0.00476798759432937,0.00849217963497006,0.00131888825691205,0.11947907032513,5.28917008038464e-05,0.00211258357405311,-0.00427882045869667,0.0221860561982861
329.426763456268,-0.00470724530630405,0.00845086784996473,0.00133833837461933,0.118575847404423,5.24990717426354e-05,0.00209715256742047,-0.00422426760618021,0.0220473889665841
331.711386953162,-0.00464721840833749,0.00840952175902058,0.00135660536716844,0.117680164535912,5.21035799848033e-05,0.00208184323641371,-0.00417035935445574,0.0219094185186214
334.011854653082,-0.0045878999384891,0.00836814710998138,0.00137372646472336,0.116791952637372,5.17054587162661e-05,0.00206665450844485,-0.00411708933347275,0.0217721443864169
336.328276437929,-0.00452928296584063,0.00832674952826047,0.00138973795696001,0.115911143170894,5.13049337541434e-05,0.00205158532077161,-0.00406445120614674,0.0216355660444737
338.660762951648,-0.00447136059136689,0.00828533451855343,0.00140467521280475,0.115037668145158,5.09022237230975e-05,0.00203663462044215,-0.00401243866894131,0.0214996829106631
341.009425605519,-0.00441412594877414,0.00824390746654153,0.00141857269987104,0.114171460117387,5.04975402284371e-05,0.00202180136423867,-0.00396104545242838,0.0213644943471102
343.374376583475,-0.00435757220530677,0.0082024736405854,0.00143146400359479,0.113312452195024,5.00910880260166e-05,0.00200708451861953,-0.00391026532182715,0.0212299996610813
345.75572884746,-0.00430169256252295,0.00816103819340885,0.0014433818460691,0.112460578037111,4.96830651889648e-05,0.00199248305966024,-0.00386009207752175,0.0210961981058716
348.153596142828,-0.0042464802570396,0.00811960616377223,0.00145435810457963,0.111615771855403,4.92736632712721e-05,0.00197799597299333,-0.00381051955555808,0.0209630888816937
350.568093003772,-0.00419192856124736,0.00807818247813507,0.00146442382984131,0.110777968415217,4.88630674682735e-05,0.0019636222537471,-0.00376154162811997,0.0208306711365662
352.999334758797,-0.00413803078399609,0.00803677195230777,0.00147360926393817,0.109947103036022,4.84514567740569e-05,0.00194936090648328,-0.00371315220398501,0.0206989439672013
355.44743753623,-0.00408478027125145,0.0079953792930918,0.00148194385796737,0.109123111591791,4.80390041358352e-05,0.00193521094513389,-0.00366534522896031,0.0205679064198923
357.912518269762,-0.00403217040672309,0.00795400909990841,0.0014894562893892,0.108305930511111,4.76258766053126e-05,0.00192117139293705,-0.00361811468629845,0.0204375574913991
360.39469470404,-0.00398019461246495,0.00791266586641525,0.00149617447908469,0.107495496777069,4.72122354870854e-05,0.00190724128237202,-0.00357145459709399,0.0203078961298321
362.894085400285,-0.00392884634944841,0.00787135398211088,0.00150212560812283,0.106691747926921,4.67982364841087e-05,0.00189341965509348,-0.00352535902066079,0.0201789212355346
365.410809741959,-0.00387811911810858,0.00783007773392683,0.0015073361342392,0.105894622051548,4.63840298402674e-05,0.00187970556186499,-0.0034798220548904,0.0200506316619622
367.944987940466,-0.0038280064588644,0.00778884130780688,0.00151183180802822,0.105104057794715,4.59697604800876e-05,0.00186609806249185,-0.00343483783659195,0.0199230262165593
370.496741040893,-0.0037785019526131,0.00774764879027347,0.00151563768885118,0.104319994352129,4.5555568145626e-05,0.00185259622575334,-0.0033904005418137,0.0197961036616328
373.066190927794,-0.00372959922119955,0.00770650416998092,0.00151877816046239,0.103542371470321,4.51415875305713e-05,0.00183919912933432,-0.00334650438614666,0.0196698627152222
375.653460331008,-0.00368129192786093,0.00766541133925534,0.00152127694635579,0.102771129445345,4.47279484115994e-05,0.00182590585975636,-0.00330314362501061,0.019544302051966
378.258672831527,-0.00363357377764739,0.00762437409562094,0.00152315712483459,0.102006209121307,4.43147757770165e-05,0.0018127155123084,-0.00326031255392272,0.0194194203039637
380.881952867393,-0.00358643851781911,0.00758339614331267,0.00152444114380644,0.101247551888732,4.39021899527284e-05,0.00179962719097691,-0.00321800550874922,0.0192952160616334
383.523425739646,-0.00353987993822035,0.00754248109477493,0.00152515083530681,0.100495099682774,4.34903067255751e-05,0.00178664000837575,-0.00317621686594034,0.0191716878745653
386.183217618305,-0.00349389187163097,0.00750163247214622,0.0015253074297533,0.0997487949812795,4.30792374640667e-05,0.00177375308567562,-0.00313494104274889,0.0190488342523694
388.861455548399,-0.00344846819409591,0.00746085370872966,0.0015249315699337,0.0990085808027061,4.26690892365608e-05,0.00176096555253325,-0.00309417249743282,0.0189266536655185
391.558267456034,-0.00340360282523321,0.0074201481504491,0.00152404332473061,0.0982744007039078,4.22599649269162e-05,0.00174827654702027,-0.00305390572944198,0.0188051445461858
394.273782154498,-0.00335928972852096,0.00737951905729086,0.00152266220258548,0.0975461987777891,4.18519633476638e-05,0.00173568521555195,-0.00301413527958956,0.0186843052890764
397.008129350424,-0.00331552291156381,0.00733896960473085,0.00152080716470521,0.0968239196508379,4.1445179350732e-05,0.00172319071281566,-0.00297485573020833,0.0185641342522532
399.761439649975,-0.00327229642633937,0.00729850288514705,0.00151849663801407,0.0961075084805395,4.10397039357626e-05,0.00171079220169922,-0.00293606170529222,0.0184446297579566
402.533844565089,-0.0032296043694251,0.00725812190921726,0.0015157485278542,0.0953969109526817,4.06356243560574e-05,0.00169848885321915,-0.00289774787062335,0.0183257900934176
405.325476519761,-0.0031874408822062,0.00721782960730198,0.00151258023043765,0.0946920732785521,4.02330242221921e-05,0.00168627984644881,-0.002859908933885,0.0182076135116649
408.136468856361,-0.0031458001510648,0.00717762883081237,0.00150900864505317,0.0939929421920373,3.98319836033355e-05,0.00167416436844652,-0.00282253964476071,0.0180900982323248
410.966955842014,-0.00310467640755109,0.00713752235356329,0.00150505018603077,0.0932994649466261,3.94325791263101e-05,0.00166214161418364,-0.00278563479501986,0.0179732424424143
413.817072675003,-0.00306406392853681,0.00709751287311128,0.00150072079446741,0.0926115893123246,3.90348840724345e-05,0.00165021078647265,-0.00274918921859018,0.0178570442971276
416.686955491232,-0.0030239570363515,0.00705760301207745,0.00149603594971688,0.0919292635724858,3.86389684721809e-05,0.00163837109589533,-0.00271319779161719,0.0177415019206143
419.576741370729,-0.00298435009890196,0.00701779531945531,0.00149101068064712,0.0912524365205602,3.82448991976878e-05,0.00162662176073096,-0.00267765543251125,0.0176266134067519
422.486568344193,-0.00294523752977549,0.00697809227190345,0.00148565957666826,0.0905810574567716,3.78527400531624e-05,0.0016149620068846,-0.00264255710198221,0.017512376819909
425.416575399583,-0.00290661378832718,0.006938496275023,0.00147999679853459,0.0899150761847226,3.74625518632111e-05,0.00160339106781559,-0.0026078978030622,0.0173987901957025
428.366902488763,-0.00286847337975178,0.00689900966462001,0.00147403608892376,0.0892544430079344,3.70743925591324e-05,0.00159190818446604,-0.00257367258111671,0.0172858515417458
431.337690534184,-0.00283081085514059,0.0068596347079526,0.00146779078279633,0.0885991087263251,3.66883172632096e-05,0.00158051260518968,-0.00253987652384433,0.0171735588383901
434.329081435613,-0.00279362081152367,0.00682037360496292,0.00146127381753926,0.0879490246326308,3.6304378371039e-05,0.00156920358568074,-0.0025065047612654,0.017061910039457
437.341218076915,-0.00275689789189796,0.00678122848949401,0.00145449774289618,0.0873041425087727,3.59226256319272e-05,0.00155798038890313,-0.00247355246569997,0.0169509030729639
440.374244332875,-0.00272063678524152,0.00674220143049139,0.00144747473068805,0.0866644146221758,3.55431062273955e-05,0.00154684228501983,-0.00244101485173523,0.0168405358418402
443.428305076071,-0.0026848322265145,0.00670329443318968,0.00144021658432738,0.0860297937220415,3.51658648478233e-05,0.00153578855132258,-0.00240888717618272,0.0167308062246366
446.503546183793,-0.00264947899664705,0.00666450944028393,0.00143273474812912,0.0854002330355775,3.47909437672673e-05,0.00152481847216179,-0.00237716473802572,0.0166217120762247
449.600114545014,-0.00261457192251462,0.00662584833308603,0.00142504031642176,0.08477568626419,3.44183829164892e-05,0.00151393133887674,-0.00234584287835698,0.0165132512284896
452.718158067401,-0.00258010587690111,0.00658731293266602,0.00141714404246155,0.0841561075796403,3.40482199542263e-05,0.00150312644972616,-0.00231491698030707,0.0164054214910134
455.857825684385,-0.00254607577845013,0.0065489050009784,0.00140905634715329,0.0835414516201693,3.36804903367372e-05,0.00149240310981907,-0.00228438246896374,0.0162982206517498
459.01926736227,-0.00251247659160479,0.00651062624197358,0.00140078732758091,0.0829316734865939,3.33152273856591e-05,0.00148176063104601,-0.00225423481128242,0.0161916464776917
462.202634107401,-0.00247930332653634,0.00647247830269431,0.00139234676535085,0.0823267287383765,3.29524623542047e-05,0.00147119833201057,-0.0022244695159882,0.0160856967155285
465.408077973374,-0.00244655103906216,0.00643446277435746,0.0013837441347516,0.0817265733896726,3.25922244917344e-05,0.00146071553796136,-0.00219508213346955,0.0159803690922962
468.635752068297,-0.00241421483055318,0.0063965811934209,0.00137498861073247,0.0811311639053578,3.22345411067349e-05,0.00145031158072434,-0.00216606825566404,0.0158756613160181
471.885810562108,-0.0023822898478314,0.0063588350426358,0.00136608907670474,0.0805404571970377,3.18794376282354e-05,0.00143998579863551,-0.00213742351593631,0.0157715710763376
475.158408693936,-0.0023507712830575,0.00632122575208421,0.00135705413216836,0.0799544106190431,3.15269376656925e-05,0.00142973753647409,-0.00210914358894848,0.0156680960451412
478.453702779515,-0.00231965437360923,0.00628375470020221,0.00134789210016716,0.0793729819644124,3.11770630673752e-05,0.00141956614539604,-0.00208122419052342,0.0155652338771745
481.771850218653,-0.00228893440195053,0.00624642321478856,0.00133861103457581,0.0787961294608647,3.08298339772804e-05,0.00140947098286805,-0.00205366107750086,0.0154629822106481
485.113009502749,-0.00225860669549204,0.00620923257399895,0.00132921872722139,0.0782238117667653,3.04852688906078e-05,0.00139945141260202,-0.00202645004758688,0.0153613386678356
488.477340222363,-0.00222866662644307,0.00617218400732607,0.00131972271484276,0.0776559879670857,3.01433847078247e-05,0.0013895068044899,-0.00199958693919678,0.0152603008556628
491.865003074839,-0.00219910961165544,0.00613527869656535,0.00131013028589059,0.07709261756936,2.98041967873505e-05,0.00137963653453902,-0.00197306763129164,0.0151598663662883
495.276159871982,-0.00216993111245948,0.00609851777676678,0.00130044848717099,0.0765336604996411,2.94677189968875e-05,0.00136983998480799,-0.00194688804320888,0.0150600327776754
498.710973547785,-0.00214112663449243,0.00606190233717258,0.00129068413033581,0.0759790770984565,2.91339637634291e-05,0.00136011654334288,-0.00192104413448688,0.0149607976541556
502.169608166212,-0.00211269172751961,0.00602543342214111,0.00128084379822236,0.0754288281167678,2.88029421219705e-05,0.00135046560411411,-0.00189553190468402,0.0148621585469829
505.652228929035,-0.00208462198524859,0.00598911203205693,0.00127093385104545,0.0748828747119338,2.84746637629524e-05,0.00134088656695362,-0.00187034739319232,0.0147641129948806
509.159002183727,-0.00205691304513658,0.00595293912422715,0.00126096043244467,0.0743411784436804,2.81491370784617e-05,0.00133137883749271,-0.00184548667904582,0.0146666585245786
512.690095431402,-0.00202956058819145,0.00591691561376435,0.00125092947538953,0.0738037012700776,2.78263692072187e-05,0.00132194182710028,-0.001820945880724,0.0145697926513428
516.245677334823,-0.00200256033876648,0.00588104237445587,0.00124084670794543,0.0732704055435266,2.75063660783749e-05,0.00131257495282158,-0.00179672115595045,0.0144735128794954
519.825917726449,-0.00197590806434927,0.00584532023961989,0.00123071765890301,0.0727412540067569,2.71891324541489e-05,0.00130327763731756,-0.00177280870148682,0.0143778167029279
523.430987616559,-0.00194959957534483,0.00580975000294824,0.00122054766327374,0.0722162097888366,2.68746719713245e-05,0.00129404930880462,-0.00174920475292254,0.0142827016056041
527.061059201407,-0.00192363072485334,0.0057743324193361,0.00121034186765422,0.0716952364011954,2.65629871816373e-05,0.00128488940099498,-0.00172590558446018,0.0141881650620566
530.716305871459,-0.00189799740844268,0.0057390682056987,0.00120010523546209,0.0711782977336628,2.62540795910729e-05,0.0012757973530375,-0.0017029075086969,0.0140942045378733
534.396902219665,-0.00187269556391597,0.00570395804177522,0.00118984255204576,0.0706653580505232,2.5947949698103e-05,0.00126677260945908,-0.00168020687640199,0.0140008174901769
538.103024049808,-0.0018477211710744,0.00566900257091985,0.00117955842967096,0.0701563819865866,2.56445970308809e-05,0.00125781462010658,-0.00165780007629084,0.0139080013680953
541.834848384891,-0.00182307025147549,0.00563420240088033,0.00116925731238624,0.0696513345432798,2.53440201834212e-05,0.00124892284008923,-0.00163568353479533,0.0138157536132249
545.592553475602,-0.00179873886818712,0.00559955810456391,0.00115894348077018,0.0691501810847548,2.50462168507874e-05,0.00124009672972162,-0.00161385371583098,0.0137240716600846
549.376318808822,-0.00177472312553742,0.00556507022079105,0.00114862105656256,0.0686528873340198,2.47511838633071e-05,0.00123133575446725,-0.00159230712056095,0.0136329529365626
553.1863251162,-0.00175101916886083,0.00553073925503674,0.00113829400718206,0.0681594193690902,2.44589172198409e-05,0.00122263938488252,-0.00157104028715706,0.0135423948643552
557.022754382788,-0.00172762318424037,0.00549656568015984,0.00112796615013277,0.0676697436191619,2.41694121201234e-05,0.00121400709656137,-0.00155004979055797,0.0134523948593973
560.885789855729,-0.00170453139824661,0.00546254993712039,0.0011176411573019,0.0671838268608087,2.38826629961998e-05,0.00120543837008037,-0.00152933224222474,0.0133629503322852
564.775616053012,-0.00168174007767316,0.00542869243568506,0.0011073225591509,0.0667016362142025,2.35986635429783e-05,0.00119693269094445,-0.00150888428989387,0.013274058688692
568.692418772287,-0.00165924552926917,0.00539499355512088,0.00109701374880247,0.0662231391393587,2.33174067479192e-05,0.00118848954953302,-0.00148870261732798,0.0131857173297748
572.636385099737,-0.00163704409946887,0.00536145364487745,0.00108671798602538,0.0657483034324072,2.30388849198806e-05,0.0011801084410468,-0.00146878394406428,0.0130979236525743
576.607703419018,-0.00161513217411841,0.00532807302525754,0.00107643840111961,0.0652770972218882,2.27630897171413e-05,0.00117178886545506,-0.00144912502516098,0.0130106750504074
580.606563420252,-0.00159350617820004,0.00529485198807658,0.00106617799870375,0.0648094889650764,2.24900121746193e-05,0.00116353032744346,-0.00142972265094173,0.0129239689132517
584.633156109091,-0.00157216257555394,0.00526179079731076,0.00105593966140688,0.064345447444331,2.22196427303062e-05,0.00115533233636243,-0.00141057364673838,0.0128378026281227
588.687673815838,-0.00155109786859787,0.00522888968973422,0.00104572615346699,0.0638849417634735,2.19519712509355e-05,0.00114719440617603,-0.00139167487263189,0.0127521735794436
592.77031020464,-0.00153030859804458,0.00519614887554519,0.00103554012423804,0.0634279413441948,2.16869870569038e-05,0.00113911605541143,-0.00137302322319191,0.0126670791494087
596.881260282727,-0.00150979134261746,0.00516356853898148,0.00102538411160755,0.0629744159224895,2.14246789464618e-05,0.00113109680710886,-0.0013546156272148,0.0125825167183378
601.020720409738,-0.00148954271876433,0.00513114883892515,0.00101526054532689,0.0625243355451204,2.11650352191947e-05,0.00112313618877212,-0.0013364490474604,0.0124984836650255
605.188888307094,-0.00146955938036957,0.0050988899094968,0.00100517175025608,0.0620776705661117,2.09080436988072e-05,0.0011152337323196,-0.0013185204803877,0.0124149773670819
609.385963067442,-0.00144983801846483,0.00506679186063938,0.000995119949525007,0.0616343916432731,2.06536917552317e-05,0.00110738897403585,-0.00130082695588935,0.0123319952012671
613.612145164168,-0.00143037536093837,0.00503485477869173,0.000985107267613037,0.0611944697347524,2.04019663260756e-05,0.00109960145452368,-0.00128336553702529,0.0122495345438188
617.867636460969,-0.00141116817224317,0.00500307872695207,0.000975135733348802,0.0607578760956202,2.01528539374243e-05,0.00109187071865675,-0.00126613331975556,0.0121675927707728
622.152640221499,-0.00139221325310393,0.00497146374623144,0.000965207282831957,0.0603245822744843,1.99063407240156e-05,0.0010841963155327,-0.00124912743267231,0.0120861672582771
626.467361119072,-0.00137350744022318,0.00494000985539724,0.000955323762278734,0.0598945601101352,1.96624124488015e-05,0.00107657779842685,-0.00123234503673124,0.0120052553828989
630.812005246445,-0.00135504760598647,0.00490871705190709,0.000945486930793007,0.0594677817282234,1.94210545219127e-05,0.00106901472474629,-0.00121578332498254,0.0119248545219255
635.186780125658,-0.00133683065816691,0.00487758531233311,0.000935698463064566,0.0590442195379672,1.91822520190401e-05,0.00106150665598462,-0.00119943952230131,0.0118449620536586
639.591894717946,-0.00131885353962904,0.00484661459287664,0.000925959951996331,0.0586238462288924,1.89459896992489e-05,0.00105405315767713,-0.00118331088511774,0.0117655753577019
644.027559433723,-0.0013011132280323,0.00481580482987366,0.000916272911262104,0.0582066347676035,1.87122520222403e-05,0.00104665379935646,-0.00116739470114697,0.0116866918152427
648.493986142629,-0.00128360673553398,0.00478515594029102,0.00090663877779648,0.0577925583945871,1.84810231650719e-05,0.00103930815450887,-0.00115168828911886,0.0116083088093274
652.991388183652,-0.00126633110849206,0.00475466782221357,0.000897058914218552,0.0573815906210464,1.82522870383546e-05,0.00103201580053085,-0.00113618899850765,0.0115304237251303
657.519980375318,-0.00124928342716767,0.00472434035532228,0.000887534611190868,0.0569737052257684,1.80260273019364e-05,0.0010247763186864,-0.00112089420926163,0.0114530339502166
662.07997902595,-0.00123246080542769,0.00469417340136358,0.000878067089715279,0.0565688762520224,1.78022273800882e-05,0.00101758929406466,-0.00110580133153292,0.0113761368747998
666.671601944003,-0.00121586039044717,0.00466416680460999,0.000868657503367073,0.0561670780044909,1.75808704762025e-05,0.00101045431553813,-0.00109090780540745,0.0112997298919925
671.295068448464,-0.00119947936241196,0.00463432039231213,0.000859306940468899,0.0557682850462322,1.73619395870205e-05,0.00100337097572131,-0.00107621110063511,0.0112238103980518
675.950599379332,-0.00118331493422154,0.00460463397514233,0.000850016426205935,0.0553724721956757,1.7145417516397e-05,0.000996338870929857,-0.00106170871636028,0.0111483757926187
680.638417108163,-0.00116736435119205,0.00457510734762984,0.000840786924683654,0.0549796145236481,1.6931286888617e-05,0.000989357601140196,-0.00104739818085275,0.0110734234789523
685.358745548692,-0.0011516248907598,0.00454574028858788,0.000831619340929601,0.0545896873504326,1.67195301612753e-05,0.000982426769949642,-0.00103327705123906,0.0109989508641578
690.11181016753,-0.00113609386218507,0.00451653256153258,0.000822514522840522,0.0542026662428592,1.65101296377307e-05,0.000975545984536948,-0.00101934291323442,0.0109249553594092
694.897837994932,-0.00112076860625662,0.00448748391509394,0.000813473263076168,0.0538185270114276,1.63030674791457e-05,0.000968714855623352,-0.00100559338087514,0.0108514343801671
699.717057635642,-0.00110564649499659,0.00445859408341894,0.000804496300901029,0.053437245707461,1.60983257161235e-05,0.000961932997434068,-0.00099202609625179,0.0107783853463901
704.569699279812,-0.00109072493136623,0.00442986278656697,0.000795584323975343,0.0530587986202921,1.58958862599525e-05,0.000955200027660239,-0.000978638729243009,0.0107058056827421
709.455994713995,-0.00107600134897229,0.00440128973089755,0.000786737970096522,0.0526831622744808,1.56957309134686e-05,0.000948515567421353,-0.000965428977250115,0.0106336928187933
714.376177332221,-0.00106147321177418,0.00437287460945064,0.000777957828892287,0.0523103134270627,1.54978413815467e-05,0.000941879241228095,-0.000952394564932515,0.010562044189217
719.33048214714,-0.00104713801379209,0.00434461710231956,0.000769244443466653,0.0519402290648296,1.53021992812302e-05,0.000935290676945651,-0.000939533243943988,0.0104908572339811
724.31914580125,-0.00103299327881594,0.00431651687701654,0.000760598311999955,0.0515728864016407,1.51087861515088e-05,0.000928749505757453,-0.000926842792669905,0.0104201293985341
729.342406578201,-0.00101903656011538,0.00428857358883127,0.00075201988930403,0.051208262875765,1.49175834627551e-05,0.000922255362129362,-0.000914321015965403,0.0103498581339871
734.400504414174,-0.0010052654401508,0.00426078688118231,0.000743509588333664,0.0508463361472546,1.47285726258273e-05,0.000915807883774278,-0.000901965744894594,0.0102800408972903
739.493680909344,-0.000991677530285432,0.00423315638596156,0.000735067781655422,0.0504870840953484,1.45417350008493e-05,0.000909406711617185,-0.000889774836470828,0.0102106751514052
744.622179339418,-0.000978270470498646,0.00420568172387201,0.000726694802874899,0.0501304848159068,1.43570519056761e-05,0.000903051489760612,-0.000877746173398068,0.010141758365472
749.786244667259,-0.00096504192910038,0.00417836250475864,0.000718390948023439,0.0497765166188764,1.41745046240531e-05,0.000896741865450525,-0.000865877663813413,0.0100732880149725
754.98612355458,-0.000951989602446871,0.00415119832793281,0.000710156476905344,0.0494251580257849,1.39940744134783e-05,0.00089047748904262,-0.000854167241030807,0.010005261581888
760.222064373731,-0.000939111214657652,0.00412418878249019,0.000701991614406557,0.0490763877672658,1.38157425127753e-05,0.00088425801396904,-0.000842612863285982,0.0099376765548541
765.494317219563,-0.000926404517333892,0.00409733344762213,0.000693896551765833,0.048730184780613,1.36394901493857e-05,0.000878083096705483,-0.000831212513482655,0.00987053042930929
770.803133921369,-0.000913867289278123,0.00407063189292093,0.000685871447809275,0.0483865282073653,1.34652985463884e-05,0.000871952396738733,-0.000819964198940031,0.00980382070764094
776.148768054917,-0.000901497336215379,0.00404408367867883,0.000677916430149255,0.0480453973909193,1.32931489292537e-05,0.000865865576534568,-0.000808865951141637,0.0097375448993261
781.531474954562,-0.000889292490515791,0.00401768835618092,0.000670031596348535,0.0477067718741719,1.31230225323396e-05,0.000859822301506074,-0.000797915825485508,0.00967170052106854
786.951511725437,-0.000877250610918687,0.00399144546799211,0.000662217015050581,0.0473706313971922,1.29549006051381e-05,0.000853822239982342,-0.000787111901035785,0.00960628509693161
792.40913725574,-0.000865369582258211,0.00396535454823816,0.000654472727076842,0.0470369558949207,1.2788764418278e-05,0.000847865063177553,-0.00077645228027572,0.0095412961584672
797.904612229097,-0.000853647315190514,0.00393941512288097,0.000646798746491902,0.046705725494898,1.26245952692918e-05,0.00084195044516044,-0.000765935088862135,0.0094767312448407
803.438199137013,-0.000842081745922529,0.00391362670998819,0.000639195061637321,0.0463769205150213,1.24623744881532e-05,0.00083607806282413,-0.000755558475381359,0.00941258790295215
809.01016229141,-0.000830670835942383,0.00388798881999718,0.00063166163613496,0.0460505214613287,1.23020834425923e-05,0.000830247595856352,-0.000745320611106665,0.00934886368755361
814.620767837254,-0.000819412571751448,0.00386250095597356,0.000624198409860614,0.0457265090258111,1.21437035431937e-05,0.000824458726710018,-0.000735219689757227,0.00928555616136278
820.270283765263,-0.000808304964598084,0.00383716261386429,0.000616805299888688,0.0454048640842515,1.19872162482865e-05,0.000818711140574163,-0.000725253927258626,0.00922266289517298
825.958979924714,-0.000797346050213076,0.00381197328274546,0.000609482201408695,0.045085567694092,1.18326030686286e-05,0.000813004525345247,-0.000715421561504922,0.00916018146795961
831.687128036326,-0.000786533888546809,0.00378693244506487,0.000602228988614318,0.0447686010923266,1.16798455718951e-05,0.000807338571598805,-0.000705720852122308,0.00909810946698296
837.455001705243,-0.000775866563508186,0.00376203957687949,0.000595045515565743,0.0444539456934218,1.15289253869743e-05,0.000801712972561456,-0.000696150080234378,0.00903644448788772
843.262876434102,-0.000765342182705321,0.00373729414808784,0.000587931617025966,0.0441415830872624,1.13798242080774e-05,0.000796127424083253,-0.000686707548229004,0.00897518413479897
849.111029636188,-0.000754958877188031,0.00371269562265749,0.000580887109271774,0.0438314950371244,1.12325237986683e-05,0.000790581624610374,-0.000677391579526866,0.00891432602041491
854.999740648693,-0.000744714801192125,0.00368824345884758,0.000573911790880061,0.0435236634776734,1.10870059952182e-05,0.000785075275158154,-0.000668200518351619,0.00885386776609632
860.92929074605,-0.000734608131885535,0.00366393710942672,0.000567005443490137,0.0432180705129879,1.09432527107903e-05,0.000779608079284446,-0.000659132729501742,0.00879380700195279
866.899963153375,-0.000724637069116279,0.00363977602188602,0.000560167832542664,0.0429146984146092,1.08012459384605e-05,0.000774179743063318,-0.000650186598124059,0.00873414136692583
872.91204305999,-0.000714799835162297,0.00361575963864766,0.000553398707995857,0.0426135296196152,1.06609677545776e-05,0.000768789975059068,-0.000641360529488954,0.00867486850886888
878.965817633049,-0.000705094674483142,0.00359188739726882,0.000546697805019542,0.0423145467287194,1.05224003218701e-05,0.000763438486300567,-0.00063265294876729,0.00861598608462433
885.061576031251,-0.000695519853473573,0.00356815873064122,0.000540064844667672,0.0420177325043945,1.03855258924023e-05,0.000758124990255914,-0.000624062300809043,0.0085574917600975
891.199609418655,-0.000686073660219039,0.00354457306718625,0.00053349953452989,0.0417230698690199,1.02503268103853e-05,0.000752849202807406,-0.000615587049923661,0.00849938321032779
897.380210978585,-0.000676754404253066,0.00352112983104589,0.000527001569362682,0.0414305419030537,1.01167855148475e-05,0.000747610842226822,-0.000607225679662146,0.00844165811955696
903.603675927636,-0.00066756041631657,0.00349782844226927,0.000520570631700708,0.0411401318432276,9.98488454216893e-06,0.000742409629151002,-0.000598976692600886,0.00838431418129458
909.870301529772,-0.000658490048119089,0.00347466831699522,0.000514206392448807,0.0408518230807661,9.85460652848321e-06,0.000737245286557739,-0.000590838610127226,0.00832734909838073
916.18038711053,-0.000649541672101958,0.00345164886763075,0.000507908511455239,0.040565599159628,9.72593421195182e-06,0.000732117539741961,-0.000582809972226793,0.00827076058304612
922.534234071309,-0.000640713681203413,0.00342876950302542,0.000501676638066648,0.0402814437747715,9.59885043491497e-06,0.00072702611629221,-0.000574889337272581,0.00821454635696942
928.932145903777,-0.000632004488625648,0.00340602962864196,0.000495510411665269,0.0399993407704412,9.47333814592203e-06,0.00072197074606741,-0.00056707528181579,0.00815870415133218
935.374428204358,-0.000623412527603829,0.00338342864672292,0.00048940946218885,0.0397192741384785,9.3493804016466e-06,0.000716951161173921,-0.00055936640037844,0.00810323170687104
941.861388688833,-0.000614936251177052,0.00336096595645358,0.000483373410633771,0.0394412280166524,9.22696036868906e-06,0.00071196709594288,-0.000551761305247746,0.00804812677392765
948.39333720704,-0.00060657413196127,0.00333864095412121,0.000477401869541831,0.0391651866870144,9.10606132527066e-06,0.00070701828690781,-0.000544258626272267,0.00799338711249601
954.970585757668,-0.00059832466192418,0.00331645303327061,0.000471494443471132,0.0388911345742724,8.98666666282248e-06,0.000702104472782519,-0.000536857010659826,0.00793901049226754
961.593448503166,-0.000590186352162071,0.00329440158485614,0.000465650729451537,0.0386190562441879,8.86875988747315e-06,0.000697225394439258,-0.000529555122777207,0.00788499469267378
968.262241784745,-0.00058215773267864,0.00327248599739024,0.000459870317425088,0.0383489364019936,8.75232462143784e-06,0.000692380794887154,-0.000522351643951623,0.00783133750292681
974.977284137491,-0.000574237352165776,0.00325070565708849,0.000454152790671854,0.0380807598908309,8.63734460431304e-06,0.000687570419250905,-0.000515245272273954,0.00777803672205747
981.738896305574,-0.000566423777786306,0.00322905994801131,0.000448497726221562,0.0378145116902093,8.52380369427883e-06,0.000682794014749734,-0.000508234722403769,0.00772509015895134
988.547401257578,-0.000558715594958709,0.00320754825220239,0.00044290469525146,0.037550176914485,8.41168586921304e-06,0.000678051330676611,-0.000501318725376112,0.00767249563238269
995.403124201917,-0.000551111407143789,0.00318616994982381,0.000437373263470761,0.0372877408113602,8.30097522771955e-06,0.000673342118377711,-0.000494496028410057,0.00762025097104621
1002.30639260238,-0.000543609835633319,0.003164924419288,0.000431902991492076,0.0370271887604013,8.19165599007378e-06,0.000668666131232139,-0.000487765394719037,0.00756835401358681
1009.25753619375,-0.000536209519340634,0.00314381103738664,0.000426493435190179,0.0367685062715776,8.08371249908844e-06,0.000664023124631895,-0.000481125603322937,0.00751680260862734
1016.2568869976,-0.000528909114593187,0.00312282917941637,0.000421144146048484,0.0365116789838182,7.97712922090204e-06,0.000659412855962081,-0.00047457544886194,0.00746559461479437
1023.30477933808,-0.00052170729492706,0.00310197821930163,0.000415854671493577,0.0362566926635889,7.87189074569305e-06,0.000654835084581361,-0.000468113741412151,0.00741472790074217
1030.40154985798,-0.000514602750883406,0.00308125752971445,0.000410624555218128,0.0360035332034867,7.7679817883221e-06,0.000650289571802634,-0.000461739306302947,0.00736420034517455
1037.5475375347,-0.000507594189806864,0.0030606664821914,0.000405453337492555,0.0357521866208541,7.66538718890497e-06,0.000645776080873974,-0.000455450983936112,0.00731400983686521
1044.74308369654,-0.000500680335645883,0.00304020444724769,0.000400340555465709,0.0355026390564101,7.56409191331867e-06,0.000641294376959769,-0.000449247629606677,0.00726415427467601
1051.98853203895,-0.000493859928755003,0.00301987079448851,0.000395285743454953,0.0352548767729009,7.46408105364329e-06,0.000636844227122115,-0.000443128113325536,0.00721463156757367
1059.28422864097,-0.000487131725699044,0.0029996648927176,0.000390288433225892,0.0350088861537666,7.36533982854127e-06,0.00063242540030241,-0.000437091319643766,0.00716543963464466
1066.63052198171,-0.000480494499059232,0.00297958611004322,0.000385348154262092,0.0347646537018271,7.26785358357747e-06,0.000628037667303196,-0.000431136147478702,0.00711657640510856
1074.02776295709,-0.000473947037241224,0.00295963381398139,0.000380464434025045,0.0345221660379839,7.17160779148084e-06,0.000623680800770193,-0.000425261509941705,0.00706803981832952
1081.4763048965,-0.000467488144285055,0.0029398073715567,0.000375636798204707,0.0342814098999401,7.07658805235142e-06,0.000619354575174574,-0.00041946633416767,0.00701982782382648
1088.97650357974,-0.000461116639676969,0.00292010614940045,0.000370864770960829,0.0340423721409359,6.98278009381286e-06,0.000615058766795431,-0.000413749561146218,0.00697193838128149
1096.52871725401,-0.000454831358163154,0.00290052951384649,0.000366147875155408,0.0338050397285025,6.89016977111453e-06,0.000610793153702467,-0.000408110145554613,0.00692436946054679
1104.13330665098,-0.000448631149565348,0.00288107683102443,0.000361485632576474,0.0335693997432303,6.79874306718335e-06,0.000606557515738887,-0.000402547055592345,0.00687711904165018
1111.79063500406,-0.000442514878598335,0.00286174746695071,0.000356877564153504,0.0333354393775549,6.70848609262854e-06,0.000602351634504495,-0.000397059272817421,0.00683018511479913
1119.50106806575,-0.000436481424689286,0.00284254078761715,0.000352323190164673,0.0331031459345584,6.61938508570021e-06,0.000598175293338991,-0.000391645791984311,0.00678356568038329
1127.26497412507,-0.000430529681798976,0.00282345615907736,0.000347822030436232,0.032872506826786,6.53142641220433e-06,0.000594028277305475,-0.000386305620883583,0.00673725874897584
1135.0827240252,-0.000424658558244834,0.00280449294753078,0.000343373604534193,0.0326435095750788,6.44459656537518e-06,0.000589910373174128,-0.000381037780183175,0.00669126234133318
1142.95469118117,-0.000418866976525839,0.00278565051940471,0.000338977431948606,0.0324161418074216,6.35888216570757e-06,0.000585821369406112,-0.000375841303271339,0.0066455744883937
1150.8812515977,-0.000413153873149234,0.00276692824143398,0.000334633032270601,0.0321903912578054,6.27426996074968e-06,0.000581761056137636,-0.000370715236101203,0.00660019323127486
1158.86278388715,-0.000407518198459069,0.00274832548073875,0.000330339925362455,0.0319662457651054,6.19074682485908e-06,0.00057772922516423,-0.00036565863703699,0.00655511662126938
1166.89966928762,-0.000401958916466531,0.00272984160490004,0.000326097631520851,0.0317436932719731,6.10829975892253e-06,0.000573725669925185,-0.000360670576701831,0.0065103427198399
1174.99229168114,-0.0003964750046821,0.00271147598203338,0.000321905671633591,0.0315227218237431,6.02691589004174e-06,0.000569750185488197,-0.000355750137827218,0.00646586959861268
1183.14103761204,-0.000391065453949453,0.00269322798086043,0.000317763567329893,0.0313033195673541,5.94658247118603e-06,0.000565802568534172,-0.000350896415104035,0.00642169533937001
1191.34629630538,-0.000385729268281174,0.00267509697077869,0.000313670841124538,0.0310854747502837,5.86728688081386e-06,0.000561882617342223,-0.000346108515035205,0.00637781803404156
1199.60845968555,-0.000380465464696202,0.00265708232192927,0.000309627016555998,0.0308691757194976,5.7890166224638e-06,0.000557990131774832,-0.000341385555789889,0.00633423578469454
1207.92792239501,-0.00037527307305905,0.00263918340526287,0.000305631618318773,0.0306544109204117,5.7117593243172e-06,0.000554124913263192,-0.000336726667059295,0.00629094670352293
1216.3050818131,-0.000370151135920746,0.00262139959260383,0.000301684172390076,0.0304411688958682,5.63550273873289e-06,0.000550286764792716,-0.000332130989914006,0.00624794891283546
1224.74033807505,-0.000365098708361516,0.00260373025671256,0.000297784206151085,0.0302294382851247,5.56023474175603e-06,0.000546475490888717,-0.0003275976766629,0.00620524054504282
1233.23409409112,-0.000360114857835168,0.00258617477134606,0.000293931248502882,0.0300192078228563,5.48594333260146e-06,0.000542690897602247,-0.000323125890713572,0.00616281974264359
1241.78675556577,-0.0003551986640152,0.00256873251131687,0.000290124829977297,0.0298104663381712,5.41261663311358e-06,0.000538932792496113,-0.000318714806434315,0.00612068465820953
1250.39873101711,-0.000350349218642571,0.00255140285255021,0.000286364482842765,0.0296032027536376,5.340242887203e-06,0.000535200984631035,-0.000314363609017597,0.00607883345436961
1259.07043179635,-0.000345565625375183,0.00253418517213962,0.000282649741205394,0.029397406084325,5.26881046026186e-06,0.000531495284551985,-0.000310071494345062,0.00603726430379337
1267.80227210752,-0.000340846999639005,0.00251707884840086,0.000278980141105371,0.029193065436856,5.19830783855828e-06,0.000527815504274662,-0.000305837668854012,0.00599597538917322
1276.5946690272,-0.00033619246848086,0.00250008326092439,0.000275355220608861,0.0289901700084716,5.12872362861128e-06,0.000524161457272138,-0.00030166134940538,0.00595496490320602
1285.44804252445,-0.000331601170422862,0.00248319779062616,0.000271774519895547,0.0287887090861078,5.06004655654704e-06,0.000520532958461648,-0.000297541763153183,0.00591423104857371
1294.36281548089,-0.000327072255318465,0.00246642181979701,0.000268237581341942,0.0285886720454839,4.9922654674375e-06,0.000516929824191532,-0.000293478147415418,0.00587377203792312
1303.33941371088,-0.000322604884210146,0.00244975473215053,0.000264743949600615,0.0283900483502032,4.92536932462228e-06,0.000513351872228327,-0.000289469749546429,0.00583358609384512
1312.37826598188,-0.000318198229188674,0.00243319591286949,0.000261293171675453,0.0281928275508644,4.8593472090146e-06,0.000509798921744003,-0.000285515826810695,0.0057936714488528
1321.47980403488,-0.000313851473253989,0.0024167447486509,0.000257884796993108,0.0279969992841845,4.79418831839238e-06,0.000506270793303346,-0.000281615646258058,0.00575402634535907
1330.6444626051,-0.000309563810177638,0.00240040062774963,0.000254518377470724,0.027802553272133,4.72988196667506e-06,0.00050276730885148,-0.000277768484600354,0.00571464903565339
1339.87267944269,-0.000305334444366796,0.00238416294002072,0.000251193467580095,0.027609479321077,4.66641758318728e-06,0.000499288291701534,-0.000273973628089466,0.00567553778187796
1349.16489533366,-0.000301162590729822,0.00236803107696034,0.000247909624408344,0.027417767320937,4.60378471190981e-06,0.000495833566522443,-0.000270230372396739,0.00563669085600302
1358.52155412096,-0.000297047474543364,0.00235200443174546,0.000244666407715263,0.0272274072443537,4.5419730107189e-06,0.000492402959326888,-0.000266538022493813,0.00559810653980168
1367.94310272563,-0.000292988331320982,0.00233608239927227,0.000241463379987395,0.0270383891458647,4.48097225061435e-06,0.000488996297459368,-0.000262895892534788,0.00555978312482393
1377.42999116818,-0.000288984406683297,0.00232026437619337,0.000238300106489012,0.0268507031610922,4.4207723149376e-06,0.000485613409584412,-0.00025930330573977,0.0055217189123702
1386.98267259009,-0.000285034956229616,0.00230454976095367,0.000235176155310028,0.0266643395059406,4.36136319857967e-06,0.000482254125674911,-0.000255759594279752,0.0054839122134641
1396.60160327544,-0.000281139245411071,0.00228893795382525,0.00023209109741102,0.0264792884758041,4.30273500718074e-06,0.00047891827700059,-0.000252264099162829,0.00544636134882484
1406.2872426727,-0.000277296549405205,0.00227342835694087,0.000229044506665398,0.0262955404447841,4.24487795632072e-06,0.000475605696116598,-0.000248816170121731,0.00540906464883876
1416.04005341668,-0.000273506152992041,0.00225802037432651,0.00022603595989886,0.0261130858649169,4.18778237070274e-06,0.000472316216852235,-0.000245415165502677,0.00537202045353064
1425.86050135065,-0.000269767350431573,0.00224271341193273,0.000223065036926191,0.0259319152654105,4.13143868332886e-06,0.000469049674299786,-0.000242060452155506,0.00533522711253418
1435.74905554856,-0.00026607944534272,0.00222750687766493,0.000220131320585541,0.025752019251891,4.07583743466994e-06,0.0004658059048035,-0.000238751405325116,0.0052986829850622
1445.70618833745,-0.00026244175058367,0.00221240018141258,0.00021723439677021,0.0255733885056584,4.02096927182877e-06,0.000462584745948667,-0.000235487408544157,0.00526238643987614
1455.73237532004,-0.000258853588133654,0.00219739273507741,0.000214373854458092,0.0253960137829516,3.96682494769837e-06,0.000459386036550832,-0.000232267853527003,0.00522633585525527
1465.8280953974,-0.000255314288976102,0.00218248395260055,0.000211549285738805,0.0252198859142227,3.91339532011498e-06,0.000456209616645111,-0.000229092140064958,0.00519052961896526
1475.99383079187,-0.000251823192983184,0.00216767324998872,0.000208760285838622,0.0250449958034195,3.86067135100678e-06,0.00045305532747564,-0.000225959675922715,0.00515496612822642
1486.23006707006,-0.000248379648801718,0.00215296004533943,0.000206006453143264,0.0248713344272776,3.80864410553846e-06,0.000449923011485118,-0.00022286987673603,0.0051196437896814
1496.53729316606,-0.000244983013740436,0.00213834375886523,0.000203287389218646,0.0246988928346213,3.75730475125264e-06,0.000446812512304483,-0.000219822165910618,0.00508456101936263
1506.9160014048,-0.000241632653658582,0.00212382381291703,0.00020060269882962,0.0245276621456718,3.70664455720777e-06,0.000443723674742684,-0.000216815974522248,0.00504971624265915
1517.36668752555,-0.000238327942855854,0.00210939963200654,0.000197951989956836,0.0243576335513654,3.65665489311391e-06,0.000440656344776571,-0.000213850741218034,0.00501510789428322
1527.88985070559,-0.000235068263963645,0.00209507064282777,0.000195334873811734,0.0241887983126788,3.60732722846585e-06,0.000437610369540888,-0.000210925912118899,0.00498073441823644
1538.4859935841,-0.000231853007837607,0.00208083627427772,0.000192750964849782,0.0240211477599635,3.55865313167485e-06,0.000434585597318379,-0.000208040940723217,0.00494659426777562
1549.15562228612,-0.000228681573451477,0.0020666959574762,0.000190199880781986,0.0238546732922875,3.51062426919852e-06,0.000431581877529991,-0.0002051952878116,0.00491268590537815
1559.89924644673,-0.000225553367792213,0.00205264912578484,0.000187681242584777,0.0236893663767856,3.46323240467016e-06,0.000428599060725189,-0.000202388421352842,0.0048790078027072
1570.71737923542,-0.000222467805756366,0.00203869521482521,0.000185194674508292,0.0235252185480166,3.41646939802689e-06,0.000425636998572367,-0.000199619816410984,0.00484555844057647
1581.61053738059,-0.000219424310047726,0.0020248336624963,0.000182739804083143,0.0233622214073299,3.37032720463782e-06,0.00042269554384937,-0.00019688895505352,0.00481233630891473
1592.57924119422,-0.000216422311076186,0.00201106390899109,0.000180316262125717,0.0232003666222375,3.32479787443196e-06,0.000419774550434097,-0.000194195326260688,0.00477933990672993
1603.62401459674,-0.000213461246857853,0.00199738539681245,0.000177923682742067,0.0230396459257954,3.27987355102662e-06,0.000416873873295226,-0.000191538425835889,0.00474656774207324
1614.74538514202,-0.000210540562916356,0.00198379757078825,0.000175561703330439,0.0228800511159916,3.23554647085621e-06,0.000413993368483018,-0.000188917756317169,0.00471401833200256
1625.94388404263,-0.00020765971218537,0.00197029987808582,0.000173229964582511,0.0227215740551409,3.19180896230211e-06,0.000411132893120225,-0.000186332826889801,0.00468169020254599
1637.22004619516,-0.000204818154912312,0.00195689176822561,0.00017092811048336,0.0225642066692879,3.14865344482351e-06,0.000408292305393092,-0.000183783153299911,0.00464958188866491
1648.57441020578,-0.000202015358563236,0.00194357269309427,0.000168655788310248,0.0224079409476165,3.10607242808996e-06,0.00040547146454245,-0.000181268257769178,0.00461769193421692
1660.00751841599,-0.000199250797728865,0.00193034210695697,0.000166412648630235,0.0222527689418661,3.0640585111153e-06,0.000402670230854903,-0.000178787668910564,0.00458601889191844
1671.51991692849,-0.000196523954031801,0.00191719946646914,0.000164198345296701,0.0220986827657556,3.02260438139382e-06,0.000399888465654108,-0.000176340921645091,0.00455456132330725
1683.11215563331,-0.000193834316034859,0.00190414423068753,0.000162012535444788,0.0219456745944126,2.98170281403838e-06,0.000397126031292134,-0.00017392755711962,0.00452331779870467
1694.78478823403,-0.000191181379150533,0.00189117586108064,0.00015985487948584,0.0217937366638116,2.94134667092107e-06,0.000394382791140931,-0.000171547122625666,0.00449228689717767
1706.53837227424,-0.00018856464555158,0.00187829382153858,0.000157725041100857,0.0216428612702162,2.9015288998164e-06,0.000391658609583858,-0.000169199171519191,0.00446146720650066
1718.37346916419,-0.000185983624082706,0.00186549757838229,0.000155622687233016,0.0214930407696297,2.8622425335474e-06,0.000388953352007326,-0.0001668832631414,0.00443085732311727
1730.2906442076,-0.000183437830173339,0.00185278660037226,0.000153547488079298,0.0213442675772511,2.82348068913469e-06,0.000386266884792502,-0.000164598962740514,0.00440045585210184
1742.29046662864,-0.000180926785751498,0.00184016035871655,0.000151499117081261,0.0211965341669377,2.78523656694875e-06,0.000383599075307115,-0.000162345841394508,0.00437026140712079
1754.37350959913,-0.000178450019158709,0.00182761832707841,0.000149477250914986,0.0210498330706742,2.74750344986564e-06,0.000380949791897332,-0.000160123475934809,0.00434027261039388
1766.54035026596,-0.000176007065065992,0.00181515998158326,0.000147481569480244,0.0209041568780472,2.71027470242623e-06,0.000378318903879724,-0.000157931448870941,0.00431048809265524
1778.79156977856,-0.000173597464390895,0.00180278480082518,0.000145511755888925,0.0207594982357263,2.67354376999922e-06,0.00037570628153331,-0.000155769348316115,0.00428090649311443
1791.12775331676,-0.000171220764215549,0.0017904922658729,0.000143567496452735,0.0206158498469513,2.63730417794793e-06,0.000373111796091682,-0.000153636767913726,0.00425152645941716
1803.54949011869,-0.000168876517705761,0.00177828186027526,0.000141648480670223,0.0204732044710243,2.60154953080133e-06,0.000370535319735203,-0.000151533306764793,0.00422234664760615
1816.05737350894,-0.000166564284031101,0.00176615307006621,0.000139754401213162,0.0203315549228087,2.56627351142897e-06,0.000367976725583293,-0.000149458569356283,0.00419336572208165
1828.65200092687,-0.00016428362828601,0.0017541053837693,0.000137884953912301,0.0201908940722335,2.53146988022048e-06,0.000365435887686783,-0.000147412165490346,0.00416458235556204
1841.33397395519,-0.000162034121411872,0.0017421382924018,0.000136039837742534,0.0200512148438026,2.49713247426929e-06,0.000362912681020347,-0.000145393710214428,0.00413599522904425
1854.10389834867,-0.00015981534012009,0.00173025128947821,0.000134218754807515,0.0199125102161107,2.46325520656114e-06,0.000360406981475014,-0.00014340282375227,0.00410760303176412
1866.9623840631,-0.000157626866816104,0.00171844387101348,0.000132421410323728,0.0197747732213638,2.42983206516696e-06,0.000357918665850744,-0.00014143913143576,0.0040794044611567
1879.91004528435,-0.000155468289524384,0.00170671553552576,0.000130647512604067,0.0196379969449056,2.39685711244086e-06,0.000355447611849088,-0.000139502263637656,0.00405139822281648
1892.94750045783,-0.000153339201814358,0.00169506578403865,0.000128896773040922,0.0195021745247485,2.3643244842227e-06,0.000352993698065907,-0.000137591855705148,0.00402358303045754
1906.0753723179,-0.000151239202727276,0.00168349412008316,0.000127168906088827,0.0193672991511113,2.33222838904586e-06,0.000350556803984178,-0.000135707547894262,0.00399595760587368
1919.29428791772,-0.000149167896703999,0.0016720000496992,0.000125463629246665,0.0192333640659598,2.30056310734996e-06,0.000348136809966857,-0.000133848985305088,0.0039685206788985
1932.60487865912,-0.000147124893513702,0.00166058308143674,0.000123780663039479,0.019100362562555,2.26932299069875e-06,0.000345733597249816,-0.000132015817817833,0.00394127098736543
1946.00778032282,-0.000145109808183475,0.00164924272635649,0.000122119730999891,0.018968287985004,2.23850246100326e-06,0.000343347047934848,-0.000130207700029674,0.00391420727706767
1959.50363309877,-0.000143122260928827,0.00163797849803038,0.000120480559649168,0.0188371337278178,2.20809600975027e-06,0.000340977044982746,-0.000128424291192424,0.00388732830171829
1973.09308161673,-0.000141161877085054,0.00162678991254148,0.000118862878477943,0.0187068932354721,2.17809819723602e-06,0.000338623472206433,-0.000126665255150976,0.00386063282291006
1986.77677497706,-0.000139228287039502,0.00161567648848378,0.000117266419926623,0.018577560001975,2.14850365180561e-06,0.000336286214264178,-0.00012493026028254,0.00383411961007548
2000.55536678172,-0.000137321126164669,0.00160463774696146,0.000115690919365489,0.0184491275704373,2.11930706909766e-06,0.000333965156652856,-0.000123218979436643,0.00380778744044666
2014.42951516552,-0.000135440034752178,0.00159367321158794,0.00011413611507453,0.0183215895326491,2.0905032112947e-06,0.000331660185701297,-0.000121531089875901,0.00378163509901527
2028.39988282751,-0.000133584657947576,0.00158278240848455,0.000112601748223002,0.01819493952866,2.06208690637902e-06,0.00032937118856367,-0.000119866273217537,0.00375566137849249
2042.46713706267,-0.000131754645685979,0.00157196486627894,0.000111087562848753,0.0180691712463647,2.03405304739437e-06,0.000327098053212956,-0.00011822421537566,0.00372986507926894
2056.63194979376,-0.00012994965262853,0.00156122011610313,0.000109593305837319,0.017944278421092,2.00639659171314e-06,0.000324840668434464,-0.000116604606504261,0.0037042450093746
2070.89499760343,-0.000128169338099671,0.00155054769159132,0.000108118726900812,0.0178202548351993,1.97911256030948e-06,0.000322598923819423,-0.000115007140940958,0.00367879998443887
2085.25696176653,-0.000126413366025221,0.00153994712887734,0.000106663578556611,0.0176970943176707,1.95219603703808e-06,0.000320372709758618,-0.000113431517151443,0.0036535288276505
2099.71852828265,-0.00012468140487125,0.00152941796659194,0.000105227616105884,0.0175747907437199,1.92564216791883e-06,0.000318161917436105,-0.000111877437674657,0.00362843036971763
2114.2803879089,-0.000122973127583725,0.00151895974585967,0.000103810597611934,0.0174533380343967,1.89944616042722e-06,0.000315966438822966,-0.000110344609068658,0.00360350344882787
2128.94323619287,-0.000121288211528949,0.00150857201029561,0.000102412283878413,0.0173327301561988,1.87360328279078e-06,0.000313786166671138,-0.000108832741857185,0.00357874691060838
2143.7077735059,-0.00011962633843475,0.00149825430600176,0.000101032438427388,0.0172129611206862,1.84810886329119e-06,0.000311620994507287,-0.000107341550476912,0.00355415960808603
2158.57470507649,-0.000117987194332436,0.00148800618156326,9.96708274772943e-05,0.017094024984101,1.82295828957257e-06,0.000309470816626753,-0.000105870753225381,0.00352974040164756
2173.54474102402,-0.000116370469499493,0.00147782718804431,9.83272199207775e-05,0.0169759158469906,1.79814700795539e-06,0.000307335528087534,-0.000104420072209598,0.00350548815899984
2188.61859639264,-0.000114775858403025,0.00146771687898386,9.70013873024412e-05,0.0168586278538347,1.7736705227566e-06,0.000305215024704341,-0.000102989233295302,0.00348140175513016
2203.79699118545,-0.000113203059643919,0.00145767481039111,9.56931037965092e-05,0.0167421551926768,1.74952439561553e-06,0.000303109203042698,-0.00010157796605688,0.00345748007226655
2219.08065039887,-0.000111651775901739,0.00144770054074075,9.44021461844204e-05,0.016626492094759,1.72570424482584e-06,0.000301017960413103,-0.000100186003727936,0.00343372199983826
2234.47030405729,-0.000110121713880323,0.00143779363096802,9.31282938323576e-05,0.0165116328341609,1.70220574467343e-06,0.000298941194865237,-9.88130831524875e-05,0.00341012643443615
2249.9666872479,-0.000108612584254093,0.00142795364446352,9.18713286687294e-05,0.016397571727442,1.67902462478026e-06,0.000296878805182229,-9.7458944736808e-05,0.00338669227977332
2265.57054015586,-0.000107124101615049,0.00141818014706785,9.06310351616108e-05,0.016284303133288,1.65615666945424e-06,0.000294830690874973,-9.61233324018802e-05,0.00336341844664567
2281.28260809959,-0.000105655984420464,0.00140847270706606,8.94072002961554e-05,0.0161718214521609,1.63359771704504e-06,0.000292796752176499,-9.48059935364733e-05,0.00334030385289267
2297.10364156645,-0.000104207954941246,0.00139883089518187,8.81996135519844e-05,0.0160601211259521,1.61134365930584e-06,0.000290776890036386,-9.35066789508234e-05,0.00331734742335804
2313.0343962485,-0.000102779739210974,0.00138925428457176,8.70080668805677e-05,0.0159491966376398,1.58939044076113e-06,0.000288771006115242,-9.22251428309202e-05,0.00329454808985071
2329.07563307866,-0.000101371066975597,0.00137974245081882,8.58323546825986e-05,0.0158390425109495,1.56773405808037e-06,0.000286779002779214,-9.09611426933815e-05,0.00327190479110571
2345.22811826701,-9.99816716437884e-05,0.00137029497192653,8.46722737853791e-05,0.0157296533100179,1.5463705594577e-06,0.000284800783094568,-8.97144393409205e-05,0.00324941647274524
2361.49262333744,-9.8611290237942e-05,0.0013609114283122,8.35276234202134e-05,0.0156210236390602,1.52529604399752e-06,0.000282836250822299,-8.84847968183865e-05,0.00322708208723975
2377.86992516445,-9.72596633458103e-05,0.00135159140280045,8.2398205199828e-05,0.0155131481420413,1.504506661106e-06,0.000280885310412801,-8.72719823693836e-05,0.00320490059386925
2394.36080601029,-9.59265350727694e-05,0.00134233448061638,8.12838230958183e-05,0.0154060215023495,1.48399860988853e-06,0.000278947867000583,-8.60757663934492e-05,0.00318287095868455
2410.96605356231,-9.46116529947114e-05,0.00133314024937867,8.01842834161324e-05,0.0152996384424742,1.46376813855308e-06,0.000277023826399028,-8.48959224037955e-05,0.00316099215446873
2427.6864609706,-9.33147681115457e-05,0.00132400829909251,7.90993947825971e-05,0.0151939937236863,1.44381154381938e-06,0.000275113095095204,-8.37322269855984e-05,0.00313926316069866
2444.52282688584,-9.20356348013131e-05,0.00131493822214237,7.8028968108495e-05,0.0150890821457225,1.42412517033403e-06,0.000273215580244717,-8.25844597548354e-05,0.00311768296350664
2461.4759554975,-9.07740107748955e-05,0.00130592961328466,7.69728165761959e-05,0.0149848985464714,1.4047054100914e-06,0.000271331189666609,-8.14524033176564e-05,0.00309625055564211
2478.54665657221,-8.95296570313201e-05,0.00129698206964025,7.59307556148501e-05,0.0148814378016646,1.38554870186037e-06,0.000269459831838305,-8.03358432302898e-05,0.00307496493643356
2495.73574549243,-8.83023378136495e-05,0.00128809519068686,7.49026028781523e-05,0.0147786948245692,1.36665153061689e-06,0.000267601415890606,-7.92345679594723e-05,0.00305382511175043
2513.04404329547,-8.7091820565446e-05,0.00127926857825134,7.38881782221734e-05,0.0146766645656844,1.34801042698225e-06,0.000265755851602715,-7.81483688433945e-05,0.00303283009396524
2530.47237671259,-8.58978758878113e-05,0.00127050183650179,7.28873036832757e-05,0.0145753420124405,1.32962196666719e-06,0.000263923049397322,-7.70770400531628e-05,0.00301197890191578
2548.02157820863,-8.47202774969842e-05,0.00126179457193964,7.18998034561074e-05,0.014474722188901,1.31148276992164e-06,0.000262102920335718,-7.6020378554761e-05,0.00299127056086739
2565.69248602162,-8.35588021825011e-05,0.00125314639339151,7.09255038716882e-05,0.0143748001554679,1.29358950099021e-06,0.000260295376112962,-7.49781840715168e-05,0.00297070410247547
2583.48594420295,-8.24132297658992e-05,0.00124455691200111,6.99642333755855e-05,0.0142755710085896,1.27593886757335e-06,0.000258500329053084,-7.39502590470556e-05,0.00295027856474794
2601.4028026576,-8.12833430599687e-05,0.00123602574122088,6.9015822506189e-05,0.0141770298804718,1.2585276202941e-06,0.000256717692104335,-7.29364086087463e-05,0.00292999299200805
2619.4439171848,-8.01689278285352e-05,0.00122755249680368,6.80801038730839e-05,0.0140791719387906,1.24135255217049e-06,0.000254947378834468,-7.19364405316224e-05,0.00290984643485708
2637.61014951883,-7.90697727467764e-05,0.00121913679679424,6.71569121355332e-05,0.0139819923864097,1.22441049809356e-06,0.000253189303426076,-7.09501652027827e-05,0.00288983795013737
2655.90236737027,-7.79856693620562e-05,0.00121077826152064,6.62460839810643e-05,0.0138854864610989,1.20769833431076e-06,0.000251443380671951,-6.99773955862559e-05,0.00286996660089532
2674.32144446737,-7.691641205528e-05,0.00120247651358567,6.53474581041708e-05,0.0137896494352564,1.19121297791509e-06,0.000249709525970503,-6.90179471883326e-05,0.00285023145634467
2692.86826059784,-7.58617980027536e-05,0.00119423117785804,6.44608751851275e-05,0.0136944766156329,1.17495138633952e-06,0.000247987655321199,-6.80716380233492e-05,0.00283063159182975
2711.54370165082,-7.48216271385513e-05,0.0011860418814636,6.3586177868928e-05,0.0135999633430591,1.158910556857e-06,0.000246277685320058,-6.71382885799277e-05,0.00281116608878906
2730.34865965925,-7.37957021173743e-05,0.00117790825377643,6.27232107443379e-05,0.013506104992175,1.14308752608577e-06,0.00024457953315517,-6.62177217876569e-05,0.00279183403471877
2749.28403284242,-7.27838282779055e-05,0.00116982992640989,6.18718203230796e-05,0.013412896971163,1.12747936950013e-06,0.000242893116602267,-6.5309762984217e-05,0.00277263452313655
2768.35072564895,-7.17858136066431e-05,0.00116180653320756,6.10318550191382e-05,0.0133203347214819,1.11208320094649e-06,0.000241218354020319,-6.44142398829348e-05,0.0027535666535454
2787.54964879989,-7.08014687022169e-05,0.00115383771023415,6.02031651282017e-05,0.0132284137176049,1.09689617216481e-06,0.000239555164347178,-6.35309825407713e-05,0.00273462953139773
2806.88171933232,-6.9830606740172e-05,0.00114592309576631,5.93856028072295e-05,0.0131371294667592,1.08191547231515e-06,0.000237903467095249,-6.26598233267289e-05,0.00271582226805947
2826.34786064308,-6.88730434382232e-05,0.00113806233028341,5.85790220541602e-05,0.0130464775086682,1.06713832750967e-06,0.000236263182347208,-6.18005968906805e-05,0.00269714398077443
2845.94900253294,-6.79285970219645e-05,0.00113025505645828,5.7783278687749e-05,0.0129564534152967,1.05256200034958e-06,0.000234634230751747,-6.09531401326069e-05,0.00267859379262872
2865.68608125093,-6.69970881910379e-05,0.0011225009191478,5.6998230327551e-05,0.0128670527905975,1.03818378946747e-06,0.000233016533519362,-6.0117292172246e-05,0.00266017083251537
2885.56003953913,-6.60783400857453e-05,0.00111479956538357,5.62237363740386e-05,0.0127782712702609,1.02400102907457e-06,0.00023141001241817,-5.929289431914e-05,0.00264187423509906
2905.57182667768,-6.51721782541081e-05,0.00110715064436242,5.54596579888647e-05,0.0126901045214672,1.01001108851323e-06,0.000229814589769767,-5.84797900430835e-05,0.00262370314078104
2925.72239853012,-6.42784306193593e-05,0.00109955380743693,5.47058580752672e-05,0.0126025482426399,9.96211371814353e-07,0.000228230188445115,-5.76778249449596e-05,0.00260565669566413
2946.01271758903,-6.33969274478714e-05,0.0010920087081059,5.39622012586209e-05,0.0125155981632025,9.82599317259864e-07,0.00022665673186047,-5.68868467279673e-05,0.00258773405151793
2966.44375302203,-6.25275013175056e-05,0.00108451500200475,5.32285538671314e-05,0.0124292500433375,9.691723969501e-07,0.000225094143973335,-5.61067051692264e-05,0.00256993436574414
2987.01648071805,-6.16699870863858e-05,0.00107707234689592,5.25047839126829e-05,0.0123434996737465,9.55928116376191e-07,0.00022354234927846,-5.53372520917639e-05,0.00255225680134211
3007.73188333398,-6.0824221862084e-05,0.00106968040265918,5.1790761071828e-05,0.0122583428754138,9.42864013997231e-07,0.000222001272803858,-5.45783413368688e-05,0.00253470052687438
3028.59095034155,-5.99900449712187e-05,0.00106233883128199,5.10863566669329e-05,0.0121737754993718,9.29977660822383e-07,0.000220470840106867,-5.38298287368178e-05,0.00251726471643254
3049.59467807464,-5.91672979294542e-05,0.00105504729684972,5.03914436474689e-05,0.0120897934264676,9.17266659997689e-07,0.000218950977270244,-5.30915720879604e-05,0.00249994854960316
3070.74406977686,-5.83558244119032e-05,0.00104780546553592,4.97058965714594e-05,0.0120063925671334,9.04728646397719e-07,0.000217441610898282,-5.23634311241656e-05,0.00248275121143387
3092.04013564946,-5.75554702239193e-05,0.00104061300559254,4.90295915870753e-05,0.0119235688611573,8.9236128622188e-07,0.000215942668112967,-5.16452674906189e-05,0.00246567189239962
3113.48389289956,-5.67660832722823e-05,0.00103346958734013,4.83624064143871e-05,0.0118413182774575,8.80162276595448e-07,0.000214454076550168,-5.09369447179711e-05,0.00244870978836908
3135.07636578881,-5.59875135367644e-05,0.00102637488315797,4.77042203272672e-05,0.0117596368138579,8.68129345175184e-07,0.000212975764355849,-5.02383281968289e-05,0.00243186410057121
3156.8185856822,-5.52196130420783e-05,0.00101932856747423,4.70549141354496e-05,0.0116785204968657,8.56260249759616e-07,0.000211507660182321,-4.9549285152588e-05,0.00241513403556195
3178.71159109747,-5.44622358301966e-05,0.00101233031675612,4.64143701667406e-05,0.0115979653814509,8.44552777903785e-07,0.00021004969318452,-4.88696846205996e-05,0.00239851880519109
3200.75642775457,-5.37152379330432e-05,0.00100537980949997,4.57824722493881e-05,0.0115179675508288,8.33004746538609e-07,0.000208601793016319,-4.81993974216701e-05,0.00238201762656933
3222.9541486257,-5.29784773455467e-05,0.000998476726221319,4.5159105694602e-05,0.0114385231162426,8.21614001594611e-07,0.000207163889826865,-4.75382961378859e-05,0.00236562972203542
3245.30581398558,-5.22518139990564e-05,0.000991620749444995,4.45441572792347e-05,0.0113596282167499,8.10378417630182e-07,0.000205735914256948,-4.68862550887632e-05,0.00234935431912351
3267.81249146208,-5.153510973511e-05,0.000984811563695184,4.39375152286121e-05,0.0112812790190095,7.99295897464137e-07,0.000204317797435404,-4.62431503077136e-05,0.00233319065053066
3290.47525608724,-5.0828228279556e-05,0.00097804885548548,4.33390691995247e-05,0.0112034717170714,7.88364371812715e-07,0.000202909470975539,-4.5608859518827e-05,0.00231713795408446
3313.29519034861,-5.01310352170175e-05,0.000971332313308919,4.27487102633705e-05,0.0111262025321674,7.77581798930794e-07,0.000201510866971587,-4.49832621139625e-05,0.00230119547271087
3336.27338424092,-4.9443397965702e-05,0.000964661627628024,4.21663308894572e-05,0.0110494677125048,7.66946164257461e-07,0.000200121917995199,-4.43662391301475e-05,0.00228536245440217
3359.41093531822,-4.87651857525441e-05,0.000958036490864827,4.15918249284564e-05,0.0109732635330607,7.56455480065735e-07,0.000198742557091948,-4.37576732272771e-05,0.00226963815218509
3382.70894874623,-4.80962695886845e-05,0.000951456597390899,4.10250875960163e-05,0.0108975862953793,7.46107785116535e-07,0.000197372717777883,-4.31574486661145e-05,0.0022540218240891
3406.16853735517,-4.7436522245274e-05,0.000944921643517364,4.04660154565269e-05,0.01082243232737,7.35901144316744e-07,0.000196012334036087,-4.25654512865826e-05,0.00223851273311482
3429.7908216929,-4.6785818229605e-05,0.000938431327484931,3.99145064070424e-05,0.0107477979831078,7.25833648381426e-07,0.000194661340313284,-4.19815684863503e-05,0.00222311014720267
3453.57693007845,-4.6144033761559e-05,0.000931985349453901,3.93704596613567e-05,0.0106736796426353,7.15903413500056e-07,0.000193319671516455,-4.14056891997014e-05,0.0022078133392016
3477.5279986559,-4.55110467503728e-05,0.000925583411494191,3.88337757342333e-05,0.0106000737117663,7.06108581006816e-07,0.000191987263009493,-4.08377038766898e-05,0.00219262158683798
3501.64517144866,-4.48867367717155e-05,0.000919225217575373,3.83043564257911e-05,0.0105269766218916,6.96447317054868e-07,0.000190664050609884,-4.02775044625737e-05,0.00217753417268475
3525.92960041413,-4.4270985045071e-05,0.000912910473556677,3.77821048060406e-05,0.0104543848297854,6.86917812294538e-07,0.000189349970585405,-3.97249843775229e-05,0.00216255038413056
3550.38244549867,-4.36636744114271e-05,0.000906638887177048,3.72669251995759e-05,0.010382294817415,6.77518281555455e-07,0.00018804495965086,-3.91800384966028e-05,0.00214766951334926
3575.00487469309,-4.3064689311261e-05,0.000900410168045166,3.67587231704173e-05,0.0103107030917503,6.6824696353251e-07,0.000186748954964832,-3.86425631300221e-05,0.00213289085726937
3599.79806408833,-4.24739157628226e-05,0.000894224027629513,3.62574055070074e-05,0.0102396061845767,6.59102120475671e-07,0.000185461894126469,-3.81124560036503e-05,0.00211821371754384
3624.76319793175,-4.18912413407077e-05,0.00088808017924841,3.57628802073574e-05,0.0101690006523082,6.50082037883556e-07,0.00018418371517229,-3.75896162397925e-05,0.00210363740051989
3649.9014686836,-4.13165551547209e-05,0.000881978338060102,3.52750564643459e-05,0.0100988830758028,6.41185024200787e-07,0.000182914356573018,-3.70739443382257e-05,0.00208916121720907
3675.21407707406,-4.07497478290197e-05,0.00087591822105282,3.47938446511652e-05,0.0100292500601795,6.32409410519015e-07,0.000181653757230436,-3.65653421574879e-05,0.00207478448325742
3700.7022321605,-4.01907114815425e-05,0.000869899547034884,3.43191563069205e-05,0.00996009823463651,6.23753550281642e-07,0.000180401856474273,-3.606371289642e-05,0.00206050651891581
3726.36715138533,-3.96393397037098e-05,0.000863922036624797,3.38509041223752e-05,0.00989142425227138,6.15215818992148e-07,0.000179158594059108,-3.55689610759542e-05,0.00204632664901046
3752.21006063407,-3.9095527540401e-05,0.000857985412241371,3.33890019258459e-05,0.00982322478990237,6.06794613926043e-07,0.000177923910161304,-3.50809925211492e-05,0.0020322442029136
3778.23219429398,-3.85591714701984e-05,0.00085208939809385,3.29333646692437e-05,0.00975549654789142,5.98488353846335e-07,0.000176697745375959,-3.45997143434652e-05,0.00201825851451428
3804.43479531291,-3.80301693858992e-05,0.000846233720172074,3.24839084142637e-05,0.00968823624996876,5.90295478722542e-07,0.00017548004071389,-3.41250349232794e-05,0.00200436892218935
3830.81911525882,-3.75084205752875e-05,0.000840418106236628,3.20405503187181e-05,0.00962144064305871,5.82214449453164e-07,0.000174270737598632,-3.36568638926342e-05,0.00199057476877458
3857.3864143794,-3.69938257021678e-05,0.000834642285809047,3.16032086230167e-05,0.00955510649710728,5.74243747591615e-07,0.000173069777863466,-3.31951121182206e-05,0.00197687540153597
3884.13796166242,-3.64862867876507e-05,0.000828905990161999,3.11718026367894e-05,0.00948923060491089,5.66381875075533e-07,0.000171877103748468,-3.27396916845879e-05,0.00196327017214118
3911.07503489621,-3.59857071916944e-05,0.000823208952309529,3.07462527256539e-05,0.00942380978194685,5.58627353959482e-07,0.000170692657897581,-3.22905158775821e-05,0.00194975843663116
3938.19892073078,-3.54919915948913e-05,0.000817550906997286,3.0326480298124e-05,0.00935884086620492,5.50978726150956e-07,0.000169516383355707,-3.18474991680052e-05,0.00193633955539189
3965.51091473924,-3.50050459805034e-05,0.000811931590692804,2.99124077926616e-05,0.00929432071802058,5.43434553149715e-07,0.000168348223565831,-3.14105571954968e-05,0.00192301289312629
3993.0123214797,-3.45247776167365e-05,0.000806350741575779,2.95039586648666e-05,0.00923024621990945,5.35993415790327e-07,0.000167188122366154,-3.09796067526306e-05,0.0019097778188263
4020.70445455755,-3.40510950392571e-05,0.00080080809952839,2.91010573748097e-05,0.00916661427640331,5.28653913987984e-07,0.00016603602398726,-3.05545657692283e-05,0.00189663370574513
4048.58863668828,-3.35839080339416e-05,0.000795303406125625,2.87036293745008e-05,0.00910342181388721,5.21414666487456e-07,0.000164891873049294,-3.01353532968816e-05,0.0018835799313696
4076.66619976054,-3.3123127619861e-05,0.000789836404625649,2.83116010954982e-05,0.00904066578043821,5.14274310615234e-07,0.000163755614559174,-2.97218894936865e-05,0.00187061587739274
4104.93848489989,-3.26686660324931e-05,0.000784406839960184,2.79248999366515e-05,0.00897834314566521,5.07231502034753e-07,0.000162627193907813,-2.93140956091805e-05,0.00185774092968641
4133.40684253274,-3.22204367071635e-05,0.000779014458724924,2.75434542519839e-05,0.00891645090055032,5.00284914504725e-07,0.00016150655686737,-2.89118939694855e-05,0.00184495447827419
4162.07263245095,-3.17783542627074e-05,0.000773659009169968,2.71671933387059e-05,0.00885498605729127,4.93433239640495e-07,0.000160393649588517,-2.85152079626494e-05,0.00183225591730439
4190.93722387671,-3.13423344853553e-05,0.000768340241190288,2.67960474253661e-05,0.00879394564914545,4.86675186678424e-07,0.000159288418597733,-2.81239620241873e-05,0.00181964464502317
4220.00199552799,-3.09122943128328e-05,0.000763057906316218,2.64299476601316e-05,0.00873332673027486,4.80009482243224e-07,0.000158190810794611,-2.77380816228164e-05,0.00180712006374787
4249.26833568435,-3.04881518186789e-05,0.000757811757703982,2.60688260992038e-05,0.00867312637559265,4.7343487011827e-07,0.000157100773449193,-2.73574932463852e-05,0.00179468157984047
4278.73764225332,-3.00698261967727e-05,0.00075260155012623,2.57126156953619e-05,0.00861334168061069,4.66950111018787e-07,0.000156018254199319,-2.69821243879907e-05,0.00178232860368119
4308.41132283705,-2.96572377460723e-05,0.000747427039962634,2.53612502866382e-05,0.00855396976128852,4.60553982367945e-07,0.000154943201048003,-2.66119035322861e-05,0.00177006054964227
4338.2907947997,-2.92503078555574e-05,0.000742287985190479,2.50146645851214e-05,0.00849500775388339,4.54245278075757e-07,0.000153875562360821,-2.62467601419706e-05,0.00175787683606186
4368.37748533501,-2.88489589893779e-05,0.000737184145375318,2.46727941658878e-05,0.00843645281480173,4.48022808320833e-07,0.000152815286863328,-2.58866246444645e-05,0.00174577688521812
4398.67283153455,-2.8453114672201e-05,0.00073211528166163,2.43355754560589e-05,0.00837830212045153,4.41885399334865e-07,0.000151762323638485,-2.55314284187618e-05,0.00173376012330339
4429.17828045629,-2.80626994747591e-05,0.000727081156763533,2.40029457239854e-05,0.00832055286709626,4.35831893189905e-07,0.000150716622124114,-2.51811037824638e-05,0.00172182598039863
4459.89528919383,-2.76776389995904e-05,0.000722081534955504,2.36748430685546e-05,0.00826320227070959,4.29861147588305e-07,0.000149678132110365,-2.48355839789849e-05,0.00170997389044784
4490.82532494586,-2.72978598669751e-05,0.000717116182063158,2.33512064086227e-05,0.00820624756683163,4.23972035655388e-07,0.000148646803737211,-2.44948031649342e-05,0.00169820329123281
4521.96986508636,-2.69232897010601e-05,0.000712184865454035,2.3031975472568e-05,0.00814968601042608,4.1816344573473e-07,0.00014762258749195,-2.41586963976661e-05,0.00168651362434789
4553.33039723509,-2.65538571161729e-05,0.000707287354028441,2.27170907879669e-05,0.00809351487573868,4.12434281186087e-07,0.00014660543420674,-2.38271996230004e-05,0.00167490433517496
4584.90841932869,-2.61894917033191e-05,0.000702423418210307,2.24064936713894e-05,0.00803773145615666,4.06783460185897e-07,0.00014559529505614,-2.3500249663108e-05,0.00166337487285853
4616.7054396922,-2.58301240168654e-05,0.000697592829938091,2.21001262183137e-05,0.00798233306406947,4.01209915530346e-07,0.000144592121554675,-2.31777842045616e-05,0.00165192469028102
4648.72297711114,-2.54756855613998e-05,0.000692795362655706,2.17979312931601e-05,0.00792731703073046,3.95712594440958e-07,0.000143595865554423,-2.28597417865468e-05,0.00164055324403814
4680.96256090399,-2.5126108778773e-05,0.000688030791303497,2.14998525194405e-05,0.0078726807061198,3.90290458372687e-07,0.000142606479242612,-2.25460617892349e-05,0.00162925999441446
4713.42573099534,-2.47813270353127e-05,0.000683298892309233,2.12058342700247e-05,0.00781842145880839,3.84942482824474e-07,0.000141623915139243,-2.22366844223108e-05,0.00161804440535906
4746.11403798933,-2.44412746092131e-05,0.000678599443579153,2.0915821657522e-05,0.00776453667582294,3.79667657152243e-07,0.000140648126094723,-2.19315507136592e-05,0.00160690594446144
4779.02904324382,-2.4105886678094e-05,0.000673932224489035,2.06297605247756e-05,0.00771102376251199,3.74464984384308e-07,0.000139679065287524,-2.16306024982012e-05,0.00159584408292743
4812.17231894485,-2.37750993067303e-05,0.000669297015875307,2.03475974354713e-05,0.00765788014241321,3.69333481039164e-07,0.000138716686221853,-2.13337824068847e-05,0.00158485829555538
4845.54544818188,-2.34488494349455e-05,0.00066469360002619,2.00692796648565e-05,0.00760510325712146,3.64272176945622e-07,0.000137760942725344,-2.10410338558226e-05,0.00157394806071237
4879.1500250233,-2.31270748656714e-05,0.000660121760672881,1.97947551905704e-05,0.00755269056615814,3.59280115065271e-07,0.000136811788946761,-2.07523010355791e-05,0.00156311286031068
4912.98765459257,-2.28097142531692e-05,0.000655581282980773,1.95239726835848e-05,0.00750063954684148,3.54356351317252e-07,0.000135869179353729,-2.04675289006008e-05,0.0015523521797843
4947.05995314498,-2.24967070914099e-05,0.000651071953540708,1.92568814992511e-05,0.00744894769415778,3.4949995440527e-07,0.000134933068730468,-2.01866631587915e-05,0.00154166550806567
4981.36854814472,-2.2187993702613e-05,0.000646593560360267,1.89934316684578e-05,0.0073976125206338,3.44710005646875e-07,0.000134003412175557,-1.99096502612284e-05,0.00153105233756247
5015.91507834275,-2.18835152259404e-05,0.000642145892855104,1.87335738888915e-05,0.00734663155621002,3.3998559880494e-07,0.000133080165099704,-1.96364373920176e-05,0.00152051216413465
5050.70119385496,-2.15832136063443e-05,0.000637728741840311,1.84772595164059e-05,0.00729600234811499,3.35325839921338e-07,0.000132163283223543,-1.9366972458288e-05,0.00151004448707149
5085.72855624109,-2.12870315835651e-05,0.000633341899521817,1.82244405564924e-05,0.00724572246074059,3.30729847152768e-07,0.000131252722575436,-1.91012040803199e-05,0.00149964880906891
5120.998838584,-2.09949126812811e-05,0.000628985159487844,1.79750696558573e-05,0.00719578947551835,3.26196750608723e-07,0.000130348439489299,-1.88390815818089e-05,0.00148932463620685
5156.51372556965,-2.07068011964026e-05,0.00062465831670037,1.77291000940973e-05,0.0071462009907966,3.21725692191563e-07,0.000129450390602446,-1.85805549802608e-05,0.00147907147792678
5192.27491356752,-2.04226421885143e-05,0.000620361167486663,1.748648577548e-05,0.00709695462171875,3.17315825438675e-07,0.000128558532853438,-1.83255749775182e-05,0.00146888884700942
5228.28411071172,-2.01423814694589e-05,0.000616093509530828,1.72471812208219e-05,0.00704804800010235,3.12966315366677e-07,0.000127672823479963,-1.80740929504144e-05,0.0014587762595525
5264.54303698245,-1.98659655930634e-05,0.00061185514186541,1.70111415594669e-05,0.00699947877431922,3.08676338317678e-07,0.000126793220016716,-1.78260609415556e-05,0.00144873323494874
5301.0534242883,-1.95933418450047e-05,0.000607645864863019,1.67783225213618e-05,0.0069512446091764,3.04445081807508e-07,0.000125919680293308,-1.75814316502273e-05,0.00143875929586389
5337.81701654885,-1.93244582328129e-05,0.000603465480228014,1.65486804292308e-05,0.00690334318579813,3.00271744375975e-07,0.000125052162432185,-1.73401584234252e-05,0.00142885396821502
5374.83556977805,-1.90592634760103e-05,0.000599313790988205,1.63221721908434e-05,0.00685577220150863,2.96155535439032e-07,0.000124190624846556,-1.71021952470067e-05,0.00141901678114878
5412.11085216805,-1.87977069963849e-05,0.000595190601486612,1.60987552913796e-05,0.0068085293697159,2.92095675142921e-07,0.000123335026238351,-1.68674967369646e-05,0.00140924726701997
5449.64464417369,-1.85397389083958e-05,0.000591095717373246,1.58783877858885e-05,0.00676161241979628,2.88091394220192e-07,0.00012248532559618,-1.66360181308173e-05,0.00139954496137007
5487.43873859751,-1.8285310009709e-05,0.00058702894559695,1.56610282918393e-05,0.0067150190969801,2.84141933847629e-07,0.000121641482193313,-1.64077152791176e-05,0.00138990940290609
5525.49494067543,-1.80343717718624e-05,0.000582990094397254,1.54466359817647e-05,0.00666874716223792,2.80246545506028e-07,0.000120803455585677,-1.61825446370764e-05,0.00138034013347935
5563.81506816292,-1.7786876331057e-05,0.000578978973296294,1.52351705759967e-05,0.00662279439216797,2.76404490841819e-07,0.000119971205609862,-1.59604632563004e-05,0.00137083669806459
5602.40095142188,-1.75427764790741e-05,0.000574995393090752,1.50265923354896e-05,0.00657715857888416,2.72615041530498e-07,0.000119144692381148,-1.57414287766419e-05,0.00136139864473904
5641.254433508,-1.73020256543156e-05,0.000571039165843849,1.48208620547356e-05,0.0065318375299052,2.68877479141864e-07,0.00011832387629154,-1.55253994181603e-05,0.00135202552466173
5680.37737025889,-1.70645779329663e-05,0.000567110104877362,1.46179410547655e-05,0.00648682906804434,2.65191095007008e-07,0.000117508718007822,-1.53123339731918e-05,0.00134271689205289
5719.77163038263,-1.68303880202768e-05,0.000563208024763701,1.44177911762386e-05,0.00644213103130012,2.61555190087077e-07,0.000116699178469627,-1.51021917985278e-05,0.00133347230417349
5759.43909554709,-1.65994112419646e-05,0.000559332741318006,1.42203747726179e-05,0.00639774127274788,2.57969074843737e-07,0.000115895218887512,-1.48949328076998e-05,0.00132429132130489
5799.38166046975,-1.63716035357323e-05,0.000555484071590295,1.40256547034309e-05,0.00635365766043211,2.54432069111364e-07,0.000115096800741057,-1.46905174633689e-05,0.00131517350672862
5839.60123300829,-1.61469214429014e-05,0.00055166183385765,1.38335943276145e-05,0.00630987807725962,2.50943501970904e-07,0.000114303885776973,-1.44889067698187e-05,0.00130611842670634
5880.09973425162,-1.59253221001603e-05,0.00054786584761644,1.3644157496944e-05,0.00626640042089352,2.47502711625406e-07,0.000113516436007226,-1.42900622655515e-05,0.00129712565045984
5920.87909861173,-1.57067632314238e-05,0.000544095933574583,1.34573085495432e-05,0.00622322260364798,2.44109045277186e-07,0.000112734413707171,-1.40939460159839e-05,0.0012881947501512
5961.94127391598,-1.54912031398043e-05,0.000540351913643858,1.32730123034777e-05,0.0061803425523839,2.40761859006626e-07,0.000111957781413705,-1.3900520606243e-05,0.00127932530086316
6003.28822150028,-1.52786006996922e-05,0.000536633610932237,1.30912340504276e-05,0.00613775820840514,2.37460517652556e-07,0.000111186501923426,-1.37097491340596e-05,0.00127051688057943
6044.92191630263,-1.50689153489434e-05,0.000532940849736279,1.29119395494406e-05,0.00609546752735585,2.34204394694237e-07,0.000110420538290816,-1.35215952027598e-05,0.00126176907016534
6086.84434695757,-1.48621070811744e-05,0.000529273455533546,1.27350950207636e-05,0.00605346847911823,2.30992872134881e-07,0.000109659853826427,-1.33360229143499e-05,0.00125308145334841
6129.05751589107,-1.46581364381616e-05,0.00052563125497507,1.25606671397524e-05,0.00601175904771141,2.27825340386735e-07,0.000108904412095086,-1.31529968626977e-05,0.00124445361669922
6171.56343941625,-1.44569645023441e-05,0.000522014075877854,1.23886230308585e-05,0.00597033723119075,2.24701198157666e-07,0.000108154176914108,-1.29724821268051e-05,0.00123588514961227
6214.36414782964,-1.42585528894294e-05,0.000518421747217415,1.22189302616919e-05,0.00592920104154822,2.2161985233926e-07,0.000107409112351531,-1.27944442641733e-05,0.00122737564428701
6257.46168550822,-1.40628637410987e-05,0.000514854099120361,1.20515568371591e-05,0.00588834850461325,2.18580717896398e-07,0.000106669182724354,-1.26188493042575e-05,0.00121892469570904
6300.85811100697,-1.38698597178132e-05,0.000511310962857024,1.18864711936763e-05,0.00584777765995456,2.155832177583e-07,0.000105934352596793,-1.24456637420123e-05,0.00121053190163135
6344.55549715731,-1.36795039917163e-05,0.000507792170834107,1.17236421934548e-05,0.0058074865607825,2.12626782711007e-07,0.000105204586778548,-1.22748545315231e-05,0.00120219686255568
6388.55593116599,-1.34917602396353e-05,0.000504297556587397,1.15630391188607e-05,0.00576747327385238,2.09710851291298e-07,0.000104479850323085,-1.21063890797263e-05,0.00119391918171411
6432.86151471492,-1.33065926361755e-05,0.000500826954774492,1.1404631666845e-05,0.00572773587936825,2.06834869682005e-07,0.000103760108525927,-1.19402352402131e-05,0.00118569846505062
6477.47436406142,-1.31239658469112e-05,0.000497380201167596,1.12483899434462e-05,0.00568827247088763,2.0399829160873e-07,0.000103045326922957,-1.177636130712e-05,0.00117753432120288
6522.39661013943,-1.29438450216674e-05,0.000493957132646323,1.10942844583617e-05,0.00564908115522681,2.01200578237922e-07,0.00010233547128874,-1.16147360091006e-05,0.00116942636148408
6567.63039866118,-1.27661957878946e-05,0.000490557587190566,1.09422861195897e-05,0.00561016005236692,1.98441198076324e-07,0.000101630507634848,-1.14553285033808e-05,0.00116137419986496
6613.17789021977,-1.25909842441332e-05,0.000487181403873388,1.07923662281392e-05,0.00557150729536067,1.95719626871736e-07,0.000100930402208203,-1.12981083698946e-05,0.00115337745295584
6659.0412603923,-1.24181769535673e-05,0.000483828422853963,1.06444964728076e-05,0.00553312103023982,1.93035347515125e-07,0.000100235121489428,-1.11430456055e-05,0.0011454357399889
6705.22269984387,-1.22477409376659e-05,0.000480498485370546,1.04986489250258e-05,0.0054949994159233,1.90387849944011e-07,9.9544632191218e-05,-1.09901106182739e-05,0.00113754868280045
6751.7244144321,-1.2079643669912e-05,0.000477191433733494,1.03547960337692e-05,0.00545714062412606,1.87776631047161e-07,9.88589012567104e-05,-1.08392742218847e-05,0.0011297159058134
6798.54862531261,-1.19138530696162e-05,0.000473907111318317,1.0212910620534e-05,0.00541954283926851,1.8520119457054e-07,9.81778958578768e-05,-1.06905076300412e-05,0.00112193703601981
6845.69756904508,-1.17503374958147e-05,0.000470645362558767,1.00729658743782e-05,0.00538220425838674,1.8266105102452e-07,9.75015833939228e-05,-1.05437824510187e-05,0.00111421170296356
6893.17349769999,-1.15890657412519e-05,0.000467406032939978,9.93493534702657e-06,0.00534512309104339,1.80155717592329e-07,9.68299314897e-05,-1.03990706822579e-05,0.00110653953872311
6940.97867896634,-1.1430007026443e-05,0.000464188968991627,9.79879294803884e-06,0.00530829755923902,1.77684718039716e-07,9.61629079941281e-05,-1.02563447050388e-05,0.00109892017789439
6989.11539625983,-1.12731309938195e-05,0.000460994018281149,9.66451294003981e-06,0.00527172589732441,1.75247582625821e-07,9.55004809786305e-05,-1.0115577279227e-05,0.00109135325757385
7037.58594883204,-1.11184077019538e-05,0.000457821029406981,9.53206993401126e-06,0.00523540635191328,1.72843848015245e-07,9.48426187355791e-05,-9.97674153809133e-06,0.00108383841734148
7086.39265188015,-1.09658076198624e-05,0.000454669851991848,9.40143888464504e-06,0.00519933718179574,1.70473057191279e-07,9.41892897767519e-05,-9.83981098319274e-06,0.00107637529924411
7135.53783665763,-1.08153016213874e-05,0.000451540336676087,9.2725950857556e-06,0.0051635166578524,1.68134759370305e-07,9.35404628317999e-05,-9.70475947934245e-06,0.00106896354777871
7185.02385058548,-1.06668609796545e-05,0.000448432335111012,9.14551416575265e-06,0.00512794306296908,1.65828509917338e-07,9.28961068467274e-05,-9.57156124962949e-06,0.00106160280987582
7234.85305736446,-1.05204573616065e-05,0.00044534569995231,9.02017208317192e-06,0.00509261469195213,1.6355387026269e-07,9.22561909823803e-05,-9.44019087051548e-06,0.00105429273488308
7285.02783708791,-1.03760628226117e-05,0.000442280284853483,8.89654512226425e-06,0.00505752985144447,1.61310407819762e-07,9.1620684612948e-05,-9.31062326699705e-06,0.00104703297454894
7335.55058635552,-1.02336498011457e-05,0.000439235944459319,8.77460988864177e-06,0.00502268685984209,1.59097695903921e-07,9.09895573244735e-05,-9.1828337078337e-06,0.00103982318300635
7386.42371838768,-1.00931911135461e-05,0.000436212534399415,8.65434330498071e-06,0.00498808404721134,1.56915313652478e-07,9.03627789133765e-05,-9.05679780084135e-06,0.00103266301675667
7437.64966314091,-9.95465994883831e-06,0.000433209911281718,8.53572260678004e-06,0.00495371975520664,1.54762845945723e-07,8.97403193849852e-05,-8.9324914882497e-06,0.00102555213465361
7489.23086742376,-9.8180298636329e-06,0.000430227932686124,8.41872533817545e-06,0.004919592336989,1.52639883329032e-07,8.91221489520797e-05,-8.80989104212347e-06,0.00101849019788734
7541.16979501382,-9.68327477709158e-06,0.000427266457158095,8.30332934780751e-06,0.00488570015714496,1.50546021936003e-07,8.8508238033445e-05,-8.68897305984567e-06,0.00101147686996861
7593.46892677528,-9.55036896596294e-06,0.000424325344202335,8.18951278474424e-06,0.00485204159160623,1.48480863412639e-07,8.78985572524355e-05,-8.56971445966306e-06,0.00100451181671311
7646.13076077758,-9.41928705968517e-06,0.000421404454276478,8.07725409445617e-06,0.00481861502756985,1.46444014842528e-07,8.72930774355483e-05,-8.45209247629198e-06,0.000997594706225772
7699.15781241454,-9.29000403555642e-06,0.000418503648784838,7.96653201484465e-06,0.004785418863419,1.44435088673048e-07,8.66917696110078e-05,-8.33608465658475e-06,0.000990725208885319
7752.55261452471,-9.16249521397047e-06,0.000415622790072174,7.85732557232149e-06,0.00475245150864433,1.42453702642543e-07,8.60946050073597e-05,-8.22166885525467e-06,0.00098390299732882
7806.31771751215,-9.03673625371812e-06,0.000412761741417512,7.74961407794016e-06,0.00471971138376593,1.40499479708489e-07,8.55015550520756e-05,-8.10882323066e-06,0.000977127746436394
7860.45568946846,-8.91270314735219e-06,0.000409920367027986,7.64337712357744e-06,0.00468719692025578,1.38572047976621e-07,8.49125913701668e-05,-7.99752624064507e-06,0.000970399133315988
7914.96911629522,-8.79037221661644e-06,0.000407098532032727,7.5385945781653e-06,0.00465490656046085,1.36671040631011e-07,8.43276857828089e-05,-7.88775663843862e-06,0.000963716837288281
7969.86060182773,-8.66972010793638e-06,0.000404296102476782,7.43524658397169e-06,0.00462283875752671,1.34796095865081e-07,8.37468103059751e-05,-7.77949346860785e-06,0.000957080539871656
8025.13276795918,-8.55072378797229e-06,0.000401512945315079,7.3333135529307e-06,0.00459099197532173,1.32946856813555e-07,8.31699371490808e-05,-7.67271606306809e-06,0.000950489924767307
8080.78825476607,-8.43336053923243e-06,0.00039874892840641,7.23277616302022e-06,0.00455936468836179,1.31122971485313e-07,8.25970387136353e-05,-7.56740403714661e-06,0.000943944677844402
8136.82972063413,-8.31760795574678e-06,0.000396003920507473,7.1336153546878e-06,0.00452795538173559,1.2932409269716e-07,8.20280875919064e-05,-7.46353728570074e-06,0.000937444487125391
8193.25984238548,-8.20344393879939e-06,0.000393277791266928,7.03581232732281e-06,0.00449676255103043,1.2754987800847e-07,8.1463056565591e-05,-7.36109597928845e-06,0.000930989042771361
8250.08131540631,-8.09084669271958e-06,0.000390570411219505,6.93934853577556e-06,0.00446578470225866,1.25799989656727e-07,8.09019186044984e-05,-7.26006056039193e-06,0.000924578037067537
8307.29685377578,-7.97979472073014e-06,0.000387881651780141,6.8442056869217e-06,0.00443502035178443,1.24074094493922e-07,8.03446468652401e-05,-7.16041173969216e-06,0.000918211164408832
8364.90919039556,-7.87026682085285e-06,0.000385211385238149,6.7503657362723e-06,0.00440446802625131,1.22371863923811e-07,7.97912146899314e-05,-7.06213049239495e-06,0.000911888121285533
8422.92107712043,-7.76224208186946e-06,0.000382559484751432,6.65781088462811e-06,0.00437412626251005,1.20692973840013e-07,7.92415956048996e-05,-6.96519805460677e-06,0.000905608606269049
8481.33528488963,-7.65569987933836e-06,0.00037992582434072,6.5665235747784e-06,0.0043439936075472,1.19037104564951e-07,7.86957633194043e-05,-6.86959591976053e-06,0.000899372319997777
8540.15460385936,-7.55061987166525e-06,0.000377310278883854,6.47648648824274e-06,0.00431406861841404,1.17403940789604e-07,7.81536917243639e-05,-6.77530583508985e-06,0.000893178965163047
8599.38184353586,-7.4469819962281e-06,0.000374712724110097,6.38768254205645e-06,0.00428434986215609,1.15793171514081e-07,7.76153548910936e-05,-6.68230979815194e-06,0.000887028246495167
8659.01983290984,-7.34476646555442e-06,0.000372133036594478,6.30009488559777e-06,0.00425483591574312,1.14204489988989e-07,7.708072707005e-05,-6.59059005339756e-06,0.000880919870749555
8719.07142059136,-7.24395376355157e-06,0.000369571093752185,6.21370689745755e-06,0.00422552536599971,1.12637593657599e-07,7.65497826895871e-05,-6.50012908878842e-06,0.000874853546692974
8779.53947494611,-7.14452464178791e-06,0.000367026773832968,6.12850218234992e-06,0.00419641680953622,1.11092184098783e-07,7.60224963547182e-05,-6.41090963246033e-06,0.000868828985089835
8840.42688423224,-7.04646011582539e-06,0.000364499955915605,6.04446456806396e-06,0.00416750885268036,1.09567966970729e-07,7.54988428458901e-05,-6.32291464943246e-06,0.000862845898688627
8901.73655673848,-6.94974146160186e-06,0.000361990519902375,5.96157810245562e-06,0.00413880011140916,1.08064651955407e-07,7.4978797117762e-05,-6.23612733836111e-06,0.000856904002208394
8963.47142092288,-6.85435021186323e-06,0.000359498346513586,5.87982705047963e-06,0.00411028921128153,1.06581952703796e-07,7.44623342979967e-05,-6.15053112833844e-06,0.000851003012325343
9025.63442555289,-6.76026815264413e-06,0.000357023317282121,5.7991958912604e-06,0.00408197478737116,1.05119586781839e-07,7.39494296860575e-05,-6.06610967573445e-06,0.000845142647659509
9088.228539846,-6.66747731979701e-06,0.000354565314548033,5.71966931520213e-06,0.00405385548420013,1.03677275617136e-07,7.34400587520155e-05,-5.98284686108261e-06,0.000839322628761529
9151.25675361174,-6.57595999556837e-06,0.000352124221453158,5.64123222113684e-06,0.0040259299556727,1.0225474444635e-07,7.29341971353641e-05,-5.90072678600774e-06,0.000833542678099489
9214.72207739435,-6.48569870522226e-06,0.000349699921935774,5.56386971351059e-06,0.00399819686500989,1.00851722263332e-07,7.24318206438431e-05,-5.81973377019623e-06,0.000827802520045876
9278.6275426167,-6.39667621370952e-06,0.000347292300725285,5.48756709960669e-06,0.00397065488468424,9.94679417679359e-08,7.19329052522693e-05,-5.73985234840742e-06,0.000822101880864594
9342.97620172496,-6.30887552238305e-06,0.000344901243336943,5.41230988680611e-06,0.0039433026963553,9.81031393155402e-08,7.14374271013778e-05,-5.66106726752615e-06,0.000816440488698094
9407.77112833456,-6.22227986575756e-06,0.000342526636066598,5.33808377988395e-06,0.00391613899080536,9.67570548672347e-08,7.09453624966685e-05,-5.58336348365538e-06,0.000810818073554561
9473.0154173768,-6.13687270831415e-06,0.000340168365985489,5.2648746783422e-06,0.0038891624678758,9.54294319406961e-08,7.04566879072638e-05,-5.50672615924883e-06,0.000805234367295209
9538.71218524687,-6.05263774134816e-06,0.000337826320935056,5.19266867377761e-06,0.00386237183640381,9.4120017561717e-08,6.99713799647718e-05,-5.43114066028266e-06,0.000799689103621648
9604.86456995261,-5.96955887986045e-06,0.000335500389521795,5.12145204728478e-06,0.00383576581415957,9.28285622163967e-08,6.94894154621592e-05,-5.35659255346595e-06,0.00079418201806334
9671.47573126437,-5.88762025949119e-06,0.000333190461112141,5.05121126689388e-06,0.00380934312778399,9.1554819803979e-08,6.90107713526317e-05,-5.28306760348946e-06,0.000788712847965141
9738.54885086602,-5.80680623349544e-06,0.00033089642582738,4.98193298504211e-06,0.00378310251272666,9.02985475903223e-08,6.85354247485209e-05,-5.21055177031173e-06,0.000783281332474919
9806.08713250685,-5.7271013697604e-06,0.0003286181745386,4.91360403607939e-06,0.00375704271318452,8.90595061620073e-08,6.80633529201821e-05,-5.13903120648273e-06,0.00077788721253126
9874.09380215466,-5.64849044786316e-06,0.000326355598861666,4.84621143380674e-06,0.00373116248204078,8.78374593810596e-08,6.75945332948962e-05,-5.06849225450377e-06,0.000772530230851256
9942.57210814976,-5.57095845616908e-06,0.000324108591152236,4.77974236904795e-06,0.00370546058080433,8.66321743402906e-08,6.71289434557826e-05,-4.99892144422386e-06,0.000767210131918376
10011.5253213603,-5.49449058896956e-06,0.000321877044500795,4.71418420725317e-06,0.00367993577954959,8.54434213192377e-08,6.66665611407171e-05,-4.9303054902714e-06,0.000761926661970406
10080.9567353381,-5.41907224365925e-06,0.000319660852727738,4.64952448613493e-06,0.00365458685685681,8.42709737407074e-08,6.62073642412594e-05,-4.86263128952134e-06,0.000756679568987495
10150.8696664767,-5.34468901795168e-06,0.000317459910378465,4.58575091333538e-06,0.00362941259975275,8.31146081279017e-08,6.57513308015869e-05,-4.79588591859675e-06,0.000751468602680249
10221.267454169,-5.27132670713325e-06,0.000315274112718525,4.52285136412487e-06,0.00360441180365183,8.19741040621295e-08,6.52984390174368e-05,-4.73005663140479e-06,0.000746293514477936
10292.1534609671,-5.19897130135453e-06,0.000313103355728777,4.46081387913109e-06,0.00357958327229762,8.08492441410877e-08,6.48486672350544e-05,-4.66513085670625e-06,0.000741154057516742
10363.5310727429,-5.12760898295898e-06,0.000310947536100589,4.39962666209882e-06,0.00355492581770488,7.97398139377128e-08,6.4401993950151e-05,-4.60109619571851e-06,0.000736049986628132
10435.4036988501,-5.05722612384787e-06,0.000308806551231064,4.33927807767931e-06,0.00353043826010187,7.86456019595831e-08,6.39583978068664e-05,-4.53794041975119e-06,0.000730981058327263
10507.7747722864,-4.98780928288166e-06,0.000306680299218304,4.27975664924954e-06,0.00350611942787319,7.75663996088796e-08,6.35178575967411e-05,-4.47565146787431e-06,0.000725947030801499
10580.647749858,-4.9193452033166e-06,0.000304568678856688,4.22105105676037e-06,0.00348196815750292,7.65020011428828e-08,6.30803522576936e-05,-4.4142174446182e-06,0.000720947663898981
10654.0261123446,-4.85182081027677e-06,0.000302471589632201,4.16315013461377e-06,0.00345798329351826,7.54522036350112e-08,6.26458608730071e-05,-4.35362661770512e-06,0.000715982719117297
10727.9133646656,-4.7852232082604e-06,0.000300388931717775,4.10604286956812e-06,0.00343416368843351,7.44168069363825e-08,6.22143626703211e-05,-4.29386741581172e-06,0.000711051959592203
10802.3130360475,-4.71953967868069e-06,0.000298320605968671,4.04971839867201e-06,0.00341050820269446,7.33956136379036e-08,6.17858370206318e-05,-4.23492842636235e-06,0.000706155150086441
10877.2286801926,-4.65475767743996e-06,0.000296266513917882,3.99416600722524e-06,0.00338701570462321,7.23884290328669e-08,6.13602634372984e-05,-4.17679839335238e-06,0.000701292056978617
10952.6638754485,-4.59086483253735e-06,0.000294226557771578,3.93937512676759e-06,0.00336368507036333,7.13950610800624e-08,6.09376215750573e-05,-4.11946621520156e-06,0.000696462448252169
11028.6222249794,-4.52784894170895e-06,0.000292200640404562,3.88533533309416e-06,0.00334051518382542,7.04153203673833e-08,6.05178912290416e-05,-4.06292094263652e-06,0.000691666093484388
11105.1073569377,-4.4656979701006e-06,0.000290188665355778,3.83203634429773e-06,0.00331750493663312,6.94490200759323e-08,6.01010523338102e-05,-4.00715177660255e-06,0.000686902763835538
11182.1229246378,-4.40440004797222e-06,0.00028819053682382,3.77946801883694e-06,0.00329465322806939,6.84959759446096e-08,5.96870849623804e-05,-3.95214806620366e-06,0.000682172232038026
11259.6726067303,-4.3439434684339e-06,0.0002862061596625,3.72762035363082e-06,0.0032719589650233,6.75560062351863e-08,5.92759693252703e-05,-3.89789930667124e-06,0.000677474272385663
11337.7601073777,-4.2843166852127e-06,0.00028423543937642,3.67648348217856e-06,0.00324942106193707,6.66289316978493e-08,5.88676857695454e-05,-3.84439513736011e-06,0.000672808660722981
11416.3891564316,-4.22550831045036e-06,0.000282278282116588,3.62604767270478e-06,0.00322703844075358,6.57145755372165e-08,5.8462214777874e-05,-3.79162533977244e-06,0.000668175174434643
11495.5635096105,-4.16750711253081e-06,0.000280334594676051,3.57630332632953e-06,0.00320481003086421,6.48127633788117e-08,5.80595369675875e-05,-3.73957983560839e-06,0.000663573592434896
11575.2869486794,-4.11030201393782e-06,0.00027840428448557,3.52724097526303e-06,0.00318273476905707,6.39233232359974e-08,5.76596330897484e-05,-3.68824868484369e-06,0.000659003695157129
11655.5632816306,-4.05388208914164e-06,0.000276487259609305,3.47885128102451e-06,0.00316081159946554,6.30460854773547e-08,5.72624840282241e-05,-3.6376220838334e-06,0.000654465264543464
11736.3963428651,-3.99823656251493e-06,0.000274583428740548,3.43112503268519e-06,0.0031390394735173,6.21808827945084e-08,5.68680707987682e-05,-3.58769036344179e-06,0.000649958084034454
11817.7899933763,-3.9433548062769e-06,0.000272692701197463,3.3840531451347e-06,0.00311741734988353,6.13275501703884e-08,5.64763745481062e-05,-3.53844398719767e-06,0.000645481938558819
11899.7481209338,-3.88922633846597e-06,0.000270814986918875,3.33762665737099e-06,0.00309594419442867,6.04859248479244e-08,5.60873765530307e-05,-3.48987354947519e-06,0.000641036614523278
11982.2746402699,-3.83584082093984e-06,0.000268950196460064,3.29183673081309e-06,0.00307461898016041,5.96558462991629e-08,5.57010582194993e-05,-3.4419697736993e-06,0.000636621899802423
12065.3734932659,-3.78318805740331e-06,0.000267098240988609,3.24667464763677e-06,0.00305344068718005,5.88371561948092e-08,5.53174010817423e-05,-3.39472351057615e-06,0.000632237583728689
12149.0486491407,-3.73125799146281e-06,0.000265259032280238,3.20213180913238e-06,0.00303240830263325,5.80296983741783e-08,5.49363868013734e-05,-3.34812573634733e-06,0.000627883457082365
12233.3041046402,-3.68004070470784e-06,0.00026343248271472,3.15819973408505e-06,0.00301152082066108,5.72333188155596e-08,5.45579971665098e-05,-3.30216755106841e-06,0.0006235593120817
12318.1438842285,-3.62952641481851e-06,0.000261618505271778,3.11487005717647e-06,0.00299077724235148,5.64478656069804e-08,5.41822140908953e-05,-3.25684017691077e-06,0.000619264942373045
12403.5720402798,-3.57970547369915e-06,0.000259817013527029,3.07213452740847e-06,0.00297017657569097,5.56731889173713e-08,5.38090196130324e-05,-3.21213495648689e-06,0.000615000143021092
12489.5926532723,-3.53056836563736e-06,0.000258027921647948,3.02998500654756e-06,0.00294971783551679,5.49091409681205e-08,5.34383958953179e-05,-3.16804335119848e-06,0.000610764710499153
12576.2098319827,-3.48210570548845e-06,0.000256251144389865,2.98841346759068e-06,0.00292940004346936,5.4155576005018e-08,5.3070325223187e-05,-3.1245569396073e-06,0.00060655844267953
12663.427713683,-3.43430823688455e-06,0.000254486597091981,2.94741199325153e-06,0.00290922222794497,5.34123502705796e-08,5.2704790004261e-05,-3.08166741582827e-06,0.00060238113882392
12751.2504643373,-3.38716683046851e-06,0.000252734195673414,2.90697277446729e-06,0.002889183424049,5.26793219767497e-08,5.23417727675028e-05,-3.03936658794464e-06,0.00059823259957392
12839.6822788018,-3.34067248215173e-06,0.000250993856629271,2.86708810892558e-06,0.00286928267354926,5.19563512779736e-08,5.19812561623771e-05,-2.99764637644482e-06,0.000594112626941562
12928.7273810244,-3.29481631139615e-06,0.000249265497026743,2.82775039961127e-06,0.00284951902482983,5.12433002446393e-08,5.16232229580176e-05,-2.95649881268071e-06,0.000590021024299938
13018.3900242466,-3.24958955951949e-06,0.00024754903450123,2.78895215337277e-06,0.00282989153284511,5.0540032836877e-08,5.12676560423982e-05,-2.91591603734704e-06,0.000585957596373873
13108.6744912069,-3.204983588024e-06,0.000245844387252485,2.75068597950796e-06,0.00281039925907427,4.98464148787203e-08,5.09145384215126e-05,-2.87589029898173e-06,0.000581922149230671
13199.5850943454,-3.16098987694785e-06,0.000244151474040789,2.71294458836892e-06,0.00279104127147593,4.91623140326148e-08,5.05638532185566e-05,-2.83641395248657e-06,0.000577914490270914
13291.1261760091,-3.1176000232394e-06,0.000242470214183151,2.67572078998571e-06,0.00277181664444328,4.8487599774278e-08,5.02155836731189e-05,-2.79747945766842e-06,0.000573934428219335
13383.3021086605,-3.07480573915342e-06,0.000240800527549528,2.63900749270862e-06,0.00275272445875942,4.78221433678975e-08,4.98697131403753e-05,-2.75907937780018e-06,0.000569981773115739
13476.1172950852,-3.03259885066959e-06,0.000239142334559072,2.60279770186888e-06,0.00273376380155301,4.71658178416717e-08,4.95262250902902e-05,-2.72120637820162e-06,0.000566056336305998
13569.576168603,-2.99097129593254e-06,0.00023749555617641,2.5670845184574e-06,0.00271493376625435,4.65184979636802e-08,4.91851031068226e-05,-2.6838532248397e-06,0.000562157930433106
13663.6831932795,-2.94991512371321e-06,0.00023586011390793,2.53186113782134e-06,0.0026962334525516,4.58800602180852e-08,4.8846330887138e-05,-2.64701278294787e-06,0.000558286369428276
13758.4428641392,-2.90942249189148e-06,0.000234235929798114,2.49712084837845e-06,0.00267766196634747,4.52503827816558e-08,4.85098922408258e-05,-2.61067801566454e-06,0.000554441468502132
13853.8597073802,-2.86948566595939e-06,0.000232622926425874,2.46285703034859e-06,0.00265921841971605,4.46293455006134e-08,4.81757710891222e-05,-2.57484198269e-06,0.000550623044135922
13949.9382805904,-2.83009701754508e-06,0.000231021026900929,2.42906315450264e-06,0.0026409019308601,4.40168298677932e-08,4.78439514641385e-05,-2.53949783896195e-06,0.000546830914072825
14046.6831729655,-2.79124902295675e-06,0.000229430154860194,2.39573278092812e-06,0.00262271162406855,4.34127190001144e-08,4.75144175080942e-05,-2.504638833349e-06,0.000543064897309287
14144.0990055278,-2.75293426174681e-06,0.000227850234464202,2.36285955781174e-06,0.0026046466296743,4.28168976163618e-08,4.71871534725568e-05,-2.47025830736222e-06,0.000539324814086446
14242.190431347,-2.71514541529551e-06,0.000226281190393542,2.33043722023818e-06,0.00258670608401235,4.22292520152662e-08,4.6862143717685e-05,-2.43634969388424e-06,0.000535610485881583
14340.9621357626,-2.67787526541413e-06,0.000224722947845326,2.29845958900538e-06,0.00256888912937823,4.16496700538869e-08,4.65393727114793e-05,-2.40290651591587e-06,0.000531921735399663
14440.4188366077,-2.64111669296718e-06,0.000223175432529675,2.26692056945567e-06,0.00255119491398662,4.1078041126287e-08,4.62188250290357e-05,-2.36992238533984e-06,0.000528258386564904
14540.5652844341,-2.60486267651368e-06,0.000221638570666233,2.2358141503229e-06,0.00253362259193045,4.05142561425013e-08,4.59004853518066e-05,-2.33739100170152e-06,0.000524620264512431
14641.4062627396,-2.56910629096685e-06,0.0002201122889807,2.20513440259505e-06,0.00251617132314009,3.99582075077887e-08,4.55843384668648e-05,-2.30530615100631e-06,0.000521007195579958
14742.946588196,-2.53384070627237e-06,0.000218596514701392,2.17487547839233e-06,0.00249884027334294,3.94097891021714e-08,4.52703692661745e-05,-2.2736617045336e-06,0.000517419007299558
14845.1911108798,-2.49905918610456e-06,0.000217091175555817,2.14503160986047e-06,0.00248162861402328,3.88688962602484e-08,4.49585627458661e-05,-2.24245161766687e-06,0.000513855528389455
14948.1447145032,-2.46475508658069e-06,0.000215596199767283,2.11559710807902e-06,0.00246453552238241,3.83354257512895e-08,4.46489040055167e-05,-2.21166992873997e-06,0.000510316588745907
15051.8123166476,-2.43092185499262e-06,0.000214111516051519,2.08656636198437e-06,0.00244756018129901,3.78092757595967e-08,4.43413782474353e-05,-2.18131075789906e-06,0.00050680201943511
15156.1988689989,-2.39755302855612e-06,0.000212637053613329,2.05793383730755e-06,0.00243070177928986,3.72903458651368e-08,4.40359707759529e-05,-2.15136830598036e-06,0.000503311652685186
15261.3093575835,-2.36464223317709e-06,0.000211172742143256,2.0296940755262e-06,0.00241395951047079,3.6778537024436e-08,4.3732666996718e-05,-2.12183685340301e-06,0.000499845321878205
15367.1488030065,-2.33218318223488e-06,0.00020971851181428,2.00184169283099e-06,0.00239733257451792,3.62737515517372e-08,4.34314524159965e-05,-2.09271075907741e-06,0.000496402861542275
15473.7222606918,-2.30016967538219e-06,0.000208274293278526,1.97437137910586e-06,0.00238082017662912,3.57758931004124e-08,4.31323126399765e-05,-2.06398445932829e-06,0.000492984107343675
15581.0348211234,-2.26859559736145e-06,0.000206840017664008,1.94727789692228e-06,0.00236442152748585,3.52848666446314e-08,4.28352333740785e-05,-2.03565246683266e-06,0.000489588896079053
15689.0916100885,-2.23745491683743e-06,0.000205415616571382,1.92055608054695e-06,0.00234813584321513,3.48005784612784e-08,4.25402004222693e-05,-2.00770936957231e-06,0.00048621706566766
15797.8977889225,-2.2067416852459e-06,0.000204001022070727,1.89420083496322e-06,0.0023319623453519,3.43229361121172e-08,4.22471996863823e-05,-1.98014982980068e-06,0.000482868455143662
15907.4585547554,-2.17645003565794e-06,0.000202596166698346,1.86820713490554e-06,0.00231590026080156,3.38518484261985e-08,4.19562171654406e-05,-1.95296858302383e-06,0.000479542904648478
16017.7791407599,-2.14657418166007e-06,0.00020120098345359,1.84257002390722e-06,0.00229994882180279,3.33872254825094e-08,4.16672389549863e-05,-1.92616043699547e-06,0.000476240255423189
16128.8648164017,-2.11710841624942e-06,0.000199815405795699,1.81728461336099e-06,0.00228410726589065,3.29289785928574e-08,4.13802512464136e-05,-1.89972027072573e-06,0.000472960349800986
16240.720887691,-2.08804711074435e-06,0.000198439367640668,1.79234608159241e-06,0.00226837483585996,3.24770202849907e-08,4.10952403263074e-05,-1.87364303350351e-06,0.000469703031199684
16353.352697436,-2.05938471370979e-06,0.000197072803358133,1.76774967294575e-06,0.00225275077972884,3.20312642859462e-08,4.08121925757852e-05,-1.84792374393226e-06,0.000466468144114267
16466.765625498,-2.03111574989744e-06,0.00019571564776828,1.74349069688249e-06,0.00223723435070262,3.15916255056286e-08,4.05310944698448e-05,-1.82255748897898e-06,0.000463255534109507
16580.9650890484,-2.00323481920044e-06,0.000194367836138764,1.7195645270918e-06,0.00222182480713792,3.11580200206099e-08,4.0251932576716e-05,-1.79753942303624e-06,0.000460065047812611
16695.9565428276,-1.97573659562245e-06,0.000193029304181668,1.69596660061334e-06,0.00220652141250702,3.07303650581532e-08,3.99746935572166e-05,-1.77286476699707e-06,0.000456896532905937
16811.7454794054,-1.94861582626073e-06,0.000191699988050461,1.67269241697187e-06,0.00219132343536248,3.03085789804534e-08,3.96993641641131e-05,-1.74852880734259e-06,0.000453749838119743
16928.3374294433,-1.92186733030334e-06,0.000190379824336992,1.64973753732365e-06,0.00217623014930198,2.98925812690937e-08,3.94259312414865e-05,-1.72452689524205e-06,0.000450624813225003
17045.737961959,-1.89548599803994e-06,0.000189068750068497,1.62709758361439e-06,0.00216124083293341,2.94822925097137e-08,3.91543817241008e-05,-1.70085444566529e-06,0.000447521309026253
17163.9526845917,-1.86946678988628e-06,0.00018776670270463,1.60476823774878e-06,0.00214635476984025,2.90776343768887e-08,3.88847026367776e-05,-1.67750693650737e-06,0.000444439177354504
17282.9872438709,-1.84380473542194e-06,0.000186473620134505,1.58274524077118e-06,0.00213157124854714,2.86785296192131e-08,3.86168810937742e-05,-1.65447990772513e-06,0.000441378271060185
17402.8473254854,-1.8184949324414e-06,0.000185189440673772,1.5610243920575e-06,0.00211688956248568,2.82849020445908e-08,3.83509042981663e-05,-1.63176896048573e-06,0.000438338444006157
17523.5386545551,-1.79353254601802e-06,0.000183914103061701,1.53960154851811e-06,0.00210230900996055,2.78966765057236e-08,3.80867595412344e-05,-1.60936975632668e-06,0.000435319551060748
17645.0669959044,-1.76891280758092e-06,0.000182647546458288,1.51847262381154e-06,0.00208782889411576,2.75137788858001e-08,3.78244342018557e-05,-1.58727801632759e-06,0.000432321448090858
17767.4381543379,-1.74463101400447e-06,0.000181389710441386,1.49763358756889e-06,0.00207344852290119,2.7136136084379e-08,3.75639157458985e-05,-1.56548952029311e-06,0.000429343991955099
17890.6579749169,-1.72068252671035e-06,0.000180140535003848,1.47708046462882e-06,0.00205916720903942,2.67636760034664e-08,3.73051917256224e-05,-1.5440001059472e-06,0.000426387040496986
18014.7323432395,-1.69706277078181e-06,0.000178899960550694,1.45680933428291e-06,0.00204498426999265,2.6396327533782e-08,3.70482497790818e-05,-1.52280566813836e-06,0.000423450452538171
18139.667185721,-1.67376723409017e-06,0.000177667927896293,1.43681632953134e-06,0.00203089902792997,2.60340205412152e-08,3.67930776295337e-05,-1.50190215805584e-06,0.000420534087871729
18265.4684698776,-1.65079146643328e-06,0.000176444378261569,1.41709763634866e-06,0.00201691080969483,2.56766858534636e-08,3.65396630848492e-05,-1.48128558245651e-06,0.000417637807255484
18392.1422046107,-1.62813107868577e-06,0.000175229253271223,1.39764949295958e-06,0.0020030189467727,2.53242552468571e-08,3.62879940369307e-05,-1.46095200290243e-06,0.000414761472405385
18519.6944404947,-1.60578174196097e-06,0.00017402249495097,1.37846818912457e-06,0.00198922277525899,2.49766614333596e-08,3.60380584611303e-05,-1.44089753500882e-06,0.000411904945988922
18648.1312700654,-1.58373918678436e-06,0.000172824045724805,1.35955006543532e-06,0.0019755216358272,2.46338380477507e-08,3.57898444156753e-05,-1.42111834770234e-06,0.000409068091618595
18777.4588281112,-1.56199920227828e-06,0.000171633848412272,1.3408915126196e-06,0.00196191487369725,2.42957196349807e-08,3.55433400410954e-05,-1.40161066248957e-06,0.00040625077384542
18907.6832919665,-1.54055763535788e-06,0.000170451846225769,1.32248897085575e-06,0.00194840183860407,2.39622416377e-08,3.52985335596551e-05,-1.38237075273551e-06,0.00040345285815248
19038.810881806,-1.51941038993814e-06,0.000169277982767856,1.30433892909644e-06,0.0019349818847664,2.36333403839584e-08,3.50554132747895e-05,-1.36339494295201e-06,0.000400674210948528
19170.8478609426,-1.49855342615162e-06,0.000168112202028589,1.28643792440166e-06,0.00192165437085579,2.33089530750727e-08,3.48139675705442e-05,-1.34467960809589e-06,0.000397914699561624
19303.8005361258,-1.47798275957711e-06,0.000166954448382873,1.26878254128075e-06,0.00190841865996583,2.29890177736605e-08,3.45741849110193e-05,-1.32622117287674e-06,0.00039517419223282
19437.6752578439,-1.45769446047876e-06,0.000165804666587826,1.25136941104347e-06,0.0018952741195816,2.2673473391837e-08,3.43360538398162e-05,-1.30801611107422e-06,0.000392452558109887
19572.4784206263,-1.43768465305568e-06,0.000164662801780168,1.23419521115988e-06,0.00188222012154933,2.23622596795745e-08,3.40995629794901e-05,-1.29006094486468e-06,0.000389749667241091
19708.2164633496,-1.41794951470177e-06,0.000163528799473622,1.21725666462892e-06,0.00186925604204622,2.20553172132195e-08,3.38647010310044e-05,-1.27235224415708e-06,0.000387065390568997
19844.8958695448,-1.39848527527586e-06,0.00016240260555634,1.20055053935562e-06,0.00185638126155059,2.17525873841689e-08,3.36314567731902e-05,-1.25488662593797e-06,0.000384399599924331
19982.5231677076,-1.37928821638166e-06,0.000161284166288333,1.1840736475368e-06,0.0018435951648121,2.14540123876989e-08,3.33998190622085e-05,-1.23766075362543e-06,0.000381752168019876
20121.1049316092,-1.36035467065777e-06,0.000160173428298937,1.16782284505515e-06,0.00183089714082227,2.11595352119488e-08,3.31697768310174e-05,-1.22067133643199e-06,0.000379122968444411
20260.6477806113,-1.34168102107727e-06,0.000159070338584276,1.15179503088154e-06,0.00181828658278516,2.08690996270538e-08,3.29413190888413e-05,-1.20391512873614e-06,0.000376511875656691
20401.1583799816,-1.32326370025707e-06,0.000157974844504761,1.13598714648553e-06,0.00180576288808828,2.05826501744281e-08,3.27144349206459e-05,-1.18738892946256e-06,0.000373918764979469
20542.6434412127,-1.3050991897766e-06,0.000156886893782589,1.12039617525387e-06,0.00179332545827369,2.03001321561933e-08,3.24891134866144e-05,-1.17108958147086e-06,0.00037134351259356
20685.1097223421,-1.28718401950594e-06,0.000155806434499273,1.10501914191695e-06,0.00178097369900929,2.00214916247523e-08,3.22653440216296e-05,-1.1550139709526e-06,0.000368785995531943
20828.5640282755,-1.26951476694311e-06,0.000154733415093178,1.08985311198307e-06,0.00176870702006033,1.97466753725051e-08,3.20431158347579e-05,-1.1391590268367e-06,0.000366246091673904
20973.0132111114,-1.25208805656052e-06,0.000153667784357083,1.07489519118045e-06,0.00175652483526111,1.9475630921707e-08,3.18224183087382e-05,-1.12352172020296e-06,0.000363723679739222
21118.464170469,-1.23490055916028e-06,0.000152609491435748,1.0601425249068e-06,0.00174442656248687,1.92083065144628e-08,3.16032408994727e-05,-1.10809906370359e-06,0.00036121863928239
21264.923853817,-1.21794899123844e-06,0.000151558485823511,1.04559229768648e-06,0.00173241162362589,1.89446511028614e-08,3.13855731355235e-05,-1.09288811099276e-06,0.000358730850686881
21412.3992568061,-1.20123011435796e-06,0.000150514717361891,1.03124173263494e-06,0.00172047944455175,1.86846143392422e-08,3.116940461761e-05,-1.07788595616389e-06,0.000356260195159447
21560.8974236026,-1.18474073453019e-06,0.000149478136237208,1.01708809093063e-06,0.00170862945509584,1.8428146566597e-08,3.09547250181122e-05,-1.06308973319469e-06,0.000353806554724463
21710.4254472254,-1.16847770160493e-06,0.000148448692978229,1.00312867129393e-06,0.00169686108902002,1.8175198809102e-08,3.07415240805761e-05,-1.04849661539985e-06,0.000351369812218305
21860.9904698845,-1.15243790866883e-06,0.000147426338453815,9.89360809473426e-07,0.00168517378398945,1.79257227627804e-08,3.05297916192225e-05,-1.0341038148912e-06,0.000348949851283771
22012.599683322,-1.13661829145199e-06,0.000146411023870595,9.75781877738915e-07,0.00167356698154567,1.76796707862915e-08,3.03195175184598e-05,-1.01990858204527e-06,0.000346546556364535
22165.260329156,-1.12101582774281e-06,0.000145402700770654,9.62389284381594e-07,0.00166204012707982,1.74369958918477e-08,3.01106917324003e-05,-1.00590820497817e-06,0.000344159812699643
22318.9796992262,-1.10562753681075e-06,0.000144401321029232,9.49180473220888e-07,0.00165059266980603,1.71976517362538e-08,2.99033042843783e-05,-9.92100009027695e-07,0.000341789506318046
22473.7651359423,-1.09045047883711e-06,0.000143406836852442,9.36152923118111e-07,0.00163922406273511,1.69615926120708e-08,2.96973452664739e-05,-9.78481356242499e-07,0.000339435524033171
22629.6240326348,-1.07548175435352e-06,0.000142419200775004,9.23304147496717e-07,0.00162793376264822,1.67287734388996e-08,2.94928048390382e-05,-9.6504964487828e-07,0.000337097753437522
22786.5638339077,-1.06071850368824e-06,0.000141438365657995,9.10631693869136e-07,0.00161672123007094,1.64991497547844e-08,2.92896732302225e-05,-9.51802308900921e-07,0.000334776082897332
22944.592035995,-1.04615790641998e-06,0.000140464284686608,8.98133143370021e-07,0.00160558592924735,1.62726777077337e-08,2.90879407355107e-05,-9.38736817496383e-07,0.000332470401547239
23103.7161871177,-1.03179718083923e-06,0.000139496911367937,8.8580611029594e-07,0.00159452732811439,1.60493140473575e-08,2.88875977172553e-05,-9.25850674587385e-07,0.000330180599285003
23263.9438878451,-1.01763358341702e-06,0.000138536199528763,8.73648241651282e-07,0.00158354489827637,1.58290161166192e-08,2.86886346042156e-05,-9.13141418356657e-07,0.000327906566766262
23425.2827914574,-1.0036644082809e-06,0.000137582103313372,8.61657216700421e-07,0.00157263811497964,1.56117418436998e-08,2.84910418911005e-05,-9.00606620776792e-07,0.000325648195399318
23587.7406043117,-9.89886986698165e-07,0.000136634577181372,8.49830746525949e-07,0.00156180645708744,1.53974497339743e-08,2.82948101381128e-05,-8.88243887146493e-07,0.000323405377339964
23751.3250862094,-9.76298686566159e-07,0.000135693575905534,8.38166573593001e-07,0.00155104940705497,1.51860988620976e-08,2.80999299704984e-05,-8.76050855633234e-07,0.000321178005486346
23916.0440507678,-9.62896911909551e-07,0.000134759054569646,8.26662471319462e-07,0.00154036645090456,1.49776488641986e-08,2.79063920780973e-05,-8.64025196822144e-07,0.000318965973473852
24081.9053657923,-9.49679102384541e-07,0.000133830968566378,8.15316243652108e-07,0.00152975707820106,1.47720599301817e-08,2.77141872148983e-05,-8.52164613271139e-07,0.000316769175670053
24248.9169536531,-9.36642732789828e-07,0.000132909273595168,8.04125724648494e-07,0.00151922078202739,1.45692927961332e-08,2.75233061985965e-05,-8.40466839072094e-07,0.000314587507169657
24417.0867916629,-9.23785312584341e-07,0.000131993925660116,7.9308877806459e-07,0.00150875705896026,1.43693087368324e-08,2.73337399101543e-05,-8.289296394181e-07,0.000312420863789518
24586.4229124585,-9.11104385411522e-07,0.000131084881067894,7.8220329694801e-07,0.00149836540904604,1.41720695583643e-08,2.71454792933646e-05,-8.17550810176599e-07,0.000310269142063665
24756.933404384,-8.98597528630207e-07,0.000130182096425676,7.7146720323685e-07,0.00148804533577686,1.39775375908345e-08,2.69585153544185e-05,-8.0632817746843e-07,0.000308132239238373
24928.6264118777,-8.86262352851877e-07,0.000129285528639072,7.60878447363953e-07,0.00147779634606676,1.3785675681183e-08,2.67728391614739e-05,-7.95259597252602e-07,0.000306010053267261
25101.5101358603,-8.74096501484318e-07,0.000128395134910083,7.50435007866641e-07,0.00146761795022814,1.35964471860975e-08,2.65884418442292e-05,-7.8434295491681e-07,0.000303902482806435
25275.5928341276,-8.62097650281488e-07,0.000127510872735069,7.40134891001719e-07,0.00145750966194827,1.34098159650225e-08,2.64053145934983e-05,-7.73576164873523e-07,0.000301809427209646
25450.882821744,-8.50263506899612e-07,0.000126632699902731,7.29976130365801e-07,0.00144747099826601,1.32257463732651e-08,2.62234486607896e-05,-7.62957170161665e-07,0.000299730786523505
25627.3884714405,-8.38591810459317e-07,0.000125760574492102,7.19956786520774e-07,0.00143750147954868,1.30442032551951e-08,2.60428353578873e-05,-7.52483942053709e-07,0.000297666461482704
25805.1182140139,-8.27080331113828e-07,0.000124894454870559,7.10074946624423e-07,0.0014276006294691,1.28651519375379e-08,2.58634660564361e-05,-7.42154479668211e-07,0.000295616353505298
25984.08053873,-8.15726869623039e-07,0.000124034299691843,7.00328724066077e-07,0.00141776797498276,1.26885582227596e-08,2.56853321875282e-05,-7.31966809587622e-07,0.000293580364687992
26164.2839937291,-8.0452925693346e-07,0.000123180067894096,6.90716258107247e-07,0.00140800304630521,1.25143883825426e-08,2.55084252412933e-05,-7.2191898548136e-07,0.000291558397801483
26345.7371864336,-7.9348535376393e-07,0.000122331718697907,6.81235713527197e-07,0.00139830537688952,1.23426091513508e-08,2.53327367664921e-05,-7.12009087734073e-07,0.000289550356285819
26528.4487839603,-7.82593050196981e-07,0.000121489211604376,6.71885280273299e-07,0.00138867450340398,1.21731877200826e-08,2.51582583701116e-05,-7.02235223078956e-07,0.000287556144245795
26712.4275135331,-7.71850265275858e-07,0.000120652506393192,6.62663173116265e-07,0.00137910996570987,1.20060917298111e-08,2.49849817169641e-05,-6.92595524236156e-07,0.000285575666446388
26897.6821629011,-7.6125494660702e-07,0.000119821563120715,6.5356763130999e-07,0.00136961130683949,1.18412892656102e-08,2.48128985292878e-05,-6.83088149556084e-07,0.000283608828308203
27084.2215807571,-7.50805069968138e-07,0.000118996342118081,6.44596918256137e-07,0.00136017807297423,1.16787488504649e-08,2.46420005863519e-05,-6.73711282667669e-07,0.000281655535902977
27272.0546771616,-7.40498638921434e-07,0.000118176803989318,6.35749321173237e-07,0.00135080981342288,1.15184394392654e-08,2.44722797240626e-05,-6.64463132131401e-07,0.000279715695949089
27461.1904239671,-7.30333684432365e-07,0.000117362909609471,6.2702315077037e-07,0.00134150608060003,1.13603304128835e-08,2.43037278345731e-05,-6.5534193109717e-07,0.000277789215807121
27651.6378552475,-7.20308264493496e-07,0.00011655462012274,6.18416740925266e-07,0.00133226643000464,1.12043915723297e-08,2.41363368658955e-05,-6.46345936966758e-07,0.000275876003475433
27843.4060677294,-7.10420463753581e-07,0.000115751896940638,6.09928448366847e-07,0.00132309042019881,1.10505931329913e-08,2.39700988215164e-05,-6.37473431061012e-07,0.000273975967585781
28036.5042212264,-7.00668393151686e-07,0.000114954701740149,6.01556652362074e-07,0.00131397761278658,1.0898905718948e-08,2.38050057600134e-05,-6.28722718291533e-07,0.000272089017398956
28230.9415390768,-6.91050189556382e-07,0.000114162996461914,5.93299754407116e-07,0.001304927572393,1.07493003573675e-08,2.36410497946765e-05,-6.20092126836918e-07,0.00027021506280046
28426.7273085842,-6.81564015409838e-07,0.000113376743308414,5.85156177922702e-07,0.00129593986664326,1.06017484729754e-08,2.34782230931299e-05,-6.11580007823404e-07,0.000268354014296205
28623.8708814609,-6.72208058376851e-07,0.000112595904742176,5.77124367953684e-07,0.00128701406614201,1.04562218826032e-08,2.33165178769584e-05,-6.0318473500993e-07,0.00026650578300825
28822.3816742749,-6.62980530998637e-07,0.000111820443483986,5.69202790872675e-07,0.0012781497444528,1.03126927898095e-08,2.31559264213345e-05,-5.94904704477481e-07,0.000264670280670555
29022.2691688993,-6.5387967035143e-07,0.000111050322511119,5.61389934087767e-07,0.00126934647807768,1.01711337795756e-08,2.29964410546498e-05,-5.86738334322744e-07,0.00026284741962478
29223.5429129655,-6.4490373770971e-07,0.000110285505055575,5.53684305754217e-07,0.00126060384643693,1.00315178130732e-08,2.28380541581478e-05,-5.78684064355916e-07,0.000261037112816096
29426.2125203191,-6.36051018214103e-07,0.000109525954602331,5.46084434490135e-07,0.0012519214318489,9.89381822250524e-09,2.26807581655596e-05,-5.70740355802707e-07,0.000259239273789037
29630.2876714792,-6.27319820543795e-07,0.000108771634887602,5.38588869095981e-07,0.00124329881951007,9.7580087060152e-09,2.25245455627419e-05,-5.62905691010387e-07,0.000257453816683378
29835.7781141006,-6.18708476593482e-07,0.000108022509897121,5.31196178277986e-07,0.00123473559747519,9.6240633226685e-09,2.23694088873182e-05,-5.55178573157913e-07,0.000255680656230036
30042.6936634399,-6.10215341154708e-07,0.00010727854386442,5.23904950375284e-07,0.00122623135663751,9.49195648750095e-09,2.22153407283217e-05,-5.47557525969987e-07,0.000253919707747005
30251.0442028234,-6.01838791601628e-07,0.000106539701269131,5.16713793090841e-07,0.00121778569070929,9.36166296663609e-09,2.20623337258407e-05,-5.40041093435082e-07,0.000252170887135316
30460.8396841202,-5.93577227581031e-07,0.000105805946835295,5.09621333226007e-07,0.00120939819620228,9.23315787246896e-09,2.19103805706672e-05,-5.32627839527301e-07,0.000250434110875027
30672.0901282168,-5.85429070706662e-07,0.000105077245529686,5.02626216418761e-07,0.00120106847240848,9.10641665891616e-09,2.17594740039471e-05,-5.25316347932083e-07,0.000248709296021236
30884.8056254963,-5.77392764257702e-07,0.000104353562560139,4.95727106885487e-07,0.00119279612138091,8.98141511673075e-09,2.16096068168331e-05,-5.18105221775642e-07,0.000246996360200128
31098.9963363199,-5.69466772881419e-07,0.000103634863373899,4.88922687166315e-07,0.0011845807479146,8.85812936888178e-09,2.14607718501403e-05,-5.10993083358159e-07,0.000245295221605043
31314.6724915125,-5.61649582299866e-07,0.000102921113655974,4.82211657873941e-07,0.00117642195952766,8.73653586599664e-09,2.13129619940035e-05,-5.03978573890585e-07,0.000243605798992574
31531.8443928511,-5.53939699020639e-07,0.000102212279327502,4.75592737445879e-07,0.00116831936644254,8.61661138186641e-09,2.11661701875377e-05,-4.97060353235113e-07,0.000241928011678694
31750.5224135575,-5.4633565005157e-07,0.00010150832654413,4.69064661900111e-07,0.00116027258156732,8.49833300901243e-09,2.10203894185003e-05,-4.90237099649154e-07,0.000240261779534901
31970.7169987928,-5.38835982619367e-07,0.000100809221694403,4.62626184594083e-07,0.00115228122047727,8.38167815431389e-09,2.08756127229559e-05,-4.83507509532881e-07,0.000238607022984402
32192.4386661572,-5.31439263892088e-07,0.000100114931398163,4.56276075986991e-07,0.00114434490139635,8.26662453469523e-09,2.07318331849431e-05,-4.76870297180187e-07,0.000236963662998314
32415.6980061919,-5.24144080705449e-07,9.94254225049617e-05,4.5001312340534e-07,0.00113646324517907,8.15315017287275e-09,2.05890439361443e-05,-4.70324194533106e-07,0.000235331621091891
32640.5056828852,-5.16949039292858e-07,9.87406620924792e-05,4.43836130811684e-07,0.00112863587529225,8.0412333931595e-09,2.04472381555572e-05,-4.63867950939565e-07,0.000233710819320785
32866.8724341813,-5.09852765019192e-07,9.80606174649607e-05,4.37743918576568e-07,0.00112086241779705,7.93085281732772e-09,2.03064090691685e-05,-4.57500332914499e-07,0.000232101180277324
33094.8090724944,-5.02853902118187e-07,9.73852561516572e-05,4.31735323253558e-07,0.00111314250133109,7.82198736052784e-09,2.01665499496301e-05,-4.51220123904203e-07,0.000230502627086817
33324.3264852235,-4.95951113433468e-07,9.67145459052806e-05,4.25809197357383e-07,0.00110547575709067,7.71461622726379e-09,2.00276541159378e-05,-4.45026124053955e-07,0.000228915083403892
33555.4356352742,-4.89143080163101e-07,9.60484547004675e-05,4.19964409145082e-07,0.0010978618188131,7.60871890742304e-09,1.98897149331116e-05,-4.38917149978804e-07,0.000227338473408848
33788.1475615808,-4.82428501607684e-07,9.53869507322555e-05,4.14199842400186e-07,0.00109030032275925,7.50427517236156e-09,1.97527258118786e-05,-4.32892034537519e-07,0.000225772721804042
34022.4733796346,-4.75806094921862e-07,9.47300024145672e-05,4.08514396219814e-07,0.00108279090769608,7.40126507104193e-09,1.9616680208358e-05,-4.26949626609623e-07,0.000224217753810291
34258.4242820144,-4.6927459486928e-07,9.40775783787076e-05,4.02906984804724e-07,0.0010753332148794,7.29966892622498e-09,1.94815716237484e-05,-4.21088790875512e-07,0.00022267349516331
34496.0115389212,-4.62832753580875e-07,9.34296474718688e-05,3.97376537252209e-07,0.00106792688803669,7.19946733071307e-09,1.93473936040169e-05,-4.15308407599558e-07,0.000221139872110163
34735.2464987164,-4.56479340316512e-07,9.27861787556479e-05,3.91921997351847e-07,0.00106057157335009,7.1006411436454e-09,1.92141397395908e-05,-4.0960737241623e-07,0.00021961681140575
34976.1405884643,-4.5021314122986e-07,9.21471415045721e-05,3.86542323384039e-07,0.00105326691943944,7.0031714868437e-09,1.9081803665051e-05,-4.03984596119104e-07,0.000218104240309305
35218.7053144771,-4.44032959136529e-07,9.15125052046365e-05,3.81236487921317e-07,0.00104601257734548,6.90703974120842e-09,1.8950379058828e-05,-3.98439004452818e-07,0.000216602086580931
35462.9522628655,-4.37937613285353e-07,9.08822395518498e-05,3.76003477632357e-07,0.00103880820051318,6.81222754316388e-09,1.88198596428993e-05,-3.92969537907833e-07,0.000215110278478148
35708.8931000911,-4.3192593913285e-07,9.02563144507918e-05,3.70842293088695e-07,0.00103165344477515,6.71871678115266e-09,1.86902391824899e-05,-3.87575151518053e-07,0.000213628744752477
35956.5395735246,-4.25996788120738e-07,8.96347000131788e-05,3.65751948574076e-07,0.00102454796833518,6.6264895921777e-09,1.85615114857737e-05,-3.82254814661192e-07,0.000212157414646032
36205.9035120061,-4.20149027456544e-07,8.9017366556441e-05,3.60731471896427e-07,0.0010174914317519,6.53552835839199e-09,1.84336704035777e-05,-3.77007510861902e-07,0.000210696217888146
36456.9968264106,-4.14381539897189e-07,8.84042846023076e-05,3.55779904202388e-07,0.00101048349792254,6.44581570373493e-09,1.83067098290885e-05,-3.71832237597587e-07,0.000209245084692021
36709.831510217,-4.08693223535564e-07,8.77954248754027e-05,3.50896299794402e-07,0.00100352383206679,6.35733449061494e-09,1.81806236975597e-05,-3.66728006106891e-07,0.000207803945751395
36964.4196400802,-4.03082991590036e-07,8.71907583018514e-05,3.46079725950311e-07,0.000996612101710837,6.27006781663749e-09,1.80554059860225e-05,-3.6169384120082e-07,0.000206372732237235
37220.7733764093,-3.97549772196824e-07,8.65902560078935e-05,3.41329262745396e-07,0.000989747976671418,6.18399901137794e-09,1.79310507129975e-05,-3.56728781076434e-07,0.000204951375794452
37478.9049639467,-3.92092508205251e-07,8.59938893185087e-05,3.36644002876893e-07,0.000982931129040054,6.09911163319877e-09,1.78075519382094e-05,-3.51831877133125e-07,0.000203539808538639
37738.8267323548,-3.86710156975778e-07,8.54016297560498e-05,3.32023051490889e-07,0.000976161233167358,6.0153894661104e-09,1.76849037623021e-05,-3.47002193791393e-07,0.000202137963052834
38000.5510968034,-3.81401690180839e-07,8.48134490388865e-05,3.27465526011595e-07,0.000969437965647472,5.93281651667503e-09,1.75631003265577e-05,-3.42238808314125e-07,0.000200745772384298
38264.0905585636,-3.76166093608381e-07,8.42293190800567e-05,3.22970555972958e-07,0.00096276100530259,5.85137701095298e-09,1.74421358126158e-05,-3.37540810630312e-07,0.000199363170041324
38529.4577056047,-3.71002366968127e-07,8.36492119859298e-05,3.18537282852588e-07,0.000956130033167613,5.77105539149093e-09,1.73220044421958e-05,-3.32907303161205e-07,0.000197990089990061
38796.6652131954,-3.65909523700471e-07,8.30731000548756e-05,3.14164859907942e-07,0.000949544732474882,5.69183631435137e-09,1.72027004768206e-05,-3.28337400648833e-07,0.000196626466651364
39065.7258445091,-3.60886590788024e-07,8.25009557759462e-05,3.0985245201478e-07,0.000943004788639045,5.61370464618299e-09,1.70842182175421e-05,-3.23830229986902e-07,0.000195272234897664
39336.6524512341,-3.5593260856972e-07,8.19327518275631e-05,3.05599235507802e-07,0.000936509889241999,5.53664546133099e-09,1.69665520046693e-05,-3.19384930053983e-07,0.000193927330049859
39609.4579741865,-3.51046630557498e-07,8.13684610762167e-05,3.01404398023503e-07,0.00093005972401797,5.46064403898731e-09,1.68496962174973e-05,-3.15000651549023e-07,0.000192591687874229
39884.1554439296,-3.46227723255475e-07,8.0808056575172e-05,2.97267138345147e-07,0.000923653984838654,5.38568586037958e-09,1.67336452740392e-05,-3.10676556829087e-07,0.000191265244579367
40160.7579813948,-3.41474965981624e-07,8.02515115631853e-05,2.93186666249899e-07,0.00091729236569851,5.3117566059991e-09,1.66183936307587e-05,-3.06411819749341e-07,0.000189947936813137
40439.2787985098,-3.36787450691882e-07,7.96987994632277e-05,2.89162202358021e-07,0.000910974562700103,5.23884215286633e-09,1.65039357823056e-05,-3.02205625505225e-07,0.00018863970165965
40719.7311988284,-3.32164281806685e-07,7.91498938812198e-05,2.85192977984162e-07,0.000904700274039596,5.16692857183441e-09,1.63902662612526e-05,-2.98057170476799e-07,0.000187340476636261
41002.1285781671,-3.27604576039874e-07,7.86047686047721e-05,2.81278234990662e-07,0.000898469199992301,5.09600212492912e-09,1.6277379637834e-05,-2.93965662075215e-07,0.000186050199690585
41286.4844252437,-3.23107462229955e-07,7.80633976019367e-05,2.77417225642888e-07,0.000892281042898363,5.02604926272585e-09,1.61652705196861e-05,-2.89930318591309e-07,0.00018476880919754
41572.812322323,-3.18672081173671e-07,7.75257550199658e-05,2.7360921246653e-07,0.000886135507148518,4.9570566217621e-09,1.60539335515895e-05,-2.85950369046257e-07,0.000183496243956399
41861.1259458642,-3.14297585461865e-07,7.699181518408e-05,2.69853468106881e-07,0.000880032299169966,4.8890110219859e-09,1.59433634152134e-05,-2.82025053044296e-07,0.000182232443187874
42151.4390671752,-3.09983139317585e-07,7.64615525962435e-05,2.6614927519001e-07,0.000873971127412331,4.8218994642387e-09,1.5833554828861e-05,-2.78153620627447e-07,0.000180977346531214
42443.7655530697,-3.05727918436427e-07,7.593494193395e-05,2.62495926185882e-07,0.000867951702333727,4.75570912777348e-09,1.57245025472175e-05,-2.74335332132259e-07,0.000179730894041322
42738.1193665299,-3.01531109829045e-07,7.54119580490135e-05,2.58892723273305e-07,0.000861973736386907,4.69042736780614e-09,1.56162013610993e-05,-2.70569458048486e-07,0.000178493026185894
43034.5145673733,-2.97391911665855e-07,7.48925759663718e-05,2.55338978206769e-07,0.000856036944005526,4.62604171310116e-09,1.5508646097205e-05,-2.66855278879738e-07,0.000177263683842581
43332.9653129246,-2.93309533123836e-07,7.43767708828936e-05,2.5183401218509e-07,0.000850141041590478,4.56253986358986e-09,1.54018316178681e-05,-2.63192085006015e-07,0.000176042808296162
43633.4858586911,-2.89283194235462e-07,7.38645181661977e-05,2.48377155721857e-07,0.000844285747496348,4.49990968802171e-09,1.52957528208117e-05,-2.59579176548147e-07,0.000174830341235744
43936.0905590448,-2.85312125739691e-07,7.33557933534774e-05,2.44967748517656e-07,0.000838470782017939,4.43813922164758e-09,1.51904046389045e-05,-2.56015863234087e-07,0.000173626224751979
44240.7938679069,-2.81395568935006e-07,7.28505721503354e-05,2.41605139334051e-07,0.000832695867376906,4.37721666393499e-09,1.50857820399186e-05,-2.52501464267041e-07,0.000172430401334298
44547.6103394389,-2.77532775534467e-07,7.23488304296238e-05,2.38288685869279e-07,0.000826960727708472,4.31713037631449e-09,1.49818800262893e-05,-2.49035308195404e-07,0.000171242813868166
44856.5546287376,-2.73723007522763e-07,7.18505442302957e-05,2.35017754635668e-07,0.000821265089048246,4.25786887995722e-09,1.48786936348758e-05,-2.45616732784491e-07,0.000170063405632359
45167.641492535,-2.69965537015216e-07,7.13556897562606e-05,2.31791720838716e-07,0.000815608679319119,4.19942085358261e-09,1.47762179367247e-05,-2.42245084890013e-07,0.00016889212029625
45480.8857899031,-2.66259646118724e-07,7.08642433752519e-05,2.28609968257841e-07,0.000809991228318265,4.14177513129657e-09,1.46744480368336e-05,-2.3891972033331e-07,0.000167728901917127
45796.3024829641,-2.6260462679461e-07,7.03761816176979e-05,2.25471889128758e-07,0.000804412467704216,4.08492070045891e-09,1.45733790739182e-05,-2.35640003778273e-07,0.000166573694937518
46113.9066376045,-2.58999780723366e-07,6.98914811756047e-05,2.22376884027482e-07,0.000798872130984046,4.02884669958041e-09,1.4473006220179e-05,-2.32405308609978e-07,0.00016542644418254
46433.713424195,-2.55444419171229e-07,6.94101189014427e-05,2.19324361755893e-07,0.000793369953500616,3.97354241624841e-09,1.43733246810712e-05,-2.29215016814968e-07,0.000164287094857264
46755.7381183149,-2.51937862858614e-07,6.89320718070447e-05,2.1631373922891e-07,0.000787905672419942,3.9189972850811e-09,1.42743296950755e-05,-2.2606851886319e-07,0.000163155592544102
47079.9961014825,-2.48479441830337e-07,6.8457317062508e-05,2.13344441363169e-07,0.000782479026718611,3.8652008857097e-09,1.41760165334705e-05,-2.22965213591544e-07,0.000162031883200209
47406.5028618884,-2.45068495327625e-07,6.79858319951071e-05,2.10415900967265e-07,0.000777089757171324,3.81214294078851e-09,1.40783805001067e-05,-2.19904508089039e-07,0.000160915913154898
47735.2739951367,-2.4170437166188e-07,6.7517594088211e-05,2.07527558633472e-07,0.000771737606338485,3.75981331403202e-09,1.39814169311821e-05,-2.16885817583516e-07,0.000159807629107085
48066.3252049891,-2.38386428090181e-07,6.70525809802107e-05,2.04678862630964e-07,0.000766422318553913,3.70820200827921e-09,1.38851211950194e-05,-2.13908565329934e-07,0.000158706978122741
48399.6723041153,-2.35114030692485e-07,6.65907704634516e-05,2.01869268800485e-07,0.000761143639912607,3.65729916358416e-09,1.37894886918448e-05,-2.10972182500182e-07,0.000157613907632362
48735.331214848,-2.31886554250527e-07,6.61321404831754e-05,1.99098240450484e-07,0.000755901318258623,3.60709505533309e-09,1.36945148535678e-05,-2.08076108074414e-07,0.000156528365428466
49073.317969944,-2.28703382128368e-07,6.56766691364669e-05,1.96365248254653e-07,0.000750695103173006,3.55758009238704e-09,1.36001951435633e-05,-2.05219788733857e-07,0.000155450299663095
49413.6487133493,-2.25563906154594e-07,6.5224334671211e-05,1.93669770150882e-07,0.000745524745961835,3.50874481525015e-09,1.35065250564549e-05,-2.02402678755116e-07,0.000154379658845342
49756.3397009709,-2.22467526506126e-07,6.47751154850535e-05,1.91011291241596e-07,0.000740389999644326,3.46057989426299e-09,1.3413500117899e-05,-1.99624239905904e-07,0.000153316391838893
50101.4073014524,-2.19413651593625e-07,6.43289901243722e-05,1.88389303695461e-07,0.000735290618941034,3.41307612782079e-09,1.33211158843719e-05,-1.96883941342223e-07,0.000152260447859587
50448.8679969571,-2.16401697948471e-07,6.38859372832523e-05,1.85803306650432e-07,0.000730226360262122,3.36622444061596e-09,1.32293679429565e-05,-1.94181259506941e-07,0.000151211776472987
50798.7383839539,-2.13431090111296e-07,6.34459358024715e-05,1.83252806118141e-07,0.000725196981695726,3.32001588190492e-09,1.31382519111324e-05,-1.91515678029776e-07,0.000150170327591976
51151.0351740109,-2.1050126052204e-07,6.30089646684893e-05,1.80737314889583e-07,0.000720202242996386,3.27444162379849e-09,1.30477634365657e-05,-1.88886687628638e-07,0.000149136051474366
51505.7751945938,-2.07611649411523e-07,6.25750030124456e-05,1.78256352442102e-07,0.000715241905573567,3.22949295957589e-09,1.29578981969015e-05,-1.86293786012337e-07,0.00014810889872052
51862.9753898685,-2.04761704694505e-07,6.21440301091653e-05,1.7580944484766e-07,0.000710315732480258,3.18516130202186e-09,1.28686518995572e-05,-1.8373647778462e-07,0.000147088820270998
52222.6528215118,-2.01950881864203e-07,6.17160253761686e-05,1.73396124682347e-07,0.000705423488401638,3.14143818178652e-09,1.27800202815174e-05,-1.81214274349525e-07,0.000146075767404209
52584.8246695256,-1.99178643888277e-07,6.12909683726904e-05,1.7101593093715e-07,0.000700564939643841,3.09831524576781e-09,1.26919991091303e-05,-1.78726693818041e-07,0.000145069691734091
52949.5082330576,-1.96444461106218e-07,6.08688387987042e-05,1.68668408929926e-07,0.000695739854122775,3.05578425551604e-09,1.26045841779053e-05,-1.76273260916038e-07,0.000144070545207797
53316.7209312277,-1.93747811128167e-07,6.04496164939547e-05,1.66353110218604e-07,0.000690948001353044,3.01383708566048e-09,1.25177713123121e-05,-1.73853506893472e-07,0.000143078280103402
53686.4803039601,-1.91088178735106e-07,6.00332814369949e-05,1.64069592515562e-07,0.000686189152436916,2.97246572235732e-09,1.24315563655814e-05,-1.71466969434826e-07,0.000142092849027623
54058.8040128205,-1.88465055780435e-07,5.96198137442318e-05,1.6181741960318e-07,0.000681463080053399,2.93166226175916e-09,1.23459352195063e-05,-1.69113192570792e-07,0.000141114204913561
54433.709841861,-1.85877941092881e-07,5.92091936689773e-05,1.59596161250558e-07,0.000676769558447363,2.89141890850533e-09,1.22609037842462e-05,-1.66791726591151e-07,0.000140142301018447
54811.215698468,-1.83326340380759e-07,5.88014016005067e-05,1.57405393131373e-07,0.000672108363418762,2.851727974233e-09,1.21764579981308e-05,-1.64502127958864e-07,0.000139177090921415
55191.3396142186,-1.8080976613753e-07,5.83964180631222e-05,1.55244696742854e-07,0.000667479272311912,2.81258187610867e-09,1.20925938274662e-05,-1.62243959225329e-07,0.000138218528521284
55574.0997457415,-1.7832773754867e-07,5.79942237152248e-05,1.53113659325888e-07,0.000662882064004854,2.77397313537992e-09,1.20093072663424e-05,-1.60016788946808e-07,0.000137266568034359
55959.5143755845,-1.75879780399807e-07,5.75947993483903e-05,1.51011873786196e-07,0.000658316518898782,2.73589437594686e-09,1.19265943364415e-05,-1.57820191602003e-07,0.000136321163992241
56347.6019130871,-1.73465426986124e-07,5.71981258864542e-05,1.48938938616616e-07,0.000653782418907556,2.69833832295337e-09,1.18444510868482e-05,-1.55653747510759e-07,0.000135382271239659
56738.380895261,-1.71084216023001e-07,5.68041843846e-05,1.46894457820432e-07,0.000649279547447266,2.66129780139748e-09,1.17628735938602e-05,-1.53517042753879e-07,0.000134449844932314
57131.8699876742,-1.68735692557893e-07,5.6412956028457e-05,1.44878040835765e-07,0.000644807689425901,2.62476573476102e-09,1.16818579608015e-05,-1.51409669094054e-07,0.000133523840534736
57528.0879853436,-1.66419407883403e-07,5.60244221332009e-05,1.42889302460997e-07,0.000640366631233049,2.58873514365789e-09,1.1601400317836e-05,-1.49331223897861e-07,0.00013260421381816
57927.053813632,-1.64134919451565e-07,5.56385641426636e-05,1.40927862781223e-07,0.000635956160729707,2.55319914450099e-09,1.15214968217822e-05,-1.47281310058847e-07,0.000131690920858413
58328.7865291527,-1.61881790789286e-07,5.52553636284469e-05,1.38993347095701e-07,0.000631576067238128,2.51815094818739e-09,1.14421436559301e-05,-1.45259535921654e-07,0.000130783918033815
58733.3053206791,-1.59659591414967e-07,5.4874802289044e-05,1.37085385846312e-07,0.000627226141531764,2.48358385880163e-09,1.13633370298588e-05,-1.432655152072e-07,0.000129883162023099
59140.6295100621,-1.57467896756249e-07,5.44968619489652e-05,1.35203614546987e-07,0.000622906175825261,2.44949127233662e-09,1.12850731792549e-05,-1.41298866938874e-07,0.000128988609803341
59550.7785531519,-1.5530628806891e-07,5.41215245578718e-05,1.33347673714113e-07,0.000618615963764535,2.41586667543238e-09,1.12073483657332e-05,-1.39359215369758e-07,0.000128100218647908
59963.7720407286,-1.5317435235685e-07,5.37487721897135e-05,1.31517208797885e-07,0.000614355300416903,2.38270364413175e-09,1.11301588766578e-05,-1.3744618991083e-07,0.000127217946124413
60379.6296994364,-1.51071682293199e-07,5.33785870418743e-05,1.29711870114608e-07,0.000610123982261299,2.34999584265351e-09,1.1053501024965e-05,-1.35559425060173e-07,0.000126341750092695
60798.3713927276,-1.4899787614249e-07,5.30109514343218e-05,1.27931312779918e-07,0.000605921807178538,2.31773702218205e-09,1.09773711489868e-05,-1.33698560333135e-07,0.000125471588702801
61220.0171218097,-1.4695253768391e-07,5.26458478087647e-05,1.26175196642928e-07,0.000601748574441669,2.28592101967386e-09,1.0901765612276e-05,-1.31863240193467e-07,0.000124607420392992
61644.5870266023,-1.449352761356e-07,5.22832587278134e-05,1.24443186221274e-07,0.000597604084706374,2.25454175668025e-09,1.08266808034327e-05,-1.30053113985392e-07,0.000123749203887757
62072.1013866976,-1.42945706079994e-07,5.19231668741497e-05,1.22734950637051e-07,0.000593488140001446,2.22359323818637e-09,1.07521131359316e-05,-1.28267835866614e-07,0.000122896898195842
62502.5806223305,-1.40983447390189e-07,5.15655550496988e-05,1.21050163553624e-07,0.000589400543719327,2.19306955146596e-09,1.06780590479507e-05,-1.2650706474224e-07,0.000122050462608292
62936.0452953524,-1.39048125157314e-07,5.12104061748095e-05,1.19388503113318e-07,0.000585341100606717,2.16296486495205e-09,1.0604515002201e-05,-1.24770464199622e-07,0.000121209856696509
63372.5161102152,-1.37139369618909e-07,5.08577032874387e-05,1.17749651875947e-07,0.000581309616755235,2.13327342712297e-09,1.05314774857577e-05,-1.23057702444072e-07,0.00012037504031032
63812.0139149584,-1.35256816088279e-07,5.05074295423422e-05,1.16133296758203e-07,0.000577305899592166,2.10398956540378e-09,1.04589430098923e-05,-1.21368452235484e-07,0.000119545973576061
64254.5597022062,-1.33400104884816e-07,5.01595682102704e-05,1.14539128973857e-07,0.000573329757871247,2.07510768508261e-09,1.03869081099056e-05,-1.19702390825806e-07,0.000118722616894671
64700.1746101695,-1.31568881265289e-07,4.98141026771704e-05,1.12966843974801e-07,0.000569381001663535,2.04662226824212e-09,1.03153693449629e-05,-1.18059199897383e-07,0.000117904930939803
65148.8799236562,-1.2976279535606e-07,4.94710164433928e-05,1.11416141392884e-07,0.00056545944234833,2.01852787270536e-09,1.02443232979288e-05,-1.16438565502135e-07,0.000117092876655946
65600.697075087,-1.27981502086248e-07,4.91302931229041e-05,1.09886724982551e-07,0.000561564892604161,1.99081913099629e-09,1.01737665752045e-05,-1.14840178001587e-07,0.00011628641525656
66055.6476455202,-1.26224661121795e-07,4.8791916442505e-05,1.08378302564267e-07,0.000557697166399835,1.96349074931441e-09,1.01036958065655e-05,-1.13263732007699e-07,0.000115485508222222
66513.7533656814,-1.24491936800449e-07,4.84558702410537e-05,1.06890585968724e-07,0.000553856078985553,1.93653750652366e-09,1.00341076450003e-05,-1.11708926324531e-07,0.00011469011729879
66975.0361170023,-1.22782998067633e-07,4.81221384686942e-05,1.05423290981804e-07,0.00055004144688407,1.90995425315497e-09,9.96499876655117e-06,-1.10175463890693e-07,0.000113900204495573
67439.5179326655,-1.21097518413198e-07,4.77907051860907e-05,1.03976137290303e-07,0.000546253087881945,1.88373591042268e-09,9.89636587015466e-06,-1.08663051722593e-07,0.00011311573208352
67907.2209986571,-1.19435175809034e-07,4.74615545636666e-05,1.02548848428394e-07,0.000542490821020816,1.85787746925429e-09,9.82820567748425e-06,-1.07171400858459e-07,0.000112336662593415
68378.167654826,-1.17795652647559e-07,4.71346708808493e-05,1.01141151724836e-07,0.00053875446658877,1.83237398933376e-09,9.7605149327937e-06,-1.05700226303133e-07,0.000111562958814091
68852.3803959518,-1.16178635681024e-07,4.68100385253193e-05,9.97527782508935e-08,0.000535043846111742,1.80722059815767e-09,9.69329040276136e-06,-1.04249246973623e-07,0.00011079458379065
69329.8818728181,-1.14583815961678e-07,4.64876419922657e-05,9.83834627689778e-08,0.000531358782344998,1.78241249010453e-09,9.62652887633591e-06,-1.02818185645399e-07,0.000110031500822701
69810.6948932956,-1.13010888782735e-07,4.61674658836455e-05,9.70329436819927e-08,0.000527699099264661,1.75794492551675e-09,9.56022716458276e-06,-1.01406768899429e-07,0.000109273673462607
70294.8424234306,-1.11459553620162e-07,4.58494949074493e-05,9.57009629833747e-08,0.000524064622059299,1.73381322979533e-09,9.49438210053186e-06,-1.00014727069941e-07,0.000108521065513743
70782.3475885425,-1.09929514075259e-07,4.55337138769707e-05,9.4387266207816e-08,0.000520455177121574,1.71001279250679e-09,9.42899053902624e-06,-9.86417941929025e-08,0.000107773641028768
71273.2336743282,-1.08420477818035e-07,4.52201077100822e-05,9.30916023826683e-08,0.000516870592039951,1.68653906650254e-09,9.36404935657193e-06,-9.72877079552068e-08,0.00010703136430791
71767.5241279742,-1.06932156531355e-07,4.49086614285146e-05,9.18137239800089e-08,0.000513310695590451,1.66338756705025e-09,9.29955545118858e-06,-9.59522096445563e-08,0.000106294199897258
72265.2425592773,-1.05464265855854e-07,4.45993601571423e-05,9.05533868693664e-08,0.000509775317728477,1.6405538709771e-09,9.23550574226135e-06,-9.46350441000348e-08,0.000105562112587075
72766.4127417709,-1.04016525335613e-07,4.42921891232736e-05,8.93103502710965e-08,0.000506264289580689,1.61803361582491e-09,9.17189717039376e-06,-9.33359596633588e-08,0.000104835067410107
73271.058613862,-1.02588658364573e-07,4.39871336559449e-05,8.8084376710394e-08,0.00050277744343693,1.59582249901673e-09,9.10872669726142e-06,-9.20547081307946e-08,0.000104113029639924
73779.2042799737,-1.01180392133689e-07,4.3684179185221e-05,8.68752319719396e-08,0.000499314612742219,1.57391627703498e-09,9.04599130546706e-06,-9.0791044705741e-08,0.000103395964789253
74290.8740116972,-9.97914575788074e-08,4.33833112414991e-05,8.56826850551642e-08,0.000495875632088788,1.55231076461077e-09,8.98368799839616e-06,-8.95447279519558e-08,0.000102683838608336
74806.0922489501,-9.84215893292642e-08,4.30845154548189e-05,8.45065081301334e-08,0.000492460337208184,1.53100183392442e-09,8.921813800074e-06,-8.83155197474325e-08,0.000101976617083293
75324.8836011454,-9.70705256571785e-08,4.27877775541756e-05,8.3346476494031e-08,0.000489068564963412,1.50998541381695e-09,8.86036575502332e-06,-8.71031852389016e-08,0.000101274266434497
75847.2728483651,-9.57380084274529e-08,4.24930833668393e-05,8.22023685282436e-08,0.000485700153341153,1.48925748901234e-09,8.79934092812324e-06,-8.59074927969644e-08,0.000100576753114963
76373.2849425456,-9.44237830484519e-08,4.22004188176785e-05,8.10739656560321e-08,0.000482354941444011,1.46881409935047e-09,8.73873640446898e-06,-8.47282139718356e-08,9.98840438087418e-05
76902.9450086679,-9.31275984233638e-08,4.19097699284881e-05,7.99610523007854e-08,0.000479032769482833,1.44865133903068e-09,8.67854928923268e-06,-8.35651234497001e-08,9.91961054293348e-05
77436.2783459591,-9.18492069022244e-08,4.16211228173217e-05,7.88634158448452e-08,0.00047573347876907,1.42876535586558e-09,8.61877670752496e-06,-8.24179990096621e-08,9.85129051181087e-05
77973.3104290997,-9.05883642346046e-08,4.13344636978297e-05,7.77808465888976e-08,0.000472456911707201,1.40915235054518e-09,8.55941580425779e-06,-8.12866214812917e-08,9.78344102427298e-05
78514.0669094413,-8.93448295229426e-08,4.10497788786005e-05,7.67131377119202e-08,0.000469202911787196,1.38980857591111e-09,8.50046374400788e-06,-8.01707747027483e-08,9.71605883956033e-05
79058.5736162311,-8.81183651765213e-08,4.07670547625074e-05,7.56600852316802e-08,0.000465971323577044,1.37073033624081e-09,8.4419177108814e-06,-7.90702454794844e-08,9.64914073923278e-05
79606.8565578463,-8.69087368660728e-08,4.04862778460591e-05,7.46214879657735e-08,0.000462761992715323,1.35191398654146e-09,8.38377490837933e-06,-7.79848235435107e-08,9.58268352701561e-05
80158.9419230357,-8.5715713479011e-08,4.02074347187554e-05,7.3597147493199e-08,0.000459574765903829,1.33335593185375e-09,8.32603255926396e-06,-7.69143015132258e-08,9.51668402864711e-05
80714.8560821713,-8.45390670752733e-08,3.99305120624467e-05,7.25868681164593e-08,0.000456409490900247,1.31505262656508e-09,8.26868790542613e-06,-7.58584748537922e-08,9.45113909172676e-05
81274.6255885071,-8.33785728437738e-08,3.96554966506983e-05,7.15904568241836e-08,0.000453266016510882,1.29700057373223e-09,8.21173820775358e-06,-7.4817141838061e-08,9.38604558556489e-05
81838.2771794484,-8.22340090594495e-08,3.93823753481591e-05,7.06077232542597e-08,0.000450144192583432,1.27919632441333e-09,8.15518074599995e-06,-7.37901035080285e-08,9.32140040103302e-05
82405.8377778279,-8.11051570409006e-08,3.91111351099345e-05,6.96384796574771e-08,0.000447043869999815,1.261636477009e-09,8.099012818655e-06,-7.27771636368261e-08,9.2572004504155e-05
82977.3344931927,-7.99918011086074e-08,3.88417629809634e-05,6.86825408616622e-08,0.000443964900669047,1.2443176766125e-09,8.04323174281539e-06,-7.17781286912275e-08,9.1934426672619e-05
83552.7946230977,-7.88937285437259e-08,3.85742460954001e-05,6.77397242363132e-08,0.000440907137520162,1.22723661436888e-09,7.98783485405664e-06,-7.07928077946756e-08,9.13012400624077e-05
84132.2456544116,-7.78107295474443e-08,3.83085716759995e-05,6.68098496577143e-08,0.000437870434495189,1.21039002684279e-09,7.93281950630575e-06,-6.98210126908118e-08,9.067241442994e-05
84715.7152646274,-7.67425972009013e-08,3.8044727033508e-05,6.58927394745318e-08,0.000434854646542175,1.19377469539516e-09,7.8781830717149e-06,-6.88625577075103e-08,9.00479197399254e-05
85303.2313231867,-7.56891274256508e-08,3.77826995660566e-05,6.49882184738799e-08,0.000431859629608249,1.17738744556817e-09,7.82392294053579e-06,-6.79172597214026e-08,8.94277261639287e-05
85894.8218928089,-7.46501189446741e-08,3.75224767585601e-05,6.40961138478563e-08,0.00042888524063275,1.16122514647898e-09,7.77003652099509e-06,-6.69849381228921e-08,8.88118040789462e-05
86490.5152308334,-7.36253732439212e-08,3.72640461821193e-05,6.32162551605314e-08,0.000425931337540378,1.14528471022148e-09,7.71652123917051e-06,-6.60654147816456e-08,8.82001240659901e-05
87090.3397905676,-7.26146945343866e-08,3.70073954934275e-05,6.23484743153953e-08,0.000422997779234421,1.12956309127646e-09,7.66337453886798e-06,-6.51585140125622e-08,8.75926569086847e-05
87694.3242226474,-7.16178897146995e-08,3.67525124341815e-05,6.1492605523248e-08,0.000420084425590003,1.11405728592979e-09,7.61059388149937e-06,-6.42640625422055e-08,8.69893735918699e-05
88302.4973764047,-7.06347683342329e-08,3.64993848304961e-05,6.06484852705339e-08,0.000417191137447397,1.09876433169856e-09,7.55817674596138e-06,-6.33818894757005e-08,8.63902453002164e-05
88914.8883012464,-6.96651425567143e-08,3.62480005923227e-05,5.98159522881064e-08,0.000414317776605369,1.08368130676518e-09,7.506120628515e-06,-6.25118262640804e-08,8.5795243416849e-05
89531.5262480405,-6.87088271243406e-08,3.59983477128729e-05,5.89948475204255e-08,0.000411464205814584,1.06880532941917e-09,7.45442304266597e-06,-6.16537066720871e-08,8.52043395219806e-05
90152.440670515,-6.77656393223807e-08,3.5750414268044e-05,5.81850140951744e-08,0.000408630288771041,1.05413355750665e-09,7.40308151904591e-06,-6.08073667464076e-08,8.46175053915538e-05
90777.661226663,-6.68353989442691e-08,3.55041884158509e-05,5.7386297293296e-08,0.000405815890109568,1.03966318788739e-09,7.35209360529448e-06,-5.99726447843524e-08,8.40347129958947e-05
91407.217780161,-6.59179282571735e-08,3.52596583958598e-05,5.6598544519438e-08,0.000403020875397348,1.02539145589927e-09,7.30145686594211e-06,-5.91493813029584e-08,8.34559344983721e-05
92041.1404017939,-6.501305196804e-08,3.50168125286273e-05,5.58216052728065e-08,0.000400245111127505,1.01131563483014e-09,7.25116888229376e-06,-5.83374190085207e-08,8.28811422540702e-05
92679.4593708925,-6.41205971900997e-08,3.47756392151425e-05,5.50553311184158e-08,0.000397488464712715,9.97433035396886e-10,7.20122725231328e-06,-5.75366027665387e-08,8.23103088084668e-05
93322.2051767786,-6.32403934098398e-08,3.45361269362732e-05,5.42995756587372e-08,0.000394750804478884,9.83741005231727e-10,7.15162959050876e-06,-5.67467795720778e-08,8.17434068961231e-05
93969.4085202226,-6.23722724544232e-08,3.42982642522158e-05,5.35541945057325e-08,0.000392031999658845,9.70236928375427e-10,7.10237352781847e-06,-5.59677985205355e-08,8.11804094393807e-05
94621.1003149089,-6.15160684595598e-08,3.40620398019496e-05,5.28190452532746e-08,0.000389331920386123,9.56918224777585e-10,7.05345671149782e-06,-5.51995107788108e-08,8.06212895470693e-05
95277.3116889132,-6.06716178378154e-08,3.38274423026936e-05,5.20939874499447e-08,0.000386650437688718,9.4378234980373e-10,7.00487680500681e-06,-5.44417695568676e-08,8.00660205132218e-05
95938.0739861886,-5.9838759247358e-08,3.35944605493684e-05,5.13788825722035e-08,0.000383987423482955,9.30826793749189e-10,6.9566314878986e-06,-5.36944300796906e-08,7.95145758157991e-05
96603.4187680637,-5.90173335611311e-08,3.33630834140609e-05,5.06735939979306e-08,0.000381342750567359,9.1804908135962e-10,6.90871845570846e-06,-5.29573495596229e-08,7.89669291154232e-05
97273.3778147489,-5.82071838364529e-08,3.31332998454932e-05,4.99779869803271e-08,0.000378716292616578,9.05446771358149e-10,6.86113541984388e-06,-5.22303871690877e-08,7.842305425412e-05
97947.983126856,-5.74081552850287e-08,3.29050988684945e-05,4.92919286221751e-08,0.000376107924175349,8.93017455978966e-10,6.81388010747507e-06,-5.15134040136796e-08,7.78829252540688e-05
98627.2669269249,-5.66200952433797e-08,3.26784695834776e-05,4.86152878504531e-08,0.000373517520652507,8.80758760507353e-10,6.76695026142655e-06,-5.08062631056296e-08,7.7346516316363e-05
99311.2616609643,-5.58428531436736e-08,3.24534011659181e-05,4.79479353912966e-08,0.000370944958315028,8.68668342825999e-10,6.72034364006916e-06,-5.01088293376313e-08,7.68138018197768e-05
100000,-5.50762804849589e-08,3.22298828658377e-05,4.72897437453055e-08,0.000368390114282122,8.56743892967571e-10,6.67405801721315e-06,-4.94209694570284e-08,7.62847563195424e-05
