Frequency_Hz,Y11_Real,Y11_Imag,Y12_Real,Y12_Imag,Y21_Real,Y21_Imag,Y22_Real,Y22_Imag
0.1,0.495128357094799,-0.00560762438279639,0.660370832618997,-0.000491259891019689,0.106337508269963,-0.000491004375354237,-0.662539962598857,-3.83983629220069e-05
0.100693514841637,0.495127931637097,-0.00564653884301297,0.660371141152128,-0.000494678195677563,0.106337584418019,-0.000494417334302328,-0.662541231439676,-3.86015867607781e-05
0.10139183931163,0.495127500196268,-0.00568572369518535,0.660371453963893,-0.000498120443535642,0.106337661613228,-0.000497854124715224,-0.662542517858293,-3.88049024247425e-05
0.102095006765465,0.495127062687323,-0.00572518082515246,0.660371771113405,-0.000501586805571438,0.106337739869809,-0.000501314915238576,-0.662543822097059,-3.90082830828489e-05
0.102803050789954,0.495126619024048,-0.0057649121320495,0.660372092660591,-0.000505077454050366,0.10633781920217,-0.000504799875757378,-0.662545144401637,-3.92117011471793e-05
0.103516005204838,0.495126169118976,-0.00580491952840433,0.660372418666199,-0.000508592562536719,0.10633789962491,-0.000508309177405973,-0.662546485021038,-3.94151282560248e-05
0.104233904064403,0.495125712883373,-0.00584520494023501,0.660372749191809,-0.000512132305904852,0.10633798115282,-0.000511842992578193,-0.662547844207676,-3.96185352564277e-05
0.104956781659108,0.495125250227222,-0.00588577030714784,0.660373084299845,-0.000515696860350457,0.106338063800887,-0.000515401494937587,-0.662549222217406,-3.98218921864035e-05
0.105684672517218,0.495124781059196,-0.00592661758243617,0.660373424053586,-0.000519286403401936,0.106338147584296,-0.000518984859427721,-0.662550619309572,-4.00251682568867e-05
0.106417611406461,0.495124305286644,-0.00596774873318023,0.66037376851718,-0.000522901113931959,0.106338232518429,-0.000522593262282643,-0.662552035747056,-4.02283318330643e-05
0.10715563333568,0.49512382281557,-0.00600916574034734,0.660374117755651,-0.000526541172169047,0.106338318618875,-0.000526226881037375,-0.66255347179632,-4.04313504156137e-05
0.107898773556513,0.495123333550612,-0.00605087059889333,0.660374471834913,-0.000530206759709414,0.106338405901425,-0.000529885894538578,-0.662554927727461,-4.06341906213012e-05
0.108647067565072,0.495122837395022,-0.0060928653178645,0.660374830821785,-0.000533898059528819,0.106338494382077,-0.000533570482955282,-0.662556403814252,-4.08368181632479e-05
0.109400551103639,0.495122334250644,-0.00613515192050041,0.660375194783999,-0.000537615255994623,0.106338584077041,-0.000537280827789738,-0.662557900334195,-4.1039197830911e-05
0.110159260162376,0.495121824017894,-0.0061777324443376,0.660375563790213,-0.000541358534877936,0.106338675002739,-0.000541017111888371,-0.662559417568571,-4.12412934694614e-05
0.11092323098104,0.495121306595737,-0.00622060894131401,0.660375937910027,-0.000545128083365955,0.106338767175809,-0.000544779519452859,-0.662560955802489,-4.14430679587657e-05
0.111692500050717,0.495120781881669,-0.00626378347787423,0.660376317213988,-0.000548924090074376,0.106338860613104,-0.00054856823605131,-0.662562515324935,-4.16444831920146e-05
0.112467104115564,0.495120249771687,-0.00630725813507573,0.660376701773613,-0.000552746745059949,0.106338955331701,-0.000552383448629551,-0.662564096428828,-4.18455000538789e-05
0.113247080174565,0.495119710160275,-0.00635103500869574,0.660377091661393,-0.000556596239833278,0.106339051348898,-0.000556225345522548,-0.662565699411068,-4.20460783980697e-05
0.114032465483296,0.495119162940374,-0.00639511620933913,0.660377486950811,-0.000560472767371589,0.106339148682221,-0.000560094116465926,-0.662567324572591,-4.22461770247101e-05
0.114823297555707,0.495118608003365,-0.00643950386254701,0.660377887716355,-0.000564376522131808,0.106339247349422,-0.000563989952607608,-0.662568972218422,-4.2445753656882e-05
0.115619614165913,0.495118045239039,-0.00648420010890634,0.660378294033527,-0.000568307700063683,0.106339347368485,-0.000567913046519585,-0.66257064265773,-4.26447649169992e-05
0.116421453349997,0.495117474535577,-0.00652920710416031,0.660378705978865,-0.000572266498623094,0.106339448757631,-0.000571863592209799,-0.66257233620388,-4.28431663025072e-05
0.117228853407829,0.495116895779522,-0.00657452701931968,0.660379123629948,-0.000576253116785519,0.106339551535313,-0.000575841785134147,-0.662574053174491,-4.30409121611186e-05
0.118041852904894,0.495116308855759,-0.0066201620407749,0.660379547065415,-0.000580267755059635,0.10633965572023,-0.000579847822208614,-0.662575793891494,-4.32379556655413e-05
0.118860490674132,0.495115713647485,-0.00666611437040924,0.660379976364979,-0.000584310615501094,0.106339761331318,-0.000583881901821523,-0.662577558681183,-4.34342487876591e-05
0.1196848058178,0.495115110036187,-0.00671238622571281,0.660380411609439,-0.000588381901726444,0.106339868387762,-0.000587944223845938,-0.662579347874277,-4.36297422722123e-05
0.120514837709331,0.49511449790161,-0.00675897983989738,0.660380852880696,-0.00059248181892721,0.106339976908994,-0.000592034989652147,-0.66258116180598,-4.38243856099169e-05
0.12135062599522,0.495113877121738,-0.00680589746201233,0.660381300261769,-0.00059661057388416,0.106340086914698,-0.00059615440212034,-0.662583000816035,-4.40181270099857e-05
0.122192210596917,0.495113247572761,-0.00685314135706131,0.660381753836807,-0.000600768374981697,0.106340198424813,-0.000600302665653361,-0.662584865248786,-4.42109133721169e-05
0.123039631712731,0.49511260912905,-0.00690071380611998,0.660382213691106,-0.000604955432222455,0.106340311459535,-0.000604479986189631,-0.66258675545324,-4.44026902579261e-05
0.123892929819754,0.495111961663129,-0.00694861710645471,0.660382679911124,-0.00060917195724206,0.10634042603932,-0.000608686571216197,-0.662588671783128,-4.45934018616923e-05
0.124752145675793,0.495111305045647,-0.00699685357164216,0.660383152584498,-0.00061341816332405,0.106340542184888,-0.000612922629781913,-0.662590614596962,-4.47829909806172e-05
0.125617320321316,0.495110639145346,-0.00704542553168978,0.660383631800054,-0.000617694265414968,0.106340659917225,-0.000617188372510767,-0.662592584258107,-4.49713989843295e-05
0.126488495081411,0.495109963829036,-0.0070943353331576,0.66038411764783,-0.000622000480139656,0.106340779257588,-0.000621484011615361,-0.662594581134836,-4.51585657839718e-05
0.127365711567764,0.495109278961563,-0.00714358533928043,0.660384610219089,-0.000626337025816702,0.106340900227506,-0.0006258097609105,-0.662596605600399,-4.53444298003508e-05
0.128249011680643,0.495108584405777,-0.00719317793009176,0.660385109606334,-0.000630704122474101,0.106341022848784,-0.000630165835826974,-0.662598658033084,-4.5528927931672e-05
0.129138437610901,0.495107880022505,-0.00724311550254808,0.660385615903326,-0.00063510199186508,0.106341147143507,-0.000634552453425453,-0.662600738816291,-4.57119955205518e-05
0.130034031841991,0.495107165670516,-0.00729340047065445,0.660386129205101,-0.000639530857484121,0.106341273134041,-0.000638969832410538,-0.662602848338587,-4.5893566320232e-05
0.130935837151994,0.495106441206491,-0.00734403526559122,0.660386649607985,-0.000643990944583154,0.106341400843039,-0.000643418193144983,-0.662604986993785,-4.60735724602465e-05
0.131843896615665,0.495105706484992,-0.00739502233584149,0.660387177209614,-0.000648482480187994,0.106341530293442,-0.00064789775766404,-0.662607155181004,-4.62519444113449e-05
0.132758253606487,0.495104961358425,-0.00744636414731991,0.660387712108949,-0.000653005693114932,0.106341661508485,-0.000652408749689995,-0.662609353304742,-4.64286109495698e-05
0.133678951798747,0.495104205677009,-0.00749806318350223,0.660388254406294,-0.000657560813987526,0.106341794511696,-0.000656951394646827,-0.662611581774946,-4.66034991197864e-05
0.134606035169616,0.495103439288744,-0.00755012194555622,0.660388804203314,-0.000662148075253636,0.106341929326903,-0.000661525919675047,-0.662613841007081,-4.67765341983298e-05
0.135539548001256,0.49510266203937,-0.0076025429524735,0.660389361603054,-0.000666767711202635,0.106342065978238,-0.000666132553646724,-0.662616131422203,-4.69476396548207e-05
0.136479534882933,0.49510187377234,-0.00765532874120233,0.660389926709954,-0.000671419957982812,0.106342204490137,-0.0006707715271806,-0.662618453447031,-4.71167371135159e-05
0.137426040713143,0.495101074328777,-0.00770848186678186,0.660390499629873,-0.000676105053619041,0.106342344887344,-0.000675443072657467,-0.66262080751402,-4.72837463134229e-05
0.138379110701763,0.495100263547442,-0.00776200490247708,0.660391080470101,-0.00068082323803062,0.106342487194919,-0.000680147424235647,-0.662623194061438,-4.74485850678955e-05
0.139338790372205,0.495099441264696,-0.00781590043991511,0.660391669339383,-0.000685574753049345,0.106342631438234,-0.000684884817866663,-0.662625613533435,-4.76111692233883e-05
0.140305125563594,0.495098607314459,-0.00787017108922267,0.660392266347936,-0.000690359842437828,0.106342777642984,-0.000689655491311092,-0.662628066380127,-4.77714126171716e-05
0.141278162432955,0.495097761528179,-0.0079248194791644,0.660392871607469,-0.000695178751908002,0.106342925835184,-0.000694459684154589,-0.662630553057664,-4.79292270343795e-05
0.14225794745742,0.495096903734785,-0.00797984825728269,0.660393485231201,-0.000700031729139867,0.106343076041179,-0.000699297637824088,-0.662633074028319,-4.80845221640935e-05
0.143244527436446,0.495096033760652,-0.00803526009003834,0.660394107333884,-0.000704919023800514,0.106343228287642,-0.000704169595604182,-0.662635629760553,-4.82372055545383e-05
0.14423794949405,0.49509515142956,-0.00809105766295269,0.660394738031819,-0.000709840887563311,0.10634338260158,-0.000709075802653707,-0.662638220729107,-4.83871825672985e-05
0.145238261081064,0.495094256562652,-0.0081472436807506,0.660395377442882,-0.000714797574127407,0.106343539010338,-0.000714016506022473,-0.662640847415076,-4.8534356330808e-05
0.146245509977397,0.495093348978394,-0.00820382086750493,0.660396025686537,-0.000719789339237404,0.106343697541601,-0.000718991954668229,-0.662643510305991,-4.86786276925472e-05
0.147259744294318,0.495092428492532,-0.0082607919667821,0.660396682883863,-0.000724816440703329,0.1063438582234,-0.000724002399473797,-0.662646209895903,-4.88198951706306e-05
0.148281012476756,0.495091494918045,-0.00831815974178871,0.660397349157574,-0.00072987913842087,0.106344021084113,-0.000729048093264392,-0.662648946685467,-4.89580549041663e-05
0.149309363305612,0.495090548065109,-0.00837592697551968,0.660398024632038,-0.000734977694391794,0.106344186152473,-0.000734129290825166,-0.662651721182023,-4.9093000602636e-05
0.150344845900091,0.495089587741046,-0.00843409647090741,0.6603987094333,-0.000740112372744713,0.106344353457564,-0.00073924624891893,-0.662654533899686,-4.922462349434e-05
0.151387509720044,0.495088613750281,-0.0084926710509722,0.660399403689105,-0.000745283439756049,0.106344523028834,-0.000744399226304079,-0.662657385359426,-4.93528122737438e-05
0.152437404568337,0.495087625894294,-0.00855165355897408,0.660400107528918,-0.000750491163871284,0.106344694896093,-0.000749588483752749,-0.662660276089163,-4.94774530476957e-05
0.153494580593225,0.495086623971576,-0.00861104685856579,0.660400821083948,-0.000755735815726523,0.106344869089516,-0.000754814284069146,-0.662663206623848,-4.95984292806714e-05
0.154559088290748,0.49508560777758,-0.00867085383394697,0.660401544487169,-0.000761017668170275,0.106345045639653,-0.000760076892108115,-0.662666177505558,-4.97156217387495e-05
0.155630978507143,0.49508457710467,-0.00873107739001992,0.660402277873345,-0.000766336996285517,0.106345224577425,-0.000765376574793914,-0.662669189283583,-4.98289084326434e-05
0.156710302441275,0.495083531742077,-0.00879172045254638,0.660403021379052,-0.000771694077412101,0.106345405934133,-0.000770713601139202,-0.662672242514517,-4.99381645594141e-05
0.15779711164708,0.495082471475841,-0.00885278596830566,0.660403775142703,-0.000777089191169386,0.106345589741461,-0.000776088242264245,-0.662675337762352,-5.00432624430669e-05
0.158891458036027,0.495081396088767,-0.00891427690525449,0.660404539304568,-0.000782522619479217,0.106345776031479,-0.000781500771416383,-0.662678475598573,-5.0144071473926e-05
0.159993393879601,0.49508030536037,-0.00897619625268751,0.660405314006803,-0.00078799464658913,0.106345964836647,-0.000786951463989643,-0.662681656602246,-5.02404580469337e-05
0.161102971811794,0.49507919906682,-0.00903854702139992,0.660406099393469,-0.000793505559095936,0.106346156189818,-0.000792440597544687,-0.66268488136012,-5.0332285498382e-05
0.162220244831628,0.495078076980893,-0.00910133224385074,0.660406895610563,-0.000799055645969569,0.106346350124245,-0.000797968451828897,-0.662688150466722,-5.04194140416719e-05
0.163345266305675,0.49507693887191,-0.00916455497432816,0.660407702806037,-0.000804645198577281,0.106346546673581,-0.000803535308796773,-0.662691464524451,-5.05017007016231e-05
0.164478089970617,0.495075784505687,-0.0092282182891157,0.660408521129827,-0.000810274510708068,0.106346745871888,-0.000809141452630511,-0.66269482414368,-5.05789992476177e-05
0.165618769935804,0.495074613644473,-0.00929232528666015,0.660409350733877,-0.000815943878597567,0.106346947753634,-0.000814787169760881,-0.662698229942856,-5.06511601250439e-05
0.166767360685846,0.495073426046898,-0.00935687908774074,0.660410191772164,-0.0008216536009531,0.106347152353702,-0.000820472748888293,-0.662701682548598,-5.07180303858171e-05
0.167923917083208,0.495072221467908,-0.00942188283563996,0.660411044400726,-0.000827403978979225,0.106347359707394,-0.000826198481004174,-0.662705182595801,-5.07794536171932e-05
0.169088494370839,0.495070999658708,-0.00948733969631549,0.660411908777688,-0.000833195316403478,0.106347569850433,-0.000831964659412546,-0.662708730727737,-5.0835269869258e-05
0.170261148174801,0.495069760366703,-0.00955325285857393,0.660412785063288,-0.000839027919502546,0.106347782818966,-0.000837771579751898,-0.662712327596164,-5.08853155809438e-05
0.171441934506935,0.495068503335434,-0.0096196255342459,0.660413673419904,-0.000844902097128765,0.106347998649573,-0.000843619540017312,-0.662715973861422,-5.09294235046046e-05
0.172630909767531,0.495067228304512,-0.00968646095836252,0.660414574012081,-0.000850818160736965,0.106348217379264,-0.000849508840582841,-0.66271967019255,-5.09674226289586e-05
0.173828130748022,0.495065935009559,-0.00975376238933347,0.660415487006561,-0.000856776424411666,0.106348439045489,-0.000855439784224157,-0.662723417267383,-5.0999138100763e-05
0.1750336546337,0.49506462318214,-0.00982153310912664,0.660416412572309,-0.000862777204894648,0.106348663686139,-0.000861412676141508,-0.66272721577267,-5.10243911444538e-05
0.176247539006444,0.495063292549696,-0.00988977642344934,0.660417350880541,-0.000868820821612909,0.10634889133955,-0.000867427823982895,-0.662731066404177,-5.10429989807812e-05
0.177469841847474,0.495061942835478,-0.00995849566193073,0.660418302104753,-0.000874907596706935,0.106349122044509,-0.000873485537867578,-0.662734969866799,-5.10547747432644e-05
0.178700621540116,0.495060573758475,-0.0100276941783063,0.660419266420752,-0.000881037855059476,0.106349355840253,-0.000879586130409835,-0.662738926874675,-5.10595273932948e-05
0.179939936872594,0.495059185033347,-0.0100973753506035,0.660420244006682,-0.000887211924324522,0.106349592766481,-0.000885729916743031,-0.662742938151296,-5.10570616336289e-05
0.181187847040838,0.495057776370353,-0.0101675425813293,0.660421235043055,-0.000893430134956866,0.106349832863351,-0.000891917214543962,-0.662747004429624,-5.10471778197505e-05
0.182444411651309,0.495056347475275,-0.010238199297659,0.660422239712783,-0.000899692820241934,0.106350076171487,-0.000898148344057522,-0.662751126452205,-5.10296718698872e-05
0.183709690723849,0.49505489804935,-0.0103093489516271,0.660423258201205,-0.00090600031632606,0.106350322731981,-0.000904423628121629,-0.662755304971286,-5.10043351731188e-05
0.184983744694544,0.495053427789187,-0.0103809950203193,0.660424290696119,-0.000912352962247214,0.106350572586401,-0.000910743392192511,-0.662759540748932,-5.09709544955494e-05
0.186266634418617,0.495051936386697,-0.0104531410060666,0.660425337387814,-0.000918751099966062,0.106350825776789,-0.000917107964370246,-0.662763834557145,-5.09293118847592e-05
0.187558421173328,0.495050423529011,-0.0105257904366409,0.6604263984691,-0.000925195074397558,0.106351082345671,-0.000923517675424669,-0.662768187177984,-5.08791845721807e-05
0.188859166660905,0.495048888898402,-0.0105989468654519,0.660427474135339,-0.000931685233442826,0.106351342336056,-0.000929972858821546,-0.662772599403688,-5.08203448738864e-05
0.190168933011491,0.495047332172203,-0.0106726138717465,0.66042856458448,-0.000938221928021624,0.106351605791442,-0.000936473850749118,-0.662777072036797,-5.07525600891012e-05
0.191487782786108,0.495045753022725,-0.0107467950608092,0.660429670017089,-0.000944805512105185,0.106351872755822,-0.000943020990144938,-0.662781605890273,-5.06755923967844e-05
0.192815778979652,0.495044151117174,-0.0108214940641645,0.660430790636381,-0.000951436342749478,0.106352143273682,-0.000949614618723062,-0.662786201787629,-5.05891987502283e-05
0.194152985023894,0.495042526117563,-0.0108967145397809,0.660431926648255,-0.000958114780128985,0.10635241739001,-0.000956255081001567,-0.662790860563053,-5.04931307696022e-05
0.195499464790516,0.495040877680627,-0.0109724601722771,0.660433078261328,-0.000964841187570915,0.1063526951503,-0.000962942724330409,-0.662795583061535,-5.03871346323875e-05
0.196855282594159,0.495039205457733,-0.0110487346731293,0.660434245686966,-0.000971615931589905,0.106352976600549,-0.000969677898919634,-0.662800370138995,-5.02709509614396e-05
0.198220503195496,0.495037509094792,-0.0111255417808808,0.660435429139321,-0.000978439381923164,0.106353261787271,-0.000976460957867947,-0.662805222662414,-5.01443147112729e-05
0.199595191804325,0.495035788232163,-0.0112028852613529,0.660436628835362,-0.000985311911566148,0.10635355075749,-0.000983292257191602,-0.662810141509962,-5.00069550517512e-05
0.200979414082682,0.495034042504564,-0.0112807689078586,0.660437844994916,-0.000992233896808727,0.106353843558753,-0.000990172155853715,-0.662815127571134,-4.98585952496272e-05
0.202373236147981,0.495032271540974,-0.0113591965414167,0.660439077840696,-0.000999205717271783,0.106354140239126,-0.000997101015793871,-0.662820181746879,-4.96989525478331e-05
0.203776724576168,0.495030474964535,-0.0114381720109688,0.660440327598343,-0.00100622775594443,0.106354440847203,-0.00100407920195817,-0.662825304949735,-4.95277380423154e-05
0.205189946404906,0.495028652392455,-0.011517699193598,0.660441594496458,-0.00101330039922166,0.106354745432107,-0.00101110708232959,-0.662830498103969,-4.9344656556552e-05
0.206612969136771,0.495026803435906,-0.0115977819947491,0.660442878766639,-0.00102042403694257,0.106355054043492,-0.00101818502795878,-0.662835762145705,-4.91494065135711e-05
0.208045860742482,0.495024927699923,-0.0116784243484513,0.66044418064352,-0.00102759906242905,0.106355366731549,-0.00102531341299523,-0.662841098023072,-4.89416798054726e-05
0.209488689664142,0.495023024783297,-0.0117596302175418,0.660445500364807,-0.00103482587252513,0.10635568354701,-0.00103249261471879,-0.662846506696333,-4.87211616604921e-05
0.210941524818514,0.495021094278471,-0.0118414035938924,0.660446838171313,-0.00104210486763676,0.106356004541147,-0.00103972301357163,-0.662851989138036,-4.84875305073879e-05
0.212404435600306,0.49501913577143,-0.0119237484986375,0.660448194307002,-0.00104943645177219,0.10635632976578,-0.00104700499319062,-0.662857546333144,-4.82404578373563e-05
0.21387749188549,0.495017148841591,-0.0120066689824042,0.66044956901902,-0.00105682103258295,0.106356659273277,-0.00105433894044007,-0.662863179279187,-4.79796080630063e-05
0.215360764034637,0.49501513306169,-0.012090169125544,0.66045096255774,-0.00106425902140537,0.106356993116557,-0.00106172524544489,-0.662868888986399,-4.77046383749458e-05
0.21685432289628,0.49501308799767,-0.0121742530383672,0.660452375176798,-0.00107175083330265,0.106357331349096,-0.00106916430162424,-0.66287467647787,-4.74151985952881e-05
0.218358239810298,0.495011013208561,-0.0122589248613785,0.660453807133132,-0.00107929688710759,0.106357674024925,-0.00107665650572548,-0.662880542789685,-4.71109310287154e-05
0.21987258661132,0.495008908246359,-0.0123441887655151,0.660455258687025,-0.00108689760546592,0.106358021198638,-0.00108420225785868,-0.662886488971073,-4.67914703101424e-05
0.22139743563216,0.495006772655914,-0.0124300489523867,0.660456730102143,-0.00109455341488015,0.106358372925391,-0.00109180196153149,-0.662892516084562,-4.64564432499648e-05
0.222932859707273,0.495004605974797,-0.0125165096545178,0.660458221645577,-0.00110226474575412,0.106358729260907,-0.00109945602368446,-0.662898625206119,-4.61054686761581e-05
0.224478932176229,0.495002407733178,-0.0126035751355913,0.66045973358788,-0.0011100320324382,0.106359090261475,-0.00110716485472686,-0.662904817425307,-4.57381572731286e-05
0.22603572688722,0.495000177453698,-0.0126912496906952,0.660461266203117,-0.00111785571327501,0.106359455983958,-0.00111492886857287,-0.662911093845433,-4.53541114180528e-05
0.227603318200585,0.49499791465134,-0.0127795376465704,0.660462819768899,-0.00112573623064592,0.106359826485789,-0.00112274848267831,-0.662917455583707,-4.49529250132613e-05
0.229181780992365,0.494995618833293,-0.0128684433618614,0.660464394566429,-0.00113367403101811,0.106360201824978,-0.00113062411807781,-0.662923903771387,-4.45341833163609e-05
0.230771190657875,0.494993289498818,-0.0129579712273683,0.660465990880545,-0.00114166956499235,0.106360582060112,-0.00113855619942241,-0.662930439553943,-4.40974627663182e-05
0.23237162311531,0.494990926139109,-0.0130481256663021,0.660467608999761,-0.00114972328735148,0.106360967250357,-0.00114654515501774,-0.662937064091209,-4.36423308067813e-05
0.233983154809368,0.494988528237156,-0.0131389111345408,0.660469249216314,-0.00115783565710943,0.10636135745546,-0.00115459141686255,-0.662943778557539,-4.3168345705738e-05
0.235605862714901,0.494986095267596,-0.0132303321208885,0.660470911826205,-0.00116600713756114,0.10636175273575,-0.00116269542068786,-0.662950584141971,-4.26750563720657e-05
0.237239824340596,0.494983626696572,-0.0133223931473365,0.660472597129246,-0.00117423819633306,0.106362153152141,-0.00117085760599656,-0.662957482048379,-4.21620021680696e-05
0.238885117732672,0.494981121981582,-0.0134150987693263,0.6604743054291,-0.00118252930543437,0.106362558766133,-0.00117907841610347,-0.662964473495639,-4.16287127192883e-05
0.240541821478611,0.494978580571328,-0.0135084535760154,0.660476037033335,-0.00119088094130894,0.106362969639812,-0.00118735829817597,-0.662971559717791,-4.1074707719968e-05
0.242210014710909,0.494976001905559,-0.0136024621905446,0.660477792253461,-0.00119929358488811,0.106363385835851,-0.00119569770327514,-0.662978741964196,-4.04994967352218e-05
0.24388977711086,0.494973385414919,-0.0136971292703079,0.66047957140498,-0.00120776772164405,0.106363807417514,-0.00120409708639739,-0.662986021499705,-3.99025789995372e-05
0.24558118891236,0.494970730520783,-0.0137924595072247,0.660481374807434,-0.00121630384164405,0.106364234448653,-0.00121255690651669,-0.662993399604823,-3.92834432113021e-05
0.247284330905736,0.494968036635092,-0.0138884576280139,0.660483202784449,-0.00122490243960544,0.10636466699371,-0.00122107762662723,-0.663000877575871,-3.86415673236939e-05
0.24899928444161,0.494965303160192,-0.0139851283944706,0.660485055663785,-0.0012335640149514,0.106365105117717,-0.00122965971378673,-0.663008456725154,-3.79764183314618e-05
0.250726131434783,0.494962529488659,-0.0140824766037451,0.66048693377738,-0.00124228907186747,0.106365548886298,-0.00123830363916027,-0.663016138381132,-3.72874520539329e-05
0.252464954368146,0.494959715003127,-0.0141805070886234,0.660488837461404,-0.00125107811935896,0.106365998365667,-0.00124700987806463,-0.663023923888583,-3.65741129138841e-05
0.254215836296621,0.494956859076117,-0.0142792247178114,0.660490767056302,-0.00125993167130908,0.106366453622626,-0.00125577891001324,-0.663031814608773,-3.58358337122361e-05
0.25597886085113,0.494953961069849,-0.0143786343962198,0.660492722906849,-0.00126885024653793,0.106366914724571,-0.00126461121876172,-0.66303981191963,-3.50720353987088e-05
0.257754112242586,0.494951020336066,-0.0144787410652528,0.660494705362191,-0.00127783436886234,0.106367381739482,-0.00127350729235396,-0.663047917215909,-3.4282126838342e-05
0.259541675265918,0.494948036215844,-0.0145795497030978,0.660496714775905,-0.00128688456715659,0.106367854735932,-0.00128246762316877,-0.663056131909369,-3.34655045732962e-05
0.261341635304121,0.494945008039404,-0.0146810653250183,0.660498751506043,-0.00129600137541388,0.106368333783077,-0.00129149270796723,-0.663064457428939,-3.26215525806584e-05
0.263154078332332,0.494941935125915,-0.0147832929836488,0.660500815915183,-0.00130518533280881,0.106368818950662,-0.00130058304794046,-0.663072895220898,-3.17496420256524e-05
0.26497909092194,0.494938816783301,-0.0148862377692922,0.660502908370484,-0.00131443698376059,0.106369310309012,-0.00130973914875817,-0.663081446749043,-3.08491310105075e-05
0.266816760244719,0.494935652308036,-0.0149899048102193,0.660505029243733,-0.00132375687799736,0.106369807929038,-0.00131896152061773,-0.663090113494866,-2.99193643182732e-05
0.268667174076992,0.494932440984943,-0.0150942992729708,0.660507178911401,-0.00133314557062116,0.106370311882229,-0.00132825067829389,-0.663098896957729,-2.89596731525427e-05
0.270530420803823,0.49492918208698,-0.0151994263626616,0.660509357754693,-0.00134260362217403,0.106370822240649,-0.00133760714118911,-0.663107798655039,-2.79693748719972e-05
0.27240658942324,0.49492587487503,-0.0153052913232877,0.660511566159603,-0.00135213159870496,0.106371339076939,-0.00134703143338458,-0.663116820122423,-2.6947772720276e-05
0.274295769550488,0.494922518597687,-0.0154118994380349,0.660513804516965,-0.00136173007183774,0.106371862464311,-0.00135652408369173,-0.663125962913908,-2.58941555511399e-05
0.276198051422303,0.494919112491029,-0.0155192560295909,0.660516073222507,-0.00137139961883989,0.106372392476544,-0.00136608562570468,-0.663135228602093,-2.48077975482791e-05
0.278113525901229,0.494915655778394,-0.0156273664604584,0.660518372676909,-0.00138114082269242,0.106372929187981,-0.00137571659785297,-0.663144618778332,-2.3687957940513e-05
0.280042284479955,0.494912147670155,-0.0157362361332714,0.660520703285853,-0.00139095427216069,0.106373472673525,-0.00138541754345529,-0.663154135052907,-2.2533880711384e-05
0.281984419285683,0.494908587363478,-0.0158458704911145,0.66052306546008,-0.00140084056186621,0.106374023008635,-0.00139518901077369,-0.663163779055211,-2.13447943039485e-05
0.283940023084533,0.494904974042091,-0.015956275017843,0.660525459615444,-0.00141080029235944,0.10637458026932,-0.00140503155306853,-0.663173552433922,-2.0119911320296e-05
0.285909189285972,0.494901306876036,-0.0160674552384066,0.660527886172971,-0.00142083407019366,0.106375144532135,-0.00141494572865407,-0.663183456857184,-1.88584282151266e-05
0.287892011947275,0.494897585021424,-0.016179416719175,0.660530345558912,-0.00143094250799984,0.106375715874173,-0.00142493210095487,-0.663193494012789,-1.75595249845839e-05
0.289888585778017,0.494893807620178,-0.0162921650682661,0.660532838204802,-0.00144112622456254,0.106376294373063,-0.0014349912385627,-0.663203665608348,-1.62223648493276e-05
0.291899006144599,0.49488997379978,-0.0164057059358767,0.660535364547513,-0.00145138584489697,0.10637688010696,-0.00144512371529437,-0.663213973371479,-1.48460939316808e-05
0.293923369074803,0.494886082673007,-0.0165200450146145,0.66053792502932,-0.00146172200032694,0.106377473154541,-0.00145533011025009,-0.663224419049982,-1.34298409275313e-05
0.295961771262377,0.494882133337664,-0.0166351880398343,0.660540520097947,-0.00147213532856415,0.106378073594993,-0.00146561100787268,-0.663235004412017,-1.19727167721961e-05
0.298014310071653,0.494878124876309,-0.0167511407899749,0.660543150206636,-0.00148262647378835,0.106378681508013,-0.00147596699800741,-0.663245731246288,-1.04738143004157e-05
0.300081083542203,0.494874056355978,-0.0168679090868994,0.6605458158142,-0.00149319608672878,0.106379296973791,-0.0014863986759627,-0.663256601362215,-8.93220790057492e-06
0.302162190393513,0.4948699268279,-0.016985498796237,0.660548517385082,-0.00150384482474658,0.10637992007301,-0.00149690664257137,-0.66326761659012,-7.34695316283174e-06
0.304257730029708,0.494865735327211,-0.017103915827728,0.660551255389416,-0.00151457335191861,0.106380550886827,-0.00150749150425287,-0.6632787787814,-5.71708652070957e-06
0.306367802544292,0.494861480872656,-0.0172231661355706,0.660554030303087,-0.00152538233912205,0.106381189496875,-0.00151815387307606,-0.663290089808709,-4.0416248873465e-06
0.308492508724934,0.494857162466291,-0.0173432557187701,0.660556842607792,-0.00153627246412056,0.106381835985241,-0.00152889436682291,-0.663301551566133,-2.3195652845559e-06
0.31063195005828,0.49485277909318,-0.0174641906214902,0.660559692791096,-0.00154724441165134,0.106382490434464,-0.00153971360905286,-0.663313165969369,-5.4988446596127e-07
0.312786228734801,0.494848329721078,-0.0175859769334073,0.660562581346498,-0.00155829887351356,0.10638315292752,-0.00155061222916796,-0.6633249349559,1.26846146626669e-06
0.314955447653674,0.49484381330012,-0.017708620790066,0.66056550877349,-0.00156943654865787,0.10638382354781,-0.00156159086247894,-0.663336860485172,3.13653745166731e-06
0.317139710427697,0.494839228762492,-0.0178321283732381,0.660568475577618,-0.00158065814327726,0.106384502379148,-0.00157265015027183,-0.663348944538771,5.05542986774243e-06
0.319339121388238,0.494834575022105,-0.0179565059112821,0.660571482270548,-0.00159196437089913,0.106385189505749,-0.00158379073987556,-0.663361189120593,7.0262469337723e-06
0.321553785590219,0.494829850974259,-0.0180817596795075,0.66057452937012,-0.00160335595247857,0.106385885012212,-0.00159501328473034,-0.663373596257022,9.05011912084863e-06
0.323783808817133,0.494825055495296,-0.018207896000538,0.660577617400422,-0.00161483361649291,0.10638658898351,-0.00160631844445673,-0.663386167997099,1.11281995688883e-05
0.326029297586097,0.494820187442258,-0.0183349212446801,0.660580746891842,-0.00162639809903761,0.106387301504973,-0.00161770688492562,-0.663398906412698,1.32616645108774e-05
0.328290359152942,0.494815245652528,-0.0184628418302914,0.660583918381139,-0.00163805014392346,0.10638802266227,-0.00162917927832907,-0.66341181359869,1.54517137044979e-05
0.330567101517332,0.494810228943467,-0.0185916642241524,0.660587132411502,-0.00164979050277499,0.106388752541396,-0.00164073630325184,-0.663424891673116,1.76995708699168e-05
0.332859633427924,0.494805136112045,-0.0187213949418397,0.660590389532619,-0.00166161993513034,0.106389491228654,-0.00165237864474388,-0.663438142777356,2.00064841361924e-05
0.335168064387565,0.494799965934466,-0.0188520405481015,0.660593690300736,-0.00167353920854233,0.106390238810635,-0.00166410699439354,-0.663451569076291,2.23737264940238e-05
0.337492504658521,0.494794717165785,-0.0189836076572356,0.660597035278724,-0.00168554909868104,0.106390995374203,-0.00167592205040177,-0.663465172758471,2.48025962566872e-05
0.339833065267741,0.494789388539515,-0.0191161029334679,0.660600425036145,-0.00169765038943759,0.106391761006472,-0.00168782451765696,-0.663478956036274,2.72944175278983e-05
0.342189858012163,0.494783978767232,-0.0192495330913347,0.660603860149314,-0.00170984387302952,0.106392535794788,-0.00169981510781085,-0.663492921146071,2.98505406779309e-05
0.344562995464054,0.494778486538166,-0.0193839048960654,0.660607341201369,-0.00172213035010734,0.106393319826706,-0.00171189453935515,-0.663507070348383,3.24723428271612e-05
0.346952590976386,0.494772910518789,-0.0195192251639679,0.660610868782331,-0.0017345106298626,0.106394113189972,-0.00172406353769903,-0.663521405928037,3.51612283374797e-05
0.349358758688252,0.494767249352397,-0.0196555007628159,0.660614443489178,-0.00174698553013745,0.106394915972495,-0.00173632283524756,-0.663535930194324,3.79186293117534e-05
0.351781613530314,0.494761501658676,-0.0197927386122368,0.660618065925901,-0.00175955587753559,0.106395728262325,-0.00174867317148095,-0.663550645481148,4.07460061012527e-05
0.354221271230298,0.494755666033267,-0.019930945684103,0.660621736703582,-0.00177222250753446,0.106396550147633,-0.00176111529303464,-0.663565554147176,4.36448478210588e-05
0.356677848318515,0.494749741047321,-0.0200701290029232,0.660625456440449,-0.00178498626459941,0.106397381716678,-0.00177364995378031,-0.66358065857599,4.66166728741307e-05
0.359151462133436,0.494743725247046,-0.0202102956462369,0.660629225761953,-0.00179784800229876,0.106398223057785,-0.00178627791490781,-0.663595961176226,4.96630294830186e-05
0.361642230827288,0.494737617153243,-0.0203514527450091,0.66063304530083,-0.00181080858342085,0.106399074259318,-0.00179899994500784,-0.66361146438172,5.27854962305563e-05
0.364150273371703,0.494731415260834,-0.0204936074840271,0.660636915697169,-0.00182386888009221,0.106399935409649,-0.00181181682015564,-0.663627170651644,5.59856826087141e-05
0.366675709563398,0.494725118038386,-0.0206367671022991,0.660640837598482,-0.00183702977389754,0.106400806597128,-0.00182472932399549,-0.663643082470644,5.92652295760693e-05
0.369218660029898,0.49471872392762,-0.0207809388934526,0.660644811659767,-0.00185029215600107,0.106401687910057,-0.00183773824782615,-0.66365920234897,6.26258101241867e-05
0.371779246235299,0.494712231342911,-0.0209261302061367,0.660648838543583,-0.00186365692726956,0.106402579436652,-0.00185084439068715,-0.663675532822608,6.60691298521726e-05
0.374357590486067,0.494705638670787,-0.021072348444423,0.660652918920112,-0.00187712499839678,0.106403481265015,-0.00186404855944598,-0.663692076453404,6.95969275506525e-05
0.376953815936883,0.494698944269405,-0.0212196010682088,0.66065705346723,-0.00189069729002958,0.106404393483098,-0.0018773515688862,-0.663708835829181,7.32109757947408e-05
0.379568046596523,0.494692146468032,-0.0213678955936221,0.660661242870576,-0.00190437473289567,0.106405316178667,-0.00189075424179638,-0.663725813563865,7.69130815448937e-05
0.382200407333782,0.494685243566503,-0.0215172395934256,0.66066548782362,-0.00191815826793285,0.106406249439267,-0.00190425740906001,-0.663743012297592,8.07050867585035e-05
0.384851023883439,0.494678233834679,-0.0216676406974236,0.660669789027731,-0.00193204884641982,0.106407193352183,-0.00191786190974622,-0.663760434696821,8.45888690093888e-05
0.387520022852263,0.49467111551189,-0.0218191065928688,0.660674147192248,-0.00194604743010895,0.106408148004404,-0.0019315685912015,-0.663778083454433,8.85663421171246e-05
0.390207531725059,0.494663886806371,-0.021971645024869,0.660678563034547,-0.00196015499136017,0.106409113482578,-0.00194537830914216,-0.663795961289839,9.26394567855038e-05
0.392913678870758,0.494656545894681,-0.0221252637967966,0.660683037280111,-0.00197437251327701,0.106410089872974,-0.00195929192774783,-0.663814070949067,9.68102012503802e-05
0.395638593548549,0.494649090921122,-0.0222799707706958,0.660687570662599,-0.00198870098984393,0.10641107726144,-0.00197331031975576,-0.663832415204858,0.000101080601937059
0.398382405914052,0.494641519997136,-0.0224357738676927,0.660692163923916,-0.00200314142606563,0.106412075733354,-0.001987434366556,-0.663850996856748,0.000105452724127819
0.401145247025537,0.494633831200699,-0.0225926810684042,0.660696817814283,-0.00201769483810772,0.106413085373582,-0.00200166495828751,-0.663869818731147,0.000109928672637399
0.403927248850181,0.494626022575704,-0.0227507004133475,0.660701533092303,-0.00203236225343943,0.106414106266429,-0.00201600299393511,-0.663888883681413,0.000114510592500311
0.406728544270374,0.494618092131323,-0.0229098400033495,0.660706310525033,-0.00204714471097773,0.106415138495593,-0.0020304493814273,-0.66390819458792,0.000119200669666392
0.409549267090063,0.494610037841372,-0.0230701079999567,0.660711150888056,-0.00206204326123344,0.106416182144111,-0.00204500503773499,-0.663927754358119,0.000124001131706741
0.412389552041149,0.494601857643657,-0.0232315126258444,0.660716054965544,-0.00207705896645879,0.106417237294308,-0.00205967088897105,-0.663947565926592,0.000128914248529705
0.415249534789915,0.494593549439301,-0.023394062165225,0.660721023550332,-0.00209219290079692,0.106418304027747,-0.0020744478704907,-0.663967632255106,0.000133942333106346
0.418129351943512,0.494585111092076,-0.0235577649642575,0.660726057443989,-0.00210744615043314,0.10641938242517,-0.0020893369269928,-0.663987956332646,0.000139087742206612
0.421029141056481,0.494576540427708,-0.0237226294314547,0.660731157456882,-0.00212281981374778,0.106420472566441,-0.00210433901262198,-0.664008541175456,0.000144352877144538
0.423949040637325,0.494567835233177,-0.0238886640380906,0.66073632440825,-0.002138315001471,0.106421574530493,-0.00211945509107156,-0.664029389827066,0.000149740184535008
0.426889190155123,0.494558993256002,-0.0240558773186068,0.660741559126271,-0.00215393283683917,0.106422688395261,-0.00213468613568732,-0.66405050535831,0.000155252157059166
0.429849730046193,0.494550012203517,-0.0242242778710173,0.660746862448133,-0.00216967445575331,0.106423814237623,-0.0021500331295721,-0.664071890867336,0.00016089133424127
0.432830801720801,0.494540889742126,-0.0243938743573128,0.6607522352201,-0.00218554100693905,0.106424952133337,-0.00216549706569116,-0.664093549479616,0.0001666603032352
0.435832547569911,0.494531623496558,-0.0245646755038633,0.660757678297584,-0.00220153365210858,0.106426102156975,-0.0021810789469784,-0.664115484347938,0.000172561699621154
0.438855110971994,0.494522211049095,-0.0247366901018189,0.660763192545214,-0.00221765356612433,0.106427264381853,-0.00219677978644331,-0.664137698652391,0.000178598208213226
0.441898636299867,0.494512649938798,-0.0249099270075097,0.660768778836903,-0.00223390193716449,0.106428438879965,-0.0022126006072787,-0.664160195600348,0.000184772563876862
0.444963268927599,0.494502937660709,-0.0250843951428426,0.660774438055918,-0.00225027996689035,0.10642962572191,-0.00222854244296924,-0.664182978426431,0.000191087552356972
0.448049155237445,0.49449307166505,-0.0252601034956967,0.660780171094947,-0.0022667888706154,0.106430824976817,-0.00224460633740061,-0.664206050392473,0.000197546011116295
0.451156442626847,0.494483049356403,-0.0254370611203171,0.660785978856168,-0.00228342987747655,0.10643203671227,-0.00226079334496957,-0.664229414787467,0.000204150830184241
0.454285279515466,0.49447286809287,-0.0256152771377042,0.660791862251318,-0.00230020423060669,0.106433260994235,-0.00227710453069453,-0.664253074927505,0.000210904953016566
0.457435815352278,0.494462525185234,-0.0257947607360029,0.660797822201762,-0.00231711318730966,0.106434497886971,-0.002293540970327,-0.66427703415571,0.000217811377364707
0.46060820062271,0.494452017896089,-0.0259755211708865,0.660803859638556,-0.00233415801923664,0.106435747452957,-0.00231010375046359,-0.664301295842152,0.000224873156156213
0.463802586855826,0.494441343438965,-0.026157567765939,0.660809975502519,-0.00235134001256463,0.106437009752801,-0.00232679396865873,-0.664325863383757,0.000232093398385674
0.467019126631568,0.49443049897744,-0.0263409099130337,0.660816170744299,-0.00236866046817674,0.106438284845159,-0.00234361273353798,-0.664350740204205,0.000239475270015499
0.470257973588042,0.494419481624227,-0.026525557072708,0.660822446324438,-0.00238612070184429,0.106439572786642,-0.00236056116491202,-0.664375929753811,0.000247021994887742
0.473519282428857,0.494408288440257,-0.0267115187745343,0.660828803213444,-0.00240372204441089,0.106440873631726,-0.00237764039389114,-0.664401435509405,0.000254736855646254
0.476803208930514,0.494396916433739,-0.0268988046174874,0.660835242391848,-0.00242146584197824,0.106442187432659,-0.0023948515630004,-0.664427260974184,0.000262623194668576
0.480109909949849,0.494385362559212,-0.0270874242703072,0.660841764850282,-0.00243935345609401,0.106443514239363,-0.00241219582629529,-0.664453409677569,0.000270684415009631
0.483439543431522,0.494373623716569,-0.0272773874718566,0.660848371589533,-0.00245738626394133,0.10644485409934,-0.00242967434947784,-0.664479885175033,0.000278923981353568
0.486792268415562,0.494361696750082,-0.0274687040314756,0.660855063620619,-0.0024755656585305,0.106446207057564,-0.0024472883100134,-0.664506691047929,0.000287345420978413
0.490168245044966,0.494349578447397,-0.0276613838293288,0.660861841964845,-0.00249389304889221,0.106447573156383,-0.00246503889724765,-0.664533830903292,0.00029595232472876
0.493567634573345,0.494337265538519,-0.027855436816749,0.660868707653874,-0.00251236986027287,0.106448952435411,-0.00248292731252427,-0.664561308373641,0.000304748348000039
0.496990599372628,0.494324754694781,-0.028050873016574,0.660875661729789,-0.00253099753433184,0.106450344931417,-0.00250095476930286,-0.664589127116751,0.000313737211732029
0.500437302940819,0.494312042527793,-0.0282477025234787,0.660882705245157,-0.00254977752934033,0.106451750678215,-0.00251912249327729,-0.664617290815423,0.000322922703412915
0.503907909909802,0.494299125588382,-0.0284459355042996,0.660889839263093,-0.00256871132038251,0.106453169706551,-0.00253743172249441,-0.664645803177233,0.000332308678093168
0.50740258605321,0.494286000365504,-0.0286455821983535,0.660897064857321,-0.00258780039955803,0.106454602043981,-0.00255588370747298,-0.664674667934267,0.000341899059409095
0.510921498294339,0.494272663285149,-0.0288466529177499,0.660904383112242,-0.00260704627618698,0.106456047714755,-0.00257447971132303,-0.664703888842837,0.000351697840616338
0.514464814714125,0.494259110709225,-0.0290491580476953,0.660911795122991,-0.00262645047701611,0.106457506739692,-0.00259322100986521,-0.664733469683189,0.000361709085632489
0.518032704559168,0.494245338934426,-0.0292531080467899,0.660919301995501,-0.00264601454642759,0.106458979136054,-0.00261210889175061,-0.66476341425918,0.000371936930090522
0.52162533824982,0.494231344191078,-0.029458513447318,0.660926904846564,-0.00266574004664893,0.106460464917419,-0.00263114465858051,-0.664793726397955,0.000382385582399475
0.525242887388322,0.494217122641974,-0.0296653848555284,0.660934604803894,-0.0026856285579654,0.106461964093543,-0.00265032962502634,-0.664824409949594,0.000393059324817063
0.528885524767003,0.494202670381192,-0.0298737329519075,0.660942403006184,-0.00270568167893381,0.106463476670232,-0.0026696651189497,-0.664855468786743,0.000403962514528622
0.532553424376533,0.494187983432885,-0.0300835684914429,0.660950300603169,-0.00272590102659848,0.106465002649197,-0.00268915248152237,-0.664886906804235,0.000415099584737122
0.536246761414231,0.494173057750065,-0.0302949023038786,0.660958298755683,-0.00274628823670887,0.106466542027919,-0.00270879306734636,-0.664918727918682,0.000426475045760932
0.539965712292437,0.494157889213364,-0.0305077452939597,0.660966398635721,-0.00276684496393916,0.106468094799496,-0.00272858824457381,-0.664950936068049,0.000438093486140212
0.543710454646936,0.494142473629776,-0.0307221084416678,0.660974601426495,-0.00278757288210958,0.106469660952503,-0.00274853939502684,-0.664983535211219,0.000449959573752073
0.547481167345445,0.494126806731384,-0.0309380028024456,0.660982908322493,-0.00280847368440961,0.106471240470835,-0.00276864791431713,-0.665016529327524,0.000462078056933574
0.551278030496154,0.494110884174061,-0.0311554395074115,0.660991320529536,-0.00282954908362308,0.106472833333552,-0.00278891521196544,-0.665049922416266,0.000474453765612975
0.55510122545633,0.494094701536168,-0.031374429763562,0.660999839264837,-0.00285080081235483,0.106474439514725,-0.0028093427115206,-0.665083718496208,0.000487091612448337
0.558950934840979,0.494078254317215,-0.0315949848539637,0.661008465757055,-0.00287223062325956,0.10647605898327,-0.00282993185067847,-0.665117921605056,0.000499996593974095
0.56282734253157,0.494061537936516,-0.031817116137933,0.661017201246351,-0.00289384028927214,0.106477691702783,-0.00285068408140019,-0.665152535798905,0.000513173791754556
0.566730633684818,0.494044547731824,-0.0320408350512026,0.661026046984445,-0.00291563160383992,0.106479337631374,-0.00287160087003029,-0.665187565151673,0.000526628373544696
0.570660994741526,0.494027278957938,-0.0322661531060767,0.661035004234671,-0.00293760638115666,0.10648099672149,-0.00289268369741394,-0.66522301375451,0.000540365594457054
0.574618613435493,0.494009726785308,-0.0324930818915723,0.661044074272029,-0.00295976645639846,0.106482668919743,-0.00291393405901395,-0.665258885715183,0.00055439079813574
0.578603678802477,0.493991886298601,-0.0327216330735463,0.661053258383243,-0.0029821136859612,0.106484354166726,-0.00293535346502692,-0.665295185157433,0.000568709417935992
0.582616381189231,0.493973752495266,-0.0329518183948095,0.661062557866809,-0.00300464994769983,0.106486052396833,-0.00295694344049868,-0.665331916220319,0.00058332697811006
0.586656912262587,0.49395532028407,-0.0331836496752256,0.661071974033051,-0.00302737714116966,0.106487763538067,-0.00297870552543913,-0.665369083057528,0.000598249094998088
0.590725465018618,0.493936584483616,-0.0334171388117951,0.661081508204174,-0.00305029718786886,0.106489487511856,-0.00300064127493598,-0.665406689836663,0.000613481478224043
0.594822233791852,0.493917539820845,-0.0336522977787242,0.661091161714314,-0.00307341203148313,0.106491224232848,-0.0030227522592677,-0.665444740738505,0.000629029931896646
0.598947414264556,0.493898180929518,-0.0338891386274772,0.66110093590959,-0.003096723638132,0.106492973608719,-0.00304504006401553,-0.665483239956255,0.000644900355814798
0.603101203476082,0.493878502348678,-0.0341276734868128,0.661110832148153,-0.00312023399661661,0.106494735539968,-0.00306750629017426,-0.665522191694739,0.000661098746676331
0.607283799832281,0.493858498521092,-0.0343679145628038,0.66112085180024,-0.00314394511866953,0.106496509919709,-0.00309015255426195,-0.665561600169595,0.000677631199290651
0.611495403114975,0.493838163791678,-0.0346098741388391,0.66113099624822,-0.00316785903920595,0.106498296633459,-0.00311298048842844,-0.665601469606431,0.000694503907794936
0.615736214491506,0.493817492405909,-0.0348535645756072,0.661141266886647,-0.00319197781657676,0.106500095558926,-0.0031359917405624,-0.66564180423995,0.000711723166871903
0.620006436524339,0.493796478508197,-0.0350989983110631,0.661151665122304,-0.00321630353282319,0.106501906565787,-0.00315918797439717,-0.66568260831306,0.000729295372970784
0.624306273180741,0.493775116140267,-0.0353461878603745,0.661162192374257,-0.0032408382939332,0.106503729515464,-0.00318257086961496,-0.665723886075937,0.000747227025529262
0.628635929842521,0.493753399239497,-0.0355951458158495,0.661172850073897,-0.00326558423009936,0.106505564260897,-0.00320614212194953,-0.665765641785077,0.000765524728197076
0.632995613315842,0.493731321637257,-0.0358458848468445,0.661183639664995,-0.00329054349597854,0.106507410646315,-0.00322990344328724,-0.665807879702305,0.000784195190060538
0.637385531841099,0.493708877057211,-0.0360984176996514,0.661194562603741,-0.00331571827095308,0.106509268506993,-0.00325385656176626,-0.665850604093766,0.000803245226866006
0.641805895102865,0.493686059113616,-0.0363527571973639,0.661205620358798,-0.00334111075939374,0.10651113766902,-0.00327800322187398,-0.665893819228873,0.000822681762244426
0.646256914239905,0.493662861309593,-0.0366089162397222,0.661216814411343,-0.0033667231909242,0.106513017949045,-0.00330234518454241,-0.665937529379236,0.000842511828933884
0.650738801855265,0.493639277035384,-0.0368669078029364,0.661228146255117,-0.00339255782068697,0.106514909154038,-0.00332688422724166,-0.665981738817554,0.000862742570001185
0.655251772026422,0.493615299566585,-0.0371267449394863,0.661239617396469,-0.00341861692961126,0.106516811081025,-0.00335162214407111,-0.666026451816474,0.000883381240060793
0.659796040315516,0.493590922062369,-0.037388440777899,0.661251229354401,-0.00344490282468215,0.106518723516843,-0.00337656074584839,-0.666071672647427,0.000904435206490889
0.664371823779638,0.493566137563686,-0.0376520085225026,0.661262983660617,-0.00347141783921146,0.106520646237865,-0.00340170186019612,-0.666117405579417,0.000925911950646841
0.668979340981204,0.493540938991442,-0.0379174614531561,0.661274881859563,-0.0034981643331103,0.106522579009743,-0.00342704733162597,-0.666163654877794,0.000947819069069655
0.673618811998395,0.49351531914467,-0.0381848129249531,0.661286925508474,-0.00352514469316285,0.106524521587132,-0.00345259902162032,-0.666210424802978,0.000970164274689489
0.678290458435663,0.493489270698672,-0.0384540763679029,0.661299116177424,-0.00355236133330225,0.106526473713416,-0.00347835880871119,-0.666257719609167,0.00099295539802477
0.682994503434323,0.493462786203151,-0.0387252652865835,0.66131145544936,-0.00357981669488752,0.106528435120426,-0.00350432858855633,-0.666305543542991,0.00101620038837369
0.687731171683206,0.493435858080327,-0.0389983932597689,0.661323944920156,-0.0036075132469824,0.106530405528159,-0.00353051027401249,-0.666353900842151,0.00103990731499956
0.692500689429393,0.493408478623025,-0.0392734739400305,0.661336586198656,-0.00363545348663573,0.106532384644485,-0.00355690579520562,-0.666402795734011,0.00106408436830821
0.697303284489026,0.493380639992765,-0.0395505210533096,0.661349380906712,-0.00366363993916315,0.106534372164856,-0.00358351709959792,-0.66645223243416,0.00108873986101676
0.70213918625818,0.493352334217813,-0.0398295483984629,0.661362330679239,-0.00369207515843074,0.106536367772008,-0.0036103461520517,-0.666502215144938,0.00111388222931286
0.70700862572383,0.493323553191237,-0.040110569846779,0.661375437164252,-0.00372076172714003,0.106538371135655,-0.00363739493488974,-0.666552748053928,0.00113952003400411
0.71191183547488,0.493294288668935,-0.0403935993414658,0.661388702022912,-0.00374970225711452,0.106540381912188,-0.0036646654479523,-0.666603835332411,0.00116566196165627
0.716849049713269,0.493264532267648,-0.0406786508971091,0.661402126929576,-0.00377889938958795,0.106542399744357,-0.00369215970865039,-0.666655481133783,0.00119231682571905
0.721820504265165,0.493234275462959,-0.0409657385990991,0.661415713571837,-0.00380835579549434,0.106544424260958,-0.00371987975201534,-0.66670768959194,0.0012194935676402
0.726826436592224,0.493203509587283,-0.041254876603029,0.661429463650572,-0.00383807417575904,0.106546455076514,-0.00374782763074453,-0.666760464819627,0.00124720125796465
0.731867085802933,0.493172225827831,-0.0415460791340592,0.661443378879987,-0.00386805726159219,0.106548491790946,-0.00377600541524301,-0.666813810906741,0.00127544909742006
0.736942692664033,0.493140415224572,-0.0418393604862522,0.661457460987666,-0.00389830781478326,0.106550533989247,-0.00380441519366109,-0.666867731918612,0.0013042464179859
0.742053499612018,0.493108068668169,-0.0421347350218737,0.661471711714615,-0.00392882862799743,0.106552581241145,-0.00383305907192756,-0.666922231894232,0.00133360268394636
0.747199750764715,0.493075176897912,-0.0424322171706618,0.661486132815312,-0.0039596225250737,0.106554633100767,-0.00386193917377871,-0.666977314844458,0.00136352749292593
0.752381691932944,0.493041730499628,-0.0427318214290619,0.661500726057751,-0.00399069236132471,0.106556689106294,-0.00389105764078252,-0.667032984750175,0.0013940305769061
0.757599570632259,0.49300771990359,-0.043033562359428,0.661515493223495,-0.0040220410238382,0.106558748779616,-0.00392041663235841,-0.667089245560416,0.0014251218032221
0.762853636094773,0.492973135382402,-0.0433374545891902,0.661530436107726,-0.00405367143178036,0.106560811625979,-0.00395001832579215,-0.667146101190448,0.00145681117554014
0.768144139281058,0.492937967048882,-0.0436435128099869,0.661545556519289,-0.0040855865367007,0.106562877133628,-0.00397986491624571,-0.667203555519825,0.00148910883481099
0.773471332892138,0.492902204853922,-0.0439517517767603,0.66156085628075,-0.0041177893228392,0.106564944773448,-0.00400995861676219,-0.667261612390399,0.00152202506020355
0.778835471381553,0.492865838584353,-0.0442621863068186,0.661576337228445,-0.0041502828074349,0.106567013998603,-0.00404030165826542,-0.667320275604287,0.00155557027001149
0.784236810967519,0.492828857860781,-0.0445748312788592,0.661592001212532,-0.00418307004103669,0.106569084244159,-0.00407089628955424,-0.667379548921816,0.00158975502253716
0.78967560964516,0.49279125213543,-0.0448897016319565,0.661607850097049,-0.00421615410781556,0.10657115492672,-0.00410174477729117,-0.667439436059414,0.00162459001694759
0.795152127198837,0.492753010689966,-0.0452068123645125,0.661623885759964,-0.00424953812587975,0.106573225444045,-0.00413284940598576,-0.667499940687474,0.00166008609410523
0.800666625214554,0.492714122633312,-0.045526178533168,0.661640110093235,-0.00428322524759089,0.106575295174669,-0.00416421247797173,-0.667561066428176,0.00169625423736808
0.806219367092452,0.492674576899459,-0.0458478152516773,0.661656525002868,-0.00431721865988298,0.106577363477519,-0.00419583631337841,-0.667622816853276,0.0017331055733609
0.811810618059391,0.492634362245267,-0.046171737689744,0.661673132408974,-0.00435152158458316,0.106579429691523,-0.00422772325009623,-0.667685195481848,0.0017706513727167
0.817440645181619,0.492593467248259,-0.046497961071816,0.661689934245831,-0.00438613727873495,0.106581493135222,-0.00425987564373568,-0.667748205778002,0.00180890305078413
0.823109717377527,0.492551880304404,-0.0468265006758434,0.661706932461948,-0.00442106903492348,0.106583553106365,-0.00429229586758016,-0.667811851148556,0.00184787216830298
0.828818105430497,0.492509589625905,-0.0471573718319945,0.661724129020124,-0.00445632018160336,0.106585608881517,-0.00432498631253231,-0.667876134940676,0.00188757043204463
0.834566082001833,0.492466583238969,-0.0474905899213328,0.66174152589752,-0.00449189408342862,0.106587659715651,-0.00435794938705353,-0.667941060439474,0.00192800969541659
0.840353921643785,0.492422848981579,-0.0478261703744524,0.661759125085718,-0.00452779414158572,0.106589704841741,-0.00439118751709693,-0.668006630865581,0.00196920195903039
0.846181900812664,0.492378374501262,-0.0481641286700727,0.661776928590801,-0.00456402379412844,0.106591743470351,-0.00442470314603316,-0.668072849372671,0.00201115937123014
0.852050297882047,0.49233314725285,-0.0485044803335924,0.661794938433414,-0.00460058651631605,0.106593774789222,-0.00445849873456936,-0.668139719044961,0.00205389422858282
0.857959393156072,0.492287154496238,-0.0488472409356003,0.661813156648843,-0.00463748582095398,0.106595797962853,-0.00449257676066074,-0.66820724289467,0.00209741897632648
0.863909468882829,0.492240383294145,-0.0491924260903455,0.66183158528709,-0.00467472525873733,0.10659781213208,-0.00452693971941491,-0.66827542385945,0.00214174620877677
0.86990080926784,0.492192820509869,-0.0495400514541644,0.66185022641295,-0.00471230841859734,0.106599816413655,-0.00456159012298855,-0.668344264799771,0.00218688866968936
0.875933700487633,0.492144452805038,-0.0498901327238654,0.661869082106089,-0.00475023892805125,0.106601809899816,-0.00459653050047683,-0.668413768496289,0.0022328592525786
0.882008430703416,0.492095266637369,-0.0502426856350703,0.661888154461129,-0.00478852045355492,0.106603791657857,-0.00463176339779453,-0.668483937647171,0.0022796710009888
0.888125290074835,0.492045248258421,-0.0505977259605136,0.661907445587734,-0.00482715670085893,0.106605760729701,-0.00466729137754973,-0.66855477486539,0.00232733710871846
0.894284570773836,0.491994383711347,-0.0509552695082974,0.661926957610692,-0.00486615141536838,0.106607716131456,-0.00470311701890918,-0.668626282675992,0.00237587091999614
0.900486566998624,0.491942658828661,-0.0513153321201028,0.661946692670012,-0.00490550838250567,0.106609656852988,-0.00473924291745559,-0.668698463513329,0.00242528592960534
0.906731574987708,0.491890059229984,-0.0516779296693578,0.661966652921012,-0.00494523142807764,0.106611581857473,-0.00477567168503666,-0.668771319718266,0.00247559578295875
0.913019893034057,0.491836570319822,-0.0520430780593618,0.661986840534415,-0.00498532441864612,0.106613490080958,-0.00481240594960554,-0.668844853535356,0.00252681427611895
0.919351821499347,0.49178217728532,-0.0524107932213645,0.662007257696453,-0.00502579126190261,0.106615380431919,-0.00484944835505292,-0.668919067109988,0.00257895535576624
0.925727662828307,0.491726865094044,-0.0527810911126018,0.662027906608961,-0.00506663590704703,0.106617251790811,-0.00488680156103018,-0.668993962485514,0.00263203311910898
0.932147721563161,0.491670618491749,-0.0531539877142874,0.662048789489485,-0.00510786234517104,0.106619103009622,-0.00492446824276407,-0.669069541600337,0.00268606181373982
0.938612304358183,0.491613422000166,-0.053529499029558,0.662069908571393,-0.00514947460964532,0.106620932911425,-0.00496245109086208,-0.66914580628499,0.00274105583743212
0.945121719994339,0.491555259914792,-0.0539076410813766,0.66209126610398,-0.00519147677651211,0.106622740289926,-0.00500075281110902,-0.66922275825918,0.00279702973787749
0.951676279394036,0.491496116302686,-0.0542884299103896,0.662112864352589,-0.00523387296488212,0.106624523909012,-0.00503937612425446,-0.669300399128814,0.0028539982123636
0.958276295635973,0.491435975000271,-0.0546718815727385,0.662134705598721,-0.00527666733733662,0.106626282502295,-0.00507832376579054,-0.669378730383003,0.00291197610738891
0.964922083970099,0.491374819611151,-0.0550580121378289,0.662156792140163,-0.00531986410033466,0.106628014772664,-0.00511759848572097,-0.669457753391046,0.00297097841821625
0.971613961832666,0.491312633503936,-0.0554468376860532,0.662179126291111,-0.00536346750462578,0.106629719391823,-0.00515720304831997,-0.669537469399394,0.00303102028835989
0.978352248861393,0.491249399810068,-0.0558383743064685,0.662201710382296,-0.00540748184566826,0.106631394999842,-0.00519714023188192,-0.669617879528599,0.00309211700900885
0.985137266910738,0.491185101421674,-0.0562326380944309,0.662224546761117,-0.00545191146405322,0.106633040204694,-0.00523741282846137,-0.669698984770245,0.00315428401838402
0.991969340067262,0.491119720989416,-0.0566296451491847,0.662247637791778,-0.00549676074593462,0.106634653581806,-0.00527802364360301,-0.669780785983866,0.00321753690102522
0.998848794665118,0.491053240920361,-0.0570294115714054,0.662270985855426,-0.00554203412346561,0.106636233673597,-0.00531897549606198,-0.669863283893846,0.00328189138701196
1.00577595930163,0.490985643375863,-0.0574319534607012,0.662294593350293,-0.00558773607524164,0.106637778989024,-0.00536027121751414,-0.669946479086318,0.00334736335111313
1.01275116485301,0.490916910269457,-0.0578372869130675,0.662318462691847,-0.00563387112674947,0.106639288003125,-0.00540191365225624,-0.670030372006042,0.00341396881186534
1.01977474449012,0.490847023264768,-0.058245428018298,0.662342596312937,-0.00568044385082442,0.106640759156569,-0.0054439056568961,-0.670114962953278,0.00348172393058016
1.02684703369442,0.490775963773437,-0.0586563928573515,0.662366996663954,-0.00572745886811321,0.106642190855192,-0.00548625010003238,-0.670200252080662,0.00355064501027746
1.033968370274,0.490703712953054,-0.0590701974996756,0.662391666212984,-0.00577492084754604,0.106643581469554,-0.00552894986192435,-0.670286239390058,0.00362074849454508
1.04113909437969,0.490630251705124,-0.0594868580004842,0.662416607445974,-0.00582283450681481,0.106644929334478,-0.00557200783415104,-0.670372924729427,0.00369205096632436
1.0483595485213,0.490555560673029,-0.0599063903979942,0.662441822866898,-0.00587120461286063,0.106646232748605,-0.00561542691926025,-0.670460307789683,0.00376456914661794
1.05563007758401,0.490479620240026,-0.0603288107106162,0.662467314997927,-0.00592003598236861,0.10664748997394,-0.00565921003040691,-0.670548388101553,0.00383831989312367
1.06295102884484,0.490402410527249,-0.0607541349341034,0.662493086379603,-0.00596933348227185,0.10664869923541,-0.00570336009098112,-0.67063716503244,0.00391332019878798
1.07032275198921,0.490323911391738,-0.0611823790386571,0.66251913957102,-0.00601910203026407,0.106649858720414,-0.0057478800342255,-0.670726637783293,0.00398958719028414
1.07774559912768,0.490244102424484,-0.0616135589659883,0.662545477150005,-0.0060693465953213,0.106650966578382,-0.00579277280284207,-0.670816805385477,0.00406713812640958
1.08521992481272,0.490162962948493,-0.0620476906263389,0.662572101713303,-0.00612007219823327,0.106652020920334,-0.00583804134858844,-0.670907666697665,0.00414599039640473
1.0927460860557,0.490080472016872,-0.0624847898954582,0.662599015876769,-0.00617128391214432,0.106653019818443,-0.00588368863186347,-0.670999220402723,0.00422616151819105
1.1003244423439,0.489996608410932,-0.0629248726115381,0.662626222275565,-0.00622298686310434,0.106653961305599,-0.00592971762128213,-0.671091465004628,0.00430766913652991
1.10795535565772,0.489911350638319,-0.0633679545721077,0.662653723564354,-0.00627518623063053,0.106654843374979,-0.00597613129323985,-0.671184398825388,0.00439053102109843
1.11563919048792,0.489824676931154,-0.0638140515308846,0.662681522417502,-0.00632788724827939,0.106655663979618,-0.00602293263146608,-0.671278020001983,0.00447476506448602
1.12337631385307,0.489736565244212,-0.0642631791945847,0.66270962152929,-0.00638109520422984,0.106656421031984,-0.0060701246265671,-0.671372326483329,0.00456038928010721
1.13116709531708,0.489646993253106,-0.0647153532196938,0.662738023614117,-0.00643481544187817,0.10665711240356,-0.0061177102755585,-0.671467316027264,0.00464742180003447
1.13901190700682,0.489555938352508,-0.065170589209195,0.662766731406716,-0.00648905336044404,0.106657735924425,-0.00616569258138647,-0.671562986197559,0.00473588087274629
1.14691112362992,0.48946337765438,-0.0656289027092575,0.662795747662372,-0.00654381441558911,0.106658289382845,-0.0062140745524389,-0.671659334360952,0.00482578486079588
1.15486512249268,0.489369287986242,-0.0660903092058855,0.66282507515714,-0.00659910412004792,0.106658770524865,-0.00626285920204565,-0.67175635768422,0.00491715223839512
1.16287428351806,0.48927364588945,-0.066554824121526,0.662854716688071,-0.0066549280442713,0.106659177053905,-0.00631204954796816,-0.671854053131276,0.00501000158891673
1.17093898926384,0.48917642761751,-0.0670224628116385,0.662884675073438,-0.00671129181708342,0.106659506630366,-0.00636164861187872,-0.671952417460307,0.00510435160231526
1.1790596249409,0.489077609134406,-0.0674932405612238,0.662914953152967,-0.00676820112635186,0.106659756871238,-0.00641165941882896,-0.672051447220944,0.00520022107246443
1.18723657843162,0.488977166112962,-0.067967172581315,0.662945553788069,-0.00682566171967204,0.10665992534971,-0.00646208499670812,-0.672151138751477,0.00529762889441393
1.19547024030838,0.488875073933217,-0.0684442740054302,0.662976479862079,-0.00688367940506546,0.106660009594799,-0.00651292837569077,-0.672251488176109,0.00539659406156373
1.20376100385228,0.488771307680841,-0.0689245598859841,0.663007734280489,-0.00694226005169291,0.106660007090967,-0.00656419258767418,-0.672352491402258,0.00549713566275811
1.21210926507183,0.488665842145555,-0.0694080451906652,0.663039319971199,-0.00700140959058251,0.106659915277759,-0.00661588066570554,-0.672454144117907,0.00559927287929907
1.22051542272196,0.4885586518196,-0.0698947447987718,0.663071239884752,-0.00706113401537334,0.106659731549441,-0.00666799564339882,-0.672556441789,0.00570302498187908
1.22897987832301,0.488449710896208,-0.0703846734975115,0.663103496994585,-0.00712143938307462,0.106659453254646,-0.00672054055434161,-0.672659379656899,0.00580841132743581
1.23750303617991,0.488338993268117,-0.0708778459782637,0.663136094297276,-0.00718233181484129,0.106659077696027,-0.006773518431492,-0.672762952735889,0.00591545135592769
1.24608530340153,0.4882264725261,-0.0713742768328035,0.663169034812796,-0.00724381749676616,0.10665860212992,-0.00682693230656534,-0.672867155810748,0.00602416458703181
1.25472708992008,0.488112121957524,-0.0718739805494896,0.663202321584756,-0.00730590268068892,0.106658023766008,-0.00688078520941146,-0.672971983434374,0.00613457061676614
1.26342880851072,0.487995914544932,-0.0723769715094142,0.663235957680666,-0.00736859368502271,0.106657339767003,-0.00693508016738188,-0.673077429925478,0.00624668911403542
1.27219087481126,0.487877822964655,-0.0728832639825166,0.663269946192184,-0.0074318968955981,0.106656547248323,-0.00698982020468763,-0.673183489366344,0.00636053981710261
1.28101370734203,0.487757819585445,-0.0733928721236599,0.663304290235376,-0.0074958187665259,0.106655643277791,-0.00704500834174757,-0.673290155600655,0.00647614252998896
1.28989772752585,0.487635876467135,-0.073905809968671,0.663338992950966,-0.00756036582107794,0.106654624875333,-0.00710064759452737,-0.673397422231395,0.00659351711880013
1.29884335970818,0.487511965359323,-0.0744220914303436,0.663374057504598,-0.0076255446525873,0.106653489012687,-0.00715674097386915,-0.673505282618822,0.00671268350798387
1.30785103117738,0.487386057700087,-0.0749417302944053,0.663409487087087,-0.00769136192536751,0.106652232613124,-0.00721329148481237,-0.673613729878521,0.00683366167651855
1.31692117218509,0.487258124614714,-0.0754647402154471,0.663445284914679,-0.00775782437565195,0.106650852551174,-0.00727030212590542,-0.673722756879536,0.00695647165403424
1.32605421596686,0.487128136914466,-0.075991134712818,0.663481454229303,-0.00782493881255343,0.106649345652365,-0.0073277758885089,-0.673832356242579,0.00708113351686968
1.33525059876274,0.486996065095366,-0.0765209271664802,0.663517998298826,-0.00789271211904408,0.106647708692966,-0.00738571575608977,-0.673942520338331,0.00720766738406436
1.34451075983821,0.486861879337004,-0.0770541308128299,0.663554920417305,-0.0079611512529566,0.106645938399749,-0.00744412470350768,-0.67405324128583,0.00733609341329183
1.3538351415051,0.486725549501378,-0.07759075874048,0.663592223905244,-0.00803026324800701,0.106644031449751,-0.00750300569629257,-0.674164510950937,0.00746643179673095
1.36322418914273,0.486587045131749,-0.0781308238860057,0.663629912109833,-0.00810005521483878,0.106641984470054,-0.00756236168991437,-0.67427632094491,0.00759870275688179
1.37267835121923,0.48644633545153,-0.0786743390296535,0.663667988405203,-0.00817053434208982,0.106639794037568,-0.00762219562904486,-0.674388662623064,0.0077329265423261
1.38219807931287,0.486303389363189,-0.0792213167910109,0.663706456192666,-0.00824170789748153,0.106637456678835,-0.0076825104468117,-0.674501527083521,0.00786912342343549
1.39178382813373,0.486158175447188,-0.0797717696246402,0.663745318900958,-0.00831358322893153,0.106634968869831,-0.00774330906404508,-0.674614905166075,0.00800731368803026
1.40143605554534,0.486010661960933,-0.0803257098156728,0.663784579986474,-0.00838616776568933,0.106632327035788,-0.0078045943885169,-0.674728787451141,0.00814751763698873
1.4111552225866,0.485860816837758,-0.0808831494753646,0.6638242429335,-0.0084594690194961,0.106629527551024,-0.00786636931417298,-0.674843164258822,0.00828975557981471
1.42094179349378,0.485708607685927,-0.0814441005366136,0.663864311254442,-0.00853349458576862,0.106626566738786,-0.00792863672035826,-0.674958025648063,0.00843404783016083
1.43079623572268,0.485554001787662,-0.0820085747494365,0.663904788490051,-0.00860825214480795,0.1066234408711,-0.00799139947103533,-0.675073361415934,0.00858041470131315
1.440719019971,0.485396966098191,-0.0825765836764058,0.663945678209637,-0.00868374946303296,0.106620146168636,-0.00805466041399647,-0.675189161097,0.00872887650164034
1.45071062020079,0.485237467244824,-0.0831481386880467,0.663986984011281,-0.00875999439423941,0.106616678800585,-0.00811842238006942,-0.675305413962819,0.00887945353000846
1.46077151366109,0.485075471526046,-0.0837232509581912,0.66402870952204,-0.00883699488088487,0.106613034884549,-0.00818268818231712,-0.675422109021539,0.00903216607116664
1.47090218091073,0.484910944910639,-0.0843019314592918,0.664070858398145,-0.00891475895539946,0.106609210486433,-0.00824746061523146,-0.675539235017619,0.00918703439110435
1.48110310584131,0.484743853036822,-0.0848841909576913,0.66411343432519,-0.00899329474152373,0.106605201620366,-0.0083127424539217,-0.675656780431657,0.00934407873238774
1.49137477570027,0.484574161211411,-0.0854700400088498,0.66415644101831,-0.00907261045567265,0.106601004248617,-0.00837853645329726,-0.67577473348034,0.00950331930947224
1.50171768111418,0.484401834409015,-0.0860594889525266,0.664199882222359,-0.00915271440832757,0.106596614281536,-0.00844484534724543,-0.675893082116511,0.00966477630400037
1.5121323161122,0.484226837271235,-0.0866525479079173,0.664243761712069,-0.00923361500545541,0.1065920275775,-0.00851167184780425,-0.676011814029353,0.00982846986008634
1.52261917814963,0.484049134105903,-0.0872492267687445,0.664288083292201,-0.00931532074995584,0.106587239942875,-0.0085790186443305,-0.676130916644698,0.00999442007958889
1.53317876813171,0.483868688886332,-0.0878495351983011,0.664332850797691,-0.00939784024313674,0.106582247131986,-0.00864688840266337,-0.67625037712545,0.0101626470173796
1.54381159043753,0.483685465250594,-0.0884534826244464,0.664378068093777,-0.00948118218621866,0.106577044847108,-0.00871528376428398,-0.676370182372134,0.0103331706766082
1.55451815294413,0.48349942650082,-0.0890610782345505,0.664423739076118,-0.00956535538186749,0.10657162873846,-0.00878420734547061,-0.676490319023573,0.0105060110039689
1.56529896705074,0.483310535602519,-0.0896723309703906,0.6644698676709,-0.00965036873575723,0.106565994404217,-0.00885366173645038,-0.676610773457678,0.0106811878849703
1.57615454770323,0.48311875518393,-0.0902872495229946,0.664516457834928,-0.00973623125816168,0.106560137390536,-0.0089236495005475,-0.67673153179237,0.0108587211392176
1.58708541341869,0.482924047535381,-0.0909058423274308,0.664563513555701,-0.00982295206557655,0.10655405319159,-0.00899417317332785,-0.676852579886621,0.011038630515703
1.5980920863102,0.48272637460869,-0.0915281175575449,0.664611038851477,-0.00991054038237138,0.106547737249618,-0.00906523526174087,-0.676973903341624,0.0112209356881162
1.60917509211179,0.482525698016573,-0.0921540831206407,0.66465903777132,-0.00999900554247204,0.106541184954989,-0.00913683824325839,-0.677095487502086,0.0114056562501736
1.62033496020352,0.48232197903209,-0.0927837466521028,0.664707514395129,-0.0100883569910742,0.106534391646276,-0.00920898456501086,-0.67721731745764,0.0115928117109718
1.63157222363676,0.482115178588107,-0.0934171155099622,0.664756472833653,-0.0101786042863876,0.106527352610343,-0.00928167664292133,-0.677339378044393,0.0117824214903717
1.64288741915971,0.481905257276785,-0.0940541967694016,0.664805917228484,-0.0102697571014115,0.106520063082448,-0.00935491686083702,-0.677461653846585,0.0119745049144112
1.65428108724297,0.481692175349098,-0.0946949972171979,0.664855851752034,-0.0103618252257418,0.106512518246355,-0.00942870756965918,-0.677584129198381,0.0121690812107589
1.6657537721054,0.481475892714374,-0.0953395233461033,0.664906280607494,-0.0104548185674105,0.106504713234462,-0.00950305108647106,-0.67770678818578,0.0123661695042051
1.67730602174008,0.481256368939864,-0.0959877813491609,0.664957208028766,-0.0105487471547557,0.106496643127942,-0.00957794969366447,-0.677829614648653,0.0125657888121984
1.68893838794052,0.481033563250339,-0.0966397771139534,0.665008638280381,-0.0106436211383254,0.106488302956892,-0.00965340563806492,-0.677952592182891,0.0127679580404316
1.70065142632699,0.48080743452772,-0.0972955162167847,0.66506057565739,-0.0107394507928131,0.106479687700504,-0.00972942113005575,-0.678075704142685,0.0129726959784783
1.71244569637308,0.480577941310727,-0.0979550039167906,0.665113024485232,-0.0108362465190253,0.106470792287235,-0.0098059983427013,-0.678198933642916,0.0131800212954895
1.72432176143241,0.480345041794574,-0.0986182451499792,0.665165989119582,-0.010934018845883,0.106461611595009,-0.00988313941086943,-0.67832226356167,0.0133899525359468
1.73628018876552,0.480108693830682,-0.0992852445231966,0.66521947394617,-0.0110327784324555,0.10645214045141,-0.00996084643035342,-0.678445676542862,0.0136025081154834
1.74832154956701,0.479868854926435,-0.0999560063080187,0.665273483380573,-0.0111325360700272,0.106442373633907,-0.0100391214569937,-0.67856915499898,0.013817706316772
1.7604464189928,0.479625482244964,-0.100630534434564,0.665328021867984,-0.0112333026841983,0.106432305870078,-0.0101179665057993,-0.678692681113938,0.0140355652854861
1.77265537618758,0.479378532604973,-0.101308832485232,0.665383093882953,-0.011335089337018,0.106421931837854,-0.0101973835500693,-0.678816236846041,0.014256103026336
1.78494900431252,0.479127962480598,-0.101990903688352,0.665438703929096,-0.0114379072291521,0.106411246165776,-0.0102773745205149,-0.678939803931059,0.0144793373991875
1.79732789057308,0.478873728001306,-0.102676750911763,0.665494856538773,-0.0115417677020832,0.106400243433257,-0.0103579413043809,-0.679063363885408,0.0147052861152613
1.80979262624709,0.478615784951837,-0.103366376656292,0.665551556272743,-0.0116466822403458,0.106388918170864,-0.0104390857445689,-0.679186898009431,0.0149339667334227
1.82234380671297,0.478354088772188,-0.104059783049162,0.665608807719776,-0.0117526624737938,0.106377264860609,-0.0105208096387603,-0.679310387390788,0.0151653966565604
1.83498203147818,0.47808859455764,-0.104756971837304,0.665666615496242,-0.0118597201799032,0.106365277936257,-0.0106031147385404,-0.679433812907936,0.0153995931280615
1.84770790420785,0.477819257058832,-0.105457944380573,0.66572498424566,-0.011967867286107,0.106352951783636,-0.0106860027485233,-0.679557155233713,0.0156365732283826
1.86052203275364,0.477546030681888,-0.106162701644888,0.665783918638211,-0.0120771158721659,0.10634028074097,-0.0107694753254785,-0.679680394839009,0.0158763538717254
1.87342502918271,0.477268869488591,-0.10687124419526,0.665843423370223,-0.0121874781725707,0.106327259099217,-0.0108535340774576,-0.67980351199653,0.0161189518028134
1.88641750980704,0.47698772719661,-0.107583572188737,0.665903503163604,-0.0122989665789805,0.106313881102426,-0.0109381805629234,-0.67992648678465,0.0163643835937801
1.89950009521279,0.476702557179787,-0.108299685367244,0.665964162765252,-0.0124115936426931,0.106300140948095,-0.0110234162898796,-0.680049299091344,0.0166126656411654
1.91267341029,0.47641331246848,-0.109019583050329,0.666025406946415,-0.0125253720771505,0.106286032787553,-0.0111092427150028,-0.680171928618202,0.0168638141630278
1.92593808426241,0.476119945749972,-0.109743264127805,0.666087240502014,-0.0126403147604766,0.106271550726346,-0.0111956612427752,-0.680294354884522,0.017117845196173
1.93929475071751,0.475822409368934,-0.110470727052283,0.666149668249922,-0.0127564347380499,0.106256688824636,-0.01128267322462,-0.680416557231471,0.017374774593501
1.95274404763682,0.475520655327971,-0.111201969831613,0.6662126950302,-0.0128737452251085,0.106241441097616,-0.0113702799580376,-0.680538514826321,0.0176346180214775
1.96628661742637,0.475214635288224,-0.111936990021208,0.666276325704293,-0.0129922596093892,0.106225801515928,-0.0114584826857445,-0.680660206666747,0.0178973909577292
1.97992310694735,0.474904300570055,-0.112675784716262,0.66634056515417,-0.0131119914537988,0.106209764006102,-0.0115472825948134,-0.680781611585184,0.0181631086887645
1.99365416754703,0.474589602153806,-0.113418350543863,0.666405418281428,-0.0132329544991194,0.106193322451,-0.0116366808158161,-0.680902708253251,0.0184317863078267
2.00748045508988,0.474270490680641,-0.114164683654987,0.666470890006339,-0.0133551626667458,0.106176470690274,-0.0117266784219672,-0.681023475186213,0.0187034387128764
2.0214026299889,0.473946916453468,-0.114914779716384,0.666536985266855,-0.0134786300614552,0.106159202520835,-0.0118172764282712,-0.681143890747509,0.0189780806047071
2.03542135723711,0.473618829437957,-0.115668633902354,0.666603709017552,-0.01360337097421,0.10614151169733,-0.0119084757906707,-0.681263933153309,0.0192557264851992
2.0495373064394,0.473286179263641,-0.116426240886394,0.666671066228532,-0.0137293998849911,0.106123391932639,-0.0120002774051974,-0.681383580477124,0.0195363906557057
2.06375115184445,0.47294891522512,-0.117187594832746,0.666739061884264,-0.0138567314656647,0.106104836898371,-0.0120926821071242,-0.681502810654442,0.0198200872155809
2.07806357237695,0.472606986283366,-0.11795268938781,0.666807700982375,-0.0139853805828783,0.106085840225383,-0.0121856906701211,-0.681621601487405,0.0201068300608471
2.09247525167004,0.472260341067123,-0.118721517671451,0.666876988532379,-0.0141153623009896,0.106066395504299,-0.0122793038054116,-0.6817399306495,0.0203966328830013
2.10698687809795,0.471908927874432,-0.119494072268179,0.666946929554352,-0.0142466918850242,0.106046496286051,-0.0123735221609321,-0.681857775690285,0.020689509167965
2.12159914480891,0.471552694674255,-0.120270345218209,0.667017529077546,-0.0143793848036648,0.106026136082419,-0.0124683463204936,-0.681975114040127,0.0209854721951769
2.1363127497582,0.471191589108223,-0.121050328008403,0.667088792138947,-0.0145134567322686,0.106005308366595,-0.0125637768029449,-0.682091923014949,0.0212845350368286
2.15112839574156,0.47082555849251,-0.121834011563086,0.667160723781762,-0.0146489235559154,0.105984006573749,-0.0126598140613384,-0.682208179820993,0.0215867105572449
2.1660467904287,0.470454549819834,-0.122621386234737,0.667233329053845,-0.0147858013724828,0.105962224101607,-0.0127564584820979,-0.682323861559577,0.0218920114124073
2.18106864639712,0.470078509761583,-0.123412441794566,0.667306613006069,-0.0149241064957504,0.105939954311042,-0.0128537103841886,-0.682438945231863,0.0222004500496242
2.19619468116618,0.469697384670092,-0.124207167422957,0.66738058069061,-0.0150638554585309,0.105917190526678,-0.0129515700182886,-0.682553407743603,0.0225120387073437
2.21142561723131,0.469311120581052,-0.125005551699791,0.667455237159187,-0.0152050650158284,0.105893926037501,-0.0130500375659635,-0.682667225909889,0.0228267894151123
2.22676218209858,0.468919663216076,-0.12580758259465,0.667530587461209,-0.0153477521480229,0.105870154097481,-0.0131491131388416,-0.682780376459878,0.0231447139936781
2.24220510831939,0.468522957985416,-0.126613247456889,0.66760663664187,-0.0154919340640792,0.10584586792621,-0.0132487967777924,-0.682892836041499,0.0234658240552357
2.25775513352553,0.468120949990836,-0.127422533005591,0.667683389740159,-0.0156376282047822,0.105821060709546,-0.0133490884521061,-0.683004581226133,0.023790131003817
2.27341300046436,0.467713584028657,-0.128235425319397,0.667760851786799,-0.0157848522459945,0.105795725600271,-0.0134499880586754,-0.68311558851327,0.0241176460358226
2.28917945703428,0.467300804592973,-0.129051909826211,0.667839027802115,-0.0159336241019382,0.10576985571876,-0.0135514954211792,-0.68322583433512,0.024448380140695
2.30505525632052,0.466882555879037,-0.129871971292789,0.667917922793814,-0.0160839619284979,0.105743444153661,-0.0136536102892674,-0.683335295061195,0.0247823441017319
2.32104115663104,0.466458781786835,-0.130695593814202,0.667997541754698,-0.0162358841265461,0.105716483962587,-0.0137563323377487,-0.68344394700284,0.025119548497039
2.33713792153279,0.466029425924853,-0.131522760803185,0.668077889660283,-0.0163894093452882,0.105688968172816,-0.0138596611657789,-0.683551766417719,0.0254600037006197
2.35334631988814,0.465594431614031,-0.132353454979358,0.668158971466349,-0.0165445564856269,0.105660889782014,-0.0139635962960518,-0.683658729514247,0.0258037198836011
2.36966712589169,0.465153741891925,-0.133187658358345,0.668240792106397,-0.0167013447035454,0.105632241758955,-0.014068137173991,-0.683764812455965,0.0261507070155935
2.38610111910714,0.464707299517073,-0.134025352240762,0.668323356489021,-0.0168597934135069,0.105603017044262,-0.014173283166944,-0.68386999136585,0.0265009748661832
2.40264908450462,0.464255046973577,-0.134866517201104,0.668406669495196,-0.0170199222918714,0.10557320855116,-0.0142790335633774,-0.683974242330565,0.0268545330065539
2.41931181249812,0.463796926475906,-0.135711133076513,0.668490735975478,-0.0171817512803263,0.105542809166241,-0.0143853875720741,-0.684077541404632,0.0272113908112374
2.43609009898327,0.463332879973924,-0.136559178955442,0.668575560747104,-0.017345300589331,0.105511811750237,-0.0144923443213316,-0.684179864614533,0.0275715574599886
2.45298474537537,0.462862849158154,-0.137410633166211,0.668661148591012,-0.017510590701574,0.105480209138812,-0.014599902858162,-0.684281187962734,0.0279350419397846
2.46999655864764,0.462386775465281,-0.138265473265459,0.66874750424876,-0.0176776423754412,0.105447994143364,-0.0147080621474939,-0.684381487431623,0.028301853046944
2.48712635136979,0.4619046000839,-0.139123676026494,0.668834632419348,-0.0178464766484931,0.105415159551842,-0.0148168210713756,-0.684480738987367,0.0286719993893624
2.50437494174681,0.461416263960523,-0.139985217427546,0.668922537755949,-0.0180171148409509,0.105381698129573,-0.0149261784281794,-0.684578918583669,0.0290454893888646
2.52174315365806,0.460921707805842,-0.14085007263993,0.669011224862532,-0.0181895785591886,0.105347602620108,-0.0150361329318082,-0.684676002165441,0.0294223312836673
2.53923181669665,0.460420872101257,-0.141718216016112,0.669100698290393,-0.0183638896992307,0.105312865746075,-0.0151466832109036,-0.684771965672374,0.0298025331309505
2.55684176620901,0.459913697105683,-0.142589621077694,0.66919096253458,-0.0185400704502533,0.105277480210057,-0.0152578278080552,-0.684866785042409,0.0301861028095342
2.57457384333485,0.459400122862638,-0.143464260503309,0.669282022030209,-0.0187181432980863,0.105241438695472,-0.0153695651790117,-0.684960436215104,0.0305730480226572
2.59242889504728,0.45888008920761,-0.144342106116449,0.669373881148683,-0.018898131028717,0.105204733867478,-0.0154818936918944,-0.685052895134891,0.0309633763008547
2.61040777419332,0.458353535775728,-0.145223128873206,0.669466544193798,-0.0190800567317901,0.105167358373888,-0.0155948116264119,-0.685144137754224,0.0313570950049293
2.6285113395346,0.45782040200973,-0.146107298849956,0.669560015397741,-0.0192639438041063,0.105129304846102,-0.0157083171730767,-0.685234140036616,0.0317542113290152
2.64674045578839,0.457280627168235,-0.146994585230974,0.669654298916975,-0.0194498159531123,0.105090565900056,-0.0158224084324245,-0.685322877959556,0.0321547323037281
2.6650959936689,0.456734150334338,-0.147884956295987,0.669749398828018,-0.0196376972003866,0.105051134137183,-0.0159370834142349,-0.685410327517311,0.0325586647994006
2.68357882992886,0.456180910424518,-0.148778379407684,0.669845319123098,-0.0198276118851134,0.105011002145399,-0.016052340036755,-0.685496464723599,0.0329660155293955
2.70218984740145,0.455620846197877,-0.149674820999173,0.669942063705705,-0.0200195846675454,0.104970162500095,-0.0161681761259247,-0.685581265614151,0.0333767910534963
2.72092993504239,0.455053896265718,-0.150574246561395,0.670039636386011,-0.0202136405324525,0.104928607765156,-0.0162845894146061,-0.685664706249134,0.0337909977813685
2.73979998797246,0.454479999101454,-0.151476620630511,0.670138040876184,-0.0204098047925547,0.104886330493992,-0.0164015775418137,-0.685746762715454,0.0342086419760894
2.75880090752022,0.453899093050877,-0.152381906775258,0.670237280785573,-0.0206081030919358,0.104843323230592,-0.0165191380519494,-0.685827411128924,0.034629729757741
2.77793360126509,0.45331111634277,-0.153290067584284,0.670337359615775,-0.0208085614094372,0.104799578510587,-0.0166372683940399,-0.685906627636306,0.0350542671070619
2.79719898308069,0.452716007099886,-0.15420106465347,0.670438280755581,-0.0210112060620263,0.104755088862346,-0.0167559659209776,-0.685984388417215,0.0354822598691551
2.81659797317847,0.452113703350295,-0.155114858573254,0.670540047475785,-0.0212160637081416,0.104709846808077,-0.0168752278887655,-0.686060669685887,0.0359137137572462
2.83613149815172,0.451504143039096,-0.156031408915942,0.670642662923883,-0.0214231613510067,0.10466384486496,-0.0169950514557664,-0.686135447692816,0.0363486343564878
2.85580049101974,0.450887264040519,-0.156950674223048,0.670746130118632,-0.0216325263419146,0.10461707554629,-0.0171154336819558,-0.686208698726246,0.0367870271278067
2.87560589127251,0.450263004170403,-0.157872611992637,0.670850451944484,-0.0218441863834774,0.104569531362649,-0.0172363715281804,-0.686280399113534,0.0372288974117896
2.89554864491548,0.44963130119907,-0.158797178666709,0.670955631145888,-0.0220581695328388,0.104521204823093,-0.0173578618554207,-0.686350525222363,0.0376742504326
2.91562970451479,0.448992092864596,-0.15972432961861,0.671061670321462,-0.0222745042048478,0.104472088436361,-0.0174799014240603,-0.686419053461821,0.0381230913019275
2.93585002924278,0.44834531688648,-0.160654019140496,0.671168571918028,-0.0224932191751881,0.104422174712113,-0.0176024868931599,-0.68648596028334,0.0385754250229595
2.95621058492378,0.447690910979727,-0.161586200430848,0.671276338224516,-0.0227143435834631,0.104371456162178,-0.0177256148197381,-0.686551222181488,0.0390312564943738
2.97671234408028,0.447028812869337,-0.162520825582056,0.671384971365728,-0.022937906936231,0.104319925301836,-0.0178492816580594,-0.686614815694623,0.0394905905143497
2.99735628597932,0.446358960305218,-0.163457845568076,0.67149447329597,-0.0231639391099878,0.104267574651116,-0.0179734837589291,-0.686676717405408,0.0399534317845863
3.01814339667932,0.44568129107752,-0.164397210232178,0.671604845792541,-0.0233924703540953,0.104214396736124,-0.0180982173689954,-0.686736903941174,0.0404197849143342
3.03907466907719,0.444995743032398,-0.165338868274785,0.671716090449083,-0.0236235312936494,0.104160384090384,-0.0182234786300613,-0.686795351974153,0.0408896544244248
3.06015110295567,0.4443022540882,-0.166282767241427,0.671828208668795,-0.0238571529322866,0.104105529256217,-0.0183492635784039,-0.68685203822156,0.041363044751303
3.08137370503119,0.443600762252106,-0.167228853510807,0.671941201657502,-0.0240933666549249,0.104049824786134,-0.0184755681441039,-0.686906939445541,0.0418399602510522
3.10274348900188,0.442891205637194,-0.168177072283004,0.672055070416581,-0.0243322042304342,0.103993263244261,-0.0186023881503857,-0.686960032452971,0.0423204052034112
3.12426147559604,0.442173522479957,-0.169127367567818,0.672169815735747,-0.0245736978142342,0.103935837207784,-0.018729719312967,-0.687011294095121,0.0428043838157768
3.14592869262085,0.441447651158265,-0.170079682173266,0.672285438185692,-0.0248178799508162,0.103877539268426,-0.0188575572394211,-0.687060701267179,0.0432919002271895
3.16774617501149,0.440713530209785,-0.171033957694255,0.672401938110581,-0.0250647835761823,0.103818362033941,-0.0189858974285509,-0.687108230907635,0.0437829585122974
3.18971496488059,0.439971098350844,-0.171990134501422,0.672519315620406,-0.0253144420202016,0.103758298129647,-0.0191147352697754,-0.687153859997529,0.0442775626852953
3.21183611156796,0.439220294495764,-0.172948151730183,0.672637570583185,-0.0255668890088768,0.103697340199977,-0.0192440660425305,-0.687197565559558,0.0447757167038322
3.23411067169074,0.438461057776639,-0.173907947269974,0.672756702617023,-0.0258221586665185,0.103635480910056,-0.0193738849156843,-0.687239324657051,0.0452774244728885
3.25653970919388,0.437693327563593,-0.174869457753722,0.672876711082028,-0.026080285517823,0.103572712947314,-0.0195041869469667,-0.68727911439281,0.0457826898486139
3.27912429540095,0.436917043485482,-0.175832618547548,0.672997595072069,-0.0263413044898476,0.103509029023121,-0.0196349670824167,-0.687316911907814,0.0462915166421259
3.30186550906528,0.43613214545108,-0.176797363740715,0.673119353406397,-0.026605250913883,0.103444421874447,-0.0197662201558451,-0.687352694379799,0.0468039086232628
3.32476443642155,0.435338573670717,-0.177763626135843,0.673241984621116,-0.0268721605272136,0.10337888426556,-0.0198979408883166,-0.687386439021699,0.0473198695242895
3.3478221712376,0.434536268678391,-0.178731337239398,0.673365486960503,-0.0271420694747651,0.103312408989741,-0.0200301238876497,-0.687418123079962,0.047839403043552
3.37103981486675,0.433725171354344,-0.179700427252474,0.673489858368186,-0.0274150143106333,0.103244988871039,-0.0201627636479367,-0.687447723832749,0.048362512849077
3.39441847630035,0.43290522294811,-0.180670825061878,0.67361509647817,-0.0276910319994892,0.103176616766045,-0.0202958545490851,-0.687475218587991,0.0488892025821127
3.41795927222076,0.432076365102027,-0.181642458231546,0.67374119860572,-0.0279701599178574,0.103107285565703,-0.0204293908563797,-0.687500584681338,0.0494194758606087
3.44166332705473,0.431238539875216,-0.182615252994289,0.673868161738093,-0.0282524358552608,0.103036988197141,-0.0205633667200689,-0.687523799473977,0.0499533362826323
3.46553177302703,0.430391689768021,-0.183589134243891,0.673995982525129,-0.028537898015229,0.102965717625545,-0.0206977761749738,-0.687544840350344,0.0504907874297157
3.48956575021462,0.429535757746923,-0.184564025527586,0.674124657269692,-0.0288265850161638,0.102893466856044,-0.0208326131401231,-0.687563684715702,0.0510318328701334
3.51376640660105,0.428670687269907,-0.185539849038905,0.67425418191797,-0.0291185358920595,0.102820228935643,-0.0209678714184133,-0.687580309993621,0.0515764761621062
3.53813489813128,0.427796422312288,-0.186516525610941,0.674384552049628,-0.0294137900930686,0.102745996955172,-0.0211035446962978,-0.687594693623338,0.0521247208569297
3.56267238876697,0.426912907392999,-0.187493974710018,0.674515762867815,-0.0297123874859136,0.102670764051269,-0.0212396265435021,-0.687606813057006,0.0526765705020223
3.58738005054197,0.426020087601326,-0.188472114429801,0.674647809189043,-0.0300143683541352,0.102594523408393,-0.0213761104127709,-0.687616645756841,0.0532320286438931
3.61225906361841,0.425117908624093,-0.189450861485858,0.674780685432904,-0.0303197733981739,0.102517268260863,-0.0215129896396444,-0.687624169192159,0.0537910988310254
3.63731061634298,0.424206316773295,-0.190430131210686,0.674914385611669,-0.0306286437352796,0.10243899189493,-0.0216502574422679,-0.687629360836312,0.0543537846166732
3.66253590530377,0.423285259014162,-0.191409837549222,0.675048903319731,-0.0309410208992442,0.102359687650871,-0.0217879069212336,-0.687632198163528,0.0549200895615709
3.68793613538733,0.42235468299367,-0.192389893054861,0.675184231722927,-0.0312569468399514,0.102279348925123,-0.0219259310594575,-0.687632658645644,0.0554900172365485
3.71351251983634,0.421414537069459,-0.193370208885988,0.675320363547714,-0.0315764639227393,0.102197969172428,-0.0220643227220923,-0.687630719748754,0.0560635712250578
3.73926628030746,0.420464770339197,-0.194350694803045,0.675457291070219,-0.0318996149275689,0.102115541908024,-0.0222030746564773,-0.687626358929759,0.0566407551256006
3.76519864692972,0.419505332670338,-0.19533125916616,0.675595006105157,-0.0322264430479959,0.102032060709849,-0.0223421794921262,-0.687619553632827,0.0572215725540604
3.7913108583633,0.418536174730296,-0.196311808933339,0.675733499994623,-0.0325569918899374,0.10194751922078,-0.0224816297407555,-0.687610281285766,0.0578060271459359
3.81760416185865,0.417557248017011,-0.197292249659246,0.67587276359675,-0.0328913054702306,0.101861911150897,-0.0226214177963532,-0.687598519296316,0.0583941225584732
3.84407981331609,0.416568504889916,-0.198272485494599,0.676012787274257,-0.0332294282149765,0.101775230279768,-0.0227615359352906,-0.687584245048354,0.0589858624726952
3.87073907734582,0.415569898601263,-0.199252419186174,0.676153560882865,-0.0335714049576638,0.101687470458768,-0.0229019763164772,-0.68756743589802,0.0595812505953278
3.89758322732826,0.414561383327838,-0.200231952077466,0.676295073759605,-0.0339172809370683,0.101598625613415,-0.0230427309815611,-0.687548069169772,0.0601802906606194
3.92461354547494,0.413542914203027,-0.201210984109994,0.676437314711,-0.034267101794921,0.101508689745734,-0.023183791855176,-0.687526122152354,0.0607829864320549
3.95183132288971,0.412514447349224,-0.202189413825293,0.676580272001152,-0.0346209135733402,0.101417656936642,-0.0233251507452351,-0.687501572094711,0.0613893417039594
3.97923785963041,0.411475939910581,-0.203167138367586,0.676723933339703,-0.0349787627120231,0.101325521348358,-0.0234667993432756,-0.687474396201816,0.0619993603029945
4.00683446477099,0.410427350086084,-0.204144053487183,0.676868285869709,-0.0353406960451887,0.101232277226834,-0.0236087292248524,-0.687444571630444,0.0626130460895412
4.03462245646401,0.409368637162922,-0.205120053544588,0.677013316155401,-0.035706760798271,0.101137918904204,-0.0237509318499844,-0.687412075484875,0.0632304029589739
4.06260316200361,0.408299761550175,-0.206095031515365,0.677159010169855,-0.0360770045843526,0.101042440801255,-0.0238933985636539,-0.68737688481254,0.063851434842818
4.09077791788892,0.40722068481276,-0.207068878995756,0.677305353282575,-0.036451475400336,0.100945837429918,-0.0240361205963602,-0.687338976599604,0.0644761457097965
4.11914806988789,0.406131369705656,-0.20804148620908,0.677452330246977,-0.0368302216228479,0.100848103395775,-0.0241790890647298,-0.6872983277665,0.0651045395667595
4.14771497310157,0.405031780208377,-0.209012742012924,0.677599925187798,-0.037213292003868,0.100749233400578,-0.0243222949721831,-0.687254915163399,0.0657366204595001
4.17647999202884,0.403921881559671,-0.209982533907143,0.677748121588426,-0.0376007356660808,0.100649222244798,-0.0244657292096601,-0.687208715565639,0.0663723924734512
4.20544450063156,0.402801640292444,-0.210950748042687,0.677896902278151,-0.0379926020979428,0.100548064830165,-0.0246093825564053,-0.6871597056691,0.0670118597342671
4.23460988240025,0.401671024268872,-0.211917269231272,0.678046249419359,-0.0383889411484607,0.100445756162245,-0.0247532456808147,-0.687107862085534,0.0676550264082871
4.26397753042013,0.400530002715699,-0.212881980955899,0.678196144494646,-0.0387898030216769,0.10034229135301,-0.0248973091413439,-0.687053161337851,0.0683018967028795
4.29354884743766,0.399378546259689,-0.213844765382253,0.678346568293893,-0.0391952382708536,0.100237665623428,-0.0250415633874806,-0.686995579855365,0.0689524748666671
4.32332524592758,0.398216626963223,-0.214805503370984,0.678497500901277,-0.039605297792356,0.100131874306057,-0.0251859987607817,-0.686935093969,0.0696067651896337
4.35330814816033,0.397044218360011,-0.21576407449089,0.678648921682236,-0.040020032819224,0.100024912847647,-0.0253306054959758,-0.686871679906456,0.0702647720031099
4.38349898627002,0.395861295490898,-0.216720357033014,0.678800809270404,-0.0404394949144329,0.0999167768117496,-0.0254753737221337,-0.686805313787349,0.070926499679639
4.41389920232282,0.394667834939753,-0.217674228025663,0.678953141554505,-0.0408637359638345,0.0998074618813241,-0.0256202934639057,-0.686735971618309,0.0715919526327221
4.44451024838583,0.393463814869405,-0.21862556325038,0.67910589566522,-0.0412928081687766,0.0996969638613545,-0.0257653546428299,-0.686663629288059,0.0722611353164418
4.47533358659646,0.392249215057605,-0.219574237258855,0.679259047962034,-0.0417267640383954,0.0995852786814595,-0.0259105470787088,-0.686588262562452,0.0729340522249654
4.50637068923228,0.391024016933,-0.220520123390812,0.679412574020077,-0.0421656563815757,0.0994724023985038,-0.0260558604910587,-0.686509847079498,0.0736107078919247
4.53762303878129,0.389788203611082,-0.221463093792861,0.679566448616948,-0.0426095382985779,0.0993583311992045,-0.0262012845006305,-0.686428358344354,0.0742911068896768
4.56909212801278,0.388541759930095,-0.222403019438352,0.679720645719547,-0.0430584631723234,0.099243061402732,-0.026346808631004,-0.686343771724306,0.0749752538284405
4.60077946004862,0.387284672486863,-0.22333977014821,0.679875138470915,-0.0435124846593382,0.0991265894633026,-0.0264924223102553,-0.686256062443714,0.0756631533553116
4.63268654843505,0.386016929672529,-0.224273214612787,0.680029899177089,-0.0439716566803487,0.0990089119727617,-0.0266381148727001,-0.686165205578959,0.0763548101531555
4.66481491721498,0.384738521708161,-0.225203220414729,0.680184899293979,-0.044436033410528,0.0988900256631545,-0.0267838755607118,-0.686071176053361,0.0770502289393783
4.69716610100076,0.383449440680213,-0.226129654052859,0.680340109414283,-0.0449056692693869,0.0987699274092822,-0.0269296935266155,-0.685973948632087,0.0777494144645734
4.72974164504755,0.382149680575792,-0.227052380967103,0.680495499254439,-0.0453806189103091,0.0986486142312416,-0.0270755578346591,-0.685873497917049,0.0784523715110481
4.76254310532705,0.380839237317727,-0.227971265564441,0.680651037641625,-0.0458609372097254,0.0985260832969463,-0.027221457463062,-0.685769798341792,0.0791591048912251
4.79557204860185,0.379518108799383,-0.228886171245914,0.680806692500817,-0.0463466792559253,0.0984023319246258,-0.0273673813061408,-0.68566282416637,0.0798696194459228
4.82883005250031,0.378186294919222,-0.229796960434668,0.680962430841916,-0.0468379003375029,0.0982773575853011,-0.0275133181765139,-0.685552549472224,0.0805839200425121
4.86231870559183,0.376843797615046,-0.230703494605063,0.681118218746948,-0.0473346559314345,0.0981511579052345,-0.0276592568073845,-0.685438948157043,0.0813020115729497
4.89603960746281,0.375490620897916,-0.231605634312827,0.681274021357346,-0.0478370016907861,0.0980237306683505,-0.0278051858549021,-0.685321993929635,0.0820238989516901
4.92999436879299,0.374126770885703,-0.232503239226277,0.681429802861334,-0.0483449934320488,0.0978950738186246,-0.0279510939006033,-0.685201660304787,0.0827495871134726
4.96418461143244,0.372752255836247,-0.233396168158597,0.6815855264814,-0.0488586871221,0.0977651854624397,-0.0280969694539317,-0.68507792059813,0.0834790810109866
4.99861196847899,0.371367086180084,-0.234284279101176,0.681741154461896,-0.049378138864788,0.0976340638709048,-0.0282428009548371,-0.684950747921008,0.0842123856124129
5.03327808435624,0.36997127455271,-0.23516742925801,0.681896648056752,-0.049903404887142,0.0975017074821355,-0.0283885767764536,-0.684820115175343,0.0849495058988417
5.06818461489212,0.368564835826352,-0.236045475081159,0.682051967517321,-0.050434541525202,0.0973681149034915,-0.0285342852278565,-0.684685995048514,0.085690446861568
5.10333322739797,0.367147787141212,-0.236918272307264,0.682207072080374,-0.0509716052094711,0.0972332849137707,-0.0286799145568983,-0.684548360008237,0.0864352134992624
5.13872560074817,0.365720147936142,-0.237785675995112,0.682361919956237,-0.0515146524499883,0.0970972164653551,-0.0288254529531231,-0.684407182297451,0.0871838108150191
5.17436342546036,0.364281939978733,-0.23864754056426,0.6825164683171,-0.0520637398210221,0.0969599086863071,-0.0289708885507587,-0.684262433929224,0.0879362438132791
5.21024840377617,0.362833187394759,-0.239503719834687,0.682670673285486,-0.0526189239453844,0.0968213608824124,-0.0291162094317864,-0.684114086681656,0.088692517496631
5.24638224974252,0.361373916696969,-0.240354067067494,0.68282448992292,-0.0531802614783656,0.0966815725391677,-0.0292614036290876,-0.683962112092805,0.089452636862486
5.2827666892935,0.359904156813168,-0.241198435006628,0.682977872218776,-0.0537478090912915,0.0965405433237092,-0.0294064591296665,-0.683806481455625,0.0902166068996297
5.31940346033281,0.358423939113567,-0.242036675921622,0.683130773079333,-0.0543216234547017,0.0963982730866799,-0.0295513638779482,-0.683647165812914,0.0909844325846481
5.35629431281677,0.356933297437364,-0.242868641651346,0.683283144317051,-0.0549017612211532,0.0962547618640332,-0.0296961057791514,-0.683484135952283,0.0917561188782304
5.39344100883792,0.355432268118514,-0.243694183648754,0.683434936640064,-0.0554882790076485,0.0961100098787676,-0.029840672702734,-0.683317362401145,0.0925316707213452
5.43084532270915,0.353920890010666,-0.244513153026618,0.683586099641916,-0.0560812333776899,0.0959640175425939,-0.0299850524859112,-0.683146815421718,0.0933110930312914
5.4685090410485,0.352399204511215,-0.245325400604228,0.683736581791534,-0.0566806808229655,0.0958167854575267,-0.0301292329372452,-0.682972465006053,0.0940943906976243
5.50643396286443,0.350867255584452,-0.246130776955044,0.683886330423474,-0.0572866777446636,0.0956683144174028,-0.0302732018403034,-0.682794280871082,0.0948815685779541
5.54462189964184,0.349325089783761,-0.246929132455295,0.684035291728419,-0.0578992804344253,0.0955186054093188,-0.0304169469573856,-0.682612232453691,0.095672631493619
5.58307467542852,0.347772756272844,-0.247720317333494,0.684183410743968,-0.0585185450549323,0.0953676596149886,-0.0305604560333178,-0.682426288905818,0.0964675842252301
5.6217941269223,0.346210306845924,-0.248504181720847,0.684330631345707,-0.0591445276201367,0.0952154784120163,-0.0307037167993108,-0.682236419089577,0.0972664315080896
5.66078210355879,0.344637795946905,-0.249280575702555,0.684476896238587,-0.0597772839751357,0.0950620633750819,-0.0308467169768814,-0.682042591572408,0.0980691780274808
5.70004046759971,0.343055280687442,-0.250049349369969,0.684622146948611,-0.0604168697756958,0.0949074162770376,-0.030989444281836,-0.681844774622258,0.0988758284138292
5.73957109422183,0.341462820863904,-0.250810352873577,0.684766323814843,-0.0610633404674307,0.094751539089911,-0.0311318864283123,-0.681642936202794,0.0996863872377346
5.77937587160657,0.339860478973181,-0.251563436476813,0.684909365981751,-0.0617167512646369,0.094594433985814,-0.0312740311328788,-0.681437043968647,0.100500859004873
5.81945670103016,0.338248320227313,-0.252308450610643,0.685051211391891,-0.0623771571287935,0.094436103337753,-0.0314158661186884,-0.681227065260688,0.101319248150769
5.85981549695445,0.336626412566903,-0.253045245928912,0.685191796778952,-0.0630446127467318,0.0942765497203393,-0.0315573791196852,-0.681012967101338,0.102141559035437
5.90045418711838,0.334994826673286,-0.25377367336443,0.685331057661158,-0.0637191725084786,0.094115775910396,-0.0316985578848603,-0.680794716189924,0.102967795937887
5.94137471263004,0.33335363597942,-0.254493584185747,0.68546892833505,-0.0644008904847822,0.0939537848874604,-0.0318393901825564,-0.68057227889806,0.103797963050506
5.9825790280594,0.331702916679473,-0.255204830054612,0.685605341869651,-0.0650898204043243,0.0937905798341771,-0.0319798638048152,-0.680345621265075,0.104632064473294
6.02406910153166,0.330042747737073,-0.255907263084058,0.685740230101029,-0.0657860156306292,0.0936261641365823,-0.0321199665717684,-0.680114708993483,0.105470104207981
6.06584691482126,0.328373210892192,-0.256600735897108,0.685873523627262,-0.066489529138672,0.093460541384275,-0.032259686336066,-0.679879507444498,0.106312086151991
6.10791446344653,0.326694390666639,-0.257285101686036,0.686005151803822,-0.0672004134911983,0.093293715370473,-0.0323990109873421,-0.679639981633583,0.107158014092289
6.15027375676503,0.325006374368136,-0.257960214272178,0.686135042739384,-0.06791872081476,0.093125690091953,-0.032537928456712,-0.679396096226059,0.108007891699073
6.19292681806951,0.32330925209294,-0.25862592816623,0.686263123292065,-0.0686445027754772,0.0929564697488709,-0.0326764267212996,-0.679147815532758,0.108861722519344
6.23587568468454,0.321603116727009,-0.259282098629021,0.686389319066109,-0.0693778105545339,0.0927860587444624,-0.0328144938087908,-0.67889510350572,0.109719509970326
6.27912240806387,0.319888063945656,-0.25992858173269,0.686513554409033,-0.0701186948234164,0.0926144616846195,-0.0329521178020096,-0.678637923733954,0.110581257332751
6.32266905388835,0.318164192211701,-0.260565234422261,0.686635752409219,-0.0708672057189038,0.0924416833773436,-0.033089286843513,-0.678376239439241,0.111446967744001
6.36651770216467,0.316431602772076,-0.261191914577549,0.686755834893993,-0.07162339281782,0.0922677288320722,-0.0332259891402019,-0.678110013472004,0.112316644191116
6.41067044732463,0.314690399652873,-0.261808481075365,0.686873722428172,-0.0723873051115564,0.0920926032588777,-0.0333622129679439,-0.677839208307231,0.113190289503644
6.45512939832527,0.312940689652811,-0.262414793851979,0.6869893343131,-0.0731589909803765,0.0919163120675377,-0.0334979466762036,-0.677563786040461,0.11406790634636
6.49989667874954,0.311182582335109,-0.263010713965788,0.687102588586187,-0.0739384981675113,0.0917388608664742,-0.033633178692677,-0.677283708383828,0.114949497211839
6.54497442690774,0.309416190017746,-0.263596103660153,0.687213402020937,-0.0747258737530576,0.0915602554615618,-0.0337678975279266,-0.676998936662179,0.115835064412872
6.5903647959397,0.307641627762089,-0.264170826426353,0.687321690127502,-0.0755211641276881,0.0913805018548029,-0.0339020917800122,-0.676709431809254,0.116724610074749
6.63606995391757,0.30585901335988,-0.264734747066612,0.687427367153738,-0.0763244149661868,0.0911996062428699,-0.0340357501391134,-0.676415154363938,0.11761813612738
6.68209208394941,0.304068467318574,-0.265287731757148,0.687530346086797,-0.0771356712008185,0.0910175750155119,-0.03416886139214,-0.676116064466581,0.118515644297281
6.72843338428345,0.302270112845004,-0.265829648111195,0.687630538655242,-0.0779549769945463,0.090834414753828,-0.0343014144273265,-0.675812121855409,0.119417136099393
6.77509606841313,0.300464075827373,-0.266360365241959,0.687727855331703,-0.0787823757141076,0.0906501322284035,-0.0344333982388047,-0.67550328586299,0.120322612828764
6.82208236518274,0.298650484815569,-0.266879753825445,0.687822205336071,-0.0796179099029601,0.0904647343973113,-0.0345648019311516,-0.675189515412805,0.121232075552066
6.86939451889399,0.296829470999787,-0.267387686163107,0.687913496639248,-0.080461621254112,0.0902782284039765,-0.0346956147239082,-0.674870769015886,0.122145525098969
6.91703478941313,0.29500116818746,-0.267884036244277,0.688001635967435,-0.0813135505828459,0.0900906215749054,-0.0348258259560632,-0.674547004767549,0.123062962053348
6.96500545227891,0.293165712778493,-0.268368679808321,0.688086528806995,-0.0821737377993531,0.0899019214172778,-0.0349554250904989,-0.674218180344217,0.123984386744342
7.0133087988113,0.291323243738809,-0.268841494406455,0.688168079409869,-0.0830422218812852,0.0897121356164039,-0.0350844017183934,-0.673884253000335,0.124909799237255
7.06194713622089,0.289473902572191,-0.269302359463194,0.688246190799555,-0.0839190408462425,0.0895212720330455,-0.035212745563576,-0.673545179565384,0.125839199324292
7.11092278771915,0.287617833290434,-0.269751156337359,0.688320764777664,-0.0848042317242062,0.0893293387006025,-0.0353404464868291,-0.673200916440995,0.126772586515143
7.16023809262934,0.285755182381816,-0.270187768382597,0.688391701931045,-0.0856978305299315,0.0891363438221649,-0.0354674944901344,-0.672851419598164,0.127709960027403
7.20989540649828,0.283886098777879,-0.270612081007376,0.688458901639486,-0.0865998722353138,0.0889422957674323,-0.0355938797208568,-0.672496644574578,0.128651318776829
7.25989710120885,0.282010733818539,-0.27102398173437,0.688522262083995,-0.0875103907417396,0.0887472030695001,-0.0357195924758629,-0.672136546472055,0.129596661367437
7.31024556509332,0.28012924121554,-0.271423360259215,0.688581680255656,-0.0884294188524382,0.0885510744215156,-0.0358446232055684,-0.671771079954093,0.130545986081431
7.36094320304735,0.278241777014247,-0.271810108508557,0.68863705196508,-0.089356988244845,0.0883539186732043,-0.0359689625179105,-0.671400199243543,0.131499290868979
7.41199243664497,0.276348499553807,-0.272184120697363,0.688688271852419,-0.0902931294429924,0.0881557448272681,-0.0360926011822402,-0.671023858120404,0.132456573337807
7.46339570425412,0.274449569425687,-0.272545293385418,0.688735233397985,-0.0912378717899391,0.0879565620356576,-0.0362155301331305,-0.670642009919747,0.133417830742642
7.51515546115323,0.272545149430609,-0.272893525532973,0.688777828933438,-0.0921912434202534,0.0877563795957196,-0.0363377404740957,-0.67025460752977,0.134383059974478
7.56727417964842,0.270635404533898,-0.27322871855549,0.688815949653569,-0.0931532712325636,0.0875552069462227,-0.0364592234812173,-0.66986160338999,0.135352257549683
7.61975434919166,0.268720501819265,-0.273550776377429,0.688849485628662,-0.0941239808621869,0.0873530536632627,-0.0365799706066721,-0.669462949489574,0.136325419598934
7.67259847649959,0.266800610441058,-0.27385960548502,0.68887832581744,-0.0951033966538545,0.087149929456051,-0.036699973482158,-0.669058597365822,0.137302541855978
7.72580908567334,0.264875901574988,-0.27415511497799,0.6889023580806,-0.0960915416345405,0.0869458441625873,-0.0368192239222136,-0.668648498102793,0.138283619646241
7.77938871831903,0.262946548367368,-0.274437216620172,0.688921469194917,-0.0970884374864142,0.0867408077452207,-0.036937713927427,-0.668232602330092,0.139268647875247
7.83333993366922,0.261012725882897,-0.274705824888963,0.688935544867941,-0.0980941045199225,0.0865348302861011,-0.0370554356875293,-0.667810860221815,0.140257621016885
7.8876653087051,0.259074611051012,-0.274960857023578,0.68894446975326,-0.0991085616470217,0.0863279219825251,-0.0371723815843698,-0.667383221495662,0.141250533101497
7.94236743827963,0.25713238261084,-0.275202233072052,0.688948127466345,-0.100131826354567,0.0861200931421781,-0.0372885441947676,-0.666949635412216,0.142247377703798
7.99744893524145,0.255186221054788,-0.275429875936942,0.688946400600964,-0.101163914677875,0.0859113541782779,-0.0374039162932359,-0.666510050774408,0.143248147930634
8.0529124305597,0.253236308570811,-0.275643711419696,0.688939170746163,-0.10220484117447,0.0857017156046217,-0.0375184908545768,-0.666064415927153,0.144252836408556
8.10876057344967,0.251282828983377,-0.275843668263628,0.688926318503812,-0.103254618898031,0.0854911880305411,-0.0376322610563404,-0.665612678757179,0.145261435271244
8.16499603149936,0.249325967693195,-0.276029678195463,0.688907723506713,-0.104313259372542,0.0852797821557692,-0.0377452202811458,-0.665154786693052,0.146273936146745
8.22162149079689,0.247365911615723,-0.276201675965424,0.688883264437263,-0.105380772566674,0.0850675087652229,-0.0378573621188618,-0.664690686705393,0.147290330144555
8.27863965605879,0.245402849118507,-0.276359599385792,0.688852819046671,-0.106457166868391,0.0848543787237053,-0.0379686803686409,-0.664220325307305,0.14831060784253
8.33605325075921,0.243436969957404,-0.276503389367931,0.688816264174713,-0.107542449059809,0.0846404029705323,-0.0380791690408063,-0.663743648555012,0.149334759273629
8.39386501726,0.241468465211711,-0.27663298995772,0.688773475770043,-0.108636624292308,0.0844255925140884,-0.0381888223585874,-0.66326060204871,0.150362773912494
8.45207771694168,0.239497527218273,-0.276748348369364,0.688724328911026,-0.109739696061915,0.0842099584263146,-0.0382976347597007,-0.662771130933646,0.151394640661868
8.51069413033537,0.2375243495046,-0.276849415017548,0.688668697827107,-0.110851666184964,0.083993511837135,-0.038405600897774,-0.662275179901425,0.152430347838842
8.56971705725559,0.235549126721044,-0.276936143547904,0.688606455920704,-0.111972534774052,0.0837762639288263,-0.0385127156436111,-0.661772693191553,0.153469883160953
8.62914931693396,0.233572054572101,-0.277008490865757,0.688537475789616,-0.113102300214284,0.0835582259303344,-0.0386189740862937,-0.661263614593223,0.15451323373211
8.68899374815392,0.231593329746861,-0.277066417163117,0.688461629249948,-0.114240959139847,0.0833394091115438,-0.0387243715341198,-0.660747887447352,0.15556038602837
8.74925320938629,0.229613149848693,-0.277109885943904,0.688378787359529,-0.115388506410886,0.0831198247775054,-0.0388289035153741,-0.660225454648871,0.156611325883554
8.80993057892579,0.227631713324191,-0.277138864047363,0.688288820441839,-0.116544935090726,0.0828994842626264,-0.0389325657789314,-0.659696258649279,0.157666038474716
8.87102875502857,0.225649219391449,-0.277153321669653,0.688191598110417,-0.117710236423425,0.0826783989248294,-0.0390353542946881,-0.659160241459468,0.158724508307446
8.93255065605059,0.223665867967717,-0.27715323238359,0.68808698929376,-0.118884399811678,0.0824565801396851,-0.0391372652538229,-0.658617344652827,0.159786719201045
8.99449922058705,0.221681859596497,-0.277138573156524,0.68797486226069,-0.120067412795082,0.0822340392945236,-0.0392382950688828,-0.65806750936862,0.160852654273532
9.05687740761275,0.219697395374128,-0.277109324366323,0.68785508464619,-0.121259261028767,0.0820107877825319,-0.0393384403736956,-0.657510676315666,0.161922295926529
9.11968819662343,0.217712676875929,-0.277065469815463,0.687727523477706,-0.122459928262395,0.08178683699684,-0.0394376980231057,-0.65694678577631,0.162995625829986
9.18293458777804,0.21572790608195,-0.277006996743193,0.68759204520189,-0.123669396319552,0.0815621983246047,-0.0395360650925334,-0.656375777610705,0.164072624906786
9.2466196020421,0.213743285302393,-0.276933895835781,0.687448515711801,-0.124887645077519,0.0813368831410945,-0.0396335388773576,-0.655797591261399,0.165153273317208
9.31074628133199,0.211759017102757,-0.276846161234816,0.687296800374529,-0.126114652447452,0.0811109028037814,-0.0397301168921193,-0.655212165758245,0.166237550443265
9.3753176886602,0.209775304228778,-0.276743790543564,0.687136764059255,-0.127350394354952,0.0808842686464473,-0.0398257968695488,-0.654619439723641,0.167325434872913
9.44033690828169,0.207792349531212,-0.276626784831377,0.68696827116573,-0.128594844721062,0.0806569919733086,-0.0399205767594133,-0.654019351378103,0.168416904384146
9.50580704584117,0.205810355890523,-0.276495148636142,0.686791185653163,-0.129847975443665,0.0804290840531662,-0.040014454727187,-0.653411838546176,0.169511935928968
9.57173122852146,0.203829526141542,-0.276348889964778,0.686605371069516,-0.131109756379315,0.0802005561135857,-0.0401074291525441,-0.652796838662696,0.17061050561726
9.63811260519287,0.201850062998152,-0.276188020291773,0.686410690581194,-0.132380155325498,0.0799714193351146,-0.0401994986276737,-0.652174288779413,0.171712588700538
9.70495434656358,0.199872168978058,-0.276012554555772,0.686207007003124,-0.133659138003315,0.0797416848455422,-0.0402906619554191,-0.651544125571973,0.172818159555608
9.7722596453311,0.197896046327706,-0.275822511154212,0.685994182829209,-0.134946668040619,0.0795113637142072,-0.0403809181472417,-0.650906285347277,0.173927191668135
9.84003171633479,0.195921896947406,-0.275617911936019,0.685772080263163,-0.136242706955588,0.0792804669463594,-0.0404702664210098,-0.650260704051208,0.175039657616111
9.90827379670937,0.193949922316717,-0.275398782192371,0.685540561249698,-0.137547214140745,0.0790490054775814,-0.0405587061986157,-0.649607317276759,0.176155529053249
9.97698914603959,0.191980323420163,-0.275165150645544,0.68529948750608,-0.138860146847439,0.0788169901682756,-0.0406462371034207,-0.648946060272547,0.177274776692297
10.0461810465159,0.190013300673324,-0.274917049435842,0.685048720554025,-0.140181460170774,0.0785844317982226,-0.0407328589575309,-0.648276867951727,0.178397370288284
10.1158528030912,0.188049053849366,-0.274654514106639,0.68478812175194,-0.141511107035002,0.0783513410612159,-0.0408185717789053,-0.647599674901319,0.1795232786217
10.1860077436388,0.186087782006073,-0.274377583587546,0.684517552327497,-0.142849038179388,0.0781177285597794,-0.0409033757782984,-0.64691441539195,0.180652469481627
10.2566492191112,0.184129683413423,-0.27408630017572,0.684236873410532,-0.144195202144529,0.0778836047999729,-0.0409872713560398,-0.646221023388017,0.181784909648812
10.3277806037004,0.182174955481778,-0.273780709515332,0.683945946066267,-0.145549545259154,0.0776489801862899,-0.0410702590986539,-0.645519432558283,0.182920564878713
10.3994052949988,0.180223794690732,-0.273460860575233,0.683644631328844,-0.146912011627399,0.0774138650166552,-0.0411523397753206,-0.64480957628691,0.184059399884501
10.4715267141616,0.178276396518672,-0.27312680562482,0.68333279023516,-0.14828254311655,0.0771782694775254,-0.0412335143341821,-0.644091387684939,0.185201378320049
10.5441483060703,0.176332955373116,-0.272778600208148,0.683010283859008,-0.149661079345276,0.076942203639099,-0.0413137838984982,-0.643364799602213,0.1863464627629
10.6172735394972,0.174393664521861,-0.272416303116307,0.682676973345509,-0.151047557672336,0.0767056774506399,-0.0413931497626519,-0.642629744639773,0.18749461469723
10.6909059072708,0.172458716024999,-0.27203997635809,0.682332719945829,-0.152441913185778,0.0764687007359204,-0.0414716133880116,-0.641886155162707,0.188645794496822
10.7650489264432,0.170528300667862,-0.271649685129,0.681977385052178,-0.15384407869262,0.0762312831887879,-0.041549176398651,-0.641133963313476,0.189799961408044
10.8397061384575,0.168602607894922,-0.271245497778605,0.681610830233084,-0.15525398470902,0.0759934343688599,-0.0416258405769313,-0.64037310102572,0.190957073532859
10.9148811093176,0.166681825744707,-0.270827485776303,0.68123291726894,-0.156671559450944,0.0757551636973518,-0.041701607858951,-0.639603500038545,0.192117087811865
10.9905774297578,0.164766140785774,-0.270395723675504,0.680843508187811,-0.15809672882532,0.0755164804530428,-0.0417764803298648,-0.638825091911307,0.193279960007383
11.0667987154147,0.162855738053782,-0.269950289076299,0.680442465301504,-0.159529416421692,0.0752773937683831,-0.0418504602190784,-0.638037808038885,0.194445644686596
11.1435486070002,0.16095080098971,-0.26949126258662,0.680029651241889,-0.160969543504372,0.0750379126257475,-0.0419235498953222,-0.637241579667467,0.195614095204762
11.2208307704748,0.159051511379254,-0.269018727781964,0.679604928997474,-0.162417029005093,0.0747980458538381,-0.0419957518616086,-0.636436337910837,0.196785263688502
11.2986488972231,0.157158049293446,-0.2685327711637,0.679168161950225,-0.163871789516161,0.0745578021242416,-0.0420670687500782,-0.635622013767182,0.19795910101918
11.3770067042298,0.155270593030535,-0.268033482116011,0.678719213912626,-0.165333739284113,0.0743171899481436,-0.0421375033167389,-0.634798538136415,0.199135556816384
11.4559079342577,0.153389319059158,-0.267520952861511,0.678257949164974,-0.166802790203884,0.0740762176732044,-0.0422070584361037,-0.633965841838026,0.200314579421526
11.535356356026,0.151514401962845,-0.26699527841559,0.677784232492918,-0.168278851813484,0.0738348934805985,-0.0422757370957316,-0.633123855629459,0.201496115881572
11.6153557643908,0.149646014385877,-0.266456556539516,0.677297929225218,-0.169761831289179,0.0735932253822218,-0.0423435423906768,-0.632272510225032,0.202680111932909
11.6959099805258,0.147784326980542,-0.265904887692363,0.676798905271735,-0.171251633441197,0.0733512212180699,-0.0424104775178523,-0.631411736315382,0.203866511985371
11.7770228521052,0.145929508355804,-0.265340374981791,0.676287027161648,-0.172748160709945,0.0731088886537892,-0.0424765457703118,-0.63054146458747,0.205055259106435
11.8586982534876,0.14408172502742,-0.264763124113738,0.675762162081885,-0.174251313162746,0.0728662351784044,-0.0425417505314574,-0.629661625745117,0.206246295005599
11.9409400859005,0.142241141369533,-0.264173243341073,0.675224177915783,-0.1757609884911,0.0726232681022239,-0.0426060952691759,-0.628772150530104,0.207439560018958
12.0237522776272,0.140407919567747,-0.263570843411252,0.674672943281953,-0.177277082008478,0.0723799945549273,-0.0426695835299127,-0.627872969743813,0.208634993093996
12.1071387841942,0.138582219573732,-0.262956037513031,0.674108327573367,-0.178799486648631,0.0721364214838342,-0.0427322189326855,-0.626964014269441,0.209832531774602
12.1911035885602,0.136764199061349,-0.262328941222291,0.67353020099665,-0.180328092964451,0.0718925556523591,-0.0427940051630466,-0.626045215094752,0.211032112186333
12.2756507013062,0.134954013384342,-0.261689672447012,0.672938434611586,-0.181862789127356,0.0716484036386523,-0.0428549459669978,-0.625116503335414,0.212233669021935
12.3607841608273,0.133151815535585,-0.261038351371465,0.672332900370827,-0.183403460927224,0.0714039718344286,-0.0429150451448636,-0.62417781025888,0.213437135527138
12.4465080335254,0.131357756107917,-0.260375100399657,0.671713471159809,-0.184949991772875,0.0711592664439864,-0.0429743065451306,-0.623229067308847,0.214642443486745
12.5328264140034,0.129571983256572,-0.259700044098084,0.671080020836873,-0.186502262693097,0.0709142934834161,-0.0430327340582566,-0.622270206130275,0.215849523211029
12.6197434252612,0.12779464266321,-0.259013309137853,0.670432424273581,-0.188060152338239,0.0706690587800007,-0.0430903316104575,-0.621301158594972,0.217058303522453
12.7072632188919,0.126025877501563,-0.258315024236208,0.669770557395242,-0.189623536982359,0.0704235679718087,-0.0431471031574756,-0.620321856827756,0.218268711742732
12.7953899752808,0.124265828404697,-0.257605320097528,0.669094297221623,-0.191192290525946,0.0701778265074795,-0.0432030526783385,-0.619332233233168,0.21948067368026
12.8841279038047,0.122514633433899,-0.256884329353827,0.668403521907865,-0.192766284499211,0.069931839646202,-0.0432581841691116,-0.618332220522769,0.220694113617906
12.9734812430331,0.120772428049197,-0.256152186504835,0.667698110785591,-0.194345388065964,0.0696856124578869,-0.0433125016366519,-0.617321751742992,0.221908954301214
13.0634542609305,0.119039345081494,-0.255409027857673,0.666977944404206,-0.19592946802808,0.0694391498235314,-0.043366009092369,-0.616300760303559,0.223125116927006
13.1540512550606,0.117315514706346,-0.254654991466217,0.666242904572383,-0.197518388830551,0.0691924564357782,-0.0434187105459989,-0.615269180006467,0.224342521132427
13.2452765527909,0.115601064419358,-0.253890217070151,0.665492874399743,-0.199112012567158,0.0689455367996662,-0.0434706099993966,-0.614226945075524,0.225561084984435
13.3371345115004,0.113896119013196,-0.253114846033806,0.66472773833872,-0.200710198986736,0.0686983952335735,-0.0435217114403541,-0.613173990186454,0.226780724969756
13.4296295187868,0.112200800556228,-0.252329021284794,0.663947382226604,-0.202312805500074,0.0684510358703519,-0.043572018836449,-0.612110250497546,0.228001355985339
13.5227659926764,0.110515228372767,-0.251532887252507,0.663151693327774,-0.203919687187436,0.0682034626586518,-0.0436215361289302,-0.611035661680853,0.229222891329305
13.6165483818355,0.108839519024917,-0.250726589806529,0.662340560376098,-0.205530696806718,0.0679556793644355,-0.0436702672266463,-0.609950159953944,0.230445242692431
13.7109811657822,0.107173786296007,-0.249910276194987,0.661513873617519,-0.207145684802264,0.0677076895726789,-0.0437182160000225,-0.608853682112188,0.231668320150176
13.806068855101,0.105518141175612,-0.249084094982917,0.660671524852804,-0.208764499314325,0.0674594966892595,-0.0437653862750923,-0.607746165561574,0.232892032155273
13.9018159916578,0.103872691846135,-0.248248195990658,0.659813407480469,-0.210386986189199,0.0672111039430288,-0.0438117818275889,-0.606627548352061,0.234116285530912
13.998227148817,0.102237543670942,-0.247402730232347,0.658939416539862,-0.21201298899004,0.0669625143880669,-0.0438574063771026,-0.605497769211447,0.23534098546452
14.0953069316601,0.100612799184037,-0.246547849854534,0.658049448754406,-0.213642349008369,0.0667137309061185,-0.0439022635813098,-0.604356767579749,0.23656603550217
14.1930599772055,0.0989985580812529,-0.245683708074977,0.657143402575007,-0.215274905276274,0.0664647562092068,-0.0439463570302786,-0.603204483644097,0.237791337543641
14.2914909546299,0.0973949172129512,-0.244810459121647,0.656221178223599,-0.216910494579335,0.0662155928424238,-0.0439896902408574,-0.602040858374113,0.23901679183813
14.3906045654914,0.0958019705781958,-0.243928258171993,0.655282677736842,-0.218548951470265,0.0659662431868931,-0.0440322666511505,-0.600865833557781,0.240242296980667
14.4904055439544,0.0942198093203971,-0.243037261292489,0.654327805009958,-0.220190108283305,0.0657167094629048,-0.044074089615088,-0.599679351837803,0.241467749909223
14.5908986570152,0.0926485217243918,-0.242137625378527,0.653356465840697,-0.221833795149353,0.0654669937332168,-0.0441151623970925,-0.598481356748402,0.242693045902551
14.6920887047298,0.0910881932149447,-0.241229508094668,0.652368567973433,-0.22347984001187,0.0652170979065224,-0.0441554881668507,-0.597271792752597,0.243918078578769
14.7939805204436,0.089538906356643,-0.2403130678153,0.651364021143372,-0.225128068643565,0.0649670237410779,-0.0441950699941923,-0.59605060527991,0.245142739894718
14.8965789710218,0.0880007408551624,-0.239388463565734,0.650342737120874,-0.226778304663866,0.06471677284849,-0.0442339108440826,-0.594817740764506,0.246366920146097
14.999888957082,0.086473773559879,-0.238455854963777,0.649304629755874,-0.228430369557202,0.0644663466976569,-0.044272013571734,-0.593573146683749,0.24759050796841
15.1039154132284,0.0849580784677994,-0.237515402161805,0.648249615022397,-0.230084082692109,0.0642157466188615,-0.0443093809178386,-0.592316771597153,0.248813390338745
15.2086633082875,0.0834537267287846,-0.23656726578937,0.647177611063153,-0.231739261341168,0.0639649738080112,-0.04434601550393,-0.591048565185727,0.250035452578392
15.3141376455451,0.0819607866520374,-0.235611606896378,0.646088538234202,-0.23339572070179,0.063714029331022,-0.0443819198278756,-0.589768478291686,0.251256578356331
15.4203434629857,0.0804793237138286,-0.234648586896858,0.644982319149681,-0.235053273917878,0.0634629141283418,-0.0444170962595058,-0.588476462958513,0.252476649693611
15.5272858335329,0.0790094005664299,-0.233678367513351,0.643858878726578,-0.236711732102362,0.0632116290196093,-0.0444515470363835,-0.587172472471362,0.253695546968626
15.6349698652918,0.0775510770482258,-0.232701110721948,0.642718144229535,-0.238370904360625,0.0629601747084438,-0.0444852742597172,-0.585856461397775,0.254913148923326
15.7434007017931,0.0761044101949757,-0.231716978698004,0.641560045315685,-0.240030597814853,0.0627085517873624,-0.0445182798904242,-0.584528385628694,0.256129332670363
15.8525835222385,0.0746694542521938,-0.230726133762539,0.640384514079476,-0.241690617629303,0.0624567607428188,-0.0445505657453441,-0.583188202419765,0.257343973701209
15.9625235417481,0.0732462606886177,-0.229728738329364,0.639191485097506,-0.243350767036512,0.0622048019603604,-0.0445821334936094,-0.581835870432882,0.258556945895246
16.07322601161,0.0718348782107347,-0.228724954852947,0.637980895473317,-0.245010847364465,0.0619526757298983,-0.0446129846531753,-0.580471349777984,0.259768121529864
16.1846962195303,0.0704353527783342,-0.227714945777031,0.636752684882157,-0.246670658064743,0.0617003822510854,-0.0446431205875119,-0.579094602055056,0.260977371291567
16.2969394898867,0.0690477276210552,-0.226698873484038,0.635506795615676,-0.24832999674164,0.0614479216387978,-0.0446725425024633,-0.577705590396327,0.262184564288123
16.4099611839816,0.0676720432558968,-0.225676900245259,0.634243172626546,-0.249988659182305,0.0611952939287154,-0.0447012514432744,-0.576304279508635,0.263389568061756
16.5237667002994,0.0663083375056606,-0.224649188171863,0.632961763572981,-0.251646439387881,0.0609424990829942,-0.0447292482917919,-0.574890635715936,0.264592248603414
16.6383614747635,0.0649566455182932,-0.223615899166728,0.63166251886314,-0.25330312960569,0.0606895369960288,-0.0447565337638383,-0.57346462700193,0.265792470368112
16.7537509809962,0.0636169997870961,-0.222577194877107,0.630345391699387,-0.254958520362458,0.0604364075002958,-0.0447831084067645,-0.572026223052779,0.266990096291383
16.8699407305804,0.0622894301717727,-0.221533236648157,0.629010338122389,-0.256612400498602,0.0601831103722766,-0.0448089725971825,-0.57057539529989,0.268184987806837
16.9869362733223,0.0609739639202788,-0.220484185477319,0.627657317055029,-0.258264557203587,0.059929645338451,-0.0448341265388802,-0.569112116962742,0.269377004864846
17.1047431975172,0.0596706256914472,-0.219430201969578,0.626286290346107,-0.259914776052379,0.0596760120813588,-0.0448585702609212,-0.567636363091712,0.270566005952384
17.2233671302159,0.0583794375783522,-0.218371446293605,0.624897222813803,-0.261562841042989,0.0594222102457217,-0.0448823036159307,-0.566148110610887,0.271751848114002
17.3428137374936,0.0571004191323856,-0.217308078138786,0.623490082288886,-0.263208534635134,0.0591682394446218,-0.0449053262785704,-0.564647338360826,0.272934386973992
17.4630887247206,0.0558335873880101,-0.216240256673154,0.622064839657625,-0.264851637790026,0.0589140992657297,-0.0449276377442041,-0.56313402714124,0.274113476759713
17.5841978368348,0.0545789568881618,-0.215168140502212,0.620621468904386,-0.266491930011286,0.058659789277577,-0.0449492373277538,-0.561608159753562,0.275288970326114
17.7061468586161,0.0533365397102699,-0.21409188762868,0.619159947153888,-0.268129189387017,0.0584053090358685,-0.04497012416275,-0.560069721043372,0.276460719181465
17.8289416149627,0.0521063454928625,-0.213011655413138,0.617680254713077,-0.269763192633027,0.0581506580898259,-0.0449902972005764,-0.55851869794264,0.277628573514278
17.9525879711692,0.0508883814627313,-0.211927600535592,0.616182375112595,-0.271393715137216,0.0578958359885601,-0.0450097552099096,-0.556955079511773,0.27879238222147
18.0770918332073,0.0496826524626222,-0.210839878957953,0.614666295147814,-0.273020531005142,0.0576408422874642,-0.0450284967763552,-0.555378856981398,0.27995199293773
18.2024591480069,0.048489160979426,-0.209748645887429,0.613132004919399,-0.274643413106766,0.0573856765546225,-0.0450465203022812,-0.553790023793886,0.281107252066136
18.3286959037413,0.0473079071728375,-0.208654055740844,0.611579497873361,-0.27626213312439,0.0571303383772285,-0.0450638240068489,-0.552188575644542,0.282258004809997
18.4558081301122,0.0461388889044569,-0.207556262109857,0.610008770840581,-0.277876461601782,0.0568748273680079,-0.0450804059262419,-0.550574510522462,0.283404095205948
18.5838018986386,0.0449821017673054,-0.206455417727108,0.608419824075755,-0.279486167994509,0.0566191431716387,-0.045096263914093,-0.548947828750992,0.284545366158282
18.7126833229461,0.043837539115726,-0.205351674433272,0.606812661295732,-0.28109102072147,0.056363285471163,-0.0451113956421097,-0.547308533027763,0.285681659474543
18.8424585590593,0.0427051920956458,-0.204245183145013,0.605187289717207,-0.282690787217635,0.0561072539943864,-0.0451257986008976,-0.545656628464272,0.286812815902359
18.9731338056957,0.0415850496751708,-0.203136093823855,0.60354372009373,-0.284285233987994,0.055851048520256,-0.0451394701009814,-0.543992122624952,0.28793867516753
19.1047153045619,0.0404770986754892,-0.202024555445942,0.601881966751997,-0.285874126662718,0.0555946688852137,-0.0451524072740242,-0.542315025565715,0.289059076013374
19.2372093406515,0.0393813238020579,-0.200910715972696,0.600202047627376,-0.287457230053522,0.0553381149895176,-0.0451646070742421,-0.540625349871908,0.29017385624131
19.3706222425457,0.0382977076760472,-0.19979472232236,0.598503984298645,-0.289034308211239,0.0550813868035261,-0.0451760662800158,-0.538923110695656,0.291282852752692
19.5049603827152,0.0372262308660204,-0.198676720342425,0.596787802021877,-0.2906051244846,0.0548244843739382,-0.0451867814956967,-0.537208325792548,0.292385901591894
19.6402301778248,0.0361668719198257,-0.197556854782928,0.595053529763459,-0.29216944158021,0.0545674078299854,-0.0451967491536065,-0.535481015557628,0.29348283799061
19.7764380890397,0.0351196073966758,-0.196435269270618,0.593301200232186,-0.293727021623719,0.0543101573895679,-0.0452059655162299,-0.533741203060645,0.294573496413407
19.9135906223344,0.0340844118993964,-0.195312106283975,0.59153084991039,-0.295277626222178,0.0540527333653303,-0.0452144266785977,-0.531988914080528,0.295657710604479
20.0516943288031,0.0330612581068182,-0.194187507129087,0.589742519084075,-0.296821016527578,0.0537951361706709,-0.0452221285708591,-0.530224177139042,0.296735313635627
20.1907558049731,0.0320501168062965,-0.193061611916351,0.587936251871997,-0.298356953301553,0.0535373663256788,-0.0452290669610416,-0.528447023533584,0.297806137955431
20.3307816931193,0.031050956926334,-0.191934559538021,0.58611209625366,-0.299885196981237,0.0532794244629922,-0.0452352374579967,-0.526657487369079,0.298870015439614
20.4717786815819,0.0300637455692908,-0.190806487646564,0.584270104096187,-0.301405507746272,0.0530213113335749,-0.0452406355145279,-0.524855605588936,0.299926777442579
20.6137535050858,0.0290884480441609,-0.189677532633829,0.582410331180007,-0.302917645586938,0.0527630278124021,-0.0452452564307007,-0.523041418005017,0.300976254850108
20.756712945062,0.028125027899398,-0.188547829611013,0.580532837223335,-0.3044213703734,0.0525045749040523,-0.0452490953573297,-0.521214967326589,0.302018278133202
20.900663829972,0.0271734469557732,-0.187417512389418,0.578637685905386,-0.305916441926043,0.0522459537481997,-0.0452521472996429,-0.519376299188203,0.303052677403046
21.0456130356336,0.0262336653392475,-0.186286713461979,0.576724944888287,-0.307402620086887,0.0519871656249999,-0.0452544071211175,-0.517525462176479,0.304079282467081
21.1915674855492,0.0253056415138445,-0.185155563985563,0.574794685837648,-0.308879664792059,0.0517282119603666,-0.0452558695474864,-0.515662507855731,0.305097922886158
21.338534151237,0.0243893323145046,-0.184024193764014,0.572846984441736,-0.310347336145284,0.051469094331131,-0.0452565291709108,-0.513787490792416,0.30610842803276
21.4865200525637,0.0234846929799106,-0.182892731231946,0.570881920429222,-0.31180539449239,0.0512098144700812,-0.045256380454317,-0.511900468578357,0.307110627150251
21.6355322580795,0.0225916771852661,-0.181761303439258,0.568899577585452,-0.313253600496795,0.0509503742708751,-0.0452554177358918,-0.510001501852689,0.308104349413151
21.7855778853565,0.0217102370750164,-0.180630036036373,0.566900043767204,-0.314691715215933,0.0506907757928226,-0.0452536352337355,-0.508090654322514,0.309089423988385
21.9366641013278,0.0208403232954969,-0.179499053260175,0.56488341091588,-0.316119500178616,0.0504310212655315,-0.0452510270506662,-0.506167992782202,0.310065680097498
22.0887981226306,0.0199818850274985,-0.178368477920643,0.562849775069104,-0.317536717463274,0.0501711130934137,-0.0452475871791733,-0.504233587131312,0.311032947079791
22.2419872159503,0.0191348700187364,-0.177238431388163,0.560799236370673,-0.318943129777053,0.0499110538600457,-0.0452433095065148,-0.502287510391095,0.311991054456352
22.396238698368,0.0182992246162132,-0.176109033581505,0.558731899078836,-0.320338500535741,0.0496508463323794,-0.0452381878199555,-0.500329838719541,0.312939831994957
22.5515599377096,0.0174748937984643,-0.174980402956464,0.55664787157284,-0.321722593944466,0.0493904934647993,-0.04523221581214,-0.498360651424927,0.31387910977579
22.7079583528983,0.0166618212076762,-0.173852656495129,0.554547266357724,-0.323095175079148,0.0491299984030208,-0.0452253870865974,-0.496380030977841,0.314808718257958
22.8654414143084,0.0158599491816682,-0.172725909695796,0.552430200067319,-0.324456009968648,0.0488693644878265,-0.0452176951633727,-0.494388063021648,0.315728488346762
23.0240166441225,0.015069218785729,-0.171600276563489,0.550296793465399,-0.325804865677589,0.0486085952586358,-0.0452091334847793,-0.492384836381346,0.316638251461682
23.1836916166905,0.014289569844299,-0.170475869601097,0.548147171444977,-0.327141510389779,0.0483476944569044,-0.0451996954212687,-0.490370443070806,0.317537839605033
23.3444739588916,0.0135209409724918,-0.16935279980109,0.54598146302569,-0.328465713492225,0.0480866660293495,-0.0451893742774118,-0.488344978298344,0.31842708543126
23.5063713504986,0.0127632696074455,-0.168231176637834,0.543799801349234,-0.329777245659655,0.0478255141309975,-0.0451781632979865,-0.4863085404706,0.319305822316822
23.6693915245447,0.0120164920394992,-0.167111108060457,0.541602323672847,-0.331075878939529,0.0475642431280508,-0.0451660556741668,-0.484261231194706,0.320173884430611
23.8335422676926,0.0112805434431866,-0.165992700486289,0.539389171360773,-0.332361386837466,0.04730285760057,-0.0451530445498072,-0.482203155278691,0.321031106804888
23.9988314206069,0.010555357908042,-0.16487605879484,0.537160489873696,-0.333633544403048,0.0470413623449689,-0.0451391230278175,-0.480134420730121,0.321877325406654
24.1652668783283,0.00984086846921115,-0.163761286322309,0.534916428756119,-0.334892128315944,0.0467797623763194,-0.0451242841766221,-0.478055138752934,0.322712377209433
24.3328565906507,0.00913700713786461,-0.162648484856629,0.532657141621646,-0.336136916972297,0.0465180629304626,-0.045108521036698,-0.475965423742449,0.323536100265409
24.5016085625011,0.00844370493140628,-0.161537754633008,0.530382786136155,-0.337367690571318,0.0462562694659248,-0.0450918266271857,-0.473865393278529,0.324348333777858
24.6715308543219,0.00776089190347404,-0.160429194329989,0.528093523998836,-0.338584231202029,0.0459943876656357,-0.045074193952567,-0.471755168116869,0.325148918173843
24.8426315824557,0.00708849717372841,-0.159322901065982,0.525789520921065,-0.339786322930099,0.045732423438445,-0.045055616009404,-0.469634872178407,0.325937695177095
25.0149189195333,0.006426448957425,-0.158218970396293,0.5234709466031,-0.340973751884707,0.0454703829204383,-0.045036085793132,-0.467504632536815,0.32671450788104
25.1884010948637,0.0057746745947678,-0.157117496310612,0.521137974708584,-0.342146306345367,0.0452082724760472,-0.045015596304902,-0.465364579404077,0.32747920082192
25.3630863948277,0.00513310058003986,-0.156018571230966,0.51879078283683,-0.343303776828671,0.0449460986989549,-0.0449941405584649,-0.463214846114127,0.328231620051942
25.538983163273,0.00450165259050916,-0.154922286010118,0.516429552492881,-0.344445956174858,0.0446838684127934,-0.044971711587092,-0.461055569104532,0.328971613212394
25.7160998019135,0.00388025551510651,-0.153828729930414,0.514054469055332,-0.345572639634162,0.0444215886716326,-0.0449483024505241,-0.458886887896226,0.329699029606694
25.89444477073,0.00326883348287328,-0.15273799070305,0.511665721741898,-0.346683624952874,0.0441592667602598,-0.0449239062419454,-0.456708945071261,0.330413720273283
26.0740265883745,0.00266730989117768,-0.151650154467773,0.509263503572733,-0.347778712459039,0.0438969101942484,-0.0448985160949723,-0.454521886248591,0.331115538058324
26.2548538325773,0.00207560743369609,-0.150565305792987,0.506848011331476,-0.348857705147727,0.0436345267198155,-0.0448721251906535,-0.452325860057869,0.331804337688142
26.4369351405564,0.00149364812816019,-0.149483527676265,0.504419445524043,-0.349920408765813,0.0433721243134682,-0.0448447267644729,-0.450121018111263,0.332479975841335
26.6202792094301,0.00092135334386604,-0.148404901545262,0.501978010335144,-0.350966631896188,0.0431097111814379,-0.0448163141133494,-0.447907514973281,0.333142311220511
26.8048947966327,0.000358643828945314,-0.147329507259011,0.499523913582537,-0.351996186041342,0.0428472957589023,-0.044786880602628,-0.445685508128617,0.333791204623575
26.9907907203326,-0.000194560262602894,-0.1462574231096,0.497057366669026,-0.353008885706231,0.0425848867089965,-0.0447564196730531,-0.443455157948011,0.334426519014519
27.1779758598533,-0.00073833934412066,-0.145188725824227,0.4945785845322,-0.354004548480386,0.0423224929216124,-0.0447249248477198,-0.441216627652132,0.335048119593634
27.3664591560979,-0.00127277436974123,-0.144123490567612,0.492087785591924,-0.354982995119161,0.042060123511988,-0.0446923897389958,-0.438970083273497,0.3356558738671
27.556249611976,-0.00179794680808103,-0.143061790944775,0.489585191695606,-0.35594404962407,0.0417977878190861,-0.0446588080554066,-0.436715693616425,0.336249651715887
27.7473562928336,-0.00231393861617421,-0.14200369900416,0.487071028061232,-0.356887539322139,0.0415354954037657,-0.0446241736084778,-0.434453630215044,0.336829325463893
27.9397883268864,-0.00282083221365106,-0.140949285241109,0.484545523218206,-0.357813294944194,0.0412732560467443,-0.044588480319529,-0.432184067289369,0.337394769945277
28.1335549056553,-0.00331871045715978,-0.139898618601666,0.482008908946005,-0.35872115070202,0.0410110797463563,-0.0445517222264109,-0.429907181699454,0.337945862570905
28.3286652844062,-0.00380765661503279,-0.138851766486721,0.479461420210664,-0.359610944364322,0.0407489767161055,-0.0445138934901808,-0.427623152897651,0.338482483393863
28.5251287825912,-0.00428775434219822,-0.137808794756478,0.476903295099133,-0.360482517331412,0.0404869573820168,-0.0444749884017086,-0.425332162878988,0.339004515173969
28.7229547842946,-0.00475908765533598,-0.13676976773524,0.474334774751516,-0.361335714708554,0.040225032379787,-0.0444350013882085,-0.423034396129689,0.33951184344122
28.9221527386804,-0.0052217409082801,-0.135734748216511,0.471756103291231,-0.362170385377901,0.0399632125517382,-0.0443939270196886,-0.420730039573869,0.340004356558118
29.1227321604441,-0.0056757987676668,-0.134703797468406,0.469167527753117,-0.362986382068954,0.0397015089435768,-0.0443517600153131,-0.418419282518415,0.340481945780818
29.324702630267,-0.00612134618882881,-0.133676975239369,0.466569298009531,-0.363783561427468,0.0394399328009591,-0.0443084952496707,-0.416102316596101,0.34094450531903
29.5280737952738,-0.00655846839193688,-0.132654339764181,0.46396166669446,-0.364561784082747,0.0391784955658685,-0.0442641277589432,-0.413779335706959,0.341391932394624
29.7328553694936,-0.00698725083838839,-0.131635947770269,0.461344889125703,-0.36532091471326,0.0389172088728066,-0.0442186527469675,-0.411450535957932,0.341824127298881
29.9390571343235,-0.00740777920744344,-0.130621854484304,0.458719223225153,-0.366060822110509,0.0386560845448013,-0.0441720655911873,-0.409116115600869,0.342240993448322
30.1466889389963,-0.00782013937310943,-0.12961211363908,0.456084929437222,-0.366781379241085,0.0383951345892364,-0.0441243618484859,-0.406776274968865,0.342642437439084
30.3557607010504,-0.00822441738127413,-0.128606777480673,0.453442270645476,-0.367482463306859,0.0381343711935054,-0.0440755372608967,-0.404431216411023,0.343028369099751
30.566282406804,-0.00862069942708805,-0.12760589677588,0.4507915120875,-0.36816395580323,0.0378738067204949,-0.0440255877611849,-0.402081144225653,0.343398701542632
30.7782641118319,-0.00900907183259678,-0.126609520819923,0.44813292126807,-0.368825742575391,0.0376134537039004,-0.0439745094782954,-0.399726264591959,0.343753351213391
30.9917159414457,-0.00938962102462373,-0.125617697444426,0.445466767870677,-0.369467713872529,0.0373533248433798,-0.0439222987426612,-0.397366785500271,0.344092237939015
31.2066480911777,-0.00976243351290437,-0.124630473025653,0.442793323667451,-0.370089764399933,0.0370934329995487,-0.0438689520913679,-0.395002916680853,0.344415284974039
31.4230708272674,-0.0101275958684724,-0.123647892493004,0.440112862427558,-0.370691793368929,0.0368337911888224,-0.0438144662731686,-0.392634869531346,0.344722419045011
31.6409944871527,-0.0104851947022993,-0.122669999337768,0.437425659824126,-0.371273704544598,0.0365744125781092,-0.0437588382533457,-0.390262857042902,0.345013570393121
31.8604294799627,-0.0108353166441868,-0.121696835622129,0.434731993339757,-0.371835406291242,0.0363153104793611,-0.0437020652184129,-0.387887093725045,0.345288672814978
32.0813862870155,-0.0111780483219159,-0.120728441988416,0.432032142170694,-0.372376811615517,0.0360564983439852,-0.0436441445806558,-0.385507795529338,0.345547663701472
32.3038754623189,-0.0115134763406505,-0.1197648576686,0.42932638712971,-0.372897838207214,0.0357979897571229,-0.0435850739825041,-0.383125179771889,0.345790484074689
32.5279076330741,-0.0118416872625988,-0.118806120494033,0.426615010547794,-0.373398408477637,0.0355397984318021,-0.0435248513007332,-0.380739465054768,0.346017078622841
32.7534935001834,-0.0121627675869334,-0.117852266905422,0.423898296174686,-0.373878449595523,0.0352819382029664,-0.0434634746504907,-0.378350871186393,0.346227395733172
32.9806438387618,-0.0124768037299705,-0.116903331963034,0.421176529078353,-0.374337893520482,0.0350244230213899,-0.0434009423891444,-0.375959619100943,0.346421387522802
33.2093694986511,-0.0127838820056108,-0.115959349357138,0.418449995543468,-0.374776677033909,0.0347672669474808,-0.0433372531199476,-0.373565930776856,0.346599009867487
33.4396814049384,-0.0130840886060428,-0.115020351418669,0.415718982968972,-0.375194741767336,0.0345104841449814,-0.0432724056955197,-0.371170029154484,0.34676022242825
33.6715905584778,-0.0133775095827101,-0.11408636913011,0.412983779764788,-0.375592034228191,0.0342540888745697,-0.0432063992211376,-0.368772138052972,0.346904988675872
33.9051080364161,-0.0136642308275445,-0.113157432136605,0.410244675247776,-0.375968505822938,0.0339980954873699,-0.043139233057837,-0.366372482086403,0.347033275913196
34.1402449927217,-0.0139443380544665,-0.112233568757278,0.407501959536997,-0.376324112877562,0.0337425184183766,-0.0430709068253186,-0.363971286579312,0.347145055295237
34.3770126587175,-0.0142179167811546,-0.111314805996767,0.404755923448374,-0.376658816655392,0.0334873721798001,-0.043001420404659,-0.361568777481605,0.347240301847078
34.6154223436172,-0.0144850523110859,-0.110401169556968,0.402006858388823,-0.376972583372217,0.0332326713543393,-0.0429307739408228,-0.359165181282969,0.34731899447951
34.8554854350656,-0.0147458297158484,-0.109492683848983,0.399255056249946,-0.3772653842087,0.0329784305883879,-0.0428589678449748,-0.356760724926831,0.347381116002433
35.0972133996824,-0.0150003338177294,-0.108589372005264,0.396500809301353,-0.377537195320056,0.032724664585181,-0.0427860027965896,-0.354355635723948,0.347426653135971
35.3406177836102,-0.0152486491725784,-0.107691255891968,0.393744410083715,-0.377787997842993,0.0324713880978889,-0.0427118797453585,-0.351950141265684,0.347455596519314
35.5857102130658,-0.0154908600529498,-0.106798356121486,0.39098615130161,-0.3780177778999,0.032218615922664,-0.0426365999128909,-0.349544469337056,0.347467940717265
35.8325023948954,-0.0157270504315251,-0.10591069206518,0.388226325716273,-0.378226526600279,0.0319663628916482,-0.0425601647942111,-0.347138847829617,0.347463684224484
36.081006117134,-0.0159573039648182,-0.105028281866294,0.3854652260383,-0.378414240039414,0.0317146438659472,-0.0424825761590477,-0.344733504654234,0.347442829467437
36.3312332495683,-0.0161817039771639,-0.104151142453047,0.382703144820423,-0.378580919294273,0.0314634737285779,-0.042403836052916,-0.34232866765386,0.347405382804029
36.5831957443038,-0.0164003334449938,-0.103279289551913,0.37994037435042,-0.37872657041666,0.0312128673773971,-0.0423239467979945,-0.339924564516339,0.347351354520943
36.8369056363357,-0.0166132749814005,-0.102412737701061,0.377177206544246,-0.378851204423593,0.0309628397180156,-0.0422429109937922,-0.337521422687338,0.347280758828669
37.0923750441235,-0.0168206108209911,-0.101551500263974,0.374413932839484,-0.378954837284956,0.0307134056567075,-0.0421607315176099,-0.335119469283473,0.347193613854241
37.3496161701702,-0.0170224228050349,-0.100695589443227,0.371650844089177,-0.379037489908393,0.0304645800933186,-0.0420774115247949,-0.332718931005685,0.347089941631685
37.6086413016048,-0.0172187923669043,-0.0998450162944293,0.368888230456142,-0.379099188121492,0.030216377914182,-0.0419929544487889,-0.330320034052957,0.34696976809019
37.8694628107695,-0.0174098005178128,-0.0989997907403138,0.366126381307841,-0.379139962651255,0.0299688139850476,-0.0419073640009709,-0.327923004036427,0.346833123040014
38.1320931558105,-0.0175955278328509,-0.0981599215849889,0.363365585111892,-0.379159849100884,0.0297219031440306,-0.0418206441702963,-0.325528065893973,0.346680040156141
38.3965448812729,-0.0177760544373233,-0.097325416528327,0.360606129332302,-0.379158887923901,0.0294756601945873,-0.0417327992227328,-0.323135443805337,0.346510556959709
38.6628306187004,-0.0179514599933871,-0.0964962821804981,0.357848300326502,-0.379137124395629,0.0292300998985226,-0.0416438337004951,-0.32074536110785,0.346324714797221
38.9309630872381,-0.0181218236869956,-0.0956725240766391,0.355092383243261,-0.379094608582057,0.0289852369690379,-0.0415537524210804,-0.318358040212842,0.346122558817578
39.2009550942403,-0.0182872242151467,-0.0948541466916533,0.352338661921562,-0.379031395306134,0.0287410860638229,-0.0414625604761054,-0.315973702522778,0.345904137946937
39.4728195358824,-0.0184477397734396,-0.0940411534551371,0.349587418790511,-0.378947544111502,0.0284976617781997,-0.0413702632299492,-0.313592568349205,0.345669504861441
39.7465693977764,-0.0186034480439407,-0.0932335467664265,0.346838934770359,-0.378843119223729,0.0282549786383238,-0.0412768663182022,-0.311214856831573,0.345418715957837
40.0222177555915,-0.0187544261833601,-0.0924313280097594,0.344093489174714,-0.378718189509065,0.0280130510944491,-0.0411823756459249,-0.308840785856972,0.345151831322022
40.2997777756789,-0.0189007508115409,-0.0916344975695476,0.341351359614,-0.378572828430761,0.0277718935142608,-0.0410867973857192,-0.306470571980875,0.344868914695545
40.5792627157,-0.0190424980002618,-0.0908430548457538,0.33861282190026,-0.378407114003013,0.0275315201762845,-0.0409901379756147,-0.304104430348927,0.344570033440101
40.8606859252603,-0.0191797432623549,-0.0900569982693668,0.335878149953344,-0.378221128742547,0.0272919452633744,-0.0408924041167739,-0.301742574619846,0.34425525850006
41.1440608465467,-0.0193125615411399,-0.0892763253179703,0.333147615708573,-0.378014959617924,0.0270531828562883,-0.0407936027710184,-0.299385216889491,0.343924664363062
41.4294010149697,-0.0194410272001756,-0.088501032531399,0.33042148902593,-0.377788697996594,0.0268152469273529,-0.0406937411581818,-0.297032567616155,0.34357832901873
41.7167200598098,-0.0195652140133295,-0.0877311155274762,0.327700037600848,-0.377542439589763,0.026578151334225,-0.0405928267532901,-0.294684835547135,0.343216333915534
42.0060317048688,-0.0196851951551669,-0.0869665690178274,0.324983526876653,-0.377276284395116,0.0263419098137552,-0.0404908672835755,-0.292342227646631,0.342838763915853
42.2973497691249,-0.0198010431916599,-0.0862073868237634,0.322272219958727,-0.376990336637471,0.0261065359759553,-0.0403878707253274,-0.290004949025028,0.342445707249292
42.5906881673929,-0.0199128300712168,-0.0854535618922269,0.319566377530441,-0.376684704707403,0.0258720432980785,-0.0402838453005838,-0.287673202869601,0.342037255464284
42.8860609109892,-0.0200206271160327,-0.0847050863117973,0.316866257770919,-0.376359501097909,0.0256384451188125,-0.0401787994736677,-0.285347190376697,0.341613503378045
43.1834821084004,-0.0201245050137612,-0.0839619513287461,0.314172116274684,-0.376014842339177,0.0254057546325938,-0.0400727419475738,-0.283027110685447,0.341174549024916
43.4829659659579,-0.0202245338095079,-0.0832241473631387,0.311484205973237,-0.375650848931509,0.025173984884044,-0.0399656816602088,-0.280713160813022,0.340720493603161
43.7845267885158,-0.0203207828981458,-0.082491664024974,0.30880277705861,-0.375267645276486,0.0249431487625338,-0.0398576277804904,-0.278405535591512,0.340251441420264
44.0881789801347,-0.0204133210169512,-0.0817644901303578,0.306128076908955,-0.374865359606419,0.0247132589968787,-0.0397485897043097,-0.276104427606436,0.339767499836773
44.3939370447695,-0.020502216238562,-0.0810426137177024,0.30346035001619,-0.374444123912164,0.0244843281501686,-0.039638577050363,-0.273810027136936,0.339268779208771
44.701815586962,-0.0205875359642559,-0.0803260220639457,0.300799837915766,-0.374004073869368,0.024256368614736,-0.0395275996558549,-0.271522522097682,0.338755392829005
45.0118293125388,-0.02066934691755,-0.0796147017007857,0.298146779118571,-0.373545348763221,0.0240293926072646,-0.0394156675720816,-0.269242097982529,0.338227456866742
45.3239930293136,-0.0207477151381183,-0.0789086384309206,0.295501409045025,-0.373068091411771,0.0238034121640434,-0.0393027910598969,-0.266968937809943,0.337685090306419
45.6383216477945,-0.0208227059760295,-0.0782078173442918,0.292863959961384,-0.372572448087889,0.0235784391363664,-0.0391889805850662,-0.264703222070241,0.337128414885122
45.954830181896,-0.0208943840863016,-0.0775122228343204,0.290234660918293,-0.372058568439949,0.0233544851860831,-0.039074246813515,-0.262445128674655,0.336557555028983
46.2735337496566,-0.0209628134237725,-0.0768218386141333,0.287613737691614,-0.371526605411293,0.0231315617813,-0.0389586006064769,-0.260194832906252,0.33597263778853
46.5944475739604,-0.0210280572382867,-0.0761366477327706,0.285001412725545,-0.370976715158561,0.0229096801922369,-0.0388420530155448,-0.257952507372732,0.335373792773076
46.9175869832646,-0.0210901780701943,-0.0754566325913694,0.282397905078071,-0.370409056968953,0.0226888514872395,-0.0387246152776331,-0.255718321961125,0.334761152084176
47.2429674123316,-0.0211492377461626,-0.0747817749593172,0.279803430368741,-0.36982379317651,0.022469086528949,-0.0386062988098542,-0.25349244379439,0.334134850248249
47.5706044029659,-0.0212052973752971,-0.0741120559903683,0.277218200728812,-0.369221089077467,0.0222503959706328,-0.0384871152043167,-0.251275037189955,0.333495024148399
47.9005136047569,-0.0212584173455705,-0.0734474562387178,0.27464242475376,-0.368601112844779,0.0220327902526745,-0.0383670762228485,-0.249066263620185,0.332841812955514
48.2327107758263,-0.021308657320557,-0.0727879556750273,0.272076307458178,-0.367964035441866,0.0218162795992279,-0.0382461937916522,-0.246866281674812,0.33217535805869
48.5672117835806,-0.0213560762364704,-0.0721335337023938,0.26952005023306,-0.367310030535682,0.0216008740150323,-0.0381244799958975,-0.244675247025318,0.33149580299506
48.904032605469,-0.0214007322995025,-0.0714841691722596,0.266973850805485,-0.36663927440915,0.0213865832823936,-0.0380019470742554,-0.242493312391282,0.330803293379076
49.243189329747,-0.0214426829834598,-0.0708398404002542,0.264437903200709,-0.365951945873072,0.0211734169583287,-0.0378786074133806,-0.240320627508704,0.330097976831303
49.5846981562442,-0.0214819850276949,-0.0702005251819634,0.261912397706654,-0.365248226177551,0.0209613843718758,-0.0377544735423477,-0.238157339100294,0.329380002906802
49.9285753971387,-0.0215186944353307,-0.0695662008086202,0.259397520840804,-0.364528298923031,0.0207504946215694,-0.0376295581270448,-0.236003590847737,0.328649523023145
50.2748374777359,-0.0215528664717736,-0.0689368440827111,0.256893455319499,-0.363792349971004,0.0205407565730815,-0.0375038739645319,-0.233859523365925,0.327906690388139
50.6235009372529,-0.0215845556635118,-0.0683124313334926,0.254400380029624,-0.363040567354471,0.0203321788570273,-0.0373774339773682,-0.231725274179154,0.327151659927299
50.974582429609,-0.0216138157971968,-0.0676929384324122,0.251918470002679,-0.362273141188219,0.0201247698669363,-0.0372502512079144,-0.229600977699284,0.326384588211153
51.3280987242209,-0.0216406999190029,-0.0670783408084286,0.249447896391231,-0.361490263578989,0.0199185377573878,-0.0371223388126136,-0.22748676520585,0.325605633382412
51.6840667068035,-0.0216652603342626,-0.0664686134632257,0.246988826447723,-0.360692128535604,0.0197134904423102,-0.0369937100562576,-0.225382764828107,0.324814955083086
52.0425033801768,-0.021687548607372,-0.0658637309863156,0.244541423505628,-0.359878931879124,0.0195096355934439,-0.0368643783062435,-0.223289101529016,0.324012714381587
52.4034258650778,-0.0217076155619647,-0.065263667570025,0.24210584696294,-0.359050871153101,0.0193069806389655,-0.0367343570268245,-0.221205897091141,0.323199073699884
52.7668514009784,-0.0217255112813478,-0.0646683970243596,0.239682252267971,-0.358208145533985,0.0191055327622732,-0.03660365977336,-0.219133270104443,0.322374196740758
53.1327973469088,-0.0217412851091975,-0.0640778927917436,0.237270790907433,-0.357350955741775,0.0189052989009329,-0.0364723001865714,-0.217071335955966,0.32153824841522
53.5012811822866,-0.0217549856505088,-0.0634921279616276,0.234871610396796,-0.356479503950942,0.0187062857457806,-0.0363402919868064,-0.215020206821383,0.320691394770136
53.8723205077517,-0.0217666607727956,-0.0629110752849611,0.232484854272876,-0.355593993701723,0.0185084997401837,-0.0362076489683174,-0.212979991658387,0.31983380291612
54.2459330460073,-0.0217763576075364,-0.0623347071885256,0.230110662088648,-0.354694629811818,0.0183119470794557,-0.0360743849935585,-0.210950796201911,0.318965640955739
54.6221366426659,-0.0217841225518607,-0.0617629957891231,0.227749169410231,-0.35378161828857,0.0181166337104244,-0.0359405139875051,-0.208932722961141,0.31808707791208
55.0009492671021,-0.0217900012704717,-0.0611959129076168,0.22540050781604,-0.352855166241676,0.0179225653311521,-0.0358060499320012,-0.206925871218307,0.317198283657739
55.3823890133107,-0.021794038697801,-0.0606334300828197,0.223064804898051,-0.351915481796489,0.0177297473908036,-0.0356710068601381,-0.204930337029231,0.316299428844261
55.7664741007712,-0.0217962790403884,-0.0600755185852271,0.220742184265158,-0.350962774007968,0.0175381850896619,-0.0355353988506684,-0.202946213225581,0.31539068483209
56.1532228753178,-0.0217967657794847,-0.0595221494305886,0.218432765548585,-0.349997252775324,0.0173478833792883,-0.0353992400224601,-0.200973589418837,0.314472223621075
56.5426538100157,-0.0217955416738701,-0.0589732933933189,0.216136664409313,-0.349019128757423,0.0171588469628241,-0.0352625445289937,-0.199012552005905,0.313544217781561
56.9347855060436,-0.021792648762884,-0.0584289210197399,0.213853992547486,-0.348028613288987,0.0169710802954327,-0.0351253265529074,-0.197063184176379,0.31260684038613
57.3296366935823,-0.0217881283696612,-0.0578890026411544,0.211584857713755,-0.347025918297652,0.0167845875848774,-0.0349876003005924,-0.195125565921389,0.311660264942007
57.7272262327089,-0.0217820211045689,-0.0573535083867465,0.209329363722528,-0.346011256221917,0.0165993727922347,-0.0348493799968429,-0.193199774044029,0.310704665324191
58.1275731142982,-0.0217743668688391,-0.0568224081963064,0.207087610467066,-0.344984839930047,0.016415439632738,-0.0347106798795647,-0.191285882171315,0.309740215709339
58.5306964609293,-0.0217652048583919,-0.0562956718327774,0.204859693936408,-0.34394688263995,0.01623279157675,-0.0345715141945437,-0.189383960767642,0.308767090510436
58.9366155277994,-0.0217545735678432,-0.0557732688946203,0.202645706234058,-0.342897597840097,0.0160514318508609,-0.0344318971902798,-0.187494077149707,0.307785464312299
59.3453497036433,-0.021742510794692,-0.0552551688279967,0.200445735598406,-0.341837199211496,0.0158713634391083,-0.0342918431128875,-0.185616295502859,0.306795511807935
59.7569185116595,-0.0217290536436825,-0.0547413409387649,0.198259866424822,-0.340765900550791,0.0156925890843177,-0.0341513662010667,-0.183750676898839,0.305797407735787
60.1713416104428,-0.0217142385313341,-0.0542317544042889,0.196088179289401,-0.339683915694486,0.0155151112895575,-0.0340104806811467,-0.181897279314877,0.304791326817909
60.5886387949234,-0.0216981011906354,-0.053726378285058,0.193930750974283,-0.338591458444359,0.0153389323197086,-0.0338692007622055,-0.180056157654102,0.303777443699085
61.0088299973121,-0.0216806766758956,-0.0532251815361145,0.191787654494525,-0.33748874249408,0.0151640542031428,-0.0337275406312674,-0.178227363767228,0.302755932886929
61.4319352880526,-0.0216619993677482,-0.0527281330182892,0.189658959126468,-0.336375981357077,0.0149904787335077,-0.0335855144485806,-0.17641094647548,0.301726968692982
61.8579748767801,-0.0216421029783023,-0.0522352015092414,0.187544730437543,-0.335253388295662,0.0148182074716146,-0.0334431363429776,-0.174606951594716,0.300690725174846
62.2869691132868,-0.0216210205564346,-0.0517463557143051,0.185445030317486,-0.334121176251463,0.014647241747427,-0.0333004204073204,-0.172815421960713,0.299647376079358
62.7189384884933,-0.021598784493218,-0.0512615642771365,0.183359917010897,-0.332979557777174,0.0144775826621436,-0.0331573806940323,-0.171036397455563,0.298597094786843
63.1539036354283,-0.021575426527481,-0.050780795790165,0.181289445151095,-0.331828744969656,0.0143092310903762,-0.033014031210718,-0.169269915035154,0.297540054256457
63.5918853302131,-0.0215509777514916,-0.0503040188048453,0.179233665795237,-0.330668949404396,0.0141421876824155,-0.032870385915874,-0.167516008757691,0.296476426972633
64.032904493055,-0.0215254686167619,-0.0498312018417103,0.177192626460629,-0.329500382071368,0.0139764528665838,-0.0327264587146909,-0.165774709813204,0.295406384892661
64.4769821892457,-0.0214989289399672,-0.0493623134002243,0.175166371162189,-0.328323253312286,0.0138120268516696,-0.0325822634549484,-0.164046046554029,0.29433009939541
64.9241396301678,-0.021471387908974,-0.0488973219684362,0.173154940451022,-0.327137772759293,0.0136489096294421,-0.0324378139230054,-0.162330044526189,0.293247741231197
65.3743981743082,-0.0214428740889727,-0.0484361960324321,0.171158371454042,-0.325944149275076,0.0134871009772402,-0.0322931238398855,-0.160626726501664,0.292159480472838
65.827779328278,-0.0214134154287086,-0.0479789040855877,0.169176697914599,-0.324742590894436,0.0133266004606348,-0.0321482068574593,-0.158936112511491,0.291065486467863
66.2843047478397,-0.0213830392668071,-0.0475254146376205,0.167209950234065,-0.323533304767327,0.0131674074361591,-0.0320030765547243,-0.157258219879659,0.289965927791935
66.7439962389419,-0.0213517723381874,-0.0470756962234412,0.165258155514324,-0.322316497103355,0.0130095210541042,-0.0318577464341836,-0.155593063257766,0.288860972203456
67.2068757587607,-0.0213196407805598,-0.0466297174118059,0.163321337601125,-0.321092373117768,0.0128529402613773,-0.0317122299183236,-0.153940654660381,0.287750786599385
67.6729654167483,-0.0212866701410017,-0.0461874468137685,0.161399517128239,-0.319861136978925,0.0126976638044174,-0.0315665403461921,-0.152301003501093,0.286635536972265
68.1422874756894,-0.0212528853826074,-0.0457488530909339,0.159492711562384,-0.318622991757264,0.0125436902321667,-0.031420690970076,-0.150674116629191,0.285515388368462
68.6148643527643,-0.021218310891207,-0.0453139049635138,0.157600935248866,-0.317378139375762,0.0123910178990941,-0.0312746949522806,-0.149059998366945,0.28439050484763
69.0907186206199,-0.0211829704821489,-0.0448825712181842,0.155724199457879,-0.316126780561896,0.012239644968266,-0.0311285653620091,-0.147458650547445,0.283261049443392
69.5698730084476,-0.0211468874071427,-0.0444548207157467,0.153862512431442,-0.3148691148011,0.012089569414464,-0.0309823151723439,-0.145870072552962,0.282127184125242
70.0523504030693,-0.0211100843611563,-0.044030622398595,0.152015879430901,-0.313605340291724,0.0119407890273427,-0.0308359572573292,-0.144294261353794,0.280989069761676
70.5381738500302,-0.0210725834893633,-0.0436099452979854,0.150184302784968,-0.312335653901488,0.011793301414628,-0.0306895043891544,-0.142731211547561,0.279846866084536
71.0273665547,-0.021034406394137,-0.0431927585411161,0.148367781938241,-0.311060251125432,0.01164710400535,-0.030542969235439,-0.141180915398906,0.27870073165458
71.5199518833807,-0.0209955741420852,-0.0427790313580132,0.146566313500175,-0.309779326045348,0.0115021940531084,-0.0303963643566186,-0.139643362879573,0.277550823828259
72.0159533644237,-0.0209561072711229,-0.0423687330882266,0.144779891294446,-0.308493071290706,0.0113585686393682,-0.0302497022034307,-0.138118541708826,0.27639729872571
72.5153946893524,-0.0209160257975777,-0.0419618331873379,0.143008506408676,-0.307201678001052,0.0112162246767806,-0.0301029951145021,-0.136606437394169,0.275240311199957
73.0182997139948,-0.0208753492233243,-0.0415583012332796,0.14125214724447,-0.30590533578987,0.0110751589125287,-0.0299562553140345,-0.135107033272336,0.274080014807302
73.5246924596224,-0.0208340965429444,-0.0411581069324699,0.139510799567732,-0.304604232709908,0.0109353679316929,-0.0298094949095906,-0.133620310550519,0.272916561778919
74.0345971140979,-0.0207922862509069,-0.0407612201257627,0.137784446559212,-0.303298555219957,0.0107968481606341,-0.029662725889978,-0.132146248347803,0.271750102993621
74.5480380330304,-0.0207499363487665,-0.0403676107942165,0.13607306886525,-0.301988488153061,0.0106595958703925,-0.0295159601232314,-0.13068482373676,0.270580787951811
75.0650397409388,-0.0207070643523748,-0.0399772490646819,0.134376644648674,-0.300674214686155,0.0105236071800981,-0.0293692093546916,-0.1292360117852,0.269408764750593
75.585626932423,-0.0206636872991022,-0.0395901052152123,0.132695149639823,-0.299355916311123,0.0103888780603904,-0.029222485205181,-0.127799785598014,0.268234180060038
76.1098244733437,-0.020619821755066,-0.0392061496802976,0.131028557187646,-0.29803377280724,0.0102554043368461,-0.029075799169274,-0.126376116359105,0.267057179100595
76.6376574020103,-0.0205754838223613,-0.038825353055924,0.129376838310854,-0.296707962215017,0.0101231816934103,-0.0289291626136625,-0.124964973373371,0.265877905621634
77.1691509303763,-0.020530689146292,-0.0384476861044619,0.127739961749073,-0.295378660811398,0.0099922056758299,-0.0287825867756138,-0.123566324108697,0.264696501881105
77.7043304452438,-0.0204854529225982,-0.0380731197593844,0.126117894013992,-0.294046043086316,0.00986247169508652,-0.0286360827615217,-0.122180134237952,0.263513108626304
78.2432215094763,-0.0204397899046769,-0.0377016251298181,0.12451059944044,-0.292710281720588,0.00973397503082665,-0.0284896615455478,-0.120806367680943,0.262327865075731
78.7858498632195,-0.0203937144107931,-0.0373331735049282,0.122918040237381,-0.291371547565121,0.00960671083478652,-0.0283433339683532,-0.119444986646313,0.261140908902028
79.3322414251308,-0.0203472403312785,-0.0369677363581419,0.121340176538795,-0.290030009621414,0.00948067413420962,-0.0281971107359187,-0.118095951673352,0.259952376215974
79.8824222936175,-0.0203003811357146,-0.0366052853512102,0.119776966454404,-0.28868583502335,0.00935585983525486,-0.0280510024184524,-0.116759221673696,0.258762401551527
80.436418748083,-0.0202531498800982,-0.0362457923381121,0.118228366120226,-0.28733918902024,0.00923226272639292,-0.0279050194493834,-0.115434753972891,0.257571117851909
80.9942572501823,-0.0202055592139851,-0.0358892293688035,0.116694329748915,-0.285990234961107,0.0091098774817892,-0.0277591721244396,-0.114122504351797,0.256378656456684
81.555964445086,-0.0201576213876123,-0.0355355686928119,0.115174809679873,-0.284639134280194,0.00898869866467102,-0.0276134706008099,-0.112822427087818,0.255185147089858
82.121567162753,-0.0201093482589928,-0.0351847827626809,0.113669756429104,-0.283286046483662,0.00886872073067755,-0.0274679248963867,-0.111534474995921,0.253990717848942
82.6910924192116,-0.0200607513009833,-0.0348368442372673,0.112179118738779,-0.281931129137476,0.00874993803119032,-0.0273225448890901,-0.110258599469438,0.252795495194985
83.2645674178507,-0.0200118416083221,-0.0344917259848902,0.110702843626489,-0.280574537856431,0.00863234481664287,-0.0271773403162699,-0.10899475052062,0.251599603943556
83.8420195507184,-0.0199626299046334,-0.0341494010863396,0.109240876434168,-0.279216426294326,0.00851593523980757,-0.0270323207741855,-0.107742876820936,0.250403167256648
84.423476399831,-0.0199131265493983,-0.033809842837742,0.107793160876664,-0.277856946135236,0.00840070335905827,-0.0268874957175616,-0.106502925741083,0.249206306635492
85.0089657384898,-0.0198633415448893,-0.0334730247532893,0.106359639089922,-0.276496247085872,0.00828664314160704,-0.0267428744592173,-0.105274843390699,0.248009141914268
85.5985155326084,-0.0198132845430656,-0.0331389205678313,0.104940251678779,-0.275134476869014,0.00817374846671354,-0.0265984661697688,-0.104058574657766,0.246811791254679
86.1921539420481,-0.0197629648524302,-0.0328075042393355,0.103534937764332,-0.273771781217977,0.00806201312886575,-0.0264542798774022,-0.102854063247673,0.245614371141386
86.7899093219629,-0.0197123914448433,-0.0324787499512162,0.10214363503088,-0.272408303872088,0.00795143084093052,-0.0263103244677164,-0.101661251721937,0.244416996378271
87.3918102241541,-0.0196615729622944,-0.0321526321145353,0.100766279772396,-0.271044186573176,0.00784199523727274,-0.0261666086836331,-0.100480081536561,0.243219780085522
87.9978853984339,-0.0196105177236281,-0.0318291253700784,0.0994028069385419,-0.269679569063009,0.00773369987684199,-0.026023141125373,-0.0993104930800125,0.242022833697505
88.6081637939989,-0.0195592337312246,-0.031508204590307,0.0980531501801845,-0.268314589081693,0.00762653824622528,-0.0258799302504968,-0.0981524257108183,0.240826266961422
89.2226745608124,-0.0195077286776325,-0.031189844881191,0.096717241894413,-0.266949382366985,0.00752050376266505,-0.0257369843740083,-0.0970058177947518,0.239630187936717
89.8414470509972,-0.0194560099521523,-0.0308740215839224,0.0953950132690362,-0.265584082654507,0.00741558977704121,-0.0255943116685195,-0.0958706067416099,0.238434702995229
90.4645108202374,-0.019404084647371,-0.0305607102765146,0.0940863943265482,-0.264218821678834,0.00731178957681625,-0.0254519201644739,-0.0947467290415632,0.237239916822052
91.0918956291901,-0.0193519595656445,-0.0302498867752873,0.0927913139675494,-0.262853729175429,0.00720909638894264,-0.0253098177504286,-0.0936341203010716,0.236045932417105
91.7236314449071,-0.0192996412255287,-0.029941527136242,0.0915097000136113,-0.261488932883408,0.0071075033827315,-0.0251680121733922,-0.0925327152783538,0.234852851097375
92.3597484422661,-0.0192471358681571,-0.0296356076563286,0.0902414792495712,-0.260124558549106,0.00700700367268174,-0.0250265110392167,-0.0914424479184028,0.23366077249982
93.0002770054119,-0.0191944494635643,-0.0293321048746065,0.0889865774652512,-0.258760729930419,0.00690759032126914,-0.0248853218130429,-0.0903632513875377,0.232469794584917
93.645247729208,-0.0191415877169559,-0.0290309955733017,0.0877449194965867,-0.257397568801903,0.00680925634169429,-0.0247444518197961,-0.0892950581074849,0.231280013640826
94.2946914206979,-0.0190885560749211,-0.0287322567787636,0.0865164292661592,-0.256035194960604,0.00671199470058921,-0.0246039082447321,-0.0882377997889813,0.230091524288162
94.9486391005764,-0.0190353597315905,-0.0284358657623221,0.0853010298231225,-0.254673726232597,0.00661579832068155,-0.02446369813403,-0.0871914074648914,0.228904419485349
95.6071220046713,-0.0189820036347368,-0.0281418000410491,0.0840986433825174,-0.253313278480203,0.00652066008341636,-0.0243238283954326,-0.0861558115228342,0.227718790534534
96.2701715854358,-0.0189284924918173,-0.0278500373784247,0.0829091913639659,-0.251953965609876,0.00642657283153448,-0.0241843057989302,-0.085130941737313,0.226534727088057
96.9378195134503,-0.0188748307759601,-0.027560555784912,0.0817325944297393,-0.250595899580724,0.00633352937160742,-0.0240451369774875,-0.0841167273013438,0.225352317155437
97.6100976789355,-0.0188210227318903,-0.0272733335184412,0.0805687725221967,-0.249239190413641,0.00624152247652818,-0.0239063284278128,-0.0831130968575767,0.224171647110877
98.2870381932754,-0.0187670723817987,-0.0269883490848074,0.0794176449005853,-0.247883946201042,0.00615054488795775,-0.0237678865111661,-0.0821199785289085,0.222992801701256
98.9686733905512,-0.0187129835311509,-0.0267055812379805,0.0782791301772026,-0.246530273117158,0.0060605893187269,-0.0236298174542057,-0.0811372999485808,0.221815864054592
99.6550358290861,-0.0186587597744372,-0.0264250089803334,0.0771531463529131,-0.245178275428889,0.00597164845519309,-0.0234921273498716,-0.0801649882897618,0.220640915688965
100.346158292999,-0.0186044045008631,-0.0261466115627878,0.0760396108520204,-0.243828055507178,0.00588371495955229,-0.0233548221583045,-0.0792029702946105,0.219468036521875
101.042073793774,-0.0185499208999797,-0.0258703684848796,0.0749384405564871,-0.242479713838891,0.00579678147210531,-0.0232179077077975,-0.0782511723028173,0.218297304880019
101.742815571832,-0.0184953119672546,-0.0255962594947482,0.0738495518395078,-0.241133349039183,0.00571084061347898,-0.023081389695781,-0.077309520279626,0.217128797509477
102.448417098122,-0.0184405805095823,-0.0253242645890487,0.0727728605984263,-0.239789057864323,0.00562588498680155,-0.0229452736898377,-0.0763779398433292,0.21596258958628
103.15891207572,-0.0183857291507351,-0.0250543640127907,0.0717082822870022,-0.238446935224972,0.00554190717983266,-0.0228095651287473,-0.0754563562922415,0.214798754727346
103.874334441436,-0.0183307603367534,-0.0247865382591047,0.0706557319470234,-0.237107074199865,0.00545889976704756,-0.0226742693235586,-0.0745446946311478,0.213637365001779
104.594718367439,-0.0182756763412764,-0.0245207680689384,0.0696151242392654,-0.235769566049914,0.00537685531167588,-0.0225393914586887,-0.0736428795972274,0.212478490942492
105.320098262886,-0.0182204792708122,-0.0242570344306843,0.0685863734737994,-0.23443450023268,0.00529576636769474,-0.0224049365930467,-0.072750835685455,0.211322201558166
106.050508775566,-0.0181651710699484,-0.0239953185797403,0.0675693936396483,-0.233101964417216,0.00521562548177648,-0.0222709096611811,-0.0718684871734784,0.210168564345503
106.785984793556,-0.0181097535265021,-0.0237356019980048,0.0665640984337941,-0.231772044499247,0.00513642519519098,-0.0221373154744503,-0.0709957581459755,0.20901764530178
107.526561446888,-0.0180542282766117,-0.0234778664133086,0.0655704012895375,-0.23044482461668,0.00505815804566282,-0.0220041587222132,-0.0701325725184906,0.207869508937671
108.272274109224,-0.0179985968097667,-0.0232220937987844,0.0645882154042122,-0.22912038716542,0.00498081656918333,-0.0218714439730406,-0.0692788540607535,0.206724218290339
109.023158399549,-0.0179428604737808,-0.0229682663721753,0.0636174537662582,-0.227798812815473,0.00490439330177791,-0.0217391756759439,-0.0684345264194826,0.205581834936763
109.779250183872,-0.0178870204797034,-0.0227163665950853,0.0626580291816553,-0.226480180527322,0.00482888078122869,-0.0216073581616223,-0.0675995131406751,0.20444241900731
110.540585576935,-0.0178310779066737,-0.0224663771721703,0.0617098542997213,-0.225164567568552,0.0047542715487528,-0.0214759956437254,-0.0667737376913862,0.203306029199521
111.307200943943,-0.017775033706715,-0.022218281050275,0.0607728416382796,-0.223852049530722,0.00468055815063665,-0.0213450922201307,-0.0659571234810021,0.202172722792101
112.079132902301,-0.0177188887094717,-0.0219720614175124,0.0598469036081988,-0.222542700346442,0.00460773313982637,-0.0212146518742347,-0.0651495938820078,0.201042555659103
112.856418323356,-0.0176626436268863,-0.0217277017022919,0.0589319525373099,-0.221236592306668,0.00453578907747488,-0.0210846784762573,-0.0643510722502554,0.199915582284295
113.639094334169,-0.0176062990578204,-0.0214851855722935,0.0580279006937065,-0.219933796078179,0.00446471853444574,-0.0209551757845568,-0.0635614819447357,0.198791855775685
114.427198319278,-0.0175498554926163,-0.021244496933391,0.0571346603084314,-0.218634380721221,0.00439451409277439,-0.0208261474469555,-0.0627807463468571,0.197671427880213
115.220767922492,-0.0174933133176026,-0.0210056199285261,0.0562521435975569,-0.217338413707319,0.00432516834708702,-0.0206975970020752,-0.0620087888792364,0.196554348998572
116.019841048683,-0.0174366728195414,-0.0207685389365326,0.0553802627836631,-0.216045960937224,0.00425667390597742,-0.0205695278806797,-0.0612455330240056,0.195440668200172
116.824455865599,-0.0173799341900202,-0.0205332385709131,0.0545189301167206,-0.21475708675899,0.00418902339334238,-0.0204419434070261,-0.0604909023406393,0.194330433238217
117.634650805689,-0.017323097529786,-0.0202997036785696,0.0536680578943846,-0.213471853986163,0.00412220944967604,-0.0203148468002211,-0.0597448204833086,0.193223690564891
118.450464567934,-0.017266162853024,-0.0200679193384878,0.0528275584817052,-0.212190323916075,0.00405622473332356,-0.0201882411755835,-0.0590072112177644,0.192120485346642
119.271936119701,-0.0172091300915803,-0.0198378708603765,0.0519973443302615,-0.210912556348219,0.00399106192169463,-0.0200621295460104,-0.0582779984377573,0.191020861479554
120.099104698599,-0.0171519990991293,-0.0196095437832644,0.051177327996726,-0.209638609602702,0.00392671371243739,-0.019936514823347,-0.0575571061809975,0.189924861604796
120.932009814357,-0.0170947696552854,-0.0193829238740527,0.0503674221608664,-0.208368540538756,0.00386317282457312,-0.0198113998197599,-0.0568444586446622,0.188832527124136
121.77069125071,-0.0170374414696602,-0.0191579971260269,0.049567539642992,-0.207102404573301,0.00380043199959224,-0.0196867872491103,-0.0561399802004538,0.187743898215516
122.615189067297,-0.0169800141858653,-0.0189347497573269,0.0487775934208513,-0.205840255699541,0.0037384840025123,-0.0195626797283301,-0.0554435954092163,0.186659013848668
123.46554360158,-0.0169224873854601,-0.0187131682093771,0.0479974966459894,-0.20458214650559,0.00367732162289821,-0.0194390797787963,-0.0547552290351142,0.185577911800776
124.321795470765,-0.0168648605918467,-0.0184932391452768,0.0472271626595714,-0.203328128193106,0.0036169376758455,-0.0193159898277062,-0.0540748060593814,0.184500628672169
125.183985573745,-0.0168071332741097,-0.0182749494481521,0.0464665050076809,-0.202078250595934,0.00355732500292707,-0.0191934122094499,-0.0534022516936441,0.183427199902024
126.052155093052,-0.0167493048508042,-0.0180582862194702,0.0457154374561004,-0.20083256219874,0.00349847647310397,-0.0190713491669814,-0.0527374913928254,0.182357659784097
126.926345496825,-0.0166913746936889,-0.0178432367773153,0.0449738740045821,-0.199591110155621,0.00344038498360077,-0.0189498028531862,-0.0520804508676362,0.181292041482449
127.806598540793,-0.0166333421314079,-0.0176297886546291,0.0442417289006162,-0.198353940308699,0.00338304346074618,-0.018828775332246,-0.0514310560966603,0.180230377047176
128.692956270265,-0.0165752064531186,-0.0174179295974149,0.0435189166527069,-0.197121097206668,0.00332644486077941,-0.018708268580998,-0.0507892333380375,0.179172697430124
129.585461022141,-0.0165169669120679,-0.0172076475629057,0.0428053520431614,-0.195892624123296,0.00327058217062293,-0.0185882844902907,-0.0501549091407538,0.178119032500592
130.484155426934,-0.0164586227291156,-0.0169989307176992,0.0421009501404025,-0.194668563075879,0.00321544840862211,-0.018468824866333,-0.0495280103555417,0.177069411061005
131.389082410804,-0.0164001730962064,-0.0167917674358568,0.0414056263108127,-0.19344895484362,0.00316103662525255,-0.0183498914320372,-0.0489084641454005,0.176023860862565
132.300285197614,-0.0163416171797892,-0.0165861462969701,0.0407192962301165,-0.192233838985946,0.00310733990379542,-0.0182314858283563,-0.0482961979957392,0.174982408620856
133.217807310988,-0.0162829541241857,-0.0163820560841942,0.0400418758943121,-0.191023253860734,0.00305435136098168,-0.0181136096156128,-0.0476911397241523,0.173945080031412
134.141692576393,-0.0162241830549061,-0.0161794857822487,0.0393732816301584,-0.189817236642463,0.00300206414760562,-0.0179962642748206,-0.0470932174898306,0.172911899785233
135.071985123233,-0.0161653030819153,-0.0159784245753857,0.0387134301052279,-0.188615823340254,0.00295047144910839,-0.0178794512089976,-0.0465023598026176,0.171882891584246
136.008729386957,-0.0161063133028454,-0.0157788618453274,0.038062238337532,-0.187419048815823,0.00289956648613217,-0.0177631717444709,-0.0459184955317141,0.170858078156711
136.951970111177,-0.016047212806159,-0.0155807871691722,0.0374196237047294,-0.186226946801315,0.00284934251504549,-0.0176474271321709,-0.0453415539140408,0.16983748127255
137.901752349813,-0.0159880006742603,-0.0153841903172701,0.0367855039529244,-0.185039549917023,0.00279979282844047,-0.0175322185489175,-0.044771464562262,0.16882112175862
138.858121469236,-0.0159286759865553,-0.0151890612510683,0.0361597972050644,-0.183856889688991,0.00275091075560239,-0.0174175470986946,-0.0442081574724799,0.167809019513897
139.821123150444,-0.0158692378224608,-0.0149953901209265,0.0355424219689458,-0.182678996566484,0.00270268966295248,-0.0173034138139153,-0.0436515630316026,0.16680119352459
140.790803391236,-0.0158096852643628,-0.0148031672639041,0.0349332971448355,-0.181505899939324,0.00265512295446427,-0.0171898196566749,-0.0431016120243961,0.165797661879163
141.767208508414,-0.0157500174005231,-0.0146123832015172,0.0343323420327176,-0.180337628155088,0.00260820407205427,-0.0170767655199935,-0.0425582356402212,0.164798441783276
142.750385139995,-0.0156902333279354,-0.014423028637468,0.0337394763391737,-0.179174208536168,0.00256192649594766,-0.0169642522290468,-0.0420213654794684,0.163803549574628
143.740380247435,-0.0156303321551299,-0.0142350944553468,0.0331546201839049,-0.178015667396668,0.00251628374501937,-0.0168522805423841,-0.04149093355969,0.162813000737701
144.737241117876,-0.0155703130049269,-0.0140485717163051,0.0325776941059047,-0.17686203005916,0.00247126937711141,-0.0167408511531351,-0.0409668723214409,0.161826809918414
145.741015366405,-0.0155101750171389,-0.0138634516567024,0.0320086190692902,-0.175713320871279,0.00242687698932696,-0.0166299646902031,-0.0404491146338315,0.160844990938664
146.751750938323,-0.0154499173512213,-0.0136797256857265,0.0314473164688014,-0.174569563222149,0.00238310021830173,-0.016519621719446,-0.0399375937997999,0.159867556810763
147.769496111443,-0.0153895391888717,-0.0134973853829872,0.0308937081349763,-0.173430779558653,0.0023399327404534,-0.0164098227448434,-0.0394322435611087,0.15889451975177
148.794299498388,-0.0153290397365773,-0.0133164224960841,0.030347716339009,-0.172296991401526,0.00229736827220958,-0.016300568209651,-0.0389329981030735,0.157925891197698
149.826210048919,-0.0152684182281105,-0.0131368289381488,0.029809263797302,-0.171168219361275,0.00225540057021496,-0.0161918584975409,-0.0384397920590276,0.156961681817624
150.865277052271,-0.0152076739269725,-0.0129585967853632,0.0292782736757182,-0.170044483153931,0.00221402343151824,-0.0160836939337282,-0.0379525605145303,0.156001901527661
151.911550139505,-0.0151468061287846,-0.0127817182744516,0.0287546695935416,-0.168925801616607,0.00217323069373942,-0.0159760747860834,-0.037471239011324,0.155046559504826
152.965079285884,-0.0150858141636268,-0.0126061858001504,0.0282383756271562,-0.167812192722887,0.002133016235218,-0.0158690012662309,-0.0369957635510448,0.154095664200775
154.025914813254,-0.0150246973983245,-0.0124319919126531,0.0277293163134486,-0.166703673598027,0.00209337397514282,-0.0157624735306326,-0.0365260705986951,0.153149223355415
155.094107392451,-0.0149634552386806,-0.0122591293150323,0.0272274166529451,-0.165600260533962,0.00205429787366387,-0.0156564916816572,-0.0360620970858804,0.152207244010396
156.169708045722,-0.0149020871316563,-0.0120875908606398,0.0267326021126894,-0.164501969004133,0.00201578193198695,-0.0155510557686351,-0.035603780413819,0.151269732522463
157.25276814916,-0.0148405925674969,-0.0119173695504835,0.0262447986288687,-0.16340881367812,0.00197782019245147,-0.0154461657888979,-0.0351510584561279,0.150336694576687
158.34333943516,-0.0147789710818044,-0.0117484585305838,0.0257639326091978,-0.162320808436075,0.0019404067385921,-0.0153418216888034,-0.0347038695613919,0.149408135199558
159.441473994887,-0.0147172222575558,-0.0115808510893078,0.0252899309350666,-0.161237966382977,0.00190353569518486,-0.0152380233647456,-0.03426215255552,0.148484058771949
160.547224280766,-0.014655345727067,-0.0114145406546839,0.0248227209634608,-0.160160299862673,0.00186720122827808,-0.0151347706641493,-0.0338258467438955,0.147564469041945
161.66064310899,-0.0145933411739017,-0.011249520791696,0.0243622305286612,-0.159087820471734,0.00183139754520886,-0.01503206338645,-0.0333948919133246,0.146649369137527
162.781783662036,-0.0145312083347255,-0.0110857851995583,0.0239083879437313,-0.158020539073109,0.00179611889460554,-0.014929901284058,-0.0329692283337883,0.145738761579136
163.910699491214,-0.0144689470011039,-0.0109233277089716,0.0234611220017985,-0.156958465809581,0.00176135956637678,-0.0148282840633078,-0.0325487967600036,0.14483264829208
165.047444519217,-0.0144065570212452,-0.0107621422793613,0.0230203619771381,-0.155901610117026,0.00172711389168769,-0.0147272113853924,-0.0321335384327983,0.143931030618818
166.192073042701,-0.0143440383016862,-0.0106022229960979,0.0225860376260657,-0.154849980737465,0.0016933762429235,-0.0146266828672813,-0.0317233950803046,0.143033909331095
167.344639734876,-0.0142813908089222,-0.0104435640677008,0.0221580791876461,-0.153803585731927,0.0016601410336415,-0.0145266980826244,-0.0313183089189761,0.142141284641938
168.505199648122,-0.0142186145709792,-0.0102861598230262,0.0217364173842252,-0.1527624324931,0.00162740271851147,-0.0144272565626397,-0.0309182226544338,0.141253156217512
169.673808216612,-0.0141557096789294,-0.010130004708439,0.0213209834217925,-0.151726527757796,0.00159515579324528,-0.0143283577969867,-0.0305230794821447,0.140369523188838
170.850521258965,-0.0140926762883484,-0.00997509328497108,0.0209117089901797,-0.150695877619196,0.00156339479451615,-0.0142300012346236,-0.0301328230879389,0.139490384163365
172.03539498091,-0.0140295146207141,-0.00982142022546459,0.0205085262631039,-0.14967048753892,0.00153211429986799,-0.0141321862846499,-0.0297473976483685,0.138615737236396
173.228485977972,-0.0139662249647479,-0.00966898031170321,0.0201113678980599,-0.148650362358874,0.00150130892761529,-0.0140349123171338,-0.0293667478309138,0.137745580002384
174.429851238172,-0.013902807677696,-0.00951776843153065,0.0197201670360706,-0.147635506312918,0.0014709733367341,-0.0139381786639247,-0.0289908187940404,0.136879909566071
175.639548144754,-0.0138392631865517,-0.00936777957595786,0.0193348573012992,-0.146625923038321,0.00144110222674455,-0.0138419846194501,-0.0286195561871126,0.136018722553497
176.857634478922,-0.0137755919892184,-0.00921900883625999,0.0189553728005318,-0.145621615587031,0.00141169033758526,-0.0137463294414982,-0.0282529061501665,0.135162015122858
178.084168422602,-0.0137117946556119,-0.00907145140106352,0.0185816481225345,-0.144622586436738,0.00138273244948022,-0.0136512123519857,-0.0278908153135466,0.134309782975222
179.319208561219,-0.0136478718287028,-0.00892510255342503,0.0182136183372937,-0.143628837501754,0.00135422338279856,-0.0135566325377105,-0.0275332307974117,0.133462021365112
180.562813886497,-0.0135838242254977,-0.00877995766790209,0.017851218995142,-0.142640370143687,0.00132615799790751,-0.0134625891510902,-0.0271801002111122,0.132618725110932
181.815043799277,-0.0135196526379596,-0.00863601220761766,0.0174943861257794,-0.141657185181934,0.00129853119501911,-0.0133690813108857,-0.0268313716524443,0.131779888605263
183.075958112354,-0.0134553579338671,-0.00849326172131879,0.0171430562371917,-0.140679282903978,0.00127133791403105,-0.0132761081029112,-0.0264869937067839,0.130945505825016
184.345617053333,-0.0133909410576109,-0.00835170184043073,0.0167971663144756,-0.139706663075491,0.00124457313436201,-0.0131836685807291,-0.0261469154461041,0.130115570341433
185.624081267505,-0.0133264030309294,-0.00821132827610758,0.0164566538185721,-0.13873932495026,0.00121823187478189,-0.0130917617663314,-0.0258110864278817,0.129290075329964
186.911411820748,-0.0132617449535815,-0.00807213681628047,0.0161214566849162,-0.137777267279923,0.00119230919323737,-0.0130003866508072,-0.0254794566938935,0.128469013579992
188.207670202438,-0.0131969680039567,-0.00793412332270454,0.015791513322008,-0.136820488323516,0.00116680018667315,-0.0129095421949962,-0.0251519767689082,0.127652377504418
189.512918328392,-0.0131320734396229,-0.00779728372800581,0.0154667626099082,-0.135868985856844,0.00114169999084916,-0.0128192273301288,-0.0248285976592774,0.126840159149116
190.827218543819,-0.0130670625978104,-0.00766161403272907,0.0151471438986654,-0.134922757181675,0.00111700378015427,-0.0127294409584529,-0.0245092708514268,0.126032350202242
192.150633626303,-0.0130019368958338,-0.00752711030238809,0.0148325970066788,-0.133981799134747,0.00109270676741667,-0.012640181953847,-0.0241939483102547,0.125228942003406
193.483226788801,-0.0129366978314498,-0.00739376866451939,0.0145230622190014,-0.133046108096612,0.00106880420371135,-0.0125514491624212,-0.0238825824774374,0.124429925552707
194.82506168266,-0.0128713469831515,-0.00726158530574067,0.0142184802855879,-0.132115680000294,0.00104529137816505,-0.012463241403104,-0.0235751262696477,0.123635291519635
196.176202400658,-0.0128058860103998,-0.00713055646881549,0.0139187924194924,-0.131190510339788,0.00102216361775885,-0.012375557468218,-0.0232715330766871,0.122845030251833
197.536713480066,-0.0127403166537908,-0.00700067844972515,0.0136239402950199,-0.130270594178387,0.000999416287128912,-0.012288396124042,-0.0229717567595375,0.122059131783729
198.906659905733,-0.0126746407351589,-0.00687194759474927,0.0133338660458354,-0.12935592615684,0.000977044788365471,-0.0122017561113611,-0.0226757516483328,0.121277585845026
200.286107113184,-0.0126088601576176,-0.00674436029755654,0.0130485122630361,-0.128446500501353,0.000955044560810552,-0.0121156361460057,-0.0223834725402553,0.120500381869069
201.675120991751,-0.0125429769055355,-0.00661791299630677,0.0127678219931887,-0.127542311031426,0.000933411080854554,-0.0120300349193771,-0.0220948746973591,0.119727509001071
203.073767887718,-0.0124769930444492,-0.00649260217076573,0.0124917387363374,-0.126643351167536,0.000912139861732044,-0.0119449510989629,-0.0218099138443228,0.118958956106215
204.482114607491,-0.0124109107209128,-0.00636842433943417,0.012220206443985,-0.125749613938664,0.000891226453317008,-0.0118603833288408,-0.0215285461661355,0.11819471177762
205.900228420788,-0.0123447321622836,-0.00624537605669243,0.0119531695170518,-0.124861091989669,0.000870666441917808,-0.0117763302301703,-0.0212507283057176,0.11743476434418
207.32817706385,-0.0122784596764458,-0.00612345390996218,0.011690572803815,-0.123977777588516,0.000850455450072093,-0.0116927904016751,-0.0209764173614799,0.116679101878277
208.766028742684,-0.0122120956514695,-0.00600265451688642,0.0114323615978315,-0.123099662633357,0.000830589136341889,-0.0116097624201136,-0.0207055708848233,0.11592771220336
210.213852136311,-0.0121456425552091,-0.00588297452252963,0.0111784816358491,-0.122226738659469,0.000811063195109093,-0.0115272448407394,-0.0204381468775812,0.115180582901408
211.671716400053,-0.0120791029348377,-0.00576441059659908,0.0109288790957072,-0.121358996846053,0.000791873356371598,-0.011445236197752,-0.0201741037894084,0.114437701320256
213.139691168835,-0.0120124794163205,-0.00564695943068914,0.0106835005942305,-0.120496428022898,0.000773015385540226,-0.0113637350047372,-0.0199134005151168,0.113699054580806
214.617846560511,-0.0119457747038262,-0.00553061773554978,0.0104422931851193,-0.119639022676908,0.000754485083236688,-0.0112827397550979,-0.0196559963919628,0.112964629584113
216.10625317921,-0.0118789915790777,-0.00541538223838102,0.0102052043568383,-0.1187867709585,0.000736278285092735,-0.0112022489224752,-0.0194018511968864,0.112234413018343
217.604982118714,-0.0118121329006415,-0.00530124968015447,0.00997218203050642,-0.117939662687878,0.000718390861550689,-0.0111222609611614,-0.0191509251437054,0.111508391365621
219.114104965849,-0.0117452016031577,-0.00518821681296373,0.00974317455779032,-0.117097687361175,0.000700818717665503,-0.0110427743065028,-0.0189031788802677,0.110786550908746
220.633693803907,-0.0116782006965102,-0.00507628039740503,0.00951813071880415,-0.116260834156488,0.000683557792908524,-0.0109637873752943,-0.0186585734855615,0.110068877737803
222.163821216089,-0.0116111332649378,-0.00496543719998947,0.00929699972001697,-0.115429091939776,0.000666604060973078,-0.0108852985661662,-0.018417070466788,0.109355357756642
223.704560288971,-0.011544002466088,-0.00485568399058855,0.00907973119217063,-0.114602449270663,0.000649953529582033,-0.0108073062599622,-0.0181786317563973,0.108645976689252
225.255984615994,-0.0114768115300119,-0.0047470175399142,0.00886627518820957,-0.113780894408116,0.000633602240297458,-0.0107298088201093,-0.0179432197090891,0.107940720086015
226.818168300982,-0.0114095637581041,-0.00463943461703505,0.00865658218122451,-0.11296441531602,0.000617546268332498,-0.0106528045929809,-0.017710797098782,0.107239573329847
228.391185961678,-0.0113422625219855,-0.00453293198693006,0.00845060306241162,-0.112152999668651,0.000601781722365556,-0.0105762919082517,-0.0174813271155512,0.106542521642224
229.975112733314,-0.011274911262332,-0.00442750640808118,0.00824828913904883,-0.111346634856038,0.000586304744356904,-0.010500269079246,-0.0172547733625378,0.105849550089104
231.570024272191,-0.0112075134876485,-0.00432315463010636,0.00804959213249054,-0.110545307989238,0.000571111509367788,-0.0104247344032789,-0.0170310998528309,0.105160643586726
233.175996759301,-0.0111400727729904,-0.00421987339143424,0.00785446417618224,-0.109749005905508,0.000556198225382123,-0.0103496861619908,-0.0168102710063247,0.104475786907314
234.793106903962,-0.0110725927586331,-0.00411765941702209,0.00766285781369607,-0.108957715173387,0.00054156113313084,-0.0102751226216758,-0.0165922516465518,0.10379496468466
236.421431947482,-0.0110050771486898,-0.00401650941611801,0.00747472599678849,-0.108171422097685,0.000527196505918945,-0.0102010420336035,-0.0163770069974949,0.103118161419612
238.061049666849,-0.0109375297096812,-0.00391642008006913,0.00729002208348101,-0.107390112724395,0.000513100649455347,-0.0101274426343354,-0.0161645026803784,0.102445361485444
239.712038378445,-0.0108699542690542,-0.0038173880801767,0.00710869983616479,-0.106613772845514,0.000499269901685494,-0.0100543226460354,-0.0159547047104409,0.101776549133135
241.374476941791,-0.0108023547136556,-0.0037194100655997,0.00693071341972993,-0.105842388003785,0.000485700632626864,-0.0099816802767748,-0.0157475794936916,0.101111708496534
243.048444763306,-0.010734734988158,-0.00362248266130793,0.00675601739972004,-0.105075943497366,0.000472389244207315,-0.00990951372083234,-0.0155430938236501,0.100450823597427
244.734021800108,-0.0106670990934415,-0.0035266024660859,0.00658456674051264,-0.104314424384419,0.000459332170106344,-0.0098378211589892,-0.0153412148780732,0.099793878350504
246.431288563827,-0.0105994510849318,-0.00343176605058877,0.00641631680352581,-0.103557815487637,0.000446525875599237,-0.00976660075881929,-0.015141910215668,0.0991408565682268
248.140326124455,-0.0105317950708967,-0.00333796995545129,0.00625122334545139,-0.102806101398692,0.000433966857404137,-0.00969585067497506,-0.0149451477727954,0.0984917419655953
249.861216114214,-0.010464135210701,-0.00324521068945099,0.00608924251651503,-0.102059266482626,0.000421651643532003,-0.00962556904946899,-0.0147508958601619,0.0978465181648193
251.594040731461,-0.0103964757130229,-0.00315348472772664,0.00593033085876323,-0.101317294882173,0.000409576793139475,-0.0095557540119512,-0.0145591231595047,0.0972051686998938
253.338882744608,-0.0103288208340332,-0.0030627885100529,0.00577444530437725,-0.100580170522031,0.000397738896384599,-0.00948640367998302,-0.0143697987202682,0.0965676770210787
255.09582549608,-0.0102611748755369,-0.00297311843917229,0.00562154317401404,-0.0998478771130615,0.000386134574285409,-0.00941751615930714,-0.0141828919562759,0.095934026499286
256.864952906292,-0.0101935421830821,-0.00288447087918525,0.00547158217517397,-0.0991203981564522,0.000374760478581316,-0.00934908954411418,-0.0139983726423962,0.0953042004303735
258.646349477661,-0.0101259271440345,-0.00279684215399927,0.00532452040059513,-0.098397716947813,0.000363613291597282,-0.00928112191730617,-0.0138162109112061,0.0946781820393486
260.440100298641,-0.0100583341856219,-0.00271022854583786,0.00518031632667383,-0.0976798165812313,0.000352689726110717,-0.00921361135075696,-0.0136363772496517,0.0940559544844805
262.246291047787,-0.0099907677729481,-0.00262462629381018,0.00503892881191112,-0.0969666799532768,0.000341986525221057,-0.00914655590556978,-0.013458842495708,0.0934375008613248
264.065007997846,-0.00992323240698001,-0.00254003159254199,0.00490031709538458,-0.0962582897669632,0.000331500462221967,-0.00907995363233222,-0.0132835778350382,0.0928228042066604
265.896338019882,-0.00985573262250781,-0.0024564405908687,0.00476444079524513,-0.0955546285356661,0.000321228340476102,-0.0090138025713687,-0.0131105547976545,0.0922118475023387
267.740368587419,-0.00978827298608132,-0.00237384939059095,0.00463125990723802,-0.0948556785870029,0.000311166993292353,-0.00894810075299068,-0.0129397452545805,0.0916046136790492
269.597187780627,-0.00972085809392376,-0.00229225404529358,0.00450073480324749,-0.0941614220666731,0.00030131328380553,-0.00888284619774473,-0.012771121414517,0.0910010856199997
271.466884290521,-0.00965349256982474,-0.00221165055922812,0.00437282622986426,-0.0934718409422639,0.000291664104858355,-0.00881803691665865,-0.0126046558205119,0.0904012461645142
273.349547423206,-0.00958618106301447,-0.0021320348862596,0.00424749530697511,-0.0927869170070217,0.00028221637888574,-0.00875367091148579,-0.0124403213466345,0.0898050781115484
275.245267104134,-0.00951892824602095,-0.00205340292887781,0.00412470352637368,-0.0921066318835924,0.000272967057801219,-0.00868974617494775,-0.0122780911946567,0.0892125642231256
277.154133882404,-0.00945173881251196,-0.00197575053727345,0.00400441275039154,-0.0914309670277309,0.000263913122885465,-0.00862626069097548,-0.01211793889074,0.0886236872276915
279.07623893509,-0.00938461747512387,-0.00189907350847954,0.00388658521054869,-0.0907599037319838,0.000255051584676792,-0.00856321243494915,-0.0119598382821312,0.0880384298233928
281.011674071587,-0.00931756896327899,-0.00182336758557799,0.00377118350622228,-0.0900934231293451,0.00024637948286354,-0.00850059937393666,-0.0118037635338662,0.0874567746812764
282.960531738006,-0.00925059802099354,-0.00174862845697184,0.0036581706033327,-0.0894315061968873,0.000237893886178244,-0.0084384194669311,-0.0116496891254826,0.0868787044484141
284.922905021585,-0.00918370940467788,-0.00167485175572302,0.0035475098330458,-0.0887741337593695,0.000229591892293484,-0.00837667066508719,-0.0114975898477441,0.0863042017509514
286.898887655133,-0.00911690788093116,-0.00160203305895567,0.00343916489049029,-0.0881212864928246,0.000221470627719313,-0.00831535091195689,-0.011347440799374,0.0857332491970835
288.888574021513,-0.00905019822433221,-0.00153016788732515,0.00333309983348882,-0.0874729449281249,0.000213527247702134,-0.00825445814372413,-0.0111992173838019,0.0851658293799576
290.892059158146,-0.00898358521522847,-0.0014592517045524,0.00322927908130201,-0.0868290894545309,0.000205758936124944,-0.008193990289439,-0.0110528953059218,0.0846019248805041
292.909438761552,-0.00891707363752493,-0.00138927991702365,0.00312766741338377,-0.0861897003232207,0.0001981629054088,-0.00813394527125121,-0.0109084505688641,0.0840415182701975
294.940809191919,-0.00885066827647509,-0.00132024787345523,0.00302822996814693,-0.0855547576508043,0.000190736396415419,-0.00807432100464319,-0.0107658594707812,0.0834845921137477
296.986267477709,-0.00878437391647553,-0.00125215086462313,0.00293093224173786,-0.0849242414228217,0.000183476678350774,-0.00801511539866264,-0.0106250986016471,0.0829311289717231
299.045911320291,-0.00871819533886628,-0.00118498412315702,0.00283574008681874,-0.0842981314972282,0.000176381048669587,-0.00795632635615488,-0.0104861448400729,0.0823811114031067
301.119839098607,-0.0086521373197386,-0.00111874282339831,0.00274261971135619,-0.0836764076078644,0.000169446832980575,-0.00789795177399473,-0.0103489753501374,0.0818345219677857
303.208149873869,-0.00858620462775211,-0.00105342208132173,0.00265153767741503,-0.0830590493679155,0.000162671384952362,-0.00783998954331838,-0.0102135675782346,0.0812913432289767
305.310943394298,-0.00852040202196316,-0.000989016954519951,0.00256246089995582,-0.082446036273358,0.00015605208621991,-0.00778243754975491,-0.0100798992499372,0.0807515577555865
307.428320099879,-0.00845473424966603,-0.000925522442250734,0.00247535664563474,-0.081837347706396,0.000149586346291365,-0.00772529367365781,-0.0099479483668787,0.0802151481245104
309.560381127168,-0.00838920604424895,-0.000862933485545696,0.00239019253160472,-0.0812329629388864,0.000143271602455192,-0.00766855579033635,-0.00981769320365248,0.0796820969228681
311.707228314113,-0.00832382212306659,-0.000801244967380314,0.0023069365243163,-0.0806328611357551,0.000137105319687481,-0.00761222177028699,-0.00968911230472975,0.0791523867501799
313.868964204927,-0.00825858718533069,-0.000740451712904189,0.00222555693831698,-0.0800370213584035,0.000131084990559315,-0.00755628947942463,-0.00956218448139643,0.0786260002204821
316.045692054981,-0.00819350591002065,-0.000680548489730831,0.00214602243504783,-0.0794454225681062,0.000125208135144059,-0.00750075677931402,-0.00943688880870947,0.0781029199643843
318.237515835737,-0.00812858295381567,-0.000621530008286066,0.00206830202163589,-0.0788580436294001,0.000119472300924486,-0.0074456215274011,-0.0093132046224729,0.0775831286310691
320.444540239715,-0.00806382294904996,-0.000563390922214195,0.00199236504968122,-0.0782748633134652,0.000113875062699601,-0.00739088157724441,-0.00919111151623425,0.0770666088902352
322.666870685493,-0.00799923050169287,-0.000506125828840874,0.00191818121403735,-0.077695860301497,0.000108414022491054,-0.0073365347787465,-0.0090705893383017,0.0765533434339843
324.904613322743,-0.00793481018935524,-0.000449729269691715,0.00184572055158372,-0.0771210131880716,0.000103086809449044,-0.00728257897838544,-0.00895161818878221,0.0760433149786545
327.1578750373,-0.00787056655932356,-0.000394195731065553,0.00177495343998908,-0.0765503004845017,9.78910797575878e-05,-0.00722901201944631,-0.00883417841664118,0.0755365062665992
329.426763456268,-0.00780650412662354,-0.000339519644661244,0.00170585059646447,-0.0759837006221861,9.28245165390534e-05,-0.00717583174225272,-0.00871825061678388,0.0750329000679135
331.711386953162,-0.00774262737211426,-0.000285695388256814,0.00163838307650481,-0.0754211919559497,8.7884829757862e-05,-0.0071230359843984,-0.008603815627159,0.0745324791821099
334.011854653082,-0.00767894074061457,-0.000232717286439844,0.00157252227261767,-0.0748627527673764,8.30697561232335e-05,-0.00707062258097865,-0.0084908545258847,0.0740352264397421
336.328276437929,-0.00761544863906288,-0.000180579611387697,0.00150823991303845,-0.0743083612681333,7.83770589909065e-05,-0.00701858936482185,-0.00837934862839736,0.0735411247039801
338.660762951648,-0.00755215543471162,-0.000129276583696466,0.0014455080604305,-0.0737579956032856,7.3804528263706e-05,-0.00696693416672091,-0.00826927948462339,0.0730501568721361
341.009425605519,-0.00748906545335785,-7.88023732571745e-05,0.00138429911056946,-0.0732116338546043,6.93499802908894e-05,-0.00691565481566449,-0.00816062887617433,0.0725623058771427
343.374376583475,-0.00742618297761089,-2.91511001780306e-05,0.00132458579101067,-0.0726692540438624,6.50112577661636e-05,-0.00686474913906827,-0.00805337881356548,0.0720775546889848
345.75572884746,-0.00736351224519835,1.96831642488276e-05,0.00126634115973856,-0.0721308341361237,6.07862296242985e-05,-0.00681421496300583,-0.00794751153345835,0.0715958863160849
348.153596142828,-0.00730105744731153,6.77063965373592e-05,0.00120953860379726,-0.0715963520430194,5.6672790936242e-05,-0.00676405011243944,-0.00784300949592701,0.0711172838066436
350.568093003772,-0.00723882272699131,0.00011492461995596,0.00115415183790152,-0.0710657856260158,5.26688628026665e-05,-0.00671425241145052,-0.00773985538174876,0.0706417302499369
352.999334758797,-0.00717681217755538,0.000161343903435561,0.00110015490302689,-0.0705391126996699,4.87723922458626e-05,-0.00666481968346974,-0.00763803208971907,0.0701692087775694
355.44743753623,-0.00711502984106792,0.000206970360438991,0.00104752216497855,-0.0700163110348733,4.49813520999135e-05,-0.00661574975150677,-0.0075375227339911,0.0696997025646852
357.912518269762,-0.00705347970685245,0.000251810147793093,0.000996228312938006,-0.0694973583620841,4.12937408990781e-05,-0.00656704043837953,-0.00743831064143995,0.069233194831139
360.39469470404,-0.00699216571004873,0.000295869464485204,0.000946248357986744,-0.0689822323745456,3.77075827643162e-05,-0.00651868956694298,-0.0073403793490517,0.0687696688426245
362.894085400285,-0.00693109173021451,0.000339154550425454,0.000897557631606398,-0.0684709107314915,3.42209272878988e-05,-0.00647069496031727,-0.00724371260133745,0.068309107911765
365.410809741959,-0.00687026158997272,0.00038167168517658,0.000850131784154645,-0.0679633710613361,3.08318494160456e-05,-0.00642305444211524,-0.00714829434777239,0.0678514953991646
367.944987940466,-0.00680967905370491,0.000423427186652736,0.000803946783316308,-0.0674595909648502,2.75384493295346e-05,-0.0063757658366693,-0.00705410874026013,0.0673968147144215
370.496741040893,-0.00674934782629134,0.000464427409788959,0.000758978912529124,-0.0669595480183205,2.43388523222405e-05,-0.00632882696925737,-0.0069611401306222,0.0669450493171044
373.066190927794,-0.00668927155189844,0.000504678745182883,0.000715204769383666,-0.0664632197766922,2.12312086775478e-05,-0.00628223566632805,-0.00686937306811291,0.0664961827176926
375.653460331008,-0.00662945381281404,0.000544187617710305,0.000672601263997001,-0.0659705837766947,1.82136935426111e-05,-0.00623598975572482,-0.00677879229695961,0.0660501984784809
378.258672831527,-0.00656989812833071,0.000582960485116222,0.000631145617359745,-0.0654816175399479,1.52845068004179e-05,-0.00619008706690923,-0.00668938275392835,0.0656070802144496
380.881952867393,-0.00651060795367771,0.000621003836582991,0.000590815359656041,-0.0649962985760505,1.24418729396227e-05,-0.00614452543118299,-0.00660112956591501,0.0651668115941012
383.523425739646,-0.00645158667900183,0.000658324191277202,0.000551588328556336,-0.0645146043856473,9.68404092212998e-06,-0.00609930268190885,-0.00651401804756196,0.0647293763402639
386.183217618305,-0.00639283762839728,0.000694928096876847,0.000513442667482606,-0.0640365124634754,7.00928404839742e-06,-0.00605441665473028,-0.00642803369890013,0.0642947582308627
388.861455548399,-0.0063343640589849,0.00073082212808055,0.000476356823845835,-0.0635620003013896,4.41589982044343e-06,-0.00600986518778976,-0.0063431622030166,0.0638629410996592
391.558267456034,-0.00627616916004092,0.000766012885100227,0.000440309547255744,-0.0630910453913641,1.90220980254331e-06,-0.00596564612194569,-0.00625938942374771,0.0634339088369611
394.273782154498,-0.00621825605217512,0.000800506992139019,0.00040527988770245,-0.0626236252284706,-5.33440520397222e-07,-0.00592175730098779,-0.00617670140339755,0.0630076453903011
397.008129350424,-0.0061606277865587,0.000834311095855935,0.000371247193710228,-0.0621597173138326,-2.89268188679724e-06,-0.00587819657185087,-0.0060950843604819,0.0625841347650874
399.761439649975,-0.00610328734420161,0.00086743186381884,0.00033819111046324,-0.0616992991575532,-5.17712140468728e-06,-0.00583496178482702,-0.00601452468749751,0.0621633610252248
402.533844565089,-0.00604623763527949,0.000899875982947362,0.000306091577903347,-0.0612423482816177,-7.38834270032622e-06,-0.00579205079377597,-0.00593500894871673,0.0617453082937091
405.325476519761,-0.00598948149850989,0.000931650157947232,0.000274928828800059,-0.0607888422227678,-9.52790606914165e-06,-0.00574946145633369,-0.00585652387800734,0.0613299607531935
408.136468856361,-0.00593302170057773,0.000962761109737619,0.000244683386792797,-0.0603387585353485,-1.15973486289889e-05,-0.00570719163411906,-0.00577905637667753,0.0609173026465294
410.966955842014,-0.00587686093560978,0.000993215573873003,0.00021533606440565,-0.0598920747941258,-1.35981844757069e-05,-0.0056652391929385,-0.00570259351134607,0.0605073182772808
413.817072675003,-0.00582100182469784,0.00102302029896099,0.000186867961034795,-0.0594487685970741,-1.5531904840968e-05,-0.00562360200298864,-0.00562712251183732,0.0600999920102146
416.686955491232,-0.00576544691547033,0.00105218204507762,0.000159260460908976,-0.0590088175681338,-1.73999782523837e-05,-0.00558227793905676,-0.00555263076910123,0.059695308271766
419.576741370729,-0.00571019868171195,0.00108070758218165,0.000132495231023213,-0.0585721993599361,-1.92038506958602e-05,-0.00554126488071903,-0.00547910583315807,0.05929325155048
422.486568344193,-0.00565525952303102,0.00110860368852909,0.000106554219046199,-0.0581388916564964,-2.09449457801644e-05,-0.0055005607125365,-0.00540653541106784,0.0588938063974301
425.416575399583,-0.00560063176457399,0.00113587714908952,8.14196512017237e-05,-0.0577088721758738,-2.26246649036725e-05,-0.00546016332424864,-0.00533490736492418,0.0584969574266151
428.366902488763,-0.00554631765678675,0.00116253475396554,5.70740301245919e-05,-0.0572821186727969,-2.42443874232712e-05,-0.00542007061096453,-0.00526420970987272,0.0581026893153334
431.337690534184,-0.00549231937522207,0.00118858329681668,3.35001326914686e-05,-0.056858608941255,-2.58054708253701e-05,-0.00538028047335145,-0.00519443061215359,0.0577109868045358
434.329081435613,-0.00543863902039276,0.001214029573289,1.06810078271636e-05,-0.0564383208170529,-2.7309250898987e-05,-0.00534079081782098,-0.0051255583871682,0.057321834699159
437.341218076915,-0.00538527861766984,0.00123888037945182,-1.14000257130766e-05,-0.0560212321803305,-2.87570419108622e-05,-0.00530159955671234,-0.00505758149756978,0.0569352178684376
440.374244332875,-0.00533224011722513,0.00126314251024271,-3.27593815847372e-05,-0.0556073209580446,-3.01501367825578e-05,-0.00526270460847316,-0.00499048855137787,0.0565511212461976
443.428305076071,-0.00527952539401764,0.00128682275792198,-5.34132081180631e-05,-0.0551965651264128,-3.14898072694932e-05,-0.00522410389783734,-0.00492426830011634,0.0561695298311307
446.503546183793,-0.0052271362478229,0.00130992791053789,-7.33773906042628e-05,-0.0547889427133201,-3.27773041418631e-05,-0.00518579535600017,-0.00485890963697488,0.0557904286870499
449.600114545014,-0.00517507440330477,0.00133246475040365,-9.26675536033058e-05,-0.0543844318006856,-3.40138573673882e-05,-0.00514777692079049,-0.00479440159499383,0.055413802943128
452.718158067401,-0.00512334151012865,0.00135444005258742,-0.000111299063272559,-0.0539830105267895,-3.52006762958426e-05,-0.00511004653683997,-0.004730733345272,0.0550396377941181
455.857825684385,-0.00507193914311553,0.00137586058341632,-0.000129287029715587,-0.0535846570885606,-3.63389498452953e-05,-0.00507260215574931,-0.00466789419519744,0.0546679185005578
459.01926736227,-0.0050208688024361,0.0013967330989955,-0.000146646309350382,-0.0531893497438225,-3.74298466900139e-05,-0.00503544173625145,-0.00460587358670098,0.054298630388957
462.202634107401,-0.0049701319138438,0.00141706434374324,-0.000163391507296227,-0.0527970668134986,-3.84745154499617e-05,-0.00499856324437163,-0.00454466109453217,0.0539317588519695
465.408077973374,-0.00491972982894628,0.00143686104894319,-0.000179536979778463,-0.0524077866837756,-3.94740848818276e-05,-0.00496196465358436,-0.00448424642455765,0.0535672893485502
468.635752068297,-0.00486966382551417,0.00145612993131443,-0.000195096836550332,-0.0520214878082243,-4.04296640715233e-05,-0.00492564394496712,-0.00442461941208151,0.0532052074040966
471.885810562108,-0.00481993510782639,0.00147487769160048,-0.000210084943331071,-0.0516381487098781,-4.13423426280815e-05,-0.00488959910735088,-0.0043657700201877,0.0528454986105761
475.158408693936,-0.004770544807051,0.00149311101317797,-0.00022451492425946,-0.0512577479832684,-4.2213190878886e-05,-0.00485382813746738,-0.00430768833810397,0.0524881486266401
478.453702779515,-0.00472149398166066,0.0015108365606858,-0.00023840016436192,-0.0508802642964165,-4.30432600661627e-05,-0.00481832904009301,-0.00425036457958745,0.0521331431777234
481.771850218653,-0.00467278361788183,0.00152806097867564,-0.000251753812034383,-0.0505056763927812,-4.38335825446664e-05,-0.00478309982818939,-0.00419378908133133,0.051780468056132
485.113009502749,-0.00462441463017662,0.00154479089028438,-0.000264588781536948,-0.0501339630931637,-4.45851719804837e-05,-0.00474813852304069,-0.0041379523013927,0.0514301091211165
488.477340222363,-0.00457638786175648,0.00156103289592934,-0.000276917755500567,-0.0497651032975665,-4.52990235508869e-05,-0.00471344315438734,-0.00408284481764117,0.0510820522989354
491.865003074839,-0.00452870408512658,0.00157679357202681,-0.000288753187444731,-0.0493990759870088,-4.59761141451598e-05,-0.00467901176055652,-0.00402845732622807,0.0507362835829044
495.276159871982,-0.00448136400265999,0.00159207946973464,-0.000300107304305424,-0.0490358602252965,-4.66174025663274e-05,-0.00464484238858912,-0.00397478064007603,0.050392789033436
498.710973547785,-0.00443436824720061,0.00160689711371931,-0.000310992108972238,-0.0486754351607479,-4.72238297337078e-05,-0.00461093309436318,-0.00392180568738872,0.0500515547780671
502.169608166212,-0.00438771738269389,0.00162125300094821,-0.000321419382833926,-0.0483177800278732,-4.77963188862159e-05,-0.00457728194271401,-0.00386952351018045,0.0497125670114762
505.652228929035,-0.00434141190484432,0.00163515359950745,-0.000331400688331358,-0.04796287414901,-4.83357757863453e-05,-0.00454388700755067,-0.00381792526282553,0.0493758119954904
509.159002183727,-0.00429545224179857,0.0016486053474458,-0.000340947371517016,-0.0476106969359125,-4.88430889247457e-05,-0.00451074637196902,-0.00376700221062701,0.0490412760590819
512.690095431402,-0.00424983875485348,0.00166161465164513,-0.000350070564620085,-0.0472612278912957,-4.93191297253285e-05,-0.00447785812836126,-0.00371674572840468,0.0487089455983558
516.245677334823,-0.00420457173918765,0.00167418788671775,-0.000358781188616258,-0.0469144466103346,-4.97647527508205e-05,-0.00444522037852192,-0.00366714729910206,0.0483788070765274
519.825917726449,-0.00415965142461577,0.00168633139393107,-0.000367089955801305,-0.0465703327821168,-5.01807959086888e-05,-0.00441283123375039,-0.00361819851241211,0.0480508470238919
523.430987616559,-0.00411507797636463,0.0016980514801597,-0.000375007372367516,-0.0462288661910514,-5.0568080657366e-05,-0.00438068881494983,-0.00356989106342148,0.047725052037784
527.061059201407,-0.00407085149586978,0.00170935441686565,-0.000382543740982095,-0.0458900267182315,-5.09274122126984e-05,-0.00434879125272272,-0.00352221675127308,0.0474014087825304
530.716305871459,-0.00402697202159185,0.0017202464391064,-0.000389709163366625,-0.0455537943427514,-5.12595797545412e-05,-0.00431713668746274,-0.00347516747784663,0.0470799039893932
534.396902219665,-0.00398343952985154,0.00173073374457155,-0.000396513542876694,-0.0452201491429801,-5.15653566334305e-05,-0.00428572326944322,-0.0034287352464571,0.0467605244565066
538.103024049808,-0.00394025393568229,0.00174082249264782,-0.000402966587080778,-0.044889071297788,-5.18455005772534e-05,-0.00425454915890211,-0.00338291216057074,0.0464432570488049
541.834848384891,-0.00389741509369955,0.00175051880351285,-0.000409077810337545,-0.0445605410877309,-5.21007538978499e-05,-0.00422361252612346,-0.00333769042253838,0.0461280886979443
545.592553475602,-0.00385492279898586,0.00175982875725773,-0.000414856536370664,-0.0442345388961877,-5.23318436974679e-05,-0.00419291155151534,-0.00329306233234594,0.0458150064022173
549.376318808822,-0.00381277678799058,0.00176875839303849,-0.000420311900840274,-0.0439110452104551,-5.25394820750044e-05,-0.00416244442568447,-0.00324902028638184,0.0455039972264603
553.1863251162,-0.00377097673944339,0.0017773137082565,-0.000425452853910291,-0.0435900406227979,-5.27243663319614e-05,-0.00413220934950729,-0.00320555677622103,0.0451950483019549
557.022754382788,-0.00372952227528069,0.00178550065776785,-0.000430288162810666,-0.0432715058314554,-5.28871791780478e-05,-0.00410220453419762,-0.00316266438742542,0.0448881468263232
560.885789855729,-0.00368841296158375,0.00179332515312178,-0.000434826414393799,-0.042955421641605,-5.30285889363552e-05,-0.00407242820137105,-0.00312033579836066,0.0445832800634166
564.775616053012,-0.00364764830952797,0.00180079306182799,-0.000439076017684318,-0.0426417689662818,-5.31492497480479e-05,-0.00404287858310576,-0.00307856377902874,0.0442804353431993
568.692418772287,-0.00360722777634206,0.00180791020665295,-0.000443045206421364,-0.0423305288272567,-5.32498017764911e-05,-0.00401355392200022,-0.00303734118991647,0.0439796000616261
572.636385099737,-0.00356715076627648,0.00181468236494495,-0.000446742041592675,-0.0420216823558708,-5.33308714107636e-05,-0.0039844524712274,-0.0029966609808594,0.0436807616805148
576.607703419018,-0.00352741663158007,0.00182111526798798,-0.000450174413959634,-0.0417152107938295,-5.33930714684798e-05,-0.00395557249458582,-0.00295651618992117,0.0433839077274138
580.606563420252,-0.00348802467348415,0.0018272146003841,-0.000453350046572586,-0.0414110954939536,-5.34370013978698e-05,-0.00392691226654726,-0.00291689994228782,0.043089025795464
584.633156109091,-0.00344897414319313,0.00183298599946432,-0.000456276497275647,-0.0411093179208904,-5.34632474790462e-05,-0.00389847007230132,-0.00287780544917709,0.0427961035432572
588.687673815838,-0.00341026424288087,0.00183843505472779,-0.000458961161200333,-0.0408098596517836,-5.34723830244081e-05,-0.00387024420779677,-0.00283922600676232,0.0425051286946889
592.77031020464,-0.00337189412669196,0.00184356730730897,-0.000461411273247241,-0.0405127023769031,-5.34649685781148e-05,-0.00384223297977973,-0.00280115499511081,0.0422160890388071
596.881260282727,-0.00333386290174706,0.00184838824947275,-0.000463633910555187,-0.0402178279002359,-5.344155211458e-05,-0.00381443470582882,-0.00276358587713643,0.0419289724296569
601.020720409738,-0.00329616962915159,0.00185290332413712,-0.000465635994957079,-0.0399252181400368,-5.34026692359282e-05,-0.00378684771438714,-0.00272651219756622,0.0416437667861216
605.188888307094,-0.003258813325007,0.00185711792442328,-0.000467424295421874,-0.0396348551293414,-5.33488433683572e-05,-0.00375947034479131,-0.00268992758192086,0.0413604600917585
609.385963067442,-0.00322179296142384,0.00186103739323277,-0.000469005430482051,-0.0393467210164403,-5.32805859573614e-05,-0.00373230094729749,-0.0026538257355087,0.041079040394633
613.612145164168,-0.00318510746753588,0.00186466702285141,-0.000470385870645937,-0.0390607980653166,-5.31983966617568e-05,-0.00370533788310442,-0.00261820044243325,0.0407994958071474
617.867636460969,-0.00314875573051469,0.00186801205457982,-0.000471571940794318,-0.0387770686560455,-5.31027635464679e-05,-0.00367857952437364,-0.00258304556461381,0.040521814505867
622.152640221499,-0.00311273659658383,0.00187107767838999,-0.000472569822560791,-0.0384955152851585,-5.2994163274022e-05,-0.00365202425424679,-0.00254835504081921,0.0402459847313435
626.467361119072,-0.00307704887203212,0.0018738690326077,-0.000473385556695256,-0.0382161205659712,-5.28730612947078e-05,-0.00362567046686016,-0.00251412288571425,0.0399719947879341
630.812005246445,-0.00304169132422526,0.00187639120362051,-0.000474025045410088,-0.0379388672288759,-5.27399120353567e-05,-0.00359951656735641,-0.00248034318891885,0.0396998330436184
635.186780125658,-0.0030066626826152,0.00187864922561072,-0.000474494054708428,-0.0376637381215999,-5.25951590867001e-05,-0.00357356097189363,-0.0024470101140796,0.0394294879298124
639.591894717946,-0.00297196163974659,0.00188064808031317,-0.000474798216694116,-0.0373907162094297,-5.24392353892656e-05,-0.00354780210765175,-0.00241411789795353,0.0391609479411795
644.027559433723,-0.00293758685225989,0.00188239269679734,-0.000474943031862841,-0.0371197845754017,-5.22725634177713e-05,-0.00352223841283626,-0.00238166084950398,0.0388942016354388
648.493986142629,-0.0029035369418903,0.00188388795127334,-0.000474933871373989,-0.0368509264204607,-5.20955553639812e-05,-0.00349686833667944,-0.0023496333490083,0.0386292376331712
652.991388183652,-0.00286981049646225,0.00188513866692155,-0.000474775979302824,-0.0365841250635852,-5.1908613317986e-05,-0.00347169033943906,-0.00231802984717727,0.038366044617623
657.519980375318,-0.00283640607087863,0.00188614961374525,-0.000474474474872565,-0.0363193639418827,-5.17121294478754e-05,-0.00344670289239456,-0.00228684486428601,0.0381046113345069
662.07997902595,-0.00280332218810453,0.00188692550844601,-0.000474034354665979,-0.0360566266106531,-5.15064861777696e-05,-0.00342190447784089,-0.00225607298931627,0.0378449265918014
666.671601944003,-0.00277055734014477,0.0018874710143213,-0.000473460494816119,-0.0357958967434221,-5.12920563641786e-05,-0.00339729358907998,-0.00222570887910981,0.0375869792595473
671.295068448464,-0.00273810998901488,0.0018877907411839,-0.000472757653175864,-0.035537158131946,-5.10692034706599e-05,-0.00337286873040982,-0.00219574725753289,0.037330758269643
675.950599379332,-0.00270597856770502,0.00188788924530269,-0.000471930471465931,-0.0352803946861859,-5.08382817407499e-05,-0.0033486284171114,-0.00216618291465144,0.0370762526156374
680.638417108163,-0.00267416148113639,0.00188777102936431,-0.000470983477401061,-0.0350255904342556,-5.05996363691385e-05,-0.00332457117543335,-0.00213701070591705,0.0368234513525209
685.358745548692,-0.00264265710710984,0.00188744054245533,-0.000469921086794055,-0.0347727295223407,-5.03536036710657e-05,-0.00330069554257449,-0.0021082255513633,0.0365723435965149
690.11181016753,-0.00261146379724604,0.00188690218006431,-0.00046874760563744,-0.0345217962145911,-5.01005112499173e-05,-0.00327700006666423,-0.00207982243481259,0.0363229185248599
694.897837994932,-0.00258057987791712,0.00188616028410347,-0.000467467232162468,-0.0342727748929879,-4.9840678162997e-05,-0.00325348330674097,-0.00205179640309302,0.0360751653756013
699.717057635642,-0.0025500036511692,0.00188521914294935,-0.000466084058875243,-0.0340256500571834,-4.95744150854557e-05,-0.00323014383272847,-0.00202414256526537,0.035829073447374
704.569699279812,-0.00251973339563555,0.00188408299150207,-0.000464602074569756,-0.0337804063243177,-4.93020244723611e-05,-0.00320698022541031,-0.00199685609185993,0.0355846320991861
709.455994713995,-0.00248976736744011,0.00188275601126268,-0.000463025166317608,-0.0335370284288101,-4.90238007188887e-05,-0.00318399107640241,-0.00196993221412306,0.0353418307502001
714.376177332221,-0.00246010380109092,0.00188124233042815,-0.000461357121434278,-0.0332955012221269,-4.87400303186211e-05,-0.00316117498812378,-0.00194336622327336,0.0351006588795142
719.33048214714,-0.00243074091036335,0.00187954602400355,-0.000459601629421752,-0.0330558096725268,-4.84509920199394e-05,-0.00313853057376541,-0.00191715346976721,0.034861106025941
724.31914580125,-0.0024016768891727,0.0018776711139308,-0.000457762283887361,-0.0328179388647837,-4.81569569804971e-05,-0.0031160564572575,-0.00189128936257367,0.0346231617877858
729.342406578201,-0.00237290991243605,0.00187562156923377,-0.000455842584438728,-0.0325818739998875,-4.78581889197629e-05,-0.00309375127323497,-0.00186576936845847,0.0343868158226238
734.400504414174,-0.00234443813692297,0.00187340130617903,-0.00045384593855468,-0.0323476003947245,-4.75549442696238e-05,-0.00307161366700133,-0.00184058901127708,0.0341520578470757
739.493680909344,-0.00231625970209505,0.00187101418845183,-0.00045177566343204,-0.0321151034817369,-4.72474723230405e-05,-0.00304964229449099,-0.00181574387127663,0.0339188776365831
744.622179339418,-0.00228837273093388,0.00186846402734698,-0.000449634987808243,-0.0318843688085629,-4.69360153807476e-05,-0.00302783582223005,-0.00179122958440656,0.033687265025182
749.786244667259,-0.00226077533075737,0.00186575458197394,-0.000447427053759669,-0.0316553820376575,-4.66208088959927e-05,-0.00300619292729556,-0.00176704184163791,0.0334572099052762
754.98612355458,-0.00223346559402427,0.00186288955947581,-0.00044515491847567,-0.0314281289458945,-4.63020816173095e-05,-0.00298471229727345,-0.00174317638829112,0.0332287022274096
760.222064373731,-0.0022064415991266,0.00185987261526177,-0.00044282155600825,-0.0312025954241516,-4.59800557293224e-05,-0.00296339263021498,-0.0017196290233722,0.0330017320000374
765.494317219563,-0.00217970141117001,0.00185670735325232,-0.000440429858997374,-0.0309787674768767,-4.56549469915804e-05,-0.00294223263459188,-0.00169639559891704,0.0327762892892966
770.803133921369,-0.00215324308274178,0.00185339732613716,-0.000437982640371902,-0.0307566312216388,-4.53269648754176e-05,-0.00292123102925029,-0.00167347201934403,0.0325523642187764
776.148768054917,-0.00212706465466649,0.00184994603564496,-0.000435482635026153,-0.0305361728886624,-4.49963126988434e-05,-0.00290038654336333,-0.0016508542408145,0.0323299469692874
781.531474954562,-0.00210116415674911,0.00184635693282479,-0.0004329325014721,-0.0303173788203461,-4.4663187759459e-05,-0.00287969791638264,-0.00162853827060117,0.03210902777863
786.951511725437,-0.00207553960850552,0.00184263341833869,-0.000430334823467275,-0.0301002354707663,-4.43277814654084e-05,-0.0028591638979886,-0.00160652016646435,0.0318895969413625
792.40913725574,-0.00205018901988039,0.00183877884276487,-0.000427692111618362,-0.0298847294051674,-4.39902794643611e-05,-0.00283878324803963,-0.00158479603603572,0.0316716448085686
797.904612229097,-0.00202511039195221,0.00183479650691126,-0.000425006804960591,-0.0296708472994368,-4.36508617705347e-05,-0.00281855473652032,-0.00156336203620981,0.0314551617876247
803.438199137013,-0.00200030171762563,0.00183068966213889,-0.000422281272512967,-0.0294585759395678,-4.33097028897604e-05,-0.00279847714348859,-0.0015422143725428,0.0312401383419659
809.01016229141,-0.0019757609823109,0.0018264615106946,-0.00041951781480942,-0.0292479022211092,-4.2966971942599e-05,-0.00277854925902193,-0.00152134929865871,0.0310265649908523
814.620767837254,-0.0019514861645904,0.00182211520605289,-0.000416718665405973,-0.0290388131486031,-4.26228327855135e-05,-0.00275876988316267,-0.00150076311566281,0.0308144323091346
820.270283765263,-0.00192747523687234,0.00181765385326628,-0.000413885992364011,-0.028831295835011,-4.22774441301046e-05,-0.00273913782586236,-0.00148045217156221,0.0306037309270193
825.958979924714,-0.0019037261660315,0.00181308050932388,-0.000411021899709775,-0.0286253375011283,-4.19309596604217e-05,-0.00271965190692541,-0.0014604128606934,0.0303944515298337
831.687128036326,-0.00188023691403707,0.00180839818351776,-0.000408128428870188,-0.0284209254749891,-4.15835281483539e-05,-0.00270031095595183,-0.00144064162315683,0.03018658485779
837.455001705243,-0.00185700543856758,0.00180360983781674,-0.00040520756008515,-0.02821804719126,-4.12352935671148e-05,-0.00268111381227931,-0.00142113494425819,0.0299801217057503
843.262876434102,-0.00183402969361297,0.00179871838724715,-0.000402261213796422,-0.0280166901906252,-4.08863952028305e-05,-0.0026620593249245,-0.00140188935395661,0.0297750529229901
849.111029636188,-0.00181130763006375,0.00179372670028036,-0.000399291252013275,-0.0278168421191615,-4.05369677642425e-05,-0.00264314635252368,-0.00138290142631934,0.0295713694129619
854.999740648693,-0.00178883719628739,0.00178863759922642,-0.000396299479655008,-0.0276184907277057,-4.01871414905367e-05,-0.00262437376327281,-0.00136416777898312,0.0293690621330592
860.92929074605,-0.0017666163386919,0.00178345386063372,-0.000393287645870551,-0.027421623871213,-3.98370422573147e-05,-0.0026057404348669,-0.00134568507262195,0.0291681220943795
866.899963153375,-0.00174464300227666,0.00177817821569423,-0.000390257445335269,-0.0272262295081079,-3.94867916807159e-05,-0.00258724525443891,-0.00132745001042126,0.0289685403614876
872.91204305999,-0.00172291513117066,0.00177281335065385,-0.000387210519525178,-0.0270322956996284,-3.91365072197088e-05,-0.00256888711849807,-0.00130945933755842,0.0287703080521786
878.965817633049,-0.001701430669158,0.00176736190722775,-0.000384148457968737,-0.0268398106091625,-3.87863022765639e-05,-0.00255066493286774,-0.00129170984068939,0.0285734163372407
885.061576031251,-0.00168018756019103,0.00176182648302011,-0.000381072799476406,-0.0266487625015789,-3.84362862955237e-05,-0.0025325776126228,-0.00127419834744156,0.0283778564402183
891.199609418655,-0.00165918374889089,0.00175620963194822,-0.000377985033348158,-0.0264591397425514,-3.80865648596848e-05,-0.00251462408202663,-0.00125692172591261,0.0281836196371743
897.380210978585,-0.00163841718103577,0.00175051386467035,-0.000374886600559159,-0.0262709307978781,-3.77372397861102e-05,-0.00249680327446766,-0.00123987688417538,0.0279906972564531
903.603675927636,-0.00161788580403685,0.00174474164901724,-0.000371778894923802,-0.0260841242327949,-3.73884092191852e-05,-0.00247911413239568,-0.00122306076978855,0.0277990806784432
909.870301529772,-0.00159758756740216,0.00173889541042692,-0.000368663264238312,-0.0258987087112847,-3.70401677222369e-05,-0.00246155560725764,-0.00120647036931326,0.0276087613353397
916.18038711053,-0.00157752042318821,0.00173297753238241,-0.000365541011402133,-0.0257146729953819,-3.66926063674321e-05,-0.00244412665943335,-0.00119010270783532,0.0274197307109069
922.534234071309,-0.00155768232643982,0.00172699035685216,-0.000362413395518323,-0.025532005944473,-3.63458128239728e-05,-0.0024268262581708,-0.00117395484849323,0.0272319803402411
928.932145903777,-0.001538071235618,0.00172093618473293,-0.000359281632973163,-0.0253506965145935,-3.5999871444606e-05,-0.00240965338152123,-0.0011580238920117,0.0270455018095333
935.374428204358,-0.00151868511301611,0.00171481727629474,-0.000356146898495216,-0.0251707337577216,-3.56548633504681e-05,-0.0023926070162741,-0.0011423069762407,0.0268602867558316
941.861388688833,-0.0014995219251645,0.00170863585162774,-0.000353010326194066,-0.0249921068210685,-3.53108665142797e-05,-0.00237568615789179,-0.00112680127570003,0.0266763268668046
948.39333720704,-0.00148057964322351,0.00170239409109061,-0.000349873010578959,-0.0248148049463667,-3.49679558419121e-05,-0.00235888981044413,-0.00111150400112915,0.0264936138805037
954.970585757668,-0.00146185624336526,0.00169609413576042,-0.000346736007557592,-0.0246388174691555,-3.46262032523429e-05,-0.00234221698654293,-0.00109641239904246,0.0263121395851265
961.593448503166,-0.00144334970714415,0.00168973808788352,-0.000343600335415282,-0.0244641338180646,-3.42856777560213e-05,-0.00232566670727625,-0.00108152375128975,0.02613189581878
968.262241784745,-0.00142505802185629,0.00168332801132729,-0.000340466975774749,-0.0242907435140963,-3.39464455316611e-05,-0.00230923800214272,-0.00106683537462181,0.0259528744692434
974.977284137491,-0.00140697918088797,0.00167686593203263,-0.000337336874536771,-0.0241186361699057,-3.36085700014829e-05,-0.00229292990898572,-0.00105234462026124,0.0257750674737321
981.738896305574,-0.00138911118405336,0.00167035383846671,-0.000334210942801932,-0.0239478014890803,-3.3272111904923e-05,-0.00227674147392758,-0.00103804887347824,0.0255984668186612
988.547401257578,-0.00137145203792152,0.00166379368207606,-0.000331090057773736,-0.023778229265419,-3.29371293708318e-05,-0.00226067175130378,-0.00102394555317144,0.0254230645394088
995.403124201917,-0.00135399975613292,0.00165718737773956,-0.000327975063643299,-0.0236099093822096,-3.26036779881789e-05,-0.00224471980359708,-0.00101003211145363,0.0252488527200807
1002.30639260238,-0.00133675235970558,0.00165053680422128,-0.000324866772455912,-0.0234428318115069,-3.22718108752874e-05,-0.00222888470137183,-0.000996306033242373,0.0250758234932742
1009.25753619375,-0.00131970787733103,0.00164384380462281,-0.000321765964959673,-0.0232769866134106,-3.19415787476164e-05,-0.0022131655232082,-0.000982764835855456,0.0249039690398426
1016.2568869976,-0.00130286434566015,0.00163711018683509,-0.000318673391436481,-0.0231123639353427,-3.16130299841117e-05,-0.00219756135563654,-0.000969406068611041,0.02473328158866
1023.30477933808,-0.00128621980957919,0.0016303377239894,-0.000315589772515622,-0.0229489540113268,-3.12862106921475e-05,-0.00218207129307188,-0.000956227312432576,0.0245637534163861
1030.40154985798,-0.00126977232247596,0.00162352815490741,-0.00031251579997019,-0.0227867471612663,-3.09611647710754e-05,-0.00216669443774841,-0.00094322617945828,0.0243953768472315
1037.5475375347,-0.00125351994649647,0.00161668318455006,-0.000309452137496622,-0.022625733790225,-3.06379339744057e-05,-0.0021514298996543,-0.000930400312655283,0.0242281442527232
1044.74308369654,-0.00123746075279214,0.00160980448446519,-0.000306399421477566,-0.022465904387708,-3.0316557970638e-05,-0.00213627679646643,-0.000917747385438235,0.0240620480514702
1051.98853203895,-0.00122159282175769,0.00160289369323366,-0.000303358261728356,-0.0223072495269442,-2.99970744027635e-05,-0.00212123425348547,-0.000905265101292443,0.0238970807089299
1059.28422864097,-0.00120591424325998,0.00159595241691394,-0.000300329242227331,-0.0221497598641703,-2.96795189464578e-05,-0.00210630140357105,-0.000892951193401389,0.0237332347371743
1066.63052198171,-0.0011904231168578,0.00158898222948487,-0.000297312921830268,-0.0219934261379165,-2.93639253669873e-05,-0.00209147738707714,-0.000880803424278667,0.0235705026946568
1074.02776295709,-0.00117511755201293,0.00158198467328654,-0.000294309834969134,-0.021838239168294,-2.90503255748458e-05,-0.00207676135178765,-0.000868819585404186,0.0234088771859792
1081.4763048965,-0.00115999566829259,0.0015749612594592,-0.000291320492335477,-0.0216841898562849,-2.87387496801453e-05,-0.00206215245285227,-0.000856997496864708,0.0232483508616594
1088.97650357974,-0.00114505559556325,0.00156791346837995,-0.000288345381548624,-0.0215312691830341,-2.84292260457783e-05,-0.00204764985272248,-0.000845335006998543,0.0230889164178989
1096.52871725401,-0.00113029547417634,0.00156084275009713,-0.000285384967809005,-0.0213794682091435,-2.81217813393738e-05,-0.00203325272108792,-0.000833829992044478,0.022930566596351
1104.13330665098,-0.0011157134551456,0.00155375052476243,-0.00028243969453679,-0.0212287780739692,-2.78164405840656e-05,-0.00201896023481293,-0.000822480355794772,0.0227732941838896
1111.79063500406,-0.00110130770031658,0.00154663818306035,-0.000279509983996133,-0.0210791899949208,-2.75132272080943e-05,-0.0020047715778734,-0.000811284029252283,0.0226170920123781
1119.50106806575,-0.00108707638252819,0.00153950708663511,-0.00027659623790522,-0.0209306952667647,-2.7212163093261e-05,-0.00199068594129391,-0.000800238970291576,0.0224619529584385
1127.26497412507,-0.00107301768576664,0.00153235856851485,-0.000273698838032412,-0.0207832852609289,-2.69132686222543e-05,-0.00197670252308515,-0.000789343163324058,0.0223078699432217
1135.0827240252,-0.00105912980531176,0.00152519393353299,-0.00027081814677867,-0.0206369514248121,-2.66165627248685e-05,-0.0019628205281817,-0.000778594618967013,0.0221548359321773
1142.95469118117,-0.00104541094787608,0.00151801445874669,-0.000267954507746556,-0.0204916852810957,-2.63220629231348e-05,-0.00194903916838005,-0.00076799137371657,0.0220028439348242
1150.8812515977,-0.00103185933173659,0.00151082139385228,-0.000265108246295995,-0.0203474784270591,-2.60297853753811e-05,-0.001935357662277,-0.000757531489624474,0.0218518870045224
1158.86278388715,-0.00101847318685948,0.00150361596159765,-0.000262279670087074,-0.020204322533899,-2.57397449192443e-05,-0.0019217752352084,-0.00074721305397872,0.0217019582382436
1166.89966928762,-0.00100525075501793,0.0014963993581915,-0.000259469069610082,-0.0200622093460511,-2.54519551136492e-05,-0.00190829111918819,-0.000737034178987885,0.0215530507763441
1174.99229168114,-0.000992190289903246,0.00148917275370928,-0.000256676718703046,-0.0199211306805174,-2.51664282797775e-05,-0.00189490455284785,-0.000726993001469246,0.021405157802337
1183.14103761204,-0.000979290057229289,0.00148193729249588,-0.000253902875056972,-0.0197810784261956,-2.48831755410414e-05,-0.00188161478137617,-0.000717087682540517,0.021258272542665
1191.34629630538,-0.000966548334830515,0.00147469409356496,-0.000251147780709029,-0.0196420445432132,-2.46022068620841e-05,-0.0018684210564594,-0.000707316407315274,0.0211123882664742
1199.60845968555,-0.000953963412753677,0.00146744425099484,-0.000248411662523898,-0.0195040210622657,-2.43235310868219e-05,-0.0018553226362218,-0.00069767738460193,0.020967498285388
1207.92792239501,-0.000941533593343413,0.00146018883432088,-0.000245694732663512,-0.019367000083959,-2.40471559755492e-05,-0.00184231878516653,-0.000688168846606315,0.020823595953282
1216.3050818131,-0.000929257191321773,0.00145292888892431,-0.000242997189045397,-0.0192309737781548,-2.37730882411225e-05,-0.00182940877411692,-0.000678789048637721,0.0206806746660583
1224.74033807505,-0.000917132533861944,0.00144566543641755,-0.000240319215789845,-0.0190959343833223,-2.35013335842417e-05,-0.00181659188015822,-0.000669536268818471,0.020538727861422
1233.23409409112,-0.000905157960656186,0.00143839947502581,-0.000237660983656125,-0.0189618742058919,-2.32318967278462e-05,-0.00180386738657965,-0.000660408807796885,0.0203977490186565
1241.78675556577,-0.000893331823978263,0.00143113197996503,-0.000235022650467949,-0.0188287856196156,-2.29647814506432e-05,-0.00179123458281691,-0.000651404988463688,0.0202577316584008
1250.39873101711,-0.000881652488740362,0.00142386390381613,-0.000232404361528401,-0.0186966610649295,-2.26999906197856e-05,-0.00177869276439503,-0.000642523155671735,0.0201186693424267
1259.07043179635,-0.000870118332544779,0.00141659617689546,-0.000229806250024542,-0.0185654930483231,-2.24375262227161e-05,-0.0017662412328718,-0.000633761675959106,0.0199805556734162
1267.80227210752,-0.000858727745730388,0.0014093297076215,-0.000227228437421888,-0.0184352741417115,-2.21773893981942e-05,-0.00175387929578135,-0.000625118937275449,0.0198433842947402
1276.5946690272,-0.000847479131414106,0.00140206538287774,-0.000224671033848972,-0.0183059969818125,-2.1919580466523e-05,-0.00174160626657843,-0.000616593348711597,0.0197071488902377
1285.44804252445,-0.000836370905527475,0.00139480406837167,-0.00022213413847219,-0.0181776542695293,-2.16640989589924e-05,-0.00172942146458291,-0.000608183340232409,0.019571843183995
1294.36281548089,-0.000825401496848437,0.00138754660899,-0.000219617839861113,-0.0180502387693366,-2.14109436465534e-05,-0.00171732421492479,-0.000599887362412756,0.0194374609401259
1303.33941371088,-0.000814569347028529,0.00138029382914985,-0.000217122216344492,-0.0179237433086726,-2.11601125677413e-05,-0.00170531384848968,-0.000591703886176694,0.0193039959625526
1312.37826598188,-0.000803872910615512,0.00137304653314619,-0.000214647336357107,-0.0177981607773346,-2.09116030558619e-05,-0.00169338970186458,-0.000583631402539709,0.0191714420947872
1321.47980403488,-0.000793310655071678,0.00136580550549524,-0.000212193258777693,-0.0176734841268805,-2.06654117654574e-05,-0.00168155111728425,-0.000575668422354071,0.0190397932197136
1330.6444626051,-0.000782881060787837,0.00135857151127398,-0.000209760033258088,-0.0175497063700342,-2.04215346980658e-05,-0.00166979744257791,-0.000567813476057194,0.0189090432593699
1339.87267944269,-0.000772582621093233,0.00135134529645574,-0.000207347700543821,-0.017426820580097,-2.01799672272906e-05,-0.00165812803111641,-0.000560065113423045,0.0187791861747322
1349.16489533366,-0.00076241384226138,0.00134412758824178,-0.000204956292786304,-0.0173048198903622,-1.9940704123194e-05,-0.00164654224175983,-0.000552421903316486,0.018650215965498
1358.52155412096,-0.000752373243512055,0.00133691909538898,-0.000202585833846812,-0.0171836974935365,-1.97037395760292e-05,-0.00163503943880558,-0.000544882433450595,0.0185221266698711
1367.94310272563,-0.000742459357009464,0.00132972050853352,-0.000200236339592417,-0.0170634466411647,-1.94690672193253e-05,-0.00162361899193682,-0.000537445310146863,0.0183949123643466
1377.42999116818,-0.000732670727856783,0.00132253250051059,-0.000197907818184075,-0.0169440606430605,-1.92366801523403e-05,-0.00161228027617144,-0.000530109158098299,0.0182685671634971
1386.98267259009,-0.0007230059140871,0.0013153557266702,-0.000195600270357005,-0.0168255328667413,-1.9006570961894e-05,-0.00160102267181144,-0.00052287262013535,0.0181430852197589
1396.60160327544,-0.000713463486650953,0.00130819082518895,-0.000193313689693548,-0.0167078567368689,-1.87787317435968e-05,-0.00158984556439271,-0.00051573435699467,0.0180184607232195
1406.2872426727,-0.000704042029400491,0.00130103841737794,-0.000191048062888667,-0.0165910257346939,-1.8553154122486e-05,-0.00157874834463534,-0.00050869304709063,0.0178946879014052
1416.04005341668,-0.000694740139070452,0.00129389910798663,-0.000188803370008253,-0.0164750333975067,-1.83298292730845e-05,-0.00156773040839431,-0.000501747386289623,0.0177717610190701
1425.86050135065,-0.000685556425255961,0.00128677348550283,-0.000186579584740381,-0.016359873318092,-1.81087479388926e-05,-0.00155679115661061,-0.000494896087687054,0.0176496743779851
1435.74905554856,-0.000676489510387357,0.00127966212244875,-0.000184376674639705,-0.016245539144189,-1.78899004513292e-05,-0.00154592999526288,-0.000488137881387053,0.0175284223167279
1445.70618833745,-0.000667538029702053,0.00127256557567314,-0.000182194601365109,-0.0161320245779561,-1.76732767481306e-05,-0.00153514633531941,-0.000481471514284816,0.0174079992104737
1455.73237532004,-0.000658700631213608,0.00126548438663947,-0.000180033320910797,-0.0160193233754414,-1.74588663912239e-05,-0.00152443959269065,-0.000474895749851616,0.0172883994707868
1465.8280953974,-0.000649975975678042,0.00125841908171029,-0.000177892783830952,-0.0159074293460571,-1.7246658584083e-05,-0.00151380918818207,-0.000468409367922381,0.0171696175454124
1475.99383079187,-0.000641362736557544,0.00125137017242768,-0.000175772935458124,-0.0157963363520595,-1.70366421885823e-05,-0.0015032545474476,-0.000462011164485878,0.0170516479180699
1486.23006707006,-0.000632859599981619,0.00124433815578986,-0.000173673716115476,-0.0156860383080337,-1.6828805741358e-05,-0.00149277510094332,-0.00045569995147741,0.0169344851082456
1496.53729316606,-0.000624465264705805,0.00123732351452394,-0.000171595061323046,-0.0155765291803834,-1.66231374696893e-05,-0.00148237028388182,-0.000449474556574067,0.016818123670988
1506.9160014048,-0.000616178442068012,0.00123032671735487,-0.000169536901998151,-0.0154678029868251,-1.641962530691e-05,-0.00147203953618672,-0.000443333822992431,0.0167025581967021
1517.36668752555,-0.000607997855942614,0.00122334821927061,-0.000167499164650081,-0.0153598537958883,-1.62182569073637e-05,-0.00146178230244792,-0.000437276609288771,0.0165877833109454
1527.88985070559,-0.000599922242692319,0.00121638846178346,-0.000165481771569203,-0.0152526757264188,-1.601901966091e-05,-0.00145159803187702,-0.000431301789161646,0.0164737936742245
1538.4859935841,-0.000591950351117981,0.00120944787318773,-0.000163484641010623,-0.0151462629470888,-1.58219007069966e-05,-0.00144148617826335,-0.000425408251256948,0.0163605839817923
1549.15562228612,-0.000584080942406345,0.0012025268688136,-0.000161507687372515,-0.0150406096759104,-1.56268869483031e-05,-0.00143144619993033,-0.000419594898975286,0.0162481489634458
1559.89924644673,-0.000576312790075894,0.00119562585127734,-0.000159550821369268,-0.0149357101797547,-1.54339650639723e-05,-0.00142147755969233,-0.00041386065028176,0.0161364833833249
1570.71737923542,-0.000568644679920792,0.00118874521072781,-0.000157613950199556,-0.0148315587738753,-1.52431215224332e-05,-0.00141157972481187,-0.000408204437518033,0.0160255820397124
1581.61053738059,-0.000561075409953082,0.00118188532508933,-0.000155696977709454,-0.0147281498214365,-1.50543425938308e-05,-0.00140175216695732,-0.000402625207216733,0.0159154397648335
1592.57924119422,-0.000553603790343135,0.00117504656030092,-0.000153799804550736,-0.014625477733047,-1.48676143620687e-05,-0.00139199436216099,-0.000397121919918096,0.0158060514246576
1603.62401459674,-0.000546228643358493,0.00116822927055198,-0.000151922328334449,-0.0145235369662973,-1.46829227364762e-05,-0.00138230579077763,-0.000391693549988894,0.0156974119186994
1614.74538514202,-0.000538948803301118,0.00116143379851433,-0.0001500644437799,-0.0144223220253022,-1.45002534631081e-05,-0.00137268593744332,-0.00038633908544356,0.0155895161798223
1625.94388404263,-0.000531763116443169,0.00115466047557079,-0.000148226042859151,-0.0143218274602486,-1.43195921356876e-05,-0.00136313429103489,-0.000381057527767533,0.015482359174041
1637.22004619516,-0.000524670440961322,0.00114790962204025,-0.000146407014937141,-0.0142220478669468,-1.41409242061986e-05,-0.00135365034462957,-0.000375847891742758,0.0153759359003262
1648.57441020578,-0.000517669646869762,0.0011411815473992,-0.000144607246907543,-0.0141229778863872,-1.39642349951405e-05,-0.00134423359546522,-0.00037070920527536,0.0152702413904094
1660.00751841599,-0.000510759615951834,0.00113447655049988,-0.000142826623324461,-0.0140246122043015,-1.37895097014489e-05,-0.00133488354490084,-0.000365640509225416,0.0151652707085882
1671.51991692849,-0.000503939241690508,0.00112779491978502,-0.000141065026530067,-0.0139269455507281,-1.36167334120959e-05,-0.00132559969837757,-0.000360640857238858,0.0150610189515338
1683.11215563331,-0.000497207429197623,0.00112113693349913,-0.000139322336778287,-0.0138299726995823,-1.34458911113737e-05,-0.00131638156538003,-0.000355709315581429,0.0149574812480973
1694.78478823403,-0.00049056309514206,0.00111450285989658,-0.000137598432354629,-0.0137336884682311,-1.32769676898726e-05,-0.00130722865939808,-0.000350844962974712,0.0148546527591183
1706.53837227424,-0.000484005167676823,0.00110789295744621,-0.000135893189692251,-0.0136380877170723,-1.31099479531598e-05,-0.00129814049788899,-0.000346046890434177,0.014752528677234
1718.37346916419,-0.000477532586365159,0.00110130747503277,-0.000134206483484372,-0.0135431653491177,-1.29448166301679e-05,-0.00128911660223995,-0.000341314201109247,0.0146511042266885
1730.2906442076,-0.000471144302105699,0.00109474665215508,-0.000132538186793107,-0.0134489163095813,-1.27815583812985e-05,-0.00128015649773105,-0.000336646010125338,0.0145503746631434
1742.29046662864,-0.000464839277056749,0.001088210719121,-0.00013088817115483,-0.0133553355854716,-1.26201578062519e-05,-0.00127125971349855,-0.000332041444427876,0.0144503352734897
1754.37350959913,-0.000458616484559712,0.00108169989723916,-0.000129256306682143,-0.0132624182051881,-1.24605994515864e-05,-0.00126242578249861,-0.000327499642628237,0.0143509813756589
1766.54035026596,-0.000452474909061745,0.00107521439900762,-0.000127642462162552,-0.0131701592381221,-1.23028678180164e-05,-0.00125365424147135,-0.000323019754851619,0.0142523083184368
1778.79156977856,-0.000446413546037688,0.00106875442829942,-0.000126046505153917,-0.0130785537942621,-1.21469473674561e-05,-0.00124494463090532,-0.000318600942586805,0.0141543114812773
1791.12775331676,-0.00044043140191128,0.00106232018054498,-0.00012446830207678,-0.012987597023803,-1.1992822529815e-05,-0.00123629649500231,-0.000314242378537798,0.0140569862741162
1803.54949011869,-0.000434527493975773,0.00105591184291157,-0.00012290771830364,-0.0128972841167596,-1.18404777095527e-05,-0.00122770938164256,-0.000309943246477312,0.0139603281371873
1816.05737350894,-0.000428700850313922,0.00104952959447968,-0.000121364618245255,-0.0128076103025845,-1.16898972919976e-05,-0.00121918284235027,-0.000305702741102093,0.0138643325408386
1828.65200092687,-0.000422950509717452,0.00104317360641649,-0.000119838865434064,-0.0127185708497899,-1.15410656494388e-05,-0.00121071643225963,-0.000301520067890054,0.0137689949853488
1841.33397395519,-0.000417275521605997,0.00103684404214639,-0.000118330322604778,-0.012630161065573,-1.13939671469947e-05,-0.00120230971008099,-0.000297394442959186,0.0136743110007458
1854.10389834867,-0.000411674945945603,0.00103054105751858,-0.000116838851772252,-0.0125423762954467,-1.12485861482661e-05,-0.00119396223806756,-0.000293325092928263,0.0135802761466249
1866.9623840631,-0.000406147853166783,0.00102426480097187,-0.000115364314306669,-0.0124552119228729,-1.1104907020778e-05,-0.0011856735819824,-0.000289311254779264,0.0134868860119688
1879.91004528435,-0.000400693324082219,0.00101801541369656,-0.000113906571006151,-0.012368663368901,-1.09629141412189e-05,-0.00117744331106574,-0.000285352175721553,0.0133941362149673
1892.94750045783,-0.000395310449804086,0.00101179302979362,-0.000112465482166827,-0.0122827260918089,-1.08225919004792e-05,-0.00116927099800269,-0.000281447113057741,0.013302022402839
1906.0753723179,-0.00038999833166111,0.00100559777643107,-0.00011104090765046,-0.0121973955867495,-1.06839247084979e-05,-0.00116115621889127,-0.000277595334051259,0.0132105402516531
1919.29428791772,-0.000384756081115317,0.000999429773997659,-0.000109632706949673,-0.0121126673853999,-1.05468969989205e-05,-0.00115309855321076,-0.000273796115795575,0.0131196854661524
1932.60487865912,-0.000379582819678585,0.000993289136253834,-0.000108240739250858,-0.0120285370556147,-1.04114932335752e-05,-0.00114509758379044,-0.00027004874508509,0.0130294537795765
1946.00778032282,-0.00037447767882896,0.000987175970480091,-0.000106864863494821,-0.0119450002010835,-1.0277697906771e-05,-0.00113715289677862,-0.000266352518287629,0.0129398409534866
1959.50363309877,-0.000369439799926836,0.0009810903776227,-0.000105504938435234,-0.0118620524609913,-1.01454955494237e-05,-0.001129264081612,-0.000262706741218575,0.0128508427775911
1973.09308161673,-0.000364468334130975,0.000975032452436838,-0.000104160822694944,-0.0117796895096837,-1.00148707330143e-05,-0.00112143073098539,-0.000259110729016569,0.0127624550695711
1986.77677497706,-0.000359562442314443,0.000969002283627208,-0.000102832374820207,-0.0116979070563346,-9.8858080733855e-06,-0.00111365244082171,-0.000255563806020803,0.0126746736749079
2000.55536678172,-0.000354721294980448,0.000962999953986112,-0.000101519453332902,-0.0116167008446186,-9.75829223437851e-06,-0.00110592881024234,-0.00025206530564985,0.0125874944667106
2014.42951516552,-0.000349944072178164,0.000957025540529082,-0.000100221916780783,-0.0115360666523861,-9.63230793131847e-06,-0.00109825944153782,-0.000248614570282048,0.0125009133455446
2028.39988282751,-0.0003452299634185,0.000951079114628046,-9.89396237858218e-05,-0.0114560002913425,-9.50783993434935e-06,-0.00109064394013874,-0.000245210951137383,0.0124149262392614
2042.46713706267,-0.000340578167589913,0.000945160742142109,-9.76724330906969e-05,-0.0113764976067309,-9.38487307162526e-06,-0.00108308191458711,-0.00024185380816089,0.0123295291028289
2056.63194979376,-0.00033598789287423,0.000939270483545936,-9.64202036034806e-05,-0.0112975544770177,-9.26339223236061e-06,-0.00107557297650788,-0.000238542509907521,0.0122447179181622
2070.89499760343,-0.000331458356662553,0.000933408394055827,-9.51827944405799e-05,-0.0112191668135828,-9.14338236974479e-06,-0.0010681167405809,-0.000235276433428493,0.0121604886939557
2085.25696176653,-0.000326988785471228,0.000927574523753453,-9.39600649679718e-05,-0.0111413305604116,-9.02482850372404e-06,-0.00106071282451304,-0.000232054964159067,0.0120768374655163
2099.71852828265,-0.000322578414857942,0.000921768917707355,-9.27518748407938e-05,-0.0110640416937921,-8.90771572365553e-06,-0.00105336084901076,-0.000228877495807775,0.0119937602945964
2114.2803879089,-0.000318226489337938,0.000915991616092172,-9.15580840413262e-05,-0.0109872962220138,-8.79202919083668e-06,-0.00104606043775283,-0.00022574343024704,0.0119112532692291
2128.94323619287,-0.00031393226230039,0.000910242654305689,-9.03785529154226e-05,-0.0109110901850712,-8.67775414091425e-06,-0.00103881121736348,-0.000222652177405214,0.0118293125035627
2143.7077735059,-0.000309694995924951,0.000904522063083692,-8.92131422074248e-05,-0.0108354196543693,-8.56487588617598e-06,-0.00103161281738567,-0.000219603155159976,0.0117479341376976
2158.57470507649,-0.000305513961098498,0.0008988298686127,-8.80617130936158e-05,-0.0107602807324335,-8.45337981772922e-06,-0.00102446487025484,-0.00021659578923311,0.0116671143375228
2173.54474102402,-0.000301388437332085,0.000893166092640568,-8.69241272142441e-05,-0.0106856695526218,-8.34325140756914e-06,-0.00101736701127276,-0.000213629513086614,0.0115868492945537
2188.61859639264,-0.000297317712678141,0.000887530752585036,-8.58002467041714e-05,-0.0106115822788409,-8.23447621054089e-06,-0.00101031887858181,-0.000210703767820157,0.0115071352257712
2203.79699118545,-0.000293301083647904,0.000881923861640208,-8.46899342221755e-05,-0.0105380151052645,-8.12703986619795e-06,-0.00100332011313941,-0.000207818002069831,0.0114279683734605
2219.08065039887,-0.00028933785512914,0.000876345428881041,-8.35930529789572e-05,-0.0104649642560557,-8.0209281005609e-06,-0.000996370358692806,-0.000204971671908221,0.011349345005052
2234.47030405729,-0.000285427340304135,0.000870795459365829,-8.25094667638816e-05,-0.0103924259850913,-7.91612672777881e-06,-0.000989469261754083,-0.000202164240745745,0.0112712614129619
2249.9666872479,-0.000281568860567998,0.000865273954236752,-8.14390399704998e-05,-0.0103203965756907,-7.81262165169714e-06,-0.00098261647157548,-0.000199395179233267,0.0111937139144346
2265.57054015586,-0.000277761745447272,0.00085978091081849,-8.03816376208817e-05,-0.010248872340346,-7.7103988673344e-06,-0.000975811640124924,-0.000196663965165964,0.011116698851385
2281.28260809959,-0.000274005332518888,0.000854316322714956,-7.93371253888005e-05,-0.0101778496204562,-7.60944446227107e-06,-0.000969054422061859,-0.000193970083388427,0.0110402125902426
2297.10364156645,-0.000270298967329451,0.000848880179904154,-7.83053696218008e-05,-0.010107324786064,-7.50974461795306e-06,-0.000962344474713314,-0.000191313025700981,0.0109642515217955
2313.0343962485,-0.000266642003314902,0.000843472468831221,-7.72862373621876e-05,-0.0100372942355955,-7.41128561091306e-06,-0.000955681458050238,-0.000188692290767228,0.0108888120610359
2329.07563307866,-0.000263033801720538,0.000838093172499645,-7.62795963669662e-05,-0.00996775439560249,-7.31405381391163e-06,-0.000949065034664069,-0.00018610738402276,0.010813890647006
2345.22811826701,-0.000259473731521429,0.000832742270560732,-7.52853151267709e-05,-0.00989870172050795,-7.21803569700172e-06,-0.000942494869743576,-0.00018355781758507,0.010739483742645
2361.49262333744,-0.000255961169343217,0.000827419739401304,-7.43032628838052e-05,-0.00983013269235404,-7.12321782851795e-06,-0.000935970631051917,-0.000181043110164614,0.0106655878346367
2377.86992516445,-0.000252495499383344,0.000822125552229697,-7.3333309648836e-05,-0.00976204382055299,-7.0295868759942e-06,-0.000929491988903971,-0.000178562786977035,0.0105921994332581
2394.36080601029,-0.000249076113332678,0.000816859679160056,-7.23753262172611e-05,-0.00969443164164055,-6.93712960701112e-06,-0.000923058616143879,-0.000176116379656507,0.0105193150722285
2410.96605356231,-0.000245702410297581,0.000811622087294984,-7.14291841842868e-05,-0.00962729271903227,-6.84583288997646e-06,-0.00091667018812285,-0.000173703426170217,0.0104469313085602
2427.6864609706,-0.000242373796722413,0.000806412740806533,-7.04947559592394e-05,-0.00956062364278227,-6.75568369483988e-06,-0.000910326382677179,-0.000171323470733942,0.0103750447224089
2444.52282688584,-0.000239089686312484,0.000801231601015614,-6.9571914779042e-05,-0.00949442102934483,-6.66666909374532e-06,-0.000904026880106516,-0.00016897606372873,0.0103036519169254
2461.4759554975,-0.000235849499957459,0.000796078626469803,-6.86605347208795e-05,-0.0094286815213383,-6.5787762616221e-06,-0.000897771363152344,-0.000166660761618659,0.010232749518109
2478.54665657221,-0.000232652665655236,0.000790953773019603,-6.77604907140825e-05,-0.00936340178731177,-6.49199247671758e-06,-0.000891559516976697,-0.000164377126869656,0.0101623341746597
2495.73574549243,-0.000229498618436293,0.000785856993893184,-6.68716585512534e-05,-0.00929857852151425,-6.40630512107325e-06,-0.000885391029141102,-0.000162124727869389,0.0100924025578335
2513.04404329547,-0.000226386800288513,0.000780788239769599,-6.59939148986572e-05,-0.00923420844366612,-6.32170168094574e-06,-0.000879265589585731,-0.000159903138848176,0.0100229513612966
2530.47237671259,-0.000223316660082507,0.000775747458850549,-6.51271373059078e-05,-0.0091702882987334,-6.2381697471756e-06,-0.000873182890608785,-0.00015771193980095,0.00995397730098169
2548.02157820863,-0.000220287653497416,0.000770734596930668,-6.42712042149655e-05,-0.00910681485670405,-6.15569701550474e-06,-0.000867142626846073,-0.000155550716410214,0.00988547711494408
2565.69248602162,-0.000217299242947228,0.00076574959746641,-6.34259949684761e-05,-0.00904378491236707,-6.07427128684521e-06,-0.000861144495250839,-0.00015341905997002,0.00981744756321961
2583.48594420295,-0.000214350897507593,0.000760792401643499,-6.25913898174662e-05,-0.00898119528509358,-5.99388046750031e-06,-0.000855188195073752,-0.000151316567310925,0.00974988542768239
2601.4028026576,-0.000211442092843157,0.000755862948443037,-6.17672699284252e-05,-0.00891904281862061,-5.91451256934051e-06,-0.000849273427843156,-0.000149242840725938,0.00968278751190411
2619.4439171848,-0.000208572311135399,0.000750961174706215,-6.09535173897857e-05,-0.00885732438083687,-5.83615570993512e-06,-0.000843399897345475,-0.000147197487897418,0.00961615064101354
2637.61014951883,-0.000205741041011015,0.000746087015197739,-6.01500152178318e-05,-0.00879603686357114,-5.75879811264204e-06,-0.000837567309605868,-0.000145180121824945,0.00954997166155732
2655.90236737027,-0.000202947777470798,0.0007412404026679,-5.93566473620468e-05,-0.00873517718238256,-5.68242810665655e-06,-0.000831775372869043,-0.000143190360754117,0.00948424744136108
2674.32144446737,-0.000200192021819075,0.000736421267913395,-5.85732987099282e-05,-0.00867474227635349,-5.6070341270211e-06,-0.000826023797580304,-0.000141227828106292,0.00941897486939182
2692.86826059784,-0.000197473281593658,0.000731629539836863,-5.77998550912801e-05,-0.0086147291078843,-5.53260471459733e-06,-0.000820312296366764,-0.000139292152409235,0.00935415085562057
2711.54370165082,-0.000194791070496352,0.000726865145505192,-5.703620328201e-05,-0.00855513466249056,-5.45912851600209e-06,-0.000814640584018781,-0.000137382967228688,0.0092897723308863
2730.34865965925,-0.000192144908323981,0.000722128010206594,-5.62822310074393e-05,-0.00849595594860214,-5.38659428350829e-06,-0.000809008377471554,-0.000135499911100824,0.00922583624676022
2749.28403284242,-0.00018953432089998,0.000717418057506502,-5.55378269451535e-05,-0.00843718999736472,-5.31499087491273e-06,-0.000803415395786939,-0.000133642627465594,0.00916233957541119
2768.35072564895,-0.000186958840006519,0.000712735209302264,-5.48028807273998e-05,-0.00837883386244309,-5.24430725337145e-06,-0.000797861360135422,-0.000131810764600943,0.00909927930947154
2787.54964879989,-0.00018441800331718,0.000708079385876711,-5.40772829430582e-05,-0.00832088461982679,-5.17453248720454e-06,-0.000792345993778304,-0.000130003975557896,0.00903665246190408
2806.88171933232,-0.000181911354330186,0.000703450505950561,-5.33609251391918e-05,-0.00826333936763758,-5.10565574967113e-06,-0.000786869022050043,-0.000128221918096485,0.00897445606586946
2826.34786064308,-0.00017943844230218,0.000698848486733737,-5.2653699822201e-05,-0.00820619522593913,-5.03766631871624e-06,-0.0007814301723408,-0.000126464254622534,0.00891268717459466
2845.94900253294,-0.00017699882218256,0.000694273243975566,-5.19555004585898e-05,-0.00814944933654847,-4.97055357669018e-06,-0.000776029174079134,-0.000124730652125257,0.0088513428612419
2865.68608125093,-0.000174592054548369,0.000689724692013922,-5.12662214753632e-05,-0.00809309886284968,-4.90430701004229e-06,-0.000770665758714909,-0.00012302078211569,0.0087904202187787
2885.56003953913,-0.000172217705539735,0.000685202743823301,-5.05857582600659e-05,-0.00803714098960926,-4.8389162089892e-06,-0.000765339659702337,-0.000121334320565928,0.00872991635984825
2905.57182667768,-0.000169875346795886,0.000680707311061872,-4.99140071604807e-05,-0.00798157292279367,-4.77437086715987e-06,-0.000760050612483223,-0.000119670947849162,0.00866982841664098
2925.72239853012,-0.000167564555391696,0.000676238304117497,-4.92508654839947e-05,-0.0079263918893885,-4.71066078121716e-06,-0.000754798354470354,-0.000118030348680507,0.00861015354076651
2946.01271758903,-0.000165284913774818,0.000671795632152771,-4.85962314966516e-05,-0.00787159513721984,-4.64777585045818e-06,-0.00074958262503108,-0.000116412212058608,0.00855088890312664
2966.44375302203,-0.000163036009703351,0.00066737920314906,-4.79500044218966e-05,-0.00781717993477713,-4.58570607639328e-06,-0.000744403165471039,-0.000114816231208019,0.00849203169378882
2987.01648071805,-0.000160817436184083,0.000662988923949602,-4.73120844390339e-05,-0.00776314357103821,-4.52444156230569e-06,-0.000739259719018058,-0.000113242103522338,0.00843357912186066
3007.73188333398,-0.000158628791411282,0.00065862470030164,-4.66823726813989e-05,-0.00770948335529584,-4.4639725127917e-06,-0.000734152030806209,-0.000111689530508099,0.00837552841536487
3028.59095034155,-0.000156469678706053,0.000654286436897649,-4.60607712342664e-05,-0.00765619661698629,-4.40428923328317e-06,-0.000729079847860029,-0.000110158217729397,0.00831787682111524
3049.59467807464,-0.000154339706456241,0.000649974037415634,-4.54471831324982e-05,-0.00760328070551944,-4.34538212955254e-06,-0.000724042919078895,-0.000108647874753251,0.00826062160459306
3070.74406977686,-0.000152238488056907,0.000645687404558559,-4.48415123579463e-05,-0.00755073299011086,-4.28724170720181e-06,-0.000719040995221551,-0.000107158215095688,0.00820376004982456
3092.04013564946,-0.000150165641851343,0.000641426440092873,-4.42436638366176e-05,-0.00749855085961538,-4.22985857113561e-06,-0.000714073828890797,-0.000105688956168536,0.00814728945925882
3113.48389289956,-0.000148120791072659,0.000637191044886207,-4.36535434356149e-05,-0.00744673172236256,-4.17322342501978e-06,-0.000709141174518324,-0.000104239819226927,0.00809120715364666
3135.07636578881,-0.000146103563785906,0.000632981118944196,-4.30710579598595e-05,-0.00739527300599363,-4.11732707072583e-06,-0.000704242788349695,-0.00010281052931749,0.00803551047191997
3156.8185856822,-0.000144113592830768,0.000628796561446506,-4.24961151486094e-05,-0.00734417215730036,-4.06216040776226e-06,-0.000699378428429489,-0.000101400815227235,0.00798019677107208
3178.71159109747,-0.000142150515764797,0.000624637270782019,-4.19286236717776e-05,-0.0072934266420652,-4.00771443269305e-06,-0.00069454785458657,-0.000100010409433109,0.00792526342603854
3200.75642775457,-0.000140213974807196,0.000620503144583249,-4.13684931260642e-05,-0.00724303394490341,-3.95398023854473e-06,-0.000689750828419525,-9.86390480522255e-05,0.00787070782957888
3222.9541486257,-0.000138303616783154,0.000616394079759956,-4.08156340309071e-05,-0.00719299156910648,-3.90094901420184e-06,-0.000684987113282217,-9.72864707927491e-05,0.00781652739215884
3245.30581398558,-0.00013641909306873,0.000612309972532009,-4.02699578242626e-05,-0.00714329703648737,-3.84861204379217e-06,-0.000680256474269512,-9.59524209054383e-05,0.00776271954183358
3267.81249146208,-0.000134560059536271,0.000608250718461484,-3.9731376858222e-05,-0.00709394788722709,-3.79696070606187e-06,-0.000675558678203109,-9.46366451358246e-05,0.00770928172413129
3290.47525608724,-0.000132726176500384,0.000604216212484041,-3.91998043944732e-05,-0.00704494167972299,-3.74598647374144e-06,-0.000670893493617545,-9.33388936770325e-05,0.00765621140193782
3313.29519034861,-0.000130917108664439,0.000600206348939561,-3.86751545996143e-05,-0.00699627599043844,-3.69568091290284e-06,-0.000666260690746301,-9.20589201232213e-05,0.00760350605538172
3336.27338424092,-0.000129132525067618,0.000596221021602092,-3.81573425403286e-05,-0.00694794841375413,-3.64603568230857e-06,-0.000661660041508075,-9.0796481423651e-05,0.00755116318172022
3359.41093531822,-0.000127372099032491,0.000592260123709079,-3.76462841784236e-05,-0.00689995656182068,-3.59704253275307e-06,-0.000657091319493156,-8.95513378373532e-05,0.0074991802952257
3382.70894874623,-0.000125635508113131,0.000588323547989936,-3.71418963657475e-05,-0.00685229806441296,-3.54869330639713e-06,-0.000652554299949964,-8.83232528884108e-05,0.00744755492707307
3406.16853735517,-0.000123922434043761,0.000584411186693928,-3.66440968389828e-05,-0.00680497056878557,-3.50097993609558e-06,-0.000648048759771681,-8.71119933218272e-05,0.00739628462522757
3429.7908216929,-0.00012223256268792,0.000580522931617413,-3.61528042143306e-05,-0.00675797173953,-3.45389444471918e-06,-0.000643574477483052,-8.59173290599887e-05,0.00734536695433356
3453.57693007845,-0.000120565583988165,0.000576658674130431,-3.56679379820846e-05,-0.00671129925843302,-3.40742894447059e-06,-0.000639131233227274,-8.47390331597016e-05,0.0072947994956037
3477.5279986559,-0.000118921191916291,0.000572818305202667,-3.51894185011082e-05,-0.00666495082433654,-3.36157563619551e-06,-0.000634718808753036,-8.35768817698045e-05,0.00724457984670903
3501.64517144866,-0.000117299084424068,0.000569001715428806,-3.47171669932149e-05,-0.00661892415299889,-3.31632680868896e-06,-0.000630336987401674,-8.24306540893467e-05,0.00719470562166963
3525.92960041413,-0.0001156989633945,0.000565208795053258,-3.42511055374598e-05,-0.00657321697695732,-3.27167483799733e-06,-0.000625985554094448,-8.130013232632e-05,0.00714517445074592
3550.38244549867,-0.000114120534593593,0.000561439433994317,-3.37911570643495e-05,-0.00652782704539202,-3.22761218671667e-06,-0.00062166429531994,-8.01851016569463e-05,0.00709598398033078
3575.00487469309,-0.000112563507622639,0.00055769352186772,-3.33372453499714e-05,-0.00648275212399126,-3.18413140328745e-06,-0.000617372999121571,-7.90853501855032e-05,0.00704713187284207
3599.79806408833,-0.000111027595871002,0.000553970948009643,-3.28892950100533e-05,-0.0064379899948181,-3.14122512128633e-06,-0.000613111455085242,-7.80006689046912e-05,0.00699861580661616
3624.76319793175,-0.000109512516469415,0.000550271601499133,-3.24472314939515e-05,-0.00639353845617808,-3.09888605871516e-06,-0.000608879454327078,-7.69308516565247e-05,0.0069504334758018
3649.9014686836,-0.000108017990243771,0.000546595371180002,-3.20109810785794e-05,-0.00634939532248854,-3.05710701728785e-06,-0.000604676789481306,-7.5875695093751e-05,0.00690258259025487
3675.21407707406,-0.000106543741669419,0.000542942145682172,-3.15804708622744e-05,-0.00630555842414882,-3.01588088171494e-06,-0.000600503254688229,-7.48349986417792e-05,0.00685506087543363
3700.7022321605,-0.000105089498825951,0.000539311813442501,-3.11556287586136e-05,-0.00626202560741209,-2.97520061898692e-06,-0.000596358645582324,-7.38085644611235e-05,0.00680786607229478
3726.36715138533,-0.000103654993352479,0.000535704262725092,-3.07363834901779e-05,-0.00621879473425808,-2.93505927765585e-06,-0.000592242759280446,-7.27961974103441e-05,0.00676099593719
3752.21006063407,-0.000102239960403409,0.000532119381641098,-3.03226645822721e-05,-0.0061758636822673,-2.89544998711628e-06,-0.000588155394370148,-7.17977050094879e-05,0.00671444824176326
3778.23219429398,-0.000100844138604683,0.000528557058168026,-2.99144023566018e-05,-0.00613323034449624,-2.85636595688519e-06,-0.000584096350898097,-7.0812897404014e-05,0.0066682207728487
3804.43479531291,-9.94672700105221e-05,0.000525017180168568,-2.95115279249153e-05,-0.00609089262935396,-2.8178004758817e-06,-0.000580065430358615,-6.98415873292074e-05,0.00662231133236923
3830.81911525882,-9.81091000606316e-05,0.000521499635408938,-2.91139731826091e-05,-0.00604884846047963,-2.77974691170646e-06,-0.00057606243568231,-6.88835900750636e-05,0.00657671773723563
3857.3864143794,-9.67693775378888e-05,0.000518004311576767,-2.87216708023051e-05,-0.0060070957766215,-2.7421987099213e-06,-0.000572087171224826,-6.79387234516489e-05,0.00653143781924648
3884.13796166242,-9.54478545264967e-05,0.000514531096298519,-2.83345542274004e-05,-0.00596563253151673,-2.7051493933291e-06,-0.00056813944275568,-6.70068077549201e-05,0.00648646942498845
3911.07503489621,-9.41442863706097e-05,0.000511079877156478,-2.79525576655939e-05,-0.00592445669377264,-2.66859256125437e-06,-0.000564219057447222,-6.60876657330065e-05,0.00644181041573755
3938.19892073078,-9.2858431633417e-05,0.000507650541705284,-2.75756160823926e-05,-0.0058835662467488,-2.63252188882458e-06,-0.000560325823863676,-6.51811225529404e-05,0.00639745866736065
3965.51091473924,-9.15900520566913e-05,0.000504242977488051,-2.72036651946019e-05,-0.00584295918844047,-2.59693112625264e-06,-0.0005564595519503,-6.42870057678372e-05,0.00635341207021795
3993.0123214797,-9.0338912520789e-05,0.000500857072052055,-2.68366414638004e-05,-0.00580263353136296,-2.56181409812054e-06,-0.000552620053022629,-6.34051452845122e-05,0.00630966852906579
4020.70445455755,-8.91047810051071e-05,0.000497492712964023,-2.64744820898055e-05,-0.00576258730243718,-2.52716470266467e-06,-0.000548807139755826,-6.25353733315358e-05,0.00626622596296028
4048.58863668828,-8.78874285489845e-05,0.000494149787825003,-2.6117125004129e-05,-0.00572281854287618,-2.49297691106254e-06,-0.000545020626174125,-6.1677524427714e-05,0.00622308230516138
4076.66619976054,-8.66866292130534e-05,0.000490828184284857,-2.57645088634288e-05,-0.00568332530807285,-2.4592447667217e-06,-0.000541260327640377,-6.08314353509954e-05,0.00618023550303775
4104.93848489989,-8.55021600410268e-05,0.000487527790056353,-2.5416573042956e-05,-0.00564410566748847,-2.42596238457042e-06,-0.000537526060845674,-5.99969451077925e-05,0.00613768351797202
4133.40684253274,-8.43338010219292e-05,0.00048424849292889,-2.50732576300031e-05,-0.00560515770454259,-2.3931239503508e-06,-0.000533817643799092,-5.91738949027188e-05,0.00609542432526687
4162.07263245095,-8.31813350527556e-05,0.000480990180781843,-2.47345034173521e-05,-0.00556647951650359,-2.36072371991415e-06,-0.0005301348958175,-5.83621281087291e-05,0.00605345591405147
4190.93722387671,-8.20445479015665e-05,0.000477752741597554,-2.44002518967294e-05,-0.00552806921438053,-2.32875601851905e-06,-0.00052647763751548,-5.75614902376643e-05,0.00601177628718876
4220.00199552799,-8.09232281710038e-05,0.000474536063473961,-2.40704452522641e-05,-0.00548992492281581,-2.29721524013195e-06,-0.000522845690795326,-5.67718289111897e-05,0.00597038346118311
4249.26833568435,-7.98171672622344e-05,0.000471340034636884,-2.37450263539574e-05,-0.00545204477997894,-2.26609584673079e-06,-0.000519238878837141,-5.59929938321267e-05,0.00592927546608872
4278.73764225332,-7.87261593393084e-05,0.000468164543451966,-2.34239387511604e-05,-0.00541442693746116,-2.2353923676115e-06,-0.000515657026089013,-5.52248367561676e-05,0.00588845034541852
4308.41132283705,-7.76500012939374e-05,0.000465009478436289,-2.31071266660658e-05,-0.00537706956017117,-2.20509939869767e-06,-0.000512099958257288,-5.44672114639738e-05,0.00584790615605369
4338.2907947997,-7.65884927106783e-05,0.000461874728269652,-2.2794534987213e-05,-0.00533997082623165,-2.1752116018534e-06,-0.000508567502296922,-5.37199737336468e-05,0.00580764096815373
4368.37748533501,-7.55414358325313e-05,0.000458760181805542,-2.24861092630101e-05,-0.00530312892687687,-2.14572370419968e-06,-0.000505059486401923,-5.29829813135727e-05,0.00576765286506717
4398.67283153455,-7.45086355269358e-05,0.000455665728081782,-2.21817956952722e-05,-0.00526654206635106,-2.116630497434e-06,-0.000501575739995873,-5.22560938956298e-05,0.00572793994324272
4429.17828045629,-7.34898992521726e-05,0.000452591256330885,-2.18815411327811e-05,-0.00523020846180795,-2.08792683715382e-06,-0.000498116093722545,-5.15391730887599e-05,0.00568850031214119
4459.89528919383,-7.24850370241559e-05,0.000449536655990092,-2.15852930648641e-05,-0.00519412634321087,-2.05960764218348e-06,-0.000494680379436583,-5.08320823928922e-05,0.00564933209414775
4490.82532494586,-7.14938613836253e-05,0.000446501816711137,-2.12929996149967e-05,-0.00515829395323414,-2.0316678939051e-06,-0.000491268430194285,-5.01346871732231e-05,0.00561043342448496
4521.96986508636,-7.051618736372e-05,0.000443486628369708,-2.10046095344279e-05,-0.00512270954716498,-2.00410263559323e-06,-0.000487880080244449,-4.94468546348385e-05,0.00557180245112621
4553.33039723509,-6.95518324579441e-05,0.000440490981074638,-2.07200721958321e-05,-0.0050873713928066,-1.97690697175355e-06,-0.000484515165019315,-4.87684537976815e-05,0.00553343733470979
4584.90841932869,-6.86006165885088e-05,0.000437514765176818,-2.0439337586986e-05,-0.0050522777703819,-1.95007606746551e-06,-0.000481173521125572,-4.80993554718555e-05,0.0054953362484535
4616.7054396922,-6.76623620750568e-05,0.000434557871277842,-2.01623563044753e-05,-0.00501742697243828,-1.92360514772926e-06,-0.000477854986335454,-4.74394322332625e-05,0.00545749737806984
4648.72297711114,-6.67368936037564e-05,0.000431620190238388,-1.98890795474277e-05,-0.00498281730375306,-1.89748949681658e-06,-0.000474559399577905,-4.67885583995678e-05,0.00541991892168165
4680.96256090399,-6.58240381967712e-05,0.000428701613186346,-1.96194591112788e-05,-0.00494844708123993,-1.8717244576263e-06,-0.000471286600929827,-4.61466100064924e-05,0.00538259908973844
4713.42573099534,-6.49236251820916e-05,0.000425802031524687,-1.93534473815669e-05,-0.0049143146338561,-1.8463054310438e-06,-0.000468036431607402,-4.55134647844212e-05,0.00534553610493312
4746.11403798933,-6.4035486163734e-05,0.000422921336939096,-1.90909973277613e-05,-0.00488041830251035,-1.82122787530516e-06,-0.000464808733957488,-4.48890021353319e-05,0.00530872820211938
4779.02904324382,-6.31594549922958e-05,0.000420059421405356,-1.88320624971232e-05,-0.0048467564399718,-1.79648730536555e-06,-0.000461603351449086,-4.42731031100308e-05,0.00527217362822953
4812.17231894485,-6.229536773587e-05,0.000417216177196503,-1.85765970086006e-05,-0.00481332741077965,-1.77207929227224e-06,-0.000458420128664889,-4.36656503857002e-05,0.00523587064219296
4845.54544818188,-6.14430626513085e-05,0.000414391496889742,-1.83245555467586e-05,-0.0047801295911535,-1.7479994625421e-06,-0.000455258911292895,-4.30665282437459e-05,0.00519981751485498
4879.1500250233,-6.06023801558368e-05,0.000411585273373149,-1.80758933557445e-05,-0.00474716136890459,-1.72424349754375e-06,-0.000452119546118095,-4.24756225479468e-05,0.00516401252889634
4912.98765459257,-5.97731627990141e-05,0.000408797399852149,-1.78305662332905e-05,-0.00471442114334784,-1.70080713288429e-06,-0.000449001881014238,-4.18928207228982e-05,0.00512845397875325
4947.05995314498,-5.8955255235032e-05,0.000406027769855771,-1.75885305247526e-05,-0.00468190732521453,-1.67768615780072e-06,-0.000445905764935649,-4.13180117327465e-05,0.00509314017053779
4981.36854814472,-5.81485041953551e-05,0.000403276277242706,-1.73497431171884e-05,-0.00464961833656586,-1.65487641455611e-06,-0.000442831047909142,-4.07510860602135e-05,0.00505806942195903
5015.91507834275,-5.73527584616931e-05,0.000400542816207145,-1.71141614334723e-05,-0.00461755261070716,-1.63237379784045e-06,-0.000439777581025974,-4.0191935685901e-05,0.00502324006224448
5050.70119385496,-5.65678688393067e-05,0.000397827281284433,-1.68817434264514e-05,-0.004585708592103,-1.61017425417632e-06,-0.000436745216433893,-3.96404540678794e-05,0.00498865043206222
5085.72855624109,-5.57936881306379e-05,0.000395129567356503,-1.6652447573139e-05,-0.00455408473629279,-1.58827378132932e-06,-0.000433733807329234,-3.90965361215486e-05,0.00495429888344339
5120.998838584,-5.50300711092681e-05,0.000392449569657145,-1.64262328689509e-05,-0.00452267950980736,-1.56666842772338e-06,-0.000430743207949089,-3.8560078199775e-05,0.00492018377970532
5156.51372556965,-5.42768744941932e-05,0.000389787183777064,-1.62030588219801e-05,-0.00449149139008609,-1.54535429186081e-06,-0.000427773273563548,-3.80309780732944e-05,0.00488630349537503
5192.27491356752,-5.35339569244197e-05,0.000387142305668767,-1.59828854473147e-05,-0.00446051886539483,-1.52432752174734e-06,-0.000424823860467995,-3.75091349113825e-05,0.00485265641611337
5228.28411071172,-5.28011789338706e-05,0.000384514831651264,-1.57656732613957e-05,-0.00442976043474448,-1.5035843143219e-06,-0.000421894825975475,-3.69944492627856e-05,0.00481924093863953
5264.54303698245,-5.2078402926606e-05,0.000381904658414603,-1.55513832764182e-05,-0.00439921460781033,-1.48312091489144e-06,-0.000418986028409127,-3.64868230369109e-05,0.00478605547065612
5301.0534242883,-5.13654931523469e-05,0.000379311683024218,-1.53399769947743e-05,-0.00436887990485197,-1.46293361657047e-06,-0.00041609732709467,-3.59861594852698e-05,0.00475309843077473
5337.81701654885,-5.06623156823062e-05,0.000376735802925128,-1.51314164035391e-05,-0.00433875485663404,-1.44301875972571e-06,-0.000413228582352968,-3.54923631831755e-05,0.00472036824844196
5374.83556977805,-4.99687383853173e-05,0.000374176915945952,-1.49256639689992e-05,-0.0043088380043475,-1.42337273142546e-06,-0.000410379655492639,-3.50053400116848e-05,0.00468786336386592
5412.11085216805,-4.92846309042626e-05,0.000371634920302785,-1.47226826312256e-05,-0.00427912789953171,-1.40399196489407e-06,-0.000407550408802738,-3.4524997139789e-05,0.00465558222794333
5449.64464417369,-4.86098646327929e-05,0.000369109714602901,-1.45224357986888e-05,-0.00424962310399701,-1.38487293897119e-06,-0.000404740705545497,-3.40512430068417e-05,0.00462352330218687
5487.43873859751,-4.79443126923408e-05,0.000366601197848311,-1.43248873429189e-05,-0.00422032218974812,-1.36601217757602e-06,-0.000401950409949122,-3.35839873052294e-05,0.00459168505865328
5525.49494067543,-4.72878499094184e-05,0.000364109269439172,-1.4130001593209e-05,-0.00419122373890805,-1.34740624917648e-06,-0.000399179387200655,-3.31231409632728e-05,0.00456006597987169
5563.81506816292,-4.66403527932021e-05,0.000361633829177047,-1.39377433313633e-05,-0.00416232634364277,-1.32905176626327e-06,-0.000396427503438892,-3.26686161283639e-05,0.00452866455877263
5602.40095142188,-4.60016995133959e-05,0.000359174777268025,-1.37480777864889e-05,-0.00413362860608636,-1.31094538482889e-06,-0.000393694625747355,-3.22203261503284e-05,0.00449747929861733
5641.254433508,-4.53717698783751e-05,0.000356732014325705,-1.35609706298331e-05,-0.00410512913826698,-1.29308380385153e-06,-0.000390980622147335,-3.17781855650169e-05,0.0044665087129276
5680.37737025889,-4.47504453136023e-05,0.000354305441374032,-1.33763879696637e-05,-0.00407682656203323,-1.27546376478387e-06,-0.00038828536159097,-3.13421100781159e-05,0.00443575132541615
5719.77163038263,-4.4137608840318e-05,0.00035189495985002,-1.31942963461961e-05,-0.00404871950898138,-1.2580820510468e-06,-0.000385608713954409,-3.09120165491815e-05,0.00440520566991733
5759.43909554709,-4.35331450544966e-05,0.000349500471606328,-1.30146627265629e-05,-0.00402080662038299,-1.240935487528e-06,-0.000382950550030999,-3.04878229758866e-05,0.00437487029031838
5799.38166046975,-4.29369401060716e-05,0.000347121878913718,-1.28374544998303e-05,-0.00399308654711324,-1.22402094008542e-06,-0.000380310741524559,-3.00694484784851e-05,0.0043447437404911
5839.60123300829,-4.23488816784194e-05,0.00034475908446339,-1.26626394720577e-05,-0.00396555794957981,-1.20733531505555e-06,-0.000377689161042684,-2.96568132844845e-05,0.00431482458422397
5880.09973425162,-4.17688589681068e-05,0.000342411991369194,-1.24901858614035e-05,-0.00393821949765244,-1.19087555876665e-06,-0.000375085682090117,-2.92498387135285e-05,0.00428511139515479
5920.87909861173,-4.11967626648915e-05,0.000340080503169723,-1.23200622932748e-05,-0.00391106987059289,-1.17463865705667e-06,-0.000372500179062171,-2.88484471624832e-05,0.00425560275670362
5961.94127391598,-4.0632484931979e-05,0.000337764523830298,-1.21522377955224e-05,-0.00388410775698571,-1.1586216347961e-06,-0.000369932527238206,-2.84525620907281e-05,0.00422629726200632
6003.28822150028,-4.00759193865279e-05,0.000335463957744832,-1.19866817936802e-05,-0.00385733185466934,-1.14282155541557e-06,-0.000367382602775154,-2.80621080056444e-05,0.00419719351384844
6044.92191630263,-3.95269610804056e-05,0.000333178709737596,-1.18233641062503e-05,-0.00383074087066801,-1.12723552043822e-06,-0.000364850282701102,-2.76770104483026e-05,0.00416829012459958
6086.84434695757,-3.89855064811863e-05,0.000330908685064864,-1.16622549400313e-05,-0.00380433352112399,-1.11186066901678e-06,-0.000362335444908923,-2.72971959793432e-05,0.00413958571614815
6129.05751589107,-3.84514534533935e-05,0.00032865378941647,-1.15033248854929e-05,-0.00377810853123053,-1.09669417747555e-06,-0.000359837968149961,-2.69225921650504e-05,0.00411107891983664
6171.56343941625,-3.79247012399794e-05,0.000326413928917246,-1.13465449121931e-05,-0.00375206463516532,-1.08173325885684e-06,-0.00035735773202776,-2.65531275636139e-05,0.00408276837639722
6214.36414782964,-3.74051504440438e-05,0.000324189010128384,-1.1191886364242e-05,-0.00372620057602445,-1.06697516247238e-06,-0.000354894616991857,-2.61887317115788e-05,0.00405465273588786
6257.46168550822,-3.68927030107832e-05,0.000321978940048674,-1.10393209558081e-05,-0.00370051510575693,-1.05241717345913e-06,-0.000352448504331608,-2.58293351104784e-05,0.0040267306576288
6300.85811100697,-3.63872622096742e-05,0.000319783626115672,-1.08888207666696e-05,-0.0036750069850998,-1.03805661233998e-06,-0.000350019276170077,-2.54748692136502e-05,0.0039990008101395
6344.55549715731,-3.58887326168825e-05,0.000317602976206762,-1.07403582378097e-05,-0.00364967498351364,-1.02389083458886e-06,-0.000347606815457962,-2.51252664132294e-05,0.00397146187107598
6388.55593116599,-3.53970200978998e-05,0.000315436898640135,-1.05939061670559e-05,-0.00362451787911875,-1.00991723020061e-06,-0.000345211005967584,-2.47804600273217e-05,0.00394411252716857
6432.86151471492,-3.49120317904012e-05,0.000313285302175674,-1.04494377047622e-05,-0.00359953445863172,-9.96133223265267e-07,-0.000342831732286906,-2.4440384287348e-05,0.00391695147416009
6477.47436406142,-3.44336760873254e-05,0.000311148096015767,-1.03069263495365e-05,-0.00357472351730258,-9.82536271547054e-07,-0.000340468879813617,-2.41049743255635e-05,0.00388997741674448
6522.39661013943,-3.39618626201696e-05,0.000309025189806019,-1.01663459440094e-05,-0.00355008385885246,-9.69123866067725e-07,-0.000338122334749247,-2.37741661627448e-05,0.00386318906850573
6567.63039866118,-3.34965022425029e-05,0.000306916493635901,-1.00276706706483e-05,-0.0035256142954117,-9.5589353069452e-07,-0.000335791984093343,-2.34478966960464e-05,0.00383658515185736
6613.17789021977,-3.30375070136886e-05,0.000304821918039307,-9.89087504761219e-06,-0.00350131364745852,-9.42842821732487e-07,-0.000333477715637681,-2.31261036870207e-05,0.00381016439798215
6659.0412603923,-3.25847901828198e-05,0.000302741373995041,-9.75593392465177e-06,-0.00347718074375814,-9.29969327521305e-07,-0.000331179417960527,-2.28087257498025e-05,0.00378392554677245
6705.22269984387,-3.21382661728591e-05,0.000300674772927227,-9.62282247905e-06,-0.00345321442130236,-9.17270668036439e-07,-0.000328896980420942,-2.2495702339453e-05,0.00375786734677068
6751.7244144321,-3.16978505649863e-05,0.000298622026705652,-9.49151621160646e-06,-0.00342941352524973,-9.04744494494724e-07,-0.000326630293153137,-2.21869737404643e-05,0.00373198855511045
6798.54862531261,-3.12634600831461e-05,0.000296583047646024,-9.36199094266309e-06,-0.00340577690886608,-8.92388488964237e-07,-0.000324379247060863,-2.18824810554181e-05,0.00370628793745789
6845.69756904508,-3.08350125787974e-05,0.000294557748510177,-9.23422280817222e-06,-0.00338230343346557,-8.80200363978509e-07,-0.000322143733811853,-2.15821661938011e-05,0.00368076426795344
6893.17349769999,-3.04124270158598e-05,0.000292546042506201,-9.10818825580638e-06,-0.00335899196835224,-8.68177862155018e-07,-0.000319923645832307,-2.12859718609714e-05,0.00365541632915412
6940.97867896634,-2.9995623455854e-05,0.000290547843288503,-8.98386404110905e-06,-0.00333584139076196,-8.56318755817883e-07,-0.000317718876301412,-2.09938415472753e-05,0.00363024291197598
6989.11539625983,-2.95845230432376e-05,0.000288563064957813,-8.86122722368735e-06,-0.0033128505858049,-8.44620846624837e-07,-0.000315529319145917,-2.07057195173131e-05,0.00360524281563717
7037.58594883204,-2.91790479909286e-05,0.000286591622061121,-8.74025516344498e-06,-0.0032900184464084,-8.33081965198319e-07,-0.000313354869034737,-2.04215507993499e-05,0.00358041484760119
7086.39265188015,-2.8779121566019e-05,0.000284633429591559,-8.62092551685643e-06,-0.00326734387326035,-8.21699970760773e-07,-0.000311195421373615,-2.01412811748722e-05,0.00355575782352067
7135.53783665763,-2.83846680756734e-05,0.000282688402988218,-8.50321623328117e-06,-0.00324482577475297,-8.10472750774011e-07,-0.000309050872299807,-1.98648571682853e-05,0.00353127056718143
7185.02385058548,-2.79956128532114e-05,0.000280756458135911,-8.38710555131839e-06,-0.00322246306692705,-7.99398220582711e-07,-0.000306921118676826,-1.95922260367524e-05,0.00350695191044696
7234.85305736446,-2.76118822443709e-05,0.000278837511364886,-8.27257199520129e-06,-0.00320025467341662,-7.88474323061923e-07,-0.00030480605808921,-1.9323335760171e-05,0.00348280069320326
7285.02783708791,-2.72334035937516e-05,0.000276931479450473,-8.15959437123137e-06,-0.00317819952539408,-7.77699028268635e-07,-0.000302705588837348,-1.90581350312871e-05,0.00345881576330408
7335.55058635552,-2.68601052314336e-05,0.00027503827961269,-8.04815176425158e-06,-0.00315629656151573,-7.67070333097285e-07,-0.00030061960993233,-1.87965732459432e-05,0.00343499597651645
7386.42371838768,-2.64919164597728e-05,0.000273157829515789,-7.93822353415917e-06,-0.00313454472786773,-7.56586260939267e-07,-0.000298548021090846,-1.85386004934599e-05,0.00341134019646668
7437.64966314091,-2.6128767540367e-05,0.000271290047267758,-7.82978931245656e-06,-0.00311294297791251,-7.46244861346318e-07,-0.000296490722730125,-1.82841675471481e-05,0.00338784729458662
7489.23086742376,-2.5770589681194e-05,0.000269434851419777,-7.72282899884149e-06,-0.00309149027243557,-7.36044209697826e-07,-0.000294447615962904,-1.80332258549512e-05,0.00336451615006037
7541.16979501382,-2.54173150239164e-05,0.000267592160965613,-7.61732275783466e-06,-0.00307018557949268,-7.25982406871953e-07,-0.000292418602592447,-1.77857275302139e-05,0.00334134564977129
7593.46892677528,-2.5068876631354e-05,0.000265761895340991,-7.5132510154459e-06,-0.00304902787435759,-7.16057578920624e-07,-0.000290403585107597,-1.75416253425788e-05,0.0033183346882494
7646.13076077758,-2.47252084751198e-05,0.0002639439744229,-7.4105944558774e-06,-0.00302801613946994,-7.06267876748251e-07,-0.00028840246667786,-1.73008727090044e-05,0.00329548216761907
7699.15781241454,-2.43862454234179e-05,0.00026213831852887,-7.3093340182647e-06,-0.00300714936438386,-6.96611475794251e-07,-0.00028641515114854,-1.70634236849084e-05,0.00327278699754721
7752.55261452471,-2.40519232290019e-05,0.000260344848416202,-7.20945089345446e-06,-0.00298642654571666,-6.87086575719251e-07,-0.0002844415430359,-1.68292329554298e-05,0.00325024809519158
7806.31771751215,-2.37221785172915e-05,0.000258563485281157,-7.11092652081905e-06,-0.00296584668709822,-6.77691400095005e-07,-0.000282481547522364,-1.65982558268116e-05,0.00322786438514972
7860.45568946846,-2.33969487746441e-05,0.000256794150758105,-7.01374258510744e-06,-0.00294540879912049,-6.68424196097923e-07,-0.000280535070451755,-1.63704482178995e-05,0.00320563479940795
7914.96911629522,-2.30761723367824e-05,0.000255036766918642,-6.91788101333241e-06,-0.00292511189928759,-6.59283234206272e-07,-0.000278602018324573,-1.61457666517589e-05,0.00318355827729093
7969.86060182773,-2.27597883773727e-05,0.000253291256270659,-6.82332397169335e-06,-0.00290495501196618,-6.50266807900893e-07,-0.000276682298293301,-1.59241682474037e-05,0.00316163376541146
8025.13276795918,-2.24477368967543e-05,0.000251557541757391,-6.73005386253477e-06,-0.00288493716833629,-6.41373233369534e-07,-0.000274775818157758,-1.570561071164e-05,0.0031398602176206
8080.78825476607,-2.21399587108167e-05,0.000249835546756409,-6.6380533213398e-06,-0.00286505740634243,-6.32600849214643e-07,-0.00027288248636047,-1.54900523310199e-05,0.00311823659495819
8136.82972063413,-2.18363954400246e-05,0.000248125195078605,-6.54730521375884e-06,-0.00284531477064517,-6.23948016164683e-07,-0.0002710022119821,-1.52774519639062e-05,0.00309676186560371
8193.25984238548,-2.15369894985859e-05,0.000246426410967116,-6.4577926326725e-06,-0.00282570831257304,-6.15413116788866e-07,-0.000269134904736888,-1.50677690326439e-05,0.00307543500482733
8250.08131540631,-2.12416840837642e-05,0.000244739119096244,-6.36949889528918e-06,-0.0028062370900748,-6.0699455521533e-07,-0.000267280474968145,-1.48609635158403e-05,0.00305425499494151
8307.29685377578,-2.09504231653311e-05,0.000243063244570324,-6.28240754027622e-06,-0.00278690016767212,-5.98690756852668e-07,-0.000265438833643768,-1.46569959407493e-05,0.00303322082525276
8364.90919039556,-2.06631514751591e-05,0.000241398712922573,-6.19650232492512e-06,-0.00276769661641255,-5.90500168114837e-07,-0.000263609892351798,-1.44558273757601e-05,0.00301233149201376
8422.92107712043,-2.03798144969505e-05,0.000239745450113905,-6.11176722234972e-06,-0.00274862551382288,-5.82421256149346e-07,-0.000261793563296003,-1.42574194229884e-05,0.00299158599837586
8481.33528488963,-2.01003584561036e-05,0.000238103382531727,-6.02818641871784e-06,-0.00272968594386294,-5.74452508568767e-07,-0.000259989759291503,-1.40617342109689e-05,0.00297098335434187
8540.15460385936,-1.98247303097121e-05,0.000236472436988696,-5.94574431051526e-06,-0.00271087699687956,-5.66592433185456e-07,-0.000258198393760419,-1.38687343874473e-05,0.0029505225767191
8599.38184353586,-1.95528777366969e-05,0.000234852540721458,-5.86442550184255e-06,-0.00269219776956107,-5.58839557749526e-07,-0.000256419380727567,-1.36783831122713e-05,0.00293020268907286
8659.01983290984,-1.92847491280688e-05,0.000233243621389361,-5.78421480174357e-06,-0.00267364736489205,-5.51192429689969e-07,-0.000254652634816168,-1.34906440503777e-05,0.00291002272168013
8719.07142059136,-1.90202935773206e-05,0.000231645607073142,-5.70509722156626e-06,-0.00265522489210844,-5.43649615858964e-07,-0.000252898071243603,-1.33054813648768e-05,0.00288998171148366
8779.53947494611,-1.87594608709454e-05,0.00023005842627359,-5.62705797235456e-06,-0.00263692946665297,-5.36209702279273e-07,-0.000251155605817198,-1.31228597102294e-05,0.00287007870204627
8840.42688423224,-1.85022014790823e-05,0.000228482007910192,-5.55008246227182e-06,-0.00261876021013102,-5.28871293894751e-07,-0.000249425154930033,-1.29427442255191e-05,0.0028503127435056
8901.73655673848,-1.82484665462843e-05,0.000226916281319747,-5.47415629405488e-06,-0.00260071625026663,-5.21633014323881e-07,-0.000247706635556794,-1.27651005278142e-05,0.00283068289252897
8963.47142092288,-1.79982078824108e-05,0.000225361176254969,-5.39926526249904e-06,-0.00258279672085906,-5.14493505616367e-07,-0.000245999965249644,-1.25898947056227e-05,0.00281118821226877
9025.63442555289,-1.77513779536394e-05,0.000223816622883064,-5.32539535197297e-06,-0.00256500076173952,-5.07451428012679e-07,-0.000244305062134131,-1.24170933124348e-05,0.00279182777231798
9088.228539846,-1.7507929873598e-05,0.000222282551784291,-5.25253273396403e-06,-0.00254732751872829,-5.00505459706599e-07,-0.000242621844905134,-1.22466633603546e-05,0.00277260064866608
9151.25675361174,-1.72678173946146e-05,0.000220758893950499,-5.18066376465287e-06,-0.00252977614359214,-4.9365429661065e-07,-0.000240950232822818,-1.20785723138187e-05,0.00275350592365519
9214.72207739435,-1.70309948990838e-05,0.000219245580783654,-5.10977498251782e-06,-0.00251234579400211,-4.86896652124466e-07,-0.000239290145708645,-1.19127880834005e-05,0.00273454268593663
9278.6275426167,-1.67974173909473e-05,0.000217742544094336,-5.03985310596806e-06,-0.00249503563349154,-4.80231256905991e-07,-0.000237641503941392,-1.17492790196991e-05,0.00271571003042758
9342.97620172496,-1.65670404872887e-05,0.000216249716100238,-4.97088503100582e-06,-0.00247784483141448,-4.73656858645544e-07,-0.000236004228453216,-1.15880139073122e-05,0.00269700705826826
9407.77112833456,-1.633982041004e-05,0.000214767029424628,-4.90285782891693e-06,-0.00246077256290437,-4.67172221842653e-07,-0.000234378240725736,-1.14289619588909e-05,0.00267843287677922
9473.0154173768,-1.61157139777986e-05,0.000213294417094812,-4.83575874398978e-06,-0.00244381800883307,-4.60776127585705e-07,-0.000232763462786153,-1.12720928092756e-05,0.002659986599419
9538.71218524687,-1.58946785977528e-05,0.000211831812540573,-4.76957519126187e-06,-0.00242698035577013,-4.54467373334301e-07,-0.00023115981720339,-1.11173765097131e-05,0.00264166734574207
9604.86456995261,-1.5676672257716e-05,0.0002103791495926,-4.70429475429442e-06,-0.00241025879594242,-4.48244772704348e-07,-0.000229567227084266,-1.09647835221512e-05,0.00262347424135705
9671.47573126437,-1.54616535182668e-05,0.000208936362480901,-4.63990518297396e-06,-0.00239365252719409,-4.42107155255829e-07,-0.000227985616069705,-1.0814284713613e-05,0.00260540641788523
9738.54885086602,-1.5249581504993e-05,0.000207503385833204,-4.57639439134114e-06,-0.00237716075294669,-4.3605336628322e-07,-0.000226414908330951,-1.06658513506466e-05,0.00258746301291931
9806.08713250685,-1.50404159008411e-05,0.000206080154673349,-4.51375045544631e-06,-0.00236078268215978,-4.30082266608544e-07,-0.000224855028565842,-1.05194550938519e-05,0.00256964316998252
9874.09380215466,-1.48341169385661e-05,0.00020466660441966,-4.45196161123149e-06,-0.00234451752929166,-4.24192732377009e-07,-0.000223305901995081,-1.0375067992481e-05,0.0025519460384879
9942.57210814976,-1.46306453932834e-05,0.000203262670883316,-4.39101625243867e-06,-0.00232836451426053,-4.18383654855222e-07,-0.000221767454358556,-1.02326624791143e-05,0.00253437077369801
10011.5253213603,-1.44299625751195e-05,0.000201868290266699,-4.33090292854382e-06,-0.0023123228624058,-4.12653940231929e-07,-0.000220239611911679,-1.00922113644068e-05,0.00251691653668472
10080.9567353381,-1.42320303219616e-05,0.000200483399161746,-4.27161034271681e-06,-0.00229639180444985,-4.07002509421283e-07,-0.000218722301421748,-9.95368783190907e-06,0.00249958249428946
10150.8696664767,-1.40368109923039e-05,0.000199107934548278,-4.21312734980642e-06,-0.00228057057645989,-4.01428297868568e-07,-0.000217215450164347,-9.81706543295676e-06,0.00248236781908359
10221.267454169,-1.38442674581893e-05,0.00019774183379233,-4.15544295435067e-06,-0.00226485841981028,-3.95930255358401e-07,-0.000215718985919758,-9.68231808163147e-06,0.00246527168932916
10292.1534609671,-1.36543630982463e-05,0.000196385034644464,-4.09854630861165e-06,-0.00224925458114499,-3.90507345825337e-07,-0.000214232836969413,-9.5494200497897e-06,0.00244829328893987
10363.5310727429,-1.34670617908186e-05,0.000195037475238081,-4.04242671063531e-06,-0.00223375831234045,-3.8515854716689e-07,-0.000212756932092365,-9.41834596216041e-06,0.00243143180744227
10435.4036988501,-1.32823279071867e-05,0.000193699094087719,-3.98707360233504e-06,-0.00221836887046854,-3.79882851058908e-07,-0.000211291200561781,-9.28907079150906e-06,0.00241468643993731
10507.7747722864,-1.3100126304881e-05,0.000192369830087347,-3.93247656759968e-06,-0.00220308551776001,-3.74679262773304e-07,-0.000209835572141473,-9.16156985386841e-06,0.00239805638706209
10580.647749858,-1.29204223210836e-05,0.000191049622508654,-3.87862533042488e-06,-0.00218790752156805,-3.69546800998089e-07,-0.00020838997708244,-9.03581880383399e-06,0.00238154085495188
10654.0261123446,-1.27431817661193e-05,0.000189738410999324,-3.82550975306826e-06,-0.00217283415433216,-3.64484497659712e-07,-0.000206954346119447,-8.91179362992445e-06,0.00236513905520238
10727.9133646656,-1.25683709170335e-05,0.000188436135581314,-3.77311983422746e-06,-0.00215786469354233,-3.59491397747637e-07,-0.000205528610467622,-8.78947065000492e-06,0.0023488502048323
10802.3130360475,-1.23959565112566e-05,0.00018714273664912,-3.72144570724139e-06,-0.00214299842170344,-3.5456655914119e-07,-0.00020411270181908,-8.66882650677347e-06,0.00233267352624614
10877.2286801926,-1.2225905740353e-05,0.000185858154968041,-3.67047763831397e-06,-0.00212823462629989,-3.49709052438578e-07,-0.000202706552339573,-8.54983816330884e-06,0.00231660824719722
10952.6638754485,-1.20581862438549e-05,0.000184582331672435,-3.62020602476045e-06,-0.00211357259976059,-3.44917960788127e-07,-0.000201310094665161,-8.43248289867959e-06,0.002300653600751
11028.6222249794,-1.18927661031774e-05,0.000183315208263973,-3.57062139327574e-06,-0.00209901163942412,-3.4019237972165e-07,-0.000199923261898911,-8.31673830361282e-06,0.0022848088252486
11105.1073569377,-1.17296138356171e-05,0.00018205672660989,-3.52171439822479e-06,-0.00208455104750415,-3.35531416989977e-07,-0.000198545987607618,-8.20258227622273e-06,0.00226907316427066
11182.1229246378,-1.15686983884301e-05,0.000180806828941228,-3.47347581995457e-06,-0.00207019013105518,-3.30934192400561e-07,-0.000197178205818548,-8.08999301779705e-06,0.0022534458666013
11259.6726067303,-1.14099891329902e-05,0.000179565457851079,-3.42589656312749e-06,-0.00205592820193846,-3.26399837657199e-07,-0.000195819851016213,-7.97894902864171e-06,0.00223792618619248
11337.7601073777,-1.12534558590253e-05,0.000178332556292823,-3.37896765507595e-06,-0.00204176457678818,-3.21927496201787e-07,-0.000194470858139155,-7.86942910398183e-06,0.00222251338212847
11416.3891564316,-1.10990687689319e-05,0.000177108067578364,-3.33268024417788e-06,-0.00202769857697793,-3.17516323058128e-07,-0.000193131162576767,-7.76141232991938e-06,0.0022072067185907
11495.5635096105,-1.0946798472165e-05,0.000175891935376365,-3.28702559825291e-06,-0.00201372952858739,-3.13165484677732e-07,-0.000191800700166132,-7.65487807944559e-06,0.0021920054648227
11575.2869486794,-1.07966159797052e-05,0.000174684103710476,-3.24199510297906e-06,-0.00199985676236924,-3.08874158787622e-07,-0.000190479407188881,-7.54980600850854e-06,0.00217690889509539
11655.5632816306,-1.06484926985985e-05,0.000173484516957566,-3.19758026032949e-06,-0.00198607961371634,-3.04641534240084e-07,-0.000189167220368079,-7.446176052134e-06,0.00216191628867257
11736.3963428651,-1.05024004265708e-05,0.000172293119845953,-3.1537726870294e-06,-0.00197239742262918,-3.00466810864371e-07,-0.000187864076865136,-7.34396842059989e-06,0.00214702692977663
11817.7899933763,-1.03583113467143e-05,0.000171109857453624,-3.11056411303252e-06,-0.00195880953368344,-2.96349199320308e-07,-0.000186569914276727,-7.24316359566266e-06,0.00213224010755451
11899.7481209338,-1.02161980222463e-05,0.000169934675206466,-3.06794638001724e-06,-0.00194531529599798,-2.92287920953811e-07,-0.000185284670631755,-7.14374232683581e-06,0.00211755511604394
11982.2746402699,-1.00760333913375e-05,0.00016876751887649,-3.02591143990182e-06,-0.00193191406320288,-2.88282207654245e-07,-0.000184008284388314,-7.04568562771882e-06,0.00210297125413975
12065.3734932659,-9.93779076201101e-06,0.000167608334580054,-2.98445135337893e-06,-0.00191860519340782,-2.84331301713664e-07,-0.000182740694430692,-6.94897477237688e-06,0.00208848782556064
12149.0486491407,-9.80144380710942e-06,0.000166457068776088,-2.94355828846869e-06,-0.00190538804917066,-2.80434455687846e-07,-0.000181481840066382,-6.85359129176971e-06,0.00207410413881599
12233.3041046402,-9.66696655933046e-06,0.00016531366826432,-2.9032245190906e-06,-0.00189226199746622,-2.76590932259152e-07,-0.000180231661023126,-6.75951697022977e-06,0.00205981950717299
12318.1438842285,-9.53433340632888e-06,0.000164178080183498,-2.86344242365361e-06,-0.00187922640965537,-2.72800004101149e-07,-0.000178990097445973,-6.66673384198812e-06,0.00204563324862395
12403.5720402798,-9.4035190858851e-06,0.000163050252009615,-2.82420448366459e-06,-0.00186628066145423,-2.69060953745015e-07,-0.000177757089894358,-6.57522418774847e-06,0.00203154468585387
12489.5926532723,-9.27449868113844e-06,0.000161930131554138,-2.78550328235445e-06,-0.00185342413290368,-2.65373073447649e-07,-0.000176532579339206,-6.48497053130756e-06,0.00201755314620819
12576.2098319827,-9.14724761588534e-06,0.000160817666962234,-2.74733150332232e-06,-0.00184065620833904,-2.6173566506153e-07,-0.000175316507160056,-6.39595563622236e-06,0.00200365796166083
12663.427713683,-9.02174164994042e-06,0.000159712806710995,-2.70968192919692e-06,-0.00182797627636002,-2.58148039906252e-07,-0.000174108815142201,-6.30816250252242e-06,0.00198985846878233
12751.2504643373,-8.89795687456087e-06,0.000158615499607674,-2.67254744031553e-06,-0.00181538372980085,-2.54609518641742e-07,-0.000172909445473858,-6.2215743634677e-06,0.00197615400870835
12839.6822788018,-8.77586970793193e-06,0.000157525694787909,-2.63592101341979e-06,-0.00180287796570059,-2.51119431143122e-07,-0.000171718340743346,-6.13617468235037e-06,0.00196254392710827
12928.7273810244,-8.65545689071413e-06,0.000156443341713963,-2.59979572036863e-06,-0.00179045838527377,-2.47677116377223e-07,-0.000170535443936296,-6.05194714934083e-06,0.00194902757415407
13018.3900242466,-8.53669548164996e-06,0.000155368390172955,-2.56416472686765e-06,-0.00177812439388111,-2.44281922280691e-07,-0.000169360698432873,-5.96887567837655e-06,0.00193560430448938
13108.6744912069,-8.41956285323064e-06,0.000154300790275098,-2.52902129121522e-06,-0.00176587540100055,-2.40933205639707e-07,-0.000168194048005022,-5.88694440409386e-06,0.00192227347719881
13199.5850943454,-8.3040366874208e-06,0.000153240492451942,-2.49435876306468e-06,-0.00175371082019841,-2.37630331971261e-07,-0.00016703543681373,-5.80613767880145e-06,0.00190903445577736
13291.1261760091,-8.19009497144166e-06,0.000152187447454612,-2.4601705822027e-06,-0.00174163006910085,-2.34372675406002e-07,-0.000165884809406317,-5.72644006949566e-06,0.00189588660810021
13383.3021086605,-8.07771599361061e-06,0.000151141606352059,-2.42645027734352e-06,-0.00172963256936542,-2.311596185726e-07,-0.000164742110713728,-5.64783635491632e-06,0.00188282930639258
13476.1172950852,-7.96687833923752e-06,0.000150102920529302,-2.3931914649389e-06,-0.00171771774665293,-2.27990552483645e-07,-0.000163607286047868,-5.57031152264315e-06,0.00186986192719985
13569.576168603,-7.85756088657652e-06,0.000149071341685686,-2.36038784800355e-06,-0.00170588503059944,-2.24864876423033e-07,-0.000162480281098937,-5.49385076623195e-06,0.00185698385135788
13663.6831932795,-7.74974280283226e-06,0.00014804682183313,-2.32803321495585e-06,-0.00169413385478848,-2.21781997834825e-07,-0.000161361041932791,-5.41843948238975e-06,0.00184419446396353
13758.4428641392,-7.64340354022073e-06,0.000147029313294393,-2.29612143847378e-06,-0.00168246365672352,-2.18741332213581e-07,-0.000160249514988326,-5.34406326818909e-06,0.00183149315434541
13853.8597073802,-7.5385228320829e-06,0.000146018768701328,-2.26464647436563e-06,-0.00167087387780049,-2.15742302996122e-07,-0.00015914564707487,-5.27070791831999e-06,0.00181887931603475
13949.9382805904,-7.43508068905151e-06,0.000145015140993155,-2.2336023604557e-06,-0.00165936396328069,-2.12784341454722e-07,-0.000158049385369609,-5.19835942238002e-06,0.00180635234673656
14046.6831729655,-7.33305739526927e-06,0.000144018383414722,-2.20298321548431e-06,-0.00164793336226375,-2.09866886591709e-07,-0.000156960677415014,-5.12700396220111e-06,0.00179391164830094
14144.0990055278,-7.23243350465877e-06,0.000143028449514788,-2.17278323802238e-06,-0.00163658152766084,-2.06989385035446e-07,-0.0001558794711163,-5.05662790921333e-06,0.00178155662669461
14242.190431347,-7.13318983724251e-06,0.000142045293144294,-2.14299670540018e-06,-0.00162530791616809,-2.04151290937687e-07,-0.000154805714738897,-4.98721782184442e-06,0.00176928669197259
14340.9621357626,-7.03530747551319e-06,0.000141068868454648,-2.11361797265006e-06,-0.00161411198824012,-2.0135206587229e-07,-0.00015373935690594,-4.9187604429554e-06,0.00175710125825013
14440.4188366077,-6.93876776085285e-06,0.000140099129896007,-2.08464147146311e-06,-0.00160299320806388,-1.98591178735259e-07,-0.000152680346595773,-4.85124269731084e-06,0.00174499974367478
14540.5652844341,-6.84355229000088e-06,0.000139136032215575,-2.05606170915952e-06,-0.00159195104353256,-1.95868105646113e-07,-0.000151628633139484,-4.78465168908422e-06,0.00173298157039873
14641.4062627396,-6.74964291156961e-06,0.000138179530455893,-2.02787326767233e-06,-0.00158098496621977,-1.9318232985055e-07,-0.000150584166218438,-4.71897469939713e-06,0.0017210461645512
14742.946588196,-6.65702172260752e-06,0.000137229579953141,-2.00007080254474e-06,-0.00157009445135386,-1.9053334162441e-07,-0.000149546895861844,-4.65419918389248e-06,0.00170919295621121
14845.1911108798,-6.5656710652086e-06,0.000136286136335444,-1.97264904194037e-06,-0.00155927897779241,-1.87920638178888e-07,-0.000148516772444332,-4.59031277034068e-06,0.00169742137938033
14948.1447145032,-6.47557352316826e-06,0.000135349155521181,-1.94560278566676e-06,-0.001548538027997,-1.85343723567022e-07,-0.000147493746683546,-4.52730325627896e-06,0.00168573087195582
15051.8123166476,-6.38671191868409e-06,0.000134418593717299,-1.91892690421151e-06,-0.00153787108800802,-1.82802108591405e-07,-0.00014647776963776,-4.46515860668267e-06,0.00167412087570374
15156.1988689989,-6.2990693091018e-06,0.000133494407417638,-1.89261633779133e-06,-0.00152727764741973,-1.80295310713129e-07,-0.000145468792703504,-4.40386695166882e-06,0.00166259083623246
15261.3093575835,-6.21262898370506e-06,0.000132576553401251,-1.86666609541343e-06,-0.00151675719935556,-1.77822853961922e-07,-0.000144466767613212,-4.34341658423088e-06,0.00165114020296619
15367.1488030065,-6.12737446054914e-06,0.000131664988730738,-1.84107125394941e-06,-0.00150630924044344,-1.75384268847495e-07,-0.000143471646432886,-4.28379595800475e-06,0.00163976842911877
15473.7222606918,-6.04328948333726e-06,0.000130759670750583,-1.81582695722129e-06,-0.00149593327079145,-1.72979092272046e-07,-0.000142483381559773,-4.22499368506523e-06,0.00162847497166758
15581.0348211234,-5.96035801833971e-06,0.000129860557085496,-1.7909284150997e-06,-0.00148562879396353,-1.70606867443941e-07,-0.000141501925720062,-4.16699853375287e-06,0.00161725929132775
15689.0916100885,-5.87856425135445e-06,0.000128967605638758,-1.76637090261389e-06,-0.00147539531695546,-1.6826714379253e-07,-0.000140527231966595,-4.10979942653034e-06,0.00160612085252637
15797.8977889225,-5.79789258470937e-06,0.000128080774590577,-1.74214975907354e-06,-0.00146523235017093,-1.65959476884102e-07,-0.000139559253676599,-4.05338543786853e-06,0.00159505912337704
15907.4585547554,-5.71832763430488e-06,0.000127200022396447,-1.71826038720216e-06,-0.00145513940739783,-1.63683428338951e-07,-0.000138597944549427,-3.99774579216124e-06,0.00158407357565448
16017.7791407599,-5.63985422669705e-06,0.000126325307785511,-1.69469825228205e-06,-0.00144511600578469,-1.61438565749549e-07,-0.000137643258604321,-3.94286986166881e-06,0.00157316368476938
16128.8648164017,-5.5624573962201e-06,0.000125456589758933,-1.6714588813104e-06,-0.00143516166581729,-1.59224462599806e-07,-0.000136695150178186,-3.88874716448963e-06,0.00156232892974342
16240.720887691,-5.48612238214824e-06,0.000124593827588279,-1.64853786216675e-06,-0.00142527591129545,-1.57040698185405e-07,-0.000135753573923383,-3.83536736255976e-06,0.0015515687931844
16353.352697436,-5.41083462589585e-06,0.00012373698081389,-1.62593084279136e-06,-0.00141545826930991,-1.54886857535195e-07,-0.000134818484805539,-3.78272025967962e-06,0.0015408827612616
16466.765625498,-5.33657976825599e-06,0.000122886009243283,-1.60363353037457e-06,-0.00140570827021954,-1.52762531333638e-07,-0.000133889838101367,-3.73079579956812e-06,0.00153027032368131
16580.9650890484,-5.26334364667616e-06,0.000122040872949536,-1.58164169055677e-06,-0.00139602544762851,-1.50667315844279e-07,-0.000132967589396505,-3.67958406394308e-06,0.00151973097366248
16695.9565428276,-5.19111229257144e-06,0.000121201532269697,-1.55995114663917e-06,-0.00138640933836378,-1.4860081283425e-07,-0.000132051694583372,-3.62907527062831e-06,0.0015092642079126
16811.7454794054,-5.11987192867381e-06,0.000120367947803187,-1.53855777880489e-06,-0.00137685948245263,-1.46562629499761e-07,-0.000131142109859037,-3.57925977168636e-06,0.00149886952660368
16928.3374294433,-5.04960896641788e-06,0.000119540080410217,-1.5174575233505e-06,-0.00136737542310049,-1.4455237839261e-07,-0.0001302387917231,-3.53012805157709e-06,0.00148854643334844
17045.737961959,-4.98031000336189e-06,0.000118717891210207,-1.49664637192772e-06,-0.00135795670666875,-1.42569677347654e-07,-0.000129341696975593,-3.48167072534127e-06,0.00147829443517663
17163.9526845917,-4.91196182064402e-06,0.000117901341580212,-1.47612037079521e-06,-0.00134860288265289,-1.40614149411256e-07,-0.000128450782714896,-3.43387853680933e-06,0.00146811304251159
17282.9872438709,-4.84455138047313e-06,0.000117090393153358,-1.45587562008034e-06,-0.00133931350366068,-1.38685422770689e-07,-0.00012756600633566,-3.38674235683439e-06,0.00145800176914684
17402.8473254854,-4.77806582365387e-06,0.000116285007817283,-1.43590827305075e-06,-0.00133008812539053,-1.36783130684483e-07,-0.000126687325526757,-3.34025318154982e-06,0.00144796013222295
17523.5386545551,-4.71249246714515e-06,0.000115485147712578,-1.41621453539564e-06,-0.00132092630661003,-1.34906911413697e-07,-0.000125814698269231,-3.29440213065036e-06,0.00143798765220448
17645.0669959044,-4.64781880165227e-06,0.000114690775231245,-1.3967906645166e-06,-0.00131182760913462,-1.33056408154122e-07,-0.000124948082834277,-3.24918044569714e-06,0.00142808385285719
17767.4381543379,-4.58403248925136e-06,0.000113901853015155,-1.37763296882793e-06,-0.00130279159780642,-1.31231268969379e-07,-0.00012408743778122,-3.20457948844563e-06,0.00141824826122525
17890.6579749169,-4.52112136104664e-06,0.000113118343954516,-1.35873780706624e-06,-0.0012938178404732,-1.29431146724922e-07,-0.000123232721955521,-3.16059073919677e-06,0.00140848040760877
18014.7323432395,-4.45907341485912e-06,0.000112340211186345,-1.34010158760928e-06,-0.0012849059079675,-1.27655699022915e-07,-0.00012238389448679,-3.11720579517055e-06,0.00139877982554134
18139.667185721,-4.39787681294721e-06,0.000111567418092948,-1.32172076780393e-06,-0.00127605537408592,-1.25904588137992e-07,-0.000121540914786814,-3.07441636890196e-06,0.00138914605176784
18265.4684698776,-4.33751987975798e-06,0.000110799928300407,-1.30359185330299e-06,-0.00126726581556853,-1.24177480953869e-07,-0.000120703742547599,-3.03221428665887e-06,0.00137957862622232
18392.1422046107,-4.2779910997094e-06,0.000110037705677074,-1.28571139741101e-06,-0.0012585368120784,-1.22474048900809e-07,-0.000119872337739429,-2.99059148688174e-06,0.0013700770920061
18519.6944404947,-4.21927911500249e-06,0.00010928071433207,-1.26807600043871e-06,-0.00124986794618135,-1.20793967893926e-07,-0.000119046660608931,-2.94954001864451e-06,0.00136064099536593
18648.1312700654,-4.16137272346355e-06,0.000108528918613797,-1.25068230906618e-06,-0.00124125880332579,-1.19136918272317e-07,-0.000118226671677164,-2.90905204013688e-06,0.00135126988567242
18777.4588281112,-4.10426087641555e-06,0.000107782283108445,-1.23352701571442e-06,-0.0012327089718227,-1.17502584739004e-07,-0.000117412331737714,-2.86911981716706e-06,0.00134196331539849
18907.6832919665,-4.04793267657869e-06,0.000107040772638518,-1.21660685792542e-06,-0.00122421804282576,-1.15890656301695e-07,-0.000116603601854799,-2.82973572168535e-06,0.00133272084009809
19038.810881806,-3.99237737599956e-06,0.000106304352261362,-1.19991861775049e-06,-0.00121578561031164,-1.14300826214325e-07,-0.000115800443361403,-2.79089223032785e-06,0.00132354201838494
19170.8478609426,-3.93758437400838e-06,0.000105572987267697,-1.18345912114675e-06,-0.0012074112710604,-1.12732791919396e-07,-0.000115002817857404,-2.75258192298007e-06,0.00131442641191155
19303.8005361258,-3.88354321520431e-06,0.000104846643180164,-1.16722523738172e-06,-0.00119909462463604,-1.11186254991079e-07,-0.000114210687207726,-2.71479748136037e-06,0.00130537358534826
19437.6752578439,-3.830243587468e-06,0.000104125285751868,-1.15121387844592e-06,-0.00119083527336719,-1.09660921079092e-07,-0.000113424013540505,-2.67753168762272e-06,0.00129638310636253
19572.4784206263,-3.77767532000143e-06,0.000103408880964938,-1.13542199847329e-06,-0.00118263282232792,-1.08156499853325e-07,-0.000112642759245261,-2.64077742297869e-06,0.00128745454559827
19708.2164633496,-3.72582838139434e-06,0.000102697395029089,-1.11984659316937e-06,-0.00117448687931873,-1.06672704949209e-07,-0.000111866886971089,-2.6045276663383e-06,0.00127858747665539
19844.8958695448,-3.67469287771711e-06,0.000101990794380193,-1.10448469924722e-06,-0.0011663970548476,-1.05209253913827e-07,-0.000111096359624857,-2.56877549296955e-06,0.0012697814760695
19982.5231677076,-3.62425905063958e-06,0.000101289045678852,-1.08933339387082e-06,-0.00115836296211124,-1.03765868152741e-07,-0.000110331140369424,-2.53351407317622e-06,0.00126103612329163
20121.1049316092,-3.57451727557561e-06,0.000100592115808988,-1.07438979410598e-06,-0.00115038421697644,-1.02342272877544e-07,-0.000109571192621864,-2.49873667099403e-06,0.00125235100066825
20260.6477806113,-3.52545805985284e-06,9.98999718764296e-05,-1.05965105637864e-06,-0.00114246043796155,-1.00938197054105e-07,-0.000108816480051705,-2.46443664290439e-06,0.00124372569342131
20401.1583799816,-3.47707204090759e-06,9.9212581207512e-05,-1.04511437594037e-06,-0.00113459124621809,-9.95533733515268e-08,-0.00010806696657918,-2.43060743656607e-06,0.00123515978962847
20542.6434412127,-3.42934998450413e-06,9.85299113476818e-05,-1.03077698634114e-06,-0.00112677626551254,-9.81875380917777e-08,-0.000107322616373491,-2.39724258956401e-06,0.00122665288020345
20685.1097223421,-3.38228278297854e-06,9.78519300601104e-05,-1.0166361589091e-06,-0.00111901512220815,-9.68404312000104e-08,-0.000106583393851084,-2.36433572817555e-06,0.00121820455887653
20828.5640282755,-3.33586145350626e-06,9.71786053243113e-05,-1.00268920223736e-06,-0.001111307445247,-9.55117961555439e-08,-0.000105849263673937,-2.33188056615334e-06,0.00120981442217512
20973.0132111114,-3.2900771363935e-06,9.65099053347688e-05,-9.88933461677735e-07,-0.00110365286613208,-9.42013799435128e-08,-0.00010512019074786,-2.29987090352511e-06,0.00120148206940461
21118.464170469,-3.2449210933918e-06,9.58457984995698e-05,-9.75366318841188e-07,-0.00109605101890958,-9.29089330071619e-08,-0.000104396140220805,-2.26830062540981e-06,0.00119320710262916
21264.923853817,-3.20038470603576e-06,9.51862534390458e-05,-9.61985191105099e-07,-0.00108850154015124,-9.16342092007902e-08,-0.000103677077481192,-2.23716370085006e-06,0.00118498912665276
21412.3992568061,-3.15645947400322e-06,9.45312389844191e-05,-9.48787531127077e-07,-0.00108100406893687,-9.03769657433234e-08,-0.000102962968156239,-2.20645418166054e-06,0.00117682774900041
21560.8974236026,-3.11313701349816e-06,9.38807241764591e-05,-9.35770826365373e-07,-0.00107355824683695,-8.91369631725193e-08,-0.000102253778110316,-2.17616620129221e-06,0.00116872257989932
21710.4254472254,-3.0704090556553e-06,9.32346782641429e-05,-9.2293259860571e-07,-0.00106616371789543,-8.7913965299785e-08,-0.000101549473443297,-2.14629397371213e-06,0.0011606732322604
21860.9904698845,-3.02826744496682e-06,9.25930707033252e-05,-9.10270403494524e-07,-0.00105882012861252,-8.67077391656107e-08,-0.000100850020488934,-2.11683179229864e-06,0.00115267932165974
22012.599683322,-2.98670413773027e-06,9.1955871155413e-05,-8.97781830078437e-07,-0.00105152712792772,-8.5518054995597e-08,-0.000100155385813235,-2.08777402875159e-06,0.00114474046632028
22165.260329156,-2.94571120051794e-06,9.13230494860501e-05,-8.85464500349994e-07,-0.00104428436720294,-8.43446861570849e-08,-9.94655362128568e-05,-2.05911513201774e-06,0.00113685628709361
22318.9796992262,-2.90528080866693e-06,9.06945757638058e-05,-8.73316068799469e-07,-0.00103709150020569,-8.31874091163645e-08,-9.87804387135118e-05,-2.03084962723065e-06,0.00112902640744187
22473.7651359423,-2.86540524478992e-06,9.00704202588731e-05,-8.61334221972758e-07,-0.00102994818309243,-8.20460033964666e-08,-9.81000605683797e-05,-2.00297211466531e-06,0.0011212504534198
22629.6240326348,-2.82607689730627e-06,8.94505534417718e-05,-8.49516678035186e-07,-0.00102285407439205,-8.09202515355211e-08,-9.74243692565342e-05,-1.97547726870694e-06,0.00111352805365689
22786.5638339077,-2.78728825899324e-06,8.88349459820609e-05,-8.37861186341241e-07,-0.00101580883498942,-7.98099390456821e-08,-9.67533324813809e-05,-1.94835983683414e-06,0.00110585883933965
22944.592035995,-2.74903192555685e-06,8.82235687470549e-05,-8.26365527010073e-07,-0.00100881212810906,-7.8714854372604e-08,-9.60869181691034e-05,-1.92161463861575e-06,0.00109824244419405
23103.7161871177,-2.71130059422246e-06,8.76163928005514e-05,-8.1502751050676e-07,-0.00100186361929901,-7.76347888554703e-08,-9.54250944671239e-05,-1.8952365647217e-06,0.001090678504468
23263.9438878451,-2.6740870623444e-06,8.70133894015608e-05,-8.03844977229179e-07,-0.000994962976414664,-7.65695366875584e-08,-9.4767829742571e-05,-1.86922057594721e-06,0.00108316665891403
23425.2827914574,-2.63738422603481e-06,8.64145300030477e-05,-7.92815797100503e-07,-0.000988109869602869,-7.55188948773418e-08,-9.41150925807609e-05,-1.84356170225062e-06,0.00107570654877204
23587.7406043117,-2.60118507881099e-06,8.58197862506749e-05,-7.81937869167153e-07,-0.000981303971286013,-7.44826632101159e-08,-9.34668517836874e-05,-1.81825504180415e-06,0.00106829781775217
23751.3250862094,-2.56548271026144e-06,8.52291299815583e-05,-7.71209121202224e-07,-0.000974544956146307,-7.34606442101453e-08,-9.28230763685237e-05,-1.79329576005793e-06,0.00106094011201782
23916.0440507678,-2.53027030472997e-06,8.46425332230257e-05,-7.60627509314225e-07,-0.000967832501110127,-7.24526431033212e-08,-9.21837355661335e-05,-1.76867908881666e-06,0.00105363308016878
24081.9053657923,-2.49554114001789e-06,8.40599681913846e-05,-7.50191017561147e-07,-0.000961166285332501,-7.14584677803269e-08,-9.1548798819594e-05,-1.74440032532914e-06,0.0010463763732244
24248.9169536531,-2.46128858610386e-06,8.34814072906948e-05,-7.3989765756971e-07,-0.000954545990181667,-7.04779287602999e-08,-9.09182357827268e-05,-1.72045483139008e-06,0.00103916964460703
24417.0867916629,-2.42750610388137e-06,8.29068231115511e-05,-7.29745468159787e-07,-0.000947971299223783,-6.95108391549883e-08,-9.02920163186424e-05,-1.69683803245442e-06,0.00103201255012539
24586.4229124585,-2.39418724391326e-06,8.23361884298688e-05,-7.19732514973875e-07,-0.000941441898207698,-6.85570146333897e-08,-8.9670110498291e-05,-1.67354541676366e-06,0.00102490474795822
24756.933404384,-2.36132564520351e-06,8.176947620568e-05,-7.09856890111617e-07,-0.000934957475049869,-6.76162733868738e-08,-8.9052488599027e-05,-1.65057253448427e-06,0.00101784589863793
24928.6264118777,-2.3289150339856e-06,8.12066595819337e-05,-7.00116711769219e-07,-0.000928517719819349,-6.66884360947726e-08,-8.84391211031809e-05,-1.62791499685785e-06,0.0010108356650344
25101.5101358603,-2.29694922252762e-06,8.06477118833051e-05,-6.90510123883792e-07,-0.000922122324722914,-6.57733258904413e-08,-8.78299786966428e-05,-1.60556847536302e-06,0.00100387371233892
25275.5928341276,-2.26542210795354e-06,8.00926066150091e-05,-6.81035295782467e-07,-0.000915770984090259,-6.4870768327776e-08,-8.72250322674539e-05,-1.58352870088873e-06,0.000996959708048176
25450.882821744,-2.23432767108078e-06,7.95413174616241e-05,-6.71690421836295e-07,-0.00090946339435933,-6.39805913481884e-08,-8.66242529044106e-05,-1.56179146291901e-06,0.000990093321948415
25627.3884714405,-2.2036599752735e-06,7.89938182859185e-05,-6.62473721118795e-07,-0.00090319925406173,-6.31026252480253e-08,-8.60276118956753e-05,-1.54035260872875e-06,0.000983274226099668
25805.1182140139,-2.17341316531169e-06,7.84500831276877e-05,-6.5338343706916e-07,-0.000896978263808246,-6.22367026464326e-08,-8.54350807273993e-05,-1.51920804259071e-06,0.000976502094820112
25984.08053873,-2.14358146627568e-06,7.79100862025953e-05,-6.44417837159999e-07,-0.000890800126274471,-6.13826584536541e-08,-8.48466310823538e-05,-1.49835372499327e-06,0.000969776604670517
26164.2839937291,-2.11415918244588e-06,7.73738019010218e-05,-6.35575212569588e-07,-0.000884664546186518,-6.05403298397597e-08,-8.42622348385704e-05,-1.47778567186892e-06,0.000963097434438814
26345.7371864336,-2.08514069621765e-06,7.6841204786921e-05,-6.26853877858573e-07,-0.000878571230306855,-5.97095562038008e-08,-8.36818640679931e-05,-1.45749995383343e-06,0.000956464265124773
26528.4487839603,-2.05652046703088e-06,7.6312269596681e-05,-6.18252170651023e-07,-0.000872519887420208,-5.889017914338e-08,-8.31054910351361e-05,-1.43749269543532e-06,0.000949876779924767
26712.4275135331,-2.02829303031436e-06,7.57869712379942e-05,-6.09768451319845e-07,-0.000866510228319594,-5.80820424246383e-08,-8.25330881957551e-05,-1.41776007441579e-06,0.000943334664216666
26897.6821629011,-2.00045299644447e-06,7.52652847887314e-05,-6.01401102676423e-07,-0.000860541965792425,-5.72849919526463e-08,-8.19646281955238e-05,-1.39829832097864e-06,0.000936837605544805
27084.2215807571,-1.97299504971819e-06,7.47471854958254e-05,-5.93148529664504e-07,-0.000854614814606731,-5.64988757422004e-08,-8.1400083868723e-05,-1.37910371707034e-06,0.000930385293605091
27272.0546771616,-1.94591394734006e-06,7.42326487741581e-05,-5.85009159058193e-07,-0.000848728491497455,-5.57235438890125e-08,-8.08394282369363e-05,-1.36017259566985e-06,0.000923977420230176
27461.1904239671,-1.91920451842316e-06,7.37216502054573e-05,-5.7698143916409e-07,-0.000842882715152871,-5.49588485412946e-08,-8.02826345077568e-05,-1.34150134008836e-06,0.000917613679374763
27651.6378552475,-1.8928616630036e-06,7.3214165537197e-05,-5.69063839527418e-07,-0.000837077206201068,-5.42046438717257e-08,-7.97296760735011e-05,-1.32308638327841e-06,0.000911293767100989
27843.4060677294,-1.86688035106859e-06,7.2710170681507e-05,-5.61254850642184e-07,-0.000831311687196555,-5.34607860498028e-08,-7.9180526509934e-05,-1.30492420715274e-06,0.000905017381563926
28036.5042212264,-1.84125562159772e-06,7.22096417140864e-05,-5.53552983665234e-07,-0.000825585882606935,-5.27271332145655e-08,-7.86351595749999e-05,-1.28701134191223e-06,0.000898784222997168
28230.9415390768,-1.81598258161749e-06,7.17125548731263e-05,-5.45956770134223e-07,-0.000819899518799695,-5.20035454476927e-08,-7.80935492075654e-05,-1.26934436538331e-06,0.000892593993698532
28426.7273085842,-1.79105640526861e-06,7.12188865582359e-05,-5.38464761689374e-07,-0.000814252324029061,-5.12898847469634e-08,-7.75556695261687e-05,-1.25191990236423e-06,0.000886446398015838
28623.8708814609,-1.76647233288626e-06,7.07286133293782e-05,-5.31075529799062e-07,-0.000808644028422978,-5.05860150000805e-08,-7.7021494827779e-05,-1.23473462398051e-06,0.000880341142332809
28822.3816742749,-1.7422256700927e-06,7.02417119058093e-05,-5.2378766548907e-07,-0.000803074363970142,-4.98918019588481e-08,-7.64909995865634e-05,-1.21778524704906e-06,0.000874277935055046
29022.2691688993,-1.71831178690255e-06,6.97581591650263e-05,-5.16599779075576e-07,-0.000797543064507163,-4.92071132137023e-08,-7.59641584526636e-05,-1.20106853345114e-06,0.00086825648659612
29223.5429129655,-1.69472611684007e-06,6.92779321417195e-05,-5.09510499901714e-07,-0.000792049865705776,-4.85318181685856e-08,-7.54409462509799e-05,-1.18458128951386e-06,0.000862276509363741
29426.2125203191,-1.67146415606875e-06,6.88010080267332e-05,-5.02518476077762e-07,-0.000786594505060179,-4.78657880161667e-08,-7.49213379799646e-05,-1.16832036540021e-06,0.000856337717746038
29630.2876714792,-1.64852146253263e-06,6.83273641660304e-05,-4.95622374224816e-07,-0.00078117672187443,-4.72088957133933e-08,-7.4405308810423e-05,-1.15228265450742e-06,0.000850439828097919
29835.7781141006,-1.62589365510949e-06,6.78569780596661e-05,-4.88820879221987e-07,-0.000775796257249949,-4.65610159573815e-08,-7.38928340843236e-05,-1.13646509287362e-06,0.000844582558727539
30042.6936634399,-1.60357641277554e-06,6.73898273607645e-05,-4.82112693956992e-07,-0.000770452854073098,-4.59220251616295e-08,-7.33838893136152e-05,-1.12086465859258e-06,0.000838765629882847
30251.0442028234,-1.58156547378166e-06,6.69258898745049e-05,-4.7549653908018e-07,-0.000765146257002853,-4.52918014325588e-08,-7.28784501790545e-05,-1.10547837123656e-06,0.000832988763738242
30460.8396841202,-1.55985663484076e-06,6.64651435571114e-05,-4.68971152761855e-07,-0.000759876212458555,-4.46702245463709e-08,-7.23764925290385e-05,-1.09030329128699e-06,0.000827251684381297
30672.0901282168,-1.53844575032644e-06,6.60075665148507e-05,-4.62535290452941e-07,-0.000754642468607756,-4.40571759262223e-08,-7.1877992378449e-05,-1.07533651957306e-06,0.000821554117799607
30884.8056254963,-1.51732873148248e-06,6.55531370030346e-05,-4.56187724648864e-07,-0.000749444775354134,-4.34525386197079e-08,-7.1382925907501e-05,-1.06057519671792e-06,0.000815895791867689
31098.9963363199,-1.49650154564323e-06,6.51018334250301e-05,-4.49927244656679e-07,-0.000744282884325517,-4.28561972766527e-08,-7.0891269460603e-05,-1.04601650259254e-06,0.000810276436334011
31314.6724915125,-1.47596021546461e-06,6.46536343312738e-05,-4.4375265636533e-07,-0.000739156548861956,-4.22680381272039e-08,-7.04029995452218e-05,-1.03165765577704e-06,0.000804695782808075
31531.8443928511,-1.45570081816574e-06,6.4208518418294e-05,-4.37662782019066e-07,-0.000734065524003914,-4.1687948960224e-08,-6.99180928307577e-05,-1.01749591302942e-06,0.000799153564747618
31750.5224135575,-1.43571948478083e-06,6.37664645277377e-05,-4.31656459993918e-07,-0.000729009566480515,-4.11158191019753e-08,-6.94365261474261e-05,-1.00352856876157e-06,0.00079364951744588
31970.7169987928,-1.41601239942142e-06,6.33274516454046e-05,-4.25732544577229e-07,-0.000723988434697887,-4.05515393950977e-08,-6.89582764851474e-05,-9.89752954522522e-07,0.000788183378018973
32192.4386661572,-1.39657579854865e-06,6.28914589002856e-05,-4.19889905750174e-07,-0.000719001888727573,-3.99950021778693e-08,-6.84833209924441e-05,-9.76166438488659e-07,0.000782754885393325
32415.6980061919,-1.37740597025553e-06,6.24584655636095e-05,-4.14127428973253e-07,-0.000714049690295042,-3.94461012637538e-08,-6.80116369753468e-05,-9.62766424961101e-07,0.000777363780293227
32640.5056828852,-1.35849925355903e-06,6.2028451047893e-05,-4.08444014974688e-07,-0.000709131602768258,-3.89047319212228e-08,-6.75432018963058e-05,-9.49550353869838e-07,0.000772009805228446
32866.8724341813,-1.33985203770186e-06,6.16013949059989e-05,-4.02838579541716e-07,-0.000704247391146345,-3.83707908538555e-08,-6.70779933731124e-05,-9.36515700284759e-07,0.00076669270448194
33094.8090724944,-1.32146076146382e-06,6.11772768301985e-05,-3.97310053314706e-07,-0.00069939682204832,-3.7844176180708e-08,-6.66159891778256e-05,-9.23659973933331e-07,0.000761412224097643
33324.3264852235,-1.3033219124826e-06,6.07560766512413e-05,-3.91857381584101e-07,-0.000694579663701911,-3.7324787416952e-08,-6.61571672357082e-05,-9.10980718724952e-07,0.00075616811186835
33555.4356352742,-1.28543202658381e-06,6.03377743374286e-05,-3.86479524090098e-07,-0.00068979568593245,-3.68125254547748e-08,-6.57015056241688e-05,-8.98475512281773e-07,0.000750960117323669
33788.1475615808,-1.26778768712027e-06,5.99223499936954e-05,-3.81175454825088e-07,-0.000685044660151842,-3.63072925445433e-08,-6.52489825717121e-05,-8.86141965476019e-07,0.000745787991718072
34022.4733796346,-1.25038552432032e-06,5.95097838606954e-05,-3.75944161838748e-07,-0.00068032635934761,-3.58089922762203e-08,-6.47995764568952e-05,-8.73977721973596e-07,0.00074065148801901
34258.4242820144,-1.23322221464505e-06,5.91000563138944e-05,-3.70784647045833e-07,-0.000675640558072024,-3.53175295610387e-08,-6.43532658072932e-05,-8.61980457784027e-07,0.000735550360895128
34496.0115389212,-1.21629448015428e-06,5.86931478626665e-05,-3.6569592603654e-07,-0.000670987032431288,-3.4832810613422e-08,-6.39100292984697e-05,-8.50147880816498e-07,0.000730484366704546
34735.2464987164,-1.19959908788138e-06,5.82890391493989e-05,-3.606770278895e-07,-0.000666365560074826,-3.4354742933154e-08,-6.34698457529564e-05,-8.38477730442061e-07,0.000725453263483235
34976.1405884643,-1.18313284921646e-06,5.78877109485998e-05,-3.55726994987275e-07,-0.000661775920184617,-3.38832352877896e-08,-6.30326941392379e-05,-8.26967777061782e-07,0.000720456810933457
35218.7053144771,-1.16689261929817e-06,5.74891441660143e-05,-3.50844882834411e-07,-0.000657217893464626,-3.34181976953074e-08,-6.25985535707454e-05,-8.15615821680876e-07,0.000715494770412299
35462.9522628655,-1.15087529641371e-06,5.70933198377432e-05,-3.46029759877932e-07,-0.000652691262130291,-3.29595414069969e-08,-6.21674033048558e-05,-8.04419695488627e-07,0.000710566904920275
35708.8931000911,-1.13507782140719e-06,5.67002191293703e-05,-3.41280707330316e-07,-0.000648195809898097,-3.25071788905814e-08,-6.17392227418988e-05,-7.93377259444133e-07,0.000705672979090018
35956.5395735246,-1.11949717709591e-06,5.63098233350927e-05,-3.3659681899485e-07,-0.000643731321975207,-3.20610238135692e-08,-6.13139914241703e-05,-7.82486403867677e-07,0.000700812759175033
36205.9035120061,-1.10413038769487e-06,5.59221138768585e-05,-3.319772010934e-07,-0.000639297585049186,-3.16209910268335e-08,-6.0891689034953e-05,-7.71745048037758e-07,0.000695986013038547
36456.9968264106,-1.08897451824895e-06,5.55370723035082e-05,-3.27420972096499e-07,-0.000634894387277769,-3.11869965484147e-08,-6.04722953975432e-05,-7.61151139793611e-07,0.000691192510142419
36709.831510217,-1.07402667407297e-06,5.51546802899233e-05,-3.22927262555768e-07,-0.000630521518278725,-3.07589575475454e-08,-6.00557904742849e-05,-7.50702655143204e-07,0.000686432021536134
36964.4196400802,-1.0592840001995e-06,5.47749196361795e-05,-3.18495214938625e-07,-0.00062617876911978,-3.03367923288934e-08,-5.96421543656111e-05,-7.4039759787662e-07,0.000681704319845882
37220.7733764093,-1.04474368083402e-06,5.43977722667046e-05,-3.14123983465232e-07,-0.000621865932308603,-2.99204203170174e-08,-5.92313673090896e-05,-7.30233999184717e-07,0.000677009179263685
37478.9049639467,-1.03040293881777e-06,5.40232202294435e-05,-3.09812733947688e-07,-0.000617582801782883,-2.95097620410382e-08,-5.88234096784787e-05,-7.20209917283056e-07,0.000672346375536632
37738.8267323548,-1.01625903509782e-06,5.36512456950267e-05,-3.0556064363139e-07,-0.000613329172900441,-2.91047391195165e-08,-5.84182619827856e-05,-7.10323437040957e-07,0.000667715685956161
38000.5510968034,-1.00230926820448e-06,5.32818309559455e-05,-3.01366901038585e-07,-0.000609104842429453,-2.87052742455392e-08,-5.80159048653352e-05,-7.00572669615679e-07,0.000663116889347432
38264.0905585636,-9.88550973735793e-07,5.29149584257314e-05,-2.9723070581403e-07,-0.000604909608538697,-2.83112911720072e-08,-5.76163191028421e-05,-6.90955752091582e-07,0.000658549766058763
38529.4577056047,-9.74981523849162e-07,5.25506106381418e-05,-2.9315126857278e-07,-0.000600743270787905,-2.79227146971262e-08,-5.72194856044912e-05,-6.81470847124288e-07,0.00065401409795115
38796.6652131954,-9.61598326759912e-07,5.21887702463501e-05,-2.8912781075004e-07,-0.000596605630118154,-2.75394706500941e-08,-5.68253854110232e-05,-6.72116142589673e-07,0.000649509668387838
39065.7258445091,-9.48398826246743e-07,5.18294200221414e-05,-2.85159564453069e-07,-0.000592496488842343,-2.71614858769848e-08,-5.6433999693828e-05,-6.62889851237727e-07,0.000645036262223994
39336.6524512341,-9.35380501163918e-07,5.14725428551131e-05,-2.81245772315104e-07,-0.000588415650635718,-2.67886882268239e-08,-5.60453097540422e-05,-6.53790210351118e-07,0.00064059366579642
39609.4579741865,-9.22540864960197e-07,5.11181217518812e-05,-2.77385687351285e-07,-0.000584362920526488,-2.64210065378559e-08,-5.56592970216555e-05,-6.44815481408489e-07,0.000636181666913364
39884.1554439296,-9.098774652043e-07,5.07661398352908e-05,-2.73578572816531e-07,-0.000580338104886472,-2.6058370623997e-08,-5.52759430546204e-05,-6.35963949752323e-07,0.000631800054844375
40160.7579813948,-8.97387883116938e-07,5.04165803436327e-05,-2.69823702065378e-07,-0.000576341011421844,-2.57007112614755e-08,-5.48952295379711e-05,-6.27233924261422e-07,0.000627448620310256
40439.2787985098,-8.85069733109191e-07,5.00694266298642e-05,-2.66120358413705e-07,-0.000572371449163919,-2.53479601756521e-08,-5.45171382829456e-05,-6.18623737027831e-07,0.000623127155473057
40719.7311988284,-8.72920662327283e-07,4.97246621608357e-05,-2.62467835002371e-07,-0.000568429228460016,-2.50000500280226e-08,-5.4141651226116e-05,-6.10131743038234e-07,0.000618835453926165
41002.1285781671,-8.60938350203526e-07,4.93822705165213e-05,-2.58865434662698e-07,-0.000564514160964372,-2.46569144033961e-08,-5.37687504285236e-05,-6.01756319859696e-07,0.000614573310684436
41286.4844252437,-8.49120508013483e-07,4.90422353892558e-05,-2.55312469783799e-07,-0.000560626059629136,-2.431848779725e-08,-5.3398418074821e-05,-5.93495867329739e-07,0.000610340522174418
41572.812322323,-8.37464878439145e-07,4.87045405829748e-05,-2.51808262181713e-07,-0.000556764738695407,-2.3984705603257e-08,-5.30306364724185e-05,-5.85348807250649e-07,0.00060613688622462
41861.1259458642,-8.25969235138151e-07,4.83691700124619e-05,-2.48352142970333e-07,-0.000552930013684349,-2.36555041009828e-08,-5.26653880506389e-05,-5.77313583088005e-07,0.000601962202055872
42151.4390671752,-8.14631382318849e-07,4.80361077025985e-05,-2.44943452434088e-07,-0.000549121701388353,-2.33308204437517e-08,-5.2302655359875e-05,-5.69388659673318e-07,0.000597816270271722
42443.7655530697,-8.03449154321253e-07,4.77053377876206e-05,-2.41581539902374e-07,-0.00054533961986228,-2.30105926466784e-08,-5.19424210707563e-05,-5.61572522910777e-07,0.000593698892848932
42738.1193665299,-7.92420415203674e-07,4.73768445103785e-05,-2.38265763625692e-07,-0.000541583588414738,-2.26947595748629e-08,-5.15846679733184e-05,-5.53863679487992e-07,0.000589609873128007
43034.5145673733,-7.8154305833508e-07,4.70506122216031e-05,-2.34995490653482e-07,-0.000537853427599449,-2.23832609317476e-08,-5.12293789761806e-05,-5.46260656590742e-07,0.000585549015803816
43332.9653129246,-7.70815005992988e-07,4.67266253791756e-05,-2.31770096713624e-07,-0.000534148959206647,-2.2076037247632e-08,-5.0876537105727e-05,-5.38762001621596e-07,0.00058151612691626
43633.4858586911,-7.60234208966926e-07,4.64048685474026e-05,-2.28588966093593e-07,-0.000530470006254562,-2.17730298683469e-08,-5.05261255052956e-05,-5.31366281922437e-07,0.000577511013841015
43936.0905590448,-7.49798646167266e-07,4.60853263962957e-05,-2.25451491523218e-07,-0.000526816392980938,-2.14741809440801e-08,-5.01781274343707e-05,-5.24072084500762e-07,0.000573533485280326
44240.7938679069,-7.39506324239489e-07,4.57679837008565e-05,-2.22357074059071e-07,-0.000523187944834633,-2.11794334183587e-08,-4.98325262677828e-05,-5.16878015759761e-07,0.000569583351253885
44547.6103394389,-7.29355277183672e-07,4.54528253403646e-05,-2.19305122970412e-07,-0.000519584488467257,-2.08887310171784e-08,-4.94893054949125e-05,-5.0978270123208e-07,0.000565660423089748
44856.5546287376,-7.19343565979253e-07,4.51398362976724e-05,-2.16295055626705e-07,-0.000516005851724886,-2.06020182382843e-08,-4.91484487189013e-05,-5.02784785317266e-07,0.000561764513415331
45167.641492535,-7.09469278214878e-07,4.48290016585028e-05,-2.13326297386662e-07,-0.000512451863639811,-2.03192403405962e-08,-4.88099396558662e-05,-4.95882931022778e-07,0.000557895436148463
45480.8857899031,-6.99730527723388e-07,4.45203066107525e-05,-2.10398281488821e-07,-0.000508922354422373,-2.00403433337803e-08,-4.84737621341219e-05,-4.89075819708592e-07,0.000554053006488498
45796.3024829641,-6.90125454221749e-07,4.4213736443799e-05,-2.07510448943598e-07,-0.000505417155452824,-1.97652739679618e-08,-4.81399000934059e-05,-4.82362150835279e-07,0.000550237040907493
46113.9066376045,-6.80652222955973e-07,4.39092765478135e-05,-2.04662248426826e-07,-0.00050193609927327,-1.94939797235794e-08,-4.78083375841114e-05,-4.75740641715566e-07,0.000546447357141444
46433.713424195,-6.71309024350858e-07,4.36069124130764e-05,-2.01853136174752e-07,-0.000498479019579651,-1.92264088013781e-08,-4.74790587665231e-05,-4.69210027269281e-07,0.000542683774181578
46755.7381183149,-6.62094073664576e-07,4.33066296292993e-05,-1.99082575880464e-07,-0.00049504575121379,-1.89625101125394e-08,-4.71520479100607e-05,-4.6276905978169e-07,0.00053894611226572
47079.9961014825,-6.53005610647954e-07,4.30084138849499e-05,-1.96350038591729e-07,-0.000491636130155485,-1.87022332689451e-08,-4.68272893925252e-05,-4.56416508665123e-07,0.000535234192869694
47406.5028618884,-6.44041899208473e-07,4.27122509665823e-05,-1.93655002610245e-07,-0.000488249993514667,-1.84455285735762e-08,-4.65047676993531e-05,-4.50151160223897e-07,0.000531547838698815
47735.2739951367,-6.3520122707882e-07,4.24181267581709e-05,-1.9099695339225e-07,-0.000484887179523603,-1.81923470110417e-08,-4.61844674228725e-05,-4.43971817422441e-07,0.000527886873679406
48066.3252049891,-6.26481905490045e-07,4.21260272404499e-05,-1.88375383450505e-07,-0.000481547527529161,-1.79426402382375e-08,-4.58663732615679e-05,-4.37877299656629e-07,0.000524251122950406
48399.6723041153,-6.17882268849141e-07,4.18359384902552e-05,-1.85789792257608e-07,-0.000478230877985118,-1.7696360575133e-08,-4.55504700193469e-05,-4.31866442528224e-07,0.000520640412855005
48735.331214848,-6.09400674421094e-07,4.15478466798732e-05,-1.8323968615064e-07,-0.000474937072444535,-1.74534609956844e-08,-4.52367426048142e-05,-4.25938097622446e-07,0.000517054570932365
49073.317969944,-6.01035502015255e-07,4.12617380763914e-05,-1.80724578237103e-07,-0.00047166595355217,-1.72138951188707e-08,-4.49251760305494e-05,-4.20091132288565e-07,0.000513493425909372
49413.6487133493,-5.92785153676047e-07,4.09775990410551e-05,-1.78243988302152e-07,-0.000468417365036956,-1.69776171998545e-08,-4.46157554123905e-05,-4.14324429423535e-07,0.000509956807692468
49756.3397009709,-5.84648053377874e-07,4.06954160286271e-05,-1.75797442717099e-07,-0.000465191151704522,-1.67445821212616e-08,-4.43084659687214e-05,-4.08636887258566e-07,0.00050644454735952
50101.4073014524,-5.76622646724261e-07,4.04151755867526e-05,-1.73384474349157e-07,-0.000461987159429771,-1.6514745384582e-08,-4.40032930197659e-05,-4.03027419148655e-07,0.000502956477151761
50448.8679969571,-5.68707400651069e-07,4.01368643553276e-05,-1.7100462247243e-07,-0.000458805235149506,-1.62880631016867e-08,-4.37002219868844e-05,-3.97494953364981e-07,0.00049949243046577
50798.7383839539,-5.60900803133828e-07,3.98604690658721e-05,-1.68657432680118e-07,-0.000455645226855111,-1.60644919864622e-08,-4.33992383918781e-05,-3.92038432890171e-07,0.000496052241845527
51151.0351740109,-5.53201362899042e-07,3.95859765409067e-05,-1.66342456797912e-07,-0.000452506983585279,-1.58439893465582e-08,-4.31003278562952e-05,-3.86656815216357e-07,0.000492635746974499
51505.7751945938,-5.4560760913948e-07,3.93133736933339e-05,-1.64059252798593e-07,-0.000449390355418786,-1.56265130752487e-08,-4.28034761007441e-05,-3.81349072146014e-07,0.000489242782667805
51862.9753898685,-5.38118091233373e-07,3.90426475258234e-05,-1.61807384717786e-07,-0.000446295193467332,-1.54120216434054e-08,-4.25086689442106e-05,-3.76114189595543e-07,0.000485873186864416
52222.6528215118,-5.3073137846743e-07,3.87737851302013e-05,-1.59586422570865e-07,-0.000443221349868406,-1.52004740915793e-08,-4.22158923033789e-05,-3.70951167401518e-07,0.000482526798619419
52584.8246695256,-5.234460597637e-07,3.85067736868434e-05,-1.57395942271009e-07,-0.000440168677778224,-1.4991830022192e-08,-4.19251321919592e-05,-3.65859019129631e-07,0.000479203458096331
52949.5082330576,-5.16260743410134e-07,3.82416004640728e-05,-1.55235525548362e-07,-0.000437137031364701,-1.47860495918333e-08,-4.1636374720018e-05,-3.60836771886227e-07,0.000475903006559461
53316.7209312277,-5.0917405679488e-07,3.79782528175612e-05,-1.53104759870311e-07,-0.000434126265800479,-1.45830935036645e-08,-4.13496060933145e-05,-3.55883466132446e-07,0.000472625286366341
53686.4803039601,-5.02184646144192e-07,3.7716718189734e-05,-1.51003238362852e-07,-0.000431136237255997,-1.43829229999253e-08,-4.10648126126404e-05,-3.50998155500909e-07,0.000469370140960185
54058.8040128205,-4.9529117626396e-07,3.74569841091801e-05,-1.48930559733029e-07,-0.000428166802892614,-1.4185499854544e-08,-4.07819806731654e-05,-3.4617990661492e-07,0.00046613741486242
54433.709841861,-4.88492330284759e-07,3.71990381900645e-05,-1.46886328192438e-07,-0.000425217820855777,-1.39907863658479e-08,-4.0501096763786e-05,-3.41427798910144e-07,0.000462926953665259
54811.215698468,-4.81786809410421e-07,3.69428681315463e-05,-1.44870153381777e-07,-0.000422289150268243,-1.37987453493747e-08,-4.02221474664804e-05,-3.36740924458751e-07,0.00045973860402433
55191.3396142186,-4.7517333267003e-07,3.66884617171987e-05,-1.4288165029643e-07,-0.00041938065122333,-1.3609340130781e-08,-3.99451194556656e-05,-3.32118387795947e-07,0.000456572213651346
55574.0997457415,-4.68650636673342e-07,3.64358068144348e-05,-1.40920439213063e-07,-0.000416492184778237,-1.34225345388491e-08,-3.96699994975618e-05,-3.27559305748913e-07,0.000453427631306842
55959.5143755845,-4.6221747536954e-07,3.61848913739359e-05,-1.38986145617235e-07,-0.000413623612947394,-1.32382928985887e-08,-3.93967744495578e-05,-3.23062807268069e-07,0.000450304706792942
56347.6019130871,-4.55872619809315e-07,3.59357034290839e-05,-1.37078400131993e-07,-0.000410774798695866,-1.30565800244334e-08,-3.91254312595846e-05,-3.18628033260672e-07,0.000447203290946197
56738.380895261,-4.4961485791019e-07,3.56882310953978e-05,-1.35196838447443e-07,-0.000407945605932797,-1.28773612135306e-08,-3.88559569654894e-05,-3.14254136426682e-07,0.000444123235630452
57131.8699876742,-4.4344299422509e-07,3.54424625699739e-05,-1.33341101251294e-07,-0.000405135899504906,-1.27006022391228e-08,-3.85883386944174e-05,-3.09940281096899e-07,0.000441064393729777
57528.0879853436,-4.37355849714056e-07,3.51983861309292e-05,-1.3151083416034e-07,-0.000402345545190022,-1.25262693440198e-08,-3.83225636621955e-05,-3.05685643073301e-07,0.00043802661914144
57927.053813632,-4.31352261519122e-07,3.49559901368493e-05,-1.29705687652895e-07,-0.000399574409690667,-1.23543292341607e-08,-3.80586191727211e-05,-3.01489409471595e-07,0.000435009766768931
58328.7865291527,-4.25431082742245e-07,3.47152630262394e-05,-1.27925317002136e-07,-0.000396822360627678,-1.21847490722627e-08,-3.77964926173554e-05,-2.97350778565906e-07,0.000432013692515026
58733.3053206791,-4.19591182226317e-07,3.44761933169795e-05,-1.26169382210379e-07,-0.000394089266533884,-1.2017496471559e-08,-3.75361714743204e-05,-2.93268959635625e-07,0.000429038253274919
59140.6295100621,-4.1383144433915e-07,3.42387696057821e-05,-1.2443754794423e-07,-0.000391374996847813,-1.18525394896204e-08,-3.72776433081002e-05,-2.89243172814328e-07,0.000426083306929371
59550.7785531519,-4.0815076876045e-07,3.40029805676557e-05,-1.22729483470651e-07,-0.000388679421907456,-1.1689846622263e-08,-3.70208957688468e-05,-2.852726489408e-07,0.000423148712337939
59963.7720407286,-4.02548070271688e-07,3.37688149553691e-05,-1.21044862593877e-07,-0.00038600241294406,-1.15293867975384e-08,-3.67659165917889e-05,-2.81356629412075e-07,0.00042023432933222
60379.6296994364,-3.9702227854888e-07,3.35362615989219e-05,-1.19383363593216e-07,-0.000383343842075978,-1.1371129369807e-08,-3.65126935966467e-05,-2.77494366038521e-07,0.000417340018709172
60798.3713927276,-3.91572337958183e-07,3.33053094050164e-05,-1.17744669161687e-07,-0.000380703582302549,-1.12150441138916e-08,-3.62612146870482e-05,-2.73685120900885e-07,0.000414465642224454
61220.0171218097,-3.8619720735432e-07,3.3075947356535e-05,-1.16128466345508e-07,-0.000378081507498029,-1.10611012193121e-08,-3.60114678499525e-05,-2.69928166209329e-07,0.000411611062585832
61644.5870266023,-3.80895859881745e-07,3.28481645120192e-05,-1.14534446484403e-07,-0.000375477492405561,-1.09092712845982e-08,-3.5763441155074e-05,-2.66222784164377e-07,0.000408776143446615
62072.1013866976,-3.75667282778563e-07,3.26219500051538e-05,-1.1296230515274e-07,-0.000372891412631184,-1.07595253116808e-08,-3.55171227543132e-05,-2.62568266819788e-07,0.000405960749399152
62502.5806223305,-3.70510477183113e-07,3.2397293044253e-05,-1.11411742101458e-07,-0.000370323144637886,-1.06118347003596e-08,-3.52725008811894e-05,-2.58963915947296e-07,0.000403164745968357
62936.0452953524,-3.65424457943227e-07,3.21741829117514e-05,-1.09882461200809e-07,-0.000367772565739702,-1.04661712428472e-08,-3.50295638502791e-05,-2.55409042903225e-07,0.000400387999605293
63372.5161102152,-3.60408253428086e-07,3.19526089636973e-05,-1.08374170383864e-07,-0.000365239554095842,-1.0322507118387e-08,-3.47883000566567e-05,-2.51902968496912e-07,0.000397630377680789
63812.0139149584,-3.5546090534268e-07,3.17325606292502e-05,-1.06886581590809e-07,-0.000362723988704872,-1.0180814887946e-08,-3.45486979753401e-05,-2.4844502286096e-07,0.000394891748479111
64254.5597022062,-3.50581468544782e-07,3.15140274101808e-05,-1.05419410713993e-07,-0.000360225749398923,-1.00410674889793e-08,-3.43107461607395e-05,-2.4503454532325e-07,0.000392171981191666
64700.1746101695,-3.45769010864471e-07,3.12969988803757e-05,-1.03972377543739e-07,-0.000357744716837952,-9.90323823026678e-09,-3.40744332461108e-05,-2.41670884280731e-07,0.00038947094591076
65148.8799236562,-3.41022612926093e-07,3.10814646853435e-05,-1.02545205714886e-07,-0.000355280772504033,-9.7673007868205e-09,-3.38397479430114e-05,-2.38353397074919e-07,0.000386788513623389
65600.697075087,-3.36341367972695e-07,3.08674145417264e-05,-1.01137622654073e-07,-0.000352833798695693,-9.63322919486202e-09,-3.36066790407616e-05,-2.35081449869129e-07,0.000384124556205084
66055.6476455202,-3.31724381692849e-07,3.06548382368132e-05,-9.97493595277391e-08,-0.000350403678522284,-9.50099784686813e-09,-3.33752154059078e-05,-2.31854417527372e-07,0.000381478946413783
66513.7533656814,-3.27170772049862e-07,3.0443725628057e-05,-9.83801511908381e-08,-0.000347990295898397,-9.37058148668503e-09,-3.3145345981691e-05,-2.2867168349493e-07,0.000378851557883765
66975.0361170023,-3.22679669113318e-07,3.02340666425952e-05,-9.7029736136255e-08,-0.000345593535538308,-9.24195520470876e-09,-3.2917059787518e-05,-2.25532639680553e-07,0.000376242265119602
67439.5179326655,-3.18250214892947e-07,3.00258512767731e-05,-9.56978564449184e-08,-0.000343213282950474,-9.11509443313254e-09,-3.26903459184364e-05,-2.22436686340295e-07,0.000373650943490181
67907.2209986571,-3.13881563174757e-07,2.98190695956707e-05,-9.43842577365904e-08,-0.000340849424432053,-8.98997494125829e-09,-3.24651935446137e-05,-2.19383231962922e-07,0.000371077469222735
68378.167654826,-3.09572879359431e-07,2.96137117326329e-05,-9.30886891213388e-08,-0.000338501847063472,-8.86657283087333e-09,-3.22415919108194e-05,-2.16371693156912e-07,0.000368521719396946
68852.3803959518,-3.05323340302917e-07,2.9409767888802e-05,-9.1810903151665e-08,-0.00033617043870303,-8.74486453168965e-09,-3.20195303359109e-05,-2.13401494538989e-07,0.000365983571939066
69329.8818728181,-3.01132134159238e-07,2.9207228332655e-05,-9.05506557752965e-08,-0.000333855087981537,-8.62482679684626e-09,-3.17989982123233e-05,-2.10472068624204e-07,0.000363462905616091
69810.6948932956,-2.96998460225423e-07,2.90060833995418e-05,-8.93077062886195e-08,-0.000331555684296985,-8.50643669847277e-09,-3.15799850055619e-05,-2.07582855717508e-07,0.000360959600029967
70294.8424234306,-2.92921528788601e-07,2.8806323491229e-05,-8.80818172907545e-08,-0.000329272117809273,-8.38967162331412e-09,-3.13624802536992e-05,-2.0473330380683e-07,0.000358473535611847
70782.3475885425,-2.88900560975156e-07,2.86079390754442e-05,-8.68727546382569e-08,-0.000327004279434942,-8.27450926841498e-09,-3.11464735668742e-05,-2.01922868457606e-07,0.000356004593616369
71273.2336743282,-2.8493478860199e-07,2.84109206854259e-05,-8.56802874004434e-08,-0.000324752060841973,-8.16092763686353e-09,-3.09319546267967e-05,-1.99151012708771e-07,0.000353552656115999
71767.5241279742,-2.8102345402979e-07,2.82152589194742e-05,-8.45041878153241e-08,-0.000322515354444604,-8.04890503359338e-09,-3.07189131862533e-05,-1.96417206970165e-07,0.000351117605995387
72265.2425592773,-2.77165810018337e-07,2.80209444405062e-05,-8.33442312461448e-08,-0.000320294053398183,-7.9384200612432e-09,-3.05073390686181e-05,-1.93720928921358e-07,0.000348699326945778
72766.4127417709,-2.73361119583787e-07,2.78279679756136e-05,-8.22001961385212e-08,-0.000318088051594071,-7.82945161607305e-09,-3.02972221673663e-05,-1.91061663411861e-07,0.00034629770345946
73271.058613862,-2.69608655857908e-07,2.76363203156232e-05,-8.10718639781611e-08,-0.000315897243654561,-7.72197888393656e-09,-3.00885524455908e-05,-1.884389023627e-07,0.000343912620824243
73779.2042799737,-2.65907701949259e-07,2.74459923146611e-05,-7.99590192491676e-08,-0.000313721524927848,-7.61598133630859e-09,-2.9881319935523e-05,-1.85852144669351e-07,0.000341543965117982
74290.8740116972,-2.62257550806258e-07,2.72569748897188e-05,-7.88614493929099e-08,-0.000311560791483019,-7.51143872636698e-09,-2.96755147380561e-05,-1.83300896105999e-07,0.000339191623203136
74806.0922489501,-2.5865750508215e-07,2.70692590202232e-05,-7.77789447674639e-08,-0.000309414940105097,-7.40833108512845e-09,-2.94711270222721e-05,-1.80784669231121e-07,0.000336855482721368
75324.8836011454,-2.55106877001804e-07,2.68828357476088e-05,-7.6711298607602e-08,-0.000307283868290094,-7.30663871763697e-09,-2.92681470249718e-05,-1.78302983294349e-07,0.000334535432088169
75847.2728483651,-2.5160498823036e-07,2.66976961748937e-05,-7.56583069853367e-08,-0.000305167474240125,-7.20634219920492e-09,-2.90665650502085e-05,-1.75855364144633e-07,0.000332231360487542
76373.2849425456,-2.48151169743659e-07,2.65138314662568e-05,-7.46197687710009e-08,-0.000303065656858532,-7.10742237170524e-09,-2.88663714688243e-05,-1.7344134413964e-07,0.000329943157866697
76902.9450086679,-2.44744761700468e-07,2.63312328466202e-05,-7.35954855948653e-08,-0.000300978315745058,-7.00986033991493e-09,-2.86675567179901e-05,-1.71060462056424e-07,0.000327670714930806
77436.2783459591,-2.41385113316441e-07,2.61498916012322e-05,-7.25852618092784e-08,-0.000298905351191047,-6.91363746790815e-09,-2.84701113007485e-05,-1.68712263003293e-07,0.000325413923137773
77973.3104290997,-2.38071582739829e-07,2.59697990752544e-05,-7.15889044513287e-08,-0.000296846664174678,-6.81873537549935e-09,-2.82740257855601e-05,-1.66396298332914e-07,0.000323172674693057
78514.0669094413,-2.34803536928875e-07,2.57909466733515e-05,-7.06062232060153e-08,-0.000294802156356232,-6.72513593473453e-09,-2.80792908058522e-05,-1.64112125556587e-07,0.000320946862544521
79058.5736162311,-2.31580351530908e-07,2.56133258592832e-05,-6.96370303699274e-08,-0.000292771730073395,-6.63282126643127e-09,-2.78858970595722e-05,-1.6185930825971e-07,0.000318736380377319
79606.8565578463,-2.28401410763085e-07,2.54369281554998e-05,-6.86811408154171e-08,-0.000290755288336585,-6.54177373676555e-09,-2.7693835308742e-05,-1.59637416018401e-07,0.000316541122608818
80158.9419230357,-2.25266107294778e-07,2.52617451427398e-05,-6.77383719552678e-08,-0.000288752734824323,-6.45197595390591e-09,-2.75030963790173e-05,-1.57446024317264e-07,0.000314360984383558
80714.8560821713,-2.22173842131567e-07,2.50877684596303e-05,-6.68085437078429e-08,-0.000286763973878622,-6.36341076469336e-09,-2.73136711592484e-05,-1.5528471446828e-07,0.00031219586156824
81274.6255885071,-2.1912402450083e-07,2.49149898022911e-05,-6.58914784627162e-08,-0.000284788910500425,-6.27606125136712e-09,-2.71255506010458e-05,-1.5315307353082e-07,0.000310045650746757
81838.2771794484,-2.161160717389e-07,2.47434009239395e-05,-6.4987001046769e-08,-0.000282827450345055,-6.18991072833496e-09,-2.69387257183467e-05,-1.51050694232747e-07,0.000307910249215251
82405.8377778279,-2.13149409179775e-07,2.45729936345001e-05,-6.40949386907569e-08,-0.000280879499717714,-6.10494273898815e-09,-2.67531875869866e-05,-1.48977174892607e-07,0.00030578955497721
82977.3344931927,-2.10223470045347e-07,2.44037598002155e-05,-6.321512099633e-08,-0.000278944965568999,-6.0211410525597e-09,-2.6568927344272e-05,-1.46932119342885e-07,0.000303683466738593
83552.7946230977,-2.0733769533715e-07,2.42356913432603e-05,-6.23473799035105e-08,-0.000277023755490462,-5.93848966102609e-09,-2.63859361885573e-05,-1.44915136854316e-07,0.000301591883903
84132.2456544116,-2.04491533729576e-07,2.40687802413578e-05,-6.14915496586106e-08,-0.000275115777710184,-5.85697277605111e-09,-2.62042053788241e-05,-1.42925842061232e-07,0.000299514706566858
84715.7152646274,-2.01684441464573e-07,2.39030185273995e-05,-6.06474667825951e-08,-0.000273220941088402,-5.77657482597194e-09,-2.60237262342636e-05,-1.40963854887941e-07,0.000297451835514656
85303.2313231867,-1.98915882247779e-07,2.3738398289066e-05,-5.9814970039874e-08,-0.00027133915511314,-5.6972804528262e-09,-2.58444901338617e-05,-1.39028800476107e-07,0.000295403172214202
85894.8218928089,-1.96185327146084e-07,2.35749116684525e-05,-5.89939004075266e-08,-0.000269470329895896,-5.61907450942017e-09,-2.56664885159868e-05,-1.37120309113134e-07,0.000293368618811924
86490.5152308334,-1.93492254486594e-07,2.34125508616945e-05,-5.81841010449436e-08,-0.000267614376167336,-5.54194205643683e-09,-2.54897128779811e-05,-1.35238016161528e-07,0.000291348078128184
87090.3397905676,-1.90836149756991e-07,2.32513081185982e-05,-5.73854172638889e-08,-0.000265771205273037,-5.46586835958387e-09,-2.53141547757541e-05,-1.33381561989234e-07,0.000289341453652652
87694.3242226474,-1.88216505507246e-07,2.3091175742272e-05,-5.65976964989696e-08,-0.000263940729169239,-5.39083888678056e-09,-2.51398058233789e-05,-1.31550591900925e-07,0.000287348649539683
88302.4973764047,-1.85632821252695e-07,2.2932146088761e-05,-5.58207882785125e-08,-0.000262122860418652,-5.31683930538342e-09,-2.49666576926919e-05,-1.29744756070236e-07,0.000285369570603748
88914.8883012464,-1.83084603378435e-07,2.27742115666839e-05,-5.50545441958381e-08,-0.000260317512186265,-5.24385547944969e-09,-2.47947021128944e-05,-1.27963709472926e-07,0.000283404122314884
89531.5262480405,-1.80571365045038e-07,2.26173646368726e-05,-5.42988178809312e-08,-0.000258524598235203,-5.17187346703867e-09,-2.46239308701577e-05,-1.26207111820963e-07,0.00028145221079418
90152.440670515,-1.78092626095555e-07,2.24615978120138e-05,-5.35534649724962e-08,-0.000256744032922605,-5.10087951754962e-09,-2.44543358072304e-05,-1.24474627497505e-07,0.000279513742809293
90777.661226663,-1.75647912963798e-07,2.23069036562935e-05,-5.28183430904e-08,-0.00025497573119553,-5.03086006909666e-09,-2.4285908823049e-05,-1.22765925492782e-07,0.000277588625769995
91407.217780161,-1.7323675858388e-07,2.21532747850435e-05,-5.20933118084881e-08,-0.000253219608586894,-4.96180174591918e-09,-2.41186418723502e-05,-1.21080679340855e-07,0.000275676767723751
92041.1404017939,-1.70858702300999e-07,2.20007038643909e-05,-5.13782326277782e-08,-0.000251475581211432,-4.89369135582828e-09,-2.39525269652868e-05,-1.19418567057239e-07,0.000273778077351328
92679.4593708925,-1.68513289783442e-07,2.18491836109092e-05,-5.0672968950017e-08,-0.000249743565761692,-4.82651588768768e-09,-2.37875561670462e-05,-1.17779271077391e-07,0.000271892463962431
93322.2051767786,-1.662000729358e-07,2.16987067912725e-05,-4.99773860516035e-08,-0.000248023479504053,-4.76026250892973e-09,-2.36237215974706e-05,-1.16162478196034e-07,0.000270019837491375
93969.4085202226,-1.63918609813371e-07,2.15492662219113e-05,-4.92913510578662e-08,-0.000246315240274771,-4.69491856310501e-09,-2.34610154306811e-05,-1.14567879507315e-07,0.00026816010849278
94621.1003149089,-1.61668464537739e-07,2.14008547686716e-05,-4.86147329176968e-08,-0.000244618766476051,-4.63047156746589e-09,-2.32994298947033e-05,-1.12995170345794e-07,0.000266313188137301
95277.3116889132,-1.59449207213517e-07,2.12534653464755e-05,-4.79474023785279e-08,-0.000242933977072154,-4.56690921058298e-09,-2.31389572710961e-05,-1.11444050228228e-07,0.000264478988207384
95938.0739861886,-1.57260413846221e-07,2.11070909189846e-05,-4.72892319616579e-08,-0.000241260791585518,-4.50421934999452e-09,-2.29795898945833e-05,-1.09914222796167e-07,0.000262657421093054
96603.4187680637,-1.5510166626128e-07,2.09617244982652e-05,-4.66400959379103e-08,-0.000239599130092915,-4.44239000988768e-09,-2.28213201526863e-05,-1.08405395759328e-07,0.000260848399787728
97273.3778147489,-1.52972552024157e-07,2.08173591444564e-05,-4.59998703036305e-08,-0.000237948913221635,-4.38140937881211e-09,-2.26641404853617e-05,-1.06917280839756e-07,0.000259051837884065
97947.983126856,-1.50872664361562e-07,2.06739879654399e-05,-4.53684327570083e-08,-0.000236310062145688,-4.32126580742433e-09,-2.25080433846389e-05,-1.05449593716744e-07,0.00025726764956983
98627.2669269249,-1.4880160208375e-07,2.05316041165128e-05,-4.47456626747284e-08,-0.000234682498582041,-4.26194780626354e-09,-2.23530213942622e-05,-1.04002053972512e-07,0.000255495749623806
99311.2616609643,-1.46758969507879e-07,2.03902008000613e-05,-4.41314410889383e-08,-0.000233066144786876,-4.20344404355759e-09,-2.21990671093339e-05,-1.0257438503863e-07,0.000253736053411714
100000,-1.44744376382434e-07,2.02497712652382e-05,-4.35256506645347e-08,-0.000231460923551877,-4.14574334305928e-09,-2.20461731759611e-05,-1.01166314143178e-07,0.000251988476882178
