Frequency_Hz,Y11_Real,Y11_Imag,Y12_Real,Y12_Imag,Y21_Real,Y21_Imag,Y22_Real,Y22_Imag
0.1,0.28283095952338,-0.00155079089967589,0.0738268017852657,-0.000186330272156108,0.0738268017852657,-0.000186330272156108,-0.323594699033805,-2.02429784742081e-05
0.100693514841637,0.28283107568028,-0.00156156269055359,0.0738268874849108,-0.000187628067125142,0.0738268874849108,-0.000187628067125142,-0.323595286828078,-2.03544651028037e-05
0.10139183931163,0.282831193421523,-0.00157240953578583,0.0738269743688322,-0.000188934978649641,0.0738269743688322,-0.000188934978649641,-0.323595882765851,-2.04661211794174e-05
0.102095006765465,0.282831312768259,-0.00158333196315231,0.0738270624532752,-0.000190251072371199,0.0738270624532752,-0.000190251072371199,-0.323596486959415,-2.05779352927329e-05
0.102803050789954,0.282831433741907,-0.00159433050424257,0.0738271517547046,-0.000191576414436702,0.0738271517547046,-0.000191576414436702,-0.323597099522597,-2.06898956907307e-05
0.103516005204838,0.282831556364159,-0.00160540569448549,0.0738272422898078,-0.000192911071502859,0.0738272422898078,-0.000192911071502859,-0.323597720570777,-2.08019902730033e-05
0.104233904064403,0.282831680656981,-0.00161655807317907,0.0738273340754971,-0.000194255110740788,0.0738273340754971,-0.000194255110740788,-0.32359835022091,-2.09142065827513e-05
0.104956781659108,0.282831806642618,-0.00162778818352035,0.0738274271289133,-0.000195608599840656,0.0738274271289133,-0.000195608599840656,-0.323598988591548,-2.10265317987166e-05
0.105684672517218,0.282831934343599,-0.00163909657263574,0.0738275214674283,-0.000196971607016368,0.0738275214674283,-0.000196971607016368,-0.323599635802857,-2.11389527269325e-05
0.106417611406461,0.282832063782736,-0.00165048379161156,0.0738276171086482,-0.000198344201010316,0.0738276171086482,-0.000198344201010315,-0.323600291976647,-2.12514557922268e-05
0.10715563333568,0.282832194983128,-0.00166195039552482,0.0738277140704163,-0.000199726451098179,0.0738277140704163,-0.000199726451098179,-0.323600957236384,-2.13640270296488e-05
0.107898773556513,0.282832327968166,-0.00167349694347439,0.0738278123708163,-0.000201118427093783,0.0738278123708163,-0.000201118427093783,-0.32360163170722,-2.1476652075636e-05
0.108647067565072,0.282832462761538,-0.00168512399861232,0.0738279120281752,-0.000202520199354017,0.0738279120281753,-0.000202520199354017,-0.32360231551601,-2.15893161590527e-05
0.109400551103639,0.282832599387225,-0.00169683212817556,0.073828013061067,-0.000203931838783806,0.073828013061067,-0.000203931838783806,-0.323603008791341,-2.17020040919683e-05
0.110159260162376,0.282832737869513,-0.0017086219035179,0.0738281154883151,-0.000205353416841139,0.0738281154883151,-0.000205353416841139,-0.323603711663545,-2.18147002603239e-05
0.11092323098104,0.28283287823299,-0.00172049390014227,0.0738282193289962,-0.000206785005542172,0.0738282193289962,-0.000206785005542172,-0.323604424264735,-2.19273886143401e-05
0.111692500050717,0.282833020502553,-0.00173244869773321,0.0738283246024432,-0.000208226677466367,0.0738283246024432,-0.000208226677466367,-0.323605146728818,-2.20400526587637e-05
0.112467104115564,0.282833164703408,-0.0017444868801898,0.0738284313282486,-0.000209678505761717,0.0738284313282486,-0.000209678505761718,-0.323605879191522,-2.21526754428554e-05
0.113247080174565,0.282833310861077,-0.00175660903565882,0.0738285395262681,-0.000211140564150022,0.0738285395262681,-0.000211140564150023,-0.323606621790425,-2.22652395502551e-05
0.114032465483296,0.282833459001399,-0.00176881575656817,0.0738286492166236,-0.000212612926932221,0.0738286492166237,-0.000212612926932221,-0.323607374664971,-2.23777270885427e-05
0.114823297555707,0.282833609150532,-0.00178110763966067,0.073828760419707,-0.000214095668993805,0.073828760419707,-0.000214095668993806,-0.323608137956505,-2.24901196786281e-05
0.115619614165913,0.282833761334962,-0.00179348528602815,0.0738288731561832,-0.000215588865810285,0.0738288731561832,-0.000215588865810286,-0.323608911808286,-2.26023984439411e-05
0.116421453349997,0.282833915581501,-0.00180594930114588,0.0738289874469941,-0.000217092593452728,0.0738289874469941,-0.000217092593452728,-0.323609696365524,-2.27145439992901e-05
0.117228853407829,0.28283407191729,-0.00181850029490728,0.0738291033133621,-0.000218606928593359,0.0738291033133621,-0.00021860692859336,-0.323610491775398,-2.28265364396602e-05
0.118041852904894,0.282834230369809,-0.00183113888165897,0.0738292207767931,-0.000220131948511241,0.0738292207767931,-0.000220131948511241,-0.323611298187086,-2.29383553286069e-05
0.118860490674132,0.282834390966872,-0.00184386568023621,0.0738293398590811,-0.000221667731098003,0.0738293398590811,-0.000221667731098003,-0.32361211575179,-2.30499796864993e-05
0.1196848058178,0.282834553736638,-0.00185668131399855,0.0738294605823109,-0.000223214354863666,0.0738294605823109,-0.000223214354863667,-0.323612944622761,-2.31613879785077e-05
0.120514837709331,0.282834718707609,-0.00186958641086595,0.0738295829688627,-0.000224771898942526,0.0738295829688627,-0.000224771898942526,-0.323613784955331,-2.3272558102326e-05
0.12135062599522,0.282834885908636,-0.00188258160335515,0.0738297070414152,-0.000226340443099098,0.0738297070414152,-0.000226340443099099,-0.323614636906936,-2.33834673756296e-05
0.122192210596917,0.282835055368923,-0.00189566752861643,0.0738298328229496,-0.000227920067734162,0.0738298328229496,-0.000227920067734162,-0.323615500637144,-2.34940925233039e-05
0.123039631712731,0.282835227118029,-0.00190884482847071,0.0738299603367537,-0.000229510853890861,0.0738299603367537,-0.000229510853890861,-0.323616376307684,-2.36044096643649e-05
0.123892929819754,0.282835401185872,-0.00192211414944696,0.0738300896064255,-0.000231112883260883,0.0738300896064255,-0.000231112883260883,-0.323617264082478,-2.37143942986573e-05
0.124752145675793,0.282835577602733,-0.00193547614282008,0.0738302206558771,-0.000232726238190722,0.0738302206558771,-0.000232726238190723,-0.323618164127661,-2.38240212932367e-05
0.125617320321316,0.282835756399261,-0.00194893146464903,0.0738303535093392,-0.000234351001688019,0.0738303535093392,-0.00023435100168802,-0.323619076611621,-2.39332648684712e-05
0.126488495081411,0.282835937606473,-0.00196248077581537,0.0738304881913643,-0.000235987257427973,0.0738304881913643,-0.000235987257427973,-0.323620001705018,-2.40420985838687e-05
0.127365711567764,0.28283612125576,-0.00197612474206216,0.0738306247268314,-0.000237635089759844,0.0738306247268314,-0.000237635089759843,-0.323620939580821,-2.41504953236334e-05
0.128249011680643,0.282836307378891,-0.00198986403403327,0.07383076314095,-0.000239294583713532,0.0738307631409501,-0.000239294583713531,-0.323621890414338,-2.42584272818307e-05
0.129138437610901,0.282836496008016,-0.00200369932731305,0.0738309034592642,-0.000240965825006244,0.0738309034592642,-0.000240965825006244,-0.32362285438324,-2.43658659473886e-05
0.130034031841991,0.282836687175667,-0.00201763130246633,0.0738310457076566,-0.000242648900049241,0.0738310457076566,-0.000242648900049241,-0.3236238316676,-2.44727820886415e-05
0.130935837151994,0.282836880914768,-0.00203166064507894,0.0738311899123532,-0.000244343895954676,0.0738311899123532,-0.000244343895954676,-0.323624822449919,-2.45791457376653e-05
0.131843896615665,0.282837077258632,-0.00204578804579848,0.0738313360999272,-0.000246050900542515,0.0738313360999273,-0.000246050900542516,-0.323625826915161,-2.46849261742108e-05
0.132758253606487,0.282837276240968,-0.00206001420037557,0.0738314842973036,-0.000247770002347551,0.0738314842973036,-0.000247770002347551,-0.323626845250783,-2.47900919093623e-05
0.133678951798747,0.282837477895884,-0.0020743398097055,0.0738316345317633,-0.000249501290626503,0.0738316345317633,-0.000249501290626504,-0.323627877646767,-2.48946106688186e-05
0.134606035169616,0.282837682257891,-0.00208876557987026,0.0738317868309479,-0.000251244855365215,0.0738317868309479,-0.000251244855365216,-0.323628924295654,-2.49984493758751e-05
0.135539548001256,0.282837889361905,-0.00210329222218103,0.0738319412228641,-0.00025300078728594,0.0738319412228641,-0.000253000787285941,-0.32362998539258,-2.51015741339761e-05
0.136479534882933,0.282838099243253,-0.00211792045322101,0.0738320977358879,-0.000254769177854722,0.0738320977358879,-0.000254769177854722,-0.323631061135304,-2.52039502089928e-05
0.137426040713143,0.282838311937677,-0.00213265099488878,0.0738322563987697,-0.000256550119288878,0.0738322563987697,-0.000256550119288877,-0.323632151724244,-2.5305542011092e-05
0.138379110701763,0.282838527481332,-0.00214748457444198,0.0738324172406386,-0.000258343704564566,0.0738324172406386,-0.000258343704564566,-0.323633257362516,-2.54063130762337e-05
0.139338790372205,0.282838745910798,-0.0021624219245415,0.0738325802910072,-0.000260150027424471,0.0738325802910072,-0.000260150027424471,-0.323634378255962,-2.5506226047297e-05
0.140305125563594,0.282838967263077,-0.0021774637832961,0.0738327455797763,-0.00026196918238557,0.0738327455797763,-0.000261969182385569,-0.323635514613191,-2.56052426548074e-05
0.141278162432955,0.282839191575599,-0.00219261089430745,0.0738329131372397,-0.000263801264747017,0.0738329131372398,-0.000263801264747017,-0.323636666645609,-2.57033236972896e-05
0.14225794745742,0.282839418886227,-0.0022078640067156,0.0738330829940891,-0.000265646370598124,0.0738330829940891,-0.000265646370598124,-0.323637834567462,-2.5800429021193e-05
0.143244527436446,0.282839649233256,-0.00222322387524499,0.0738332551814188,-0.000267504596826442,0.0738332551814188,-0.000267504596826444,-0.323639018595865,-2.58965175004219e-05
0.14423794949405,0.282839882655425,-0.00223869126025083,0.0738334297307306,-0.000269376041125971,0.0738334297307306,-0.000269376041125971,-0.323640218950846,-2.5991547015429e-05
0.145238261081064,0.282840119191909,-0.00225426692776602,0.0738336066739394,-0.000271260802005445,0.0738336066739394,-0.000271260802005445,-0.32364143585538,-2.60854744319194e-05
0.146245509977397,0.282840358882332,-0.00226995164954848,0.0738337860433773,-0.000273158978796763,0.0738337860433773,-0.000273158978796763,-0.323642669535424,-2.61782555790353e-05
0.147259744294318,0.282840601766769,-0.00228574620312898,0.0738339678717994,-0.000275070671663503,0.0738339678717994,-0.000275070671663503,-0.323643920219962,-2.62698452272239e-05
0.148281012476756,0.282840847885743,-0.00230165137185952,0.0738341521923886,-0.000276995981609576,0.0738341521923886,-0.000276995981609576,-0.323645188141038,-2.63601970655232e-05
0.149309363305612,0.282841097280236,-0.00231766794496212,0.0738343390387608,-0.000278935010487977,0.0738343390387609,-0.000278935010487977,-0.323646473533798,-2.64492636784588e-05
0.150344845900091,0.282841349991691,-0.00233379671757808,0.0738345284449705,-0.000280887861009654,0.0738345284449705,-0.000280887861009656,-0.323647776636528,-2.65369965224797e-05
0.151387509720044,0.282841606062009,-0.00235003849081784,0.0738347204455155,-0.00028285463675252,0.0738347204455155,-0.00028285463675252,-0.323649097690697,-2.66233459018141e-05
0.152437404568337,0.282841865533563,-0.00236639407181134,0.0738349150753426,-0.00028483544217055,0.0738349150753426,-0.00028483544217055,-0.323650436940993,-2.67082609439855e-05
0.153494580593225,0.282842128449191,-0.00238286427375878,0.073835112369853,-0.000286830382603036,0.073835112369853,-0.000286830382603037,-0.323651794635368,-2.67916895747185e-05
0.154559088290748,0.282842394852206,-0.00239944991598205,0.0738353123649078,-0.000288839564283949,0.0738353123649078,-0.00028883956428395,-0.323653171025077,-2.68735784923341e-05
0.155630978507143,0.282842664786396,-0.00241615182397656,0.0738355150968332,-0.00029086309435143,0.0738355150968332,-0.00029086309435143,-0.323654566364721,-2.69538731417288e-05
0.156710302441275,0.282842938296031,-0.00243297082946373,0.0738357206024263,-0.000292901080857416,0.0738357206024263,-0.000292901080857415,-0.323655980912291,-2.70325176876564e-05
0.15779711164708,0.28284321542586,-0.00244990777044392,0.0738359289189606,-0.000294953632777392,0.0738359289189606,-0.000294953632777392,-0.323657414929206,-2.71094549876699e-05
0.158891458036027,0.282843496221118,-0.00246696349124992,0.0738361400841918,-0.000297020860020287,0.0738361400841918,-0.000297020860020287,-0.323658868680363,-2.71846265643243e-05
0.159993393879601,0.282843780727531,-0.00248413884260107,0.0738363541363633,-0.000299102873438487,0.0738363541363633,-0.000299102873438486,-0.323660342434174,-2.72579725769696e-05
0.161102971811794,0.282844068991315,-0.00250143468165787,0.0738365711142121,-0.000301199784838006,0.0738365711142121,-0.000301199784838007,-0.323661836462617,-2.73294317928441e-05
0.162220244831628,0.282844361059179,-0.0025188518720772,0.0738367910569746,-0.000303311706988793,0.0738367910569746,-0.000303311706988794,-0.323663351041274,-2.73989415576943e-05
0.163345266305675,0.282844656978331,-0.00253639128406804,0.0738370140043924,-0.000305438753635162,0.0738370140043925,-0.000305438753635163,-0.323664886449382,-2.74664377657267e-05
0.164478089970617,0.28284495679648,-0.00255405379444789,0.0738372399967183,-0.000307581039506395,0.0738372399967183,-0.000307581039506395,-0.323666442969876,-2.7531854829e-05
0.165618769935804,0.282845260561835,-0.00257184028669971,0.0738374690747222,-0.000309738680327476,0.0738374690747222,-0.000309738680327476,-0.323668020889437,-2.75951256461446e-05
0.166767360685846,0.282845568323113,-0.00258975165102945,0.073837701279697,-0.000311911792829977,0.073837701279697,-0.000311911792829978,-0.323669620498537,-2.76561815705269e-05
0.167923917083208,0.282845880129539,-0.00260778878442419,0.0738379366534652,-0.000314100494763094,0.0738379366534652,-0.000314100494763094,-0.323671242091486,-2.77149523777026e-05
0.169088494370839,0.282846196030846,-0.00262595259071095,0.0738381752383842,-0.000316304904904844,0.0738381752383843,-0.000316304904904843,-0.323672885966482,-2.77713662322591e-05
0.170261148174801,0.282846516077282,-0.00264424398061605,0.0738384170773534,-0.000318525143073409,0.0738384170773534,-0.000318525143073409,-0.323674552425658,-2.78253496539781e-05
0.171441934506935,0.282846840319611,-0.0026626638718251,0.0738386622138194,-0.000320761330138646,0.0738386622138195,-0.000320761330138647,-0.323676241775132,-2.78768274833072e-05
0.172630909767531,0.282847168809112,-0.0026812131890437,0.0738389106917834,-0.000323013588033761,0.0738389106917835,-0.000323013588033762,-0.323677954325054,-2.79257228461872e-05
0.173828130748022,0.282847501597586,-0.00269989286405868,0.0738391625558066,-0.000325282039767136,0.0738391625558067,-0.000325282039767136,-0.323679690389658,-2.79719571180982e-05
0.1750336546337,0.282847838737354,-0.00271870383580009,0.0738394178510172,-0.000327566809434333,0.0738394178510172,-0.000327566809434334,-0.323681450287313,-2.80154498874148e-05
0.176247539006444,0.282848180281261,-0.00273764705040374,0.0738396766231163,-0.000329868022230259,0.0738396766231163,-0.00032986802223026,-0.323683234340572,-2.80561189181308e-05
0.177469841847474,0.282848526282678,-0.00275672346127454,0.0738399389183849,-0.000332185804461521,0.0738399389183849,-0.000332185804461522,-0.323685042876223,-2.80938801116293e-05
0.178700621540116,0.282848876795501,-0.00277593402915038,0.0738402047836903,-0.000334520283558926,0.0738402047836903,-0.000334520283558927,-0.323686876225343,-2.81286474679045e-05
0.179939936872594,0.282849231874158,-0.00279527972216679,0.0738404742664924,-0.000336871588090188,0.0738404742664924,-0.000336871588090188,-0.323688734723352,-2.81603330458541e-05
0.181187847040838,0.282849591573603,-0.00281476151592229,0.0738407474148506,-0.000339239847772796,0.0738407474148506,-0.000339239847772797,-0.323690618710062,-2.81888469228948e-05
0.182444411651309,0.282849955949324,-0.00283438039354431,0.0738410242774305,-0.000341625193487075,0.0738410242774305,-0.000341625193487075,-0.323692528529732,-2.82140971536657e-05
0.183709690723849,0.282850325057341,-0.00285413734575601,0.0738413049035106,-0.000344027757289427,0.0738413049035106,-0.000344027757289428,-0.323694464531124,-2.82359897280163e-05
0.184983744694544,0.282850698954205,-0.00287403337094371,0.0738415893429889,-0.000346447672425768,0.0738415893429889,-0.000346447672425769,-0.323696427067557,-2.82544285280968e-05
0.186266634418617,0.282851077697005,-0.00289406947522502,0.0738418776463899,-0.000348885073345147,0.0738418776463899,-0.000348885073345149,-0.323698416496961,-2.82693152846084e-05
0.187558421173328,0.282851461343361,-0.00291424667251779,0.0738421698648717,-0.000351340095713576,0.0738421698648717,-0.000351340095713576,-0.323700433181934,-2.82805495321857e-05
0.188859166660905,0.282851849951432,-0.00293456598460971,0.0738424660502324,-0.000353812876428032,0.0738424660502324,-0.000353812876428033,-0.323702477489797,-2.82880285638956e-05
0.190168933011491,0.28285224357991,-0.00295502844122877,0.0738427662549174,-0.000356303553630689,0.0738427662549175,-0.000356303553630691,-0.323704549792653,-2.8291647384885e-05
0.191487782786108,0.282852642288024,-0.00297563508011438,0.0738430705320267,-0.000358812266723339,0.0738430705320267,-0.00035881226672334,-0.323706650467445,-2.82912986650265e-05
0.192815778979652,0.282853046135539,-0.00299638694708935,0.0738433789353212,-0.000361339156382018,0.0738433789353212,-0.000361339156382018,-0.323708779896009,-2.8286872690679e-05
0.194152985023894,0.282853455182756,-0.0030172850961325,0.0738436915192305,-0.000363884364571848,0.0738436915192305,-0.000363884364571847,-0.323710938465138,-2.82782573155192e-05
0.195499464790516,0.282853869490511,-0.00303833058945232,0.0738440083388597,-0.000366448034562096,0.0738440083388597,-0.000366448034562095,-0.323713126566639,-2.82653379103485e-05
0.196855282594159,0.282854289120173,-0.0030595244975611,0.0738443294499969,-0.000369030310941442,0.0738443294499969,-0.000369030310941441,-0.323715344597395,-2.82479973119781e-05
0.198220503195496,0.282854714133648,-0.00308086789935021,0.07384465490912,-0.000371631339633477,0.0738446549091201,-0.000371631339633477,-0.323717592959419,-2.8226115771024e-05
0.199595191804325,0.282855144593371,-0.00310236188216586,0.0738449847734044,-0.00037425126791241,0.0738449847734044,-0.00037425126791241,-0.323719872059923,-2.81995708988347e-05
0.200979414082682,0.282855580562312,-0.003124007541886,0.0738453191007298,-0.000376890244419026,0.0738453191007298,-0.000376890244419027,-0.323722182311374,-2.81682376131534e-05
0.202373236147981,0.282856022103969,-0.00314580598299778,0.0738456579496884,-0.000379548419176852,0.0738456579496884,-0.000379548419176853,-0.323724524131557,-2.81319880828593e-05
0.203776724576168,0.282856469282367,-0.00316775831867611,0.0738460013795912,-0.000382225943608568,0.0738460013795912,-0.000382225943608568,-0.323726897943639,-2.80906916717491e-05
0.205189946404906,0.282856922162059,-0.00318986567086283,0.0738463494504765,-0.00038492297055265,0.0738463494504765,-0.00038492297055265,-0.32372930417623,-2.80442148809096e-05
0.206612969136771,0.282857380808122,-0.00321212917034698,0.0738467022231166,-0.000387639654280276,0.0738467022231166,-0.000387639654280277,-0.323731743263449,-2.79924212901878e-05
0.208045860742482,0.282857845286152,-0.00323454995684572,0.0738470597590255,-0.000390376150512445,0.0738470597590256,-0.000390376150512446,-0.323734215644985,-2.79351714985374e-05
0.209488689664142,0.282858315662264,-0.00325712917908637,0.0738474221204669,-0.000393132616437367,0.0738474221204669,-0.000393132616437368,-0.323736721766166,-2.78723230631092e-05
0.210941524818514,0.282858792003089,-0.00327986799488914,0.073847789370461,-0.0003959092107281,0.073847789370461,-0.0003959092107281,-0.323739262078022,-2.78037304371481e-05
0.212404435600306,0.282859274375769,-0.00330276757125085,0.0738481615727925,-0.000398706093560439,0.0738481615727925,-0.000398706093560438,-0.323741837037348,-2.77292449067865e-05
0.21387749188549,0.282859762847953,-0.00332582908442964,0.0738485387920184,-0.000401523426631084,0.0738485387920184,-0.000401523426631084,-0.323744447106777,-2.76487145265264e-05
0.215360764034637,0.282860257487794,-0.00334905372003047,0.0738489210934752,-0.000404361373176043,0.0738489210934752,-0.000404361373176043,-0.323747092754841,-2.75619840535077e-05
0.21685432289628,0.282860758363944,-0.00337244267309161,0.0738493085432871,-0.000407220097989329,0.0738493085432871,-0.000407220097989328,-0.323749774456043,-2.74688948805404e-05
0.218358239810298,0.28286126554555,-0.00339599714817217,0.0738497012083731,-0.000410099767441921,0.0738497012083732,-0.00041009976744192,-0.323752492690921,-2.7369284967764e-05
0.21987258661132,0.282861779102247,-0.00341971835944041,0.0738500991564554,-0.000413000549500988,0.0738500991564554,-0.000413000549500988,-0.323755247946119,-2.72629887730982e-05
0.22139743563216,0.282862299104153,-0.00344360753076318,0.0738505024560665,-0.000415922613749432,0.0738505024560665,-0.000415922613749431,-0.323758040714459,-2.71498371811757e-05
0.222932859707273,0.282862825621864,-0.00346766589579621,0.0738509111765575,-0.000418866131405657,0.0738509111765575,-0.000418866131405658,-0.323760871495003,-2.70296574311976e-05
0.224478932176229,0.282863358726448,-0.00349189469807556,0.0738513253881053,-0.000421831275343693,0.0738513253881053,-0.000421831275343694,-0.323763740793132,-2.69022730431251e-05
0.22603572688722,0.282863898489437,-0.00351629519110982,0.0738517451617212,-0.00042481822011356,0.0738517451617212,-0.00042481822011356,-0.323766649120611,-2.67675037425932e-05
0.227603318200585,0.282864444982818,-0.00354086863847359,0.0738521705692579,-0.000427827141961959,0.073852170569258,-0.000427827141961961,-0.323769596995662,-2.6625165384396e-05
0.229181780992365,0.282864998279029,-0.00356561631390173,0.0738526016834178,-0.00043085821885325,0.0738526016834179,-0.000430858218853251,-0.323772584943037,-2.64750698744862e-05
0.230771190657875,0.28286555845095,-0.00359053950138493,0.0738530385777607,-0.000433911630490758,0.0738530385777608,-0.000433911630490759,-0.32377561349409,-2.63170250904762e-05
0.23237162311531,0.282866125571892,-0.00361563949526594,0.0738534813267116,-0.000436987558338355,0.0738534813267116,-0.000436987558338355,-0.323778683186847,-2.61508348006131e-05
0.233983154809368,0.282866699715591,-0.00364091760033727,0.0738539300055685,-0.000440086185642397,0.0738539300055685,-0.000440086185642397,-0.323781794566085,-2.59762985812748e-05
0.235605862714901,0.282867280956195,-0.00366637513193964,0.0738543846905105,-0.000443207697453942,0.0738543846905105,-0.000443207697453943,-0.3237849481834,-2.57932117329607e-05
0.237239824340596,0.282867869368258,-0.00369201341606164,0.0738548454586052,-0.000446352280651334,0.0738548454586052,-0.000446352280651335,-0.323788144597288,-2.56013651943818e-05
0.238885117732672,0.282868465026726,-0.00371783378944047,0.0738553123878169,-0.000449520123963074,0.0738553123878169,-0.000449520123963075,-0.323791384373213,-2.54005454553563e-05
0.240541821478611,0.282869068006928,-0.00374383759966375,0.0738557855570143,-0.000452711417991056,0.0738557855570143,-0.000452711417991057,-0.323794668083688,-2.5190534467763e-05
0.242210014710909,0.282869678384563,-0.00377002620527245,0.0738562650459784,-0.00045592635523413,0.0738562650459784,-0.000455926355234132,-0.323797996308346,-2.4971109554954e-05
0.24388977711086,0.282870296235687,-0.0037964009758649,0.07385675093541,-0.000459165130112005,0.07385675093541,-0.000459165130112004,-0.323801369634023,-2.47420433193493e-05
0.24558118891236,0.282870921636701,-0.00382296329220203,0.0738572433069378,-0.000462427938989504,0.0738572433069378,-0.000462427938989504,-0.323804788654828,-2.45031035484428e-05
0.247284330905736,0.28287155466434,-0.00384971454631363,0.0738577422431261,-0.000465714980201183,0.0738577422431261,-0.000465714980201184,-0.323808253972224,-2.42540531189411e-05
0.24899928444161,0.282872195395655,-0.00387665614160579,0.0738582478274826,-0.000469026454076278,0.0738582478274826,-0.000469026454076279,-0.323811766195107,-2.39946498992033e-05
0.250726131434783,0.282872843907997,-0.0039037894929696,0.0738587601444658,-0.000472362562964053,0.0738587601444658,-0.000472362562964052,-0.32381532593988,-2.37246466497226e-05
0.252464954368146,0.282873500279008,-0.00393111602689083,0.0738592792794931,-0.00047572351125948,0.0738592792794931,-0.000475723511259481,-0.323818933830535,-2.34437909218677e-05
0.254215836296621,0.282874164586598,-0.00395863718156102,0.0738598053189481,-0.000479109505429326,0.0738598053189481,-0.000479109505429325,-0.323822590498732,-2.31518249547633e-05
0.25597886085113,0.282874836908932,-0.00398635440698955,0.0738603383501886,-0.000482520754038583,0.0738603383501887,-0.000482520754038585,-0.323826296583877,-2.28484855701386e-05
0.257754112242586,0.282875517324411,-0.00401426916511705,0.0738608784615538,-0.000485957467777312,0.0738608784615538,-0.000485957467777313,-0.323830052733201,-2.2533504065371e-05
0.259541675265918,0.282876205911653,-0.00404238292992993,0.073861425742372,-0.000489419859487856,0.073861425742372,-0.000489419859487856,-0.323833859601844,-2.22066061043788e-05
0.261341635304121,0.282876902749475,-0.00407069718757626,0.073861980282968,-0.000492908144192446,0.0738619802829681,-0.000492908144192446,-0.323837717852933,-2.18675116067379e-05
0.263154078332332,0.282877607916874,-0.00409921343648274,0.0738625421746709,-0.000496422539121229,0.0738625421746709,-0.000496422539121229,-0.323841628157663,-2.15159346345223e-05
0.26497909092194,0.282878321493002,-0.00412793318747297,0.0738631115098208,-0.000499963263740665,0.0738631115098208,-0.000499963263740665,-0.323845591195378,-2.11515832772707e-05
0.266816760244719,0.282879043557149,-0.00415685796388703,0.0738636883817766,-0.000503530539782353,0.0738636883817766,-0.000503530539782354,-0.323849607653654,-2.07741595346853e-05
0.268667174076992,0.282879774188717,-0.00418598930170217,0.0738642728849231,-0.000507124591272281,0.0738642728849231,-0.000507124591272282,-0.323853678228382,-2.03833591972333e-05
0.270530420803823,0.2828805134672,-0.00421532874965497,0.0738648651146783,-0.00051074564456047,0.0738648651146783,-0.000510745644560471,-0.323857803623847,-1.99788717246963e-05
0.27240658942324,0.282881261472156,-0.00424487786936463,0.0738654651675,-0.000514393928351059,0.0738654651675,-0.00051439392835106,-0.323861984552812,-1.95603801223243e-05
0.274295769550488,0.282882018283185,-0.00427463823545764,0.0738660731408936,-0.000518069673732826,0.0738660731408937,-0.000518069673732827,-0.323866221736602,-1.91275608148606e-05
0.276198051422303,0.282882783979898,-0.00430461143569359,0.0738666891334183,-0.000521773114210124,0.0738666891334183,-0.000521773114210125,-0.323870515905187,-1.86800835182063e-05
0.278113525901229,0.282883558641898,-0.00433479907109259,0.0738673132446942,-0.000525504485734282,0.0738673132446942,-0.000525504485734283,-0.323874867797261,-1.82176111089213e-05
0.280042284479955,0.282884342348741,-0.00436520275606367,0.073867945575409,-0.000529264026735432,0.0738679455754091,-0.000529264026735433,-0.323879278160334,-1.77397994911704e-05
0.281984419285683,0.282885135179917,-0.00439582411853476,0.0738685862273249,-0.000533051978154812,0.0738685862273249,-0.000533051978154812,-0.323883747750807,-1.72462974614221e-05
0.283940023084533,0.282885937214811,-0.00442666480008383,0.0738692353032844,-0.000536868583477492,0.0738692353032844,-0.000536868583477494,-0.323888277334062,-1.67367465706281e-05
0.285909189285972,0.282886748532678,-0.00445772645607152,0.0738698929072175,-0.000540714088765602,0.0738698929072175,-0.000540714088765602,-0.32389286768454,-1.62107809841203e-05
0.287892011947275,0.282887569212605,-0.00448901075577495,0.0738705591441474,-0.000544588742691995,0.0738705591441475,-0.000544588742691995,-0.323897519585832,-1.56680273386972e-05
0.289888585778017,0.282888399333483,-0.00452051938252308,0.073871234120197,-0.000548492796574417,0.073871234120197,-0.000548492796574418,-0.32390223383076,-1.51081045975041e-05
0.291899006144599,0.282889238973967,-0.00455225403383331,0.0738719179425946,-0.00055242650441012,0.0738719179425946,-0.000552426504410121,-0.32390701122146,-1.45306239021092e-05
0.293923369074803,0.28289008821244,-0.00458421642154944,0.0738726107196797,-0.000556390122910996,0.0738726107196798,-0.000556390122910997,-0.323911852569466,-1.39351884220693e-05
0.295961771262377,0.28289094712698,-0.00461640827198108,0.0738733125609094,-0.000560383911539173,0.0738733125609094,-0.000560383911539174,-0.3239167586958,-1.33213932018081e-05
0.298014310071653,0.282891815795317,-0.00464883132604441,0.0738740235768629,-0.000564408132543125,0.0738740235768629,-0.000564408132543126,-0.323921730431049,-1.26888250048252e-05
0.300081083542203,0.282892694294792,-0.00468148733940436,0.0738747438792478,-0.000568463050994277,0.0738747438792478,-0.000568463050994278,-0.323926768615455,-1.20370621551485e-05
0.302162190393513,0.282893582702321,-0.0047143780826181,0.0738754735809047,-0.00057254893482412,0.0738754735809047,-0.00057254893482412,-0.323931874098994,-1.13656743760404e-05
0.304257730029708,0.282894481094347,-0.00474750534128002,0.0738762127958125,-0.00057666605486183,0.0738762127958126,-0.000576666054861829,-0.323937047741467,-1.06742226258713e-05
0.306367802544292,0.282895389546796,-0.00478087091616816,0.0738769616390933,-0.000580814684872427,0.0738769616390933,-0.000580814684872429,-0.323942290412576,-9.96225893112879e-06
0.308492508724934,0.282896308135034,-0.00481447662339183,0.0738777202270168,-0.000584995101595432,0.0738777202270169,-0.000584995101595432,-0.323947602992016,-9.22932621662959e-06
0.31063195005828,0.282897236933819,-0.00484832429454095,0.073878488677005,-0.000589207584784068,0.073878488677005,-0.00058920758478407,-0.323952986369553,-8.47495813261628e-06
0.312786228734801,0.28289817601725,-0.00488241577683654,0.073879267107636,-0.000593452417244991,0.073879267107636,-0.000593452417244992,-0.323958441445108,-7.69867887913389e-06
0.314955447653674,0.282899125458719,-0.00491675293328281,0.0738800556386487,-0.000597729884878569,0.0738800556386487,-0.000597729884878569,-0.323963969128844,-6.90000302708271e-06
0.317139710427697,0.282900085330858,-0.00495133764282061,0.0738808543909458,-0.000602040276719683,0.0738808543909458,-0.000602040276719683,-0.323969570341245,-6.0784353365928e-06
0.319339121388238,0.282901055705484,-0.00498617180048226,0.0738816634865978,-0.000606383884979121,0.0738816634865978,-0.000606383884979122,-0.3239752460132,-5.23347057185958e-06
0.321553785590219,0.282902036653548,-0.00502125731754792,0.0738824830488463,-0.000610761005085485,0.0738824830488463,-0.000610761005085485,-0.323980997086086,-4.36459331326633e-06
0.323783808817133,0.282903028245072,-0.00505659612170325,0.0738833132021065,-0.000615171935727677,0.0738833132021065,-0.000615171935727678,-0.323986824511848,-3.47127776602341e-06
0.326029297586097,0.282904030549094,-0.00509219015719865,0.0738841540719705,-0.00061961697889796,0.0738841540719706,-0.000619616978897959,-0.323992729253082,-2.55298756576816e-06
0.328290359152942,0.282905043633609,-0.00512804138500982,0.0738850057852098,-0.000624096439935573,0.0738850057852098,-0.000624096439935573,-0.323998712283115,-1.60917558071627e-06
0.330567101517332,0.2829060675655,-0.00516415178299979,0.0738858684697766,-0.000628610627570943,0.0738858684697766,-0.000628610627570944,-0.324004774586086,-6.39283710739125e-07
0.332859633427924,0.28290710241048,-0.00520052334608237,0.0738867422548069,-0.000633159853970455,0.0738867422548069,-0.000633159853970455,-0.324010917157025,3.57257317076809e-07
0.335168064387565,0.282908148233024,-0.00523715808638705,0.073887627270621,-0.00063774443478183,0.0738876272706211,-0.000637744434781832,-0.324017141001932,1.38102815627761e-06
0.337492504658521,0.282909205096298,-0.0052740580334252,0.0738885236487254,-0.000642364689180072,0.0738885236487254,-0.000642364689180074,-0.324023447137855,2.43262105216469e-06
0.339833065267741,0.282910273062091,-0.00531122523425795,0.0738894315218133,-0.000647020939914039,0.0738894315218133,-0.000647020939914041,-0.32402983659297,3.51264005653967e-06
0.342189858012163,0.282911352190742,-0.00534866175366523,0.0738903510237652,-0.000651713513353597,0.0738903510237652,-0.000651713513353598,-0.324036310406655,4.62170124598121e-06
0.344562995464054,0.282912442541068,-0.00538636967431627,0.0738912822896494,-0.000656442739537372,0.0738912822896494,-0.000656442739537371,-0.324042869629567,5.76043294352874e-06
0.346952590976386,0.28291354417028,-0.00542435109694167,0.0738922254557213,-0.000661208952221132,0.0738922254557213,-0.000661208952221131,-0.324049515323717,6.92947594414794e-06
0.349358758688252,0.282914657133913,-0.00546260814050663,0.0738931806594232,-0.000666012488926764,0.0738931806594232,-0.000666012488926764,-0.324056248562547,8.12948374367961e-06
0.351781613530314,0.282915781485739,-0.00550114294238577,0.0738941480393832,-0.0006708536909919,0.0738941480393832,-0.000670853690991902,-0.324063070430997,9.36112277170192e-06
0.354221271230298,0.282916917277685,-0.00553995765853916,0.0738951277354136,-0.000675732903620111,0.0738951277354136,-0.000675732903620111,-0.324069982025584,1.06250726278345e-05
0.356677848318515,0.282918064559748,-0.00557905446368991,0.0738961198885094,-0.000680650475931784,0.0738961198885094,-0.000680650475931786,-0.324076984454466,1.19220263220671e-05
0.359151462133436,0.282919223379905,-0.00561843555150292,0.0738971246408461,-0.000685606761015603,0.0738971246408461,-0.000685606761015604,-0.324084078837519,1.32526905187585e-05
0.361642230827288,0.282920393784022,-0.00565810313476512,0.0738981421357764,-0.000690602115980658,0.0738981421357764,-0.000690602115980658,-0.3240912663064,1.46177857846194e-05
0.364150273371703,0.282921575815764,-0.00569805944556702,0.0738991725178277,-0.000695636902009206,0.0738991725178277,-0.000695636902009208,-0.324098548004616,1.6018046840427e-05
0.366675709563398,0.282922769516495,-0.00573830673548556,0.073900215932698,-0.000700711484410072,0.073900215932698,-0.000700711484410073,-0.324105925087592,1.74542228168137e-05
0.369218660029898,0.282923974925184,-0.00577884727576825,0.0739012725272521,-0.000705826232672672,0.0739012725272522,-0.000705826232672674,-0.324113398722731,1.89270775139624e-05
0.371779246235299,0.282925192078297,-0.00581968335751866,0.0739023424495166,-0.000710981520521726,0.0739023424495166,-0.000710981520521727,-0.324120970089479,2.04373896654161e-05
0.374357590486067,0.282926421009701,-0.00586081729188314,0.0739034258486748,-0.000716177725972567,0.0739034258486748,-0.00071617772597257,-0.324128640379389,2.19859532058359e-05
0.376953815936883,0.282927661750552,-0.0059022514102389,0.0739045228750609,-0.000721415231387164,0.0739045228750609,-0.000721415231387164,-0.324136410796175,2.35735775429499e-05
0.379568046596523,0.282928914329186,-0.00594398806438311,0.073905633680154,-0.000726694423530731,0.073905633680154,-0.00072669442353073,-0.324144282555773,2.52010878335415e-05
0.382200407333782,0.28293017877101,-0.00598602962672339,0.0739067584165709,-0.00073201569362905,0.0739067584165709,-0.000732015693629049,-0.324152256886398,2.68693252638078e-05
0.384851023883439,0.282931455098381,-0.00602837849046963,0.0739078972380586,-0.000737379437426444,0.0739078972380587,-0.000737379437426445,-0.324160335028596,2.85791473337085e-05
0.387520022852263,0.282932743330493,-0.00607103706982659,0.0739090502994866,-0.00074278605524437,0.0739090502994866,-0.000742786055244372,-0.324168518235296,3.03314281456524e-05
0.390207531725059,0.282934043483254,-0.00611400780018797,0.0739102177568378,-0.000748235952040726,0.0739102177568378,-0.000748235952040728,-0.324176807771861,3.21270586976508e-05
0.392913678870758,0.282935355569157,-0.00615729313833162,0.0739113997671992,-0.000753729537469799,0.0739113997671992,-0.000753729537469801,-0.324185204916136,3.39669471804416e-05
0.395638593548549,0.282936679597159,-0.00620089556261552,0.0739125964887519,-0.000759267225942863,0.073912596488752,-0.000759267225942861,-0.32419371095849,3.5852019279331e-05
0.398382405914052,0.282938015572546,-0.00624481757317527,0.0739138080807609,-0.000764849436689479,0.073913808080761,-0.000764849436689479,-0.324202327201866,3.77832184802959e-05
0.401145247025537,0.282939363496799,-0.00628906169212223,0.0739150347035629,-0.000770476593819429,0.0739150347035629,-0.000770476593819431,-0.324211054961816,3.97615063803883e-05
0.403927248850181,0.282940723367456,-0.00633363046374291,0.0739162765185544,-0.000776149126385329,0.0739162765185544,-0.000776149126385328,-0.32421989556654,4.17878630027957e-05
0.406728544270374,0.282942095177973,-0.00637852645469927,0.0739175336881794,-0.00078186746844591,0.0739175336881795,-0.000781867468445911,-0.324228850356923,4.38632871164052e-05
0.409549267090063,0.282943478917577,-0.00642375225422986,0.0739188063759152,-0.000787632059129953,0.0739188063759152,-0.000787632059129951,-0.324237920686568,4.59887965596345e-05
0.412389552041149,0.282944874571118,-0.00646931047435204,0.0739200947462581,-0.000793443342700917,0.0739200947462581,-0.000793443342700919,-0.324247107921826,4.8165428569294e-05
0.415249534789915,0.282946282118919,-0.00651520375006488,0.0739213989647084,-0.000799301768622177,0.0739213989647084,-0.000799301768622179,-0.324256413441819,5.0394240113355e-05
0.418129351943512,0.282947701536619,-0.00656143473955303,0.0739227191977542,-0.000805207791622993,0.0739227191977542,-0.000805207791622995,-0.324265838638472,5.2676308229152e-05
0.421029141056481,0.282949132795014,-0.00660800612439125,0.0739240556128547,-0.000811161871765074,0.0739240556128547,-0.000811161871765078,-0.324275384916525,5.50127303654974e-05
0.423949040637325,0.282950575859895,-0.0066549206097498,0.0739254083784226,-0.000817164474509852,0.0739254083784226,-0.000817164474509852,-0.324285053693558,5.74046247299176e-05
0.426889190155123,0.282952030691878,-0.0067021809246004,0.0739267776638051,-0.000823216070786361,0.0739267776638051,-0.000823216070786364,-0.324294846399999,5.98531306403999e-05
0.429849730046193,0.282953497246238,-0.00674978982192289,0.0739281636392648,-0.000829317137059834,0.0739281636392648,-0.000829317137059834,-0.32430476447914,6.23594088817875e-05
0.432830801720801,0.282954975472732,-0.0067977500789125,0.0739295664759591,-0.000835468155400854,0.0739295664759591,-0.000835468155400858,-0.32431480938714,6.49246420671712e-05
0.435832547569911,0.282956465315417,-0.00684606449718766,0.073930986345919,-0.000841669613555264,0.073930986345919,-0.000841669613555265,-0.324324982593031,6.75500350036801e-05
0.438855110971994,0.282957966712473,-0.0068947359029983,0.0739324234220265,-0.000847922005014623,0.0739324234220265,-0.000847922005014625,-0.324335285578717,7.02368150633653e-05
0.441898636299867,0.282959479596011,-0.00694376714743447,0.0739338778779916,-0.000854225829087332,0.0739338778779916,-0.000854225829087334,-0.324345719838969,7.29862325586084e-05
0.444963268927599,0.282961003891886,-0.00699316110663555,0.0739353498883277,-0.000860581590970397,0.0739353498883277,-0.000860581590970397,-0.324356286881414,7.57995611224832e-05
0.448049155237445,0.282962539519496,-0.00704292068199965,0.0739368396283264,-0.000866989801821814,0.0739368396283264,-0.000866989801821814,-0.324366988226528,7.86780980938928e-05
0.451156442626847,0.282964086391588,-0.00709304880039313,0.0739383472740309,-0.000873450978833545,0.0739383472740309,-0.000873450978833547,-0.324377825407614,8.16231649074933e-05
0.454285279515466,0.282965644414048,-0.00714354841436071,0.0739398730022086,-0.000879965645305162,0.0739398730022087,-0.00087996564530516,-0.324388799970781,8.46361074883922e-05
0.457435815352278,0.282967213485697,-0.00719442250233527,0.0739414169903226,-0.000886534330718013,0.0739414169903226,-0.000886534330718017,-0.32439991347492,8.77182966519396e-05
0.46060820062271,0.282968793498074,-0.00724567406884798,0.0739429794165014,-0.000893157570810068,0.0739429794165014,-0.00089315757081007,-0.324411167491669,9.08711285078356e-05
0.463802586855826,0.28297038433522,-0.00729730614473826,0.0739445604595085,-0.00089983590765128,0.0739445604595085,-0.00089983590765128,-0.324422563605382,9.40960248696915e-05
0.467019126631568,0.282971985873456,-0.00734932178736383,0.0739461602987103,-0.000906569889719582,0.0739461602987103,-0.000906569889719582,-0.324434103413081,9.73944336689764e-05
0.470257973588042,0.282973597981151,-0.00740172408081042,0.0739477791140423,-0.000913360071977403,0.0739477791140423,-0.000913360071977405,-0.324445788524418,0.000100767829373891
0.473519282428857,0.282975220518496,-0.00745451613610134,0.0739494170859749,-0.000920207015948787,0.0739494170859749,-0.000920207015948787,-0.324457620561616,0.000104217713413138
0.476803208930514,0.282976853337264,-0.0075077010914067,0.0739510743954775,-0.000927111289797,0.0739510743954775,-0.000927111289797004,-0.324469601159416,0.000107745614604568
0.480109909949849,0.282978496280568,-0.00756128211225226,0.0739527512239814,-0.000934073468402753,0.0739527512239814,-0.000934073468402756,-0.324481731965011,0.00011135308958829
0.483439543431522,0.282980149182613,-0.00761526239172783,0.0739544477533414,-0.000941094133442864,0.0739544477533414,-0.000941094133442864,-0.32449401463798,0.000115041723264889
0.486792268415562,0.282981811868449,-0.00766964515069492,0.073956164165796,-0.000948173873469486,0.073956164165796,-0.000948173873469486,-0.324506450850213,0.000118813129238407
0.490168245044966,0.282983484153707,-0.00772443363799391,0.0739579006439261,-0.000955313283989798,0.0739579006439261,-0.000955313283989798,-0.324519042285829,0.000122668950263707
0.493567634573345,0.282985165844343,-0.00777963113065046,0.0739596573706129,-0.000962512967546217,0.0739596573706129,-0.000962512967546221,-0.324531790641087,0.000126610858698972
0.496990599372628,0.282986856736368,-0.00783524093408094,0.0739614345289937,-0.000969773533797017,0.0739614345289938,-0.000969773533797017,-0.324544697624296,0.000130640556962547
0.500437302940819,0.282988556615576,-0.0078912663822971,0.0739632323024165,-0.000977095599597466,0.0739632323024165,-0.000977095599597466,-0.324557764955714,0.000134759777994709
0.503907909909802,0.282990265257268,-0.00794771083810949,0.073965050874393,-0.000984479789081338,0.0739650508743931,-0.000984479789081338,-0.324570994367438,0.00013897028572378
0.50740258605321,0.282991982425964,-0.00800457769332987,0.0739668904285509,-0.000991926733742888,0.0739668904285509,-0.000991926733742888,-0.324584387603292,0.0001432738755371
0.510921498294339,0.282993707875122,-0.0080618703689724,0.0739687511485832,-0.000999437072519194,0.0739687511485832,-0.000999437072519193,-0.324597946418705,0.0001476723747562
0.514464814714125,0.282995441346839,-0.00811959231545326,0.0739706332181972,-0.00100701145187288,0.0739706332181972,-0.00100701145187288,-0.324611672580584,0.000152167643116652
0.518032704559168,0.282997182571553,-0.00817774701278916,0.0739725368210616,-0.00101465052587524,0.0739725368210616,-0.00101465052587524,-0.324625567867174,0.000156761573252409
0.52162533824982,0.282998931267739,-0.00823633797079386,0.0739744621407516,-0.00102235495628963,0.0739744621407516,-0.00102235495628963,-0.324639634067919,0.000161456091184273
0.525242887388322,0.283000687141598,-0.00829536872927331,0.0739764093606928,-0.00103012541265524,0.0739764093606928,-0.00103012541265525,-0.324653872983306,0.000166253156812859
0.528885524767003,0.283002449886741,-0.00835484285821886,0.0739783786641033,-0.00103796257237117,0.0739783786641033,-0.00103796257237117,-0.324668286424705,0.000171154764415787
0.532553424376533,0.283004219183872,-0.00841476395799848,0.073980370233934,-0.00104586712078065,0.073980370233934,-0.00104586712078065,-0.324682876214206,0.000176162943148858
0.536246761414231,0.283005994700453,-0.00847513565954602,0.0739823842528074,-0.00105383975125571,0.0739823842528075,-0.00105383975125571,-0.324697644184437,0.000181279757551556
0.539965712292437,0.283007776090378,-0.00853596162454833,0.0739844209029546,-0.00106188116528191,0.0739844209029546,-0.00106188116528191,-0.324712592178379,0.00018650730805643
0.543710454646936,0.283009562993631,-0.00859724554562984,0.0739864803661501,-0.00106999207254333,0.0739864803661501,-0.00106999207254333,-0.324727722049176,0.000191847731502437
0.547481167345445,0.283011355035945,-0.00865899114653512,0.0739885628236457,-0.00107817319100776,0.0739885628236457,-0.00107817319100776,-0.324743035659926,0.000197303201652094
0.551278030496154,0.283013151828449,-0.00872120218230834,0.0739906684561017,-0.00108642524701195,0.0739906684561017,-0.00108642524701195,-0.324758534883475,0.000202875929712298
0.55510122545633,0.283014952967316,-0.0087838824394705,0.0739927974435168,-0.00109474897534703,0.0739927974435168,-0.00109474897534703,-0.324774221602189,0.000208568164859022
0.558950934840979,0.283016758033396,-0.0088470357361936,0.0739949499651557,-0.00110314511934404,0.0739949499651557,-0.00110314511934404,-0.324790097707727,0.000214382194765286
0.56282734253157,0.283018566591856,-0.00891066592247179,0.0739971261994752,-0.00111161443095943,0.0739971261994753,-0.00111161443095943,-0.324806165100798,0.000220320346132646
0.566730633684818,0.283020378191803,-0.00897477688028962,0.0739993263240483,-0.00112015767086066,0.0739993263240483,-0.00112015767086066,-0.324822425690908,0.000226384985225841
0.570660994741526,0.283022192365904,-0.00903937252378669,0.074001550515486,-0.00112877560851173,0.074001550515486,-0.00112877560851173,-0.324838881396103,0.000232578518410964
0.574618613435493,0.283024008630004,-0.00910445679941931,0.0740037989493575,-0.00113746902225875,0.0740037989493575,-0.00113746902225875,-0.32485553414269,0.000238903392696263
0.578603678802477,0.283025826482737,-0.00917003368611823,0.0740060718001083,-0.00114623869941528,0.0740060718001083,-0.00114623869941528,-0.324872385864963,0.000245362096275931
0.582616381189231,0.283027645405125,-0.00923610719544278,0.0740083692409761,-0.00115508543634771,0.0740083692409761,-0.00115508543634771,-0.324889438504901,0.000251957159076943
0.586656912262587,0.283029464860181,-0.00930268137173143,0.074010691443905,-0.00116401003856043,0.0740106914439051,-0.00116401003856043,-0.32490669401187,0.000258691153308135
0.590725465018618,0.283031284292498,-0.00936976029224789,0.0740130385794573,-0.00117301332078076,0.0740130385794573,-0.00117301332078076,-0.324924154342303,0.000265566694011871
0.594822233791852,0.283033103127836,-0.00943734806732331,0.0740154108167231,-0.00118209610704371,0.0740154108167231,-0.00118209610704371,-0.324941821459375,0.000272586439617958
0.598947414264556,0.283034920772705,-0.00950544884049415,0.0740178083232283,-0.00119125923077646,0.0740178083232284,-0.00119125923077646,-0.324959697332662,0.000279753092499738
0.603101203476082,0.283036736613937,-0.00957406678863553,0.0740202312648403,-0.00120050353488251,0.0740202312648403,-0.00120050353488251,-0.324977783937793,0.000287069399532033
0.607283799832281,0.283038550018256,-0.00964320612208995,0.0740226798056708,-0.00120982987182552,0.0740226798056708,-0.00120982987182552,-0.324996083256086,0.000294538152650847
0.611495403114975,0.283040360331844,-0.00971287108479109,0.0740251541079774,-0.00121923910371266,0.0740251541079774,-0.00121923910371266,-0.325014597274169,0.000302162189414562
0.615736214491506,0.283042166879895,-0.00978306595438305,0.0740276543320626,-0.00122873210237764,0.0740276543320626,-0.00122873210237764,-0.325033327983601,0.000309944393566602
0.620006436524339,0.283043968966172,-0.00985379504233384,0.0740301806361704,-0.00123830974946317,0.0740301806361704,-0.00123830974946317,-0.325052277380462,0.000317887695599151
0.624306273180741,0.283045765872547,-0.00992506269404413,0.074032733176381,-0.00124797293650292,0.0740327331763811,-0.00124797293650292,-0.325071447464946,0.000325995073317667
0.628635929842521,0.283047556858551,-0.00999687328895028,0.0740353121065029,-0.00125772256500288,0.074035312106503,-0.00125772256500289,-0.325090840240932,0.000334269552406397
0.632995613315842,0.283049341160903,-0.0100692312406218,0.074037917577963,-0.00126755954652213,0.074037917577963,-0.00126755954652213,-0.325110457715548,0.000342714206993971
0.637385531841099,0.283051117993043,-0.0101421409968531,0.0740405497396939,-0.00127748480275287,0.0740405497396939,-0.00127748480275287,-0.32513030189871,0.000351332160219514
0.641805895102865,0.283052886544657,-0.0102156070397491,0.0740432087380201,-0.00128749926559981,0.0740432087380201,-0.0012874992655998,-0.325150374802666,0.000360126584798615
0.646256914239905,0.283054645981197,-0.0102896338858048,0.0740458947165401,-0.00129760387725863,0.0740458947165401,-0.00129760387725863,-0.325170678441506,0.000369100703588879
0.650738801855265,0.283056395443397,-0.0103642260859788,0.0740486078160078,-0.00130779959029382,0.0740486078160078,-0.00130779959029383,-0.325191214830672,0.000378257790155073
0.655251772026422,0.283058134046778,-0.0104393882257601,0.0740513481742103,-0.00131808736771545,0.0740513481742103,-0.00131808736771545,-0.325211985986449,0.000387601169333521
0.659796040315516,0.28305986088116,-0.010515124925228,0.0740541159258444,-0.00132846818305504,0.0740541159258444,-0.00132846818305504,-0.32523299392544,0.000397134217795081
0.664371823779638,0.283061575010156,-0.0105914408391061,0.0740569112023897,-0.00133894302044049,0.0740569112023897,-0.00133894302044049,-0.325254240664028,0.000406860364606965
0.668979340981204,0.283063275470666,-0.0106683406568083,0.0740597341319804,-0.00134951287466991,0.0740597341319804,-0.00134951287466991,-0.325275728217824,0.000416783091792619
0.673618811998395,0.283064961272376,-0.0107458291024785,0.0740625848392734,-0.00136017875128434,0.0740625848392734,-0.00136017875128434,-0.325297458601101,0.000426905934889976
0.678290458435663,0.283066631397231,-0.0108239109350224,0.0740654634453154,-0.00137094166663928,0.0740654634453154,-0.00137094166663928,-0.325319433826207,0.000437232483506911
0.682994503434323,0.283068284798927,-0.0109025909481325,0.0740683700674065,-0.00138180264797506,0.0740683700674065,-0.00138180264797506,-0.325341655902971,0.000447766381874076
0.687731171683206,0.283069920402383,-0.0109818739703048,0.0740713048189621,-0.00139276273348578,0.0740713048189622,-0.00139276273348578,-0.325364126838086,0.000458511329395214
0.692500689429393,0.283071537103214,-0.0110617648648481,0.0740742678093718,-0.00140382297238708,0.0740742678093718,-0.00140382297238708,-0.325386848634482,0.000469471081193454
0.697303284489026,0.283073133767201,-0.0111422685298854,0.0740772591438564,-0.0014149844249823,0.0740772591438564,-0.0014149844249823,-0.325409823290678,0.000480649448654225
0.70213918625818,0.283074709229752,-0.0112233898983474,0.074080278923322,-0.00142624816272731,0.074080278923322,-0.00142624816272731,-0.325433052800127,0.000492050299964186
0.70700862572383,0.283076262295369,-0.0113051339379568,0.0740833272442125,-0.0014376152682937,0.0740833272442125,-0.0014376152682937,-0.325456539150532,0.000503677560645344
0.71191183547488,0.2830777917371,-0.011387505651206,0.0740864041983585,-0.00144908683563045,0.0740864041983585,-0.00144908683563045,-0.325480284323159,0.000515535214084803
0.716849049713269,0.283079296295995,-0.011470510075324,0.0740895098728249,-0.00146066397002378,0.0740895098728249,-0.00146066397002378,-0.325504290292121,0.000527627302058714
0.721820504265165,0.283080774680556,-0.0115541522822368,0.0740926443497554,-0.00147234778815543,0.0740926443497554,-0.00147234778815543,-0.325528559023659,0.000539957925251189
0.726826436592224,0.283082225566184,-0.0116384373785173,0.0740958077062148,-0.00148413941815899,0.0740958077062149,-0.001484139418159,-0.325553092475396,0.000552531243766641
0.731867085802933,0.283083647594626,-0.0117233705053275,0.0740990000140294,-0.00149603999967446,0.0740990000140294,-0.00149603999967446,-0.325577892595577,0.000565351477635881
0.736942692664033,0.283085039373411,-0.0118089568383507,0.0741022213396239,-0.00150805068390074,0.0741022213396239,-0.00150805068390075,-0.325602961322297,0.000578422907315579
0.742053499612018,0.283086399475298,-0.011895201587715,0.0741054717438574,-0.00152017263364625,0.0741054717438574,-0.00152017263364625,-0.325628300582704,0.000591749874179689
0.747199750764715,0.283087726437703,-0.0119821099979072,0.0741087512818557,-0.00153240702337733,0.0741087512818557,-0.00153240702337733,-0.325653912292194,0.000605336781003926
0.752381691932944,0.28308901876214,-0.0120696873476773,0.0741120600028421,-0.00154475503926459,0.0741120600028421,-0.00154475503926459,-0.325679798353583,0.000619188092441311
0.757599570632259,0.283090274913652,-0.0121579389499336,0.0741153979499658,-0.00155721787922696,0.0741153979499658,-0.00155721787922696,-0.325705960656261,0.000633308335489302
0.762853636094773,0.283091493320241,-0.012246870151628,0.0741187651601278,-0.00156979675297349,0.0741187651601278,-0.0015697967529735,-0.325732401075336,0.000647702099947925
0.768144139281058,0.283092672372301,-0.0123364863336313,0.0741221616638044,-0.00158249288204274,0.0741221616638044,-0.00158249288204274,-0.325759121470755,0.000662374038867694
0.773471332892138,0.283093810422038,-0.012426792910599,0.0741255874848691,-0.00159530749983978,0.0741255874848691,-0.00159530749983978,-0.325786123686409,0.000677328868988039
0.778835471381553,0.283094905782909,-0.0125177953308267,0.0741290426404116,-0.00160824185167061,0.0741290426404116,-0.00160824185167061,-0.325813409549221,0.000692571371164491
0.784236810967519,0.283095956729037,-0.012609499076096,0.0741325271405551,-0.00162129719477411,0.0741325271405551,-0.00162129719477412,-0.325840980868221,0.00070810639078514
0.78967560964516,0.283096961494645,-0.0127019096615099,0.0741360409882711,-0.00163447479835119,0.0741360409882712,-0.00163447479835119,-0.325868839433595,0.000723938838174995
0.795152127198837,0.283097918273476,-0.0127950326353174,0.0741395841791924,-0.00164777594359129,0.0741395841791924,-0.00164777594359129,-0.325896987015726,0.000740073688988638
0.800666625214554,0.283098825218223,-0.0128888735787294,0.0741431567014238,-0.00166120192369614,0.0741431567014238,-0.00166120192369615,-0.325925425364213,0.00075651598458977
0.806219367092452,0.283099680439949,-0.0129834381057229,0.0741467585353507,-0.00167475404390051,0.0741467585353507,-0.00167475404390051,-0.325954156206874,0.000773270832417378
0.811810618059391,0.28310048200752,-0.0130787318628351,0.0741503896534463,-0.0016884336214901,0.0741503896534463,-0.0016884336214901,-0.325983181248735,0.000790343406338753
0.817440645181619,0.283101227947026,-0.0131747605289476,0.074154050020076,-0.00170224198581644,0.0741540500200761,-0.00170224198581644,-0.326012502170996,0.00080773894698731
0.823109717377527,0.283101916241214,-0.0132715298150597,0.0741577395913005,-0.00171618047830864,0.0741577395913005,-0.00171618047830864,-0.326042120629985,0.000825462762086004
0.828818105430497,0.283102544828912,-0.0133690454640515,0.0741614583146766,-0.001730250452482,0.0741614583146766,-0.001730250452482,-0.326072038256098,0.000843520226755295
0.834566082001833,0.283103111604464,-0.0134673132504362,0.0741652061290567,-0.00174445327394341,0.0741652061290567,-0.00174445327394341,-0.326102256652715,0.000861916783804539
0.840353921643785,0.283103614417161,-0.0135663389801025,0.0741689829643862,-0.00175879032039348,0.0741689829643863,-0.00175879032039348,-0.326132777395104,0.000880657944007573
0.846181900812664,0.283104051070675,-0.0136661284900458,0.0741727887414994,-0.0017732629816252,0.0741727887414994,-0.0017732629816252,-0.326163602029312,0.000899749286360246
0.852050297882047,0.283104419322499,-0.0137666876480897,0.0741766233719132,-0.00178787265951927,0.0741766233719132,-0.00178787265951927,-0.326194732071031,0.000919196458320878
0.857959393156072,0.283104716883385,-0.0138680223525967,0.0741804867576202,-0.00180262076803591,0.0741804867576202,-0.00180262076803592,-0.326226169004461,0.000939005176031932
0.863909468882829,0.283104941416787,-0.0139701385321684,0.0741843787908794,-0.00181750873320305,0.0741843787908794,-0.00181750873320305,-0.326257914281145,0.000959181224522779
0.86990080926784,0.283105090538309,-0.014073042145336,0.0741882993540061,-0.0018325379931009,0.0741882993540061,-0.0018325379931009,-0.326289969318798,0.00097973045789311
0.875933700487633,0.283105161815153,-0.0141767391802398,0.0741922483191599,-0.00184770999784291,0.0741922483191599,-0.00184770999784291,-0.326322335500113,0.00100065879947615
0.882008430703416,0.283105152765576,-0.0142812356542987,0.0741962255481314,-0.0018630262095528,0.0741962255481314,-0.0018630262095528,-0.326355014171562,0.00102197224198095
0.888125290074835,0.283105060858344,-0.0143865376138705,0.0742002308921285,-0.00187848810233793,0.0742002308921285,-0.00187848810233793,-0.326388006642172,0.0010436768476134
0.894284570773836,0.283104883512201,-0.0144926511339007,0.0742042641915604,-0.00189409716225868,0.0742042641915604,-0.00189409716225868,-0.326421314182296,0.00106577874817572
0.900486566998624,0.283104618095329,-0.0145995823175626,0.0742083252758209,-0.00190985488729392,0.074208325275821,-0.00190985488729392,-0.326454938022364,0.0010882841451428
0.906731574987708,0.283104261924828,-0.0147073372958873,0.0742124139630716,-0.0019257627873025,0.0742124139630716,-0.0019257627873025,-0.326488879351624,0.00111119930971597
0.913019893034057,0.283103812266189,-0.0148159222273834,0.0742165300600223,-0.00194182238398062,0.0742165300600223,-0.00194182238398062,-0.326523139316868,0.00113453058285258
0.919351821499347,0.283103266332782,-0.0149253432976489,0.0742206733617127,-0.00195803521081514,0.0742206733617127,-0.00195803521081515,-0.326557719021148,0.0011582843752718
0.925727662828307,0.283102621285341,-0.0150356067189717,0.0742248436512916,-0.00197440281303273,0.0742248436512916,-0.00197440281303273,-0.326592619522476,0.00118246716743488
0.932147721563161,0.283101874231468,-0.0151467187299224,0.0742290406997966,-0.00199092674754473,0.0742290406997966,-0.00199092674754473,-0.326627841832518,0.00120708550950073
0.938612304358183,0.283101022225126,-0.0152586855949377,0.0742332642659324,-0.00200760858288786,0.0742332642659324,-0.00200760858288786,-0.326663386915269,0.00123214602125457
0.945121719994339,0.283100062266159,-0.0153715136038952,0.0742375140958495,-0.00202444989916049,0.0742375140958495,-0.00202444989916049,-0.326699255685723,0.0012576553920107
0.951676279394036,0.283098991299801,-0.0154852090716787,0.0742417899229216,-0.00204145228795469,0.0742417899229217,-0.0020414522879547,-0.326735449008534,0.00128362038048749
0.958276295635973,0.283097806216205,-0.015599778337737,0.0742460914675237,-0.00205861735228378,0.0742460914675237,-0.00205861735228378,-0.326771967696662,0.00131004781465491
0.964922083970099,0.283096503849973,-0.0157152277656326,0.0742504184368088,-0.00207594670650545,0.0742504184368088,-0.00207594670650545,-0.32680881251001,0.00133694459155373
0.971613961832666,0.283095080979698,-0.0158315637425844,0.074254770524486,-0.00209344197624054,0.074254770524486,-0.00209344197624055,-0.326845984154063,0.00136431767708586
0.978352248861393,0.283093534327511,-0.0159487926790008,0.0742591474105975,-0.00211110479828709,0.0742591474105975,-0.00211110479828709,-0.326883483278502,0.0013921741057745
0.985137266910738,0.283091860558637,-0.0160669210080077,0.0742635487612962,-0.00212893682053009,0.0742635487612962,-0.00212893682053009,-0.326921310475826,0.00142052098049608
0.991969340067262,0.283090056280962,-0.0161859551849675,0.0742679742286235,-0.00214693970184647,0.0742679742286235,-0.00214693970184647,-0.326959466279958,0.00144936547217969
0.998848794665118,0.283088118044609,-0.0163059016869929,0.0742724234502874,-0.00216511511200565,0.0742724234502874,-0.00216511511200565,-0.32699795116485,0.00147871481947731
1.00577595930163,0.283086042341519,-0.0164267670124532,0.0742768960494415,-0.00218346473156538,0.0742768960494415,-0.00218346473156538,-0.327036765543081,0.00150857632840087
1.01275116485301,0.283083825605044,-0.0165485576804751,0.0742813916344637,-0.00220199025176298,0.0742813916344637,-0.00220199025176298,-0.32707590976445,0.00153895737192922
1.01977474449012,0.283081464209553,-0.0166712802304377,0.0742859097987366,-0.00222069337440199,0.0742859097987367,-0.00222069337440199,-0.327115384114565,0.00156986538958123
1.02684703369442,0.283078954470041,-0.0167949412214617,0.0742904501204283,-0.00223957581173403,0.0742904501204283,-0.00223957581173403,-0.327155188813432,0.00160130788695637
1.033968370274,0.283076292641753,-0.0169195472318943,0.0742950121622737,-0.00225863928633616,0.0742950121622737,-0.00225863928633617,-0.32719532401404,0.00163329243524271
1.04113909437969,0.283073474919816,-0.0170451048587886,0.0742995954713579,-0.00227788553098345,0.0742995954713579,-0.00227788553098345,-0.327235789800941,0.00166582667069029
1.0483595485213,0.283070497438885,-0.0171716207173794,0.0743041995788999,-0.00229731628851687,0.0743041995789,-0.00229731628851687,-0.327276586188838,0.00169891829405094
1.05563007758401,0.283067356272791,-0.0172991014405546,0.0743088240000382,-0.00231693331170668,0.0743088240000383,-0.00231693331170668,-0.327317713121164,0.00173257506998356
1.06295102884484,0.283064047434208,-0.0174275536783236,0.0743134682336173,-0.00233673836311086,0.0743134682336174,-0.00233673836311087,-0.32735917046867,0.00176680482642422
1.07032275198921,0.28306056687433,-0.017556984097282,0.0743181317619763,-0.00235673321492923,0.0743181317619763,-0.00235673321492924,-0.32740095802801,0.00180161545392174
1.07774559912768,0.283056910482552,-0.0176873993800743,0.0743228140507388,-0.00237691964885261,0.0743228140507388,-0.00237691964885261,-0.327443075520333,0.00183701490493729
1.08521992481272,0.283053074086167,-0.0178188062248539,0.074327514548605,-0.00239729945590761,0.074327514548605,-0.00239729945590761,-0.327485522589876,0.00187301119310854
1.0927460860557,0.283049053450076,-0.0179512113447417,0.0743322326871453,-0.00241787443629665,0.0743322326871454,-0.00241787443629666,-0.327528298802564,0.00190961239247747
1.1003244423439,0.283044844276506,-0.0180846214672832,0.0743369678805967,-0.00243864639923355,0.0743369678805968,-0.00243864639923355,-0.327571403644614,0.00194682663668255
1.10795535565772,0.283040442204735,-0.0182190433339043,0.0743417195256604,-0.00245961716277441,0.0743417195256604,-0.00245961716277441,-0.327614836521151,0.00198466211811374
1.11563919048792,0.283035842810836,-0.0183544836993676,0.0743464870013024,-0.00248078855364415,0.0743464870013024,-0.00248078855364416,-0.327658596754826,0.00202312708703151
1.12337631385307,0.283031041607428,-0.0184909493312279,0.0743512696685567,-0.00250216240705849,0.0743512696685567,-0.00250216240705849,-0.327702683584446,0.00206222985064891
1.13116709531708,0.283026034043437,-0.0186284470092889,0.0743560668703308,-0.00252374056654149,0.0743560668703308,-0.0025237405665415,-0.327747096163617,0.00210197877217658
1.13901190700682,0.283020815503872,-0.0187669835250599,0.0743608779312136,-0.00254552488373883,0.0743608779312136,-0.00254552488373883,-0.327791833559392,0.00214238226983093
1.14691112362992,0.283015381309604,-0.0189065656812159,0.074365702157287,-0.00256751721822661,0.074365702157287,-0.00256751721822661,-0.327836894750941,0.00218344881580557
1.15486512249268,0.283009726717166,-0.0190472002910569,0.0743705388359395,-0.00258971943731597,0.0743705388359395,-0.00258971943731597,-0.32788227862822,0.00222518693520524
1.16287428351806,0.283003846918558,-0.0191888941779727,0.0743753872356838,-0.00261213341585356,0.0743753872356838,-0.00261213341585357,-0.327927983990673,0.00226760520494346
1.17093898926384,0.282997737041059,-0.0193316541749081,0.074380246605977,-0.00263476103601776,0.0743802466059771,-0.00263476103601777,-0.327974009545933,0.0023107122526021
1.1790596249409,0.282991392147059,-0.0194754871238331,0.0743851161770445,-0.00265760418711091,0.0743851161770445,-0.00265760418711091,-0.328020353908555,0.00235451675525561
1.18723657843162,0.282984807233895,-0.0196203998752166,0.0743899951597068,-0.00268066476534748,0.0743899951597069,-0.00268066476534749,-0.328067015598751,0.00239902743825712
1.19547024030838,0.282977977233695,-0.0197663992875043,0.0743948827452111,-0.00270394467363844,0.0743948827452111,-0.00270394467363844,-0.32811399304116,0.00244425307398863
1.20376100385228,0.282970897013237,-0.0199134922266018,0.0743997781050649,-0.00272744582137169,0.0743997781050649,-0.0027274458213717,-0.32816128456363,0.00249020248057533
1.21210926507183,0.282963561373819,-0.0200616855653631,0.0744046803908753,-0.00275117012418884,0.0744046803908753,-0.00275117012418884,-0.328208888396023,0.00253688452056255
1.22051542272196,0.282955965051128,-0.0202109861830847,0.0744095887341904,-0.00277511950375823,0.0744095887341904,-0.00277511950375823,-0.328256802669043,0.00258430809955817
1.22897987832301,0.282948102715131,-0.0203614009650065,0.0744145022463465,-0.00279929588754458,0.0744145022463465,-0.00279929588754458,-0.32830502541309,0.00263248216483869
1.23750303617991,0.282939968969968,-0.0205129368018194,0.0744194200183179,-0.00282370120857506,0.0744194200183179,-0.00282370120857506,-0.328353554557136,0.00268141570392064
1.24608530340153,0.28293155835385,-0.02066560058918,0.0744243411205721,-0.00284833740520204,0.0744243411205721,-0.00284833740520205,-0.328402387927635,0.00273111774309706
1.25472708992008,0.282922865338978,-0.0208193992272332,0.0744292646029288,-0.00287320642086268,0.0744292646029288,-0.00287320642086269,-0.328451523247448,0.00278159734593994
1.26342880851072,0.282913884331453,-0.0209743396201432,0.0744341894944239,-0.00289831020383538,0.0744341894944239,-0.00289831020383538,-0.328500958134811,0.00283286361176843
1.27219087481126,0.282904609671207,-0.021130428675633,0.074439114803177,-0.00292365070699318,0.074439114803177,-0.00292365070699318,-0.328550690102322,0.00288492567408458
1.28101370734203,0.282895035631933,-0.0212876733045331,0.0744440395162651,-0.00294922988755443,0.0744440395162651,-0.00294922988755443,-0.328600716555969,0.00293779269897548
1.28989772752585,0.282885156421027,-0.0214460804203396,0.0744489625995997,-0.0029750497068306,0.0744489625995997,-0.0029750497068306,-0.328651034794181,0.00299147388348472
1.29884335970818,0.28287496617953,-0.0216056569387823,0.0744538829978095,-0.0030011121299716,0.0744538829978096,-0.0030011121299716,-0.328701642006921,0.00304597845395127
1.30785103117738,0.282864458982082,-0.0217664097774033,0.0744587996341281,-0.00302741912570851,0.0744587996341281,-0.00302741912570851,-0.32875253527481,0.00310131566431843
1.31692117218509,0.282853628836878,-0.021928345855146,0.0744637114102859,-0.00305397266609406,0.0744637114102859,-0.00305397266609406,-0.328803711568285,0.00315749479441266
1.32605421596686,0.282842469685624,-0.0220914720919558,0.0744686172064082,-0.00308077472624101,0.0744686172064082,-0.00308077472624101,-0.328855167746801,0.0032145251481942
1.33525059876274,0.282830975403507,-0.0222557954083912,0.0744735158809176,-0.00310782728405829,0.0744735158809176,-0.00310782728405829,-0.328906900558065,0.00327241605197814
1.34451075983821,0.282819139799162,-0.0224213227252477,0.0744784062704422,-0.00313513231998545,0.0744784062704422,-0.00313513231998545,-0.328958906637309,0.00333117685262971
1.3538351415051,0.282806956614641,-0.0225880609631934,0.0744832871897285,-0.00316269181672533,0.0744832871897285,-0.00316269181672533,-0.329011182506615,0.00339081691573234
1.36322418914273,0.282794419525385,-0.022756017042417,0.0744881574315605,-0.00319050775897508,0.0744881574315605,-0.00319050775897508,-0.329063724574264,0.00345134562373081
1.37267835121923,0.282781522140204,-0.0229251978822882,0.074493015766683,-0.00321858213315587,0.074493015766683,-0.00321858213315587,-0.329116529134142,0.00351277237404998
1.38219807931287,0.282768258001248,-0.0230956104010316,0.0744978609437317,-0.00324691692714136,0.0744978609437317,-0.00324691692714136,-0.329169592365183,0.0035751065771911
1.39178382813373,0.282754620583986,-0.0232672615154133,0.0745026916891678,-0.003275514129985,0.0745026916891678,-0.003275514129985,-0.329222910330858,0.00363835765480458
1.40143605554534,0.282740603297178,-0.0234401581404409,0.0745075067072184,-0.00330437573164652,0.0745075067072184,-0.00330437573164652,-0.329276478978712,0.0037025350377437
1.4111552225866,0.282726199482855,-0.0236143071890776,0.0745123046798228,-0.00333350372271763,0.0745123046798228,-0.00333350372271763,-0.329330294139944,0.00376764816409772
1.42094179349378,0.282711402416288,-0.023789715571969,0.0745170842665836,-0.00336290009414716,0.0745170842665836,-0.00336290009414716,-0.329384351529036,0.00383370647720635
1.43079623572268,0.282696205305957,-0.023966390197185,0.0745218441047244,-0.00339256683696583,0.0745218441047244,-0.00339256683696583,-0.329438646743435,0.00390071942365824
1.440719019971,0.282680601293524,-0.0241443379699745,0.0745265828090522,-0.0034225059420108,0.0745265828090522,-0.00342250594201081,-0.329493175263272,0.00396869645127282
1.45071062020079,0.282664583453791,-0.0243235657925351,0.074531298971926,-0.00345271939965024,0.074531298971926,-0.00345271939965023,-0.329547932451147,0.00403764700706832
1.46077151366109,0.282648144794661,-0.0245040805637962,0.0745359911632306,-0.00348320919950791,0.0745359911632306,-0.00348320919950792,-0.329602913551953,0.00410758053521679
1.47090218091073,0.282631278257089,-0.0246858891792169,0.0745406579303563,-0.00351397733018826,0.0745406579303563,-0.00351397733018827,-0.329658113692758,0.00417850647498763
1.48110310584131,0.28261397671503,-0.0248689985305971,0.0745452977981843,-0.00354502577900189,0.0745452977981843,-0.0035450257790019,-0.329713527882733,0.00425043425868127
1.49137477570027,0.282596232975379,-0.0250534155059042,0.0745499092690771,-0.00357635653169179,0.0745499092690771,-0.0035763565316918,-0.329769151013139,0.00432337330955465
1.50171768111418,0.2825780397779,-0.0252391469891121,0.0745544908228749,-0.00360797157216043,0.0745544908228749,-0.00360797157216044,-0.329824977857367,0.00439733303973924
1.5121323161122,0.282559389795153,-0.0254261998600556,0.0745590409168975,-0.00363987288219793,0.0745590409168975,-0.00363987288219793,-0.329881003071026,0.00447232284815482
1.52261917814963,0.282540275632402,-0.0256145809942977,0.0745635579859517,-0.00367206244121144,0.0745635579859517,-0.00367206244121144,-0.329937221192092,0.00454835211841878
1.53317876813171,0.282520689827522,-0.0258042972630112,0.0745680404423435,-0.00370454222595604,0.0745680404423436,-0.00370454222595604,-0.329993626641107,0.00462543021675418
1.54381159043753,0.282500624850889,-0.0259953555328733,0.0745724866758968,-0.00373731421026714,0.0745724866758968,-0.00373731421026714,-0.33005021372144,0.00470356648989684
1.55451815294413,0.282480073105261,-0.0261877626659739,0.0745768950539762,-0.00377038036479476,0.0745768950539762,-0.00377038036479477,-0.330106976619594,0.00478277026300467
1.56529896705074,0.282459026925643,-0.0263815255197368,0.0745812639215157,-0.00380374265673978,0.0745812639215157,-0.00380374265673978,-0.330163909405576,0.00486305083756985
1.57615454770323,0.282437478579142,-0.0265766509468534,0.0745855916010526,-0.00383740304959227,0.0745855916010526,-0.00383740304959226,-0.330221006033321,0.00494441748933588
1.58708541341869,0.282415420264803,-0.026773145795229,0.0745898763927663,-0.00387136350287226,0.0745898763927663,-0.00387136350287226,-0.330278260341174,0.00502687946622171
1.5980920863102,0.282392844113436,-0.0269710169079412,0.0745941165745219,-0.00390562597187296,0.0745941165745219,-0.00390562597187296,-0.330335666052421,0.00511044598625401
1.60917509211179,0.282369742187422,-0.0271702711232103,0.074598310401919,-0.00394019240740669,0.074598310401919,-0.00394019240740669,-0.330393216775886,0.00519512623551022
1.62033496020352,0.2823461064805,-0.02737091527438,0.074602456108345,-0.00397506475555362,0.074602456108345,-0.00397506475555362,-0.330450906006579,0.00528092936607352
1.63157222363676,0.282321928917546,-0.0275729561899103,0.0746065519050334,-0.0040102449574136,0.0746065519050335,-0.00401024495741361,-0.330508727126399,0.00536786449400198
1.64288741915971,0.28229720135432,-0.0277764006933792,0.0746105959811266,-0.00404573494886115,0.0746105959811266,-0.00404573494886115,-0.330566673404898,0.00545594069731337
1.65428108724297,0.282271915577206,-0.0279812556034956,0.0746145865037423,-0.00408153666030377,0.0746145865037423,-0.00408153666030377,-0.330624738000093,0.00554516701398791
1.6657537721054,0.282246063302923,-0.0281875277341206,0.0746185216180457,-0.0041176520164438,0.0746185216180457,-0.0041176520164438,-0.330682913959342,0.00563555243999053
1.67730602174008,0.282219636178221,-0.0283952238942976,0.0746223994473246,-0.00415408293604396,0.0746223994473246,-0.00415408293604396,-0.330741194220268,0.00572710592731462
1.68893838794052,0.282192625779551,-0.0286043508882907,0.0746262180930692,-0.00419083133169665,0.0746262180930692,-0.00419083133169666,-0.330799571611743,0.00581983638204883
1.70065142632699,0.282165023612717,-0.0288149155156309,0.074629975635055,-0.00422789910959725,0.074629975635055,-0.00422789910959726,-0.330858038854921,0.0059137526624691
1.71244569637308,0.2821368211125,-0.0290269245711675,0.0746336701314306,-0.00426528816932155,0.0746336701314306,-0.00426528816932155,-0.330916588564328,0.00600886357715805
1.72432176143241,0.282108009642262,-0.0292403848451273,0.0746372996188078,-0.00430300040360728,0.0746372996188078,-0.00430300040360728,-0.330975213249005,0.00610517788315237
1.73628018876552,0.282078580493523,-0.0294553031231781,0.0746408621123559,-0.00434103769814025,0.0746408621123559,-0.00434103769814026,-0.331033905313701,0.00620270428412187
1.74832154956701,0.282048524885515,-0.029671686186497,0.0746443556058987,-0.00437940193134476,0.0746443556058987,-0.00437940193134477,-0.331092657060118,0.00630145142857977
1.7604464189928,0.282017833964711,-0.029889540811842,0.0746477780720149,-0.00441809497417875,0.0746477780720149,-0.00441809497417875,-0.331151460688207,0.0064014279081285
1.77265537618758,0.281986498804322,-0.0301088737716271,0.074651127462141,-0.00445711868993361,0.074651127462141,-0.00445711868993361,-0.331210308297516,0.00650264225574015
1.78494900431252,0.28195451040377,-0.0303296918339991,0.074654401706677,-0.00449647493403892,0.074654401706677,-0.00449647493403892,-0.331269191888581,0.00660510294407612
1.79732789057308,0.281921859688142,-0.0305520017629149,0.0746575987150945,-0.00453616555387201,0.0746575987150945,-0.00453616555387201,-0.331328103364369,0.0067088183838446
1.80979262624709,0.281888537507596,-0.0307758103182203,0.074660716376047,-0.00457619238857266,0.074660716376047,-0.00457619238857266,-0.331387034531767,0.00681379692220069
1.82234380671297,0.28185453463676,-0.0310011242557271,0.0746637525574821,-0.00461655726886284,0.0746637525574821,-0.00461655726886285,-0.331445977103115,0.00692004684118813
1.83498203147818,0.281819841774087,-0.0312279503272883,0.0746667051067559,-0.00465726201687171,0.074666705106756,-0.00465726201687172,-0.331504922697784,0.00702757635622656
1.84770790420785,0.281784449541185,-0.0314562952808717,0.0746695718507486,-0.00469830844596586,0.0746695718507487,-0.00469830844596586,-0.331563862843796,0.00713639361464358
1.86052203275364,0.281748348482122,-0.0316861658606285,0.0746723505959815,-0.00473969836058485,0.0746723505959816,-0.00473969836058485,-0.331622788979486,0.00724650669425553
1.87342502918271,0.281711529062687,-0.0319175688069582,0.0746750391287355,-0.00478143355608227,0.0746750391287355,-0.00478143355608228,-0.331681692455205,0.00735792360199658
1.88641750980704,0.281673981669635,-0.0321505108565673,0.0746776352151697,-0.00482351581857213,0.0746776352151697,-0.00482351581857213,-0.331740564535057,0.00747065227259858
1.89950009521279,0.281635696609894,-0.0323849987425202,0.0746801366014422,-0.0048659469247807,0.0746801366014422,-0.0048659469247807,-0.331799396398681,0.00758470056732274
1.91267341029,0.281596664109737,-0.0326210391942842,0.0746825410138295,-0.0049087286419041,0.0746825410138295,-0.00490872864190411,-0.33185817914306,0.00770007627274547
1.92593808426241,0.281556874313928,-0.0328586389377635,0.0746848461588474,-0.00495186272747112,0.0746848461588475,-0.00495186272747112,-0.331916903784369,0.00781678709959707
1.93929475071751,0.281516317284834,-0.0330978046953236,0.0746870497233717,-0.00499535092921186,0.0746870497233717,-0.00499535092921186,-0.331975561259853,0.00793484068165828
1.95274404763682,0.2814749830015,-0.0333385431858048,0.074689149374758,-0.00503919498493173,0.074689149374758,-0.00503919498493173,-0.332034142429735,0.0080542445747126
1.96628661742637,0.281432861358703,-0.0335808611245222,0.0746911427609615,-0.00508339662239127,0.0746911427609615,-0.00508339662239127,-0.332092638079153,0.00817500625555764
1.97992310694735,0.281389942165959,-0.0338247652232532,0.0746930275106565,-0.00512795755919124,0.0746930275106565,-0.00512795755919124,-0.332151038920125,0.00829713312107511
1.99365416754703,0.281346215146506,-0.0340702621902089,0.0746948012333536,-0.00517287950266343,0.0746948012333536,-0.00517287950266343,-0.332209335593535,0.00842063248736205
2.00748045508988,0.281301669936251,-0.0343173587299902,0.0746964615195172,-0.00521816414976694,0.0746964615195172,-0.00521816414976694,-0.332267518671146,0.00854551158892239
2.0214026299889,0.281256296082689,-0.0345660615435262,0.07469800594068,-0.00526381318698989,0.07469800594068,-0.00526381318698989,-0.332325578657632,0.00867177757792167
2.03542135723711,0.28121008304378,-0.0348163773279946,0.0746994320495572,-0.00530982829025662,0.0746994320495572,-0.00530982829025663,-0.332383505992624,0.00879943752350415
2.0495373064394,0.281163020186799,-0.0350683127767212,0.0747007373801575,-0.00535621112484017,0.0747007373801575,-0.00535621112484016,-0.332441291052785,0.00892849841117424
2.06375115184445,0.281115096787156,-0.0353218745790601,0.0747019194478927,-0.00540296334528011,0.0747019194478927,-0.00540296334528011,-0.332498924153885,0.009058967142242
2.07806357237695,0.281066302027171,-0.0355770694202503,0.0747029757496846,-0.00545008659530564,0.0747029757496846,-0.00545008659530564,-0.332556395552899,0.00919085053333396
2.09247525167004,0.281016624994835,-0.0358339039812494,0.0747039037640688,-0.00549758250776372,0.0747039037640688,-0.00549758250776373,-0.332613695450109,0.00932415531596978
2.10698687809795,0.280966054682518,-0.0360923849385426,0.0747047009512961,-0.00554545270455236,0.0747047009512961,-0.00554545270455237,-0.332670813991221,0.00945888813620482
2.12159914480891,0.280914579985662,-0.0363525189639257,0.0747053647534305,-0.00559369879655873,0.0747053647534305,-0.00559369879655874,-0.332727741269481,0.00959505555433918
2.1363127497582,0.28086218970143,-0.0366143127242609,0.0747058925944437,-0.00564232238360225,0.0747058925944437,-0.00564232238360226,-0.332784467327799,0.00973266404469392
2.15112839574156,0.280808872527331,-0.0368777728812046,0.0747062818803056,-0.00569132505438227,0.0747062818803057,-0.00569132505438227,-0.332840982160872,0.00987171999545416
2.1660467904287,0.280754617059806,-0.0371429060909044,0.074706529999072,-0.00574070838643037,0.0747065299990721,-0.00574070838643037,-0.332897275717311,0.0100122297085796
2.18106864639712,0.280699411792795,-0.037409719003667,0.0747066343209668,-0.00579047394606712,0.0747066343209668,-0.00579047394606712,-0.332953337901759,0.0101541993997819
2.19619468116618,0.280643245116255,-0.0376782182635919,0.0747065921984607,-0.0058406232883631,0.0747065921984607,-0.0058406232883631,-0.33300915857701,0.0102976351985706
2.21142561723131,0.280586105314669,-0.0379484105081737,0.074706400966345,-0.00589115795710408,0.074706400966345,-0.00589115795710409,-0.333064727566115,0.0104425431483648
2.22676218209858,0.280527980565506,-0.0382203023678684,0.074706057941801,-0.00594207948476014,0.074706057941801,-0.00594207948476014,-0.333120034654484,0.0105889292066731
2.24220510831939,0.280468858937664,-0.0384939004656247,0.0747055604244638,-0.00599338939245859,0.0747055604244639,-0.00599338939245859,-0.333175069591971,0.0107367992453403
2.25775513352553,0.28040872838988,-0.0387692114163778,0.0747049056964815,-0.0060450891899605,0.0747049056964816,-0.0060450891899605,-0.333229822094949,0.0108861590508602
2.27341300046436,0.280347576769112,-0.0390462418265056,0.0747040910225684,-0.0060971803756407,0.0747040910225684,-0.0060971803756407,-0.333284281848368,0.0110370143247556
2.28917945703428,0.280285391808892,-0.039324998293245,0.0747031136500527,-0.00614966443647086,0.0747031136500527,-0.00614966443647087,-0.333338438507793,0.011189370684023
2.30505525632052,0.280222161127656,-0.0396054874040678,0.0747019708089194,-0.00620254284800577,0.0747019708089194,-0.00620254284800577,-0.333392281701421,0.0113432336616435
2.32104115663104,0.280157872227041,-0.0398877157360151,0.0747006597118454,-0.00625581707437223,0.0747006597118454,-0.00625581707437223,-0.33344580103208,0.0114986087071575
2.33713792153279,0.280092512490165,-0.0401716898549887,0.0746991775542303,-0.00630948856826064,0.0746991775542303,-0.00630948856826064,-0.333498986079194,0.0116555011873046
2.35334631988814,0.280026069179873,-0.0404574163149983,0.0746975215142193,-0.00636355877091884,0.0746975215142193,-0.00636355877091884,-0.333551826400733,0.0118139163867251
2.36966712589169,0.279958529436968,-0.0407449016573641,0.0746956887527207,-0.00641802911214816,0.0746956887527207,-0.00641802911214816,-0.333604311535124,0.0119738595087251
2.38610111910714,0.27988988027841,-0.0410341524098727,0.0746936764134165,-0.00647290101030119,0.0746936764134165,-0.0064729010103012,-0.333656431003133,0.0121353356761029
2.40264908450462,0.279820108595497,-0.0413251750858857,0.0746914816227656,-0.0065281758722813,0.0746914816227656,-0.00652817587228131,-0.333708174309715,0.0122983499320356
2.41931181249812,0.279749201152025,-0.0416179761834007,0.074689101490001,-0.00658385509354341,0.074689101490001,-0.00658385509354341,-0.333759530945834,0.012462907241025
2.43609009898327,0.279677144582425,-0.0419125621840613,0.074686533107119,-0.00663994005809582,0.074686533107119,-0.00663994005809582,-0.33381049039023,0.0126290124899024
2.45298474537537,0.279603925389882,-0.0422089395521188,0.0746837735488622,-0.00669643213850301,0.0746837735488622,-0.00669643213850302,-0.333861042111167,0.0127966704888902
2.46999655864764,0.279529529944431,-0.0425071147333399,0.074680819872694,-0.00675333269588885,0.0746808198726941,-0.00675333269588884,-0.333911175568125,0.0129658859727196
2.48712635136979,0.27945394448104,-0.0428070941538642,0.074677669118767,-0.00681064307994004,0.074677669118767,-0.00681064307994004,-0.333960880213453,0.0131366636018031
2.50437494174681,0.279377155097675,-0.0431088842190069,0.0746743183098826,-0.00686836462890969,0.0746743183098826,-0.0068683646289097,-0.334010145493981,0.0133090079634594
2.52174315365806,0.279299147753342,-0.0434124913120069,0.0746707644514438,-0.00692649866962037,0.0746707644514438,-0.00692649866962038,-0.334058960852585,0.0134829235731915
2.53923181669665,0.279219908266128,-0.0437179217927209,0.0746670045314003,-0.00698504651746677,0.0746670045314003,-0.00698504651746677,-0.334107315729693,0.0136584148760139
2.55684176620901,0.279139422311212,-0.0440251819962592,0.0746630355201854,-0.00704400947641721,0.0746630355201854,-0.00704400947641721,-0.334155199564761,0.0138354862478295
2.57457384333485,0.279057675418875,-0.0443342782315663,0.0746588543706452,-0.00710338883901421,0.0746588543706452,-0.00710338883901422,-0.334202601797677,0.0140141419968538
2.59242889504728,0.278974652972492,-0.0446452167799417,0.0746544580179603,-0.00716318588637331,0.0746544580179603,-0.0071631858863733,-0.334249511870129,0.0141943863650834
2.61040777419332,0.278890340206517,-0.0449580038935031,0.0746498433795592,-0.00722340188818011,0.0746498433795592,-0.00722340188818011,-0.334295919226907,0.0143762235298102
2.6285113395346,0.278804722204453,-0.0452726457935886,0.0746450073550235,-0.00728403810268531,0.0746450073550235,-0.00728403810268531,-0.334341813317154,0.0145596576051772
2.64674045578839,0.278717783896824,-0.0455891486690989,0.0746399468259861,-0.00734509577669708,0.0746399468259862,-0.00734509577669709,-0.334387183595559,0.0147446926437738
2.6650959936689,0.278629510059124,-0.0459075186747786,0.0746346586560203,-0.0074065761455709,0.0746346586560203,-0.00740657614557091,-0.334432019523495,0.0149313326382711
2.68357882992886,0.278539885309778,-0.0462277619294338,0.0746291396905213,-0.007468480433196,0.0746291396905214,-0.007468480433196,-0.334476310570089,0.0151195815230932
2.70218984740145,0.278448894108083,-0.0465498845140884,0.0746233867565803,-0.00753080985197868,0.0746233867565803,-0.00753080985197868,-0.334520046213241,0.015309443176124
2.72092993504239,0.278356520752153,-0.0468738924700751,0.0746173966628495,-0.00759356560282172,0.0746173966628496,-0.00759356560282173,-0.334563215940575,0.0155009214204462
2.73979998797246,0.278262749376862,-0.0471997917970636,0.0746111661994002,-0.00765674887509978,0.0746111661994002,-0.00765674887509979,-0.334605809250325,0.0156940200261118
2.75880090752022,0.278167563951785,-0.0475275884510223,0.0746046921375721,-0.0077203608466304,0.0746046921375721,-0.00772036084663041,-0.334647815652165,0.0158887427119422
2.77793360126509,0.278070948279135,-0.0478572883421149,0.0745979712298159,-0.00778440268364033,0.0745979712298159,-0.00778440268364032,-0.33468922466797,0.0160850931473545
2.79719898308069,0.277972885991708,-0.0481888973325306,0.0745910002095266,-0.00784887554072674,0.0745910002095266,-0.00784887554072673,-0.334730025832505,0.0162830749542134
2.81659797317847,0.277873360550826,-0.0485224212342466,0.0745837757908702,-0.0079137805608132,0.0745837757908702,-0.00791378056081321,-0.334770208694059,0.0164826917087063
2.83613149815172,0.27777235524429,-0.0488578658067238,0.0745762946686025,-0.00797911887509985,0.0745762946686025,-0.00797911887509985,-0.334809762815007,0.0166839469432387
2.85580049101974,0.27766985318433,-0.0491952367545337,0.0745685535178801,-0.00804489160300762,0.0745685535178801,-0.00804489160300762,-0.334848677772299,0.0168868441483497
2.87560589127251,0.277565837305568,-0.049534539724916,0.0745605489940638,-0.00811109985211617,0.0745605489940638,-0.00811109985211617,-0.334886943157888,0.0170913867746431
2.89554864491548,0.277460290362992,-0.0498757803052679,0.0745522777325152,-0.00817774471809505,0.0745522777325153,-0.00817774471809505,-0.334924548579087,0.0172975782347343
2.91562970451479,0.277353194929929,-0.0502189640205626,0.0745437363483856,-0.00824482728462804,0.0745437363483857,-0.00824482728462804,-0.334961483658857,0.0175054219052094
2.93585002924278,0.277244533396041,-0.0505640963306977,0.0745349214363979,-0.00831234862333013,0.0745349214363979,-0.00831234862333013,-0.33499773803602,0.0177149211285948
2.95621058492378,0.277134287965327,-0.0509111826277724,0.0745258295706212,-0.00838030979365691,0.0745258295706212,-0.00838030979365691,-0.335033301365413,0.0179260792153363
2.97671234408028,0.277022440654139,-0.0512602282332936,0.0745164573042394,-0.00844871184280602,0.0745164573042395,-0.00844871184280603,-0.335068163317961,0.0181388994457829
2.99735628597932,0.276908973289213,-0.05161123839531,0.0745068011693124,-0.00851755580561047,0.0745068011693124,-0.00851755580561048,-0.335102313580687,0.0183533850721768
3.01814339667932,0.276793867505724,-0.051964218285474,0.0744968576765307,-0.00858684270442335,0.0744968576765307,-0.00858684270442336,-0.335135741856649,0.0185695393206446
3.03907466907719,0.276677104745348,-0.0523191729960304,0.0744866233149641,-0.00865657354899374,0.0744866233149641,-0.00865657354899374,-0.335168437864804,0.0187873653931883
3.06015110295567,0.276558666254353,-0.052676107536733,0.0744760945518043,-0.00872674933633348,0.0744760945518043,-0.00872674933633349,-0.335200391339808,0.019006866469676
3.08137370503119,0.276438533081706,-0.0530350268316866,0.0744652678321009,-0.0087973710505746,0.0744652678321009,-0.0087973710505746,-0.335231592031739,0.0192280457098272
3.10274348900188,0.276316686077206,-0.0533959357161159,0.0744541395784925,-0.00886843966281687,0.0744541395784925,-0.00886843966281687,-0.335262029705753,0.0194509062551927
3.12426147559604,0.276193105889639,-0.0537588389330602,0.0744427061909314,-0.00893995613096555,0.0744427061909314,-0.00893995613096555,-0.335291694141674,0.0196754512311269
3.14592869262085,0.276067772964961,-0.0541237411299928,0.0744309640464036,-0.00901192139955866,0.0744309640464036,-0.00901192139955867,-0.335320575133505,0.019901683748749
3.16774617501149,0.275940667544504,-0.0544906468553669,0.0744189094986435,-0.0090843363995839,0.0744189094986436,-0.00908433639958389,-0.335348662488879,0.020129606906894
3.18971496488059,0.275811769663221,-0.0548595605550853,0.0744065388778438,-0.00915720204828451,0.0744065388778438,-0.00915720204828451,-0.335375946028435,0.0203592237940483
3.21183611156796,0.275681059147948,-0.0552304865688951,0.0743938484903602,-0.00923051924895421,0.0743938484903602,-0.00923051924895421,-0.335402415585127,0.0205905374902698
3.23411067169074,0.275548515615709,-0.0556034291267072,0.0743808346184132,-0.00930428889072072,0.0743808346184132,-0.00930428889072072,-0.335428061003469,0.0208235510690908
3.25653970919388,0.275414118472051,-0.0559783923448393,0.0743674935197841,-0.00937851184831761,0.0743674935197841,-0.00937851184831761,-0.335452872138707,0.0210582675994013
3.27912429540095,0.275277846909412,-0.0563553802221834,0.074353821427508,-0.00945318898184435,0.0743538214275081,-0.00945318898184434,-0.335476838855926,0.0212946901473095
3.30186550906528,0.27513967990553,-0.0567343966362965,0.0743398145495639,-0.00952832113651419,0.0743398145495639,-0.0095283211365142,-0.335499951029093,0.021532821777981
3.32476443642155,0.27499959622189,-0.057115445339416,0.0743254690685598,-0.00960390914238978,0.0743254690685598,-0.00960390914238977,-0.335522198540031,0.0217726655574514
3.3478221712376,0.27485757440221,-0.0574985299543966,0.0743107811414168,-0.00967995381410603,0.0743107811414168,-0.00967995381410603,-0.33554357127733,0.0220142245544131
3.37103981486675,0.274713592770968,-0.0578836539705727,0.0742957468990492,-0.00975645595058037,0.0742957468990492,-0.00975645595058038,-0.335564059135197,0.0222575018419725
3.39441847630035,0.274567629431977,-0.0582708207395422,0.0742803624460426,-0.00983341633470976,0.0742803624460426,-0.00983341633470976,-0.335583652012235,0.0225025004993778
3.41795927222076,0.274419662267003,-0.0586600334708747,0.0742646238603301,-0.00991083573305465,0.0742646238603301,-0.00991083573305466,-0.335602339810169,0.0227492236137151
3.44166332705473,0.274269668934429,-0.0590512952277413,0.074248527192867,-0.00998871489550935,0.074248527192867,-0.00998871489550935,-0.335620112432502,0.0229976742815698
3.46553177302703,0.274117626867968,-0.0594446089224687,0.0742320684673031,-0.0100670545549587,0.0742320684673031,-0.0100670545549588,-0.335636959783118,0.0232478556106541
3.48956575021462,0.273963513275434,-0.0598399773120154,0.0742152436796556,-0.0101458554269213,0.0742152436796556,-0.0101458554269213,-0.33565287176482,0.0234997707213974
3.51376640660105,0.273807305137555,-0.0602374029933708,0.0741980487979794,-0.010225118209178,0.0741980487979794,-0.010225118209178,-0.335667838277813,0.0237534227484989
3.53813489813128,0.273648979206845,-0.0606368883988772,0.0741804797620386,-0.0103048435813866,0.0741804797620386,-0.0103048435813866,-0.335681849218127,0.0240088148424398
3.56267238876697,0.273488512006538,-0.0610384357914751,0.0741625324829772,-0.0103850322046825,0.0741625324829772,-0.0103850322046825,-0.335694894475983,0.0242659501709554
3.58738005054197,0.273325879829568,-0.0614420472598709,0.0741442028429901,-0.0104656847212642,0.0741442028429901,-0.0104656847212642,-0.33570696393411,0.0245248319204645
3.61225906361841,0.273161058737623,-0.0618477247136274,0.0741254866949953,-0.0105468017539642,0.0741254866949953,-0.0105468017539642,-0.335718047465996,0.0247854632974544
3.63731061634298,0.272994024560247,-0.0622554698781783,0.0741063798623066,-0.0106283839058054,0.0741063798623066,-0.0106283839058054,-0.335728134934101,0.0250478475298226
3.66253590530377,0.272824752894021,-0.062665284289765,0.0740868781383084,-0.0107104317595423,0.0740868781383084,-0.0107104317595423,-0.335737216188004,0.0253119878681698
3.68793613538733,0.272653219101792,-0.0630771692902968,0.0740669772861317,-0.0107929458771869,0.0740669772861317,-0.0107929458771869,-0.335745281062505,0.0255778875870473
3.71351251983634,0.27247939831199,-0.0634911260221352,0.0740466730383326,-0.0108759267995198,0.0740466730383326,-0.0108759267995198,-0.335752319375682,0.0258455499861546
3.73926628030746,0.272303265417995,-0.0639071554228014,0.0740259610965737,-0.0109593750455853,0.0740259610965737,-0.0109593750455853,-0.335758320926892,0.0261149783914882
3.76519864692972,0.272124795077595,-0.0643252582196071,0.0740048371313078,-0.0110432911121716,0.0740048371313078,-0.0110432911121716,-0.335763275494729,0.0263861761564376
3.7913108583633,0.271943961712499,-0.0647454349242111,0.0739832967814661,-0.0111276754732755,0.0739832967814661,-0.0111276754732755,-0.335767172834934,0.0266591466628315
3.81760416185865,0.271760739507941,-0.0651676858270982,0.0739613356541488,-0.0112125285795505,0.0739613356541488,-0.0112125285795506,-0.335770002678263,0.0269338933219291
3.84407981331609,0.271575102412355,-0.0655920109919844,0.0739389493243214,-0.0112978508577405,0.0739389493243214,-0.0112978508577405,-0.335771754728309,0.0272104195753586
3.87073907734582,0.271387024137133,-0.0660184102501464,0.0739161333345144,-0.0113836427100962,0.0739161333345144,-0.0113836427100962,-0.335772418659285,0.0274887288959998
3.89758322732826,0.271196478156462,-0.0664468831946767,0.0738928831945289,-0.0114699045137773,0.0738928831945289,-0.0114699045137773,-0.335771984113762,0.027768824788811
3.92461354547494,0.271003437707248,-0.0668774291746642,0.0738691943811475,-0.0115566366202371,0.0738691943811476,-0.0115566366202371,-0.33577044070037,0.0280507107916
3.95183132288971,0.27080787578913,-0.0673100472893013,0.0738450623378508,-0.0116438393545921,0.0738450623378508,-0.0116438393545921,-0.33576777799146,0.028334390475736
3.97923785963041,0.270609765164575,-0.0677447363819177,0.0738204824745403,-0.0117315130149755,0.0738204824745403,-0.0117315130149755,-0.335763985520732,0.0286198674468043
4.00683446477099,0.270409078359071,-0.0681814950339414,0.0737954501672687,-0.0118196578718741,0.0737954501672687,-0.0118196578718741,-0.335759052780822,0.028907145345201
4.03462245646401,0.270205787661414,-0.0686203215587869,0.0737699607579766,-0.0119082741674497,0.0737699607579766,-0.0119082741674497,-0.33575296922086,0.0291962278466685
4.06260316200361,0.269999865124085,-0.0690612139956725,0.0737440095542373,-0.0119973621148439,0.0737440095542373,-0.0119973621148439,-0.335745724243988,0.0294871186627693
4.09077791788892,0.269791282563731,-0.0695041701033659,0.0737175918290096,-0.0120869218974671,0.0737175918290096,-0.0120869218974671,-0.335737307204856,0.0297798215413001
4.11914806988789,0.269580011561743,-0.0699491873538605,0.0736907028203993,-0.0121769536682715,0.0736907028203993,-0.0121769536682716,-0.335727707407079,0.0300743402666423
4.14771497310157,0.269366023464941,-0.0703962629259799,0.0736633377314294,-0.0122674575490078,0.0736633377314294,-0.0122674575490078,-0.335716914100667,0.0303706786600509
4.17647999202884,0.269149289386362,-0.0708453936989161,0.07363549172982,-0.0123584336294653,0.07363549172982,-0.0123584336294653,-0.335704916479431,0.0306688405798805
4.20544450063156,0.268929780206155,-0.0712965762456976,0.073607159947778,-0.0124498819666973,0.073607159947778,-0.0124498819666973,-0.33569170367836,0.0309688299217472
4.23460988240025,0.268707466572588,-0.0717498068265914,0.0735783374817974,-0.0125418025842293,0.0735783374817974,-0.0125418025842293,-0.335677264770968,0.0312706506186259
4.26397753042013,0.268482318903172,-0.0722050813824382,0.07354901939247,-0.0126341954712517,0.0735490193924701,-0.0126341954712517,-0.335661588766623,0.0315743066408841
4.29354884743766,0.268254307385889,-0.0726623955279223,0.0735192007043081,-0.0127270605817965,0.0735192007043082,-0.0127270605817965,-0.335644664607856,0.0318798019962499
4.32332524592758,0.268023401980555,-0.0731217445447771,0.0734888764055781,-0.0128203978338988,0.0734888764055782,-0.0128203978338988,-0.335626481167635,0.0321871407297145
4.35330814816033,0.267789572420289,-0.0735831233749279,0.073458041448147,-0.0129142071087413,0.073458041448147,-0.0129142071087413,-0.335607027246638,0.0324963269233688
4.38349898627002,0.267552788213112,-0.0740465266135718,0.0734266907473415,-0.0130084882497844,0.0734266907473415,-0.0130084882497844,-0.335586291570487,0.0328073646961736
4.41389920232282,0.267313018643674,-0.0745119485021973,0.0733948191818201,-0.0131032410618804,0.0733948191818201,-0.0131032410618804,-0.335564262786981,0.0331202582036638
4.44451024838583,0.267070232775104,-0.0749793829215439,0.0733624215934592,-0.0131984653103717,0.0733624215934592,-0.0131984653103717,-0.335540929463301,0.0334350116375838
4.47533358659646,0.266824399450998,-0.0754488233845039,0.0733294927872528,-0.0132941607201747,0.0733294927872528,-0.0132941607201747,-0.335516280083209,0.0337516292254583
4.50637068923228,0.266575487297537,-0.0759202630289664,0.0732960275312277,-0.0133903269748475,0.0732960275312277,-0.0133903269748475,-0.335490303044221,0.034070115230092
4.53762303878129,0.266323464725743,-0.076393694610607,0.0732620205563727,-0.0134869637156434,0.0732620205563727,-0.0134869637156435,-0.33546298665478,0.0343904739490049
4.56909212801278,0.266068299933878,-0.076869110495623,0.0732274665565847,-0.0135840705405495,0.0732274665565847,-0.0135840705405495,-0.335434319131409,0.0347127097137964
4.60077946004862,0.265809960909977,-0.0773465026534157,0.0731923601886297,-0.0136816470033093,0.0731923601886297,-0.0136816470033093,-0.335404288595857,0.0350368268894427
4.63268654843505,0.265548415434541,-0.077825862649224,0.0731566960721211,-0.0137796926124332,0.0731566960721211,-0.0137796926124332,-0.33537288307223,0.0353628298735253
4.66481491721498,0.265283631083363,-0.0783071816367071,0.0731204687895148,-0.0138782068301921,0.0731204687895148,-0.0138782068301922,-0.335340090484126,0.0356907230953894
4.69716610100076,0.265015575230516,-0.0787904503504818,0.073083672886122,-0.0139771890715987,0.0730836728861221,-0.0139771890715987,-0.335305898651747,0.0360205110152346
4.72974164504755,0.264744215051493,-0.0792756590986139,0.0730463028701402,-0.0140766387033739,0.0730463028701402,-0.0140766387033739,-0.33527029528902,0.0363521981231355
4.76254310532705,0.264469517526499,-0.0797627977550672,0.0730083532127018,-0.0141765550429001,0.0730083532127018,-0.0141765550429001,-0.335233268000701,0.0366857889379927
4.79557204860185,0.264191449443907,-0.0802518557521114,0.0729698183479434,-0.0142769373571604,0.0729698183479434,-0.0142769373571604,-0.335194804279483,0.0370212880064148
4.82883005250031,0.263909977403882,-0.0807428220726913,0.072930692673093,-0.0143777848616654,0.072930692673093,-0.0143777848616654,-0.335154891503101,0.0373586999015291
4.86231870559183,0.263625067822161,-0.08123568524276,0.0728909705485781,-0.0144790967193663,0.0728909705485781,-0.0144790967193663,-0.33511351693143,0.0376980292217241
4.89603960746281,0.263336686934007,-0.0817304333235777,0.0728506462981545,-0.0145808720395555,0.0728506462981545,-0.0145808720395555,-0.335070667703588,0.0380392805893203
4.92999436879299,0.263044800798336,-0.0822270539039794,0.072809714209055,-0.0146831098767555,0.072809714209055,-0.0146831098767555,-0.335026330835037,0.0383824586491713
4.96418461143244,0.262749375302021,-0.0827255340926138,0.0727681685321611,-0.0147858092295946,0.0727681685321611,-0.0147858092295946,-0.334980493214688,0.0387275680671944
4.99861196847899,0.262450376164361,-0.0832258605101555,0.0727260034821954,-0.0148889690396714,0.0727260034821954,-0.0148889690396714,-0.334933141602007,0.0390746135288307
5.03327808435624,0.26214776894175,-0.0837280192814948,0.0726832132379372,-0.0149925881904082,0.0726832132379372,-0.0149925881904082,-0.334884262624125,0.0394235997374337
5.06818461489212,0.261841519032513,-0.0842319960279061,0.0726397919424609,-0.0150966655058926,0.072639791942461,-0.0150966655058926,-0.334833842772952,0.0397745314125881
5.10333322739797,0.261531591681942,-0.0847377758591994,0.0725957337033982,-0.0152011997497086,0.0725957337033982,-0.0152011997497086,-0.334781868402299,0.040127413288357
5.13872560074817,0.26121795198751,-0.0852453433658575,0.072551032593223,-0.0153061896237574,0.072551032593223,-0.0153061896237574,-0.334728325725009,0.0404822501114577
5.17436342546036,0.260900564904284,-0.0857546826111621,0.0725056826495626,-0.015411633767068,0.0725056826495626,-0.015411633767068,-0.334673200810089,0.0408390466393667
5.21024840377617,0.260579395250536,-0.0862657771233119,0.0724596778755323,-0.0155175307545987,0.0724596778755323,-0.0155175307545987,-0.334616479579856,0.0411978076383534
5.24638224974252,0.260254407713549,-0.0867786098875374,0.0724130122400963,-0.0156238790960283,0.0724130122400963,-0.0156238790960283,-0.334558147807095,0.0415585378814419
5.2827666892935,0.25992556685562,-0.087293163338214,0.0723656796784538,-0.0157306772345397,0.0723656796784539,-0.0157306772345397,-0.334498191112223,0.0419212421463013
5.31940346033281,0.259592837120278,-0.0878094193509787,0.0723176740924522,-0.0158379235455945,0.0723176740924523,-0.0158379235455945,-0.334436594960469,0.0422859252130646
5.35629431281677,0.2592561828387,-0.0883273592348546,0.0722689893510264,-0.0159456163356995,0.0722689893510264,-0.0159456163356995,-0.334373344659063,0.0426525918620748
5.39344100883792,0.258915568236344,-0.0888469637243844,0.0722196192906657,-0.0160537538411668,0.0722196192906657,-0.0160537538411668,-0.334308425354448,0.0430212468715604
5.43084532270915,0.258570957439786,-0.0893682129717811,0.0721695577159088,-0.0161623342268652,0.0721695577159089,-0.0161623342268652,-0.334241822029492,0.0433918950152374
5.4685090410485,0.258222314483782,-0.0898910865390967,0.0721187983998666,-0.0162713555849674,0.0721187983998666,-0.0162713555849674,-0.334173519500733,0.0437645410598397
5.50643396286443,0.257869603318543,-0.090415563390415,0.0720673350847734,-0.0163808159336889,0.0720673350847734,-0.0163808159336889,-0.334103502415631,0.0441391897625772
5.54462189964184,0.257512787817234,-0.0909416218840721,0.072015161482568,-0.0164907132160235,0.0720151614825681,-0.0164907132160235,-0.334031755249839,0.0445158458685212
5.58307467542852,0.257151831783691,-0.0914692397649108,0.0719622712755041,-0.0166010452984727,0.0719622712755041,-0.0166010452984727,-0.333958262304496,0.0448945141079163
5.6217941269223,0.256786698960372,-0.091998394156571,0.07190865811679,-0.0167118099697713,0.07190865811679,-0.0167118099697713,-0.333883007703542,0.0452751991934215
5.66078210355879,0.25641735303653,-0.0925290615538239,0.0718543156312596,-0.016823004939609,0.0718543156312596,-0.016823004939609,-0.333805975391046,0.0456579058172757
5.70004046759971,0.25604375765662,-0.0930612178149533,0.0717992374160742,-0.0169346278373494,0.0717992374160743,-0.0169346278373494,-0.333727149128568,0.0460426386483923
5.73957109422183,0.255665876428943,-0.0935948381541896,0.0717434170414551,-0.0170466762107461,0.0717434170414551,-0.0170466762107461,-0.333646512492532,0.046429402329379
5.77937587160657,0.255283672934516,-0.0941298971342014,0.0716868480514478,-0.0171591475246566,0.0716868480514478,-0.0171591475246566,-0.333564048871636,0.0468182014734851
5.81945670103016,0.254897110736192,-0.0946663686586516,0.0716295239647193,-0.0172720391597558,0.0716295239647194,-0.0172720391597558,-0.333479741464277,0.0472090406614745
5.85981549695445,0.254506153388008,-0.0952042259648219,0.0715714382753868,-0.0173853484112483,0.0715714382753869,-0.0173853484112483,-0.333393573276011,0.047601924438425
5.90045418711838,0.254110764444788,-0.0957434416163126,0.0715125844538796,-0.017499072487581,0.0715125844538796,-0.017499072487581,-0.33330552711703,0.0479968573104541
5.94137471263004,0.253710907471981,-0.0962839874958227,0.0714529559478343,-0.0176132085091567,0.0714529559478343,-0.0176132085091567,-0.333215585599684,0.04839384374137
5.9825790280594,0.253306546055745,-0.0968258347980178,0.0713925461830237,-0.0177277535070485,0.0713925461830237,-0.0177277535070485,-0.333123731136014,0.0487928881492484
6.02406910153166,0.252897643813285,-0.0973689540224901,0.0713313485643194,-0.0178427044217178,0.0713313485643194,-0.0178427044217178,-0.333029945935331,0.0491939949029352
6.06584691482126,0.252484164403434,-0.0979133149668185,0.071269356476689,-0.0179580581017337,0.071269356476689,-0.0179580581017337,-0.332934212001822,0.0495971683184738
6.10791446344653,0.252066071537491,-0.0984588867197343,0.0712065632862272,-0.0180738113024975,0.0712065632862272,-0.0180738113024975,-0.332836511132185,0.050002412655458
6.15027375676503,0.251643328990306,-0.0990056376543993,0.0711429623412228,-0.0181899606849709,0.0711429623412228,-0.0181899606849709,-0.332736824913306,0.0504097321133091
6.19292681806951,0.251215900611617,-0.0995535354218035,0.0710785469732602,-0.0183065028144102,0.0710785469732603,-0.0183065028144102,-0.332635134719969,0.0508191308274788
6.23587568468454,0.250783750337652,-0.100102546944289,0.0710133104983569,-0.018423434159106,0.0710133104983569,-0.018423434159106,-0.332531421712597,0.0512306128655752
6.27912240806387,0.250346842202974,-0.100652638409207,0.0709472462181357,-0.0185407510891303,0.0709472462181357,-0.0185407510891303,-0.332425666835043,0.0516441822234142
6.32266905388835,0.249905140352592,-0.101203775262716,0.0708803474210347,-0.0186584498750917,0.0708803474210347,-0.0186584498750917,-0.332317850812409,0.0520598428209942
6.36651770216467,0.249458609054321,-0.101755922203725,0.070812607383552,-0.0187765266868987,0.0708126073835521,-0.0187765266868987,-0.332207954148913,0.0524775984983949
6.41067044732463,0.24900721271141,-0.102309043177997,0.0707440193715276,-0.0188949775925329,0.0707440193715276,-0.0188949775925329,-0.332095957125794,0.0528974530116001
6.45512939832527,0.248550915875415,-0.102863101372412,0.0706745766414615,-0.0190137985568331,0.0706745766414616,-0.0190137985568331,-0.331981839799263,0.0533194100282433
6.49989667874954,0.248089683259341,-0.103418059209398,0.0706042724418697,-0.0191329854402903,0.0706042724418697,-0.0191329854402903,-0.331865581998498,0.053743473123277
6.54497442690774,0.247623479751039,-0.10397387834155,0.0705331000146756,-0.019252533997855,0.0705331000146756,-0.019252533997855,-0.331747163323683,0.0541696457745649
6.5903647959397,0.247152270426857,-0.104530519646422,0.0704610525966402,-0.0193724398777584,0.0704610525966402,-0.0193724398777584,-0.331626563144096,0.054597931358397
6.63606995391757,0.24667602056555,-0.105087943221527,0.0703881234208285,-0.0194926986203476,0.0703881234208285,-0.0194926986203476,-0.331503760596248,0.055028333144927
6.68209208394941,0.246194695662453,-0.10564610837953,0.0703143057181138,-0.0196133056569355,0.0703143057181138,-0.0196133056569355,-0.331378734582069,0.0554608542935331
6.72843338428345,0.245708261443902,-0.106204973643659,0.070239592718719,-0.0197342563086679,0.070239592718719,-0.0197342563086679,-0.331251463767148,0.0558954978481
6.77509606841313,0.245216683881913,-0.106764496743329,0.0701639776537962,-0.0198555457854074,0.0701639776537962,-0.0198555457854074,-0.331121926579023,0.0563322667322235
6.82208236518274,0.244719929209112,-0.107324634610004,0.0700874537570433,-0.0199771691846354,0.0700874537570433,-0.0199771691846354,-0.330990101205532,0.0567711637443373
6.86939451889399,0.244217963933926,-0.107885343373282,0.0700100142663578,-0.020099121490374,0.0700100142663578,-0.020099121490374,-0.330855965593213,0.057212191552761
6.91703478941313,0.243710754856009,-0.108446578357242,0.0699316524255293,-0.0202213975721276,0.0699316524255293,-0.0202213975721276,-0.330719497445772,0.0576553526906706
6.96500545227891,0.243198269081934,-0.109008294077035,0.0698523614859682,-0.0203439921838464,0.0698523614859682,-0.0203439921838464,-0.330580674222597,0.0581006495509894
7.0133087988113,0.242680474041113,-0.109570444235738,0.0697721347084728,-0.0204668999629126,0.0697721347084728,-0.0204668999629126,-0.330439473137349,0.0585480843812015
7.06194713622089,0.242157337501977,-0.110132981721489,0.0696909653650332,-0.0205901154291497,0.0696909653650332,-0.0205901154291497,-0.330295871156602,0.0589976592780856
7.11092278771915,0.241628827588383,-0.110695858604897,0.0696088467406726,-0.0207136329838567,0.0696088467406726,-0.0207136329838567,-0.330149844998559,0.0594493761823704
7.16023809262934,0.241094912796269,-0.111259026136745,0.0695257721353255,-0.0208374469088684,0.0695257721353255,-0.0208374469088684,-0.330001371131829,0.0599032368733114
7.20989540649828,0.240555562010534,-0.111822434745992,0.0694417348657528,-0.0209615513656428,0.0694417348657529,-0.0209615513656428,-0.329850425774272,0.0603592429631883
7.25989710120885,0.240010744522157,-0.112386034038092,0.069356728267494,-0.0210859403943754,0.069356728267494,-0.0210859403943754,-0.329696984891918,0.0608173958917237
7.31024556509332,0.239460430045536,-0.112949772793618,0.0692707456968545,-0.0212106079131445,0.0692707456968545,-0.0212106079131445,-0.329541024197957,0.0612776969204226
7.36094320304735,0.23890458873605,-0.113513598967231,0.0691837805329305,-0.0213355477170854,0.0691837805329305,-0.0213355477170854,-0.329382519151799,0.061740147126833
7.41199243664497,0.238343191207845,-0.114077459686973,0.0690958261796689,-0.0214607534775971,0.0690958261796689,-0.0214607534775971,-0.32922144495822,0.0622047473987281
7.46339570425412,0.237776208551822,-0.114641301253914,0.0690068760679624,-0.0215862187415808,0.0690068760679625,-0.0215862187415808,-0.329057776566576,0.0626714984282083
7.51515546115323,0.237203612353841,-0.11520506914216,0.0689169236577804,-0.0217119369307134,0.0689169236577804,-0.0217119369307135,-0.328891488670103,0.0631404007057261
7.56727417964842,0.236625374713126,-0.115768707999216,0.0688259624403335,-0.021837901340755,0.0688259624403335,-0.021837901340755,-0.3287225557053,0.0636114545140305
7.61975434919166,0.236041468260858,-0.116332161646734,0.0687339859402733,-0.0219641051408927,0.0687339859402733,-0.0219641051408927,-0.328550951851392,0.0640846599220344
7.67259847649959,0.235451866178969,-0.116895373081647,0.0686409877179251,-0.0220905413731229,0.0686409877179251,-0.0220905413731229,-0.328376651029886,0.0645600167786028
7.72580908567334,0.234856542219111,-0.11745828447769,0.0685469613715537,-0.0222172029516704,0.0685469613715537,-0.0222172029516704,-0.328199626904209,0.0650375247062628
7.77938871831903,0.234255470721804,-0.118020837187331,0.0684519005396623,-0.0223440826624487,0.0684519005396623,-0.0223440826624487,-0.328019852879446,0.0655171830948362
7.83333993366922,0.233648626635752,-0.118582971744116,0.0683557989033227,-0.0224711731625605,0.0683557989033227,-0.0224711731625605,-0.327837302102164,0.0659989910949942
7.8876653087051,0.233035985537322,-0.119144627865436,0.0682586501885376,-0.0225984669798404,0.0682586501885376,-0.0225984669798404,-0.327651947460337,0.0664829476117344
7.94236743827963,0.232417523650172,-0.119705744455721,0.0681604481686327,-0.0227259565124407,0.0681604481686327,-0.0227259565124407,-0.327463761583363,0.0669690512977816
7.99744893524145,0.231793217865029,-0.120266259610084,0.0680611866666791,-0.0228536340284619,0.0680611866666791,-0.0228536340284619,-0.327272716842193,0.0674573005469115
8.0529124305597,0.2311630457596,-0.12082611061841,0.067960859557945,-0.0229814916656287,0.067960859557945,-0.0229814916656287,-0.327078785349552,0.0679476934871992
8.10876057344967,0.230526985618607,-0.121385233969903,0.0678594607723754,-0.0231095214310124,0.0678594607723754,-0.0231095214310125,-0.326881938960275,0.0684402279741907
8.16499603149936,0.229885016453944,-0.121943565358107,0.0677569842970992,-0.0232377152008016,0.0677569842970992,-0.0232377152008016,-0.32668214927174,0.0689349015840007
8.22162149079689,0.229237118024941,-0.122501039686397,0.0676534241789636,-0.0233660647201212,0.0676534241789636,-0.0233660647201212,-0.32647938762443,0.069431711606336
8.27863965605879,0.228583270858718,-0.123057591073957,0.0675487745270929,-0.0234945616029025,0.067548774527093,-0.0234945616029025,-0.326273625102588,0.0699306550374443
8.33605325075921,0.227923456270638,-0.123613152862257,0.0674430295154736,-0.0236231973318037,0.0674430295154736,-0.0236231973318037,-0.326064832535005,0.0704317285729908
8.39386501726,0.227257656384819,-0.124167657622022,0.0673361833855614,-0.0237519632581829,0.0673361833855614,-0.0237519632581829,-0.325852980495921,0.0709349286008628
8.45207771694168,0.226585854154725,-0.124721037160719,0.0672282304489123,-0.0238808506021243,0.0672282304489123,-0.0238808506021243,-0.325638039306043,0.0714402511939018
8.51069413033537,0.225908033383798,-0.125273222530559,0.0671191650898343,-0.0240098504525195,0.0671191650898343,-0.0240098504525195,-0.325419979033701,0.0719476921025672
8.56971705725559,0.225224178746135,-0.12582414403702,0.06700898176806,-0.0241389537672033,0.06700898176806,-0.0241389537672033,-0.325198769496115,0.0724572467475283
8.62914931693396,0.224534275807193,-0.126373731247908,0.0668976750214379,-0.0242681513731467,0.0668976750214379,-0.0242681513731467,-0.324974380260808,0.07296891021219
8.68899374815392,0.223838311044501,-0.126921913002951,0.0667852394686423,-0.0243974339667069,0.0667852394686423,-0.0243974339667069,-0.324746780647141,0.07348267723515
8.74925320938629,0.223136271868382,-0.127468617423947,0.0666716698118992,-0.0245267921139361,0.0666716698118992,-0.0245267921139361,-0.324515939727996,0.0739985422025904
8.80993057892579,0.222428146642653,-0.128013771925456,0.0665569608397279,-0.0246562162509491,0.066556960839728,-0.0246562162509491,-0.324281826331582,0.0745164991406048
8.87102875502857,0.221713924705305,-0.128557303226055,0.0664411074296971,-0.024785696684352,0.0664411074296971,-0.024785696684352,-0.324044409043403,0.0750365417074614
8.93255065605059,0.220993596389137,-0.129099137360156,0.0663241045511926,-0.0249152235917312,0.0663241045511926,-0.0249152235917312,-0.323803656208358,0.0755586631858049
8.99449922058705,0.220267153042335,-0.129639199690396,0.0662059472681974,-0.0250447870222049,0.0662059472681974,-0.025044787022205,-0.323559535932993,0.0760828564747977
9.05687740761275,0.219534587048978,-0.130177414920596,0.0660866307420806,-0.0251743768970374,0.0660866307420807,-0.0251743768970374,-0.323312016087909,0.0766091140822023
9.11968819662343,0.218795891849458,-0.130713707109304,0.0659661502343953,-0.0253039830103165,0.0659661502343953,-0.0253039830103165,-0.32306106431032,0.0771374281164066
9.18293458777804,0.218051061960799,-0.131247999683924,0.0658445011096825,-0.0254335950296962,0.0658445011096825,-0.0254335950296962,-0.322806648006771,0.077667790278394
9.2466196020421,0.217300092996846,-0.131780215455426,0.0657216788382805,-0.0255632024972035,0.0657216788382805,-0.0255632024972035,-0.322548734356018,0.0782001918536604
9.31074628133199,0.216542981688337,-0.132310276633651,0.0655976789991383,-0.0256927948301112,0.0655976789991383,-0.0256927948301112,-0.322287290312075,0.0787346237040795
9.3753176886602,0.215779725902801,-0.13283810484321,0.0654724972826295,-0.0258223613218773,0.0654724972826295,-0.0258223613218773,-0.322022282607422,0.079271076259719
9.44033690828169,0.215010324664302,-0.133363621139981,0.0653461294933678,-0.0259518911431511,0.0653461294933678,-0.0259518911431511,-0.321753677756394,0.0798095395106098
9.50580704584117,0.214234778172988,-0.1338867460282,0.0652185715530202,-0.0260813733428469,0.0652185715530202,-0.0260813733428469,-0.321481442058735,0.0803500029984702
9.57173122852146,0.213453087824434,-0.134407399478157,0.0650898195031167,-0.0262107968492848,0.0650898195031167,-0.0262107968492848,-0.321205541603336,0.0808924558083883
9.63811260519287,0.212665256228769,-0.134925500944489,0.0649598695078554,-0.0263401504714016,0.0649598695078554,-0.0263401504714016,-0.320925942272154,0.0814368865604639
9.70495434656358,0.211871287229553,-0.135440969385085,0.0648287178569005,-0.0264694229000284,0.0648287178569005,-0.0264694229000284,-0.320642609744311,0.081983283401414
9.7722596453311,0.211071185922398,-0.135953723280573,0.0646963609681714,-0.0265986027092389,0.0646963609681715,-0.0265986027092389,-0.320355509500388,0.0825316339961437
9.84003171633479,0.210264958673312,-0.136463680654432,0.0645627953906214,-0.0267276783577663,0.0645627953906214,-0.0267276783577663,-0.320064606826902,0.0830819255192851
9.90827379670937,0.209452613136744,-0.136970759093686,0.0644280178070034,-0.0268566381904896,0.0644280178070034,-0.0268566381904896,-0.319769866820986,0.0836341446467082
9.97698914603959,0.208634158273308,-0.137474875770204,0.0642920250366217,-0.0269854704399905,0.0642920250366217,-0.0269854704399905,-0.31947125439526,0.0841882775470069
10.0461810465159,0.207809604367182,-0.137975947462595,0.0641548140380674,-0.0271141632281791,0.0641548140380674,-0.0271141632281791,-0.319168734282907,0.0847443098729617
10.1158528030912,0.206978963043136,-0.138473890578697,0.0640163819119347,-0.0272427045679905,0.0640163819119348,-0.0272427045679905,-0.318862271042954,0.0853022267529848
10.1860077436388,0.206142247283203,-0.138968621178651,0.0638767259035182,-0.0273710823651502,0.0638767259035182,-0.0273710823651502,-0.318551829065758,0.0858620127825496
10.2566492191112,0.20529947144294,-0.139460054998565,0.0637358434054862,-0.0274992844200109,0.0637358434054862,-0.0274992844200109,-0.318237372578705,0.0864236520156084
10.3277806037004,0.204450651267284,-0.139948107474756,0.0635937319605313,-0.0276272984294568,0.0635937319605313,-0.0276272984294568,-0.317918865652126,0.0869871279560029
10.3994052949988,0.203595803905968,-0.140432693768565,0.0634503892639935,-0.0277551119888798,0.0634503892639935,-0.0277551119888798,-0.317596272205426,0.0875524235488707
10.4715267141616,0.202734947928491,-0.140913728791744,0.0633058131664559,-0.027882712594223,0.0633058131664559,-0.027882712594223,-0.317269556013437,0.0881195211720516
10.5441483060703,0.201868103338604,-0.141391127232401,0.0631600016763089,-0.0280100876440937,0.0631600016763089,-0.0280100876440937,-0.316938680712995,0.0886884026274993
10.6172735394972,0.200995291588309,-0.141864803581499,0.0630129529622829,-0.0281372244419456,0.0630129529622829,-0.0281372244419456,-0.316603609809744,0.0892590491327011
10.6909059072708,0.200116535591344,-0.1423346721599,0.0628646653559463,-0.0282641101983276,0.0628646653559463,-0.0282641101983276,-0.31626430668517,0.0898314413121113
10.7650489264432,0.199231859736131,-0.142800647145949,0.0627151373541665,-0.0283907320332014,0.0627151373541665,-0.0283907320332014,-0.315920734603871,0.0904055591886028
10.8397061384575,0.198341289898175,-0.14326264260358,0.0625643676215333,-0.028517076978325,0.0625643676215333,-0.028517076978325,-0.315572856721059,0.0909813821749409
10.9148811093176,0.197444853451884,-0.143720572510935,0.0624123549927407,-0.0286431319797028,0.0624123549927407,-0.0286431319797028,-0.315220636090307,0.0915588890652855
10.9905774297578,0.196542579281807,-0.144174350789497,0.0622590984749268,-0.028768883900101,0.0622590984749268,-0.028768883900101,-0.314864035671535,0.092138058026726
11.0667987154147,0.19563449779325,-0.144623891333706,0.0621045972499692,-0.0288943195216277,0.0621045972499692,-0.0288943195216277,-0.314503018339243,0.0927188665908541
11.1435486070002,0.194720640922265,-0.145069108041061,0.061948850676733,-0.0290194255483765,0.0619488506767331,-0.0290194255483765,-0.314137546890988,0.0933012916453803
11.2208307704748,0.193801042144991,-0.145509914842681,0.0617918582932713,-0.0291441886091331,0.0617918582932713,-0.0291441886091331,-0.313767584056124,0.0938853094257997
11.2986488972231,0.192875736486327,-0.145946225734328,0.0616336198189743,-0.0292685952601431,0.0616336198189744,-0.0292685952601431,-0.313393092504775,0.0944708955071124
11.3770067042298,0.191944760527913,-0.146377954807856,0.0614741351566666,-0.0293926319879411,0.0614741351566666,-0.0293926319879411,-0.313014034857087,0.0950580247956049
11.4559079342577,0.191008152415412,-0.146805016283091,0.0613134043946497,-0.0295162852122386,0.0613134043946497,-0.0295162852122386,-0.312630373692721,0.0956466715206982
11.535356356026,0.190065951865065,-0.147227324540108,0.0611514278086885,-0.0296395412888703,0.0611514278086885,-0.0296395412888703,-0.312242071560613,0.0962368092268691
11.6153557643908,0.189118200169512,-0.147644794151898,0.0609882058639399,-0.0297623865127972,0.0609882058639399,-0.0297623865127972,-0.311849090989,0.0968284107656506
11.6959099805258,0.188164940202846,-0.148057339917409,0.0608237392168208,-0.0298848071211654,0.0608237392168208,-0.0298848071211654,-0.311451394495708,0.0974214482877186
11.7770228521052,0.187206216424904,-0.14846487689493,0.0606580287168156,-0.0300067892964184,0.0606580287168156,-0.0300067892964184,-0.311048944598704,0.0980158932350711
11.8586982534876,0.186242074884762,-0.148867320435812,0.060491075408219,-0.0301283191694623,0.060491075408219,-0.0301283191694623,-0.310641703826925,0.0986117163333065
11.9409400859005,0.185272563223428,-0.149264586218501,0.0603228805318149,-0.0302493828228816,0.0603228805318149,-0.0302493828228816,-0.310229634731369,0.0992088875840094
12.0237522776272,0.184297730675708,-0.149656590282857,0.0601534455264878,-0.0303699662942047,0.0601534455264878,-0.0303699662942047,-0.309812699896465,0.0998073762572492
12.1071387841942,0.18331762807125,-0.150043249064748,0.0599827720307662,-0.0304900555792164,0.0599827720307662,-0.0304900555792164,-0.309390861951713,0.1004071508842
12.1911035885602,0.182332307834723,-0.150424479430887,0.059810861884296,-0.0306096366353165,0.059810861884296,-0.0306096366353165,-0.308964083583602,0.101008179249888
12.2756507013062,0.181341823985149,-0.150800198713894,0.0596377171292429,-0.0307286953849218,0.0596377171292429,-0.0307286953849218,-0.3085323275478,0.101610428386079
12.3607841608273,0.180346232134349,-0.151170324747566,0.0594633400116217,-0.030847217718911,0.0594633400116217,-0.030847217718911,-0.308095556681624,0.102213864564302
12.4465080335254,0.179345589484505,-0.15153477590231,0.0592877329825511,-0.0309651895001091,0.0592877329825511,-0.0309651895001091,-0.307653733916792,0.102818453289035
12.5328264140034,0.178339954824831,-0.151893471120745,0.0591108986994346,-0.0310825965668094,0.0591108986994346,-0.0310825965668094,-0.307206822292444,0.103424159291042
12.6197434252612,0.177329388527322,-0.15224632995342,0.0589328400270623,-0.0311994247363327,0.0589328400270624,-0.0311994247363327,-0.306754784968449,0.10403094652088
12.7072632188919,0.176313952541597,-0.152593272594639,0.0587535600386375,-0.0313156598086193,0.0587535600386375,-0.0313156598086193,-0.306297585238992,0.104638778142588
12.7953899752808,0.175293710388804,-0.15293421991836,0.0585730620167219,-0.0314312875698533,0.0585730620167219,-0.0314312875698533,-0.305835186546436,0.105247616527557
12.8841279038047,0.174268727154596,-0.153269093514141,0.058391349454103,-0.0315462937961164,0.058391349454103,-0.0315462937961164,-0.305367552495463,0.105857423248588
12.9734812430331,0.173239069481161,-0.153597815723116,0.0582084260545787,-0.0316606642570689,0.0582084260545787,-0.0316606642570689,-0.3048946468675,0.106468159074167
13.0634542609305,0.172204805558304,-0.153920309673953,0.0580242957336616,-0.0317743847196554,0.0580242957336616,-0.0317743847196554,-0.304416433635418,0.107079783962936
13.1540512550606,0.171166005113566,-0.154236499318787,0.0578389626191997,-0.0318874409518342,0.0578389626191998,-0.0318874409518342,-0.303932876978504,0.107692257058396
13.2452765527909,0.170122739401395,-0.154546309469086,0.0576524310519145,-0.031999818726326,0.0576524310519145,-0.031999818726326,-0.303443941297722,0.108305536683833
13.3371345115004,0.169075081191341,-0.154849665831433,0.0574647055858541,-0.0321115038243811,0.0574647055858541,-0.0321115038243811,-0.302949591231233,0.108919580337488
13.4296295187868,0.168023104755291,-0.155146495043176,0.0572757909887635,-0.0322224820395625,0.0572757909887635,-0.0322224820395625,-0.3024497916702,0.109534344687967
13.5227659926764,0.166966885853734,-0.155436724707938,0.0570856922423681,-0.0323327391815414,0.0570856922423681,-0.0323327391815414,-0.301944507774859,0.110149785569921
13.6165483818355,0.165906501721052,-0.155720283430944,0.0568944145425734,-0.0324422610799039,0.0568944145425734,-0.0324422610799039,-0.301433704990862,0.110765857979984
13.7109811657822,0.164842031049847,-0.155997100854139,0.0567019632995778,-0.0325510335879663,0.0567019632995778,-0.0325510335879663,-0.300917349065877,0.111382516072991
13.806068855101,0.163773553974297,-0.15626710769107,0.0565083441379006,-0.0326590425865956,0.0565083441379006,-0.0326590425865956,-0.300395406066467,0.111999713158484
13.9018159916578,0.162701152052541,-0.156530235761491,0.0563135628963237,-0.0327662739880336,0.0563135628963237,-0.0327662739880336,-0.29986784239522,0.112617401697513
13.998227148817,0.16162490824811,-0.156786418025675,0.0561176256277469,-0.0328727137397218,0.0561176256277469,-0.0328727137397218,-0.299334624808133,0.113235533299747
14.0953069316601,0.16054490691039,-0.157035588618396,0.055920538598958,-0.032978347828125,0.055920538598958,-0.032978347828125,-0.298795720432263,0.113854058720898
14.1930599772055,0.159461233754133,-0.157277682882545,0.0557223082903171,-0.03308316228255,0.0557223082903171,-0.03308316228255,-0.298251096783611,0.114472927860472
14.2914909546299,0.158373975838029,-0.157512637402362,0.0555229413953547,-0.033187143178959,0.0555229413953547,-0.033187143178959,-0.297700721785266,0.11509208975986
14.3906045654914,0.157283221542323,-0.15774039003624,0.0553224448202857,-0.0332902766437725,0.0553224448202857,-0.0332902766437725,-0.297144563785782,0.115711492600774
14.4904055439544,0.156189060545517,-0.157960879949085,0.0551208256834381,-0.0333925488576618,0.0551208256834381,-0.0333925488576618,-0.296582591577791,0.11633108370404
14.5908986570152,0.155091583800133,-0.158174047644186,0.0549180913145974,-0.0334939460593275,0.0549180913145974,-0.0334939460593275,-0.296014774416851,0.116950809528758
14.6920887047298,0.153990883507582,-0.158379834994585,0.0547142492542679,-0.033594454549261,0.054714249254268,-0.033594454549261,-0.295441082040511,0.117570615671841
14.7939805204436,0.15288705309212,-0.158578185273894,0.0545093072528513,-0.0336940606934881,0.0545093072528513,-0.0336940606934881,-0.294861484687604,0.118190446867939
14.8965789710218,0.151780187173927,-0.158769043186549,0.0543032732697419,-0.0337927509272913,0.054303273269742,-0.0337927509272913,-0.294275953117746,0.118810246989765
14.999888957082,0.150670381541306,-0.158952354897464,0.0540961554723427,-0.0338905117589089,0.0540961554723427,-0.0338905117589089,-0.293684458631041,0.119429959048826
15.1039154132284,0.149557733122031,-0.159128068061055,0.0538879622349993,-0.0339873297732083,0.0538879622349993,-0.0339873297732083,-0.293086973087987,0.120049525196568
15.2086633082875,0.148442339953848,-0.159296131849608,0.0536787021378559,-0.0340831916353319,0.0536787021378559,-0.0340831916353319,-0.292483468929572,0.120668886725963
15.3141376455451,0.147324301154158,-0.159456496980965,0.0534683839656325,-0.0341780840943126,0.0534683839656325,-0.0341780840943126,-0.291873919197552,0.121287984073514
15.4203434629857,0.146203716888886,-0.159609115745497,0.0532570167063258,-0.0342719939866575,0.0532570167063258,-0.0342719939866575,-0.291258297554903,0.121906756821728
15.5272858335329,0.14508068834057,-0.159753942032335,0.0530446095498338,-0.0343649082398975,0.0530446095498339,-0.0343649082398975,-0.290636578306442,0.122525143702031
15.6349698652918,0.143955317675682,-0.159890931354844,0.052831171886507,-0.0344568138761005,0.052831171886507,-0.0344568138761005,-0.290008736419602,0.12314308259816
15.7434007017931,0.142827708011197,-0.160020040875301,0.0526167133056257,-0.0345476980153466,0.0526167133056258,-0.0345476980153466,-0.289374747545355,0.12376051055003
15.8525835222385,0.141697963380449,-0.160141229428759,0.0524012435938074,-0.0346375478791632,0.0524012435938074,-0.0346375478791632,-0.288734588039275,0.124377363758083
15.9625235417481,0.140566188698276,-0.160254457546071,0.0521847727333426,-0.0347263507939186,0.0521847727333426,-0.0347263507939186,-0.288088234982722,0.124993577588141
16.07322601161,0.139432489725497,-0.160359687476054,0.0519673109004644,-0.0348140941941715,0.0519673109004644,-0.0348140941941716,-0.287435666204152,0.125609086576758
16.1846962195303,0.138296973032735,-0.160456883206764,0.0517488684635499,-0.0349007656259757,0.0517488684635499,-0.0349007656259757,-0.286776860300521,0.126223824437086
16.2969394898867,0.137159745963609,-0.160546010485865,0.051529455981258,-0.0349863527501375,0.051529455981258,-0.0349863527501375,-0.286111796658795,0.126837724065271
16.4099611839816,0.136020916597336,-0.160627036840064,0.0513090842006036,-0.0350708433454252,0.0513090842006036,-0.0350708433454252,-0.285440455477528,0.127450717547367
16.5237667002994,0.13488059371075,-0.160699931593607,0.0510877640549709,-0.0351542253117285,0.0510877640549709,-0.0351542253117285,-0.284762817788527,0.128062736166807
16.6383614747635,0.133738886739792,-0.160764665885797,0.0508655066620674,-0.0352364866731667,0.0508655066620674,-0.0352364866731667,-0.284078865478555,0.128673710412406
16.7537509809962,0.132595905740468,-0.16082121268753,0.0506423233218206,-0.0353176155811443,0.0506423233218206,-0.0353176155811443,-0.283388581311092,0.12928356998693
16.8699407305804,0.131451761349337,-0.160869546816824,0.0504182255142192,-0.0353976003173533,0.0504182255142192,-0.0353976003173533,-0.282691948948123,0.129892243816225
16.9869362733223,0.130306564743533,-0.16090964495333,0.0501932248971008,-0.0354764292967205,0.0501932248971008,-0.0354764292967205,-0.281988952971934,0.130499660058916
17.1047431975172,0.12916042760037,-0.160941485651809,0.0499673333038885,-0.0355540910702988,0.0499673333038885,-0.0355540910702989,-0.281279578906921,0.131105746116684
17.2233671302159,0.128013462056551,-0.160965049354549,0.0497405627412781,-0.0356305743281025,0.0497405627412781,-0.0356305743281025,-0.280563813241383,0.131710428645131
17.3428137374936,0.126865780667017,-0.160980318402732,0.0495129253868774,-0.0357058679018841,0.0495129253868774,-0.0357058679018841,-0.27984164344928,0.132313633565229
17.4630887247206,0.125717496363466,-0.160987277046716,0.0492844335868011,-0.0357799607678535,0.0492844335868012,-0.0357799607678535,-0.279113058011959,0.13291528607537
17.5841978368348,0.12456872241258,-0.160985911455233,0.0490550998532223,-0.035852842049338,0.0490550998532223,-0.0358528420493381,-0.278378046439812,0.133515310664019
17.7061468586161,0.12341957237399,-0.160976209723494,0.0488249368618822,-0.0359245010193831,0.0488249368618822,-0.0359245010193831,-0.277636599293861,0.134113631122973
17.8289416149627,0.122270160058008,-0.160958161880182,0.0485939574495619,-0.0359949271032926,0.0485939574495619,-0.0359949271032926,-0.276888708207253,0.134710170561229
17.9525879711692,0.12112059948317,-0.160931759893344,0.0483621746115167,-0.0360641098811091,0.0483621746115167,-0.0360641098811091,-0.276134365906647,0.135304851419475
18.0770918332073,0.11997100483362,-0.160896997675151,0.0481296014988755,-0.0361320390900337,0.0481296014988755,-0.0361320390900337,-0.275373566233463,0.135897595485197
18.2024591480069,0.11882149041636,-0.160853871085547,0.0478962514160077,-0.0361987046267845,0.0478962514160077,-0.0361987046267845,-0.274606304165009,0.136488323908412
18.3286959037413,0.117672170618422,-0.16080237793476,0.0476621378178593,-0.0362640965498947,0.0476621378178593,-0.0362640965498947,-0.273832575835422,0.137076957218023
18.4558081301122,0.116523159863973,-0.160742517984691,0.0474272743072601,-0.0363282050819492,0.0474272743072601,-0.0363282050819492,-0.273052378556446,0.137663415338812
18.5838018986386,0.115374572571409,-0.160674292949171,0.0471916746322046,-0.0363910206117606,0.0471916746322047,-0.0363910206117606,-0.272265710838006,0.138247617609055
18.7126833229461,0.114226523110454,-0.160597706493076,0.0469553526831078,-0.0364525336964848,0.0469553526831078,-0.0364525336964848,-0.27147257240856,0.138829482798776
18.8424585590593,0.113079125759313,-0.160512764230331,0.046718322490038,-0.0365127350636754,0.046718322490038,-0.0365127350636754,-0.270672964235225,0.139408929128632
18.9731338056957,0.111932494661915,-0.160419473720765,0.0464805982199298,-0.0365716156132781,0.0464805982199298,-0.0365716156132781,-0.269866888543635,0.13998587428943
19.1047153045619,0.110786743785258,-0.160317844465858,0.0462421941737763,-0.036629166419566,0.0462421941737764,-0.0366291664195661,-0.269054348837533,0.140560235462281
19.2372093406515,0.109641986876927,-0.16020788790336,0.0460031247838059,-0.0366853787330148,0.0460031247838059,-0.0366853787330148,-0.268235349918063,0.141131929339384
19.3706222425457,0.108498337422788,-0.160089617400797,0.0457634046106418,-0.036740243982119,0.0457634046106418,-0.036740243982119,-0.267409897902748,0.141700872145438
19.5049603827152,0.107355908604904,-0.159963048247872,0.0455230483404494,-0.0367937537751511,0.0455230483404495,-0.0367937537751511,-0.266578000244135,0.14226697965969
19.6402301778248,0.106214813259714,-0.159828197647771,0.0452820707820705,-0.0368458999018624,0.0452820707820706,-0.0368458999018624,-0.26573966574808,0.142830167238603
19.7764380890397,0.105075163836496,-0.159685084707372,0.0450404868641471,-0.0368966743351267,0.0450404868641471,-0.0368966743351267,-0.26489490459166,0.143390349839148
19.9135906223344,0.103937072356152,-0.159533730426383,0.0447983116322362,-0.0369460692325294,0.0447983116322362,-0.0369460692325294,-0.264043728340686,0.143947442042713
20.0516943288031,0.102800650370352,-0.159374157685415,0.0445555602459176,-0.0369940769379001,0.0445555602459176,-0.0369940769379001,-0.263186149966805,0.144501358079628
20.1907558049731,0.101666008921062,-0.159206391232996,0.0443122479758945,-0.0370406899827918,0.0443122479758946,-0.0370406899827918,-0.262322183864153,0.145052011854297
20.3307816931193,0.100533258500493,-0.15903045767155,0.0440683902010904,-0.0370859010879065,0.0440683902010904,-0.0370859010879066,-0.261451845865559,0.145599316970927
20.4717786815819,0.0994025090114983,-0.158846385442355,0.0438240024057408,-0.0371297031644691,0.0438240024057408,-0.0371297031644692,-0.260575153258264,0.146143186759861
20.6137535050858,0.0982738697284537,-0.158654204809484,0.0435791001764846,-0.0371720893155493,0.0435791001764846,-0.0371720893155493,-0.259692124799141,0.146683534304489
20.756712945062,0.0971474492586457,-0.158453947842769,0.0433336991994521,-0.0372130528373337,0.0433336991994521,-0.0372130528373337,-0.258802780729394,0.14722027246874
20.900663829972,0.0960233555042006,-0.158245648399781,0.0430878152573539,-0.0372525872203496,0.0430878152573539,-0.0372525872203496,-0.257907142788712,0.147753313925148
21.0456130356336,0.094901695624581,-0.158029342106864,0.04284146422657,-0.0372906861506395,0.04284146422657,-0.0372906861506396,-0.257005234228866,0.148282571183469
21.1915674855492,0.0937825759996786,-0.157805066339234,0.0425946620742406,-0.0373273435108902,0.0425946620742406,-0.0373273435108902,-0.256097079826715,0.148807956619856
21.338534151237,0.0926661021935282,-0.15757286020017,0.0423474248553589,-0.0373625533815153,0.0423474248553589,-0.0373625533815153,-0.255182705896615,0.149329382506562
21.4865200525637,0.0915523789186717,-0.157332764499305,0.0420997687098668,-0.037396310041694,0.0420997687098668,-0.037396310041694,-0.254262140302198,0.149846761042177
21.6355322580795,0.0904415100011942,-0.157084821730065,0.0418517098597546,-0.0374286079703663,0.0418517098597546,-0.0374286079703663,-0.253335412467513,0.150360004382369
21.7855778853565,0.0893335983464593,-0.15682907604625,0.0416032646061645,-0.0374594418471865,0.0416032646061645,-0.0374594418471865,-0.252402553387495,0.150869024671129
21.9366641013278,0.0882287459055652,-0.156565573237808,0.0413544493264986,-0.0374888065534353,0.0413544493264986,-0.0374888065534353,-0.251463595637757,0.151373734072497
22.0887981226306,0.0871270536425445,-0.156294360705805,0.0411052804715319,-0.0375166971728932,0.041105280471532,-0.0375166971728932,-0.250518573383676,0.15187404480276
22.2419872159503,0.0860286215023293,-0.156015487436634,0.0408557745625309,-0.0375431089926741,0.040855774562531,-0.0375431089926741,-0.249567522388757,0.152369869163094
22.396238698368,0.0849335483795026,-0.155729003975473,0.040605948188377,-0.037568037504023,0.040605948188377,-0.037568037504023,-0.248610480022253,0.152861119572653
22.5515599377096,0.0838419320878537,-0.155434962399042,0.040355818002696,-0.0375914784030763,0.040355818002696,-0.0375914784030763,-0.247647485266036,0.153347708602067
22.7079583528983,0.0827538693307592,-0.155133416287653,0.0401054007209931,-0.0376134275915881,0.0401054007209931,-0.0376134275915881,-0.246678578720675,0.153829549007346
22.8654414143084,0.0816694556724031,-0.154824420696619,0.0398547131177936,-0.0376338811776213,0.0398547131177936,-0.0376338811776213,-0.245703802610733,0.154306553764158
23.0240166441225,0.0805887855098562,-0.154508032127018,0.0396037720237891,-0.0376528354762069,0.0396037720237891,-0.0376528354762069,-0.244723200789246,0.154778636102476
23.1836916166905,0.0795119520460271,-0.154184308495862,0.0393525943229893,-0.0376702870099704,0.0393525943229893,-0.0376702870099704,-0.243736818741378,0.155245709541554
23.3444739588916,0.0784390472635014,-0.153853309105686,0.0391011969498789,-0.0376862325097283,0.0391011969498789,-0.0376862325097283,-0.242744703587222,0.155707687925237
23.5063713504986,0.0773701618992804,-0.153515094613603,0.0388495968865793,-0.0377006689150533,0.0388495968865793,-0.0377006689150533,-0.241746904083754,0.156164485457553
23.6693915245447,0.0763053854204326,-0.153169726999836,0.0385978111600155,-0.0377135933748111,0.0385978111600155,-0.0377135933748111,-0.240743470625906,0.156616016738588
23.8335422676926,0.0752448060006687,-0.152817269535769,0.0383458568390865,-0.0377250032476692,0.0383458568390865,-0.0377250032476692,-0.239734455246749,0.157062196800609
23.9988314206069,0.0741885104978493,-0.152457786751547,0.0380937510318399,-0.0377348961025768,0.03809375103184,-0.0377348961025768,-0.23871991161678,0.157502941144418
24.1652668783283,0.0731365844324351,-0.152091344403251,0.0378415108826501,-0.0377432697192196,0.0378415108826501,-0.0377432697192196,-0.237699895042285,0.1579381657759
24.3328565906507,0.0720891119668877,-0.15171800943968,0.0375891535693982,-0.0377501220884466,0.0375891535693982,-0.0377501220884466,-0.236674462462783,0.158367787242756
24.5016085625011,0.0710461758860247,-0.151337849968773,0.0373366963006554,-0.0377554514126727,0.0373366963006554,-0.0377554514126727,-0.23564367244753,0.158791722671382
24.6715308543219,0.0700078575783387,-0.1509509352237,0.0370841563128669,-0.0377592561062556,0.0370841563128669,-0.0377592561062556,-0.234607585191067,0.159209889803878
24.8426315824557,0.068974237018282,-0.150557335528652,0.0368315508675374,-0.0377615347958477,0.0368315508675375,-0.0377615347958477,-0.233566262507821,0.159622207035148
25.0149189195333,0.0679453927495208,-0.150157122264361,0.0365788972484165,-0.0377622863207247,0.0365788972484165,-0.0377622863207247,-0.232519767825724,0.160028593450075
25.1884010948637,0.0669214018691616,-0.149750367833384,0.0363262127586834,-0.0377615097330892,0.0363262127586834,-0.0377615097330892,-0.231468166178869,0.160428968860738
25.3630863948277,0.065902340012951,-0.149337145625175,0.0360735147181308,-0.0377592042983514,0.0360735147181308,-0.0377592042983514,-0.230411524199175,0.16082325384364
25.538983163273,0.0648882813414491,-0.14891752998098,0.0358208204603467,-0.0377553694953856,0.0358208204603467,-0.0377553694953856,-0.229349910107064,0.16121136977692
25.7160998019135,0.0638792985271753,-0.148491596158587,0.0355681473298936,-0.0377500050167641,0.0355681473298936,-0.0377500050167641,-0.228283393701144,0.16159323887753
25.89444477073,0.0628754627427251,-0.148059420296953,0.0353155126794835,-0.0377431107689667,0.0353155126794835,-0.0377431107689667,-0.227212046346889,0.16196878423832
26.0740265883745,0.0618768436498555,-0.147621079380744,0.0350629338671501,-0.0377346868725673,0.0350629338671501,-0.0377346868725673,-0.226135940964325,0.162337929865039
26.2548538325773,0.0608835093895332,-0.147176651204822,0.0348104282534141,-0.037724733662397,0.0348104282534141,-0.037724733662397,-0.225055152014697,0.162700600713184
26.4369351405564,0.0598955265729446,-0.146726214338689,0.0345580131984447,-0.0377132516876825,0.0345580131984447,-0.0377132516876826,-0.223969755486142,0.163056722724694
26.6202792094301,0.0589129602734578,-0.14626984809094,0.034305706059213,-0.037700241712162,0.0343057060592131,-0.037700241712162,-0.222879828878347,0.163406222864442
26.8048947966327,0.0579358740195326,-0.145807632473739,0.0340535241866392,-0.0376857047141744,0.0340535241866392,-0.0376857047141744,-0.221785451186204,0.163749029156508
26.9907907203326,0.0569643297885704,-0.145339648167348,0.0338014849227313,-0.0376696418867259,0.0338014849227313,-0.0376696418867259,-0.220686702882454,0.16408507072018
27.1779758598533,0.0559983880016956,-0.144865976484738,0.0335496055977152,-0.0376520546375295,0.0335496055977152,-0.0376520546375295,-0.219583665899341,0.164414277805676
27.3664591560979,0.0550381075194588,-0.144386699336307,0.0332979035271562,-0.0376329445890193,0.0332979035271563,-0.0376329445890193,-0.218476423609254,0.164736581829542
27.556249611976,0.0540835456384536,-0.143901899194736,0.0330463960090699,-0.0376123135783381,0.0330463960090699,-0.0376123135783381,-0.217365060804381,0.165051915409694
27.7473562928336,0.0531347580888331,-0.143411659059998,0.0327951003210225,-0.0375901636572972,0.0327951003210226,-0.0375901636572972,-0.216249663675381,0.165360212400081
27.9397883268864,0.0521917990327185,-0.14291606242456,0.0325440337172213,-0.0375664970923091,0.0325440337172213,-0.0375664970923091,-0.215130319789067,0.165661407924925
28.1335549056553,0.0512547210634837,-0.142415193238789,0.0322932134255922,-0.0375413163642901,0.0322932134255922,-0.0375413163642901,-0.21400711806512,0.165955438412518
28.3286652844062,0.0503235752059064,-0.141909135876593,0.0320426566448464,-0.0375146241685338,0.0320426566448464,-0.0375146241685338,-0.212880148751845,0.166242241628545
28.5251287825912,0.0493984109171686,-0.141397975101319,0.0317923805415345,-0.0374864234145537,0.0317923805415346,-0.0374864234145537,-0.211749503400969,0.166521756708886
28.7229547842946,0.0484792760886956,-0.140881796031931,0.031542402247088,-0.0374567172258939,0.031542402247088,-0.0374567172258939,-0.2106152748415,0.166793924191891
28.9221527386804,0.0475662170488162,-0.140360684109486,0.0312927388548474,-0.037425508939907,0.0312927388548475,-0.037425508939907,-0.209477557152659,0.167058686050072
29.1227321604441,0.04665927856623,-0.139834725063937,0.0310434074170786,-0.0373928021074982,0.0310434074170787,-0.0373928021074982,-0.2083364456359,0.167315985721204
29.324702630267,0.0457585038542645,-0.139304004881276,0.0307944249419746,-0.0373586004928341,0.0307944249419746,-0.0373586004928341,-0.207192036786029,0.167565768138788
29.5280737952738,0.0448639345759072,-0.138768609771041,0.0305458083906449,-0.0373229080730159,0.0305458083906449,-0.0373229080730159,-0.206044428261441,0.167807979761855
29.7328553694936,0.0439756108495937,-0.138228626134206,0.0302975746740912,-0.037285729037714,0.0302975746740912,-0.037285729037714,-0.204893718853487,0.168042568604087
29.9390571343235,0.0430935712557364,-0.137684140531468,0.0300497406501706,-0.0372470677887652,0.0300497406501707,-0.0372470677887653,-0.203740008455003,0.168269484262206
30.1466889389963,0.0422178528439739,-0.137135239651953,0.0298023231205451,-0.0372069289397293,0.0298023231205451,-0.0372069289397294,-0.202583398028004,0.168488677943633
30.3557607010504,0.041348491141124,-0.136582010282366,0.0295553388276185,-0.0371653173154043,0.0295553388276185,-0.0371653173154043,-0.201423989570567,0.168700102493362
30.566282406804,0.0404855201598215,-0.136024539276577,0.0293088044514614,-0.0371222379512996,0.0293088044514614,-0.0371222379512996,-0.20026188608294,0.168903712420035
30.7782641118319,0.0396289724078214,-0.135462913525682,0.0290627366067237,-0.037077696093065,0.0290627366067237,-0.037077696093065,-0.199097191532872,0.169099463921199
30.9917159414457,0.0387788788979485,-0.13489721992855,0.0288171518395361,-0.0370316971958748,0.0288171518395361,-0.0370316971958748,-0.197930010820213,0.169287314907695
31.2066480911777,0.0379352691586736,-0.134327545362853,0.0285720666243995,-0.0369842469237652,0.0285720666243996,-0.0369842469237652,-0.196760449740792,0.169467225027188
31.4230708272674,0.0370981712452968,-0.133753976656616,0.0283274973610661,-0.0369353511489239,0.0283274973610661,-0.0369353511489239,-0.195588614949604,0.169639155686784
31.6409944871527,0.0362676117517172,-0.133176600560279,0.0280834603714088,-0.0368850159509308,0.0280834603714088,-0.0368850159509308,-0.194414613923338,0.169803070074724
31.8604294799627,0.0354436158227699,-0.132595503719298,0.0278399718962834,-0.0368332476159482,0.0278399718962834,-0.0368332476159483,-0.193238554922254,0.16995893318114
32.0813862870155,0.0346262071671085,-0.13201077264728,0.0275970480923823,-0.0367800526358593,0.0275970480923823,-0.0367800526358594,-0.192060546951466,0.170106711817832
32.3038754623189,0.0338154080706134,-0.131422493699685,0.0273547050290816,-0.0367254377073536,0.0273547050290816,-0.0367254377073536,-0.190880699721626,0.170246374637066
32.5279076330741,0.033011239410306,-0.130830753048077,0.0271129586852823,-0.0366694097309581,0.0271129586852823,-0.0366694097309581,-0.18969912360907,0.170377892149359
32.7534935001834,0.0322137206687459,-0.13023563665495,0.0268718249462469,-0.0366119758100137,0.0268718249462469,-0.0366119758100137,-0.188515929615434,0.17050123674024
32.9806438387618,0.031422869948893,-0.129637230249141,0.0266313196004327,-0.036553143249594,0.0266313196004327,-0.036553143249594,-0.187331229326778,0.170616382685968
33.2093694986511,0.0306387039894117,-0.129035619301815,0.0263914583363231,-0.0364929195553673,0.0263914583363231,-0.0364929195553673,-0.186145134872255,0.170723306168186
33.4396814049384,0.0298612381803976,-0.128430889003054,0.0261522567392577,-0.0364313124323993,0.0261522567392577,-0.0364313124323993,-0.184957758882348,0.170821985287507
33.6715905584778,0.0290904865795051,-0.12782312423904,0.0259137302882639,-0.036368329783896,0.0259137302882639,-0.036368329783896,-0.183769214446716,0.170912400076001
33.9051080364161,0.0283264619284566,-0.127212409569839,0.0256758943528903,-0.0363039797098861,0.0256758943528903,-0.0363039797098861,-0.182579615071669,0.17099453250859
34.1402449927217,0.0275691756699107,-0.126598829207793,0.0254387641900439,-0.0362382705058411,0.0254387641900439,-0.0362382705058411,-0.181389074637326,0.171068366513314
34.3770126587175,0.0268186379646709,-0.12598246699653,0.0252023549408332,-0.0361712106612334,0.0252023549408332,-0.0361712106612334,-0.180197707354475,0.171133887980491
34.6154223436172,0.0260748577092129,-0.125363406390574,0.0249666816274181,-0.0361028088580301,0.0249666816274181,-0.0361028088580301,-0.179005627721165,0.171191084770719
34.8554854350656,0.0253378425535113,-0.124741730435586,0.0247317591498694,-0.0360330739691238,0.0247317591498694,-0.0360330739691239,-0.177812950479088,0.171239946721758
35.0972133996824,0.0246075989191448,-0.124117521749212,0.0244976022830389,-0.0359620150566974,0.0244976022830389,-0.0359620150566974,-0.17661979056976,0.171280465654241
35.3406177836102,0.0238841320176605,-0.123490862502557,0.0242642256734417,-0.0358896413705239,0.0242642256734417,-0.0358896413705239,-0.175426263090553,0.171312635376243
35.5857102130658,0.0231674458691776,-0.122861834402269,0.0240316438361545,-0.0358159623462004,0.0240316438361545,-0.0358159623462004,-0.174232483250605,0.171336451686682
35.8325023948954,0.0224575433212107,-0.122230518673256,0.0237998711517293,-0.0357409876033155,0.0237998711517293,-0.0357409876033155,-0.173038566326655,0.171351912377557
36.081006117134,0.0217544260676934,-0.121596996042004,0.0235689218631265,-0.0356647269435498,0.0235689218631265,-0.0356647269435498,-0.171844627618821,0.171359017235018
36.3312332495683,0.0210580946681837,-0.120961346720527,0.023338810072669,-0.0355871903487095,0.023338810072669,-0.0355871903487095,-0.170650782406376,0.171357768039273
36.5831957443038,0.0203685485672324,-0.120323650390923,0.0231095497390185,-0.0355083879786929,0.0231095497390185,-0.0355083879786929,-0.169457145903542,0.171348168563321
36.8369056363357,0.0196857861138946,-0.119683986190545,0.0228811546741769,-0.0354283301693891,0.0228811546741769,-0.0354283301693891,-0.168263833215353,0.171330224570526
37.0923750441235,0.0190098045813687,-0.119042432697779,0.0226536385405159,-0.0353470274305095,0.0226536385405159,-0.0353470274305095,-0.167070959293609,0.171303943811025
37.3496161701702,0.0183406001867427,-0.118399067918432,0.0224270148478347,-0.0352644904433527,0.0224270148478347,-0.0352644904433527,-0.165878638892963,0.171269336016977
37.6086413016048,0.0176781681108314,-0.117753969272719,0.0222012969504495,-0.035180730058501,0.0222012969504495,-0.035180730058501,-0.164686986527182,0.171226412896659
37.8694628107695,0.0170225025180873,-0.117107213582847,0.0219764980443174,-0.0350957572934512,0.0219764980443174,-0.0350957572934512,-0.163496116425604,0.171175188127421
38.1320931558105,0.0163735965765674,-0.116458877061191,0.0217526311641953,-0.0350095833301783,0.0217526311641953,-0.0350095833301783,-0.16230614248984,0.171115677347494
38.3965448812729,0.0157314424779405,-0.11580903529906,0.0215297091808377,-0.0349222195126334,0.0215297091808377,-0.0349222195126334,-0.161117178250743,0.171047898146673
38.6628306187004,0.0150960314575184,-0.115157763256044,0.0213077447982342,-0.034833677344176,0.0213077447982342,-0.034833677344176,-0.15992933682569,0.170971870055884
38.9309630872381,0.0144673538142949,-0.114505135249927,0.0210867505508899,-0.0347439684849414,0.0210867505508899,-0.0347439684849414,-0.158742730876203,0.170887614535636
39.2009550942403,0.013845398930977,-0.113851224947185,0.0208667388011504,-0.0346531047491442,0.0208667388011504,-0.0346531047491442,-0.157557472565942,0.170795154963382
39.4728195358824,0.0132301552939945,-0.11319610535403,0.0206477217365738,-0.0345610981023184,0.0206477217365738,-0.0345610981023184,-0.156373673519111,0.170694516619803
39.7465693977764,0.0126216105134716,-0.112539848808014,0.0204297113673512,-0.0344679606584949,0.0204297113673512,-0.0344679606584949,-0.155191444779299,0.170585726674013
40.0222177555915,0.0120197513431478,-0.111882526970183,0.0202127195237793,-0.034373704677318,0.0202127195237793,-0.034373704677318,-0.154010896768794,0.170468814167731
40.2997777756789,0.0114245637002326,-0.111224210817766,0.0199967578537849,-0.0342783425611017,0.0199967578537849,-0.0342783425611017,-0.152832139248402,0.170343809998403
40.5792627157,0.0108360326851825,-0.110564970637391,0.0197818378205059,-0.0341818868518262,0.0197818378205059,-0.0341818868518262,-0.15165528127779,0.170210746901316
40.8606859252603,0.0102541426013853,-0.109904876018829,0.0195679706999288,-0.0340843502280778,0.0195679706999288,-0.0340843502280778,-0.150480431176404,0.170069659430721
41.1440608465467,0.00967887697473983,-0.109243995849248,0.0193551675785857,-0.0339857455019312,0.0193551675785857,-0.0339857455019312,-0.149307696484969,0.169920583939969
41.4294010149697,0.00911021857312015,-0.108582398307969,0.0191434393513126,-0.0338860856157776,0.0191434393513126,-0.0338860856157776,-0.148137183927609,0.169763558560696
41.7167200598098,0.00854814942570931,-0.10792015086172,0.0189327967190704,-0.0337853836390992,0.0189327967190704,-0.0337853836390992,-0.14696899937462,0.169598623181082
42.0060317048688,0.00799265084219466,-0.107257320260373,0.0187232501868311,-0.0336836527651915,0.0187232501868311,-0.0336836527651915,-0.145803247805904,0.169425819423182
42.2973497691249,0.00744370343181123,-0.106593972533155,0.0185148100615305,-0.0335809063078359,0.0185148100615305,-0.0335809063078359,-0.144640033275115,0.169245190619391
42.5906881673929,0.00690128712222383,-0.105930172985324,0.018307486450089,-0.0334771576979236,0.018307486450089,-0.0334771576979236,-0.143479458874519,0.169056781788028
42.8860609109892,0.00636538117823725,-0.105265986195306,0.0181012892575028,-0.033372420480033,0.0181012892575028,-0.0333724204800331,-0.142321626700601,0.168860639608094
43.1834821084004,0.00583596422032498,-0.10460147601227,0.0178962281850062,-0.0332667083089626,0.0178962281850062,-0.0332667083089626,-0.141166637820442,0.168656812393211
43.4829659659579,0.00531301424296688,-0.103936705554138,0.0176923127283071,-0.0331600349462205,0.0176923127283071,-0.0331600349462205,-0.140014592238892,0.168445350064779
43.7845267885158,0.00479650863278713,-0.103271737206022,0.0174895521758971,-0.0330524142564741,0.0174895521758971,-0.0330524142564741,-0.138865588866544,0.168226304124377
44.0881789801347,0.00428642418648381,-0.102606632619072,0.0172879556074369,-0.0329438602039607,0.0172879556074369,-0.0329438602039607,-0.137719725488548,0.167999727625426
44.3939370447695,0.00378273712854182,-0.101941452709728,0.0170875318922194,-0.0328343868488611,0.0170875318922194,-0.0328343868488611,-0.136577098734267,0.167765675144156
44.701815586962,0.00328542312872174,-0.101276257659361,0.0168882896877103,-0.0327240083436397,0.0168882896877103,-0.0327240083436397,-0.135437804047811,0.167524202749898
45.0118293125388,0.00279445731931712,-0.100611106914296,0.0166902374381689,-0.0326127389293517,0.0166902374381689,-0.0326127389293517,-0.134301935659436,0.167275367974729
45.3239930293136,0.00230981431217339,-0.0999460591862057,0.0164933833733483,-0.0325005929319211,0.0164933833733483,-0.0325005929319211,-0.133169586557865,0.167019229782506
45.6383216477945,0.00183146821546156,-0.0992811724528582,0.0162977355072781,-0.0323875847583907,0.0162977355072781,-0.0323875847583907,-0.132040848463499,0.16675584853731
45.954830181896,0.00135939265020111,-0.0986165039592173,0.0161033016371278,-0.0322737288931465,0.0161033016371278,-0.0322737288931465,-0.13091581180257,0.16648528597134
46.2735337496566,0.000893560766525929,-0.0979521102188758,0.0159100893421543,-0.0321590398941202,0.0159100893421543,-0.0321590398941202,-0.129794565682224,0.166207605152281
46.5944475739604,0.00043394525968795,-0.0972880470158141,0.0157181059827326,-0.0320435323889701,0.0157181059827326,-0.0320435323889701,-0.128677197866555,0.165922870450177
46.9175869832646,-1.94816142062577e-05,-0.0966243694064731,0.0155273586994702,-0.0319272210712448,0.0155273586994702,-0.0319272210712448,-0.127563794753599,0.165631147503845
47.2429674123316,-0.000466748022730874,-0.0959611317221291,0.0153378544124071,-0.0318101206965304,0.0153378544124071,-0.0318101206965304,-0.126454441353292,0.165332503186853
47.5706044029659,-0.000907882541952116,-0.095298387571561,0.0151495998202999,-0.0316922460785853,0.0151495998202999,-0.0316922460785853,-0.125349221266403,0.165027005573102
47.9005136047569,-0.00134291414151966,-0.0946361898439962,0.0149626013999918,-0.0315736120854633,0.0149626013999918,-0.0315736120854633,-0.124248216664453,0.16471472390204
48.2327107758263,-0.00177187217004139,-0.0939745907123275,0.0147768654058681,-0.0314542336356294,0.0147768654058681,-0.0314542336356294,-0.123151508270611,0.164395728543532
48.5672117835806,-0.00219478634074488,-0.0933136416365865,0.0145923978693973,-0.0313341256940687,0.0145923978693973,-0.0313341256940687,-0.122059175341594,0.164070090962427
48.904032605469,-0.00261168671742858,-0.0926533933676648,0.0144092045987578,-0.0312133032683923,0.0144092045987578,-0.0312133032683923,-0.120971295650547,0.163737883682856
49.243189329747,-0.00302260370070462,-0.0919938959512714,0.0142272911785507,-0.0310917814049426,0.0142272911785507,-0.0310917814049426,-0.119887945470926,0.163399180252273
49.5846981562442,-0.00342756801453633,-0.0913351987321146,0.014046662969598,-0.0309695751848994,0.014046662969598,-0.0309695751848994,-0.118809199561379,0.163054055205297
49.9285753971387,-0.00382661069307131,-0.0906773503582989,0.0138673251088256,-0.0308466997203902,0.0138673251088256,-0.0308466997203902,-0.11773513115162,0.162702584027356
50.2748374777359,-0.00421976306777245,-0.0900203987859249,0.0136892825092321,-0.0307231701506065,0.0136892825092321,-0.0307231701506065,-0.116665811929302,0.162344843118193
50.6235009372529,-0.00460705675484759,-0.0893643912838831,0.0135125398599415,-0.0305990016379293,0.0135125398599415,-0.0305990016379293,-0.115601312027879,0.161980909755245
50.974582429609,-0.00498852364297882,-0.0887093744388288,0.0133371016263408,-0.0304742093640651,0.0133371016263408,-0.0304742093640651,-0.114541700015465,0.161610862056923
51.3280987242209,-0.00536419588135242,-0.0880553941603301,0.0131629720502999,-0.0303488085261953,0.0131629720502999,-0.0303488085261953,-0.113487042884675,0.161234778945841
51.6840667068035,-0.00573410586798897,-0.0874024956861765,0.0129901551504758,-0.0302228143331413,0.0129901551504758,-0.0302228143331413,-0.112437406043448,0.160852740112005
52.0425033801768,-0.00609828623837454,-0.0867507235878401,0.0128186547226983,-0.0300962420015477,0.0128186547226983,-0.0300962420015477,-0.111392853306847,0.160464825975998
52.4034258650778,-0.00645676985439209,-0.0861001217760766,0.0126484743404364,-0.0299691067520853,0.0126484743404364,-0.0299691067520853,-0.110353446889827,0.160071117652191
52.7668514009784,-0.00680958979355302,-0.0854507335066587,0.0124796173553468,-0.0298414238056765,0.0124796173553468,-0.0298414238056765,-0.109319247400965,0.159671696912007
53.1327973469088,-0.00715677933852759,-0.0848026013862306,0.0123120868979,-0.0297132083797451,0.0123120868979001,-0.0297132083797451,-0.108290313837139,0.159266646147258
53.5012811822866,-0.00749837196697364,-0.0841557673782739,0.012145885878087,-0.029584475684493,0.012145885878087,-0.029584475684493,-0.107266703579157,0.158856048333596
53.8723205077517,-0.00783440134166199,-0.0835102728091761,0.0119810169862012,-0.0294552409192048,0.0119810169862012,-0.0294552409192048,-0.10624847238831,0.15843998699409
54.2459330460073,-0.0081649013008973,-0.0828661583743919,0.0118174826936986,-0.0293255192685834,0.0118174826936986,-0.0293255192685834,-0.105235674403852,0.15801854616297
54.6221366426659,-0.00848990584923216,-0.0822234641446873,0.0116552852541317,-0.0291953258991183,0.0116552852541317,-0.0291953258991183,-0.104228362141393,0.15759181034954
55.0009492671021,-0.00880944914847294,-0.0815822295724588,0.0114944267041578,-0.0290646759554877,0.0114944267041578,-0.0290646759554877,-0.103226586492182,0.157159864502318
55.3823890133107,-0.00912356550897464,-0.0809424934981181,0.0113349088646196,-0.0289335845569974,0.0113349088646196,-0.0289335845569974,-0.102230396723279,0.156722793973389
55.7664741007712,-0.00943228938122277,-0.0803042941565323,0.0111767333416969,-0.0288020667940573,0.0111767333416969,-0.0288020667940573,-0.101239840478598,0.156280684483029
56.1532228753178,-0.00973565534769924,-0.0796676691835137,0.0110199015281281,-0.0286701377246978,0.0110199015281281,-0.0286701377246978,-0.100254963780808,0.155833622084599
56.5426538100157,-0.0100336981150295,-0.079032655622348,0.0108644146044996,-0.0285378123711276,0.0108644146044996,-0.0285378123711276,-0.0992758110340654,0.155381693129738
56.9347855060436,-0.0103264525064078,-0.0783992899303543,0.0107102735406019,-0.028405105716334,0.0107102735406019,-0.028405105716334,-0.0983024250275871,0.154924984233885
57.3296366935823,-0.010613953454298,-0.0777676079854681,0.010557479096851,-0.028272032700728,0.010557479096851,-0.028272032700728,-0.0973348469400203,0.154463582242131
57.7272262327089,-0.0108962359934047,-0.0771376450928398,0.0104060318257731,-0.0281386082188357,0.0104060318257731,-0.0281386082188357,-0.0963731163446121,0.153997574195444
58.1275731142982,-0.0111733352539134,-0.0765094359914407,0.0102559320735512,-0.0280048471160358,0.0102559320735512,-0.0280048471160358,-0.0954172712151525,0.15352704729727
58.5306964609293,-0.0114452864549938,-0.0758830148606686,0.0101071799816317,-0.0278707641853466,0.0101071799816317,-0.0278707641853466,-0.0944673479326763,0.153052088880531
58.9366155277994,-0.0117121248985641,-0.0752584153269467,0.0099597754883899,-0.0277363741642629,0.00995977548838991,-0.0277363741642629,-0.0935233812929051,0.152572786375042
59.3453497036433,-0.0119738859633105,-0.0746356704703076,0.00981371833085158,-0.0276016917316433,0.00981371833085158,-0.0276016917316433,-0.0925854045144113,0.152089227275362
59.7569185116595,-0.0122306050989585,-0.0740148128309557,0.00966900804647016,-0.02746673150465,0.00966900804647016,-0.02746673150465,-0.091653449247486,0.151601499109094
60.1713416104428,-0.0124823178207919,-0.0733958744158015,0.00952564397495684,-0.0273315080357415,0.00952564397495684,-0.0273315080357415,-0.0907275455836904,0.151109689405649
60.5886387949234,-0.0127290597044141,-0.072778886704961,0.00938362526016211,-0.0271960358097202,0.00938362526016211,-0.0271960358097202,-0.0898077220660734,0.150613885665491
61.0088299973121,-0.0129708663807473,-0.0721638806582136,0.00924295085200705,-0.0270603292408336,0.00924295085200705,-0.0270603292408336,-0.0888940057000337,0.150114175329875
61.4319352880526,-0.0132077735312653,-0.0715508867214131,0.00910361950846234,-0.0269244026699331,0.00910361950846234,-0.0269244026699331,-0.0879864219648092,0.149610645751089
61.8579748767801,-0.0134398168834536,-0.0709399348328441,0.0089656297975733,-0.0267882703616878,0.0089656297975733,-0.0267882703616878,-0.0870849948255709,0.14910338416322
62.2869691132868,-0.0136670322064938,-0.0703310544295204,0.00882898009952912,-0.0266519465018568,0.00882898009952912,-0.0266519465018568,-0.0861897467461042,0.148592477653445
62.7189384884933,-0.0138894553071644,-0.0697242744534179,0.00869366860877443,-0.026515445194619,0.00869366860877444,-0.026515445194619,-0.0853006987020551,0.148078013133865
63.1539036354283,-0.0141071220259557,-0.0691196233576369,0.0085596933361614,-0.0263787804599612,0.0085596933361614,-0.0263787804599612,-0.0844178701947218,0.147560077313888
63.5918853302131,-0.014320068233391,-0.06851712911249,0.00842705211114048,-0.026241966231126,0.00842705211114048,-0.026241966231126,-0.0835412792653717,0.147038756673179
64.032904493055,-0.0145283298265493,-0.0679168192115083,0.00829574258398812,-0.0261050163521179,0.00829574258398812,-0.026105016352118,-0.0826709425100627,0.14651413743517
64.4769821892457,-0.0147319427257848,-0.0673187206773637,0.00816576222806941,-0.0259679445752709,0.00816576222806942,-0.0259679445752709,-0.081806875094949,0.14598630554115
64.9241396301678,-0.0149309428716367,-0.0667228600677003,0.00803710834213417,-0.0258307645588742,0.00803710834213417,-0.0258307645588743,-0.0809490907720499,0.145455346624943
65.3743981743082,-0.0151253662219228,-0.0661292634808725,0.00790977805264428,-0.0256934898648605,0.00790977805264428,-0.0256934898648605,-0.0800976018954624,0.144921345988168
65.827779328278,-0.0153152487490137,-0.0655379565615846,0.00778376831613087,-0.0255561339565527,0.00778376831613087,-0.0255561339565528,-0.0792524194379963,0.144384388576102
66.2843047478397,-0.0155006264372781,-0.0649489645064278,0.00765907592157945,-0.0254187101964733,0.00765907592157945,-0.0254187101964733,-0.0784135530082118,0.14384455895414
66.7439962389419,-0.0156815352806965,-0.0643623120693119,0.00753569749284109,-0.0252812318442127,0.00753569749284109,-0.0252812318442127,-0.0775810108678393,0.143301941284859
67.2068757587607,-0.0158580112806355,-0.0637780235667874,0.00741362949106823,-0.0251437120543598,0.00741362949106823,-0.0251437120543598,-0.0767547999495616,0.142756619305694
67.6729654167483,-0.0160300904437771,-0.0631961228832543,0.00729286821717319,-0.0250061638744925,0.00729286821717319,-0.0250061638744925,-0.0759349258751376,0.142208676307227
68.1422874756894,-0.0161978087801967,-0.0626166334760556,0.00717340981430785,-0.024868600243229,0.00717340981430785,-0.024868600243229,-0.0751213929738493,0.141658195112081
68.6148643527643,-0.0163612023015846,-0.062039578380452,0.00705525027036268,-0.0247310339883398,0.00705525027036268,-0.0247310339883398,-0.0743142043012506,0.141105258054441
69.0907186206199,-0.0165203070196035,-0.0614649802144747,0.00693838542048377,-0.0245934778249197,0.00693838542048377,-0.0245934778249197,-0.0735133616581994,0.140549946960185
69.5698730084476,-0.0166751589443765,-0.0608928611836546,0.006822810949606,-0.0244559443536203,0.006822810949606,-0.0244559443536203,-0.0727188656101548,0.139992343127633
70.0523504030693,-0.0168257940830998,-0.0603232430856255,0.00670852239500095,-0.0243184460589417,0.00670852239500095,-0.0243184460589417,-0.0719307155067176,0.13943252730892
70.5381738500302,-0.016972248438773,-0.0597561473145987,0.00659551514883797,-0.0241809953075846,0.00659551514883798,-0.0241809953075846,-0.0711489095013983,0.138870579691972
71.0273665547,-0.0171145580090413,-0.0591915948657073,0.006483784460757,-0.0240436043468601,0.006483784460757,-0.0240436043468601,-0.0703734445715924,0.138306579883114
71.5199518833807,-0.0172527587851434,-0.0586296063392192,0.00637332544045148,-0.0239062853031599,0.00637332544045149,-0.0239062853031599,-0.0696043165387453,0.137740606890281
72.0159533644237,-0.0173868867509586,-0.0580702019446167,0.00626413306026014,-0.0237690501804833,0.00626413306026014,-0.0237690501804833,-0.0688415200886883,0.137172739106842
72.5153946893524,-0.017516977882147,-0.0575134015045417,0.00615620215776621,-0.0236319108590228,0.00615620215776621,-0.0236319108590228,-0.0680850487921295,0.136603054296037
73.0182997139948,-0.0176430681453766,-0.0569592244586051,0.00604952743840263,-0.0234948790938067,0.00604952743840263,-0.0234948790938067,-0.0673348951252804,0.136031629576017
73.5246924596224,-0.0177651934976312,-0.0564076898670606,0.00594410347806205,-0.0233579665133985,0.00594410347806205,-0.0233579665133985,-0.0665910504906026,0.135458541405487
74.0345971140979,-0.0178833898855924,-0.0558588164143407,0.00583992472571024,-0.0232211846186521,0.00583992472571024,-0.0232211846186521,-0.0658535052376572,0.134883865569949
74.5480380330304,-0.0179976932450907,-0.055312622412456,0.00573698550600175,-0.0230845447815234,0.00573698550600175,-0.0230845447815234,-0.0651222486840409,0.13430767716853
75.0650397409388,-0.018108139500618,-0.0547691258042566,0.00563528002189661,-0.0229480582439358,0.00563528002189661,-0.0229480582439358,-0.0643972691363927,0.133730050601416
75.585626932423,-0.0182147645648971,-0.0542283441665563,0.00553480235727685,-0.0228117361167007,0.00553480235727685,-0.0228117361167007,-0.0636785539114559,0.133151059557849
76.1098244733437,-0.0183176043385002,-0.0536902947131185,0.00543554647956179,-0.0226755893784912,0.00543554647956179,-0.0226755893784912,-0.0629660893571796,0.132570777004717
76.6376574020103,-0.0184166947095133,-0.0531549942975059,0.00533750624232095,-0.022539628874869,0.00533750624232096,-0.0225396288748691,-0.0622598608738448,0.131989275175711
77.1691509303763,-0.0185120715532369,-0.0526224594157933,0.00524067538788365,-0.0224038653173635,0.00524067538788365,-0.0224038653173636,-0.0615598529352018,0.131406625561042
77.7043304452438,-0.0186037707319206,-0.0520927062091444,0.00514504754994409,-0.022268309282602,0.00514504754994409,-0.022268309282602,-0.0608660491096029,0.130822898897728
78.2432215094763,-0.0186918280945234,-0.0515657504662544,0.00505061625616117,-0.022132971211491,0.00505061625616117,-0.0221329712114911,-0.0601784320811184,0.13023816516042
78.7858498632195,-0.0187762794764955,-0.051041607625658,0.00495737493075197,-0.0219978614084477,0.00495737493075197,-0.0219978614084477,-0.0594969836706211,0.129652493552784
79.3322414251308,-0.0188571606995748,-0.0505202927779056,0.00486531689707811,-0.0218629900406798,0.00486531689707811,-0.0218629900406798,-0.0588216848568279,0.129065952499409
79.8824222936175,-0.018934507571593,-0.0500018206676081,0.00477443538022397,-0.0217283671375153,0.00477443538022398,-0.0217283671375154,-0.0581525157972846,0.128478609638257
80.436418748083,-0.019008355886287,-0.049486205695353,0.00468472350956621,-0.0215940025897784,0.00468472350956621,-0.0215940025897784,-0.0574894558492818,0.127890531813619
80.9942572501823,-0.0190787414231072,-0.0489734619194922,0.00459617432133353,-0.0214599061492133,0.00459617432133353,-0.0214599061492133,-0.056832483590692,0.127301785069595
81.555964445086,-0.0191456999470213,-0.0484636030578052,0.00450878076115617,-0.0213260874279537,0.00450878076115617,-0.0213260874279537,-0.0561815768407132,0.126712434644075
82.121567162753,-0.019209267208305,-0.047956642489038,0.00442253568660432,-0.021192555898038,0.00442253568660432,-0.021192555898038,-0.0555367126805121,0.126122544963216
82.6910924192116,-0.0192694789423169,-0.0474525932543223,0.00433743186971475,-0.0210593208909686,0.00433743186971475,-0.0210593208909686,-0.054897867473752,0.125532179636402
83.2645674178507,-0.0193263708692511,-0.0469514680584748,0.00425346199950514,-0.0209263915973153,0.00425346199950515,-0.0209263915973153,-0.0542650168869994,0.12494140145169
83.8420195507184,-0.0193799786938635,-0.0464532792711817,0.00417061868447541,-0.0207937770663612,0.00417061868447541,-0.0207937770663612,-0.0536381359099962,0.124350272371713
84.423476399831,-0.0194303381051672,-0.0459580389280703,0.00408889445509547,-0.0206614862057917,0.00408889445509547,-0.0206614862057917,-0.0530171988757901,0.123758853530057
85.0089657384898,-0.0194774847760913,-0.0454657587316692,0.00400828176627899,-0.0205295277814235,0.00400828176627899,-0.0205295277814235,-0.0524021794807131,0.123167205228074
85.5985155326084,-0.0195214543631005,-0.0449764500522633,0.0039287729998425,-0.0203979104169759,0.0039287729998425,-0.0203979104169759,-0.0517930508042006,0.122575386932145
86.1921539420481,-0.019562282505769,-0.0444901239286439,0.00385036046694946,-0.0202666425938802,0.00385036046694946,-0.0202666425938802,-0.0511897853284415,0.121983457271372
86.7899093219629,-0.0196000048263061,-0.0440067910687587,0.00377303641053885,-0.0201357326511296,0.00377303641053885,-0.0201357326511296,-0.0505923549578529,0.121391474035686
87.3918102241541,-0.0196346569290294,-0.0435264618502655,0.00369679300773781,-0.0200051887851668,0.00369679300773781,-0.0200051887851668,-0.0500007310383703,0.120799494174377
87.9978853984339,-0.0196662743997806,-0.0430491463209916,0.00362162237225797,-0.0198750190498089,0.00362162237225797,-0.0198750190498089,-0.0494148843765478,0.120207573795014
88.6081637939989,-0.0196948928052811,-0.042574854199305,0.0035475165567751,-0.0197452313562099,0.0035475165567751,-0.0197452313562099,-0.0488347852584608,0.119615768162767
89.2226745608124,-0.0197205476924241,-0.0421035948743993,0.00347446755529174,-0.0196158334728589,0.00347446755529174,-0.0196158334728589,-0.0482604034684044,0.119024131700106
89.8414470509972,-0.0197432745874984,-0.0416353774064969,0.00340246730548248,-0.0194868330256134,0.00340246730548248,-0.0194868330256134,-0.0476917083073823,0.118432717986875
90.4645108202374,-0.0197631089953423,-0.041170210526975,0.0033315076910216,-0.019358237497768,0.0033315076910216,-0.019358237497768,-0.0471286686113802,0.117841579760726
91.0918956291901,-0.0197800863984234,-0.0407081026384186,0.00326158054389281,-0.0192300542301566,0.00326158054389281,-0.0192300542301566,-0.0465712527694181,0.117250768917907
91.7236314449071,-0.0197942422558418,-0.0402490618146034,0.00319267764668082,-0.0191022904212882,0.00319267764668082,-0.0191022904212882,-0.0460194287413768,0.116660336514396
92.3597484422661,-0.0198056120022541,-0.039793095800415,0.00312479073484447,-0.0189749531275152,0.00312479073484447,-0.0189749531275152,-0.045473164075594,0.116070332767361
93.0002770054119,-0.0198142310467152,-0.0393402120117076,0.00305791149897134,-0.0188480492632336,0.00305791149897134,-0.0188480492632337,-0.0449324259262255,0.115480807056951
93.645247729208,-0.019820134771436,-0.0388904175351064,0.0029920315870134,-0.0187215856011155,0.0029920315870134,-0.0187215856011155,-0.0443971810703673,0.114891807928398
94.2946914206979,-0.0198233585304546,-0.0384437191277597,0.00292714260650379,-0.018595568772371,0.00292714260650379,-0.018595568772371,-0.0438673959249355,0.114303383094419
94.9486391005764,-0.0198239376482187,-0.0380001232170442,0.00286323612675434,-0.0184700052670411,0.00286323612675434,-0.0184700052670411,-0.0433430365632994,0.113715579437916
95.6071220046713,-0.0198219074180782,-0.037559635900228,0.0028003036810338,-0.0183449014343204,0.0028003036810338,-0.0183449014343204,-0.042824068731667,0.113128443014964
96.2701715854358,-0.0198173031006853,-0.0371222629440972,0.00273833676872655,-0.0182202634829081,0.00273833676872655,-0.0182202634829081,-0.0423104578652166,0.112542019058068
96.9378195134503,-0.0198101599223017,-0.0366880097845503,0.00267732685747179,-0.0180960974813878,0.00267732685747179,-0.0180960974813878,-0.0418021691039754,0.111956351979686
97.6100976789355,-0.0198005130730104,-0.0362568815261644,0.0026172653852829,-0.0179724093586356,0.0026172653852829,-0.0179724093586356,-0.0412991673084411,0.111371485376018
98.2870381932754,-0.0197883977048326,-0.03582888294174,0.00255814376264701,-0.0178492049042544,0.00255814376264701,-0.0178492049042544,-0.0408014170749441,0.110787462031027
98.9686733905512,-0.0197738489297478,-0.0354040184718269,0.00249995337460462,-0.0177264897690366,0.00249995337460462,-0.0177264897690366,-0.04030888275075,0.110204323920714
99.6550358290861,-0.0197569018176158,-0.0349822922242384,0.00244268558280916,-0.0176042694654517,0.00244268558280916,-0.0176042694654517,-0.0398215284489,0.109622112217609
100.346158292999,-0.0197375913940023,-0.0345637079735568,0.00238633172756644,-0.0174825493681607,0.00238633172756644,-0.0174825493681607,-0.0393393180627878,0.109040867295492
101.042073793774,-0.0197159526379056,-0.0341482691606363,0.00233088312985381,-0.0173613347145556,0.00233088312985381,-0.0173613347145556,-0.0388622152804726,0.10846062873432
101.742815571832,-0.0196920204793852,-0.0337359788921078,0.00227633109331911,-0.0172406306053237,0.00227633109331911,-0.0172406306053237,-0.0383901835987274,0.107881435325356
102.448417098122,-0.0196658297970924,-0.0333268399398905,0.00222266690625918,-0.0171204420050362,0.00222266690625918,-0.0171204420050363,-0.0379231863368213,0.107303325076499
103.15891207572,-0.0196374154157038,-0.0329208547407148,0.00216988184357791,-0.0170007737427617,0.00216988184357791,-0.0170007737427618,-0.0374611866500367,0.106726335217791
103.874334441436,-0.0196068121032564,-0.0325180253956621,0.00211796716872379,-0.0168816305127021,0.00211796716872379,-0.0168816305127021,-0.0370041475429199,0.106150502207109
104.594718367439,-0.0195740545683872,-0.0321183536697253,0.00206691413560684,-0.0167630168748523,0.00206691413560684,-0.0167630168748523,-0.0365520318822668,0.105575861736018
105.320098262886,-0.0195391774574762,-0.0317218409913962,0.00201671399049489,-0.0166449372556832,0.00201671399049489,-0.0166449372556832,-0.0361048024098418,0.105002448735797
106.050508775566,-0.0195022153516953,-0.0313284884522824,0.00196735797388911,-0.0165273959488459,0.00196735797388912,-0.016527395948846,-0.0356624217548331,0.104430297383603
106.785984793556,-0.0194632027639635,-0.0309382968067605,0.00191883732237877,-0.0164103971158992,0.00191883732237877,-0.0164103971158992,-0.0352248524460426,0.103859441108798
107.526561446888,-0.0194221741358101,-0.0305512664716686,0.001871143270475,-0.0162939447870576,0.001871143270475,-0.0162939447870576,-0.0347920569238129,0.103289912599397
108.272274109224,-0.0193791638341472,-0.0301673975260435,0.00182426705242377,-0.0161780428619615,0.00182426705242377,-0.0161780428619615,-0.0343639975516908,0.10272174380866
109.023158399549,-0.0193342061479538,-0.0297866897109066,0.00177819990399774,-0.0160626951104677,0.00177819990399774,-0.0160626951104677,-0.0339406366278309,0.102154965961799
109.779250183872,-0.0192873352848733,-0.029409142429103,0.00173293306426698,-0.0159479051734611,0.00173293306426698,-0.0159479051734611,-0.0335219363961375,0.101589609562803
110.540585576935,-0.0192385853677256,-0.0290347547451977,0.00168845777734862,-0.0158336765636859,0.00168845777734862,-0.0158336765636859,-0.0331078590571487,0.101025704401375
111.307200943943,-0.0191879904309374,-0.028663525385434,0.00164476529413514,-0.0157200126665975,0.00164476529413514,-0.0157200126665975,-0.0326983667786634,0.100463279559966
112.079132902301,-0.0191355844168927,-0.0282954527377568,0.00160184687400134,-0.0156069167412334,0.00160184687400134,-0.0156069167412334,-0.0322934217061128,0.0999023634209071
112.856418323356,-0.0190814011722052,-0.0279305348519058,0.00155969378648985,-0.0154943919211035,0.00155969378648985,-0.0154943919211035,-0.0318929859726784,0.0993429836736332
113.639094334169,-0.0190254744439166,-0.027568769439582,0.00151829731297518,-0.0153824412150997,0.00151829731297518,-0.0153824412150997,-0.0314970217091584,0.0987851673219826
114.427198319278,-0.0189678378756228,-0.0272101538746915,0.00147764874830603,-0.0152710675084238,0.00147764874830603,-0.0152710675084238,-0.0311054910535846,0.0982289406915775
115.220767922492,-0.0189085250035318,-0.026854685193669,0.00143773940242596,-0.0151602735635338,0.00143773940242596,-0.0151602735635338,-0.0307183561605925,0.0976743294372735
116.019841048683,-0.0188475692524556,-0.0265023600958866,0.00139856060197216,-0.015050062021108,0.00139856060197216,-0.015050062021108,-0.0303355792105459,0.0971213585506717
116.824455865599,-0.0187850039317395,-0.0261531749441493,0.00136010369185231,-0.0149404354010278,0.00136010369185231,-0.0149404354010278,-0.0299571224184191,0.0965700523676912
117.634650805689,-0.0187208622311337,-0.0258071257652808,0.00132236003679938,-0.0148313961033762,0.00132236003679938,-0.0148313961033762,-0.0295829480424388,0.0960204345761919
118.450464567934,-0.0186551772166079,-0.0254642082508035,0.00128532102290423,-0.0147229464094554,0.00128532102290423,-0.0147229464094554,-0.0292130183924891,0.0954725282236461
119.271936119701,-0.0185879818261157,-0.0251244177577145,0.00124897805912589,-0.0146150884828192,0.00124897805912589,-0.0146150884828192,-0.0288472958382805,0.0949263557248509
120.099104698599,-0.0185193088653097,-0.0247877493093607,0.00121332257877949,-0.014507824370324,0.0012133225787795,-0.0145078243703241,-0.0284857428172882,0.094381938869677
120.932009814357,-0.0184491910032138,-0.0244541975964155,0.00117834604100157,-0.0144011560031941,0.00117834604100157,-0.0144011560031941,-0.0281283218424593,0.0938392988308497
121.77069125071,-0.0183776607678541,-0.0241237569779603,0.00114403993219268,-0.014295085198104,0.00114403993219268,-0.014295085198104,-0.0277749955096947,0.0932984561717554
122.615189067297,-0.0183047505418542,-0.0237964214826709,0.00111039576743725,-0.014189613658276,0.00111039576743725,-0.014189613658276,-0.0274257265051072,0.0927594308542704
123.46554360158,-0.018230492557999,-0.0234721848101138,0.00107740509190042,-0.0140847429745933,0.00107740509190042,-0.0140847429745933,-0.027080477612058,0.0922222422466072
124.321795470765,-0.0181549188947694,-0.0231510403321515,0.00104505948220176,-0.0139804746267274,0.00104505948220176,-0.0139804746267274,-0.0267392117179771,0.0916869091311723
125.183985573745,-0.0180780614718541,-0.0228329810944603,0.0010133505477658,-0.0138768099842809,0.0010133505477658,-0.0138768099842809,-0.0264018918209673,0.0911534497124336
126.052155093052,-0.0179999520456426,-0.0225179998181616,0.000982269932149104,-0.0137737503079443,0.000982269932149106,-0.0137737503079443,-0.0260684810361985,0.0906218816247912
126.926345496825,-0.0179206222047017,-0.0222060889015678,0.000951809314343849,-0.0136712967506665,0.000951809314343849,-0.0136712967506666,-0.025738942602092,0.0900922219404482
127.806598540793,-0.0178401033652433,-0.0218972404220443,0.000921960410057665,-0.0135694503588398,0.000921960410057665,-0.0135694503588398,-0.0254132398863009,0.0895644871772782
128.692956270265,-0.0177584267665844,-0.0215914461379888,0.000892714972969673,-0.0134682120734969,0.000892714972969673,-0.013468212073497,-0.0250913363914875,0.0890386933066848
129.585461022141,-0.0176756234666062,-0.0212886974909276,0.000864064795962507,-0.0133675827315224,0.000864064795962507,-0.0133675827315224,-0.024773195760903,0.0885148557614497
130.484155426934,-0.0175917243372165,-0.0209889856077315,0.000836001712330198,-0.0132675630668755,0.000836001712330198,-0.0132675630668755,-0.0244587817837705,0.0879929894435665
131.389082410804,-0.0175067600598178,-0.0206923013029498,0.00080851759696178,-0.0131681537118261,0.00080851759696178,-0.0131681537118261,-0.0241480584004765,0.087473108732056
132.300285197614,-0.0174207611207891,-0.0203986350812641,0.000781604367500431,-0.0130693551982021,0.000781604367500432,-0.0130693551982021,-0.0238409897075734,0.08695522749076
133.217807310988,-0.0173337578069822,-0.0201079771400605,0.000755253985478048,-0.0129711679586486,0.000755253985478048,-0.0129711679586486,-0.023537539962596,0.0864393590761109
134.141692576393,-0.0172457802012404,-0.0198203173721223,0.000729458457425073,-0.0128735923278981,0.000729458457425074,-0.0128735923278981,-0.0232376735886957,0.0859255163448733
135.071985123233,-0.0171568581779408,-0.0195356453684407,0.000704209835955468,-0.0127766285440512,0.000704209835955468,-0.0127766285440512,-0.0229413551790959,0.0854137116618556
136.008729386957,-0.017067021398568,-0.0192539504211442,0.00067950022082664,-0.0126802767498685,0.00067950022082664,-0.0126802767498685,-0.0226485495013713,0.084903956907588
136.951970111177,-0.0169762993073203,-0.0189752215265466,0.000655321759974254,-0.0125845369940718,0.000655321759974254,-0.0125845369940718,-0.0223592215015545,0.0843962634859649
137.901752349813,-0.0168847211267556,-0.0186994473883111,0.000631666650521738,-0.0124894092326548,0.000631666650521738,-0.0124894092326548,-0.0220733363080745,0.0838906423318486
138.858121469236,-0.0167923158534793,-0.0184266164207315,0.000608527139764397,-0.0123948933302035,0.000608527139764397,-0.0123948933302035,-0.0217908592355278,0.0833871039186326
139.821123150444,-0.0166991122538801,-0.0181567167521277,0.000585895526127985,-0.0123009890612251,0.000585895526127985,-0.0123009890612251,-0.021511755788288,0.0828856582657612
140.790803391236,-0.0166051388599163,-0.017889736228356,0.000563764160101645,-0.0122076961114852,0.000563764160101646,-0.0122076961114852,-0.021235991663956,0.0823863149462041
141.767208508414,-0.0165104239649584,-0.0176256624164305,0.000542125445145063,-0.0121150140793529,0.000542125445145062,-0.0121150140793529,-0.0209635327566536,0.0818890830938837
142.750385139995,-0.0164149956196905,-0.0173644826082564,0.000520971838569819,-0.0120229424771532,0.000520971838569819,-0.0120229424771532,-0.0206943451601647,0.0813939714110521
143.740380247435,-0.0163188816280763,-0.0171061838244712,0.000500295852394727,-0.011931480732527,0.000500295852394728,-0.011931480732527,-0.020428395170927,0.0809009881756182
144.737241117876,-0.0162221095433917,-0.0168507528183941,0.000480090054175162,-0.011840628189797,0.000480090054175163,-0.011840628189797,-0.0201656492908772,0.0804101412484197
145.741015366405,-0.0161247066643295,-0.0165981760800793,0.000460347067806259,-0.0117503841113398,0.00046034706780626,-0.0117503841113398,-0.019906074230153,0.0799214380804422
146.751750938323,-0.0160267000311789,-0.0163484398404728,0.000441059574299914,-0.0116607476789644,0.000441059574299914,-0.0116607476789644,-0.0196496369096549,0.0794348857199802
147.769496111443,-0.0159281164220842,-0.0161015300756694,0.000422220312535534,-0.0115717179952944,0.000422220312535534,-0.0115717179952944,-0.0193963044634722,0.0789504908197412
148.794299498388,-0.0158289823493851,-0.0158574325112681,0.000403822079984471,-0.0114832940851564,0.000403822079984471,-0.0114832940851564,-0.0191460442411734,0.0784682596438896
149.826210048919,-0.015729324056044,-0.0156161326268218,0.000385857733408111,-0.011395474896972,0.000385857733408111,-0.011395474896972,-0.018898823809968,0.0779881980750301
150.865277052271,-0.0156291675121615,-0.0153776156603813,0.000368320189529569,-0.0113082593041528,0.00036832018952957,-0.0113082593041528,-0.0186546109567393,0.0775103116211297
151.911550139505,-0.0155285384115848,-0.0151418666131277,0.000351202425678983,-0.0112216461065003,0.000351202425678983,-0.0112216461065003,-0.0184133736899533,0.0770346054223747
152.965079285884,-0.0154274621686109,-0.0149088702540922,0.000334497480412383,-0.0111356340316068,0.000334497480412384,-0.0111356340316068,-0.0181750802414458,0.0765610842579655
154.025914813254,-0.0153259639147895,-0.0146786111249602,0.000318198454104149,-0.0110502217362597,0.000318198454104149,-0.0110502217362597,-0.0179396990680912,0.0760897525528444
155.094107392451,-0.0152240684958258,-0.0144510735449552,0.000302298509513053,-0.010965407807847,0.000302298509513052,-0.010965407807847,-0.0177071988533553,0.0756206143843581
156.169708045722,-0.0151218004685882,-0.014226241615801,0.000286790872321921,-0.0108811907657645,0.000286790872321921,-0.0108811907657645,-0.0174775485087359,0.075153673488852
157.25276814916,-0.0150191840982222,-0.0140040992267569,0.00027166883165095,-0.0107975690628231,0.000271668831650951,-0.0107975690628231,-0.0172507171750928,0.0746889332681978
158.34333943516,-0.0149162433553734,-0.013784630059725,0.00025692574054472,-0.0107145410866568,0.000256925740544721,-0.0107145410866568,-0.0170266742238716,0.0742263967962515
159.441473994887,-0.0148130019135217,-0.0135678175944232,0.000242555016432967,-0.0106321051611306,0.000242555016432967,-0.0106321051611306,-0.0168053892582227,0.0737660668252416
160.547224280766,-0.0147094831464294,-0.0133536451136226,0.000228550141565185,-0.0105502595477471,0.000228550141565184,-0.0105502595477471,-0.0165868321140189,0.0733079457920887
161.66064310899,-0.0146057101257039,-0.0131420957084451,0.000214904663419164,-0.0104690024470517,0.000214904663419164,-0.0104690024470517,-0.0163709728607745,0.0728520358246533
162.781783662036,-0.0145017056184786,-0.0129331522837162,0.000201612195083523,-0.0103883320000372,0.000201612195083522,-0.0103883320000372,-0.016157781802468,0.0723983387479127
163.910699491214,-0.0143974920852125,-0.0127267975633714,0.00018866641561439,-0.0103082462895445,0.00018866641561439,-0.0103082462895445,-0.0159472294782715,0.0719468560900672
165.047444519217,-0.0142930916776104,-0.0125230140959112,0.000176061070366332,-0.0102287433416614,0.000176061070366331,-0.0102287433416614,-0.0157392866631894,0.0714975890885741
166.192073042701,-0.0141885262366651,-0.0123217842598999,0.000163789971297674,-0.0101498211271184,0.000163789971297674,-0.0101498211271184,-0.0155339243686085,0.0710505386961085
167.344639734876,-0.0140838172908233,-0.012123090269507,0.000151846997250376,-0.0100714775626794,0.000151846997250376,-0.0100714775626794,-0.0153311138427629,0.0706057055864539
168.505199648122,-0.0139789860542755,-0.0119269141800849,0.000140226094204607,-0.00999371051252944,0.000140226094204607,-0.00999371051252944,-0.0151308265711148,0.070163090160318
169.673808216612,-0.0138740534253717,-0.0117332378937797,0.000128921275508208,-0.00991651778965707,0.000128921275508208,-0.00991651778965707,-0.0149330342766552,0.069722692551077
170.850521258965,-0.0137690399851631,-0.011542043165172,0.000117926622081245,-0.00983989715723111,0.000117926622081245,-0.00983989715723112,-0.0147377089201259,0.0692845126304465
172.03539498091,-0.0136639659960708,-0.0113533116069424,0.000107236282595831,-0.00976384632997217,0.000107236282595831,-0.00976384632997218,-0.0145448227001652,0.06884855001408
173.228485977972,-0.0135588514006823,-0.0111670246955591,9.68444736314533e-05,-0.00968836297551757,9.68444736314533e-05,-0.00968836297551758,-0.0143543480533803,0.0684148040670933
174.429851238172,-0.0134537158206757,-0.0109831637769825,8.67454798060263e-05,-0.00961344471577962,8.67454798060257e-05,-0.00961344471577962,-0.014166257654348,0.0679832739095172
175.639548144754,-0.0133485785558717,-0.0108017100723838,7.69336538829174e-05,-0.00953908912829664,7.69336538829176e-05,-0.00953908912829664,-0.0139805244155455,0.0675539584216764
176.857634478922,-0.0132434585834141,-0.0106226446838733,6.74034168541926e-05,-0.00946529374757634,6.74034168541926e-05,-0.00946529374757634,-0.0137971214872157,0.067126856249496
178.084168422602,-0.0131383745570791,-0.010445948600234,5.81492580003558e-05,-0.00939205606643101,5.81492580003561e-05,-0.00939205606643102,-0.0136160222571657,0.0667019658097351
179.319208561219,-0.0130333448067112,-0.0102716027026582,4.91657349268565e-05,-0.00931937353730417,4.91657349268565e-05,-0.00931937353730417,-0.013437200350504,0.0662792852951476
180.562813886497,-0.0129283873377885,-0.0100995877704809,4.04474735776488e-05,-0.00924724357358812,4.04474735776485e-05,-0.00924724357358812,-0.0132606296293162,0.0658588126795717
181.815043799277,-0.0128235198311136,-0.00992988448690899,3.19891682261217e-05,-0.00917566355093209,3.19891682261215e-05,-0.0091756635509321,-0.0130862841922822,0.0654405457229458
183.075958112354,-0.0127187596426329,-0.00976247344473972,2.37855814436913e-05,-0.0091046308085405,2.37855814436913e-05,-0.0091046308085405,-0.0129141383742365,0.065024481976254
184.345617053333,-0.01261412380338,-0.00959733515206704,1.58315440463874e-05,-0.00903414265046081,1.58315440463876e-05,-0.00903414265046081,-0.012744166745674,0.0646106187863988
185.624081267505,-0.0125096290195463,-0.00943445003797063,8.12195501977619e-06,-0.00896419634686077,8.12195501977619e-06,-0.00896419634686078,-0.0125763441122028,0.0641989533010034
186.911411820748,-0.0124052916726738,-0.00927379845818473,6.51781422543376e-07,-0.00889478913529457,6.51781422543159e-07,-0.00889478913529457,-0.0124106455139461,0.0637894824731428
188.207670202438,-0.0123011278199727,-0.00911536070074303,-6.58394173089346e-06,-0.00882591822195733,-6.58394173089346e-06,-0.00882591822195733,-0.0122470462248946,0.0633822030660045
189.512918328392,-0.0121971531947595,-0.00895911699159616,-1.35901116083842e-05,-0.00875758078292792,-1.35901116083844e-05,-0.00875758078292792,-0.0120855217522117,0.0629771116574788
190.827218543819,-0.0120933832070173,-0.00880504750019835,-2.03715577182912e-05,-0.0086897739653994,-2.03715577182914e-05,-0.0086897739653994,-0.0119260478354935,0.0625742046446797
192.150633626303,-0.0119898329440734,-0.00865313234505996,-2.69330420875958e-05,-0.00862249488889695,-2.69330420875958e-05,-0.00862249488889696,-0.0117686004459838,0.0621734782483963
193.483226788801,-0.0118865171713965,-0.00850335159926254,-3.3279259459481e-05,-0.0085557406464828,-3.32792594594808e-05,-0.0085557406464828,-0.0116131557857481,0.0617749285174756
194.82506168266,-0.0117834503335089,-0.00835568529593325,-3.94148375099865e-05,-0.00848950830594795,-3.94148375099865e-05,-0.00848950830594795,-0.0114596902868061,0.0613785513331369
196.176202400658,-0.011680646555013,-0.00821011343367563,-4.53443370833496e-05,-0.00842379491099026,-4.53443370833494e-05,-0.00842379491099026,-0.0113081806102252,0.0609843424132179
197.536713480066,-0.0115781196417309,-0.00806661598195343,-5.10722524456031e-05,-0.00835859748237869,-5.10722524456031e-05,-0.00835859748237869,-0.0111586036451771,0.0605922973163545
198.906659905733,-0.0114758830819545,-0.00792517288642483,-5.66030115560273e-05,-0.0082939130191033,-5.66030115560273e-05,-0.0082939130191033,-0.0110109365079579,0.0602024114460925
200.286107113184,-0.0113739500478043,-0.00778576407422409,-6.194097635603e-05,-0.00822973849951088,-6.194097635603e-05,-0.00822973849951088,-0.0108651565409741,0.0598146800549343
201.675120991751,-0.0112723333966942,-0.00764836945918779,-6.70904430750288e-05,-0.00816607088242571,-6.70904430750288e-05,-0.00816607088242571,-0.010721241311695,0.059429098248319
203.073767887718,-0.0111710456729022,-0.00751296894702301,-7.20556425528956e-05,-0.00810290710825543,-7.20556425528956e-05,-0.00810290710825543,-0.0105791686115743,0.0590456609885377
204.482114607491,-0.0110700991092417,-0.007379542440415,-7.68407405785389e-05,-0.00804024410008164,-7.68407405785389e-05,-0.00804024410008165,-0.010438916454941,0.0586643630985846
205.900228420788,-0.0109695056288342,-0.00724806984407161,-8.14498382441719e-05,-0.00797807876473503,-8.14498382441724e-05,-0.00797807876473504,-0.0103004630778611,0.0582851992659432
207.32817706385,-0.0108692768469786,-0.0071185310697024,-8.58869723148275e-05,-0.00791640799385482,-8.58869723148275e-05,-0.00791640799385482,-0.0101637869369728,0.0579081640463103
208.766028742684,-0.0107694240731167,-0.0069909060409298,-9.01561156126693e-05,-0.00785522866493231,-9.01561156126699e-05,-0.00785522866493231,-0.0100288667082942,0.0575332518672565
210.213852136311,-0.0106699583128907,-0.00686517469813038,-9.42611774156531e-05,-0.00779453764233838,-9.42611774156531e-05,-0.00779453764233838,-0.00989568128600651,0.0571604570318248
211.671716400053,-0.0105708902702914,-0.00674131700320407,-9.82060038700766e-05,-0.00773433177833471,-9.82060038700768e-05,-0.00773433177833471,-0.00976420978121374,0.056789773722068
213.139691168835,-0.0104722303498944,-0.00661931294426925,-0.000101994378416577,-0.00767460791406856,-0.000101994378416577,-0.00767460791406856,-0.00963443152067909,0.0564211960025245
214.617846560511,-0.0103739886591805,-0.00649914254028195,-0.000105630022229104,-0.00761536288055101,-0.000105630022229104,-0.00761536288055101,-0.00950632604554034,0.056054717823635
216.10625317921,-0.0102761750109398,-0.00638078584557729,-0.000109116594666426,-0.00755659349961847,-0.000109116594666426,-0.00755659349961847,-0.00937987311000457,0.0556903330250989
217.604982118714,-0.0101787989257552,-0.00626422295433153,-0.000112457693735707,-0.00749829658487735,-0.000112457693735707,-0.00749829658487735,-0.00925505268002377,0.0553280353391715
219.114104965849,-0.0100818696345624,-0.00614943400494303,-0.000115656856567692,-0.00744046894263178,-0.000115656856567691,-0.00744046894263178,-0.00913184493195211,0.0549678183939043
220.633693803907,-0.00998539608128544,-0.00603639918433085,-0.00011871755990305,-0.00738310737279433,-0.00011871755990305,-0.00738310737279433,-0.00901023025118609,0.0546096757163265
222.163821216089,-0.00988938692554329,-0.00592509873214942,-0.000121643220589429,-0.00732620866977947,-0.000121643220589428,-0.00732620866977948,-0.00889018923078844,0.0542536007355697
223.704560288971,-0.00979385054542548,-0.005815512944918,-0.000124437196088737,-0.00726976962338,-0.000124437196088737,-0.00726976962338001,-0.00877170267009678,0.0538995867859374
225.255984615994,-0.00969879504033402,-0.00570762218006398,-0.000127102784994241,-0.00721378701962602,-0.000127102784994241,-0.00721378701962603,-0.00865475157331811,0.0535476271099177
226.818168300982,-0.00960422823388862,-0.00560140685987861,-0.000129643227556986,-0.00715825764162673,-0.000129643227556986,-0.00715825764162673,-0.00853931714810982,0.0531977148611419
228.391185961678,-0.00951015767689259,-0.0054968474753845,-0.000132061706221131,-0.00710317827039476,-0.000132061706221131,-0.00710317827039476,-0.00842538080414827,0.0528498431072885
229.975112733314,-0.00941659065035642,-0.00539392459011372,-0.000134361346167717,-0.00704854568565324,-0.000134361346167717,-0.00704854568565325,-0.00831292415168589,0.0525040048329344
231.570024272191,-0.00932353416857657,-0.00529261884379601,-0.000136545215866454,-0.00699435666662536,-0.000136545215866454,-0.00699435666662536,-0.00820192900009732,0.0521601929423519
233.175996759301,-0.00923099498226638,-0.00519291095595607,-0.000138616327635079,-0.00694060799280655,-0.000138616327635079,-0.00694060799280655,-0.0080923773564158,0.0518184002622551
234.793106903962,-0.00913897958173644,-0.00509478172941971,-0.000140577638205835,-0.00688729644471938,-0.000140577638205836,-0.00688729644471938,-0.00798425142386029,0.0514786195444938
236.421431947482,-0.00904749420012171,-0.00499821205372802,-0.000142432049298674,-0.00683441880465095,-0.000142432049298674,-0.00683441880465096,-0.00787753360035433,0.0511408434686965
238.061049666849,-0.00895654481665258,-0.00490318290845939,-0.000144182408200721,-0.00678197185737305,-0.000144182408200721,-0.00678197185737305,-0.0077722064770371,0.0508050646448644
239.712038378445,-0.0088661371599671,-0.00480967536645889,-0.00014583150835161,-0.00672995239084496,-0.00014583150835161,-0.00672995239084496,-0.00766825283676779,0.0504712756159143
241.374476941791,-0.00877627671146171,-0.00471767059697486,-0.000147382089934251,-0.00667835719689906,-0.000147382089934251,-0.00667835719689906,-0.00756565565262356,0.0501394688601743
243.048444763306,-0.00868696870867783,-0.00462714986870264,-0.000148836840470639,-0.00662718307190926,-0.000148836840470639,-0.00662718307190927,-0.0074643980863921,0.0498096367938301
244.734021800108,-0.00859821814872153,-0.00453809455273513,-0.000150198395422279,-0.00657642681744231,-0.000150198395422279,-0.00657642681744231,-0.00736446348705926,0.0494817717733249
246.431288563827,-0.00851002979171367,-0.00445048612542039,-0.00015146933879485,-0.00652608524089205,-0.00015146933879485,-0.00652608524089205,-0.00726583538929245,0.0491558660977114
248.140326124455,-0.00842240816426797,-0.00436430617112645,-0.000152652203746694,-0.00647615515609686,-0.000152652203746694,-0.00647615515609686,-0.00716849751192044,0.0488319120109587
249.861216114214,-0.00833535756299441,-0.00427953638491317,-0.000153749473200764,-0.00642663338394014,-0.000153749473200764,-0.00642663338394014,-0.00707243375641009,0.0485099017042132
251.594040731461,-0.0082488820580253,-0.00419615857511179,-0.000154763580459636,-0.00637751675293416,-0.000154763580459637,-0.00637751675293416,-0.00697762820534067,0.0481898273180147
253.338882744608,-0.00816298549656169,-0.00411415466581217,-0.000155696909823219,-0.00632880209978727,-0.00015569690982322,-0.00632880209978727,-0.00688406512087628,0.0478716809444684
255.09582549608,-0.00807767150643756,-0.00403350669925836,-0.000156551797208797,-0.00628048626995468,-0.000156551797208798,-0.00628048626995468,-0.00679172894323684,0.0475554546293733
256.864952906292,-0.00799294349969931,-0.00395419683815276,-0.000157330530773039,-0.00623256611817284,-0.00015733053077304,-0.00623256611817284,-0.0067006042891684,0.0472411403743078
258.646349477661,-0.0079088046761983,-0.00387620736786951,-0.000158035351535636,-0.0061850385089777,-0.000158035351535636,-0.0061850385089777,-0.00661067595041295,0.0469287301386733
260.440100298641,-0.00782525802719399,-0.00379952069857769,-0.000158668454004213,-0.00613790031720681,-0.000158668454004213,-0.00613790031720682,-0.00652192889217844,0.0466182158416955
262.246291047787,-0.00774230633896547,-0.00372411936727492,-0.000159231986800174,-0.00609114842848569,-0.000159231986800174,-0.00609114842848569,-0.00643434825160949,0.0463095893643853
264.065007997846,-0.00765995219642897,-0.00364998603973213,-0.000159728053285173,-0.00604477973969827,-0.000159728053285173,-0.00604477973969828,-0.00634791933625908,0.0460028425514592
265.896338019882,-0.00757819798675941,-0.00357710351235023,-0.000160158712187859,-0.00599879115944196,-0.000160158712187859,-0.00599879115944196,-0.00626262762256171,0.0456979672132198
267.740368587419,-0.00749704590301357,-0.00350545471392956,-0.000160525978230614,-0.00595317960846716,-0.000160525978230614,-0.00595317960846716,-0.00617845875430866,0.0453949551273974
269.597187780627,-0.00741649794775299,-0.00343502270735287,-0.000160831822755949,-0.00590794202010172,-0.000160831822755949,-0.00590794202010172,-0.00609539854112538,0.0450937980409528
271.466884290521,-0.00733655593666437,-0.00336579069118287,-0.000161078174352288,-0.00586307534066024,-0.000161078174352289,-0.00586307534066025,-0.00601343295695173,0.0447944876718423
273.349547423206,-0.00725722150217561,-0.00329774200117524,-0.000161266919478831,-0.00581857652983865,-0.000161266919478831,-0.00581857652983865,-0.00593254813852522,0.0444970157107456
275.245267104134,-0.00717849609706554,-0.00323086011170822,-0.000161399903089222,-0.00577444256109402,-0.000161399903089222,-0.00577444256109403,-0.00585273038386785,0.0442013738227565
277.154133882404,-0.00710038099806524,-0.00316512863712962,-0.000161478929253755,-0.0057306704220101,-0.000161478929253755,-0.0057306704220101,-0.00577396615077652,0.0439075536490376
279.07623893509,-0.0070228773094495,-0.00310053133302265,-0.000161505761779843,-0.00568725711464846,-0.000161505761779844,-0.00568725711464847,-0.00569624205531787,0.0436155468084398
281.011674071587,-0.0069459859666162,-0.00303705209739139,-0.000161482124830502,-0.00564419965588574,-0.000161482124830502,-0.00564419965588574,-0.00561954487032731,0.0433253448990862
282.960531738006,-0.0068697077396522,-0.00297467497176726,-0.000161409703540595,-0.00560149507773695,-0.000161409703540595,-0.00560149507773695,-0.00554386152391297,0.0430369394999219
284.922905021585,-0.00679404323688394,-0.00291338414223766,-0.000161290144630606,-0.00555914042766531,-0.000161290144630606,-0.00555914042766531,-0.00546917909796468,0.0427503221722302
286.898887655133,-0.00671899290841108,-0.00285316394039797,-0.000161125057017699,-0.00551713276887857,-0.000161125057017699,-0.00551713276887857,-0.00539548482666829,0.0424654844611146
288.888574021513,-0.00664455704962176,-0.00279399884422817,-0.000160916012423851,-0.00547546918061228,-0.000160916012423851,-0.00547546918061228,-0.00532276609502557,0.0421824178969487
290.892059158146,-0.00657073580468784,-0.0027358734788954,-0.000160664545980832,-0.00543414675840001,-0.000160664545980832,-0.00543414675840001,-0.00525101043738008,0.0419011139967941
292.909438761552,-0.00649752917003872,-0.00267877261748371,-0.000160372156831836,-0.00539316261433096,-0.000160372156831837,-0.00539316261433096,-0.00518020553594906,0.0416215642657859
294.940809191919,-0.00642493699781232,-0.00262268118165245,-0.000160040308729556,-0.00535251387729498,-0.000160040308729556,-0.00535251387729498,-0.00511033921936181,0.0413437601984873
296.986267477709,-0.00635295899928193,-0.00256758424222447,-0.000159670430630508,-0.00531219769321539,-0.000159670430630508,-0.0053121976932154,-0.00504139946120453,0.0410676932802137
299.045911320291,-0.00628159474825757,-0.00251346701970565,-0.000159263917285435,-0.00527221122526976,-0.000159263917285435,-0.00527221122526976,-0.00497337437857209,0.0407933549883268
301.119839098607,-0.00621084368446064,-0.00246031488473714,-0.000158822129825601,-0.00523255165409882,-0.000158822129825601,-0.00523255165409883,-0.00490625223062677,0.0405207367934986
303.208149873869,-0.00614070511687074,-0.00240811335848149,-0.000158346396344808,-0.00519321617800393,-0.000158346396344808,-0.00519321617800393,-0.00484002141716425,0.0402498301609464
305.310943394298,-0.00607117822704342,-0.00235684811294447,-0.000157838012476988,-0.00515420201313305,-0.000157838012476988,-0.00515420201313305,-0.00477467047718695,0.0399806265516399
307.428320099879,-0.00600226207239792,-0.0023065049712336,-0.0001572982419692,-0.00511550639365574,-0.0001572982419692,-0.00511550639365574,-0.00471018808748508,0.0397131174234792
309.560381127168,-0.00593395558947377,-0.00225706990775512,-0.000156728317249901,-0.0050771265719272,-0.000156728317249901,-0.0050771265719272,-0.00464656306122531,0.0394472942324455
311.707228314113,-0.00586625759715527,-0.00220852904835061,-0.000156129439992346,-0.00503905981864172,-0.000156129439992346,-0.00503905981864172,-0.00458378434654753,0.0391831484337252
313.868964204927,-0.00579916679986307,-0.00216086867037491,-0.000155502781672981,-0.00500130342297571,-0.000155502781672981,-0.00500130342297571,-0.00452184102516952,0.0389206714828063
316.045692054981,-0.00573268179071184,-0.00211407520271657,-0.000154849484124722,-0.00496385469272051,-0.000154849484124722,-0.00496385469272051,-0.00446072231100002,0.0386598548365498
318.237515835737,-0.00566680105463323,-0.00206813522576251,-0.00015417066008498,-0.00492671095440533,-0.00015417066008498,-0.00492671095440533,-0.00440041754876004,0.0384006899542337
320.444540239715,-0.00560152297146342,-0.00202303547130812,-0.000153467393738351,-0.00488986955341047,-0.000153467393738351,-0.00488986955341047,-0.00434091621261276,0.0381431682985739
322.666870685493,-0.00553684581899447,-0.00197876282241435,-0.000152740741253832,-0.00485332785407097,-0.000152740741253832,-0.00485332785407097,-0.00428220790480199,0.0378872813367181
324.904613322743,-0.00547276777598883,-0.00193530431321326,-0.000151991731316502,-0.00481708323977114,-0.000151991731316502,-0.00481708323977114,-0.00422428235429944,0.0376330205412165
327.1578750373,-0.00540928692515635,-0.00189264712866345,-0.000151221365653557,-0.00478113311302997,-0.000151221365653557,-0.00478113311302997,-0.00416712941546077,0.0373803773909687
329.426763456268,-0.00534640125609328,-0.0018507786042567,-0.000150430619554617,-0.00474547489557779,-0.000150430619554617,-0.00474547489557779,-0.00411073906669067,0.0371293433721459
331.711386953162,-0.0052841086681826,-0.0018096862256774,-0.000149620442386236,-0.00471010602842438,-0.000149620442386236,-0.00471010602842438,-0.00405510140911697,0.0368799099790912
334.011854653082,-0.00522240697345529,-0.00176935762841618,-0.00014879175810054,-0.00467502397191865,-0.00014879175810054,-0.00467502397191865,-0.00400020666527386,0.0366320687151967
336.328276437929,-0.00516129389941208,-0.00172978059733898,-0.000147945465737919,-0.00464022620580031,-0.000147945465737919,-0.00464022620580031,-0.00394604517779438,0.0363858110937583
338.660762951648,-0.00510076709180517,-0.00169094306621315,-0.000147082439923733,-0.00460571022924355,-0.000147082439923733,-0.00460571022924355,-0.00389260740811223,0.0361411286388084
341.009425605519,-0.00504082411737969,-0.00165283311719197,-0.000146203531358953,-0.00457147356089309,-0.000146203531358953,-0.00457147356089309,-0.00383988393517293,0.0358980128859277
343.374376583475,-0.00498146246657449,-0.00161543898025875,-0.000145309567304712,-0.00453751373889272,-0.000145309567304712,-0.00453751373889272,-0.00378786545415445,0.0356564553830356
345.75572884746,-0.00492267955618196,-0.0015787490326322,-0.000144401352060711,-0.00450382832090663,-0.000144401352060711,-0.00450382832090663,-0.00373654277519734,0.0354164476911598
348.153596142828,-0.00486447273196666,-0.00154275179813416,-0.000143479667437441,-0.00447041488413365,-0.000143479667437441,-0.00447041488413365,-0.00368590682214444,0.0351779813851858
350.568093003772,-0.00480683927124255,-0.00150743594652117,-0.000142545273222192,-0.0044372710253147,-0.000142545273222192,-0.0044372710253147,-0.00363594863129025,0.0349410480545862
352.999334758797,-0.00474977638540862,-0.00147279029278114,-0.000141598907638826,-0.00440439436073361,-0.000141598907638826,-0.00440439436073361,-0.00358665935013985,0.0347056393041311
355.44743753623,-0.00469328122244274,-0.00143880379639651,-0.00014064128780128,-0.00437178252621146,-0.00014064128780128,-0.00437178252621146,-0.00353803023617771,0.0344717467545782
357.912518269762,-0.00463735086935375,-0.00140546556057506,-0.000139673110160789,-0.00433943317709478,-0.00013967311016079,-0.00433943317709478,-0.00349005265564606,0.0342393620433454
360.39469470404,-0.00458198235459148,-0.00137276483144979,-0.000138695050946816,-0.00430734398823769,-0.000138695050946817,-0.00430734398823769,-0.00344271808233323,0.0340084768251635
362.894085400285,-0.00452717265041493,-0.00134069099724906,-0.00013770776660167,-0.0042755126539782,-0.00013770776660167,-0.0042755126539782,-0.00339601809637161,0.0337790827727123
365.410809741959,-0.00447291867521833,-0.00130923358743819,-0.000136711894208818,-0.00424393688810889,-0.000136711894208818,-0.00424393688810889,-0.00334994438304563,0.0335511715772375
367.944987940466,-0.00441921729581531,-0.00127838227183384,-0.000135708051914884,-0.00421261442384217,-0.000135708051914885,-0.00421261442384217,-0.00330448873160949,0.0333247349491513
370.496741040893,-0.00436606532968105,-0.00124812685969226,-0.000134696839345342,-0.00418154301377023,-0.000134696839345342,-0.00418154301377024,-0.00325964303411477,0.033099764618615
373.066190927794,-0.00431345954715262,-0.00121845729877274,-0.000133678838013897,-0.00415072042982001,-0.000133678838013897,-0.00415072042982001,-0.00321539928424799,0.0328762523361057
375.653460331008,-0.00426139667358745,-0.00118936367437721,-0.000132654611725587,-0.00412014446320314,-0.000132654611725587,-0.00412014446320314,-0.00317174957617802,0.0326541898729656
378.258672831527,-0.00420987339148022,-0.00116083620836737,-0.000131624706973596,-0.00408981292436131,-0.000131624706973596,-0.00408981292436131,-0.00312868610341339,0.0324335690219359
380.881952867393,-0.00415888634253817,-0.00113286525816029,-0.00013058965332981,-0.00405972364290701,-0.00013058965332981,-0.00405972364290701,-0.00308620115766958,0.0322143815976748
383.523425739646,-0.00410843212971506,-0.00110544131570369,-0.000129549963829132,-0.00402987446755994,-0.000129549963829132,-0.00402987446755994,-0.00304428712774613,0.0319966194372593
386.183217618305,-0.00405850731920403,-0.00107855500643191,-0.00012850613534758,-0.00400026326607921,-0.00012850613534758,-0.00400026326607921,-0.00300293649841375,0.0317802744006731
388.861455548399,-0.00400910844238941,-0.00105219708820362,-0.000127458648974186,-0.0039708879251915,-0.000127458648974186,-0.00397088792519151,-0.0029621418493112,0.0315653383712781
391.558267456034,-0.00396023199775786,-0.00102635845022248,-0.000126407970376751,-0.00394174635051541,-0.000126407970376751,-0.00394174635051541,-0.00292189585385223,0.0313518032562725
394.273782154498,-0.00391187445276908,-0.00100103011194143,-0.000125354550161447,-0.00391283646648196,-0.000125354550161447,-0.00391283646648196,-0.00288219127814229,0.031139660987134
397.008129350424,-0.00386403224568622,-0.000976203221951974,-0.000124298824226345,-0.00388415621625171,-0.000124298824226345,-0.00388415621625171,-0.00284302097990511,0.0309289035200487
399.761439649975,-0.00381670178736643,-0.000951869056859171,-0.000123241214108869,-0.00385570356162833,-0.000123241214108869,-0.00385570356162833,-0.00280437790741917,0.0307195228363272
402.533844565089,-0.00376987946301188,-0.000928019020143362,-0.000122182127327241,-0.00382747648296898,-0.000122182127327241,-0.00382747648296898,-0.00276625509846399,0.0305115109428063
405.325476519761,-0.00372356163388129,-0.0009046446410096,-0.000121121957715944,-0.0037994729790916,-0.000121121957715944,-0.0037994729790916,-0.00272864567927623,0.0303048598722376
408.136468856361,-0.00367774463896277,-0.000881737573225639,-0.000120061085755256,-0.00377169106717918,-0.000120061085755256,-0.00377169106717918,-0.00269154286351552,0.0300995616836639
410.966955842014,-0.00363242479660782,-0.00085928959394937,-0.00011899987889489,-0.00374412878268122,-0.00011899987889489,-0.00374412878268122,-0.00265493995124016,0.0298956084627821
413.817072675003,-0.00358759840612722,-0.000837292602546593,-0.000117938691871803,-0.00371678417921254,-0.000117938691871803,-0.00371678417921254,-0.00261883032789245,0.029692992322294
416.686955491232,-0.00354326174934906,-0.000815738619399931,-0.000116877867022205,-0.00368965532844948,-0.000116877867022205,-0.00368965532844948,-0.00258320746329376,0.0294917054022448
419.576741370729,-0.00349941109213927,-0.00079461978470973,-0.000115817734587837,-0.0036627403200237,-0.000115817734587837,-0.0036627403200237,-0.00254806491064928,0.0292917398703502
422.486568344193,-0.00345604268588502,-0.000773928357287725,-0.000114758613016564,-0.00363603726141365,-0.000114758613016564,-0.00363603726141365,-0.00251339630556236,0.029093087922311
425.416575399583,-0.00341315276894158,-0.000753656713344248,-0.000113700809257324,-0.00360954427783393,-0.000113700809257324,-0.00360954427783393,-0.0024791953650585,0.0288957417821168
428.366902488763,-0.00337073756804283,-0.000733797345269747,-0.000112644619049514,-0.00358325951212248,-0.000112644619049514,-0.00358325951212248,-0.00244545588661886,0.0286996937023386
431.337690534184,-0.00332879329967601,-0.000714342860411326,-0.000111590327206855,-0.00355718112462598,-0.000111590327206855,-0.00355718112462598,-0.0024121717472233,0.0285049359644101
434.329081435613,-0.00328731617142108,-0.000695285979845025,-0.000110538207895786,-0.00353130729308327,-0.000110538207895786,-0.00353130729308327,-0.00237933690240293,0.0283114608788982
437.341218076915,-0.00324630238325511,-0.000676619537144543,-0.000109488524908468,-0.00350563621250717,-0.000109488524908468,-0.00350563621250717,-0.00234694538530204,0.0281192607857637
440.374244332875,-0.00320574812882227,-0.00065833647714705,-0.000108441531930442,-0.00348016609506464,-0.000108441531930442,-0.00348016609506464,-0.00231499130574948,0.0279283280546106
443.428305076071,-0.00316564959666973,-0.000640429854716755,-0.000107397472803005,-0.00345489516995545,-0.000107397472803005,-0.00345489516995545,-0.00228346884933932,0.0277386550849267
446.503546183793,-0.00312600297145,-0.000622892833506852,-0.000106356581780373,-0.00342982168328949,-0.000106356581780373,-0.00342982168328949,-0.00225237227652091,0.0275502343063126
449.600114545014,-0.00308680443509023,-0.000605718684720448,-0.000105319083781683,-0.0034049438979627,-0.000105319083781683,-0.0034049438979627,-0.0022216959216981,0.0273630581787031
452.718158067401,-0.00304805016792884,-0.000588900785871076,-0.000104285194637911,-0.00338026009353188,-0.000104285194637911,-0.00338026009353188,-0.00219143419233769,0.0271771191925774
455.857825684385,-0.00300973634982005,-0.000572432619543341,-0.000103255121333756,-0.00335576856608838,-0.000103255121333756,-0.00335576856608838,-0.00216158156808709,0.026992409869161
459.01926736227,-0.00297185916120674,-0.000556307772154275,-0.000102229062244566,-0.0033314676281307,-0.000102229062244566,-0.0033314676281307,-0.00213213259990097,0.0268089227606183
462.202634107401,-0.00293441478416213,-0.000540519932715909,-0.000101207207368366,-0.00330735560843628,-0.000101207207368366,-0.00330735560843628,-0.0021030819091771,0.0266266504502365
465.408077973374,-0.00289739940340078,-0.000525062891599584,-0.000100189738553057,-0.00328343085193236,-0.000100189738553057,-0.00328343085193236,-0.00207442418690107,0.0264455855526008
468.635752068297,-0.00286080920725938,-0.000509930539302502,-9.91768297188447e-05,-0.00325969171956613,-9.91768297188447e-05,-0.00325969171956613,-0.00204615419280002,0.0262657207137606
471.885810562108,-0.0028246403886479,-0.00049511686521699,-9.81686470759758e-05,-0.00323613658817413,-9.81686470759758e-05,-0.00323613658817413,-0.00201826675450521,0.0260870486113887
475.158408693936,-0.0027888891459714,-0.000480615956402913,-9.71653493378393e-05,-0.0032127638503512,-9.71653493378395e-05,-0.0032127638503512,-0.00199075676672349,0.025909561954931
478.453702779515,-0.00275355168402327,-0.000466421996363723,-9.61670879295035e-05,-0.00318957191431872,-9.61670879295035e-05,-0.00318957191431872,-0.00196361919041747,0.0257332534857492
481.771850218653,-0.00271862421485011,-0.000452529263826522,-9.51740071917549e-05,-0.00316655920379255,-9.51740071917549e-05,-0.00316655920379255,-0.00193684905199448,0.0255581159772553
485.113009502749,-0.00268410295858894,-0.000438932131526575,-9.4186244580706e-05,-0.00314372415785049,-9.4186244580706e-05,-0.00314372415785049,-0.00191044144250411,0.025384142235039
488.477340222363,-0.00264998414427717,-0.000425625064996655,-9.32039308630405e-05,-0.00312106523079949,-9.32039308630406e-05,-0.00312106523079949,-0.00188439151684443,0.0252113250969872
491.865003074839,-0.00261626401063582,-0.000412602621361587,-9.22271903069592e-05,-0.00309858089204262,-9.22271903069592e-05,-0.00309858089204262,-0.00185869449297673,0.0250396574333964
495.276159871982,-0.00258293880682639,-0.000399859448138365,-9.12561408688991e-05,-0.00307626962594575,-9.1256140868899e-05,-0.00307626962594575,-0.00183334565114869,0.0248691321470785
498.710973547785,-0.00255000479318213,-0.000387390282042174,-9.02908943760867e-05,-0.00305412993170428,-9.02908943760868e-05,-0.00305412993170428,-0.00180834033312606,0.0246997421734589
502.169608166212,-0.00251745824191384,-0.000375189947798652,-8.93315567049979e-05,-0.00303216032320966,-8.93315567049979e-05,-0.00303216032320966,-0.00178367394143262,0.0245314804806685
505.652228929035,-0.00248529543779098,-0.00036325335696269,-8.8378227955785e-05,-0.00301035932891596,-8.8378227955785e-05,-0.00301035932891596,-0.00175934193859849,0.024364340069629
509.159002183727,-0.00245351267879846,-0.000351575506744101,-8.7431002622743e-05,-0.00298872549170653,-8.74310026227431e-05,-0.00298872549170653,-0.00173533984641669,0.0241983139741314
512.690095431402,-0.00242210627676953,-0.000340151478840399,-8.64899697608767e-05,-0.00296725736876069,-8.64899697608768e-05,-0.00296725736876069,-0.00171166324520781,0.0240333952609087
516.245677334823,-0.00239107255799537,-0.000328976438277001,-8.55552131486372e-05,-0.00294595353142063,-8.55552131486371e-05,-0.00294595353142063,-0.00168830777309286,0.0238695770297017
519.825917726449,-0.00236040786381175,-0.000318045632255078,-8.462681144689e-05,-0.00292481256505847,-8.462681144689e-05,-0.00292481256505847,-0.00166526912527415,0.0237068524133203
523.430987616559,-0.0023301085511633,-0.000307354389007319,-8.37048383541842e-05,-0.00290383306894359,-8.37048383541842e-05,-0.00290383306894359,-0.00164254305332415,0.0235452145776969
527.061059201407,-0.00230017099314583,-0.000296898116661822,-8.27893627583828e-05,-0.00288301365611029,-8.27893627583829e-05,-0.00288301365611029,-0.00162012536448225,0.0233846567219357
530.716305871459,-0.00227059157952712,-0.000286672302114352,-8.18804488847206e-05,-0.00286235295322568,-8.18804488847206e-05,-0.00286235295322568,-0.00159801192095949,0.0232251720783558
534.396902219665,-0.00224136671724678,-0.000276672509909149,-8.09781564403531e-05,-0.00284184960045809,-8.09781564403531e-05,-0.00284184960045809,-0.0015761986392509,0.0230667539125289
538.103024049808,-0.00221249283089541,-0.000266894381128497,-8.00825407554591e-05,-0.00282150225134579,-8.00825407554591e-05,-0.00282150225134579,-0.0015546814894558,0.0229093955233115
541.834848384891,-0.00218396636317373,-0.000257333632291236,-7.91936529209608e-05,-0.00280130957266619,-7.91936529209608e-05,-0.00280130957266619,-0.00153345649460554,0.0227530902428723
545.592553475602,-0.00215578377533201,-0.000247986054260367,-7.83115399229212e-05,-0.00278127024430559,-7.83115399229212e-05,-0.00278127024430559,-0.00151251972999905,0.022597831436714
549.376318808822,-0.00212794154759028,-0.000238847511159955,-7.7436244773683e-05,-0.00276138295912937,-7.7436244773683e-05,-0.00276138295912937,-0.00149186732254579,0.022443612503691
553.1863251162,-0.00210043617953966,-0.000229913939301431,-7.65678066398089e-05,-0.0027416464228528,-7.65678066398089e-05,-0.0027416464228528,-0.00147149545011621,0.0222904268760213
557.022754382788,-0.00207326419052548,-0.000221181346119456,-7.57062609668821e-05,-0.00272205935391242,-7.57062609668821e-05,-0.00272205935391242,-0.00145140034089971,0.0221382680192943
560.885789855729,-0.00204642212001229,-0.000212645809117491,-7.48516396012305e-05,-0.00270262048333806,-7.48516396012305e-05,-0.00270262048333806,-0.0014315782727698,0.021987129432474
564.775616053012,-0.00201990652793148,-0.000204303474823159,-7.40039709086304e-05,-0.00268332855462545,-7.40039709086304e-05,-0.00268332855462545,-0.00141202557265665,0.0218370046478972
568.692418772287,-0.00199371399501175,-0.000196150557753535,-7.31632798900494e-05,-0.00266418232360961,-7.31632798900495e-05,-0.00266418232360961,-0.00139273861592684,0.0216878872312682
572.636385099737,-0.00196784112309287,-0.000188183339390459,-7.23295882944869e-05,-0.00264518055833884,-7.23295882944869e-05,-0.00264518055833884,-0.00137371382577023,0.0215397707816486
576.607703419018,-0.00194228453542319,-0.00018039816716596,-7.15029147289692e-05,-0.0026263220389495,-7.15029147289691e-05,-0.0026263220389495,-0.00135494767259396,0.0213926489314429
580.606563420252,-0.00191704087694126,-0.000172791453457876,-7.06832747657547e-05,-0.00260760555754151,-7.06832747657547e-05,-0.00260760555754151,-0.00133643667342346,0.0212465153463808
584.633156109091,-0.00189210681454197,-0.00016535967459575,-6.98706810468068e-05,-0.00258902991805466,-6.98706810468068e-05,-0.00258902991805466,-0.0013181773913104,0.0211013637254947
588.687673815838,-0.00186747903732754,-0.000158099369877065,-6.90651433855888e-05,-0.00257059393614563,-6.90651433855888e-05,-0.00257059393614563,-0.00130016643474761,0.0209571878010937
592.77031020464,-0.00184315425684387,-0.000151007140593876,-6.82666688662342e-05,-0.00255229643906595,-6.82666688662343e-05,-0.00255229643906595,-0.0012824004570907,0.0208139813387342
596.881260282727,-0.00181912920730246,-0.000144079649069895,-6.74752619401487e-05,-0.00253413626554067,-6.74752619401488e-05,-0.00253413626554067,-0.00126487615598662,0.0206717381371863
601.020720409738,-0.00179540064578851,-0.000137313617708072,-6.66909245200944e-05,-0.00251611226564791,-6.66909245200945e-05,-0.00251611226564791,-0.00124759027280879,0.0205304520283973
605.188888307094,-0.00177196535245521,-0.00013070582804871,-6.59136560718101e-05,-0.00249822330069935,-6.59136560718101e-05,-0.00249822330069935,-0.00123053959209894,0.020390116877451
609.385963067442,-0.00174882013070499,-0.000124253119838147,-6.51434537032192e-05,-0.00248046824312147,-6.51434537032192e-05,-0.00248046824312147,-0.00121372094101547,0.0202507265825243
613.612145164168,-0.00172596180735778,-0.000117952390108014,-6.43803122512746e-05,-0.0024628459763378,-6.43803122512747e-05,-0.0024628459763378,-0.00119713118878847,0.0201122750748401
617.867636460969,-0.00170338723280675,-0.000111800592265121,-6.36242243664936e-05,-0.00244535539465197,-6.36242243664936e-05,-0.00244535539465197,-0.00118076724618096,0.0199747563186175
622.152640221499,-0.00168109328116187,-0.00010579473519194,-6.28751805952281e-05,-0.0024279954031318,-6.28751805952281e-05,-0.0024279954031318,-0.00116462606495675,0.0198381643110183
626.467361119072,-0.0016590768503816,-9.99318823577273e-05,-6.21331694597239e-05,-0.00241076491749418,-6.21331694597239e-05,-0.00241076491749418,-0.00114870463735451,0.0197024930820912
630.812005246445,-0.00163733486239308,-9.42091509402645e-05,-6.13981775360121e-05,-0.00239366286399101,-6.13981775360122e-05,-0.00239366286399101,-0.00113299999556808,0.0195677366947123
635.186780125658,-0.00161586426320111,-8.86237109582211e-05,-6.06701895296833e-05,-0.00237668817929598,-6.06701895296833e-05,-0.00237668817929598,-0.0011175092112331,0.0194338892445236
639.591894717946,-0.00159466202298623,-8.3172784414126e-05,-5.99491883495885e-05,-0.00235983981039242,-5.99491883495885e-05,-0.00235983981039242,-0.00110222939491966,0.019300944859868
644.027559433723,-0.00157372513619229,-7.78536444479362e-05,-5.92351551795153e-05,-0.00234311671446204,-5.92351551795153e-05,-0.00234311671446204,-0.00108715769563111,0.0191688977017221
648.493986142629,-0.00155305062160371,-7.26636145011784e-05,-5.85280695478821e-05,-0.00232651785877461,-5.85280695478822e-05,-0.00232651785877461,-0.00107229130030884,0.0190377419636262
652.991388183652,-0.00153263552241281,-6.76000674916414e-05,-5.78279093954941e-05,-0.00231004222057872,-5.78279093954941e-05,-0.00231004222057873,-0.00105762743334309,0.0189074718716119
657.519980375318,-0.00151247690627748,-6.26604249985911e-05,-5.71346511414079e-05,-0.00229368878699346,-5.71346511414079e-05,-0.00229368878699346,-0.00104316335608955,0.0187780816841272
662.07997902595,-0.00149257186536952,-5.78421564584738e-05,-5.64482697469437e-05,-0.00227745655490105,-5.64482697469437e-05,-0.00227745655490105,-0.00102889636639191,0.0186495656919591
666.671601944003,-0.00147291751641384,-5.31427783710703e-05,-5.57687387778896e-05,-0.00226134453084056,-5.57687387778897e-05,-0.00226134453084056,-0.0010148237981101,0.018521918218154
671.295068448464,-0.00145351100071891,-4.8559853516062e-05,-5.5096030464939e-05,-0.00224535173090252,-5.5096030464939e-05,-0.00224535173090252,-0.00100094302065431,0.0183951336179358
675.950599379332,-0.00143434948419867,-4.40909901799605e-05,-5.44301157623994e-05,-0.00222947718062462,-5.44301157623993e-05,-0.00222947718062462,-0.000987251438524635,0.0182692062786222
680.638417108163,-0.00141543015738619,-3.97338413933609e-05,-5.37709644052178e-05,-0.00221371991488835,-5.37709644052178e-05,-0.00221371991488835,-0.000973746490856332,0.0181441306195381
685.358745548692,-0.00139675023543931,-3.54861041784549e-05,-5.31185449643558e-05,-0.00219807897781665,-5.31185449643557e-05,-0.00219807897781665,-0.000960425650970615,0.0180199010919279
690.11181016753,-0.00137830695813861,-3.13455188067611e-05,-5.24728249005563e-05,-0.00218255342267259,-5.24728249005563e-05,-0.00218255342267259,-0.000947286425930934,0.017896512178865
694.897837994932,-0.00136009758987783,-2.73098680670088e-05,-5.18337706165404e-05,-0.00216714231175903,-5.18337706165405e-05,-0.00216714231175903,-0.000934326356104691,0.0177739583951601
699.717057635642,-0.00134211941964711,-2.33769765431158e-05,-5.12013475076687e-05,-0.00215184471631928,-5.12013475076687e-05,-0.00215184471631928,-0.0009215430147303,0.017652234287267
704.569699279812,-0.00132436976100922,-1.95447099021972e-05,-5.05755200111055e-05,-0.00213665971643879,-5.05755200111055e-05,-0.0021366597164388,-0.000908934007489581,0.0175313344331871
709.455994713995,-0.001306845952069,-1.58109741925427e-05,-4.9956251653522e-05,-0.00212158640094782,-4.9956251653522e-05,-0.00212158640094782,-0.0008964969720854,0.0174112534423717
714.376177332221,-0.00128954535543638,-1.21737151514881e-05,-4.93435050973711e-05,-0.00210662386732509,-4.93435050973712e-05,-0.00210662386732509,-0.000884229577824502,0.0172919859556236
719.33048214714,-0.00127246535818297,-8.63091752311638e-06,-4.87372421857717e-05,-0.00209177122160249,-4.87372421857718e-05,-0.00209177122160249,-0.000872129525205489,0.0171735266449954
724.31914580125,-0.00125560337179269,-5.18060438571501e-06,-4.81374239860336e-05,-0.00207702757827076,-4.81374239860336e-05,-0.00207702757827076,-0.000860194545511893,0.0170558702136881
729.342406578201,-0.00123895683210648,-1.82083648891029e-06,-4.75440108318558e-05,-0.0020623920601861,-4.75440108318559e-05,-0.0020623920601861,-0.000848422400410263,0.0169390113959467
734.400504414174,-0.00122252319926141,1.45028839958992e-06,-4.69569623642349e-05,-0.0020478637984779,-4.6956962364235e-05,-0.0020478637984779,-0.000836810881553243,0.0168229449569555
739.493680909344,-0.00120629995762428,4.63463613773024e-06,-4.6376237571109e-05,-0.00203344193245733,-4.6376237571109e-05,-0.00203344193245733,-0.000825357810187564,0.0167076656927308
744.622179339418,-0.0011902846157201,7.73403684339386e-06,-4.58017948257734e-05,-0.002019125609527,-4.58017948257734e-05,-0.002019125609527,-0.000814061036766909,0.0165931684300134
749.786244667259,-0.0011744747061554,1.07502855193246e-05,-4.52335919240972e-05,-0.00200491398509158,-4.52335919240972e-05,-0.00200491398509159,-0.00080291844056958,0.0164794480261592
754.98612355458,-0.00115886778553678,1.36851426687654e-05,-4.46715861205696e-05,-0.00199080622246938,-4.46715861205697e-05,-0.00199080622246938,-0.000791927929320946,0.0163664993690285
760.222064373731,-0.00114346143438482,1.65403349019003e-05,-4.41157341632064e-05,-0.00197680149280489,-4.41157341632064e-05,-0.00197680149280489,-0.000781087438820582,0.0162543173768743
765.494317219563,-0.00112825325704343,1.93175555331832e-05,-4.3565992327345e-05,-0.00196289897498235,-4.3565992327345e-05,-0.00196289897498235,-0.000770394932574064,0.0161428969982291
770.803133921369,-0.00111324088158498,2.20184651696388e-05,-4.30223164483571e-05,-0.00194909785554022,-4.30223164483571e-05,-0.00194909785554022,-0.000759848401429384,0.0160322332117913
776.148768054917,-0.00109842195971128,2.46446922902263e-05,-4.2484661953305e-05,-0.00193539732858664,-4.2484661953305e-05,-0.00193539732858664,-0.000749445863217898,0.0159223210263098
781.531474954562,-0.00108379416665062,2.71978338163532e-05,-4.19529838915691e-05,-0.00192179659571582,-4.19529838915691e-05,-0.00192179659571582,-0.000739185362399785,0.0158131554804676
786.951511725437,-0.00106935520105105,2.96794556736267e-05,-4.14272369644743e-05,-0.00190829486592538,-4.14272369644744e-05,-0.00190829486592538,-0.000729064969713954,0.0157047316427651
792.40913725574,-0.00105510278486998,3.20910933449346e-05,-4.09073755539394e-05,-0.00189489135553468,-4.09073755539394e-05,-0.00189489135553468,-0.00071908278183235,0.0155970446114015
797.904612229097,-0.0010410346632604,3.44342524149478e-05,-4.03933537501751e-05,-0.001881585288104,-4.03933537501751e-05,-0.001881585288104,-0.000709236921018612,0.0154900895141563
803.438199137013,-0.0010271486044537,3.67104091061314e-05,-3.9885125378457e-05,-0.00186837589435467,-3.9885125378457e-05,-0.00186837589435467,-0.000699525534791028,0.0153838615082688
809.01016229141,-0.00101344239963944,3.89210108063618e-05,-3.9382644024996e-05,-0.00185526241209023,-3.9382644024996e-05,-0.00185526241209023,-0.000689946795589745,0.0152783557803178
814.620767837254,-0.000999913862841985,4.10674765882378e-05,-3.88858630619302e-05,-0.00184224408611829,-3.88858630619302e-05,-0.00184224408611829,-0.00068049890044818,0.0151735675461
820.270283765263,-0.00098656083079441,4.31511977201806e-05,-3.83947356714627e-05,-0.00182932016817355,-3.83947356714627e-05,-0.00182932016817355,-0.000671180070668584,0.0150694920505077
825.958979924714,-0.000973381162809552,4.51735381694168e-05,-3.7909214869166e-05,-0.00181648991684147,-3.7909214869166e-05,-0.00181648991684147,-0.000661988551501717,0.0149661245674056
831.687128036326,-0.000960372740648536,4.71358350969349e-05,-3.74292535264774e-05,-0.00180375259748307,-3.74292535264774e-05,-0.00180375259748307,-0.000652922611830576,0.0148634603995075
837.455001705243,-0.00094753346838682,4.90393993445111e-05,-3.69548043924051e-05,-0.00179110748216041,-3.69548043924051e-05,-0.00179110748216041,-0.000643980543858144,0.0147614948782517
843.262876434102,-0.000934861272277898,5.08855159138987e-05,-3.64858201144675e-05,-0.00177855384956309,-3.64858201144675e-05,-0.00177855384956309,-0.000635160662799095,0.014660223363676
849.111029636188,-0.000922354100614804,5.26754444382716e-05,-3.60222532588861e-05,-0.00176609098493557,-3.60222532588861e-05,-0.00176609098493557,-0.000626461306575425,0.0145596412442924
854.999740648693,-0.00091000992358951,5.44104196460209e-05,-3.55640563300519e-05,-0.00175371818000533,-3.5564056330052e-05,-0.00175371818000534,-0.000617880835515957,0.0144597439369608
860.92929074605,-0.000897826733150361,5.60916518169928e-05,-3.51111817892862e-05,-0.00174143473291197,-3.51111817892862e-05,-0.00174143473291197,-0.000609417632059673,0.0143605268867626
866.899963153375,-0.000885802542857651,5.77203272312661e-05,-3.46635820729129e-05,-0.00172923994813702,-3.46635820729129e-05,-0.00172923994813702,-0.000601070100462828,0.0142619855668732
872.91204305999,-0.000873935387737441,5.92976086105609e-05,-3.42212096096643e-05,-0.00171713313643475,-3.42212096096643e-05,-0.00171713313643476,-0.000592836666509808,0.0141641154784351
878.965817633049,-0.000862223324133748,6.08246355523713e-05,-3.37840168374364e-05,-0.0017051136147637,-3.37840168374364e-05,-0.0017051136147637,-0.000584715777227683,0.0140669121504292
885.061576031251,-0.000850664429559189,6.23025249569175e-05,-3.33519562194129e-05,-0.00169318070621905,-3.33519562194129e-05,-0.00169318070621905,-0.000576705900604405,0.0139703711395468
891.199609418655,-0.000839256802544198,6.37323714470085e-05,-3.29249802595749e-05,-0.00168133373996588,-3.29249802595749e-05,-0.00168133373996588,-0.000568805525310624,0.0138744880300609
897.380210978585,-0.000827998562484899,6.51152477809084e-05,-3.25030415176144e-05,-0.00166957205117317,-3.25030415176144e-05,-0.00166957205117317,-0.000561013160425066,0.0137792584336967
903.603675927636,-0.000816887849489749,6.64522052583001e-05,-3.20860926232675e-05,-0.00165789498094858,-3.20860926232675e-05,-0.00165789498094858,-0.00055332733516343,0.0136846779895026
909.870301529772,-0.000805922824225025,6.77442741194355e-05,-3.16740862900844e-05,-0.00164630187627413,-3.16740862900844e-05,-0.00164630187627413,-0.000545746598610779,0.01359074236372
916.18038711053,-0.000795101667759258,6.89924639375677e-05,-3.12669753286513e-05,-0.00163479208994254,-3.12669753286514e-05,-0.00163479208994254,-0.000538269519457354,0.0134974472496539
922.534234071309,-0.0007844225814067,7.01977640047522e-05,-3.08647126592816e-05,-0.00162336498049444,-3.08647126592817e-05,-0.00162336498049444,-0.000530894685737804,0.013404788367542
928.932145903777,-0.0007738837865699,7.13611437111112e-05,-3.04672513241891e-05,-0.00161201991215629,-3.04672513241891e-05,-0.00161201991215629,-0.000523620704573761,0.0133127614644247
935.374428204358,-0.000763483524581483,7.2483552917649e-05,-3.00745444991608e-05,-0.00160075625477911,-3.00745444991608e-05,-0.00160075625477911,-0.000516446201919744,0.0132213623140141
941.861388688833,-0.000753220056545203,7.35659223227098e-05,-2.96865455047417e-05,-0.00158957338377791,-2.96865455047417e-05,-0.00158957338377791,-0.000509369822312332,0.0131305867165633
948.39333720704,-0.000743091663176348,7.4609163822165e-05,-2.93032078169472e-05,-0.00157847068007193,-2.93032078169472e-05,-0.00157847068007193,-0.000502390228622578,0.0130404304987356
954.970585757668,-0.000733096644641579,7.56141708634211e-05,-2.89244850775163e-05,-0.00156744753002552,-2.89244850775163e-05,-0.00156744753002552,-0.000495506101811631,0.012950889513473
961.593448503166,-0.000723233320398263,7.6581818793333e-05,-2.85503311037186e-05,-0.00155650332538987,-2.85503311037187e-05,-0.00155650332538987,-0.000488716140689502,0.0128619596398652
968.262241784745,-0.000713500029033383,7.75129652001137e-05,-2.81806998977301e-05,-0.00154563746324537,-2.81806998977301e-05,-0.00154563746324537,-0.000482019061676972,0.012773636783018
974.977284137491,-0.000703895128102079,7.84084502493235e-05,-2.78155456555878e-05,-0.00153484934594468,-2.78155456555878e-05,-0.00153484934594468,-0.000475413598570566,0.0126859168739222
981.738896305574,-0.000694416993965896,7.92690970140272e-05,-2.74548227757388e-05,-0.00152413838105659,-2.74548227757388e-05,-0.00152413838105659,-0.000468898502310592,0.0125987958693222
988.547401257578,-0.000685064021630802,8.00957117992032e-05,-2.70984858671934e-05,-0.00151350398131047,-2.70984858671934e-05,-0.00151350398131047,-0.000462472540752173,0.0125122697515841
995.403124201917,-0.000675834624585029,8.088908446049e-05,-2.67464897572959e-05,-0.0015029455645415,-2.67464897572959e-05,-0.0015029455645415,-0.000456134498439266,0.0124263345285645
1002.30639260238,-0.000666727234636798,8.16499887173534e-05,-2.63987894991236e-05,-0.00149246255363648,-2.63987894991236e-05,-0.00149246255363648,-0.000449883176381608,0.012340986233479
1009.25753619375,-0.000657740301751997,8.23791824607576e-05,-2.60553403785264e-05,-0.00148205437648043,-2.60553403785264e-05,-0.00148205437648043,-0.000443717391834572,0.0122562209247706
1016.2568869976,-0.000648872293891843,8.30774080554239e-05,-2.57160979208163e-05,-0.00147172046590375,-2.57160979208163e-05,-0.00147172046590375,-0.000437635978081877,0.0121720346859785
1023.30477933808,-0.000640121696850618,8.37453926367553e-05,-2.53810178971202e-05,-0.00146146025963011,-2.53810178971202e-05,-0.00146146025963012,-0.000431637784221145,0.0120884236256064
1030.40154985798,-0.000631487014093478,8.43838484025133e-05,-2.50500563304029e-05,-0.00145127320022493,-2.50500563304029e-05,-0.00145127320022493,-0.000425721674952227,0.0120053838769917
1037.5475375347,-0.000622966766594448,8.49934728993205e-05,-2.47231695011748e-05,-0.00144115873504454,-2.47231695011748e-05,-0.00144115873504454,-0.000419886530368326,0.0119229115981735
1044.74308369654,-0.000614559492674579,8.55749493040751e-05,-2.440031395289e-05,-0.00143111631618595,-2.440031395289e-05,-0.00143111631618595,-0.000414131245749807,0.0118410029717625
1051.98853203895,-0.000606263747840388,8.61289467003494e-05,-2.40814464970473e-05,-0.00142114540043729,-2.40814464970473e-05,-0.00142114540043729,-0.000408454731360737,0.0117596542048092
1059.28422864097,-0.000598078104622558,8.66561203498556e-05,-2.37665242180028e-05,-0.00141124544922877,-2.37665242180028e-05,-0.00141124544922878,-0.000402855912248052,0.0116788615286734
1066.63052198171,-0.000590001152414992,8.71571119590517e-05,-2.34555044775027e-05,-0.0014014159285844,-2.34555044775027e-05,-0.0014014159285844,-0.000397333728043381,0.0115986211988936
1074.02776295709,-0.000582031497314216,8.76325499409659e-05,-2.31483449189457e-05,-0.0013916563090741,-2.31483449189457e-05,-0.0013916563090741,-0.000391887132767435,0.0115189294950561
1081.4763048965,-0.000574167761959226,8.80830496723136e-05,-2.28450034713844e-05,-0.00138196606576668,-2.28450034713844e-05,-0.00138196606576668,-0.000386515094636986,0.011439782720665
1088.97650357974,-0.000566408585371748,8.8509213745983e-05,-2.25454383532723e-05,-0.00137234467818312,-2.25454383532723e-05,-0.00137234467818312,-0.000381216595874348,0.0113611772030119
1096.52871725401,-0.00055875262279702,8.891163221896e-05,-2.2249608075967e-05,-0.00136279163025064,-2.2249608075967e-05,-0.00136279163025064,-0.000375990632519387,0.011283109293046
1104.13330665098,-0.000551198545545063,8.92908828557693e-05,-2.19574714469954e-05,-0.00135330641025725,-2.19574714469954e-05,-0.00135330641025725,-0.000370836214243963,0.0112055753652442
1111.79063500406,-0.000543745040832534,8.96475313674988e-05,-2.16689875730908e-05,-0.00134388851080689,-2.16689875730908e-05,-0.00134388851080689,-0.000365752364168845,0.0111285718174816
1119.50106806575,-0.000536390811625139,8.99821316464833e-05,-2.13841158630076e-05,-0.00133453742877508,-2.13841158630076e-05,-0.00133453742877508,-0.000360738118682998,0.0110520950709024
1127.26497412507,-0.000529134576480693,9.02952259967137e-05,-2.11028160301226e-05,-0.00132525266526524,-2.11028160301227e-05,-0.00132525266526524,-0.000355792527265277,0.0109761415697907
1135.0827240252,-0.000521975069392791,9.05873453600433e-05,-2.08250480948288e-05,-0.00131603372556538,-2.08250480948288e-05,-0.00131603372556538,-0.000350914652308436,0.0109007077814417
1142.95469118117,-0.00051491103963519,9.08590095382592e-05,-2.05507723867296e-05,-0.00130688011910549,-2.05507723867296e-05,-0.00130688011910549,-0.000346103568945479,0.0108257901960334
1150.8812515977,-0.000507941251606856,9.1110727411087e-05,-2.02799495466401e-05,-0.00129779135941537,-2.02799495466401e-05,-0.00129779135941537,-0.000341358364878283,0.010751385326498
1158.86278388715,-0.000501064484677776,9.13429971501936e-05,-2.00125405284019e-05,-0.00128876696408299,-2.00125405284019e-05,-0.00128876696408299,-0.000336678140208489,0.0106774897083945
1166.89966928762,-0.000494279533035482,9.15563064292578e-05,-1.97485066005173e-05,-0.00127980645471338,-1.97485066005173e-05,-0.00127980645471338,-0.000332062007270608,0.0106040998997804
1174.99229168114,-0.000487585205532387,9.17511326301699e-05,-1.94878093476109e-05,-0.00127090935688806,-1.94878093476108e-05,-0.00127090935688806,-0.000327509090467351,0.0105312124810852
1183.14103761204,-0.000480980325533881,9.19279430454276e-05,-1.92304106717222e-05,-0.00126207520012488,-1.92304106717222e-05,-0.00126207520012488,-0.000323018526107108,0.0104588240549825
1191.34629630538,-0.000474463730767287,9.20871950767898e-05,-1.89762727934385e-05,-0.00125330351783847,-1.89762727934385e-05,-0.00125330351783847,-0.000318589462243597,0.0103869312462641
1199.60845968555,-0.00046803427317161,9.22293364302522e-05,-1.87253582528692e-05,-0.00124459384730109,-1.87253582528692e-05,-0.00124459384730109,-0.000314221058517609,0.0103155307017133
1207.92792239501,-0.000461690818748187,9.23548053074061e-05,-1.84776299104726e-05,-0.00123594572960404,-1.84776299104726e-05,-0.00123594572960404,-0.00030991248600087,0.0102446190899788
1216.3050818131,-0.000455432247412172,9.24640305932404e-05,-1.82330509477355e-05,-0.00122735870961941,-1.82330509477355e-05,-0.00122735870961941,-0.000305662927041939,0.0101741931014494
1224.74033807505,-0.000449257452844954,9.25574320404491e-05,-1.79915848677149e-05,-0.00121883233596251,-1.79915848677149e-05,-0.00121883233596251,-0.000301471575114178,0.0101042494481285
1233.23409409112,-0.000443165342347442,9.26354204503014e-05,-1.77531954954443e-05,-0.00121036616095455,-1.77531954954443e-05,-0.00121036616095455,-0.000297337634665705,0.0100347848635091
1241.78675556577,-0.000437154836694318,9.26983978501342e-05,-1.75178469782111e-05,-0.00120195974058593,-1.75178469782111e-05,-0.00120195974058593,-0.000293260320971359,0.00996579610244987
1250.39873101711,-0.000431224869989188,9.27467576675247e-05,-1.72855037857087e-05,-0.00119361263447989,-1.72855037857087e-05,-0.00119361263447989,-0.000289238859986609,0.00989727994105007
1259.07043179635,-0.000425374389520721,9.27808849011994e-05,-1.70561307100701e-05,-0.00118532440585665,-1.70561307100701e-05,-0.00118532440585665,-0.000285272488203414,0.00982923317652659
1267.80227210752,-0.000419602355619724,9.28011562887356e-05,-1.68296928657845e-05,-0.00117709462149798,-1.68296928657845e-05,-0.00117709462149798,-0.000281360452507982,0.00976165262709021
1276.5946690272,-0.000413907741517216,9.28079404711116e-05,-1.66061556895044e-05,-0.0011689228517122,-1.66061556895044e-05,-0.0011689228517122,-0.000277502010040431,0.00969453513182275
1285.44804252445,-0.000408289533203484,9.28015981541589e-05,-1.63854849397459e-05,-0.00116080867029959,-1.63854849397459e-05,-0.00116080867029959,-0.000273696428056304,0.00962787755055459
1294.36281548089,-0.000402746729288127,9.27824822669708e-05,-1.61676466964861e-05,-0.00115275165451826,-1.61676466964861e-05,-0.00115275165451826,-0.000269942983789927,0.00956167676374236
1303.33941371088,-0.000397278340861133,9.27509381173205e-05,-1.59526073606629e-05,-0.0011447513850504,-1.59526073606629e-05,-0.0011447513850504,-0.000266240964319583,0.00949592967234748
1312.37826598188,-0.000391883391354948,9.270730354414e-05,-1.57403336535803e-05,-0.00113680744596894,-1.57403336535803e-05,-0.00113680744596894,-0.000262589666434478,0.00943063319771465
1321.47980403488,-0.000386560916407597,9.26519090671122e-05,-1.55307926162232e-05,-0.00112891942470468,-1.55307926162232e-05,-0.00112891942470468,-0.000258988396503479,0.00936578428145121
1330.6444626051,-0.000381309963726814,9.25850780334254e-05,-1.53239516084855e-05,-0.00112108691201368,-1.53239516084855e-05,-0.00112108691201368,-0.000255436470345595,0.00930137988530653
1339.87267944269,-0.000376129592955239,9.25071267617427e-05,-1.5119778308315e-05,-0.00111330950194521,-1.5119778308315e-05,-0.00111330950194521,-0.000251933213102191,0.00923741699105223
1349.16489533366,-0.000371018875536639,9.24183646834315e-05,-1.49182407107789e-05,-0.00110558679180996,-1.49182407107789e-05,-0.00110558679180996,-0.000248477959110888,0.00917389260036253
1358.52155412096,-0.000365976894583208,9.23190944811054e-05,-1.47193071270529e-05,-0.00109791838214868,-1.47193071270529e-05,-0.00109791838214868,-0.000245070051781167,0.00911080373469527
1367.94310272563,-0.0003610027447439,9.22096122245232e-05,-1.45229461833372e-05,-0.00109030387670123,-1.45229461833372e-05,-0.00109030387670123,-0.000241708843471605,0.00904814743517318
1377.42999116818,-0.000356095532073855,9.20902075038941e-05,-1.43291268197034e-05,-0.00108274288237592,-1.43291268197034e-05,-0.00108274288237592,-0.00023839369536877,0.00898592076246591
1386.98267259009,-0.000351254373904862,9.19611635606329e-05,-1.41378182888737e-05,-0.00107523500921929,-1.41378182888737e-05,-0.00107523500921929,-0.000235123977367718,0.00892412079667213
1396.60160327544,-0.000346478398716928,9.18227574156134e-05,-1.3948990154938e-05,-0.00106777987038623,-1.3948990154938e-05,-0.00106777987038623,-0.000231899067954096,0.00886274463720251
1406.2872426727,-0.00034176674601089,9.1675259994962e-05,-1.37626122920086e-05,-0.00106037708211045,-1.37626122920087e-05,-0.00106037708211045,-0.000228718354087806,0.00880178940266277
1416.04005341668,-0.000337118566182135,9.15189362534382e-05,-1.35786548828185e-05,-0.00105302626367528,-1.35786548828185e-05,-0.00105302626367528,-0.000225581231088237,0.00874125223073761
1425.86050135065,-0.000332533020395372,9.13540452954428e-05,-1.33970884172632e-05,-0.00104572703738488,-1.33970884172632e-05,-0.00104572703738488,-0.000222487102521017,0.00868113027807472
1435.74905554856,-0.000328009280460519,9.11808404936988e-05,-1.32178836908914e-05,-0.00103847902853573,-1.32178836908914e-05,-0.00103847902853573,-0.000219435380086295,0.00862142072016962
1445.70618833745,-0.000323546528709637,9.09995696056447e-05,-1.30410118033443e-05,-0.00103128186538846,-1.30410118033443e-05,-0.00103128186538846,-0.000216425483508496,0.00856212075125071
1455.73237532004,-0.000319143957874984,9.08104748875845e-05,-1.28664441567492e-05,-0.00102413517914008,-1.28664441567492e-05,-0.00102413517914008,-0.000213456840427576,0.00850322758416504
1465.8280953974,-0.000314800770968126,9.06137932066311e-05,-1.26941524540659e-05,-0.00101703860389647,-1.26941524540659e-05,-0.00101703860389647,-0.000210528886291704,0.00844473845026432
1475.99383079187,-0.000310516181160158,9.04097561504872e-05,-1.25241086973927e-05,-0.00100999177664521,-1.25241086973927e-05,-0.00100999177664521,-0.000207641064251411,0.0083866505992917
1486.23006707006,-0.000306289411662988,9.01985901351002e-05,-1.23562851862297e-05,-0.00100299433722872,-1.23562851862297e-05,-0.00100299433722872,-0.000204792825055125,0.00832896129926878
1496.53729316606,-0.000302119695611725,8.99805165102309e-05,-1.21906545157063e-05,-0.00099604592831775,-1.21906545157063e-05,-0.000996045928317751,-0.000201983626946134,0.00827166783638335
1506.9160014048,-0.000298006275948135,8.97557516629742e-05,-1.20271895747698e-05,-0.000989146195385166,-1.20271895747698e-05,-0.000989146195385166,-0.000199212935560911,0.0082147675148774
1517.36668752555,-0.000293948405305197,8.9524507119269e-05,-1.18658635443427e-05,-0.000982294786680009,-1.18658635443427e-05,-0.000982294786680009,-0.000196480223828808,0.00815825765693589
1527.88985070559,-0.00028994534589272,8.9286989643434e-05,-1.17066498954453e-05,-0.000975491353201888,-1.17066498954453e-05,-0.000975491353201889,-0.000193784971873096,0.00810213560257574
1538.4859935841,-0.000285996369384061,8.9043401335766e-05,-1.15495223872906e-05,-0.000968735548675677,-1.15495223872906e-05,-0.000968735548675677,-0.000191126666913332,0.00804639870953563
1549.15562228612,-0.000282100756803899,8.87939397282362e-05,-1.13944550653484e-05,-0.000962027029526471,-1.13944550653484e-05,-0.000962027029526471,-0.000188504803169034,0.00799104435316598
1559.89924644673,-0.000278257798417105,8.85387978783195e-05,-1.12414222593848e-05,-0.00095536545485487,-1.12414222593848e-05,-0.00095536545485487,-0.000185918881764652,0.00793606992631977
1570.71737923542,-0.000274466793618663,8.82781644609911e-05,-1.10903985814761e-05,-0.000948750486412516,-1.10903985814761e-05,-0.000948750486412516,-0.00018336841063581,0.00788147283924354
1581.61053738059,-0.000270727050824678,8.80122238589254e-05,-1.09413589239991e-05,-0.000942181788577937,-1.09413589239991e-05,-0.000942181788577937,-0.000180852904436815,0.00782725051946926
1592.57924119422,-0.000267037887364438,8.77411562509274e-05,-1.0794278457601e-05,-0.000935659028332643,-1.0794278457601e-05,-0.000935659028332643,-0.000178371884449399,0.00777340041170633
1603.62401459674,-0.000263398629373546,8.74651376986347e-05,-1.06491326291484e-05,-0.000929181875237524,-1.06491326291484e-05,-0.000929181875237524,-0.000175924878492697,0.00771991997773444
1614.74538514202,-0.000259808611688103,8.71843402315162e-05,-1.05058971596579e-05,-0.000922750001409488,-1.05058971596579e-05,-0.000922750001409488,-0.000173511420834427,0.00766680669629669
1625.94388404263,-0.000256267177739955,8.68989319302042e-05,-1.03645480422107e-05,-0.000916363081498394,-1.03645480422107e-05,-0.000916363081498394,-0.000171131052103267,0.00761405806299339
1637.22004619516,-0.000252773679452978,8.66090770081875e-05,-1.022506153985e-05,-0.000910020792664219,-1.022506153985e-05,-0.00091002079266422,-0.000168783319202416,0.00756167159017628
1648.57441020578,-0.000249327477140427,8.63149358918986e-05,-1.00874141834659e-05,-0.000903722814554512,-1.00874141834659e-05,-0.000903722814554513,-0.000166467775224309,0.00750964480684333
1660.00751841599,-0.000245927939403304,8.6016665299223e-05,-9.95158276966591e-06,-0.000897468829282075,-9.95158276966591e-06,-0.000897468829282075,-0.000164183979366484,0.00745797525853397
1671.51991692849,-0.000242574443029788,8.57144183164619e-05,-9.81754435863499e-06,-0.000891258521402921,-9.81754435863498e-06,-0.000891258521402921,-0.000161931496848584,0.00740666050722503
1683.11215563331,-0.000239266372895671,8.5408344473776e-05,-9.6852762719841e-06,-0.000885091577894457,-9.68527627198411e-06,-0.000885091577894457,-0.00015970989883047,0.0073556981312269
1694.78478823403,-0.000236003121865847,8.50985898191398e-05,-9.55475609059058e-06,-0.000878967688133938,-9.55475609059058e-06,-0.000878967688133939,-0.000157518762331447,0.00730508572508052
1706.53837227424,-0.000232784090696796,8.47852969908337e-05,-9.42596165242943e-06,-0.000872886543877132,-9.42596165242943e-06,-0.000872886543877132,-0.000155357670150564,0.00725482089945466
1718.37346916419,-0.00022960868794011,8.44686052885025e-05,-9.29887105039832e-06,-0.00086684783923725,-9.29887105039832e-06,-0.00086684783923725,-0.000153226210788004,0.00720490128104389
1730.2906442076,-0.000226476329847009,8.41486507428055e-05,-9.17346263013615e-06,-0.00086085127066409,-9.17346263013615e-06,-0.00086085127066409,-0.000151123978367518,0.0071553245124669
1742.29046662864,-0.000223386440273875,8.38255661836876e-05,-9.04971498783702e-06,-0.000854896536923433,-9.04971498783702e-06,-0.000854896536923433,-0.00014905057255992,0.00710608825216554
1754.37350959913,-0.00022033845058878,8.34994813072946e-05,-8.92760696805986e-06,-0.000848983339076644,-8.92760696805986e-06,-0.000848983339076644,-0.000147005598507601,0.00705719017430416
1766.54035026596,-0.000217331799579003,8.31705227415602e-05,-8.8071176615353e-06,-0.000843111380460516,-8.8071176615353e-06,-0.000843111380460516,-0.000144988666750065,0.00700862796866965
1778.79156977856,-0.000214365933359549,8.28388141104895e-05,-8.68822640297048e-06,-0.000837280366667335,-8.68822640297048e-06,-0.000837280366667335,-0.000142999393150478,0.00696039934057198
1791.12775331676,-0.000211440305282629,8.25044760971634e-05,-8.57091276885215e-06,-0.000831490005525148,-8.57091276885216e-06,-0.000831490005525148,-0.000141037398823193,0.00691250201074508
1803.54949011869,-0.000208554375848131,8.21676265054887e-05,-8.45515657525007e-06,-0.00082574000707827,-8.45515657525007e-06,-0.00082574000707827,-0.000139102310062268,0.00686493371524853
1816.05737350894,-0.000205707612615051,8.18283803207171e-05,-8.34093787561992e-06,-0.000820030083567982,-8.34093787561992e-06,-0.000820030083567982,-0.000137193758270938,0.00681769220536948
1828.65200092687,-0.00020289949011389,8.14868497687582e-05,-8.22823695860831e-06,-0.000814359949413462,-8.22823695860831e-06,-0.000814359949413462,-0.000135311379892048,0.00677077524752536
1841.33397395519,-0.000200129489760001,8.11431443743065e-05,-8.11703434585884e-06,-0.000808729321192896,-8.11703434585884e-06,-0.000808729321192896,-0.000133454816339418,0.00672418062316684
1854.10389834867,-0.000197397099767893,8.07973710178093e-05,-8.00731078982148e-06,-0.000803137917624826,-8.00731078982148e-06,-0.000803137917624826,-0.000131623713930141,0.00667790612868155
1866.9623840631,-0.000194701815066469,8.04496339912931e-05,-7.89904727156464e-06,-0.000797585459549665,-7.89904727156464e-06,-0.000797585459549665,-0.000129817723817795,0.00663194957529814
1879.91004528435,-0.000192043137215205,8.01000350530745e-05,-7.79222499859179e-06,-0.000792071669911444,-7.7922249985918e-06,-0.000792071669911444,-0.000128036501926557,0.00658630878899101
1892.94750045783,-0.000189420574321252,7.97486734813735e-05,-7.68682540266215e-06,-0.000786596273739726,-7.68682540266214e-06,-0.000786596273739726,-0.000126279708886203,0.00654098161038536
1906.0753723179,-0.000186833640957467,7.93956461268534e-05,-7.58283013761692e-06,-0.000781158998131741,-7.58283013761693e-06,-0.000781158998131742,-0.000124547009967997,0.00649596589466301
1919.29428791772,-0.000184281858081351,7.9041047464105e-05,-7.4802210772111e-06,-0.000775759572234687,-7.48022107721109e-06,-0.000775759572234687,-0.000122838075021437,0.00645125951146847
1932.60487865912,-0.000181764752954899,7.86849696420986e-05,-7.37898031295175e-06,-0.000770397727228241,-7.37898031295175e-06,-0.000770397727228241,-0.000121152578411869,0.00640686034481575
1946.00778032282,-0.00017928185906535,7.83275025336197e-05,-7.27909015194296e-06,-0.000765073196307235,-7.27909015194296e-06,-0.000765073196307235,-0.000119490198958924,0.00636276629299551
1959.50363309877,-0.00017683271604683,7.79687337837129e-05,-7.18053311473839e-06,-0.000759785714664538,-7.18053311473839e-06,-0.000759785714664539,-0.000117850619875816,0.00631897526848289
1973.09308161673,-0.000174416869602876,7.76087488571483e-05,-7.08329193320138e-06,-0.0007545350194741,-7.08329193320138e-06,-0.0007545350194741,-0.000116233528709437,0.00627548519784563
1986.77677497706,-0.000172033871429854,7.72476310849331e-05,-6.98734954837369e-06,-0.000749320849874187,-6.9873495483737e-06,-0.000749320849874187,-0.000114638617281279,0.00623229402165299
2000.55536678172,-0.000169683279141229,7.6885461709884e-05,-6.89268910835261e-06,-0.00074414294695078,-6.89268910835261e-06,-0.000744142946950781,-0.000113065581629146,0.00618939969438487
2014.42951516552,-0.000167364656192718,7.65223199312813e-05,-6.79929396617767e-06,-0.000739001053721169,-6.79929396617767e-06,-0.00073900105372117,-0.000111514121949664,0.0061468001843417
2028.39988282751,-0.000165077571808287,7.61582829486197e-05,-6.70714767772643e-06,-0.000733894915117688,-6.70714767772643e-06,-0.000733894915117688,-0.00010998394254156,0.00610449347355465
2042.46713706267,-0.000162821600907004,7.57934260044766e-05,-6.61623399962075e-06,-0.000728824277971651,-6.61623399962075e-06,-0.000728824277971651,-0.000108474751749721,0.00606247755769651
2056.63194979376,-0.000160596324030736,7.54278224265109e-05,-6.52653688714283e-06,-0.000723788890997429,-6.52653688714283e-06,-0.000723788890997429,-0.00010698626191,0.00602075044599288
2070.89499760343,-0.000158401327272681,7.5061543668614e-05,-6.43804049216246e-06,-0.000718788504776713,-6.43804049216246e-06,-0.000718788504776713,-0.000105518189294779,0.00597931016113409
2085.25696176653,-0.000156236202206721,7.46946593512244e-05,-6.3507291610747e-06,-0.00071382287174292,-6.3507291610747e-06,-0.00071382287174292,-0.00010407025405926,0.00593815473918737
2099.71852828265,-0.000154100545817609,7.43272373008281e-05,-6.26458743274938e-06,-0.000708891746165778,-6.26458743274938e-06,-0.000708891746165778,-0.000102642180188498,0.0058972822295098
2114.2803879089,-0.000151993960431959,7.39593435886541e-05,-6.17960003649171e-06,-0.000703994884136055,-6.17960003649172e-06,-0.000703994884136055,-0.000101233695445139,0.00585669069466149
2128.94323619287,-0.000149916053650046,7.35910425685865e-05,-6.09575189001525e-06,-0.000699132043550453,-6.09575189001526e-06,-0.000699132043550453,-9.98445313178745e-05,0.00581637821031949
2143.7077735059,-0.000147866438278403,7.32223969143047e-05,-6.01302809742653e-06,-0.00069430298409665,-6.01302809742653e-06,-0.00069430298409665,-9.84744229705898e-05,0.00577634286519201
2158.57470507649,-0.000145844732263217,7.28534676556691e-05,-5.93141394722244e-06,-0.000689507467238505,-5.93141394722245e-06,-0.000689507467238505,-9.71231091922108e-05,0.00573658276093325
2173.54474102402,-0.000143850558624497,7.24843142143654e-05,-5.85089491029996e-06,-0.000684745256201394,-5.85089491029997e-06,-0.000684745256201394,-9.57903323472206e-05,0.00569709601205868
2188.61859639264,-0.000141883545391031,7.21149944388235e-05,-5.77145663797902e-06,-0.000680016115957722,-5.77145663797903e-06,-0.000680016115957722,-9.44758383268573e-05,0.00565788074586086
2203.79699118545,-0.000139943325536099,7.17455646384234e-05,-5.69308496003802e-06,-0.000675319813212549,-5.69308496003802e-06,-0.00067531981321255,-9.31793765009661e-05,0.00561893510232566
2219.08065039887,-0.00013802953691397,7.1376079617005e-05,-5.61576588276306e-06,-0.000670656116389393,-5.61576588276306e-06,-0.000670656116389393,-9.19006996705123e-05,0.00558025723404907
2234.47030405729,-0.000136141822197127,7.10065927056917e-05,-5.53948558701007e-06,-0.000666024795616145,-5.53948558701008e-06,-0.000666024795616145,-9.06395640207328e-05,0.00554184530615439
2249.9666872479,-0.000134279828814261,7.0637155795045e-05,-5.46423042628111e-06,-0.000661425622711155,-5.46423042628111e-06,-0.000661425622711155,-8.93957290749292e-05,0.00550369749621007
2265.57054015586,-0.000132443208888996,7.02678193665602e-05,-5.38998692481383e-06,-0.000656858371169427,-5.38998692481383e-06,-0.000656858371169427,-8.81689576488833e-05,0.0054658119941478
2281.28260809959,-0.000130631619179351,6.98986325235188e-05,-5.31674177568535e-06,-0.00065232281614898,-5.31674177568535e-06,-0.00065232281614898,-8.69590158058973e-05,0.00542818700218134
2297.10364156645,-0.000128844721017923,6.95296430212077e-05,-5.24448183892981e-06,-0.000647818734457319,-5.24448183892981e-06,-0.000647818734457319,-8.5765672812439e-05,0.00539082073472562
2313.0343962485,-0.000127082180252799,6.91608972965207e-05,-5.17319413967033e-06,-0.000643345904538061,-5.17319413967033e-06,-0.000643345904538062,-8.45887010943957e-05,0.00535371141831646
2329.07563307866,-0.000125343667189164,6.87924404969507e-05,-5.10286586626501e-06,-0.000638904106457676,-5.10286586626501e-06,-0.000638904106457676,-8.34278761939165e-05,0.00531685729153066
2345.22811826701,-0.000123628856531632,6.8424316508989e-05,-5.03348436846761e-06,-0.00063449312189237,-5.03348436846762e-06,-0.00063449312189237,-8.22829767268473e-05,0.00528025660490669
2361.49262333744,-0.000121937427327261,6.80565679859393e-05,-4.96503715560239e-06,-0.000630112734115089,-4.9650371556024e-06,-0.000630112734115089,-8.11537843407383e-05,0.00524390762086568
2377.86992516445,-0.000120269062909266,6.76892363751617e-05,-4.89751189475384e-06,-0.000625762727982663,-4.89751189475384e-06,-0.000625762727982663,-8.00400836734285e-05,0.00520780861363313
2394.36080601029,-0.000118623450841408,6.73223619447539e-05,-4.83089640897072e-06,-0.000621442889923052,-4.83089640897072e-06,-0.000621442889923052,-7.89416623121872e-05,0.00517195786916078
2410.96605356231,-0.00011700028286307,6.69559838096858e-05,-4.76517867548519e-06,-0.000617153007922744,-4.76517867548519e-06,-0.000617153007922744,-7.78583107534173e-05,0.00513635368504929
2427.6864609706,-0.000115399254834994,6.65901399573931e-05,-4.70034682394638e-06,-0.00061289287151425,-4.70034682394638e-06,-0.00061289287151425,-7.67898223629006e-05,0.00510099437047103
2444.52282688584,-0.000113820066685683,6.62248672728446e-05,-4.63638913466905e-06,-0.000608662271763744,-4.63638913466905e-06,-0.000608662271763744,-7.57359933365897e-05,0.0050658782460937
2461.4759554975,-0.00011226242235846,6.58602015630919e-05,-4.57329403689698e-06,-0.000604461001258797,-4.57329403689698e-06,-0.000604461001258798,-7.4696622661928e-05,0.00503100364400407
2478.54665657221,-0.000110726029759175,6.54961775813113e-05,-4.51105010708133e-06,-0.00060028885409625,-4.51105010708134e-06,-0.00060028885409625,-7.36715120796992e-05,0.00499636890763244
2495.73574549243,-0.000109210600704552,6.51328290503505e-05,-4.44964606717408e-06,-0.000596145625870195,-4.44964606717408e-06,-0.000596145625870195,-7.26604660463968e-05,0.00496197239167745
2513.04404329547,-0.000107715850871178,6.4770188685786e-05,-4.38907078293615e-06,-0.000592031113660065,-4.38907078293615e-06,-0.000592031113660065,-7.16632916971008e-05,0.00492781246203132
2530.47237671259,-0.000106241499745109,6.44082882185058e-05,-4.32931326226091e-06,-0.000587945116018854,-4.32931326226092e-06,-0.000587945116018854,-7.06797988088662e-05,0.00489388749570563
2548.02157820863,-0.000104787270572111,6.4047158416821e-05,-4.27036265351235e-06,-0.000583887432961426,-4.27036265351235e-06,-0.000583887432961427,-6.97097997646039e-05,0.00486019588075745
2565.69248602162,-0.000103352890308503,6.36868291081231e-05,-4.21220824387859e-06,-0.000579857865952964,-4.21220824387859e-06,-0.000579857865952964,-6.87531095174585e-05,0.00482673601621608
2583.48594420295,-0.00010193808957262,6.33273292000873e-05,-4.15483945774006e-06,-0.000575856217897493,-4.15483945774006e-06,-0.000575856217897493,-6.78095455556657e-05,0.00479350631201
2601.4028026576,-0.000100542602596872,6.29686867014403e-05,-4.09824585505315e-06,-0.000571882293126549,-4.09824585505315e-06,-0.000571882293126549,-6.68789278678946e-05,0.00476050518889454
2619.4439171848,-9.91661671803958e-05,6.26109287422919e-05,-4.0424171297484e-06,-0.000567935897387921,-4.0424171297484e-06,-0.000567935897387921,-6.59610789090551e-05,0.00472773107837978
2637.61014951883,-9.7808524642304e-05,6.22540815940478e-05,-3.98734310814408e-06,-0.000564016837834527,-3.98734310814409e-06,-0.000564016837834527,-6.50558235665774e-05,0.00469518242265903
2655.90236737027,-9.64694197755072e-05,6.1898170688905e-05,-3.93301374737449e-06,-0.000560124923013368,-3.93301374737449e-06,-0.000560124923013368,-6.41629891271454e-05,0.00466285767453763
2674.32144446737,-9.51486008011197e-05,6.15432206389429e-05,-3.87941913383337e-06,-0.000556259962854609,-3.87941913383338e-06,-0.000556259962854609,-6.32824052438881e-05,0.00463075529736235
2692.86826059784,-9.38458193234287e-05,6.11892552548152e-05,-3.82654948163214e-06,-0.000552421768660742,-3.82654948163214e-06,-0.000552421768660742,-6.24139039040132e-05,0.00459887376495106
2711.54370165082,-9.25608302854331e-05,6.08362975640533e-05,-3.77439513107312e-06,-0.000548610153095867,-3.77439513107312e-06,-0.000548610153095867,-6.15573193968866e-05,0.00456721156152297
2730.34865965925,-9.12933919249326e-05,6.04843698289854e-05,-3.72294654713751e-06,-0.000544824930175052,-3.72294654713751e-06,-0.000544824930175052,-6.07124882825422e-05,0.00453576718162916
2749.28403284242,-9.00432657311741e-05,6.01334935642836e-05,-3.67219431798835e-06,-0.000541065915253816,-3.67219431798835e-06,-0.000541065915253817,-5.9879249360625e-05,0.00450453913008377
2768.35072564895,-8.88102164020372e-05,5.97836895541421e-05,-3.62212915348797e-06,-0.000537332925017685,-3.62212915348797e-06,-0.000537332925017685,-5.90574436397541e-05,0.00447352592189532
2787.54964879989,-8.75940118017635e-05,5.9434977869097e-05,-3.57274188373058e-06,-0.00053362577747186,-3.57274188373058e-06,-0.00053362577747186,-5.82469143073064e-05,0.00444272608219873
2806.88171933232,-8.63944229192129e-05,5.90873778824926e-05,-3.52402345758906e-06,-0.000529944291930971,-3.52402345758906e-06,-0.000529944291930971,-5.74475066996087e-05,0.00441213814618761
2826.34786064308,-8.5211223826652e-05,5.87409082866044e-05,-3.47596494127683e-06,-0.000526288289008934,-3.47596494127683e-06,-0.000526288289008934,-5.66590682725402e-05,0.00438176065904701
2845.94900253294,-8.40441916390574e-05,5.83955871084213e-05,-3.42855751692387e-06,-0.000522657590608884,-3.42855751692387e-06,-0.000522657590608884,-5.58814485725319e-05,0.00435159217588658
2865.68608125093,-8.28931064739392e-05,5.80514317250992e-05,-3.38179248116761e-06,-0.000519052019913221,-3.38179248116762e-06,-0.000519052019913221,-5.51144992079652e-05,0.00432163126167424
2885.56003953913,-8.17577514116673e-05,5.77084588790868e-05,-3.33566124375792e-06,-0.000515471401373726,-3.33566124375792e-06,-0.000515471401373726,-5.43580738209567e-05,0.00429187649117009
2905.57182667768,-8.06379124563065e-05,5.73666846929362e-05,-3.29015532617676e-06,-0.000511915560701783,-3.29015532617675e-06,-0.000511915560701783,-5.36120280595321e-05,0.00426232644886094
2925.72239853012,-7.95333784969429e-05,5.70261246837988e-05,-3.2452663602719e-06,-0.000508384324858673,-3.2452663602719e-06,-0.000508384324858673,-5.2876219550175e-05,0.00423297972889506
2946.01271758903,-7.84439412695071e-05,5.6686793777619e-05,-3.20098608690509e-06,-0.000504877522045975,-3.20098608690509e-06,-0.000504877522045975,-5.21505078707544e-05,0.0042038349350175
2966.44375302203,-7.73693953190777e-05,5.63487063230248e-05,-3.15730635461414e-06,-0.00050139498169603,-3.15730635461414e-06,-0.00050139498169603,-5.14347545238185e-05,0.00417489068050572
2987.01648071805,-7.630953796267e-05,5.60118761049292e-05,-3.11421911828934e-06,-0.000497936534462515,-3.11421911828935e-06,-0.000497936534462515,-5.07288229102552e-05,0.00414614558810569
3007.73188333398,-7.52641692524943e-05,5.56763163578407e-05,-3.07171643786366e-06,-0.000494502012211076,-3.07171643786366e-06,-0.000494502012211076,-5.00325783033091e-05,0.0041175982899683
3028.59095034155,-7.42330919396876e-05,5.53420397788951e-05,-3.029790477017e-06,-0.000491091248010069,-3.029790477017e-06,-0.000491091248010069,-4.93458878229569e-05,0.00408924742758635
3049.59467807464,-7.32161114385042e-05,5.50090585406094e-05,-2.98843350189424e-06,-0.000487704076121361,-2.98843350189424e-06,-0.000487704076121362,-4.86686204106284e-05,0.00406109165173168
3070.74406977686,-7.22130357909689e-05,5.46773843033675e-05,-2.94763787983708e-06,-0.000484340331991233,-2.94763787983708e-06,-0.000484340331991233,-4.80006468042763e-05,0.00403312962239299
3092.04013564946,-7.12236756319783e-05,5.43470282276395e-05,-2.90739607812945e-06,-0.000480999852241343,-2.90739607812946e-06,-0.000480999852241343,-4.73418395137827e-05,0.00400536000871382
3113.48389289956,-7.02478441548538e-05,5.4018000985943e-05,-2.8677006627567e-06,-0.000477682474659789,-2.8677006627567e-06,-0.000477682474659789,-4.66920727967048e-05,0.00397778148893108
3135.07636578881,-6.92853570773315e-05,5.36903127745493e-05,-2.82854429717799e-06,-0.000474388038192232,-2.82854429717799e-06,-0.000474388038192232,-4.60512226343484e-05,0.00395039275031384
3156.8185856822,-6.83360326079948e-05,5.33639733249416e-05,-2.78991974111242e-06,-0.000471116382933113,-2.78991974111242e-06,-0.000471116382933113,-4.54191667081712e-05,0.00392319248910268
3178.71159109747,-6.73996914131324e-05,5.3038991915029e-05,-2.7518198493382e-06,-0.000467867350116933,-2.7518198493382e-06,-0.000467867350116934,-4.47957843765052e-05,0.00389617941044922
3200.75642775457,-6.64761565840284e-05,5.27153773801217e-05,-2.7142375705052e-06,-0.000464640782109625,-2.7142375705052e-06,-0.000464640782109625,-4.41809566515999e-05,0.00386935222835624
3222.9541486257,-6.55652536046685e-05,5.2393138123672e-05,-2.67716594596055e-06,-0.000461436522399977,-2.67716594596056e-06,-0.000461436522399977,-4.35745661769759e-05,0.00384270966561804
3245.30581398558,-6.46668103198674e-05,5.20722821277869e-05,-2.64059810858733e-06,-0.000458254415591162,-2.64059810858733e-06,-0.000458254415591163,-4.29764972050912e-05,0.00381625045376126
3267.81249146208,-6.37806569038029e-05,5.17528169635151e-05,-2.60452728165611e-06,-0.000455094307392311,-2.60452728165611e-06,-0.000455094307392311,-4.23866355753091e-05,0.00378997333298603
3290.47525608724,-6.29066258289611e-05,5.14347498009147e-05,-2.56894677768947e-06,-0.000451956044610178,-2.56894677768947e-06,-0.000451956044610178,-4.180486869217e-05,0.00376387705210755
3313.29519034861,-6.20445518354779e-05,5.11180874189055e-05,-2.53384999733906e-06,-0.000448839475140867,-2.53384999733906e-06,-0.000448839475140867,-4.12310855039574e-05,0.00373796036849798
3336.27338424092,-6.11942719008821e-05,5.08028362149101e-05,-2.49923042827557e-06,-0.000445744447961641,-2.49923042827557e-06,-0.000445744447961641,-4.06651764815591e-05,0.00371222204802879
3359.41093531822,-6.03556252102265e-05,5.04890022142875e-05,-2.46508164409094e-06,-0.000442670813122785,-2.46508164409094e-06,-0.000442670813122786,-4.01070335976148e-05,0.00368666086501339
3382.70894874623,-5.95284531266088e-05,5.01765910795663e-05,-2.43139730321331e-06,-0.000439618421739559,-2.43139730321331e-06,-0.000439618421739559,-3.9556550305951e-05,0.00366127560215022
3406.16853735517,-5.87125991620726e-05,4.98656081194766e-05,-2.39817114783407e-06,-0.000436587125984197,-2.39817114783407e-06,-0.000436587125984197,-3.90136215212944e-05,0.00363606505046611
3429.7908216929,-5.7907908948889e-05,4.95560582977907e-05,-2.36539700284736e-06,-0.000433576779077999,-2.36539700284736e-06,-0.000433576779077999,-3.84781435992652e-05,0.00361102800926011
3453.57693007845,-5.71142302112077e-05,4.92479462419705e-05,-2.33306877480152e-06,-0.000430587235283469,-2.33306877480152e-06,-0.000430587235283469,-3.79500143166409e-05,0.00358616328604759
3477.5279986559,-5.63314127370798e-05,4.8941276251631e-05,-2.30118045086275e-06,-0.000427618349896532,-2.30118045086275e-06,-0.000427618349896532,-3.74291328518921e-05,0.00356146969650477
3501.64517144866,-5.55593083508441e-05,4.86360523068195e-05,-2.26972609779064e-06,-0.000424669979238816,-2.26972609779064e-06,-0.000424669979238816,-3.69153997659835e-05,0.0035369460644136
3525.92960041413,-5.4797770885871e-05,4.8332278076117e-05,-2.23869986092546e-06,-0.000421741980649989,-2.23869986092546e-06,-0.000421741980649989,-3.64087169834365e-05,0.0035125912216069
3550.38244549867,-5.40466561576646e-05,4.80299569245636e-05,-2.20809596318735e-06,-0.00041883421248018,-2.20809596318735e-06,-0.000418834212480181,-3.59089877736524e-05,0.00348840400791406
3575.00487469309,-5.3305821937313e-05,4.77290919214129e-05,-2.17790870408702e-06,-0.000415946534082444,-2.17790870408702e-06,-0.000415946534082444,-3.54161167324888e-05,0.00346438327110687
3599.79806408833,-5.25751279252876e-05,4.74296858477186e-05,-2.14813245874801e-06,-0.000413078805805301,-2.14813245874801e-06,-0.000413078805805301,-3.493000976409e-05,0.00344052786684586
3624.76319793175,-5.18544357255817e-05,4.71317412037551e-05,-2.11876167694037e-06,-0.000410230888985338,-2.11876167694037e-06,-0.000410230888985338,-3.44505740629636e-05,0.00341683665862689
3649.9014686836,-5.11436088201908e-05,4.6835260216279e-05,-2.08979088212574e-06,-0.000407402645939869,-2.08979088212574e-06,-0.000407402645939869,-3.39777180963043e-05,0.0033933085177282
3675.21407707406,-5.0442512543923e-05,4.65402448456306e-05,-2.06121467051349e-06,-0.000404593939959655,-2.06121467051349e-06,-0.000404593939959655,-3.35113515865572e-05,0.00336994232315763
3700.7022321605,-4.97510140595423e-05,4.62466967926826e-05,-2.03302771012817e-06,-0.000401804635301693,-2.03302771012817e-06,-0.000401804635301693,-3.30513854942218e-05,0.00334673696160041
3726.36715138533,-4.90689823332349e-05,4.5954617505636e-05,-2.00522473988779e-06,-0.000399034597182055,-2.00522473988779e-06,-0.000399034597182055,-3.25977320008887e-05,0.00332369132736706
3752.21006063407,-4.83962881103997e-05,4.56640081866683e-05,-1.97780056869321e-06,-0.000396283691768793,-1.97780056869321e-06,-0.000396283691768793,-3.21503044925108e-05,0.00330080432234186
3778.23219429398,-4.7732803891753e-05,4.53748697984364e-05,-1.9507500745281e-06,-0.000393551786174901,-1.9507500745281e-06,-0.000393551786174901,-3.17090175429005e-05,0.00327807485593141
3804.43479531291,-4.70784039097513e-05,4.50872030704374e-05,-1.92406820356987e-06,-0.000390838748451334,-1.92406820356987e-06,-0.000390838748451334,-3.12737868974555e-05,0.00325550184501378
3830.81911525882,-4.64329641053187e-05,4.48010085052292e-05,-1.89774996931096e-06,-0.000388144447580085,-1.89774996931096e-06,-0.000388144447580085,-3.08445294571045e-05,0.00323308421388776
3857.3864143794,-4.5796362104885e-05,4.45162863845162e-05,-1.87179045169084e-06,-0.000385468753467325,-1.87179045169084e-06,-0.000385468753467325,-3.04211632624748e-05,0.00321082089422265
3884.13796166242,-4.51684771977213e-05,4.42330367750997e-05,-1.84618479623821e-06,-0.000382811536936584,-1.84618479623821e-06,-0.000382811536936584,-3.0003607478274e-05,0.0031887108250082
3911.07503489621,-4.45491903135782e-05,4.3951259534699e-05,-1.82092821322371e-06,-0.000380172669722008,-1.82092821322371e-06,-0.000380172669722009,-2.95917823778882e-05,0.00316675295250502
3938.19892073078,-4.39383840006141e-05,4.36709543176428e-05,-1.79601597682262e-06,-0.000377552024461656,-1.79601597682262e-06,-0.000377552024461657,-2.91856093281881e-05,0.00314494623019521
3965.51091473924,-4.33359424036184e-05,4.33921205804368e-05,-1.77144342428784e-06,-0.00037494947469086,-1.77144342428784e-06,-0.00037494947469086,-2.87850107745452e-05,0.00312328961873341
3993.0123214797,-4.27417512425181e-05,4.31147575872067e-05,-1.74720595513269e-06,-0.00037236489483563,-1.7472059551327e-06,-0.00037236489483563,-2.83899102260508e-05,0.00310178208589807
4020.70445455755,-4.2155697791171e-05,4.28388644150225e-05,-1.7232990303238e-06,-0.000369798160206129,-1.7232990303238e-06,-0.00036979816020613,-2.80002322409399e-05,0.00308042260654313
4048.58863668828,-4.15776708564359e-05,4.25644399591035e-05,-1.69971817148354e-06,-0.000367249146990182,-1.69971817148354e-06,-0.000367249146990182,-2.76159024122117e-05,0.00305921016254997
4076.66619976054,-4.10075607575224e-05,4.22914829379091e-05,-1.67645896010245e-06,-0.000364717732246852,-1.67645896010245e-06,-0.000364717732246852,-2.72368473534491e-05,0.0030381437427797
4104.93848489989,-4.044525930561e-05,4.20199918981155e-05,-1.65351703676098e-06,-0.000362203793900059,-1.65351703676098e-06,-0.000362203793900059,-2.68629946848306e-05,0.00301722234302572
4133.40684253274,-3.98906597837398e-05,4.17499652194833e-05,-1.63088810036093e-06,-0.000359707210732259,-1.63088810036093e-06,-0.000359707210732259,-2.64942730193352e-05,0.00299644496596668
4162.07263245095,-3.93436569269697e-05,4.14814011196146e-05,-1.60856790736615e-06,-0.000357227862378164,-1.60856790736615e-06,-0.000357227862378164,-2.61306119491341e-05,0.00297581062111962
4190.93722387671,-3.88041469027944e-05,4.12142976586065e-05,-1.58655227105267e-06,-0.000354765629318522,-1.58655227105267e-06,-0.000354765629318522,-2.57719420321707e-05,0.00295531832479359
4220.00199552799,-3.82720272918223e-05,4.09486527435982e-05,-1.56483706076789e-06,-0.00035232039287394,-1.56483706076789e-06,-0.00035232039287394,-2.54181947789226e-05,0.0029349671000434
4249.26833568435,-3.77471970687109e-05,4.06844641332187e-05,-1.543418201199e-06,-0.000349892035198763,-1.543418201199e-06,-0.000349892035198763,-2.5069302639346e-05,0.00291475597662384
4278.73764225332,-3.72295565833523e-05,4.04217294419332e-05,-1.52229167165035e-06,-0.000347480439274994,-1.52229167165035e-06,-0.000347480439274994,-2.47251989899976e-05,0.00289468399094401
4308.41132283705,-3.67190075423109e-05,4.01604461442931e-05,-1.50145350532973e-06,-0.000345085488906273,-1.50145350532973e-06,-0.000345085488906273,-2.43858181213342e-05,0.00287475018602221
4338.2907947997,-3.62154529905044e-05,3.99006115790896e-05,-1.48089978864349e-06,-0.000342707068711891,-1.4808997886435e-06,-0.000342707068711891,-2.40510952251845e-05,0.00285495361144084
4368.37748533501,-3.57187972931312e-05,3.96422229534147e-05,-1.46062666050041e-06,-0.000340345064120866,-1.46062666050041e-06,-0.000340345064120866,-2.37209663823939e-05,0.00283529332330184
4398.67283153455,-3.52289461178347e-05,3.93852773466301e-05,-1.44063031162407e-06,-0.000337999361366054,-1.44063031162407e-06,-0.000337999361366054,-2.33953685506371e-05,0.0028157683841823
4429.17828045629,-3.47458064171072e-05,3.91297717142469e-05,-1.420906983874e-06,-0.000335669847478318,-1.420906983874e-06,-0.000335669847478318,-2.30742395523989e-05,0.00279637786309039
4459.89528919383,-3.42692864109254e-05,3.88757028917167e-05,-1.401452969575e-06,-0.000333356410280728,-1.40145296957501e-06,-0.000333356410280728,-2.27575180631184e-05,0.00277712083542156
4490.82532494586,-3.37992955696189e-05,3.86230675981384e-05,-1.38226461085504e-06,-0.000331058938382825,-1.38226461085504e-06,-0.000331058938382825,-2.24451435994958e-05,0.00275799638291511
4521.96986508636,-3.3335744596965e-05,3.8371862439879e-05,-1.36333829899124e-06,-0.000328777321174918,-1.36333829899124e-06,-0.000328777321174918,-2.21370565079599e-05,0.00273900359361096
4553.33039723509,-3.28785454135096e-05,3.8122083914114e-05,-1.34467047376416e-06,-0.000326511448822428,-1.34467047376416e-06,-0.000326511448822429,-2.18331979532926e-05,0.00272014156180675
4584.90841932869,-3.24276111401094e-05,3.78737284122852e-05,-1.32625762282008e-06,-0.000324261212260282,-1.32625762282009e-06,-0.000324261212260282,-2.15335099074095e-05,0.00270140938801522
4616.7054396922,-3.19828560816944e-05,3.76267922234813e-05,-1.30809628104135e-06,-0.000322026503187344,-1.30809628104136e-06,-0.000322026503187344,-2.12379351382948e-05,0.00268280617892187
4648.72297711114,-3.1544195711245e-05,3.73812715377404e-05,-1.29018302992452e-06,-0.000319807214060892,-1.29018302992452e-06,-0.000319807214060892,-2.09464171990864e-05,0.00266433104734289
4680.96256090399,-3.11115466539853e-05,3.71371624492771e-05,-1.27251449696641e-06,-0.000317603238091145,-1.27251449696641e-06,-0.000317603238091145,-2.06589004173115e-05,0.00264598311218344
4713.42573099534,-3.06848266717846e-05,3.6894460959635e-05,-1.25508735505782e-06,-0.000315414469235821,-1.25508735505782e-06,-0.000315414469235821,-2.03753298842692e-05,0.00262776149839606
4746.11403798933,-3.02639546477691e-05,3.66531629807682e-05,-1.23789832188495e-06,-0.000313240802194749,-1.23789832188495e-06,-0.000313240802194749,-2.00956514445585e-05,0.00260966533693956
4779.02904324382,-2.98488505711377e-05,3.64132643380498e-05,-1.22094415933826e-06,-0.000311082132404512,-1.22094415933826e-06,-0.000311082132404512,-1.98198116857499e-05,0.00259169376473797
4812.17231894485,-2.94394355221815e-05,3.61747607732129e-05,-1.20422167292893e-06,-0.000308938356033145,-1.20422167292894e-06,-0.000308938356033145,-1.95477579281981e-05,0.00257384592463995
4845.54544818188,-2.90356316575025e-05,3.59376479472223e-05,-1.18772771121263e-06,-0.000306809369974858,-1.18772771121263e-06,-0.000306809369974859,-1.92794382149946e-05,0.00255612096537831
4879.1500250233,-2.86373621954309e-05,3.57019214430799e-05,-1.17145916522053e-06,-0.000304695071844819,-1.17145916522053e-06,-0.000304695071844819,-1.90148013020577e-05,0.00253851804152998
4912.98765459257,-2.82445514016367e-05,3.54675767685658e-05,-1.15541296789767e-06,-0.00030259535997396,-1.15541296789767e-06,-0.00030259535997396,-1.87537966483583e-05,0.00252103631347606
4947.05995314498,-2.78571245749337e-05,3.52346093589145e-05,-1.13958609354831e-06,-0.000300510133403833,-1.13958609354831e-06,-0.000300510133403833,-1.84963744062793e-05,0.00250367494736225
4981.36854814472,-2.74750080332741e-05,3.5003014579429e-05,-1.12397555728846e-06,-0.000298439291881504,-1.12397555728846e-06,-0.000298439291881504,-1.82424854121077e-05,0.00248643311505957
5015.91507834275,-2.70981290999294e-05,3.47727877280346e-05,-1.10857841450524e-06,-0.000296382735854488,-1.10857841450524e-06,-0.000296382735854488,-1.79920811766562e-05,0.0024693099941252
5050.70119385496,-2.67264160898579e-05,3.45439240377717e-05,-1.09339176032327e-06,-0.000294340366465716,-1.09339176032327e-06,-0.000294340366465716,-1.77451138760137e-05,0.00245230476776376
5085.72855624109,-2.63597982962531e-05,3.43164186792308e-05,-1.07841272907772e-06,-0.000292312085548551,-1.07841272907772e-06,-0.000292312085548551,-1.75015363424225e-05,0.0024354166247887
5120.998838584,-2.59982059772741e-05,3.40902667629302e-05,-1.06363849379425e-06,-0.000290297795621837,-1.06363849379425e-06,-0.000290297795621837,-1.72613020552803e-05,0.00241864475958408
5156.51372556965,-2.5641570342952e-05,3.38654633416372e-05,-1.04906626567541e-06,-0.000288297399884981,-1.04906626567541e-06,-0.000288297399884981,-1.70243651322651e-05,0.00240198837206645
5192.27491356752,-2.52898235422735e-05,3.36420034126349e-05,-1.03469329359379e-06,-0.000286310802213087,-1.03469329359379e-06,-0.000286310802213087,-1.67906803205831e-05,0.00238544666764718
5228.28411071172,-2.49428986504366e-05,3.34198819199351e-05,-1.02051686359155e-06,-0.00028433790715211,-1.02051686359155e-06,-0.00028433790715211,-1.65602029883345e-05,0.00236901885719484
5264.54303698245,-2.46007296562783e-05,3.31990937564385e-05,-1.0065342983864e-06,-0.000282378619914062,-1.0065342983864e-06,-0.000282378619914062,-1.63328891159992e-05,0.00235270415699799
5301.0534242883,-2.42632514498697e-05,3.29796337660433e-05,-9.92742956883908e-07,-0.000280432846372246,-9.92742956883909e-07,-0.000280432846372246,-1.61086952880384e-05,0.00233650178872814
5337.81701654885,-2.39303998102791e-05,3.27614967457044e-05,-9.79140233696122e-07,-0.000278500493056527,-9.79140233696122e-07,-0.000278500493056527,-1.58875786846116e-05,0.00232041097940299
5374.83556977805,-2.36021113934984e-05,3.25446774474418e-05,-9.65723558666306e-07,-0.000276581467148643,-9.65723558666306e-07,-0.000276581467148643,-1.56694970734063e-05,0.00230443096134987
5412.11085216805,-2.32783237205323e-05,3.23291705803024e-05,-9.52490396399869e-07,-0.000274675676477552,-9.5249039639987e-07,-0.000274675676477552,-1.54544088015813e-05,0.00228856097216952
5449.64464417369,-2.29589751656468e-05,3.21149708122728e-05,-9.39438245801269e-07,-0.000272783029514806,-9.39438245801269e-07,-0.000272783029514806,-1.52422727878182e-05,0.00227280025469999
5487.43873859751,-2.2644004944777e-05,3.19020727721483e-05,-9.26564639616966e-07,-0.000270903435369972,-9.26564639616966e-07,-0.000270903435369972,-1.50330485144842e-05,0.00225714805698091
5525.49494067543,-2.23333531040888e-05,3.16904710513537e-05,-9.13867143984191e-07,-0.000269036803786076,-9.13867143984191e-07,-0.000269036803786076,-1.48266960198998e-05,0.00224160363221789
5563.81506816292,-2.20269605086971e-05,3.1480160205723e-05,-9.01343357985634e-07,-0.000267183045135097,-9.01343357985634e-07,-0.000267183045135097,-1.46231758907148e-05,0.00222616623874722
5602.40095142188,-2.17247688315326e-05,3.12711347572331e-05,-8.88990913209798e-07,-0.000265342070413472,-8.88990913209798e-07,-0.000265342070413472,-1.44224492543868e-05,0.0022108351400008
5641.254433508,-2.14267205423614e-05,3.10633891956973e-05,-8.76807473317136e-07,-0.000263513791237664,-8.76807473317136e-07,-0.000263513791237664,-1.42244777717648e-05,0.00219560960447133
5680.37737025889,-2.11327588969505e-05,3.08569179804156e-05,-8.64790733611736e-07,-0.000261698119839735,-8.64790733611736e-07,-0.000261698119839735,-1.40292236297717e-05,0.00218048890567763
5719.77163038263,-2.08428279263798e-05,3.06517155417862e-05,-8.52938420618606e-07,-0.000259894969062976,-8.52938420618607e-07,-0.000259894969062976,-1.38366495341906e-05,0.00216547232213035
5759.43909554709,-2.0556872426498e-05,3.04477762828752e-05,-8.41248291666411e-07,-0.00025810425235755,-8.41248291666411e-07,-0.00025810425235755,-1.36467187025461e-05,0.00215055913729778
5799.38166046975,-2.02748379475211e-05,3.02450945809498e-05,-8.29718134475671e-07,-0.000256325883776187,-8.29718134475673e-07,-0.000256325883776187,-1.34593948570869e-05,0.00213574863957197
5839.60123300829,-1.99966707837699e-05,3.00436647889716e-05,-8.18345766752263e-07,-0.000254559777969892,-8.18345766752263e-07,-0.000254559777969892,-1.32746422178613e-05,0.00212104012223503
5880.09973425162,-1.97223179635468e-05,2.9843481237054e-05,-8.07129035786252e-07,-0.000252805850183706,-8.07129035786253e-07,-0.000252805850183706,-1.30924254958902e-05,0.00210643288342568
5920.87909861173,-1.94517272391486e-05,2.96445382338826e-05,-7.96065818055922e-07,-0.000251064016252476,-7.96065818055923e-07,-0.000251064016252476,-1.29127098864319e-05,0.00209192622610602
5961.94127391598,-1.91848470770147e-05,2.94468300680999e-05,-7.85154018836983e-07,-0.00024933419259668,-7.85154018836983e-07,-0.00024933419259668,-1.27354610623403e-05,0.00207751945802857
6003.28822150028,-1.89216266480069e-05,2.92503510096559e-05,-7.74391571816847e-07,-0.000247616296218263,-7.74391571816848e-07,-0.000247616296218263,-1.25606451675131e-05,0.00206321189170341
6044.92191630263,-1.86620158178217e-05,2.9055095311124e-05,-7.63776438713983e-07,-0.000245910244696518,-7.63776438713984e-07,-0.000245910244696518,-1.23882288104312e-05,0.00204900284436568
6086.84434695757,-1.84059651375308e-05,2.88610572089835e-05,-7.53306608902184e-07,-0.00024421595618399,-7.53306608902185e-07,-0.00024421595618399,-1.22181790577854e-05,0.00203489163794323
6129.05751589107,-1.81534258342508e-05,2.86682309248707e-05,-7.42980099039806e-07,-0.000242533349402418,-7.42980099039807e-07,-0.000242533349402418,-1.20504634281911e-05,0.0020208775990245
6171.56343941625,-1.79043498019371e-05,2.84766106667961e-05,-7.32794952703801e-07,-0.000240862343638695,-7.32794952703801e-07,-0.000240862343638695,-1.18850498859888e-05,0.0020069600588266
6214.36414782964,-1.76586895923036e-05,2.82861906303325e-05,-7.22749240028588e-07,-0.000239202858740876,-7.22749240028589e-07,-0.000239202858740876,-1.172190683513e-05,0.00199313835316364
6257.46168550822,-1.74163984058641e-05,2.80969649997708e-05,-7.12841057349607e-07,-0.000237554815114195,-7.12841057349606e-07,-0.000237554815114195,-1.15610031131465e-05,0.00197941182241524
6300.85811100697,-1.71774300830952e-05,2.79089279492475e-05,-7.03068526851589e-07,-0.00023591813371713,-7.03068526851589e-07,-0.00023591813371713,-1.14023079852029e-05,0.00196577981149531
6344.55549715731,-1.69417390957189e-05,2.77220736438419e-05,-6.93429796221405e-07,-0.000234292736057486,-6.93429796221405e-07,-0.000234292736057486,-1.12457911382297e-05,0.00195224166982093
6388.55593116599,-1.67092805381022e-05,2.75363962406451e-05,-6.83923038305493e-07,-0.000232678544188513,-6.83923038305493e-07,-0.000232678544188513,-1.10914226751382e-05,0.00193879675128161
6432.86151471492,-1.64800101187737e-05,2.73518898898012e-05,-6.74546450771761e-07,-0.000231075480705044,-6.74546450771762e-07,-0.000231075480705044,-1.09391731091131e-05,0.00192544441420854
6477.47436406142,-1.62538841520547e-05,2.71685487355213e-05,-6.65298255775969e-07,-0.000229483468739678,-6.65298255775969e-07,-0.000229483468739678,-1.07890133579848e-05,0.00191218402134429
6522.39661013943,-1.60308595498036e-05,2.698636691707e-05,-6.56176699632445e-07,-0.000227902431958973,-6.56176699632445e-07,-0.000227902431958973,-1.0640914738678e-05,0.00189901493981249
6567.63039866118,-1.58108938132715e-05,2.68053385697269e-05,-6.47180052489196e-07,-0.000226332294559678,-6.47180052489196e-07,-0.000226332294559678,-1.04948489617368e-05,0.00188593654108789
6613.17789021977,-1.55939450250687e-05,2.66254578257215e-05,-6.38306608007235e-07,-0.000224772981264991,-6.38306608007235e-07,-0.000224772981264991,-1.03507881259241e-05,0.00187294820096652
6659.0412603923,-1.53799718412396e-05,2.6446718815144e-05,-6.29554683044185e-07,-0.000223224417320843,-6.29554683044185e-07,-0.000223224417320843,-1.02087047128968e-05,0.00186004929953608
6705.22269984387,-1.51689334834449e-05,2.62691156668307e-05,-6.20922617342008e-07,-0.000221686528492211,-6.20922617342008e-07,-0.000221686528492212,-1.00685715819514e-05,0.00184723922114655
6751.7244144321,-1.49607897312494e-05,2.60926425092264e-05,-6.12408773218895e-07,-0.000220159241059458,-6.12408773218895e-07,-0.000220159241059458,-9.93036196484458e-06,0.00183451735438098
6798.54862531261,-1.47555009145148e-05,2.59172934712229e-05,-6.04011535265184e-07,-0.000218642481814697,-6.04011535265185e-07,-0.000218642481814697,-9.79404946068211e-06,0.00182188309202647
6845.69756904508,-1.4553027905895e-05,2.57430626829747e-05,-5.9572931004332e-07,-0.000217136178058185,-5.9572931004332e-07,-0.000217136178058185,-9.65960803087968e-06,0.00180933583104538
6893.17349769999,-1.43533321134336e-05,2.55699442766926e-05,-5.87560525791767e-07,-0.000215640257594746,-5.87560525791767e-07,-0.000215640257594746,-9.52701199419212e-06,0.0017968749725467
6940.97867896634,-1.41563754732607e-05,2.53979323874147e-05,-5.79503632132832e-07,-0.000214154648730211,-5.79503632132832e-07,-0.000214154648730211,-9.3962360218106e-06,0.00178449992175762
6989.11539625983,-1.39621204423906e-05,2.52270211537574e-05,-5.71557099784368e-07,-0.000212679280267897,-5.71557099784368e-07,-0.000212679280267897,-9.26725513252763e-06,0.00177221008799532
7037.58594883204,-1.37705299916143e-05,2.50572047186437e-05,-5.63719420275265e-07,-0.000211214081505099,-5.63719420275265e-07,-0.000211214081505099,-9.14004468796772e-06,0.00176000488463892
7086.39265188015,-1.35815675984915e-05,2.48884772300128e-05,-5.55989105664744e-07,-0.000209758982229617,-5.55989105664744e-07,-0.000209758982229617,-9.01458038788404e-06,0.00174788372910164
7135.53783665763,-1.3395197240435e-05,2.47208328415085e-05,-5.4836468826533e-07,-0.000208313912716304,-5.48364688265331e-07,-0.000208313912716304,-8.89083826551899e-06,0.00173584604280314
7185.02385058548,-1.32113833878905e-05,2.45542657131485e-05,-5.40844720369537e-07,-0.000206878803723642,-5.40844720369537e-07,-0.000206878803723642,-8.76879468302899e-06,0.00172389125114207
7234.85305736446,-1.30300909976081e-05,2.43887700119749e-05,-5.33427773980132e-07,-0.000205453586490335,-5.33427773980132e-07,-0.000205453586490335,-8.64842632697141e-06,0.00171201878346873
7285.02783708791,-1.28512855060055e-05,2.42243399126852e-05,-5.26112440544032e-07,-0.000204038192731945,-5.26112440544032e-07,-0.000204038192731945,-8.52971020385398e-06,0.00170022807305804
7335.55058635552,-1.26749328226212e-05,2.40609695982461e-05,-5.18897330689675e-07,-0.000202632554637528,-5.18897330689676e-07,-0.000202632554637528,-8.41262363574463e-06,0.00168851855708259
7386.42371838768,-1.25009993236561e-05,2.38986532604886e-05,-5.11781073967932e-07,-0.000201236604866318,-5.11781073967932e-07,-0.000201236604866318,-8.29714425594214e-06,0.00167688967658591
7437.64966314091,-1.23294518456036e-05,2.3737385100686e-05,-5.04762318596412e-07,-0.000199850276544417,-5.04762318596412e-07,-0.000199850276544417,-8.18325000470559e-06,0.00166534087645593
7489.23086742376,-1.21602576789652e-05,2.35771593301147e-05,-4.97839731207217e-07,-0.00019847350326152,-4.97839731207217e-07,-0.00019847350326152,-8.07091912504291e-06,0.00165387160539862
7541.16979501382,-1.19933845620523e-05,2.34179701705989e-05,-4.91011996597997e-07,-0.00019710621906766,-4.91011996597997e-07,-0.00019710621906766,-7.96013015855667e-06,0.00164248131591177
7593.46892677528,-1.18288006748714e-05,2.3259811855038e-05,-4.84277817486374e-07,-0.00019574835846998,-4.84277817486374e-07,-0.00019574835846998,-7.85086194134736e-06,0.00163116946425904
7646.13076077758,-1.16664746330931e-05,2.31026786279189e-05,-4.77635914267576e-07,-0.000194399856429518,-4.77635914267577e-07,-0.000194399856429518,-7.74309359997231e-06,0.00161993551044403
7699.15781241454,-1.15063754821024e-05,2.29465647458127e-05,-4.71085024775356e-07,-0.000193060648358032,-4.71085024775356e-07,-0.000193060648358032,-7.63680454746062e-06,0.00160877891818474
7752.55261452471,-1.134847269113e-05,2.27914644778553e-05,-4.64623904046045e-07,-0.000191730670114833,-4.64623904046045e-07,-0.000191730670114833,-7.53197447938214e-06,0.00159769915488797
7806.31771751215,-1.11927361474639e-05,2.26373721062144e-05,-4.58251324085791e-07,-0.00019040985800365,-4.58251324085791e-07,-0.00019040985800365,-7.42858336997094e-06,0.00158669569162411
7860.45568946846,-1.10391361507382e-05,2.24842819265412e-05,-4.51966073640869e-07,-0.000189098148769512,-4.51966073640869e-07,-0.000189098148769512,-7.32661146830141e-06,0.00157576800310194
7914.96911629522,-1.08876434073017e-05,2.2332188248408e-05,-4.45766957971085e-07,-0.000187795479595659,-4.45766957971085e-07,-0.000187795479595659,-7.22603929451733e-06,0.00156491556764368
7969.86060182773,-1.07382290246609e-05,2.21810853957319e-05,-4.39652798626171e-07,-0.000186501788100468,-4.3965279862617e-07,-0.000186501788100468,-7.12684763611214e-06,0.0015541378671602
8025.13276795918,-1.05908645059998e-05,2.20309677071853e-05,-4.33622433225195e-07,-0.000185217012334408,-4.33622433225196e-07,-0.000185217012334408,-7.02901754426074e-06,0.0015434343871264
8080.78825476607,-1.04455217447739e-05,2.18818295365927e-05,-4.27674715238901e-07,-0.000183941090777011,-4.27674715238901e-07,-0.000183941090777011,-6.93253033020109e-06,0.00153280461655671
8136.82972063413,-1.03021730193779e-05,2.1733665253315e-05,-4.21808513774956e-07,-0.000182673962333871,-4.21808513774956e-07,-0.000182673962333871,-6.83736756166595e-06,0.00152224804798088
8193.25984238548,-1.01607909878852e-05,2.15864692426205e-05,-4.16022713366078e-07,-0.00018141556633366,-4.16022713366078e-07,-0.00018141556633366,-6.7435110593631e-06,0.00151176417741975
8250.08131540631,-1.00213486828603e-05,2.14402359060445e-05,-4.10316213760988e-07,-0.000180165842525165,-4.10316213760988e-07,-0.000180165842525165,-6.65094289350425e-06,0.00150135250436136
8307.29685377578,-9.8838195062398e-06,2.12949596617359e-05,-4.04687929718159e-07,-0.000178924731074353,-4.04687929718159e-07,-0.000178924731074353,-6.55964538038112e-06,0.00149101253173712
8364.90919039556,-9.74817722428548e-06,2.11506349447924e-05,-3.9913679080233e-07,-0.000177692172561447,-3.9913679080233e-07,-0.000177692172561448,-6.469601078989e-06,0.0014807437658982
8422.92107712043,-9.61439596260376e-06,2.10072562075847e-05,-3.93661741183735e-07,-0.000176468107978035,-3.93661741183735e-07,-0.000176468107978035,-6.38079278769609e-06,0.00147054571659201
8481.33528488963,-9.48245020123455e-06,2.08648179200685e-05,-3.88261739440035e-07,-0.000175252478724187,-3.88261739440035e-07,-0.000175252478724187,-6.29320354095903e-06,0.00146041789693893
8540.15460385936,-9.35231476980596e-06,2.07233145700858e-05,-3.82935758360881e-07,-0.000174045226605604,-3.82935758360881e-07,-0.000174045226605604,-6.206816606083e-06,0.00145035982340911
8599.38184353586,-9.22396484275569e-06,2.05827406636566e-05,-3.7768278475512e-07,-0.00017284629383078,-3.7768278475512e-07,-0.00017284629383078,-6.12161548002675e-06,0.00144037101579952
8659.01983290984,-9.0973759346168e-06,2.04430907252578e-05,-3.72501819260567e-07,-0.000171655623008189,-3.72501819260567e-07,-0.000171655623008189,-6.03758388625094e-06,0.00143045099721106
8719.07142059136,-8.9725238953683e-06,2.03043592980946e-05,-3.67391876156338e-07,-0.000170473157143489,-3.67391876156338e-07,-0.000170473157143489,-5.95470577161027e-06,0.00142059929402592
8779.53947494611,-8.84938490584846e-06,2.01665409443594e-05,-3.62351983177695e-07,-0.000169298839636746,-3.62351983177695e-07,-0.000169298839636746,-5.87296530328766e-06,0.00141081543588499
8840.42688423224,-8.72793547323112e-06,2.00296302454831e-05,-3.57381181333378e-07,-0.000168132614279683,-3.57381181333378e-07,-0.000168132614279683,-5.79234686577105e-06,0.00140109895566555
8901.73655673848,-8.60815242656314e-06,1.98936218023751e-05,-3.52478524725385e-07,-0.000166974425252944,-3.52478524725385e-07,-0.000166974425252944,-5.7128350578712e-06,0.001391449389459
8963.47142092288,-8.49001291236308e-06,1.97585102356551e-05,-3.47643080371183e-07,-0.000165824217123374,-3.47643080371183e-07,-0.000165824217123374,-5.63441468978074e-06,0.0013818662765488
9025.63442555289,-8.37349439027934e-06,1.96242901858753e-05,-3.42873928028284e-07,-0.00016468193484133,-3.42873928028285e-07,-0.00016468193484133,-5.5570707801733e-06,0.00137234915938854
9088.228539846,-8.25857462880804e-06,1.94909563137345e-05,-3.3817016002121e-07,-0.000163547523738,-3.3817016002121e-07,-0.000163547523738,-5.48078855334271e-06,0.00136289758358019
9151.25675361174,-8.14523170106862e-06,1.93585033002819e-05,-3.33530881070746e-07,-0.000162420929522745,-3.33530881070746e-07,-0.000162420929522745,-5.40555343638111e-06,0.00135351109785245
9214.72207739435,-8.03344398063758e-06,1.92269258471149e-05,-3.28955208125527e-07,-0.000161302098280467,-3.28955208125527e-07,-0.000161302098280467,-5.33135105639619e-06,0.00134418925403929
9278.6275426167,-7.92319013743853e-06,1.90962186765658e-05,-3.24442270195852e-07,-0.00016019097646898,-3.24442270195852e-07,-0.00016019097646898,-5.25816723776614e-06,0.00133493160705861
9342.97620172496,-7.81444913368866e-06,1.89663765318831e-05,-3.19991208189769e-07,-0.000159087510916415,-3.19991208189769e-07,-0.000159087510916415,-5.18598799943269e-06,0.00132573771489107
9407.77112833456,-7.70720021990004e-06,1.88373941774032e-05,-3.15601174751334e-07,-0.000157991648818638,-3.15601174751334e-07,-0.000157991648818638,-5.11479955223091e-06,0.00131660713855904
9473.0154173768,-7.60142293093591e-06,1.8709266398715e-05,-3.1127133410107e-07,-0.000156903337736683,-3.1127133410107e-07,-0.000156903337736683,-5.04458829625602e-06,0.0013075394421057
9538.71218524687,-7.49709708212029e-06,1.85819880028175e-05,-3.07000861878558e-07,-0.00015582252559421,-3.07000861878558e-07,-0.00015582252559421,-4.97534081826593e-06,0.0012985341925743
9604.86456995261,-7.39420276540089e-06,1.84555538182689e-05,-3.02788944987158e-07,-0.000154749160674975,-3.02788944987158e-07,-0.000154749160674975,-4.90704388911973e-06,0.00128959095998755
9671.47573126437,-7.29272034556438e-06,1.83299586953299e-05,-2.9863478144082e-07,-0.00015368319162032,-2.98634781440821e-07,-0.00015368319162032,-4.83968446125123e-06,0.00128070931732715
9738.54885086602,-7.192630456503e-06,1.82051975060991e-05,-2.9453758021295e-07,-0.000152624567426684,-2.9453758021295e-07,-0.000152624567426684,-4.77324966617699e-06,0.00127188884051344
9806.08713250685,-7.09391399753249e-06,1.80812651446424e-05,-2.90496561087324e-07,-0.00015157323744313,-2.90496561087324e-07,-0.00015157323744313,-4.70772681203888e-06,0.00126312910838522
9874.09380215466,-6.99655212975977e-06,1.79581565271149e-05,-2.86510954511005e-07,-0.000150529151368885,-2.86510954511005e-07,-0.000150529151368885,-4.64310338117996e-06,0.00125442970267973
9942.57210814976,-6.9005262725007e-06,1.78358665918772e-05,-2.82580001449249e-07,-0.000149492259250903,-2.82580001449249e-07,-0.000149492259250903,-4.57936702775401e-06,0.00124579020801268
10011.5253213603,-6.80581809974614e-06,1.77143902996046e-05,-2.78702953242358e-07,-0.000148462511481445,-2.78702953242358e-07,-0.000148462511481445,-4.51650557536749e-06,0.00123721021185851
10080.9567353381,-6.71240953667678e-06,1.75937226333911e-05,-2.74879071464475e-07,-0.000147439858795675,-2.74879071464475e-07,-0.000147439858795675,-4.45450701475417e-06,0.00122868930453073
10150.8696664767,-6.62028275622506e-06,1.74738585988465e-05,-2.71107627784279e-07,-0.00014642425226927,-2.71107627784279e-07,-0.00014642425226927,-4.39335950148142e-06,0.0012202270791624
10221.267454169,-6.52942017568436e-06,1.73547932241887e-05,-2.67387903827559e-07,-0.000145415643316054,-2.67387903827559e-07,-0.000145415643316054,-4.33305135368814e-06,0.0012118231316868
10292.1534609671,-6.43980445336416e-06,1.72365215603286e-05,-2.63719191041642e-07,-0.000144413983685641,-2.63719191041642e-07,-0.000144413983685641,-4.2735710498536e-06,0.00120347706081812
10363.5310727429,-6.35141848529119e-06,1.71190386809518e-05,-2.60100790561666e-07,-0.000143419225461101,-2.60100790561666e-07,-0.000143419225461101,-4.21490722659702e-06,0.00119518846803239
10435.4036988501,-6.26424540195518e-06,1.70023396825929e-05,-2.56532013078633e-07,-0.00014243132105664,-2.56532013078633e-07,-0.00014243132105664,-4.15704867650718e-06,0.0011869569575485
10507.7747722864,-6.17826856509953e-06,1.68864196847053e-05,-2.53012178709271e-07,-0.000141450223215295,-2.53012178709271e-07,-0.000141450223215296,-4.09998434600201e-06,0.00117878213630934
10580.647749858,-6.09347156455527e-06,1.67712738297263e-05,-2.49540616867635e-07,-0.000140475885006649,-2.49540616867635e-07,-0.000140475885006649,-4.04370333321732e-06,0.00117066361396306
10654.0261123446,-6.00983821511874e-06,1.66568972831361e-05,-2.46116666138456e-07,-0.000139508259824556,-2.46116666138456e-07,-0.000139508259824556,-3.98819488592472e-06,0.00116260100284451
10727.9133646656,-5.92735255347147e-06,1.65432852335133e-05,-2.42739674152194e-07,-0.000138547301384891,-2.42739674152194e-07,-0.000138547301384891,-3.93344839947791e-06,0.00115459391795673
10802.3130360475,-5.84599883514248e-06,1.64304328925844e-05,-2.39408997461788e-07,-0.00013759296372331,-2.39408997461788e-07,-0.00013759296372331,-3.87945341478735e-06,0.00114664197695267
10877.2286801926,-5.7657615315117e-06,1.63183354952691e-05,-2.36124001421061e-07,-0.000136645201193025,-2.36124001421061e-07,-0.000136645201193025,-3.82619961632248e-06,0.00113874480011692
10952.6638754485,-5.68662532685475e-06,1.62069882997217e-05,-2.32884060064789e-07,-0.000135703968462596,-2.32884060064789e-07,-0.000135703968462596,-3.77367683014164e-06,0.00113090201034763
11028.6222249794,-5.60857511542755e-06,1.60963865873672e-05,-2.29688555990367e-07,-0.000134769220513745,-2.29688555990367e-07,-0.000134769220513745,-3.72187502194868e-06,0.00112311323313858
11105.1073569377,-5.53159599859132e-06,1.59865256629337e-05,-2.265368802411e-07,-0.000133840912639173,-2.26536880241101e-07,-0.000133840912639173,-3.67078429517662e-06,0.00111537809656129
11182.1229246378,-5.45567328197631e-06,1.587740085448e-05,-2.23428432191062e-07,-0.000132919000440402,-2.23428432191062e-07,-0.000132919000440402,-3.62039488909724e-06,0.00110769623124733
11259.6726067303,-5.38079247268474e-06,1.57690075134204e-05,-2.20362619431515e-07,-0.000132003439825631,-2.20362619431516e-07,-0.000132003439825631,-3.57069717695688e-06,0.0011000672703707
11337.7601073777,-5.30693927653156e-06,1.56613410145438e-05,-2.17338857658865e-07,-0.000131094187007605,-2.17338857658865e-07,-0.000131094187007605,-3.52168166413763e-06,0.00109249084963037
11416.3891564316,-5.23409959532325e-06,1.55543967560308e-05,-2.1435657056414e-07,-0.000130191198501497,-2.1435657056414e-07,-0.000130191198501497,-3.47333898634395e-06,0.00108496660723291
11495.5635096105,-5.16225952417348e-06,1.54481701594654e-05,-2.1141518972396e-07,-0.000129294431122809,-2.1141518972396e-07,-0.000129294431122809,-3.42565990781393e-06,0.00107749418387524
11575.2869486794,-5.09140534885576e-06,1.53426566698442e-05,-2.08514154492989e-07,-0.000128403841985291,-2.0851415449299e-07,-0.000128403841985291,-3.37863531955534e-06,0.00107007322272754
11655.5632816306,-5.02152354319195e-06,1.52378517555815e-05,-2.05652911897838e-07,-0.000127519388498861,-2.05652911897838e-07,-0.000127519388498861,-3.33225623760566e-06,0.00106270336941621
11736.3963428651,-4.95260076647678e-06,1.51337509085115e-05,-2.02830916532413e-07,-0.000126641028367559,-2.02830916532413e-07,-0.000126641028367559,-3.28651380131619e-06,0.00105538427200698
11817.7899933763,-4.88462386093722e-06,1.50303496438859e-05,-2.00047630454674e-07,-0.000125768719587495,-2.00047630454674e-07,-0.000125768719587495,-3.24139927165951e-06,0.00104811558098818
11899.7481209338,-4.81757984922698e-06,1.492764350037e-05,-1.97302523084805e-07,-0.000124902420444831,-1.97302523084805e-07,-0.000124902420444831,-3.19690402956041e-06,0.00104089694925404
11982.2746402699,-4.75145593195481e-06,1.48256280400344e-05,-1.94595071104751e-07,-0.000124042089513762,-1.94595071104751e-07,-0.000124042089513762,-3.15301957424938e-06,0.00103372803208817
12065.3734932659,-4.68623948524698e-06,1.47242988483438e-05,-1.91924758359127e-07,-0.000123187685654519,-1.91924758359127e-07,-0.000123187685654519,-3.10973752163909e-06,0.0010266084871471
12149.0486491407,-4.62191805834278e-06,1.46236515341428e-05,-1.89291075757468e-07,-0.000122339168011383,-1.89291075757468e-07,-0.000122339168011383,-3.06704960272278e-06,0.00101953797444401
12233.3041046402,-4.55847937122316e-06,1.45236817296395e-05,-1.86693521177808e-07,-0.000121496496010719,-1.86693521177808e-07,-0.000121496496010719,-3.02494766199493e-06,0.00101251615633248
12318.1438842285,-4.49591131227146e-06,1.4424385090385e-05,-1.8413159937156e-07,-0.00012065962935901,-1.8413159937156e-07,-0.00012065962935901,-2.98342365589337e-06,0.0010055426974904
12403.5720402798,-4.43420193596654e-06,1.43257572952515e-05,-1.81604821869698e-07,-0.000119828528040922,-1.81604821869698e-07,-0.000119828528040922,-2.94246965126297e-06,0.000998617264904041
12489.5926532723,-4.37333946060699e-06,1.42277940464063e-05,-1.79112706890201e-07,-0.000119003152317373,-1.79112706890201e-07,-0.000119003152317373,-2.90207782384016e-06,0.000991739527852091
12576.2098319827,-4.31331226606691e-06,1.41304910692846e-05,-1.76654779246763e-07,-0.000118183462723612,-1.76654779246763e-07,-0.000118183462723612,-2.86224045675858e-06,0.000984909157889964
12663.427713683,-4.25410889158195e-06,1.40338441125587e-05,-1.74230570258736e-07,-0.000117369420067322,-1.74230570258736e-07,-0.000117369420067322,-2.82294993907488e-06,0.000978125828834099
12751.2504643373,-4.19571803356603e-06,1.39378489481054e-05,-1.71839617662299e-07,-0.00011656098542673,-1.71839617662299e-07,-0.00011656098542673,-2.78419876431506e-06,0.000971389216746437
12839.6822788018,-4.13812854345755e-06,1.38425013709707e-05,-1.69481465522833e-07,-0.000115758120148727,-1.69481465522833e-07,-0.000115758120148727,-2.7459795290405e-06,0.00096469899991895
12928.7273810244,-4.08132942559539e-06,1.37477971993324e-05,-1.67155664148488e-07,-0.000114960785847012,-1.67155664148488e-07,-0.000114960785847012,-2.7082849314339e-06,0.000958054858858331
13018.3900242466,-4.02530983512365e-06,1.36537322744599e-05,-1.64861770004919e-07,-0.000114168944400236,-1.64861770004919e-07,-0.000114168944400236,-2.67110776990444e-06,0.000951456476270739
13108.6744912069,-3.9700590759253e-06,1.3560302460673e-05,-1.62599345631186e-07,-0.00011338255795017,-1.62599345631186e-07,-0.00011338255795017,-2.63444094171218e-06,0.000944903537046686
13199.5850943454,-3.91556659858396e-06,1.34675036452969e-05,-1.60367959556795e-07,-0.000112601588899878,-1.60367959556795e-07,-0.000112601588899878,-2.59827744161129e-06,0.000938395728246
13291.1261760091,-3.86182199837361e-06,1.33753317386171e-05,-1.58167186219869e-07,-0.000111825999911909,-1.58167186219869e-07,-0.000111825999911909,-2.56261036051198e-06,0.000931932739082917
13383.3021086605,-3.80881501327572e-06,1.32837826738305e-05,-1.55996605886422e-07,-0.000111055753906497,-1.55996605886422e-07,-0.000111055753906497,-2.52743288416066e-06,0.000925514260911252
13476.1172950852,-3.75653552202364e-06,1.31928524069957e-05,-1.53855804570743e-07,-0.000110290814059775,-1.53855804570743e-07,-0.000110290814059775,-2.49273829183834e-06,0.000919139987209683
13569.576168603,-3.70497354217371e-06,1.31025369169815e-05,-1.51744373956859e-07,-0.000109531143802004,-1.51744373956859e-07,-0.000109531143802004,-2.45851995507682e-06,0.000912809613567142
13663.6831932795,-3.65411922820257e-06,1.30128322054122e-05,-1.49661911321055e-07,-0.00010877670681581,-1.49661911321055e-07,-0.00010877670681581,-2.42477133639248e-06,0.000906522837668287
13758.4428641392,-3.60396286963087e-06,1.29237342966134e-05,-1.47608019455468e-07,-0.000108027467034436,-1.47608019455469e-07,-0.000108027467034436,-2.39148598803759e-06,0.0009002793592791
13853.8597073802,-3.55449488917224e-06,1.28352392375539e-05,-1.455823065927e-07,-0.000107283388640009,-1.455823065927e-07,-0.000107283388640009,-2.35865755076851e-06,0.000894078880232554
13949.9382805904,-3.50570584090797e-06,1.27473430977874e-05,-1.43584386331471e-07,-0.000106544436061811,-1.43584386331471e-07,-0.000106544436061811,-2.32627975263105e-06,0.000887921104414408
14046.6831729655,-3.45758640848634e-06,1.26600419693919e-05,-1.41613877563275e-07,-0.000105810573974572,-1.41613877563275e-07,-0.000105810573974572,-2.2943464077623e-06,0.000881805737749073
14144.0990055278,-3.41012740334686e-06,1.25733319669083e-05,-1.39670404400041e-07,-0.000105081767296767,-1.39670404400041e-07,-0.000105081767296767,-2.26285141520907e-06,0.000875732488185601
14242.190431347,-3.3633197629686e-06,1.24872092272761e-05,-1.3775359610277e-07,-0.000104357981188929,-1.3775359610277e-07,-0.000104357981188929,-2.23178875776237e-06,0.000869701065683739
14340.9621357626,-3.31715454914268e-06,1.24016699097696e-05,-1.35863087011154e-07,-0.000103639181051974,-1.35863087011154e-07,-0.000103639181051974,-2.20115250080805e-06,0.000863711182200116
14440.4188366077,-3.27162294626822e-06,1.2316710195931e-05,-1.33998516474142e-07,-0.000102925332525534,-1.33998516474142e-07,-0.000102925332525534,-2.1709367911931e-06,0.000857762551674485
14540.5652844341,-3.22671625967179e-06,1.22323262895032e-05,-1.32159528781459e-07,-0.000102216401486308,-1.32159528781459e-07,-0.000102216401486308,-2.14113585610758e-06,0.000851854890016098
14641.4062627396,-3.18242591394969e-06,1.21485144163606e-05,-1.30345773096056e-07,-0.000101512354046416,-1.30345773096056e-07,-0.000101512354046416,-2.11174400198183e-06,0.000845987915090142
14742.946588196,-3.1387434513331e-06,1.20652708244395e-05,-1.28556903387475e-07,-0.000100813156551774,-1.28556903387475e-07,-0.000100813156551774,-2.08275561339886e-06,0.000840161346704292
14845.1911108798,-3.09566053007542e-06,1.19825917836663e-05,-1.26792578366129e-07,-0.000100118775580472,-1.26792578366129e-07,-0.000100118775580472,-2.05416515202168e-06,0.000834374906595336
14948.1447145032,-3.05316892286189e-06,1.19004735858857e-05,-1.25052461418474e-07,-9.94291779411704e-05,-1.25052461418474e-07,-9.94291779411704e-05,-2.0259671555353e-06,0.000828628318415915
15051.8123166476,-3.01126051524077e-06,1.18189125447863e-05,-1.23336220543056e-07,-9.87443306714999e-05,-1.23336220543056e-07,-9.87443306714999e-05,-1.99815623660325e-06,0.000822921307721327
15156.1988689989,-2.96992730407621e-06,1.17379049958265e-05,-1.21643528287449e-07,-9.80642010364812e-05,-1.21643528287449e-07,-9.80642010364812e-05,-1.97072708183852e-06,0.000817253601956452
15261.3093575835,-2.9291613960221e-06,1.16574472961587e-05,-1.19974061686027e-07,-9.73887565269486e-05,-1.19974061686028e-07,-9.73887565269486e-05,-1.94367445078848e-06,0.000811624930442735
15367.1488030065,-2.88895500601697e-06,1.15775358245526e-05,-1.18327502198609e-07,-9.67179648579891e-05,-1.1832750219861e-07,-9.67179648579892e-05,-1.91699317493384e-06,0.000806035024365286
15473.7222606918,-2.8493004557994e-06,1.14981669813172e-05,-1.16703535649918e-07,-9.60517939673892e-05,-1.16703535649918e-07,-9.60517939673893e-05,-1.89067815670127e-06,0.000800483616760048
15581.0348211234,-2.81019017244386e-06,1.1419337188223e-05,-1.15101852169881e-07,-9.53902120140957e-05,-1.15101852169881e-07,-9.53902120140957e-05,-1.86472436848969e-06,0.000794970442501071
15689.0916100885,-2.77161668691642e-06,1.13410428884215e-05,-1.13522146134733e-07,-9.47331873766837e-05,-1.13522146134733e-07,-9.47331873766837e-05,-1.83912685170972e-06,0.000789495238287851
15797.8977889225,-2.73357263265048e-06,1.12632805463658e-05,-1.11964116108933e-07,-9.40806886518395e-05,-1.11964116108933e-07,-9.40806886518396e-05,-1.81388071583656e-06,0.000784057742632787
15907.4585547554,-2.69605074414177e-06,1.11860466477288e-05,-1.1042746478786e-07,-9.34326846528496e-05,-1.1042746478786e-07,-9.34326846528497e-05,-1.78898113747566e-06,0.000778657695848687
16017.7791407599,-2.65904385556278e-06,1.11093376993217e-05,-1.08911898941302e-07,-9.27891444081043e-05,-1.08911898941302e-07,-9.27891444081043e-05,-1.76442335944136e-06,0.000773294840036396
16128.8648164017,-2.62254489939599e-06,1.1033150229011e-05,-1.07417129357708e-07,-9.21500371596081e-05,-1.07417129357708e-07,-9.21500371596081e-05,-1.74020268984804e-06,0.000767968919072479
16240.720887691,-2.586546905086e-06,1.09574807856352e-05,-1.05942870789203e-07,-9.15153323615041e-05,-1.05942870789203e-07,-9.15153323615041e-05,-1.7163145012139e-06,0.000762679678597012
16353.352697436,-2.55104299770994e-06,1.08823259389207e-05,-1.04488841897352e-07,-9.08849996786051e-05,-1.04488841897352e-07,-9.08849996786051e-05,-1.69275422957688e-06,0.000757426866001436
16466.765625498,-2.51602639666626e-06,1.08076822793973e-05,-1.03054765199665e-07,-9.02590089849384e-05,-1.03054765199665e-07,-9.02590089849384e-05,-1.66951737362287e-06,0.000752210230416518
16580.9650890484,-2.48149041438133e-06,1.07335464183122e-05,-1.01640367016833e-07,-8.96373303622972e-05,-1.01640367016833e-07,-8.96373303622972e-05,-1.64659949382572e-06,0.000747029522700368
16695.9565428276,-2.44742845503387e-06,1.06599149875447e-05,-1.00245377420675e-07,-8.90199340988059e-05,-1.00245377420675e-07,-8.9019934098806e-05,-1.62399621159922e-06,0.000741884495426565
16811.7454794054,-2.41383401329675e-06,1.05867846395192e-05,-9.88695301828104e-08,-8.84067906874918e-05,-9.88695301828104e-08,-8.84067906874918e-05,-1.60170320846056e-06,0.000736774902872338
16928.3374294433,-2.38070067309617e-06,1.05141520471182e-05,-9.75125627240172e-08,-8.77978708248693e-05,-9.75125627240172e-08,-8.77978708248693e-05,-1.57971622520542e-06,0.000731700501006856
17045.737961959,-2.3480221063876e-06,1.0442013903595e-05,-9.61742160642889e-08,-8.71931454095326e-05,-9.61742160642889e-08,-8.71931454095327e-05,-1.55803106109425e-06,0.000726661047479572
17163.9526845917,-2.31579207194881e-06,1.03703669224849e-05,-9.4854234773573e-08,-8.65925855407595e-05,-9.4854234773573e-08,-8.65925855407595e-05,-1.53664357304984e-06,0.00072165630160867
17282.9872438709,-2.2840044141891e-06,1.02992078375173e-05,-9.35523669231767e-08,-8.59961625171223e-05,-9.35523669231767e-08,-8.59961625171223e-05,-1.51554967486578e-06,0.000716686024369568
17402.8473254854,-2.2526530619751e-06,1.02285334025266e-05,-9.22683640378427e-08,-8.54038478351125e-05,-9.22683640378427e-08,-8.54038478351125e-05,-1.49474533642589e-06,0.00071174997838353
17523.5386545551,-2.2217320274725e-06,1.01583403913624e-05,-9.10019810484726e-08,-8.48156131877705e-05,-9.10019810484726e-08,-8.48156131877705e-05,-1.4742265829343e-06,0.000706847927906319
17645.0669959044,-2.19123540500375e-06,1.00886255977999e-05,-8.97529762455016e-08,-8.4231430463329e-05,-8.97529762455016e-08,-8.4231430463329e-05,-1.45398949415612e-06,0.000701979638816966
17767.4381543379,-2.1611573699213e-06,1.001938583545e-05,-8.85211112329035e-08,-8.3651271743862e-05,-8.85211112329035e-08,-8.3651271743862e-05,-1.43403020366851e-06,0.000697144878606585
17890.6579749169,-2.13149217749644e-06,9.95061793766841e-06,-8.73061508828303e-08,-8.30751093039471e-05,-8.73061508828303e-08,-8.30751093039471e-05,-1.41434489812208e-06,0.000692343416367287
18014.7323432395,-2.10223416182315e-06,9.88231875746479e-06,-8.61078632908649e-08,-8.25029156093332e-05,-8.61078632908649e-08,-8.25029156093333e-05,-1.39492981651239e-06,0.000687575022781156
18139.667185721,-2.07337773473719e-06,9.81448516741195e-06,-8.49260197318908e-08,-8.19346633156212e-05,-8.49260197318907e-08,-8.19346633156212e-05,-1.37578124946142e-06,0.000682839470109308
18265.4684698776,-2.04491738474979e-06,9.74711405955411e-06,-8.37603946165579e-08,-8.13703252669502e-05,-8.37603946165579e-08,-8.13703252669502e-05,-1.35689553850894e-06,0.000678136532181021
18392.1422046107,-2.01684767599618e-06,9.68020234531544e-06,-8.26107654483495e-08,-8.08098744946966e-05,-8.26107654483496e-08,-8.08098744946966e-05,-1.33826907541367e-06,0.000673465984382948
18519.6944404947,-1.98916324719828e-06,9.61374695540793e-06,-8.147691278123e-08,-8.02532842161786e-05,-8.147691278123e-08,-8.02532842161786e-05,-1.31989830146384e-06,0.000668827603648386
18648.1312700654,-1.96185881064183e-06,9.54774483973946e-06,-8.03586201778756e-08,-7.9700527833373e-05,-8.03586201778756e-08,-7.9700527833373e-05,-1.30177970679745e-06,0.000664221168446647
18777.4588281112,-1.93492915116736e-06,9.4821929673213e-06,-7.92556741684717e-08,-7.91515789316381e-05,-7.92556741684717e-08,-7.91515789316382e-05,-1.28390982973169e-06,0.000659646458772472
18907.6832919665,-1.90836912517509e-06,9.41708832617566e-06,-7.81678642100761e-08,-7.86064112784475e-05,-7.81678642100761e-08,-7.86064112784475e-05,-1.26628525610161e-06,0.000655103256135536
19038.810881806,-1.88217365964346e-06,9.35242792324304e-06,-7.70949826465366e-08,-7.8064998822132e-05,-7.70949826465367e-08,-7.8064998822132e-05,-1.2489026186079e-06,0.000650591343550026
19170.8478609426,-1.85633775116105e-06,9.28820878428931e-06,-7.60368246689541e-08,-7.75273156906295e-05,-7.60368246689541e-08,-7.75273156906295e-05,-1.2317585961736e-06,0.000646110505524277
19303.8005361258,-1.83085646497186e-06,9.22442795381286e-06,-7.49931882766898e-08,-7.69933361902452e-05,-7.49931882766898e-08,-7.69933361902453e-05,-1.2148499133096e-06,0.000641660528050495
19437.6752578439,-1.80572493403354e-06,9.1610824949514e-06,-7.3963874238901e-08,-7.64630348044189e-05,-7.39638742389011e-08,-7.64630348044189e-05,-1.19817333948894e-06,0.000637241198594536
19572.4784206263,-1.78093835808868e-06,9.09816948938895e-06,-7.29486860566072e-08,-7.59363861925016e-05,-7.29486860566073e-08,-7.59363861925017e-05,-1.18172568852958e-06,0.00063285230608577
19708.2164633496,-1.75649200274872e-06,9.0356860372624e-06,-7.19474299252685e-08,-7.54133651885406e-05,-7.19474299252685e-08,-7.54133651885406e-05,-1.16550381798578e-06,0.000628493640907
19844.8958695448,-1.73238119859048e-06,8.9736292570684e-06,-7.09599146978825e-08,-7.48939468000728e-05,-7.09599146978825e-08,-7.48939468000728e-05,-1.14950462854769e-06,0.000624164994884468
19982.5231677076,-1.70860134026499e-06,8.91199628556983e-06,-6.99859518485792e-08,-7.43781062069262e-05,-6.99859518485792e-08,-7.43781062069263e-05,-1.13372506344927e-06,0.000619866161277903
20121.1049316092,-1.68514788561866e-06,8.8507842777025e-06,-6.90253554367184e-08,-7.3865818760031e-05,-6.90253554367184e-08,-7.3865818760031e-05,-1.11816210788435e-06,0.000615596934770672
20260.6477806113,-1.66201635482636e-06,8.78999040648167e-06,-6.8077942071474e-08,-7.33570599802364e-05,-6.8077942071474e-08,-7.33570599802364e-05,-1.10281278843063e-06,0.000611357111459966
20401.1583799816,-1.63920232953651e-06,8.7296118629087e-06,-6.7143530876906e-08,-7.28518055571388e-05,-6.7143530876906e-08,-7.28518055571388e-05,-1.08767417248164e-06,0.000607146488847076
20542.6434412127,-1.61670145202775e-06,8.6696458558775e-06,-6.62219434575062e-08,-7.23500313479152e-05,-6.62219434575062e-08,-7.23500313479152e-05,-1.07274336768649e-06,0.000602964865827725
20685.1097223421,-1.59450942437733e-06,8.6100896120813e-06,-6.53130038642188e-08,-7.1851713376167e-05,-6.53130038642189e-08,-7.18517133761671e-05,-1.0580175213973e-06,0.000598812042682469
20828.5640282755,-1.57262200764076e-06,8.55094037591907e-06,-6.44165385609224e-08,-7.13568278307701e-05,-6.44165385609224e-08,-7.13568278307702e-05,-1.04349382012421e-06,0.000594687821067164
20973.0132111114,-1.55103502104279e-06,8.4921954094024e-06,-6.35323763913727e-08,-7.08653510647344e-05,-6.35323763913728e-08,-7.08653510647344e-05,-1.02916948899788e-06,0.000590592004003502
21118.464170469,-1.5297443411794e-06,8.43385199206206e-06,-6.2660348546595e-08,-7.03772595940696e-05,-6.26603485465951e-08,-7.03772595940697e-05,-1.01504179123939e-06,0.000586524395869603
21264.923853817,-1.50874590123086e-06,8.37590742085493e-06,-6.1800288532725e-08,-6.9892530096661e-05,-6.1800288532725e-08,-6.9892530096661e-05,-1.00110802763735e-06,0.000582484802390684
21412.3992568061,-1.48803569018544e-06,8.31835901007071e-06,-6.09520321392865e-08,-6.94111394111505e-05,-6.09520321392866e-08,-6.94111394111506e-05,-9.87365536032254e-07,0.00057847303062978
21560.8974236026,-1.46760975207385e-06,8.26120409123909e-06,-6.0115417407907e-08,-6.89330645358284e-05,-6.0115417407907e-08,-6.89330645358284e-05,-9.73811690807894e-07,0.000574488888978541
21710.4254472254,-1.44746418521411e-06,8.20444001303661e-06,-5.92902846014556e-08,-6.84582826275296e-05,-5.92902846014556e-08,-6.84582826275296e-05,-9.60443902389719e-07,0.000570532187148075
21860.9904698845,-1.42759514146688e-06,8.148064141194e-06,-5.84764761736094e-08,-6.79867710005403e-05,-5.84764761736094e-08,-6.79867710005403e-05,-9.47259616750136e-07,0.000566602736159881
22012.599683322,-1.40799882550083e-06,8.09207385840335e-06,-5.76738367388302e-08,-6.75185071255104e-05,-5.76738367388302e-08,-6.75185071255104e-05,-9.34256314920549e-07,0.000562700348336811
22165.260329156,-1.38867149406828e-06,8.03646656422564e-06,-5.68822130427568e-08,-6.70534686283746e-05,-5.68822130427568e-08,-6.70534686283746e-05,-9.21431512510142e-07,0.000558824837294124
22318.9796992262,-1.36960945529059e-06,7.98123967499818e-06,-5.6101453932998e-08,-6.65916332892801e-05,-5.6101453932998e-08,-6.65916332892801e-05,-9.08782759231218e-07,0.000554976017930581
22473.7651359423,-1.35080906795348e-06,7.9263906237425e-06,-5.53314103303298e-08,-6.61329790415226e-05,-5.53314103303298e-08,-6.61329790415227e-05,-8.96307638431108e-07,0.000551153706419616
22629.6240326348,-1.33226674081194e-06,7.87191686007203e-06,-5.45719352002815e-08,-6.56774839704886e-05,-5.45719352002815e-08,-6.56774839704886e-05,-8.84003766630446e-07,0.000547357720200553
22786.5638339077,-1.3139789319047e-06,7.81781585010032e-06,-5.38228835251154e-08,-6.52251263126062e-05,-5.38228835251154e-08,-6.52251263126063e-05,-8.71868793067844e-07,0.000543587877969898
22944.592035995,-1.29594214787807e-06,7.76408507634908e-06,-5.3084112276186e-08,-6.47758844543024e-05,-5.30841122761861e-08,-6.47758844543024e-05,-8.59900399250752e-07,0.00053984399967268
23103.7161871177,-1.27815294331911e-06,7.71072203765679e-06,-5.23554803866806e-08,-6.43297369309679e-05,-5.23554803866807e-08,-6.43297369309679e-05,-8.48096298512545e-07,0.000536125906493859
23263.9438878451,-1.26060792009785e-06,7.65772424908706e-06,-5.16368487247297e-08,-6.38866624259288e-05,-5.16368487247297e-08,-6.38866624259288e-05,-8.36454235575635e-07,0.000532433420849785
23425.2827914574,-1.24330372671866e-06,7.60508924183763e-06,-5.09280800668885e-08,-6.34466397694261e-05,-5.09280800668885e-08,-6.34466397694262e-05,-8.24971986120628e-07,0.000528766366379725
23587.7406043117,-1.22623705768034e-06,7.55281456314921e-06,-5.02290390719787e-08,-6.30096479376014e-05,-5.02290390719788e-08,-6.30096479376014e-05,-8.13647356361346e-07,0.000525124567937441
23751.3250862094,-1.20940465284518e-06,7.50089777621481e-06,-4.95395922552905e-08,-6.25756660514903e-05,-4.95395922552905e-08,-6.25756660514903e-05,-8.02478182625736e-07,0.000521507851582834
23916.0440507678,-1.19280329681652e-06,7.44933646008908e-06,-4.88596079631352e-08,-6.21446733760223e-05,-4.88596079631352e-08,-6.21446733760223e-05,-7.91462330942472e-07,0.00051791604457363
24081.9053657923,-1.17642981832489e-06,7.39812820959806e-06,-4.81889563477487e-08,-6.17166493190282e-05,-4.81889563477487e-08,-6.17166493190282e-05,-7.80597696633293e-07,0.000514348975357145
24248.9169536531,-1.16028108962263e-06,7.34727063524898e-06,-4.75275093425363e-08,-6.12915734302534e-05,-4.75275093425363e-08,-6.12915734302534e-05,-7.69882203910879e-07,0.000510806473562086
24417.0867916629,-1.14435402588672e-06,7.2967613631405e-06,-4.68751406376582e-08,-6.08694254003795e-05,-4.68751406376583e-08,-6.08694254003796e-05,-7.59313805482298e-07,0.000507288369990424
24586.4229124585,-1.12864558462983e-06,7.24659803487297e-06,-4.6231725655947e-08,-6.04501850600512e-05,-4.6231725655947e-08,-6.04501850600512e-05,-7.48890482157846e-07,0.000503794496609311
24756.933404384,-1.1131527651195e-06,7.1967783074592e-06,-4.55971415291576e-08,-6.00338323789107e-05,-4.55971415291576e-08,-6.00338323789107e-05,-7.38610242465307e-07,0.000500324686543062
24928.6264118777,-1.09787260780518e-06,7.14729985323525e-06,-4.4971267074539e-08,-5.96203474646386e-05,-4.49712670745389e-08,-5.96203474646386e-05,-7.28471122269463e-07,0.000496878774065186
25101.5101358603,-1.08280219375326e-06,7.09816035977166e-06,-4.43539827717301e-08,-5.92097105620021e-05,-4.43539827717302e-08,-5.92097105620021e-05,-7.18471184396859e-07,0.000493456594590477
25275.5928341276,-1.06793864408969e-06,7.04935752978479e-06,-4.37451707399693e-08,-5.88019020519081e-05,-4.37451707399694e-08,-5.88019020519081e-05,-7.08608518265695e-07,0.000490057984667149
25450.882821744,-1.05327911945041e-06,7.00088908104866e-06,-4.31447147156179e-08,-5.83969024504651e-05,-4.31447147156179e-08,-5.83969024504652e-05,-6.98881239520822e-07,0.000486682781969043
25627.3884714405,-1.0388208194392e-06,6.95275274630677e-06,-4.25525000299886e-08,-5.79946924080495e-05,-4.25525000299887e-08,-5.79946924080495e-05,-6.89287489673718e-07,0.000483330825287868
25805.1182140139,-1.024560982093e-06,6.90494627318449e-06,-4.1968413587482e-08,-5.75952527083798e-05,-4.1968413587482e-08,-5.75952527083799e-05,-6.7982543574744e-07,0.000480001954525511
25984.08053873,-1.01049688335456e-06,6.85746742410157e-06,-4.13923438440174e-08,-5.71985642675968e-05,-4.13923438440174e-08,-5.71985642675968e-05,-6.70493269926421e-07,0.000476696010686389
26164.2839937291,-9.96625836552354e-07,6.81031397618496e-06,-4.08241807857622e-08,-5.68046081333494e-05,-4.08241807857623e-08,-5.68046081333494e-05,-6.61289209211084e-07,0.000473412835869857
26345.7371864336,-9.82945191887575e-07,6.76348372118203e-06,-4.02638159081528e-08,-5.64133654838884e-05,-4.02638159081528e-08,-5.64133654838884e-05,-6.52211495077212e-07,0.000470152273262678
26528.4487839603,-9.694523359282e-07,6.71697446537393e-06,-3.97111421951994e-08,-5.60248176271647e-05,-3.97111421951995e-08,-5.60248176271647e-05,-6.43258393139959e-07,0.000466914167131523
26712.4275135331,-9.56144691110003e-07,6.67078402948943e-06,-3.91660540990788e-08,-5.56389459999353e-05,-3.91660540990788e-08,-5.56389459999353e-05,-6.34428192822514e-07,0.00046369836281555
26897.6821629011,-9.4301971524436e-07,6.62491024861891e-06,-3.86284475200024e-08,-5.52557321668739e-05,-3.86284475200024e-08,-5.5255732166874e-05,-6.25719207029275e-07,0.000460504706719005
27084.2215807571,-9.30074901032876e-07,6.5793509721288e-06,-3.80982197863635e-08,-5.48751578196899e-05,-3.80982197863636e-08,-5.48751578196899e-05,-6.17129771823542e-07,0.000457333046303903
27272.0546771616,-9.17307775588602e-07,6.53410406357621e-06,-3.75752696351534e-08,-5.44972047762506e-05,-3.75752696351534e-08,-5.44972047762506e-05,-6.08658246109602e-07,0.000454183230082731
27461.1904239671,-9.04715899963879e-07,6.48916740062402e-06,-3.70594971926483e-08,-5.41218549797124e-05,-3.70594971926483e-08,-5.41218549797124e-05,-6.00303011319214e-07,0.000451055107611228
27651.6378552475,-8.92296868684599e-07,6.44453887495615e-06,-3.65508039553586e-08,-5.37490904976554e-05,-3.65508039553586e-08,-5.37490904976554e-05,-5.92062471102356e-07,0.000447948529481193
27843.4060677294,-8.80048309290913e-07,6.40021639219327e-06,-3.6049092771241e-08,-5.33788935212266e-05,-3.60490927712411e-08,-5.33788935212266e-05,-5.83935051022262e-07,0.000444863347313356
28036.5042212264,-8.67967881884187e-07,6.35619787180877e-06,-3.55542678211664e-08,-5.30112463642861e-05,-3.55542678211664e-08,-5.30112463642861e-05,-5.75919198254599e-07,0.000441799413750291
28230.9415390768,-8.56053278680216e-07,6.31248124704513e-06,-3.50662346006426e-08,-5.26461314625621e-05,-3.50662346006426e-08,-5.26461314625621e-05,-5.68013381290817e-07,0.000438756582449383
28426.7273085842,-8.44302223568526e-07,6.26906446483048e-06,-3.45848999017866e-08,-5.22835313728095e-05,-3.45848999017866e-08,-5.22835313728095e-05,-5.60216089645533e-07,0.000435734708075835
28623.8708814609,-8.32712471677761e-07,6.22594548569577e-06,-3.41101717955451e-08,-5.19234287719757e-05,-3.41101717955451e-08,-5.19234287719757e-05,-5.52525833567962e-07,0.000432733646295739
28822.3816742749,-8.21281808946992e-07,6.18312228369194e-06,-3.36419596141568e-08,-5.15658064563713e-05,-3.36419596141569e-08,-5.15658064563714e-05,-5.44941143757281e-07,0.00042975325376917
29022.2691688993,-8.10008051702947e-07,6.14059284630772e-06,-3.31801739338569e-08,-5.12106473408476e-05,-3.3180173933857e-08,-5.12106473408476e-05,-5.37460571081933e-07,0.000426793388143358
29223.5429129655,-7.98889046242996e-07,6.09835517438761e-06,-3.27247265578163e-08,-5.08579344579779e-05,-3.27247265578164e-08,-5.08579344579779e-05,-5.30082686302747e-07,0.000423853908045875
29426.2125203191,-7.87922668423908e-07,6.05640728205028e-06,-3.22755304993172e-08,-5.05076509572471e-05,-3.22755304993172e-08,-5.05076509572471e-05,-5.22806079799893e-07,0.0004209346730779
29630.2876714792,-7.7710682325619e-07,6.01474719660728e-06,-3.18324999651564e-08,-5.01597801042442e-05,-3.18324999651564e-08,-5.01597801042442e-05,-5.15629361303556e-07,0.000418035543807503
29835.7781141006,-7.66439444504054e-07,5.97337295848213e-06,-3.13955503392784e-08,-4.98143052798627e-05,-3.13955503392784e-08,-4.98143052798627e-05,-5.08551159628331e-07,0.000415156381762995
30042.6936634399,-7.55918494290807e-07,5.93228262112975e-06,-3.09645981666309e-08,-4.94712099795044e-05,-3.09645981666309e-08,-4.94712099795044e-05,-5.01570122411242e-07,0.00041229704942631
30251.0442028234,-7.45541962709721e-07,5.89147425095627e-06,-3.05395611372432e-08,-4.9130477812291e-05,-3.05395611372432e-08,-4.9130477812291e-05,-4.94684915853381e-07,0.000409457410226446
30460.8396841202,-7.35307867440173e-07,5.8509459272391e-06,-3.01203580705206e-08,-4.87920925002787e-05,-3.01203580705206e-08,-4.87920925002787e-05,-4.87894224465067e-07,0.000406637328532938
30672.0901282168,-7.25214253369117e-07,5.81069574204755e-06,-2.97069088997567e-08,-4.84560378776804e-05,-2.97069088997567e-08,-4.84560378776804e-05,-4.81196750814527e-07,0.000403836669649384
30884.8056254963,-7.15259192217686e-07,5.77072180016357e-06,-2.9299134656855e-08,-4.81222978900918e-05,-2.9299134656855e-08,-4.81222978900919e-05,-4.74591215280007e-07,0.000401055299807012
31098.9963363199,-7.05440782172979e-07,5.73102221900308e-06,-2.88969574572627e-08,-4.77908565937239e-05,-2.88969574572627e-08,-4.77908565937239e-05,-4.68076355805307e-07,0.000398293086158296
31314.6724915125,-6.95757147524837e-07,5.69159512853746e-06,-2.85003004851083e-08,-4.74616981546392e-05,-2.85003004851084e-08,-4.74616981546392e-05,-4.61650927658642e-07,0.000395549896770607
31531.8443928511,-6.8620643830766e-07,5.65243867121559e-06,-2.81090879785454e-08,-4.71348068479959e-05,-2.81090879785454e-08,-4.71348068479959e-05,-4.5531370319485e-07,0.000392825600619921
31750.5224135575,-6.76786829947083e-07,5.61355100188608e-06,-2.77232452152948e-08,-4.68101670572941e-05,-2.77232452152948e-08,-4.68101670572941e-05,-4.49063471620828e-07,0.000390120067584552
31970.7169987928,-6.67496522911558e-07,5.57493028772003e-06,-2.73426984983871e-08,-4.64877632736299e-05,-2.73426984983871e-08,-4.648776327363e-05,-4.4289903876422e-07,0.000387433168438949
32192.4386661572,-6.58333742368654e-07,5.536574708134e-06,-2.69673751420988e-08,-4.61675800949529e-05,-2.69673751420988e-08,-4.61675800949529e-05,-4.36819226845244e-07,0.000384764774847519
32415.6980061919,-6.49296737846127e-07,5.4984824547135e-06,-2.65972034580828e-08,-4.58496022253299e-05,-2.65972034580828e-08,-4.58496022253299e-05,-4.30822874251696e-07,0.000382114759358501
32640.5056828852,-6.40383782897601e-07,5.46065173113669e-06,-2.62321127416871e-08,-4.55338144742129e-05,-2.62321127416871e-08,-4.55338144742129e-05,-4.24908835316995e-07,0.000379482995397881
32866.8724341813,-6.3159317477286e-07,5.42308075309863e-06,-2.58720332584628e-08,-4.52202017557129e-05,-2.58720332584628e-08,-4.52202017557129e-05,-4.19075980101317e-07,0.000376869357263345
33094.8090724944,-6.22923234092645e-07,5.3857677482357e-06,-2.55168962308561e-08,-4.49087490878779e-05,-2.55168962308561e-08,-4.49087490878779e-05,-4.13323194175698e-07,0.000374273720118279
33324.3264852235,-6.14372304527935e-07,5.34871095605056e-06,-2.51666338250827e-08,-4.45994415919769e-05,-2.51666338250827e-08,-4.45994415919769e-05,-4.07649378409128e-07,0.000371695959985809
33555.4356352742,-6.05938752483598e-07,5.31190862783739e-06,-2.48211791381821e-08,-4.42922644917877e-05,-2.48211791381821e-08,-4.42922644917877e-05,-4.02053448758549e-07,0.000369135953742874
33788.1475615808,-5.97620966786418e-07,5.27535902660754e-06,-2.44804661852502e-08,-4.39872031128906e-05,-2.44804661852502e-08,-4.39872031128906e-05,-3.96534336061747e-07,0.000366593579114358
34022.4733796346,-5.89417358377365e-07,5.2390604270155e-06,-2.4144429886845e-08,-4.36842428819662e-05,-2.41444298868451e-08,-4.36842428819662e-05,-3.91090985833079e-07,0.000364068714667239
34258.4242820144,-5.81326360008123e-07,5.20301111528532e-06,-2.38130060565678e-08,-4.3383369326099e-05,-2.38130060565678e-08,-4.3383369326099e-05,-3.85722358062011e-07,0.0003615612398048
34496.0115389212,-5.73346425941748e-07,5.16720938913732e-06,-2.34861313888108e-08,-4.30845680720846e-05,-2.34861313888108e-08,-4.30845680720846e-05,-3.80427427014414e-07,0.000359071034760864
34735.2464987164,-5.65476031657465e-07,5.13165355771526e-06,-2.31637434466771e-08,-4.27878248457427e-05,-2.31637434466771e-08,-4.27878248457427e-05,-3.75205181036596e-07,0.000356597980594079
34976.1405884643,-5.57713673559486e-07,5.09634194151377e-06,-2.2845780650062e-08,-4.24931254712343e-05,-2.2845780650062e-08,-4.24931254712343e-05,-3.70054622362013e-07,0.000354141959182233
35218.7053144771,-5.50057868689849e-07,5.06127287230633e-06,-2.25321822639012e-08,-4.22004558703839e-05,-2.25321822639012e-08,-4.2200455870384e-05,-3.64974766920651e-07,0.000351702853216621
35462.9522628655,-5.42507154445173e-07,5.02644469307333e-06,-2.22228883865774e-08,-4.19098020620062e-05,-2.22228883865774e-08,-4.19098020620062e-05,-3.59964644150996e-07,0.000349280546196434
35708.8931000911,-5.35060088297323e-07,4.9918557579309e-06,-2.19178399384881e-08,-4.16211501612375e-05,-2.19178399384881e-08,-4.16211501612375e-05,-3.55023296814622e-07,0.000346874922423204
35956.5395735246,-5.27715247517884e-07,4.95750443205971e-06,-2.16169786507678e-08,-4.13344863788716e-05,-2.16169786507678e-08,-4.13344863788716e-05,-3.50149780813287e-07,0.000344485866995273
36205.9035120061,-5.20471228906441e-07,4.92338909163445e-06,-2.13202470541674e-08,-4.10497970207009e-05,-2.13202470541674e-08,-4.10497970207009e-05,-3.45343165008571e-07,0.000342113265802311
36456.9968264106,-5.1332664852256e-07,4.88950812375349e-06,-2.10275884680836e-08,-4.07670684868607e-05,-2.10275884680836e-08,-4.07670684868607e-05,-3.40602531043966e-07,0.00033975700551986
36709.831510217,-5.06280141421464e-07,4.85585992636902e-06,-2.07389469897401e-08,-4.04862872711797e-05,-2.07389469897401e-08,-4.04862872711797e-05,-3.3592697316942e-07,0.00033741697360393
36964.4196400802,-4.99330361393345e-07,4.82244290821753e-06,-2.04542674835174e-08,-4.0207439960534e-05,-2.04542674835175e-08,-4.0207439960534e-05,-3.31315598068294e-07,0.000335093058285621
37220.7733764093,-4.92475980706216e-07,4.78925548875061e-06,-2.01734955704274e-08,-3.99305132342052e-05,-2.01734955704274e-08,-3.99305132342052e-05,-3.26767524686678e-07,0.000332785148565783
37478.9049639467,-4.8571568985234e-07,4.75629609806625e-06,-1.9896577617734e-08,-3.96554938632441e-05,-1.9896577617734e-08,-3.96554938632442e-05,-3.22281884065069e-07,0.00033049313420972
37738.8267323548,-4.79048197298092e-07,4.7235631768403e-06,-1.96234607287146e-08,-3.9382368709838e-05,-1.96234607287146e-08,-3.9382368709838e-05,-3.17857819172341e-07,0.000328216905741923
38000.5510968034,-4.72472229237291e-07,4.6910551762586e-06,-1.93540927325633e-08,-3.91111247266823e-05,-1.93540927325633e-08,-3.91111247266823e-05,-3.13494484742013e-07,0.000325956354440843
38264.0905585636,-4.65986529347891e-07,4.65877055794914e-06,-1.9088422174431e-08,-3.88417489563567e-05,-1.9088422174431e-08,-3.88417489563567e-05,-3.09191047110746e-07,0.000323711372333697
38529.4577056047,-4.59589858552027e-07,4.62670779391488e-06,-1.88263983056039e-08,-3.8574228530706e-05,-1.88263983056039e-08,-3.8574228530706e-05,-3.04946684059071e-07,0.000321481852191317
38796.6652131954,-4.53280994779337e-07,4.59486536646674e-06,-1.85679710738147e-08,-3.83085506702244e-05,-1.85679710738147e-08,-3.83085506702244e-05,-3.00760584654297e-07,0.000319267687523022
39065.7258445091,-4.47058732733556e-07,4.56324176815711e-06,-1.83130911136884e-08,-3.80447026834451e-05,-1.83130911136884e-08,-3.80447026834451e-05,-2.96631949095576e-07,0.000317068772571538
39336.6524512341,-4.40921883662281e-07,4.53183550171355e-06,-1.80617097373179e-08,-3.77826719663324e-05,-1.80617097373179e-08,-3.77826719663324e-05,-2.92559988561094e-07,0.000314885002307946
39609.4579741865,-4.34869275129927e-07,4.50064507997307e-06,-1.78137789249694e-08,-3.75224460016806e-05,-1.78137789249694e-08,-3.75224460016806e-05,-2.88543925057365e-07,0.000312716272426666
39884.1554439296,-4.28899750793774e-07,4.46966902581657e-06,-1.75692513159152e-08,-3.72640123585142e-05,-1.75692513159152e-08,-3.72640123585142e-05,-2.84582991270582e-07,0.000310562479340473
40160.7579813948,-4.23012170183105e-07,4.43890587210385e-06,-1.73280801993921e-08,-3.70073586914945e-05,-1.73280801993921e-08,-3.70073586914945e-05,-2.80676430420025e-07,0.000308423520175558
40439.2787985098,-4.17205408481357e-07,4.40835416160873e-06,-1.70902195056833e-08,-3.67524727403288e-05,-1.70902195056834e-08,-3.67524727403288e-05,-2.76823496113465e-07,0.000306299292766605
40719.7311988284,-4.11478356311282e-07,4.37801244695482e-06,-1.68556237973243e-08,-3.64993423291846e-05,-1.68556237973243e-08,-3.64993423291846e-05,-2.73023452204565e-07,0.000304189695651921
41002.1285781671,-4.05829919523034e-07,4.34787929055143e-06,-1.66242482604268e-08,-3.62479553661073e-05,-1.66242482604268e-08,-3.62479553661073e-05,-2.69275572652228e-07,0.000302094628068583
41286.4844252437,-4.00259018985187e-07,4.31795326452997e-06,-1.63960486961239e-08,-3.59982998424425e-05,-1.63960486961239e-08,-3.59982998424425e-05,-2.65579141381888e-07,0.000300013989947634
41572.812322323,-3.94764590378597e-07,4.28823295068061e-06,-1.61709815121315e-08,-3.57503638322614e-05,-1.61709815121315e-08,-3.57503638322614e-05,-2.61933452148692e-07,0.000297947681909296
41861.1259458642,-3.89345583993114e-07,4.25871694038944e-06,-1.59490037144254e-08,-3.5504135491791e-05,-1.59490037144254e-08,-3.5504135491791e-05,-2.58337808402573e-07,0.00029589560525823
42151.4390671752,-3.84000964527065e-07,4.22940383457581e-06,-1.5730072899033e-08,-3.52596030588477e-05,-1.5730072899033e-08,-3.52596030588477e-05,-2.54791523155159e-07,0.000293857661978817
42443.7655530697,-3.78729710889511e-07,4.20029224363021e-06,-1.55141472439372e-08,-3.50167548522754e-05,-1.55141472439372e-08,-3.50167548522754e-05,-2.51293918848531e-07,0.000291833754730484
42738.1193665299,-3.73530816005187e-07,4.17138078735236e-06,-1.53011855010915e-08,-3.47755792713865e-05,-1.53011855010915e-08,-3.47755792713865e-05,-2.47844327225757e-07,0.000289823786843049
43034.5145673733,-3.68403286622154e-07,4.14266809488977e-06,-1.50911469885446e-08,-3.4536064795408e-05,-1.50911469885446e-08,-3.4536064795408e-05,-2.44442089203226e-07,0.000287827662312109
43332.9653129246,-3.63346143122057e-07,4.11415280467657e-06,-1.48839915826728e-08,-3.42981999829301e-05,-1.48839915826728e-08,-3.42981999829302e-05,-2.41086554744719e-07,0.000285845285794452
43633.4858586911,-3.58358419333015e-07,4.08583356437274e-06,-1.46796797105195e-08,-3.40619734713601e-05,-1.46796797105195e-08,-3.40619734713602e-05,-2.37777082737218e-07,0.000283876562603504
43936.0905590448,-3.53439162345056e-07,4.05770903080366e-06,-1.44781723422391e-08,-3.38273739763783e-05,-1.44781723422391e-08,-3.38273739763784e-05,-2.34513040868411e-07,0.00028192139870481
44240.7938679069,-3.48587432328104e-07,4.0297778699001e-06,-1.42794309836446e-08,-3.35943902913994e-05,-1.42794309836446e-08,-3.35943902913994e-05,-2.3129380550589e-07,0.000279979700711539
44547.6103394389,-3.43802302352446e-07,4.00203875663842e-06,-1.40834176688581e-08,-3.33630112870362e-05,-1.40834176688581e-08,-3.33630112870362e-05,-2.28118761577994e-07,0.000278051375880025
44856.5546287376,-3.3908285821168e-07,3.97449037498123e-06,-1.38900949530614e-08,-3.31332259105682e-05,-1.38900949530613e-08,-3.31332259105682e-05,-2.24987302456301e-07,0.000276136332105343
45167.641492535,-3.34428198248076e-07,3.94713141781836e-06,-1.36994259053459e-08,-3.29050231854126e-05,-1.36994259053459e-08,-3.29050231854126e-05,-2.21898829839721e-07,0.000274234477916902
45480.8857899031,-3.29837433180349e-07,3.91996058690821e-06,-1.35113741016619e-08,-3.26783922106003e-05,-1.35113741016619e-08,-3.26783922106003e-05,-2.18852753640187e-07,0.000272345722474082
45796.3024829641,-3.25309685933783e-07,3.89297659281936e-06,-1.33259036178623e-08,-3.24533221602545e-05,-1.33259036178623e-08,-3.24533221602545e-05,-2.15848491869915e-07,0.000270469975561894
46113.9066376045,-3.20844091472696e-07,3.86617815487265e-06,-1.31429790228442e-08,-3.22298022830733e-05,-1.31429790228442e-08,-3.22298022830733e-05,-2.1288547053021e-07,0.000268607147586673
46433.713424195,-3.16439796635193e-07,3.83956400108348e-06,-1.29625653717827e-08,-3.20078219018156e-05,-1.29625653717827e-08,-3.20078219018156e-05,-2.09963123501795e-07,0.000266757149571796
46755.7381183149,-3.12095959970205e-07,3.81313286810456e-06,-1.27846281994588e-08,-3.17873704127911e-05,-1.27846281994588e-08,-3.17873704127911e-05,-2.07080892436657e-07,0.000264919893153436
47079.9961014825,-3.07811751576737e-07,3.7868835011689e-06,-1.26091335136775e-08,-3.15684372853533e-05,-1.26091335136775e-08,-3.15684372853533e-05,-2.04238226651357e-07,0.000263095290576339
47406.5028618884,-3.03586352945355e-07,3.76081465403326e-06,-1.24360477887776e-08,-3.13510120613963e-05,-1.24360477887776e-08,-3.13510120613964e-05,-2.01434583021831e-07,0.000261283254689638
47735.2739951367,-2.99418956801817e-07,3.73492508892181e-06,-1.22653379592296e-08,-3.11350843548546e-05,-1.22653379592296e-08,-3.11350843548546e-05,-1.9866942587961e-07,0.000259483698942681
48066.3252049891,-2.95308766952874e-07,3.70921357647024e-06,-1.20969714133217e-08,-3.09206438512071e-05,-1.20969714133217e-08,-3.09206438512072e-05,-1.95942226909484e-07,0.00025769653738091
48399.6723041153,-2.91254998134172e-07,3.6836788956701e-06,-1.1930915986932e-08,-3.07076803069839e-05,-1.1930915986932e-08,-3.07076803069839e-05,-1.93252465048556e-07,0.000255921684641745
48735.331214848,-2.8725687586025e-07,3.6583198338136e-06,-1.17671399573874e-08,-3.04961835492767e-05,-1.17671399573875e-08,-3.04961835492767e-05,-1.90599626386693e-07,0.000254159055950516
49073.317969944,-2.8331363627659e-07,3.63313518643862e-06,-1.16056120374049e-08,-3.02861434752527e-05,-1.16056120374049e-08,-3.02861434752527e-05,-1.87983204068336e-07,0.000252408567116405
49413.6487133493,-2.79424526013707e-07,3.60812375727413e-06,-1.14463013691175e-08,-3.00775500516716e-05,-1.14463013691175e-08,-3.00775500516716e-05,-1.85402698195663e-07,0.000250670134528435
49756.3397009709,-2.75588802043226e-07,3.58328435818592e-06,-1.12891775181813e-08,-2.98703933144063e-05,-1.12891775181813e-08,-2.98703933144063e-05,-1.82857615733075e-07,0.000248943675151468
50101.4073014524,-2.71805731535954e-07,3.55861580912267e-06,-1.11342104679638e-08,-2.96646633679664e-05,-1.11342104679638e-08,-2.96646633679664e-05,-1.80347470413002e-07,0.000247229106522246
50448.8679969571,-2.6807459172188e-07,3.53411693806228e-06,-1.09813706138117e-08,-2.94603503850254e-05,-1.09813706138117e-08,-2.94603503850254e-05,-1.77871782642992e-07,0.00024552634674545
50798.7383839539,-2.64394669752114e-07,3.50978658095869e-06,-1.08306287573973e-08,-2.92574446059512e-05,-1.08306287573973e-08,-2.92574446059512e-05,-1.75430079414085e-07,0.000243835314489786
51151.0351740109,-2.60765262562705e-07,3.48562358168881e-06,-1.06819561011428e-08,-2.90559363383394e-05,-1.06819561011428e-08,-2.90559363383394e-05,-1.73021894210437e-07,0.000242155928984106
51505.7751945938,-2.57185676740338e-07,3.46162679199995e-06,-1.05353242427205e-08,-2.885581595655e-05,-1.05353242427205e-08,-2.885581595655e-05,-1.70646766920188e-07,0.000240488110013547
51862.9753898685,-2.53655228389879e-07,3.4377950714575e-06,-1.03907051696293e-08,-2.86570739012479e-05,-1.03907051696293e-08,-2.86570739012479e-05,-1.68304243747556e-07,0.0002388317779157
52222.6528215118,-2.50173243003715e-07,3.4141272873929e-06,-1.02480712538446e-08,-2.84597006789453e-05,-1.02480712538446e-08,-2.84597006789453e-05,-1.65993877126132e-07,0.000237186853576807
52584.8246695256,-2.46739055332919e-07,3.39062231485203e-06,-1.01073952465425e-08,-2.82636868615488e-05,-1.01073952465425e-08,-2.82636868615488e-05,-1.63715225633369e-07,0.000235553258427982
52949.5082330576,-2.43352009260155e-07,3.3672790365438e-06,-9.96865027289578e-09,-2.80690230859082e-05,-9.96865027289579e-09,-2.80690230859082e-05,-1.61467853906244e-07,0.000233930914441455
53316.7209312277,-2.40011457674348e-07,3.34409634278916e-06,-9.83180982694142e-09,-2.78757000533693e-05,-9.83180982694143e-09,-2.78757000533693e-05,-1.5925133255808e-07,0.000232319744126855
53686.4803039601,-2.36716762347055e-07,3.32107313147033e-06,-9.69684776651872e-09,-2.76837085293294e-05,-9.69684776651872e-09,-2.76837085293294e-05,-1.57065238096502e-07,0.000230719670527495
54058.8040128205,-2.33467293810556e-07,3.29820830798046e-06,-9.56373830827676e-09,-2.74930393427964e-05,-9.56373830827676e-09,-2.74930393427964e-05,-1.54909152842531e-07,0.000229130617216711
54433.709841861,-2.30262431237591e-07,3.27550078517346e-06,-9.43245602275017e-09,-2.73036833859497e-05,-9.43245602275017e-09,-2.73036833859497e-05,-1.52782664850777e-07,0.0002275525082942
54811.215698468,-2.27101562322774e-07,3.2529494833143e-06,-9.30297582950279e-09,-2.71156316137059e-05,-9.3029758295028e-09,-2.71156316137059e-05,-1.50685367830739e-07,0.000225985268382404
55191.3396142186,-2.23984083165614e-07,3.23055333002947e-06,-9.17527299233758e-09,-2.69288750432858e-05,-9.17527299233759e-09,-2.69288750432858e-05,-1.4861686106917e-07,0.000224428822622902
55574.0997457415,-2.20909398155156e-07,3.20831126025786e-06,-9.04932311457274e-09,-2.67434047537856e-05,-9.04932311457275e-09,-2.67434047537856e-05,-1.46576749353528e-07,0.000222883096672844
55959.5143755845,-2.1787691985619e-07,3.18622221620188e-06,-8.92510213438198e-09,-2.65592118857502e-05,-8.92510213438199e-09,-2.65592118857502e-05,-1.44564642896457e-07,0.000221348016701391
56347.6019130871,-2.14886068897042e-07,3.16428514727894e-06,-8.80258632019948e-09,-2.63762876407504e-05,-8.80258632019948e-09,-2.63762876407504e-05,-1.4258015726132e-07,0.000219823509386194
56738.380895261,-2.11936273858885e-07,3.14249901007313e-06,-8.68175226618714e-09,-2.61946232809616e-05,-8.68175226618714e-09,-2.61946232809616e-05,-1.40622913288745e-07,0.000218309501909891
57131.8699876742,-2.09026971166581e-07,3.12086276828741e-06,-8.56257688776468e-09,-2.60142101287473e-05,-8.56257688776468e-09,-2.60142101287473e-05,-1.38692537024189e-07,0.00021680592195663
57528.0879853436,-2.06157604981018e-07,3.09937539269581e-06,-8.44503741720058e-09,-2.58350395662434e-05,-8.44503741720059e-09,-2.58350395662434e-05,-1.36788659646479e-07,0.000215312697708615
57927.053813632,-2.03327627092927e-07,3.07803586109623e-06,-8.32911139926387e-09,-2.56571030349471e-05,-8.32911139926387e-09,-2.56571030349471e-05,-1.34910917397359e-07,0.000213829757842673
58328.7865291527,-2.00536496818148e-07,3.05684315826327e-06,-8.21477668693517e-09,-2.54803920353075e-05,-8.21477668693518e-09,-2.54803920353075e-05,-1.33058951511979e-07,0.000212357031526852
58733.3053206791,-1.97783680894347e-07,3.03579627590159e-06,-8.10201143717715e-09,-2.53048981263199e-05,-8.10201143717715e-09,-2.53048981263199e-05,-1.31232408150353e-07,0.000210894448417036
59140.6295100621,-1.95068653379136e-07,3.01489421259938e-06,-7.99079410676234e-09,-2.51306129251219e-05,-7.99079410676234e-09,-2.51306129251219e-05,-1.29430938329758e-07,0.000209441938653583
59550.7785531519,-1.92390895549606e-07,2.99413597378225e-06,-7.88110344815888e-09,-2.49575281065932e-05,-7.88110344815888e-09,-2.49575281065932e-05,-1.27654197858052e-07,0.000207999432857994
59963.7720407286,-1.89749895803221e-07,2.97352057166732e-06,-7.77291850547206e-09,-2.47856354029576e-05,-7.77291850547206e-09,-2.47856354029576e-05,-1.25901847267913e-07,0.000206566862129593
60379.6296994364,-1.87145149560096e-07,2.95304702521771e-06,-7.66621861044214e-09,-2.46149266033881e-05,-7.66621861044215e-09,-2.46149266033881e-05,-1.24173551751987e-07,0.000205144158042241
60798.3713927276,-1.84576159166588e-07,2.93271436009716e-06,-7.56098337849659e-09,-2.44453935536144e-05,-7.56098337849659e-09,-2.44453935536144e-05,-1.22468981098909e-07,0.000203731252641066
61220.0171218097,-1.82042433800238e-07,2.91252160862512e-06,-7.45719270485687e-09,-2.42770281555333e-05,-7.45719270485687e-09,-2.42770281555333e-05,-1.20787809630223e-07,0.000202328078439218
61644.5870266023,-1.79543489375996e-07,2.89246780973199e-06,-7.35482676069834e-09,-2.41098223668217e-05,-7.35482676069834e-09,-2.41098223668217e-05,-1.19129716138149e-07,0.000200934568414645
62072.1013866976,-1.77078848453746e-07,2.87255200891469e-06,-7.25386598936318e-09,-2.39437682005525e-05,-7.25386598936318e-09,-2.39437682005525e-05,-1.17494383824221e-07,0.000199550656006893
62502.5806223305,-1.74648040147093e-07,2.85277325819254e-06,-7.15429110262482e-09,-2.37788577248126e-05,-7.15429110262483e-09,-2.37788577248126e-05,-1.15881500238751e-07,0.000198176275113924
62936.0452953524,-1.72250600033408e-07,2.8331306160634e-06,-7.0560830770042e-09,-2.36150830623244e-05,-7.05608307700421e-09,-2.36150830623244e-05,-1.1429075722114e-07,0.000196811360088965
63372.5161102152,-1.69886070065103e-07,2.81362314746003e-06,-6.95922315013598e-09,-2.34524363900689e-05,-6.95922315013598e-09,-2.34524363900689e-05,-1.12721850840996e-07,0.000195455845737366
63812.0139149584,-1.67553998482126e-07,2.79424992370689e-06,-6.86369281718515e-09,-2.32909099389121e-05,-6.86369281718515e-09,-2.32909099389121e-05,-1.11174481340068e-07,0.00019410966731349
64254.5597022062,-1.65253939725653e-07,2.77501002247699e-06,-6.76947382731237e-09,-2.31304959932339e-05,-6.76947382731236e-09,-2.31304959932339e-05,-1.09648353074968e-07,0.000192772760517619
64700.1746101695,-1.62985454352973e-07,2.75590252774925e-06,-6.67654818018814e-09,-2.29711868905593e-05,-6.67654818018814e-09,-2.29711868905593e-05,-1.08143174460694e-07,0.000191445061492885
65148.8799236562,-1.60748108953533e-07,2.73692652976596e-06,-6.58489812255455e-09,-2.28129750211921e-05,-6.58489812255456e-09,-2.28129750211921e-05,-1.06658657914912e-07,0.000190126506822219
65600.697075087,-1.5854147606614e-07,2.71808112499061e-06,-6.49450614483446e-09,-2.26558528278517e-05,-6.49450614483447e-09,-2.26558528278517e-05,-1.05194519803016e-07,0.000188817033525319
66055.6476455202,-1.56365134097296e-07,2.69936541606592e-06,-6.40535497778689e-09,-2.24998128053117e-05,-6.40535497778689e-09,-2.24998128053117e-05,-1.03750480383932e-07,0.000187516579055648
66513.7533656814,-1.54218667240658e-07,2.68077851177223e-06,-6.31742758920872e-09,-2.23448475000414e-05,-6.31742758920872e-09,-2.23448475000414e-05,-1.02326263756673e-07,0.000186225081297443
66975.0361170023,-1.521016653976e-07,2.66231952698605e-06,-6.23070718068113e-09,-2.21909495098496e-05,-6.23070718068114e-09,-2.21909495098496e-05,-1.00921597807625e-07,0.000184942478562746
67439.5179326655,-1.50013724098866e-07,2.64398758263901e-06,-6.14517718436129e-09,-2.2038111483531e-05,-6.1451771843613e-09,-2.2038111483531e-05,-9.95362141585579e-08,0.000183668709588465
67907.2209986571,-1.479544444273e-07,2.6257818056769e-06,-6.06082125981744e-09,-2.18863261205148e-05,-6.06082125981745e-09,-2.18863261205148e-05,-9.81698481153447e-08,0.000182403713533439
68378.167654826,-1.45923432941637e-07,2.60770132901918e-06,-5.97762329090802e-09,-2.17355861705163e-05,-5.97762329090802e-09,-2.17355861705163e-05,-9.68222386173941e-08,0.000181147429975539
68852.3803959518,-1.43920301601333e-07,2.58974529151856e-06,-5.89556738270303e-09,-2.15858844331897e-05,-5.89556738270303e-09,-2.15858844331897e-05,-9.54931281877684e-08,0.00017989979890878
69329.8818728181,-1.41944667692441e-07,2.57191283792099e-06,-5.8146378584482e-09,-2.1437213757785e-05,-5.8146378584482e-09,-2.1437213757785e-05,-9.4182262883992e-08,0.000178660760740452
69810.6948932956,-1.39996153754486e-07,2.55420311882578e-06,-5.7348192565703e-09,-2.12895670428056e-05,-5.73481925657031e-09,-2.12895670428056e-05,-9.2889392249531e-08,0.000177430256288278
70294.8424234306,-1.3807438750836e-07,2.53661529064615e-06,-5.65609632772402e-09,-2.11429372356694e-05,-5.65609632772402e-09,-2.11429372356694e-05,-9.16142692659432e-08,0.000176208226777587
70782.3475885425,-1.36179001785198e-07,2.51914851556981e-06,-5.57845403187894e-09,-2.09973173323717e-05,-5.57845403187894e-09,-2.09973173323717e-05,-9.03566503056795e-08,0.000174994613838503
71273.2336743282,-1.34309634456232e-07,2.50180196152001e-06,-5.50187753544688e-09,-2.08527003771505e-05,-5.50187753544688e-09,-2.08527003771505e-05,-8.91162950855396e-08,0.000173789359503162
71767.5241279742,-1.32465928363608e-07,2.48457480211672e-06,-5.42635220844828e-09,-2.07090794621542e-05,-5.42635220844828e-09,-2.07090794621542e-05,-8.78929666207601e-08,0.00017259240620294
72265.2425592773,-1.30647531252153e-07,2.46746621663808e-06,-5.35186362171777e-09,-2.05664477271117e-05,-5.35186362171777e-09,-2.05664477271117e-05,-8.66864311797377e-08,0.000171403696765702
72766.4127417709,-1.28854095702079e-07,2.45047538998213e-06,-5.27839754414801e-09,-2.04247983590046e-05,-5.27839754414802e-09,-2.04247983590046e-05,-8.54964582393731e-08,0.000170223174413077
73271.058613862,-1.27085279062606e-07,2.43360151262879e-06,-5.20593993997116e-09,-2.02841245917412e-05,-5.20593993997116e-09,-2.02841245917412e-05,-8.43228204410243e-08,0.000169050782757741
73779.2042799737,-1.25340743386508e-07,2.41684378060205e-06,-5.13447696607801e-09,-2.0144419705834e-05,-5.13447696607801e-09,-2.0144419705834e-05,-8.31652935470703e-08,0.000167886465800728
74290.8740116972,-1.23620155365538e-07,2.40020139543243e-06,-5.06399496937352e-09,-2.0005677028078e-05,-5.06399496937352e-09,-2.0005677028078e-05,-8.20236563980652e-08,0.00016673016792875
74806.0922489501,-1.21923186266762e-07,2.38367356411971e-06,-4.994480484169e-09,-1.98678899312325e-05,-4.994480484169e-09,-1.98678899312326e-05,-8.08976908704861e-08,0.000165581833911545
75324.8836011454,-1.20249511869748e-07,2.36725949909585e-06,-4.92592022960974e-09,-1.97310518337038e-05,-4.92592022960974e-09,-1.97310518337038e-05,-7.97871818350552e-08,0.000164441408899237
75847.2728483651,-1.18598812404628e-07,2.35095841818821e-06,-4.85830110713828e-09,-1.95951561992312e-05,-4.85830110713828e-09,-1.95951561992312e-05,-7.86919171156401e-08,0.00016330883841972
76373.2849425456,-1.16970772491004e-07,2.33476954458294e-06,-4.79161019799218e-09,-1.94601965365745e-05,-4.79161019799218e-09,-1.94601965365745e-05,-7.76116874487121e-08,0.00016218406837605
76902.9450086679,-1.15365081077702e-07,2.31869210678871e-06,-4.7258347607364e-09,-1.93261663992039e-05,-4.7258347607364e-09,-1.93261663992039e-05,-7.65462864433671e-08,0.000161067045043866
77436.2783459591,-1.13781431383338e-07,2.30272533860057e-06,-4.66096222882928e-09,-1.91930593849923e-05,-4.66096222882928e-09,-1.91930593849923e-05,-7.54955105418895e-08,0.000159957715068821
77973.3104290997,-1.12219520837712e-07,2.28686847906414e-06,-4.5969802082222e-09,-1.9060869135909e-05,-4.5969802082222e-09,-1.9060869135909e-05,-7.44591589808628e-08,0.000158856025464039
78514.0669094413,-1.10679051024003e-07,2.27112077243995e-06,-4.53387647499192e-09,-1.8929589337716e-05,-4.53387647499192e-09,-1.8929589337716e-05,-7.34370337528092e-08,0.000157761923607577
79058.5736162311,-1.09159727621759e-07,2.2554814681681e-06,-4.47163897300564e-09,-1.87992137196666e-05,-4.47163897300564e-09,-1.87992137196666e-05,-7.24289395683601e-08,0.000156675357239915
79606.8565578463,-1.07661260350662e-07,2.23994982083307e-06,-4.41025581161788e-09,-1.86697360542057e-05,-4.41025581161788e-09,-1.86697360542057e-05,-7.14346838189422e-08,0.000155596274461461
80158.9419230357,-1.06183362915074e-07,2.22452509012883e-06,-4.34971526339923e-09,-1.85411501566722e-05,-4.34971526339923e-09,-1.85411501566722e-05,-7.0454076539979e-08,0.000154524623730073
80714.8560821713,-1.0472575294934e-07,2.20920654082414e-06,-4.29000576189597e-09,-1.84134498850032e-05,-4.29000576189597e-09,-1.84134498850032e-05,-6.94869303745943e-08,0.000153460353858591
81274.6255885071,-1.03288151963843e-07,2.19399344272811e-06,-4.23111589942071e-09,-1.82866291394415e-05,-4.23111589942071e-09,-1.82866291394415e-05,-6.85330605378176e-08,0.0001524034140124
81838.2771794484,-1.01870285291798e-07,2.17888507065592e-06,-4.17303442487315e-09,-1.8160681862243e-05,-4.17303442487316e-09,-1.8160681862243e-05,-6.75922847812764e-08,0.000151353753706998
82405.8377778279,-1.00471882036776e-07,2.16388070439487e-06,-4.11575024159093e-09,-1.80356020373883e-05,-4.11575024159093e-09,-1.80356020373883e-05,-6.66644233583781e-08,0.000150311322805583
82977.3344931927,-9.90926750209524e-08,2.14897962867054e-06,-4.05925240522972e-09,-1.79113836902947e-05,-4.05925240522972e-09,-1.79113836902947e-05,-6.57492989899653e-08,0.000149276071516663
83552.7946230977,-9.77324007340593e-08,2.1341811331133e-06,-4.00353012167272e-09,-1.77880208875307e-05,-4.00353012167272e-09,-1.77880208875307e-05,-6.48467368304463e-08,0.000148247950391673
84132.2456544116,-9.63907992830437e-08,2.1194845122249e-06,-3.94857274496856e-09,-1.76655077365331e-05,-3.94857274496856e-09,-1.76655077365331e-05,-6.39565644343873e-08,0.000147226910322619
84715.7152646274,-9.50676143424157e-08,2.10488906534541e-06,-3.89436977529774e-09,-1.75438383853249e-05,-3.89436977529774e-09,-1.75438383853249e-05,-6.30786117235665e-08,0.000146212902539726
85303.2313231867,-9.37625931052753e-08,2.09039409662028e-06,-3.84091085696675e-09,-1.7423007022236e-05,-3.84091085696675e-09,-1.7423007022236e-05,-6.22127109544767e-08,0.000145205878609111
85894.8218928089,-9.24754862350158e-08,2.0759989149677e-06,-3.78818577642993e-09,-1.73030078756256e-05,-3.78818577642993e-09,-1.73030078756256e-05,-6.13586966862782e-08,0.000144205790430474
86490.5152308334,-9.12060478176857e-08,2.0617028340461e-06,-3.73618446033832e-09,-1.71838352136062e-05,-3.73618446033833e-09,-1.71838352136062e-05,-6.05164057491873e-08,0.000143212590234793
87090.3397905676,-8.99540353150091e-08,2.04750517222193e-06,-3.68489697361541e-09,-1.706548334377e-05,-3.68489697361542e-09,-1.706548334377e-05,-5.96856772133029e-08,0.000142226230582048
87694.3242226474,-8.87192095180458e-08,2.03340525253761e-06,-3.63431351755917e-09,-1.69479466129169e-05,-3.63431351755918e-09,-1.69479466129169e-05,-5.88663523578571e-08,0.000141246664358953
88302.4973764047,-8.7501334501493e-08,2.0194024026797e-06,-3.58442442797028e-09,-1.68312194067844e-05,-3.58442442797028e-09,-1.68312194067844e-05,-5.80582746408915e-08,0.000140273844776706
88914.8883012464,-8.63001775786088e-08,2.00549595494733e-06,-3.53522017330586e-09,-1.67152961497792e-05,-3.53522017330586e-09,-1.67152961497792e-05,-5.72612896693466e-08,0.000139307725368755
89531.5262480405,-8.511550925676e-08,1.99168524622076e-06,-3.48669135285879e-09,-1.66001713047114e-05,-3.48669135285879e-09,-1.66001713047114e-05,-5.64752451695647e-08,0.000138348259988577
90152.440670515,-8.39471031935739e-08,1.97796961793018e-06,-3.43882869496173e-09,-1.64858393725291e-05,-3.43882869496173e-09,-1.64858393725291e-05,-5.56999909581945e-08,0.000137395402807474
90777.661226663,-8.27947361536984e-08,1.96434841602478e-06,-3.39162305521604e-09,-1.63722948920566e-05,-3.39162305521604e-09,-1.63722948920566e-05,-5.49353789134988e-08,0.000136449108312388
91407.217780161,-8.16581879661496e-08,1.95082099094191e-06,-3.34506541474481e-09,-1.62595324397328e-05,-3.34506541474481e-09,-1.62595324397328e-05,-5.41812629470526e-08,0.000135509331303721
92041.1404017939,-8.05372414822507e-08,1.93738669757656e-06,-3.29914687847006e-09,-1.61475466293525e-05,-3.29914687847006e-09,-1.61475466293525e-05,-5.34374989758323e-08,0.000134576026893179
92679.4593708925,-7.94316825341421e-08,1.92404489525095e-06,-3.25385867341338e-09,-1.60363321118089e-05,-3.25385867341338e-09,-1.60363321118089e-05,-5.2703944894686e-08,0.000133649150501631
93322.2051767786,-7.83412998938674e-08,1.91079494768438e-06,-3.20919214702007e-09,-1.5925883574838e-05,-3.20919214702008e-09,-1.5925883574838e-05,-5.19804605491837e-08,0.000132728657856974
93969.4085202226,-7.72658852330146e-08,1.89763622296327e-06,-3.16513876550615e-09,-1.58161957427652e-05,-3.16513876550616e-09,-1.58161957427652e-05,-5.12669077088382e-08,0.000131814504992023
94621.1003149089,-7.62052330829174e-08,1.88456809351139e-06,-3.12169011222816e-09,-1.57072633762528e-05,-3.12169011222817e-09,-1.57072633762528e-05,-5.05631500406958e-08,0.000130906648242408
95277.3116889132,-7.51591407953972e-08,1.87158993606027e-06,-3.07883788607523e-09,-1.55990812720498e-05,-3.07883788607523e-09,-1.55990812720498e-05,-4.98690530832865e-08,0.00013000504424449
95938.0739861886,-7.41274085040491e-08,1.85870113161986e-06,-3.03657389988332e-09,-1.54916442627437e-05,-3.03657389988332e-09,-1.54916442627437e-05,-4.91844842209358e-08,0.000129109649933291
96603.4187680637,-7.31098390860546e-08,1.84590106544936e-06,-2.99489007887116e-09,-1.53849472165131e-05,-2.99489007887116e-09,-1.53849472165131e-05,-4.85093126584247e-08,0.000128220422540434
97273.3778147489,-7.21062381245227e-08,1.83318912702821e-06,-2.9537784590977e-09,-1.5278985036883e-05,-2.9537784590977e-09,-1.5278985036883e-05,-4.7843409396002e-08,0.000127337319592102
97947.983126856,-7.1116413871344e-08,1.82056471002731e-06,-2.91323118594064e-09,-1.51737526624808e-05,-2.91323118594064e-09,-1.51737526624809e-05,-4.71866472047353e-08,0.000126460298907009
98627.2669269249,-7.01401772105585e-08,1.80802721228046e-06,-2.87324051259599e-09,-1.50692450667953e-05,-2.87324051259599e-09,-1.50692450667954e-05,-4.65389006022041e-08,0.000125589318594387
99311.2616609643,-6.91773416222224e-08,1.79557603575592e-06,-2.83379879859807e-09,-1.49654572579358e-05,-2.83379879859807e-09,-1.49654572579358e-05,-4.59000458285237e-08,0.000124724337051981
100000,-6.82277231467749e-08,1.78321058652823e-06,-2.79489850835995e-09,-1.48623842783939e-05,-2.79489850835995e-09,-1.48623842783939e-05,-4.52699608227005e-08,0.000123865312964066
