Frequency_Hz,Y11_Real,Y11_Imag,Y12_Real,Y12_Imag,Y21_Real,Y21_Imag,Y22_Real,Y22_Imag
0.1,0.383724149024332,-0.00187238522855255,0.526806836643639,0.000224837483993596,-0.0904884998388103,0.000224962469168116,-0.433631613444445,-2.44910034408741e-05
0.100693514841637,0.383724279054526,-0.00188539003443617,0.526806895021335,0.000226401539679812,-0.0904885998414405,0.000226529134308149,-0.433632323856294,-2.46266475601303e-05
0.10139183931163,0.38372441085661,-0.00189848543737698,0.52680695421897,0.00022797654204647,-0.0904887012259558,0.000228106800482248,-0.433633044111479,-2.47625178868352e-05
0.102095006765465,0.38372454445419,-0.00191167207411429,0.526807014248165,0.000229562569089032,-0.0904888040113109,0.000229695546813597,-0.433633774345764,-2.48986010939617e-05
0.102803050789954,0.38372467987117,-0.001924950585977,0.526807075120706,0.000231159699387035,-0.0904889082167169,0.000231295453032717,-0.433634514696763,-2.50348834525058e-05
0.103516005204838,0.383724817131758,-0.00193832161891893,0.526807136848552,0.000232768012109056,-0.0904890138616441,0.00023290659948287,-0.433635265303973,-2.51713508223964e-05
0.104233904064403,0.383724956260468,-0.00195178582355448,0.52680719944383,0.000234387587017682,-0.0904891209658257,0.000234529067125538,-0.433636026308796,-2.53079886430481e-05
0.104956781659108,0.383725097282122,-0.00196534385519465,0.526807262918848,0.00023601850447458,-0.0904892295492611,0.000236162937545973,-0.433636797854562,-2.5444781923803e-05
0.105684672517218,0.383725240221856,-0.00197899637388334,0.526807327286087,0.000237660845445583,-0.0904893396322194,0.000237808292958789,-0.433637580086561,-2.55817152341846e-05
0.106417611406461,0.383725385105122,-0.00199274404443406,0.52680739255821,0.000239314691505854,-0.0904894512352428,0.000239465216213645,-0.433638373152062,-2.57187726938474e-05
0.10715563333568,0.383725531957691,-0.00200658753646679,0.526807458748063,0.0002409801248451,-0.0904895643791506,0.000241133790800963,-0.433639177200345,-2.58559379624559e-05
0.107898773556513,0.383725680805659,-0.00202052752444539,0.526807525868679,0.000242657228272829,-0.0904896790850421,0.000242814100857746,-0.433639992382725,-2.59931942292249e-05
0.108647067565072,0.383725831675446,-0.00203456468771522,0.526807593933277,0.000244346085223695,-0.090489795374301,0.00024450623117344,-0.433640818852579,-2.61305242023058e-05
0.109400551103639,0.383725984593805,-0.00204869971054107,0.526807662955271,0.000246046779762856,-0.0904899132685982,0.000246210267195869,-0.433641656765377,-2.62679100979171e-05
0.110159260162376,0.383726139587822,-0.00206293328214562,0.526807732948266,0.000247759396591441,-0.0904900327898965,0.000247926295037249,-0.433642506278705,-2.64053336293049e-05
0.11092323098104,0.383726296684919,-0.00207726609674798,0.526807803926065,0.000249484021052038,-0.0904901539604538,0.000249654401480266,-0.433643367552297,-2.65427759953661e-05
0.111692500050717,0.383726455912862,-0.00209169885360282,0.526807875902673,0.000251220739134249,-0.0904902768028268,0.000251394673984219,-0.43364424074806,-2.66802178691405e-05
0.112467104115564,0.383726617299757,-0.00210623225703972,0.526807948892296,0.000252969637480334,-0.0904904013398753,0.00025314720069125,-0.433645126030108,-2.6817639385994e-05
0.113247080174565,0.383726780874064,-0.00212086701650296,0.526808022909348,0.000254730803390877,-0.0904905275947657,0.000254912070432642,-0.433646023564786,-2.69550201315617e-05
0.114032465483296,0.38372694666459,-0.0021356038465916,0.526808097968451,0.000256504324830543,-0.0904906555909755,0.000256689372735187,-0.433646933520703,-2.70923391294878e-05
0.114823297555707,0.383727114700501,-0.0021504434671,0.52680817408444,0.000258290290433887,-0.0904907853522968,0.000258479197827635,-0.43364785606876,-2.72295748288374e-05
0.115619614165913,0.383727285011322,-0.00216538660305866,0.526808251272367,0.000260088789511236,-0.0904909169028402,0.000260281636647226,-0.433648791382183,-2.73667050912814e-05
0.116421453349997,0.383727457626938,-0.0021804339847755,0.526808329547499,0.000261899912054624,-0.0904910502670396,0.000262096780846285,-0.433649739636552,-2.75037071780088e-05
0.117228853407829,0.383727632577605,-0.00219558634787744,0.526808408925331,0.000263723748743806,-0.0904911854696558,0.000263924722798912,-0.433650701009831,-2.76405577363768e-05
0.118041852904894,0.383727809893947,-0.00221084443335242,0.52680848942158,0.000265560390952336,-0.0904913225357807,0.000265765555607749,-0.433651675682403,-2.77772327862726e-05
0.118860490674132,0.383727989606963,-0.00222620898759184,0.526808571052192,0.000267409930753705,-0.0904914614908421,0.000267619373110822,-0.4336526638371,-2.79137077061446e-05
0.1196848058178,0.38372817174803,-0.00224168076243332,0.526808653833346,0.000269272460927572,-0.0904916023606069,0.000269486269888478,-0.433653665659232,-2.80499572188307e-05
0.120514837709331,0.383728356348908,-0.00225726051520394,0.52680873778146,0.000271148074966031,-0.0904917451711868,0.000271366341270394,-0.433654681336628,-2.81859553770518e-05
0.12135062599522,0.383728543441741,-0.00227294900876378,0.526808822913187,0.00027303686707998,-0.0904918899490415,0.000273259683342684,-0.433655711059661,-2.83216755485316e-05
0.122192210596917,0.383728733059063,-0.00228874701155002,0.526808909245426,0.000274938932205552,-0.0904920367209838,0.000275166392955087,-0.433656755021288,-2.84570904009358e-05
0.123039631712731,0.383728925233804,-0.00230465529762131,0.526808996795323,0.000276854366010614,-0.0904921855141839,0.000277086567728244,-0.433657813417077,-2.85921718863776e-05
0.123892929819754,0.383729119999287,-0.00232067464670266,0.526809085580275,0.000278783264901349,-0.0904923363561741,0.000279020306061065,-0.433658886445248,-2.8726891225718e-05
0.124752145675793,0.383729317389238,-0.0023368058442307,0.526809175617932,0.000280725726028914,-0.0904924892748529,0.000280967707138193,-0.433659974306706,-2.88612188923988e-05
0.125617320321316,0.38372951743779,-0.00235304968139937,0.526809266926204,0.00028268184729616,-0.0904926442984904,0.000282928870937547,-0.433661077205074,-2.89951245960804e-05
0.126488495081411,0.383729720179482,-0.00236940695520611,0.526809359523264,0.000284651727364465,-0.0904928014557323,0.000284903898237979,-0.433662195346731,-2.91285772658287e-05
0.127365711567764,0.383729925649266,-0.00238587846849842,0.526809453427549,0.0002866354656606,-0.090492960775605,0.00028689289062701,-0.433663328940847,-2.92615450330456e-05
0.128249011680643,0.383730133882513,-0.00240246503002087,0.52680954865777,0.000288633162383718,-0.0904931222875204,0.000288895950508674,-0.43366447819942,-2.9393995213952e-05
0.129138437610901,0.383730344915011,-0.00241916745446259,0.526809645232909,0.000290644918512396,-0.0904932860212806,0.000290913181111449,-0.433665643337315,-2.95258942917855e-05
0.130034031841991,0.383730558782975,-0.00243598656250523,0.526809743172231,0.000292670835811775,-0.0904934520070829,0.000292944686496301,-0.433666824572298,-2.96572078985757e-05
0.130935837151994,0.383730775523047,-0.00245292318087133,0.526809842495281,0.000294711016840779,-0.0904936202755248,0.000294990571564826,-0.433668022125076,-2.97879007965934e-05
0.131843896615665,0.383730995172303,-0.00246997814237323,0.526809943221894,0.000296765564959421,-0.090493790857609,0.000297050942067493,-0.433669236219334,-2.99179368593513e-05
0.132758253606487,0.383731217768251,-0.00248715228596234,0.526810045372195,0.000298834584336197,-0.0904939637847482,0.000299125904611986,-0.433670467081777,-3.00472790523004e-05
0.133678951798747,0.383731443348843,-0.00250444645677901,0.526810148966607,0.00030091817995556,-0.0904941390887707,0.000301215566671672,-0.433671714942167,-3.01758894130054e-05
0.134606035169616,0.383731671952472,-0.0025218615062028,0.526810254025854,0.000303016457625498,-0.0904943168019253,0.000303320036594152,-0.433672980033361,-3.03037290310393e-05
0.135539548001256,0.383731903617982,-0.00253939829190333,0.526810360570966,0.000305129523985195,-0.0904944969568864,0.000305439423609948,-0.433674262591355,-3.0430758027368e-05
0.136479534882933,0.383732138384664,-0.00255705767789147,0.526810468623282,0.000307257486512774,-0.0904946795867597,0.000307573837841274,-0.433675562855325,-3.05569355333775e-05
0.137426040713143,0.383732376292268,-0.00257484053457124,0.526810578204458,0.000309400453533156,-0.0904948647250871,0.000309723390310955,-0.433676881067664,-3.06822196693909e-05
0.138379110701763,0.383732617381001,-0.00259274773879203,0.52681068933647,0.000311558534225997,-0.0904950524058526,0.000311888192951418,-0.433678217474028,-3.08065675228529e-05
0.139338790372205,0.383732861691535,-0.00261078017390144,0.52681080204162,0.000313731838633718,-0.0904952426634871,0.000314068358613848,-0.433679572323374,-3.09299351259236e-05
0.140305125563594,0.383733109265007,-0.00262893872979863,0.526810916342539,0.000315920477669661,-0.0904954355328745,0.000316264001077419,-0.43368094586801,-3.10522774327783e-05
0.141278162432955,0.383733360143025,-0.00264722430298816,0.526811032262194,0.000318124563126301,-0.0904956310493571,0.000318475235058676,-0.43368233836363,-3.11735482962823e-05
0.14225794745742,0.383733614367672,-0.00266563779663437,0.526811149823892,0.000320344207683607,-0.0904958292487411,0.000320702176221032,-0.433683750069362,-3.12937004442806e-05
0.143244527436446,0.383733871981509,-0.00268418012061636,0.526811269051288,0.000322579524917456,-0.0904960301673025,0.000322944941184374,-0.433685181247814,-3.14126854553953e-05
0.14423794949405,0.383734133027578,-0.00270285219158342,0.526811389968388,0.000324830629308196,-0.0904962338417926,0.000325203647534823,-0.433686632165115,-3.15304537342811e-05
0.145238261081064,0.383734397549409,-0.00272165493301113,0.526811512599553,0.000327097636249293,-0.0904964403094442,0.000327478413834599,-0.433688103090963,-3.16469544864445e-05
0.146245509977397,0.383734665591017,-0.00274058927525786,0.526811636969508,0.000329380662056066,-0.090496649607977,0.000329769359632033,-0.433689594298669,-3.17621356924272e-05
0.147259744294318,0.383734937196914,-0.00275965615562201,0.526811763103347,0.000331679823974584,-0.0904968617756037,0.000332076605471693,-0.433691106065205,-3.18759440816399e-05
0.148281012476756,0.383735212412107,-0.00277885651839971,0.526811891026536,0.000333995240190618,-0.0904970768510363,0.000334400272904674,-0.433692638671252,-3.19883251054948e-05
0.149309363305612,0.383735491282102,-0.00279819131494314,0.526812020764925,0.00033632702983874,-0.0904972948734917,0.000336740484498994,-0.433694192401243,-3.20992229100453e-05
0.150344845900091,0.383735773852909,-0.00281766150371944,0.526812152344745,0.000338675313011522,-0.090497515882698,0.00033909736385014,-0.433695767543416,-3.22085803081684e-05
0.151387509720044,0.383736060171046,-0.00283726805037017,0.526812285792622,0.000341040210768851,-0.0904977399189007,0.000341471035591773,-0.43369736438986,-3.23163387509727e-05
0.152437404568337,0.383736350283541,-0.00285701192777146,0.526812421135581,0.000343421845147372,-0.0904979670228689,0.000343861625406547,-0.433698983236567,-3.24224382988111e-05
0.153494580593225,0.383736644237936,-0.0028768941160947,0.52681255840105,0.000345820339170036,-0.0904981972359014,0.000346269260037094,-0.433700624383477,-3.25268175916521e-05
0.154559088290748,0.383736942082289,-0.00289691560286783,0.526812697616867,0.000348235816855784,-0.0904984305998335,0.000348694067297154,-0.433702288134531,-3.26294138187529e-05
0.155630978507143,0.38373724386518,-0.00291707738303734,0.52681283881129,0.000350668403229334,-0.0904986671570428,0.000351136176082845,-0.433703974797725,-3.27301626878614e-05
0.156710302441275,0.383737549635713,-0.00293738045903081,0.526812982013,0.000353118224331115,-0.0904989069504563,0.000353595716384097,-0.433705684685155,-3.28289983937136e-05
0.15779711164708,0.383737859443516,-0.0029578258408202,0.52681312725111,0.000355585407227325,-0.0904991500235564,0.000356072819296245,-0.433707418113073,-3.29258535858717e-05
0.158891458036027,0.383738173338751,-0.00297841454598561,0.52681327455517,0.00035807008002009,-0.0904993964203879,0.000358567617031761,-0.433709175401942,-3.30206593359694e-05
0.159993393879601,0.38373849137211,-0.0029991475997799,0.526813423955174,0.0003605723718578,-0.0904996461855641,0.000361080242932163,-0.433710956876483,-3.31133451042555e-05
0.161102971811794,0.383738813594821,-0.00302002603519383,0.52681357548157,0.000363092412945532,-0.0904998993642743,0.000363610831480086,-0.433712762865733,-3.32038387054825e-05
0.162220244831628,0.383739140058653,-0.00304105089302194,0.526813729165263,0.000365630334555652,-0.0905001560022898,0.000366159518311503,-0.433714593703099,-3.32920662740911e-05
0.163345266305675,0.383739470815915,-0.00306222322192907,0.526813885037626,0.000368186269038506,-0.0905004161459714,0.000368726440228133,-0.433716449726414,-3.33779522286824e-05
0.164478089970617,0.383739805919461,-0.00308354407851762,0.526814043130507,0.000370760349833296,-0.0905006798422757,0.000371311735210014,-0.433718331277989,-3.34614192357835e-05
0.165618769935804,0.383740145422691,-0.00310501452739542,0.526814203476233,0.000373352711479074,-0.0905009471387624,0.000373915542428232,-0.433720238704673,-3.35423881729253e-05
0.166767360685846,0.383740489379555,-0.00312663564124444,0.526814366107623,0.000375963489625877,-0.0905012180836013,0.000376538002257861,-0.433722172357907,-3.36207780908607e-05
0.167923917083208,0.383740837844555,-0.00314840850089006,0.526814531057993,0.000378592821046024,-0.0905014927255793,0.000379179256291044,-0.433724132593785,-3.36965061751883e-05
0.169088494370839,0.383741190872747,-0.00317033419537116,0.526814698361163,0.000381240843645534,-0.0905017711141074,0.000381839447350282,-0.433726119773109,-3.37694877070305e-05
0.170261148174801,0.383741548519743,-0.00319241382201092,0.526814868051468,0.000383907696475731,-0.0905020532992283,0.000384518719501895,-0.433728134261448,-3.38396360230545e-05
0.171441934506935,0.383741910841715,-0.00321464848648837,0.526815040163765,0.000386593519744982,-0.0905023393316233,0.000387217218069679,-0.4337301764292,-3.39068624746197e-05
0.172630909767531,0.383742277895395,-0.00323703930291066,0.526815214733441,0.000389298454830577,-0.0905026292626196,0.000389935089648741,-0.433732246651649,-3.39710763861273e-05
0.173828130748022,0.383742649738075,-0.00325958739388612,0.526815391796421,0.000392022644290794,-0.0905029231441981,0.000392672482119542,-0.433734345309028,-3.40321850125572e-05
0.1750336546337,0.383743026427614,-0.00328229389059803,0.526815571389181,0.000394766231877103,-0.0905032210290003,0.000395429544662126,-0.433736472786578,-3.40900934960933e-05
0.176247539006444,0.383743408022435,-0.00330515993287925,0.526815753548752,0.000397529362546549,-0.090503522970336,0.000398206427770545,-0.433738629474611,-3.41447048219576e-05
0.177469841847474,0.383743794581529,-0.0033281866692876,0.526815938312729,0.000400312182474292,-0.090503829022191,0.00040100328326751,-0.433740815768574,-3.41959197732722e-05
0.178700621540116,0.383744186164455,-0.00335137525718199,0.526816125719286,0.000403114839066307,-0.0905041392392348,0.000403820264319214,-0.433743032069112,-3.42436368851659e-05
0.179939936872594,0.383744582831342,-0.00337472686279945,0.526816315807179,0.000405937480972264,-0.0905044536768277,0.000406657525450394,-0.433745278782127,-3.42877523977561e-05
0.181187847040838,0.383744984642888,-0.00339824266133286,0.52681650861576,0.000408780258098592,-0.0905047723910291,0.000409515222559582,-0.433747556318852,-3.43281602084022e-05
0.182444411651309,0.383745391660364,-0.00342192383700961,0.526816704184984,0.000411643321621697,-0.0905050954386051,0.000412393512934592,-0.433749865095907,-3.43647518229115e-05
0.183709690723849,0.383745803945611,-0.00344577158317104,0.52681690255542,0.000414526824001366,-0.0905054228770364,0.000415292555268209,-0.433752205535369,-3.43974163056829e-05
0.184983744694544,0.383746221561046,-0.00346978710235269,0.526817103768262,0.000417430918994359,-0.0905057547645259,0.00041821250967411,-0.433754578064841,-3.4426040229095e-05
0.186266634418617,0.383746644569654,-0.00349397160636555,0.526817307865338,0.00042035576166818,-0.0905060911600071,0.000421153537703018,-0.433756983117513,-3.44505076216584e-05
0.187558421173328,0.383747073034996,-0.00351832631637798,0.52681751488912,0.000423301508415044,-0.0905064321231519,0.000424115802359063,-0.433759421132238,-3.44706999153011e-05
0.188859166660905,0.383747507021206,-0.00354285246299861,0.526817724882738,0.000426268316966007,-0.0905067777143786,0.000427099468116392,-0.433761892553592,-3.44864958914601e-05
0.190168933011491,0.383747946592987,-0.00356755128636018,0.526817937889988,0.000429256346405328,-0.09050712799486,0.000430104700936022,-0.43376439783195,-3.4497771626299e-05
0.191487782786108,0.383748391815616,-0.00359242403620413,0.526818153955342,0.000432265757184995,-0.0905074830265318,0.000433131668282911,-0.433766937423553,-3.45044004346762e-05
0.192815778979652,0.383748842754941,-0.00361747197196622,0.526818373123963,0.000435296711139467,-0.0905078428721007,0.000436180539143305,-0.433769511790579,-3.45062528130588e-05
0.194152985023894,0.383749299477379,-0.00364269636286304,0.526818595441714,0.000438349371500614,-0.0905082075950524,0.000439251484042302,-0.433772121401215,-3.45031963813261e-05
0.195499464790516,0.383749762049917,-0.00366809848797938,0.526818820955171,0.000441423902912855,-0.0905085772596606,0.000442344675061673,-0.433774766729727,-3.44950958235252e-05
0.196855282594159,0.383750230540107,-0.00369367963635662,0.526819049711632,0.000444520471448519,-0.0905089519309945,0.000445460285857966,-0.433777448256538,-3.44818128271973e-05
0.198220503195496,0.383750705016067,-0.0037194411070821,0.526819281759135,0.000447639244623414,-0.0905093316749279,0.00044859849168084,-0.433780166468295,-3.44632060217537e-05
0.199595191804325,0.383751185546479,-0.00374538420937923,0.526819517146463,0.000450780391412586,-0.0905097165581474,0.000451759469391662,-0.433782921857946,-3.44391309156228e-05
0.200979414082682,0.383751672200585,-0.00377151026269892,0.526819755923164,0.000453944082266338,-0.090510106648161,0.000454943397482406,-0.433785714924815,-3.44094398319686e-05
0.202373236147981,0.383752165048185,-0.0037978205968117,0.526819998139559,0.000457130489126448,-0.0905105020133066,0.000458150456094769,-0.43378854617468,-3.43739818434649e-05
0.203776724576168,0.383752664159636,-0.00382431655190094,0.526820243846755,0.000460339785442602,-0.0905109027227605,0.000461380827039621,-0.433791416119843,-3.43326027054669e-05
0.205189946404906,0.383753169605844,-0.00385099947865713,0.526820493096662,0.000463572146189078,-0.0905113088465463,0.000464634693816693,-0.433794325279212,-3.42851447881279e-05
0.206612969136771,0.383753681458266,-0.00387787073837307,0.526820745942004,0.000466827747881647,-0.0905117204555433,0.000467912241634564,-0.433797274178378,-3.42314470070659e-05
0.208045860742482,0.383754199788901,-0.00390493170304017,0.526821002436332,0.000470106768594723,-0.0905121376214956,0.000471213657430943,-0.433800263349691,-3.41713447526773e-05
0.209488689664142,0.383754724670291,-0.00393218375544577,0.526821262634041,0.000473409387978731,-0.0905125604170205,0.000474539129893235,-0.433803293332341,-3.41046698181871e-05
0.210941524818514,0.38375525617551,-0.00395962828927147,0.526821526590382,0.000476735787277743,-0.0905129889156173,0.0004778888494794,-0.433806364672439,-3.40312503261872e-05
0.212404435600306,0.383755794378165,-0.00398726670919262,0.526821794361478,0.000480086149347343,-0.0905134231916765,0.000481263008439137,-0.433809477923092,-3.39509106537655e-05
0.21387749188549,0.383756339352387,-0.00401510043097872,0.526822066004338,0.000483460658672749,-0.0905138633204883,0.00048466180083534,-0.433812633644491,-3.38634713562685e-05
0.215360764034637,0.383756891172828,-0.00404313088159515,0.526822341576872,0.000486859501387197,-0.0905143093782518,0.000488085422565899,-0.433815832403988,-3.37687490894537e-05
0.21685432289628,0.383757449914649,-0.00407135949930572,0.526822621137909,0.000490282865290559,-0.0905147614420836,0.000491534071385796,-0.43381907477618,-3.36665565303096e-05
0.218358239810298,0.383758015653522,-0.00409978773377656,0.526822904747209,0.000493730939868258,-0.090515219590027,0.00049500794692952,-0.433822361342994,-3.35567022961697e-05
0.21987258661132,0.383758588465614,-0.00412841704618101,0.526823192465484,0.00049720391631041,-0.090515683901061,0.000498507250733828,-0.433825692693767,-3.34389908623958e-05
0.22139743563216,0.383759168427587,-0.00415724890930571,0.526823484354407,0.000500701987531281,-0.0905161544551089,0.000502032186260813,-0.433829069425333,-3.33132224784594e-05
0.222932859707273,0.383759755616585,-0.00418628480765775,0.526823780476638,0.000504225348188976,-0.0905166313330479,0.000505582958921321,-0.43383249214211,-3.31791930823291e-05
0.224478932176229,0.383760350110228,-0.00421552623757313,0.526824080895832,0.000507774194705433,-0.090517114616718,0.0005091597760987,-0.433835961456181,-3.30366942133259e-05
0.22603572688722,0.383760951986601,-0.00424497470732615,0.526824385676665,0.000511348725286688,-0.0905176043889307,0.000512762847172895,-0.433839477987386,-3.28855129232766e-05
0.227603318200585,0.383761561324247,-0.00427463173724033,0.526824694884844,0.000514949139943437,-0.0905181007334783,0.000516392383544909,-0.433843042363404,-3.27254316858927e-05
0.229181780992365,0.383762178202156,-0.00430449885980013,0.526825008587131,0.00051857564051187,-0.0905186037351432,0.000520048598661585,-0.433846655219847,-3.25562283045588e-05
0.230771190657875,0.383762802699752,-0.00433457761976423,0.526825326851357,0.000522228430674825,-0.0905191134797068,0.00052373170804079,-0.433850317200343,-3.23776758181932e-05
0.23237162311531,0.383763434896885,-0.00436486957427977,0.526825649746444,0.000525907715983217,-0.0905196300539583,0.000527441929296916,-0.433854028956628,-3.21895424055252e-05
0.233983154809368,0.383764074873818,-0.00439537629299803,0.526825977342422,0.000529613703877807,-0.0905201535457045,0.000531179482166815,-0.433857791148635,-3.19915912873753e-05
0.235605862714901,0.383764722711216,-0.00442609935819118,0.52682630971045,0.000533346603711238,-0.0905206840437783,0.00053494458853604,-0.433861604444587,-3.17835806271372e-05
0.237239824340596,0.383765378490131,-0.00445704036487038,0.526826646922835,0.000537106626770399,-0.090521221638048,0.000538737472465516,-0.433865469521084,-3.156526342947e-05
0.238885117732672,0.383766042291988,-0.00448820092090518,0.526826989053054,0.00054089398629914,-0.0905217664194266,0.000542558360218587,-0.433869387063199,-3.13363874368949e-05
0.240541821478611,0.383766714198573,-0.0045195826471441,0.52682733617577,0.000544708897521249,-0.0905223184798805,0.000546407480288444,-0.433873357764568,-3.10966950246086e-05
0.242210014710909,0.383767394292017,-0.0045511871775366,0.52682768836686,0.000548551577663808,-0.0905228779124388,0.000550285063425955,-0.433877382327482,-3.08459230932492e-05
0.24388977711086,0.383768082654782,-0.00458301615925633,0.52682804570343,0.000552422245980864,-0.0905234448112024,0.00055419134266792,-0.433881461462984,-3.05838029595953e-05
0.24558118891236,0.38376877936964,-0.00461507125282562,0.526828408263842,0.00055632112377741,-0.090524019271353,0.000558126553365688,-0.433885595890962,-3.0310060245356e-05
0.247284330905736,0.38376948451966,-0.0046473541322415,0.526828776127733,0.000560248434433782,-0.0905246013891618,0.000562090933214248,-0.433889786340243,-3.00244147636922e-05
0.24899928444161,0.383770198188191,-0.00467986648510278,0.52682914937604,0.000564204403430298,-0.0905251912619991,0.000566084722281684,-0.433894033548688,-2.97265804038091e-05
0.250726131434783,0.383770920458839,-0.00471261001273878,0.52682952809102,0.000568189258372346,-0.0905257889883429,0.0005701081630391,-0.43389833826329,-2.94162650132171e-05
0.252464954368146,0.383771651415452,-0.0047455864303392,0.526829912356279,0.000572203229015767,-0.0905263946677875,0.000574161500390953,-0.433902701240271,-2.90931702779454e-05
0.254215836296621,0.383772391142096,-0.0047787974670855,0.526830302256791,0.000576246547292623,-0.0905270084010529,0.000578244981705825,-0.433907123245175,-2.87569916004524e-05
0.25597886085113,0.383773139723035,-0.00481224486628366,0.526830697878925,0.000580319447337344,-0.0905276302899937,0.000582358856847666,-0.433911605052971,-2.84074179752458e-05
0.257754112242586,0.383773897242713,-0.00484593038549819,0.526831099310473,0.000584422165513195,-0.090528260437607,0.000586503378207424,-0.433916147448146,-2.80441318623523e-05
0.259541675265918,0.383774663785725,-0.00487985579668786,0.526831506640668,0.000588554940439212,-0.0905288989480424,0.000590678800735219,-0.43392075122481,-2.76668090582188e-05
0.261341635304121,0.383775439436796,-0.00491402288634255,0.526831919960219,0.000592718013017419,-0.0905295459266096,0.000594885381972906,-0.433925417186788,-2.72751185644154e-05
0.263154078332332,0.383776224280757,-0.00494843345562172,0.526832339361331,0.0005969116264605,-0.0905302014797875,0.000599123382087135,-0.433930146147726,-2.68687224538947e-05
0.26497909092194,0.383777018402518,-0.00498308932049424,0.526832764937737,0.000601136026319843,-0.0905308657152328,0.000603393063902886,-0.433934938931187,-2.64472757346701e-05
0.266816760244719,0.38377782188704,-0.00501799231187978,0.526833196784722,0.000605391460513978,-0.090531538741788,0.000607694692937483,-0.433939796370753,-2.6010426211226e-05
0.268667174076992,0.383778634819311,-0.00505314427579152,0.526833634999153,0.000609678179357425,-0.0905322206694903,0.000612028537435078,-0.433944719310128,-2.55578143431856e-05
0.270530420803823,0.383779457284315,-0.00508854707348053,0.526834079679511,0.000613996435589965,-0.0905329116095797,0.000616394868401672,-0.433949708603236,-2.50890731014405e-05
0.27240658942324,0.383780289366998,-0.00512420258158147,0.526834530925915,0.000618346484406294,-0.0905336116745071,0.000620793959640572,-0.433954765114324,-2.46038278217953e-05
0.274295769550488,0.383781131152245,-0.00516011269225994,0.526834988840153,0.000622728583486106,-0.0905343209779425,0.000625226087788413,-0.433959889718066,-2.41016960558019e-05
0.276198051422303,0.383781982724843,-0.00519627931336119,0.52683545352572,0.000627142993024642,-0.0905350396347829,0.000629691532351651,-0.433965083299664,-2.35822874189995e-05
0.278113525901229,0.383782844169444,-0.00523270436856053,0.526835925087837,0.000631589975763618,-0.0905357677611603,0.00063419057574359,-0.43397034675495,-2.30452034363296e-05
0.280042284479955,0.38378371557054,-0.00526938979751509,0.526836403633496,0.000636069797022597,-0.0905365054744494,0.000638723503321938,-0.433975680990492,-2.24900373848175e-05
0.281984419285683,0.383784597012417,-0.00530633755601733,0.526836889271483,0.000640582724730856,-0.0905372528932754,0.000643290603426888,-0.433981086923695,-2.19163741334363e-05
0.283940023084533,0.383785488579125,-0.00534354961614989,0.526837382112416,0.000645129029459639,-0.0905380101375212,0.00064789216741973,-0.433986565482907,-2.13237899800434e-05
0.285909189285972,0.383786390354436,-0.00538102796644214,0.526837882268776,0.000649708984454869,-0.090538777328335,0.000652528489722013,-0.433992117607518,-2.07118524854916e-05
0.287892011947275,0.383787302421804,-0.00541877461202828,0.526838389854946,0.000654322865670377,-0.0905395545881374,0.000657199867855272,-0.433997744248073,-2.00801203046469e-05
0.289888585778017,0.383788224864327,-0.00545679157480701,0.526838904987244,0.000658970951801544,-0.0905403420406288,0.00066190660248128,-0.434003446366368,-1.94281430145396e-05
0.291899006144599,0.3837891577647,-0.00549508089360271,0.526839427783957,0.000663653524319405,-0.0905411398107959,0.000666648997442881,-0.434009224935559,-1.87554609394278e-05
0.293923369074803,0.383790101205173,-0.00553364462432837,0.526839958365382,0.000668370867505289,-0.0905419480249185,0.000671427359805409,-0.434015080940265,-1.8061604972662e-05
0.295961771262377,0.383791055267508,-0.00557248484015005,0.52684049685386,0.000673123268485892,-0.0905427668105762,0.000676241999898648,-0.434021015376675,-1.73460963955804e-05
0.298014310071653,0.383792020032925,-0.00561160363165276,0.526841043373818,0.000677911017268821,-0.0905435962966549,0.000681093231359394,-0.43402702925265,-1.66084466930588e-05
0.300081083542203,0.383792995582062,-0.0056510031070084,0.526841598051805,0.00068273440677873,-0.0905444366133526,0.000685981371174616,-0.43403312358783,-1.5848157366008e-05
0.302162190393513,0.383793981994917,-0.00569068539214486,0.526842161016534,0.000687593732893823,-0.0905452878921858,0.000690906739725192,-0.434039299413737,-1.50647197403181e-05
0.304257730029708,0.383794979350801,-0.00573065263091698,0.526842732398922,0.000692489294482956,-0.0905461502659949,0.000695869660830251,-0.434045557773883,-1.4257614772778e-05
0.306367802544292,0.383795987728282,-0.0057709069852792,0.526843312332132,0.000697421393443255,-0.09054702386895,0.000700870461792141,-0.434051899723871,-1.34263128534484e-05
0.308492508724934,0.383797007205129,-0.00581145063545959,0.526843900951616,0.000702390334738142,-0.0905479088365559,0.000705909473441991,-0.434058326331504,-1.25702736045452e-05
0.31063195005828,0.383798037858258,-0.00585228578013582,0.526844498395159,0.000707396426436039,-0.0905488053056577,0.000710987030185902,-0.434064838676885,-1.16889456760402e-05
0.312786228734801,0.383799079763671,-0.00589341463661261,0.52684510480292,0.000712439979749482,-0.090549713414445,0.000716103470051761,-0.434071437852524,-1.07817665377097e-05
0.314955447653674,0.383800132996395,-0.00593483944100079,0.526845720317482,0.000717521309074817,-0.0905506333024568,0.000721259134736705,-0.434078124963443,-9.84816226737295e-06
0.317139710427697,0.383801197630418,-0.0059765624483982,0.526846345083895,0.000722640732032447,-0.0905515651105858,0.000726454369655206,-0.434084901127279,-8.88754733583547e-06
0.319339121388238,0.383802273738627,-0.00601858593307195,0.526846979249725,0.00072779856950757,-0.0905525089810823,0.000731689523987803,-0.434091767474385,-7.89932438795271e-06
0.321553785590219,0.383803361392741,-0.00606091218864269,0.5268476229651,0.000732995145691538,-0.0905534650575576,0.000736964950730501,-0.434098725147938,-6.8828840200999e-06
0.323783808817133,0.383804460663239,-0.00610354352827019,0.526848276382764,0.000738230788123736,-0.0905544334849879,0.000742281006744816,-0.434105775304038,-5.83760455375587e-06
0.326029297586097,0.383805571619295,-0.00614648228484087,0.52684893965812,0.000743505827734003,-0.0905554144097173,0.000747638052808498,-0.434112919111813,-4.76285180536773e-06
0.328290359152942,0.383806694328699,-0.00618973081115669,0.526849612949289,0.000748820598885657,-0.09055640797946,0.0007530364536669,-0.434120157753519,-3.65797885224645e-06
0.330567101517332,0.383807828857784,-0.00623329148012602,0.526850296417156,0.000754175439419101,-0.0905574143433033,0.000758476578085052,-0.434127492424643,-2.52232579475709e-06
0.332859633427924,0.383808975271351,-0.00627716668495585,0.526850990225428,0.000759570690695954,-0.0905584336517093,0.000763958798900393,-0.434134924334003,-1.35521951425549e-06
0.335168064387565,0.383810133632587,-0.00632135883934584,0.526851694540686,0.000765006697643819,-0.0905594660565167,0.00076948349307621,-0.434142454703846,-1.55973427229394e-07
0.337492504658521,0.38381130400298,-0.0063658703776839,0.526852409532443,0.000770483808801592,-0.0905605117109421,0.000775051041755757,-0.434150084769953,1.07611276478625e-06
0.339833065267741,0.383812486442243,-0.00641070375524359,0.526853135373197,0.000776002376365419,-0.0905615707695807,0.000780661830317094,-0.434157815781731,2.34175332932546e-06
0.342189858012163,0.383813681008218,-0.00645586144838283,0.526853872238495,0.000781562756235198,-0.090562643388407,0.000786316248428589,-0.434165649002316,3.64167676118049e-06
0.344562995464054,0.383814887756792,-0.0065013459547446,0.526854620306988,0.000787165308061734,-0.0905637297247746,0.000792014690105179,-0.434173585708667,4.97662604508758e-06
0.346952590976386,0.383816106741804,-0.00654715979345897,0.526855379760491,0.000792810395294454,-0.090564829937416,0.000797757553765314,-0.434181627191663,6.34735892241639e-06
0.349358758688252,0.383817338014948,-0.00659330550534689,0.526856150784051,0.000798498385229745,-0.0905659441864419,0.000803545242288641,-0.434189774756197,7.7546481623697e-06
0.351781613530314,0.383818581625681,-0.00663978565312553,0.526856933566003,0.00080422964905995,-0.0905670726333395,0.000809378163074387,-0.434198029721274,9.19928183733265e-06
0.354221271230298,0.383819837621117,-0.00668660282161519,0.526857728298039,0.000810004561922937,-0.0905682154409709,0.000815256728100504,-0.434206393420097,1.06820636029681e-05
0.356677848318515,0.383821106045928,-0.00673375961794789,0.526858535175272,0.000815823502952329,-0.090569372773571,0.000821181353983525,-0.434214867200162,1.22038129824614e-05
0.359151462133436,0.383822386942237,-0.00678125867177731,0.526859354396304,0.000821686855328295,-0.0905705447967442,0.000827152462039169,-0.434223452423352,1.37653656554493e-05
0.361642230827288,0.383823680349511,-0.00682910263549051,0.526860186163297,0.000827595006329081,-0.0905717316774615,0.000833170478343695,-0.434232150466017,1.53675737516457e-05
0.364150273371703,0.383824986304447,-0.00687729418442102,0.526861030682038,0.000833548347383075,-0.0905729335840566,0.000839235833795983,-0.434240962719072,1.70113061487703e-05
0.366675709563398,0.38382630484086,-0.00692583601706358,0.526861888162018,0.000839547274121583,-0.0905741506862209,0.000845348964180398,-0.434249890588073,1.86974487753205e-05
0.369218660029898,0.383827635989565,-0.00697473085529021,0.526862758816497,0.000845592186432213,-0.0905753831549992,0.000851510310230372,-0.434258935493308,2.04269049182831e-05
0.371779246235299,0.383828979778253,-0.0070239814445679,0.526863642862587,0.000851683488512894,-0.0905766311627835,0.000857720317692781,-0.434268098869877,2.22005955351212e-05
0.374357590486067,0.383830336231371,-0.00707359055417772,0.526864540521323,0.000857821588926579,-0.0905778948833069,0.000863979437393062,-0.434277382167774,2.40194595711452e-05
0.376953815936883,0.383831705369995,-0.00712356097743524,0.526865452017743,0.00086400690065658,-0.0905791744916369,0.000870288125301086,-0.434286786851964,2.58844542811859e-05
0.379568046596523,0.383833087211695,-0.00717389553191267,0.526866377580966,0.00087023984116255,-0.0905804701641672,0.000876646842597847,-0.434296314402462,2.77965555565696e-05
0.382200407333782,0.383834481770406,-0.007224597059662,0.526867317444279,0.000876520832437107,-0.0905817820786105,0.000883056055742851,-0.43430596631441,2.97567582570601e-05
0.384851023883439,0.383835889056287,-0.00727566842743984,0.526868271845212,0.000882850301063179,-0.0905831104139884,0.000889516236542357,-0.434315744098143,3.17660765475347e-05
0.387520022852263,0.383837309075581,-0.00732711252693332,0.526869241025631,0.000889228678271905,-0.0905844553506227,0.000896027862218306,-0.434325649279267,3.38255442398211e-05
0.390207531725059,0.383838741830473,-0.00737893227498749,0.526870225231819,0.000895656400001299,-0.0905858170701243,0.000902591415478115,-0.434335683398725,3.59362151398368e-05
0.392913678870758,0.383840187318936,-0.00743113061383381,0.526871224714566,0.000902133906955475,-0.0905871957553825,0.000909207384585161,-0.434345848012862,3.80991633994326e-05
0.395638593548549,0.383841645534585,-0.00748371051132017,0.526872239729263,0.00090866164466463,-0.090588591590553,0.000915876263430142,-0.434356144693487,4.03154838739955e-05
0.398382405914052,0.383843116466517,-0.0075366749611417,0.526873270535991,0.000915240063545582,-0.0905900047610449,0.000922598551603128,-0.43436657502794,4.25862924847142e-05
0.401145247025537,0.383844600099155,-0.00759002698307316,0.526874317399615,0.000921869618963076,-0.0905914354535073,0.00092937475446645,-0.434377140619143,4.49127265863686e-05
0.403927248850181,0.383846096412078,-0.0076437696232021,0.526875380589884,0.000928550771291635,-0.0905928838558153,0.000936205383228335,-0.434387843085659,4.72959453404753e-05
0.406728544270374,0.383847605379861,-0.0076979059541634,0.526876460381525,0.000935283985978159,-0.0905943501570539,0.000943090955017352,-0.434398684061745,4.97371300936383e-05
0.409549267090063,0.383849126971898,-0.00775243907537463,0.526877557054349,0.000942069733605128,-0.0905958345475027,0.000950031992957616,-0.434409665197398,5.22374847613388e-05
0.412389552041149,0.383850661152229,-0.00780737211327259,0.526878670893349,0.000948908489954493,-0.0905973372186183,0.000957029026244793,-0.434420788158404,5.47982362172211e-05
0.415249534789915,0.383852207879355,-0.00786270822155063,0.526879802188809,0.000955800736072135,-0.0905988583630163,0.000964082590222843,-0.434432054626381,5.74206346875966e-05
0.418129351943512,0.383853767106061,-0.00791845058139705,0.526880951236407,0.000962746958333116,-0.0906003981744529,0.000971193226461583,-0.434443466298816,6.0105954151693e-05
0.421029141056481,0.38385533877922,-0.00797460240173421,0.526882118337329,0.000969747648507381,-0.0906019568478042,0.000978361482834993,-0.4344550248891,6.28554927471769e-05
0.423949040637325,0.383856922839604,-0.0080311669194585,0.526883303798379,0.000976803303826288,-0.0906035345790456,0.000985587913600323,-0.434466732126567,6.56705731815199e-05
0.426889190155123,0.383858519221686,-0.00808814739968114,0.526884507932092,0.000983914427049644,-0.09060513156523,0.000992873079477935,-0.434478589756512,6.85525431486089e-05
0.429849730046193,0.383860127853433,-0.00814554713596947,0.526885731056853,0.000991081526533382,-0.0906067480044645,0.00100021754773191,-0.434490599540226,7.15027757511727e-05
0.432830801720801,0.383861748656105,-0.00820336945058911,0.526886973497014,0.000998305116297922,-0.0906083840958863,0.00100762189225146,-0.434502763255006,7.45226699287727e-05
0.435832547569911,0.383863381544041,-0.0082616176947465,0.52688823558302,0.00100558571609708,-0.0906100400396373,0.00101508669363305,-0.43451508269418,7.76136508915254e-05
0.438855110971994,0.383865026424438,-0.00832029524883197,0.526889517651528,0.00101292385148759,-0.0906117160368382,0.00102261253926325,-0.434527559667113,8.07771705591681e-05
0.441898636299867,0.383866683197137,-0.00837940552266348,0.526890820045538,0.00102032005389929,-0.0906134122895606,0.00103020002340243,-0.434540195999217,8.40147080065218e-05
0.444963268927599,0.383868351754392,-0.00843895195573036,0.52689214311452,0.00102777486070576,-0.0906151290007979,0.00103784974726908,-0.434552993531951,8.73277699136588e-05
0.448049155237445,0.383870031980638,-0.00849893801743768,0.526893487214551,0.00103528881529569,-0.0906168663744364,0.00104556231912492,-0.434565954122821,9.07178910227457e-05
0.451156442626847,0.383871723752257,-0.00855936720735058,0.526894852708443,0.00104286246714473,-0.0906186246152229,0.00105333835436073,-0.434579079645373,9.41866346001047e-05
0.454285279515466,0.383873426937333,-0.00862024305543897,0.526896239965891,0.00105049637188787,-0.090620403928733,0.00106117847558286,-0.43459237198918,9.77355929040746e-05
0.457435815352278,0.38387514139541,-0.00868156912232224,0.526897649363604,0.00105819109139244,-0.0906222045213372,0.00106908331270053,-0.434605833059821,0.00010136638765873
0.46060820062271,0.383876866977233,-0.0087433489995138,0.526899081285457,0.00106594719383159,-0.0906240266001653,0.00107705350301373,-0.434619464778865,0.000105080670533414
0.463802586855826,0.383878603524498,-0.00880558630966573,0.526900536122635,0.00107376525375828,-0.0906258703730707,0.00108508969130183,-0.434633269083837,0.000108880123627697
0.467019126631568,0.38388035086958,-0.0088682847068133,0.526902014273783,0.00108164585217979,-0.0906277360485919,0.00109319252991296,-0.434647247928183,0.000112766459962665
0.470257973588042,0.383882108835273,-0.00893144787661889,0.526903516145161,0.00108958957663271,-0.0906296238359135,0.00110136267885391,-0.434661403281236,0.000116741423977357
0.473519282428857,0.383883877234511,-0.00899507953661581,0.526905042150799,0.00109759702125837,-0.0906315339448255,0.00110960080588079,-0.434675737128161,0.000120806792031344
0.476803208930514,0.383885655870088,-0.00905918343645175,0.526906592712661,0.00110566878687876,-0.0906334665856809,0.00111790758659031,-0.43469025146991,0.000124964372912956
0.480109909949849,0.383887444534374,-0.0091237633581313,0.526908168260802,0.00111380548107282,-0.0906354219693521,0.00112628370451161,-0.434704948323157,0.000129216008353153
0.483439543431522,0.383889243009025,-0.00918882311625834,0.526909769233543,0.00112200771825322,-0.0906374003071857,0.00113472985119885,-0.434719829720236,0.000133563573545256
0.486792268415562,0.383891051064681,-0.00925436655827704,0.526911396077635,0.00113027611974337,-0.0906394018109556,0.00114324672632424,-0.434734897709067,0.00013800897767019
0.490168245044966,0.383892868460669,-0.00932039756471269,0.526913049248435,0.00113861131385503,-0.0906414266928145,0.00115183503777178,-0.434750154353074,0.000142554164427516
0.493567634573345,0.383894694944689,-0.00938692004941084,0.526914729210086,0.00114701393596598,-0.090643475165244,0.00116049550173142,-0.434765601731104,0.000147201112572118
0.496990599372628,0.383896530252502,-0.00945393795977604,0.526916436435696,0.00115548462859823,-0.0906455474410028,0.00116922884279401,-0.434781241937327,0.000151951836456388
0.500437302940819,0.383898374107606,-0.00952145527700881,0.526918171407523,0.00116402404149634,-0.0906476437330731,0.00117803579404642,-0.434797077081137,0.000156808386578014
0.503907909909802,0.383900226220914,-0.00958947601634173,0.526919934617166,0.00117263283170613,-0.0906497642546058,0.00118691709716754,-0.43481310928704,0.000161772850133288
0.50740258605321,0.383902086290413,-0.00965800422727368,0.526921726565758,0.00118131166365354,-0.0906519092188635,0.00119587350252452,-0.434829340694541,0.000166847351576113
0.510921498294339,0.383903954000833,-0.00972704399380298,0.526923547764162,0.00119006120922365,-0.0906540788391616,0.00120490576926957,-0.434845773458013,0.000172034053182057
0.514464814714125,0.383905829023293,-0.0097965994346583,0.526925398733172,0.00119888214783995,-0.090656273328808,0.00121401466543717,-0.434862409746566,0.000177335155618033
0.518032704559168,0.383907711014953,-0.00986667470352824,0.526927280003719,0.00120777516654365,-0.0906584929010405,0.00122320096804177,-0.434879251743903,0.00018275289851731
0.52162533824982,0.383909599618657,-0.00993727398928883,0.526929192117083,0.00121674096007314,-0.0906607377689632,0.0012324654631758,-0.434896301648169,0.000188289561059624
0.525242887388322,0.383911494462564,-0.0100084015162285,0.526931135625102,0.00122578023094343,-0.0906630081454793,0.0012418089461081,-0.434913561671789,0.00019394746255666
0.528885524767003,0.383913395159777,-0.0100800615442716,0.526933111090395,0.00123489368952561,-0.090665304243224,0.0012512322213827,-0.4349310340413,0.000199728963042517
0.532553424376533,0.383915301307968,-0.0101522583691989,0.526935119086582,0.00124408205412641,-0.0906676262744938,0.00126073610291788,-0.43494872099717,0.000205636463869271
0.536246761414231,0.383917212488991,-0.0102249963228659,0.526937160198515,0.00125334605106741,-0.0906699744511745,0.00127032141410559,-0.434966624793611,0.000211672408307398
0.539965712292437,0.383919128268491,-0.0102982797734182,0.526939235022506,0.00126268641476439,-0.0906723489846673,0.00127998898791104,-0.434984747698378,0.000217839282151147
0.543710454646936,0.383921048195508,-0.0103721131255045,0.526941344166567,0.00127210388780638,-0.0906747500858124,0.00128973966697262,-0.43500309199256,0.000224139614328669
0.547481167345445,0.383922971802069,-0.0104465008204865,0.526943488250649,0.00128159922103448,-0.0906771779648106,0.00129957430370193,-0.435021659970362,0.000230575977516731
0.551278030496154,0.383924898602781,-0.010521447336645,0.526945667906894,0.00129117317362045,-0.0906796328311432,0.00130949376038403,-0.435040453938876,0.000237150988760024
0.55510122545633,0.383926828094413,-0.010596957189384,0.526947883779879,0.00130082651314497,-0.0906821148934888,0.00131949890927782,-0.435059476217837,0.000243867310094889
0.558950934840979,0.383928759755468,-0.0106730349314299,0.526950136526881,0.00131056001567544,-0.0906846243596391,0.0013295906327165,-0.435078729139372,0.000250727649177329
0.56282734253157,0.383930693045756,-0.0107496851530286,0.526952426818132,0.00132037446584348,-0.0906871614364113,0.00133976982320811,-0.435098215047741,0.000257734759915279
0.566730633684818,0.383932627405954,-0.0108269124821376,0.526954755337092,0.00133027065692174,-0.0906897263295593,0.00135003738353605,-0.435117936299057,0.000264891443104709
0.570660994741526,0.383934562257163,-0.0109047215846148,0.526957122780716,0.00134024939090033,-0.0906923192436817,0.0013603942268597,-0.435137895261003,0.000272200547070001
0.574618613435493,0.383936497000455,-0.010983117164403,0.526959529859738,0.0013503114785625,-0.0906949403821282,0.00137084127681483,-0.435158094312533,0.000279664968307725
0.578603678802477,0.383938431016417,-0.0110621039637099,0.526961977298952,0.00136045773955961,-0.0906975899469029,0.00138137946761406,-0.43517853584356,0.000287287652133955
0.582616381189231,0.383940363664686,-0.0111416867631845,0.526964465837498,0.00137068900248538,-0.0907002681385661,0.00139200974414706,-0.435199222254638,0.000295071593335472
0.586656912262587,0.383942294283477,-0.0112218703820878,0.526966996229163,0.00138100610494932,-0.0907029751561332,0.00140273306208073,-0.43522015595662,0.000303019836823931
0.590725465018618,0.383944222189107,-0.0113026596784592,0.52696956924268,0.0013914098936491,-0.0907057111969709,0.00141355038795896,-0.435241339370315,0.000311135478292784
0.594822233791852,0.383946146675507,-0.0113840595492778,0.526972185662031,0.00140190122444213,-0.0907084764566917,0.00142446269930229,-0.435262774926123,0.000319421664877612
0.598947414264556,0.383948067013734,-0.011466074930619,0.526974846286765,0.0014124809624158,-0.090711271129045,0.0014354709847072,-0.435284465063663,0.000327881595819035
0.603101203476082,0.383949982451473,-0.0115487107978044,0.526977551932316,0.00142314998195679,-0.0907140954058067,0.00144657624394493,-0.435306412231381,0.000336518523127799
0.607283799832281,0.38395189221253,-0.0116319721655481,0.526980303430323,0.00143390916681899,-0.0907169494766653,0.00145777948806014,-0.435328618886152,0.000345335752252485
0.611495403114975,0.383953795496326,-0.0117158640880955,0.526983101628969,0.00144475941019007,-0.0907198335291059,0.00146908173946879,-0.435351087492858,0.000354336642748906
0.615736214491506,0.383955691477373,-0.011800391659357,0.526985947393315,0.00145570161475669,-0.0907227477482921,0.00148048403205581,-0.435373820523963,0.000363524608951865
0.620006436524339,0.383957579304758,-0.0118855600130357,0.526988841605643,0.00146673669276811,-0.090725692316944,0.00149198741127195,-0.435396820459063,0.000372903120647763
0.624306273180741,0.383959458101607,-0.0119713743227482,0.52699178516581,0.00147786556609812,-0.0907286674152149,0.00150359293423018,-0.43542008978443,0.000382475703749302
0.628635929842521,0.383961326964552,-0.0120578398021395,0.526994778991606,0.0014890891663054,-0.0907316732205647,0.00151530166980134,-0.435443630992534,0.000392245940970468
0.632995613315842,0.383963184963186,-0.0121449617049906,0.526997824019113,0.0015004084346918,-0.0907347099076304,0.00152711469870903,-0.435467446581553,0.000402217472503186
0.637385531841099,0.383965031139516,-0.01223274532532,0.527000921203084,0.00151182432235884,-0.0907377776480947,0.0015390331136238,-0.435491539054867,0.000412393996693614
0.641805895102865,0.383966864507409,-0.0123211959974772,0.527004071517316,0.00152333779026206,-0.0907408766105511,0.00155105801925638,-0.43551591092054,0.000422779270719306
0.646256914239905,0.383968684052031,-0.0124103190962294,0.527007275955037,0.0015349498092632,-0.0907440069603666,0.00156319053245007,-0.435540564690776,0.000433377111266176
0.650738801855265,0.383970488729277,-0.0125001200368409,0.5270105355293,0.00154666136018005,-0.090747168859542,0.00157543178227214,-0.435565502881371,0.00044419139520481
0.655251772026422,0.383972277465204,-0.0125906042751445,0.527013851273379,0.00155847343383391,-0.0907503624665684,0.00158778291010418,-0.435590728011142,0.000455226060266614
0.659796040315516,0.383974049155449,-0.012681777307605,0.527017224241182,0.00157038703109445,-0.0907535879362825,0.00160024506973133,-0.435616242601338,0.000466485105718339
0.664371823779638,0.383975802664649,-0.0127736446713749,0.52702065550766,0.00158240316292185,-0.0907568454197175,0.0016128194274304,-0.435642049175039,0.000477972593035919
0.668979340981204,0.383977536825849,-0.0128662119443415,0.527024146169233,0.00159452285040623,-0.0907601350639522,0.00162550716205672,-0.435668150256536,0.000489692646576029
0.673618811998395,0.383979250439909,-0.012959484745166,0.527027697344219,0.00160674712480394,-0.0907634570119571,0.00163830946512966,-0.435694548370691,0.000501649454246078
0.678290458435663,0.383980942274904,-0.0130534687333137,0.527031310173271,0.00161907702757086,-0.0907668114024377,0.0016512275409169,-0.435721246042287,0.000513847268171594
0.682994503434323,0.383982611065523,-0.0131481696090751,0.527034985819822,0.00163151361039241,-0.0907701983696746,0.00166426260651701,-0.435748245795349,0.000526290405360369
0.687731171683206,0.383984255512455,-0.0132435931135786,0.527038725470541,0.00164405793521017,-0.0907736180433614,0.00167741589194085,-0.43577555015246,0.000538983248364544
0.692500689429393,0.383985874281778,-0.0133397450287937,0.527042530335792,0.00165671107424486,-0.0907770705484391,0.00169068864019112,-0.435803161634051,0.000551930245938012
0.697303284489026,0.38398746600434,-0.0134366311775244,0.527046401650106,0.00166947411001569,-0.0907805560049285,0.0017040821073404,-0.435831082757673,0.000565135913690534
0.70213918625818,0.383989029275136,-0.0135342574233937,0.527050340672655,0.00168234813535573,-0.0907840745277587,0.00171759756260735,-0.435859316037254,0.000578604834736943
0.70700862572383,0.383990562652681,-0.0136326296708186,0.527054348687741,0.00169533425342332,-0.090787626226594,0.00173123628843122,-0.435887863982339,0.000592341660342
0.71191183547488,0.383992064658382,-0.0137317538649736,0.527058427005291,0.00170843357770918,-0.0907912112056568,0.00174499958054442,-0.435916729097303,0.000606351110559594
0.716849049713269,0.383993533775898,-0.0138316359917464,0.527062576961358,0.00172164723203911,-0.0907948295635483,0.00175888874804308,-0.435945913880557,0.000620637974866597
0.721820504265165,0.383994968450505,-0.0139322820776813,0.527066799918632,0.00173497635057218,-0.0907984813930668,0.00177290511345572,-0.435975420823723,0.000635207112790137
0.726826436592224,0.383996367088455,-0.0140336981899136,0.527071097266962,0.00174842207779408,-0.090802166781022,0.0017870500128096,-0.436005252410804,0.000650063454528574
0.731867085802933,0.38399772805633,-0.014135890436093,0.527075470423885,0.00176198556850551,-0.0908058858080478,0.00180132479569509,-0.436035411117318,0.000665212001565024
0.736942692664033,0.383999049680393,-0.0142388649642957,0.527079920835161,0.00177566798780553,-0.0908096385484111,0.00181573082532759,-0.43606589940943,0.000680657827273376
0.742053499612018,0.38400033024594,-0.0143426279629266,0.527084449975319,0.00178947051106932,-0.0908134250698191,0.00183026947860722,-0.436096719743051,0.000696406077516504
0.747199750764715,0.384001567996647,-0.01444718566061,0.527089059348217,0.00180339432392075,-0.090817245433223,0.001844942146176,-0.436127874562928,0.000712461971235145
0.752381691932944,0.384002761133913,-0.0145525443260692,0.527093750487602,0.00181744062219876,-0.090821099692619,0.00185975023247251,-0.436159366301705,0.000728830801028313
0.757599570632259,0.384003907816205,-0.0146587102679949,0.527098524957684,0.00183161061191818,-0.090824987894847,0.001874695155784,-0.436191197378974,0.000745517933723294
0.762853636094773,0.384005006158397,-0.0147656898349024,0.527103384353718,0.00184590550922408,-0.0908289100793862,0.00188977834829579,-0.436223370200298,0.000762528810936289
0.768144139281058,0.384006054231113,-0.0148734894149766,0.527108330302598,0.00186032654033987,-0.0908328662781487,0.0019050012561379,-0.43625588715622,0.000779868949621329
0.773471332892138,0.384007050060062,-0.0149821154359066,0.527113364463453,0.00187487494150867,-0.0908368565152695,0.00192036533942879,-0.436288750621254,0.000797543942608475
0.778835471381553,0.38400799162538,-0.0150915743647073,0.527118488528263,0.00188955195892797,-0.0908408808068947,0.00193587207231626,-0.436321962952845,0.0008155594591297
0.784236810967519,0.384008876860962,-0.0152018727075304,0.527123704222474,0.00190435884867696,-0.0908449391609672,0.00195152294301522,-0.436355526490327,0.000833921245332547
0.78967560964516,0.384009703653805,-0.0153130170094624,0.527129013305627,0.0019192968766369,-0.0908490315770088,0.00196731945384247,-0.436389443553844,0.000852635124780371
0.795152127198837,0.384010469843341,-0.0154250138543116,0.527134417571998,0.00193436731840348,-0.0908531580459016,0.00198326312124816,-0.436423716443264,0.000871706998939153
0.800666625214554,0.384011173220774,-0.0155378698643825,0.527139918851243,0.00194957145919181,-0.0908573185496649,0.00199935547584412,-0.436458347437067,0.00089114284764974
0.806219367092452,0.384011811528421,-0.0156515917002383,0.527145519009058,0.00196491059373296,-0.0908615130612316,0.00201559806242876,-0.436493338791216,0.000910948729585553
0.811810618059391,0.384012382459048,-0.0157661860604516,0.527151219947843,0.00198038602616252,-0.0908657415442212,0.00203199244000844,-0.436528692738009,0.000931130782694106
0.817440645181619,0.38401288365521,-0.0158816596813422,0.527157023607379,0.00199599906990034,-0.0908700039527103,0.00204854018181557,-0.43656441148491,0.000951695224622934
0.823109717377527,0.384013312708597,-0.0159980193367035,0.527162931965512,0.00201175104752162,-0.0908743002310019,0.0020652428753228,-0.436600497213359,0.000972648353128353
0.828818105430497,0.384013667159372,-0.0161152718375163,0.527168947038852,0.00202764329061873,-0.0908786303133915,0.00208210212225377,-0.436636952077573,0.000993996546467146
0.834566082001833,0.384013944495519,-0.0162334240316505,0.527175070883473,0.00204367713965382,-0.0908829941239317,0.00209911953858989,-0.436673778203312,0.00101574626376927
0.840353921643785,0.384014142152194,-0.0163524828035545,0.527181305595628,0.00205985394380172,-0.0908873915761944,0.00211629675457346,-0.436710977686642,0.001037904045393
0.846181900812664,0.384014257511072,-0.0164724550739328,0.527187653312477,0.00207617506078291,-0.0908918225730311,0.00213363541470668,-0.436748552592671,0.00106047651325961
0.852050297882047,0.384014287899706,-0.0165933477994109,0.527194116212816,0.00209264185668635,-0.0908962870063314,0.00215113717774673,-0.436786504954268,0.00108347037116835
0.857959393156072,0.384014230590881,-0.0167151679721886,0.52720069651782,0.00210925570578173,-0.0909007847567792,0.00216880371669681,-0.436824836770762,0.00110689240509085
0.863909468882829,0.38401408280198,-0.0168379226196813,0.527207396491797,0.00212601799032111,-0.0909053156936081,0.00218663671879285,-0.436863550006633,0.00113074948344388
0.86990080926784,0.38401384169435,-0.0169616188041487,0.52721421844295,0.00214293010032939,-0.0909098796743536,0.00220463788548615,-0.436902646590171,0.00115504855733947
0.875933700487633,0.384013504372671,-0.0170862636223124,0.527221164724148,0.0021599934333834,-0.0909144765446049,0.00222280893242157,-0.43694212841213,0.00117979666081358
0.882008430703416,0.384013067884333,-0.0172118642049612,0.527228237733704,0.00217720939437955,-0.090919106137755,0.00224115158941135,-0.436981997324358,0.00120500091102957
0.888125290074835,0.38401252921882,-0.0173384277165451,0.527235439916169,0.00219457939528914,-0.0909237682747485,0.00225966760040454,-0.437022255138413,0.00123066850845893
0.894284570773836,0.384011885307097,-0.0174659613547575,0.527242773763131,0.00221210485490204,-0.0909284627638289,0.00227835872345175,-0.437062903624164,0.00125680673703649
0.900486566998624,0.384011133021,-0.0175944723501062,0.527250241814021,0.00222978719855711,-0.0909331894002844,0.00229722673066537,-0.437103944508376,0.00128342296428996
0.906731574987708,0.384010269172639,-0.0177239679654727,0.527257846656933,0.00224762785786039,-0.090937947966192,0.00231627340817516,-0.437145379473277,0.00131052464144368
0.913019893034057,0.384009290513807,-0.0178544554956613,0.52726559092945,0.00226562827038973,-0.0909427382301615,0.00233550055607891,-0.43718721015511,0.00133811930349528
0.919351821499347,0.384008193735387,-0.0179859422669364,0.527273477319483,0.00228378987938607,-0.0909475599470773,0.00235490998838856,-0.437229438142677,0.00136621456926483
0.925727662828307,0.384006975466781,-0.0181184356365495,0.527281508566111,0.00230211413343107,-0.0909524128578404,0.00237450353297118,-0.437272064975864,0.00139481814141543
0.932147721563161,0.384005632275333,-0.018251942992256,0.527289687460438,0.00232060248611043,-0.0909572966891088,0.00239428303148521,-0.43731509214415,0.00142393780644523
0.938612304358183,0.384004160665773,-0.0183864717518212,0.527298016846458,0.0023392563956629,-0.0909622111530378,0.00241425033931162,-0.437358521085109,0.00145358143464999
0.945121719994339,0.384002557079656,-0.0185220293625166,0.52730649962192,0.00235807732461469,-0.0909671559470192,0.00243440732548003,-0.437402353182899,0.00148375698005479
0.951676279394036,0.38400081789482,-0.0186586233006065,0.527315138739214,0.00237706673939858,-0.0909721307534203,0.00245475587258977,-0.437446589766733,0.00151447248031528
0.958276295635973,0.383998939424851,-0.0187962610708247,0.527323937206256,0.00239622610995788,-0.0909771352393231,0.00247529787672584,-0.437491232109349,0.00154573605658748
0.964922083970099,0.383996917918553,-0.018934950205843,0.527332898087386,0.00241555690933471,-0.0909821690562619,0.00249603524736951,-0.43753628142546,0.00157755591336511
0.971613961832666,0.383994749559436,-0.0190746982657295,0.527342024504269,0.00243506061324218,-0.0909872318399624,0.00251696990730392,-0.437581738870203,0.00160994033828413
0.978352248861393,0.383992430465201,-0.0192155128373994,0.527351319636815,0.00245473869962036,-0.0909923232100796,0.00253810379251419,-0.437627605537569,0.00164289770189416
0.985137266910738,0.383989956687254,-0.019357401534057,0.527360786724093,0.00247459264817562,-0.0909974427699362,0.0025594388520824,-0.437673882458837,0.0016764364573954
0.991969340067262,0.383987324210211,-0.0195003719946301,0.527370429065259,0.00249462393990299,-0.0910025901062618,0.0025809770480771,-0.437720570600991,0.0017105651403414
0.998848794665118,0.383984528951426,-0.0196444318831967,0.527380250020497,0.00251483405659129,-0.0910077647889317,0.00260272035543748,-0.43776767086513,0.0017452923683062
1.00577595930163,0.383981566760529,-0.0197895888884049,0.527390253011957,0.00253522448031083,-0.0910129663707067,0.00262467076185222,-0.437815184084884,0.00178062684051614
1.01275116485301,0.38397843341897,-0.0199358507228853,0.527400441524705,0.00255579669288297,-0.0910181943869736,0.00264683026763276,-0.437863111024809,0.00181657733744497
1.01977474449012,0.383975124639581,-0.0200832251226583,0.527410819107684,0.0025765521753318,-0.0910234483554861,0.00266920088558135,-0.43791145237879,0.00185315272037259
1.02684703369442,0.383971636066145,-0.020231719846534,0.527421389374671,0.00259749240731709,-0.091028727776107,0.00269178464085335,-0.437960208768434,0.00189036193090564
1.033968370274,0.383967963272979,-0.0203813426755082,0.527432156005254,0.00261861886654862,-0.0910340321305515,0.00271458357081434,-0.438009380741464,0.00192821399046114
1.04113909437969,0.38396410176453,-0.0205321014121517,0.527443122745803,0.00263993302818134,-0.0910393608821314,0.00273759972489162,-0.438058968770112,0.00196671799971151
1.0483595485213,0.383960046974982,-0.0206840038799966,0.527454293410453,0.00266143636419116,-0.0910447134755012,0.00276083516442024,-0.438108973249508,0.00200588313799069
1.05563007758401,0.383955794267875,-0.0208370579229173,0.527465671882094,0.00268313034273106,-0.0910500893364047,0.00278429196248355,-0.438159394496075,0.00204571866266098
1.06295102884484,0.383951338935739,-0.0209912714045087,0.527477262113361,0.00270501642746719,-0.0910554878714249,0.00280797220374834,-0.43821023274592,0.00208623390844076
1.07032275198921,0.383946676199741,-0.0211466522074606,0.527489068127637,0.00272709607689481,-0.0910609084677336,0.00283187798429442,-0.438261488153232,0.00212743828669193
1.07774559912768,0.383941801209338,-0.0213032082329302,0.527501094020052,0.00274937074363361,-0.091066350492845,0.0028560114114389,-0.438313160788686,0.00216934128466717
1.08521992481272,0.383936709041955,-0.0214609473999116,0.527513343958494,0.0027718418737022,-0.0910718132943701,0.00288037460355483,-0.438365250637841,0.00221195246471648
1.0927460860557,0.383931394702667,-0.021619877644605,0.52752582218462,0.00279451090577158,-0.0910772961997732,0.00290496968988468,-0.438417757599559,0.00225528146345275
1.1003244423439,0.383925853123892,-0.0217800069197832,0.527538533014875,0.00281737927039716,-0.0910827985161324,0.00292979881034827,-0.438470681484419,0.00229933799087678
1.10795535565772,0.383920079165112,-0.021941343194159,0.527551480841508,0.0028404483892293,-0.0910883195299003,0.00295486411534547,-0.438524022013149,0.00234413182945986
1.11563919048792,0.383914067612585,-0.022103894451752,0.527564670133601,0.00286371967420181,-0.0910938585066694,0.0029801677655535,-0.438577778815058,0.00238967283318586
1.12337631385307,0.383907813179092,-0.0222676686912562,0.527578105438095,0.00288719452669848,-0.0910994146909392,0.00300571193171907,-0.438631951426487,0.0024359709265506
1.13116709531708,0.38390131050368,-0.0224326739254087,0.527591791380816,0.00291087433669719,-0.0911049873058868,0.00303149879444531,-0.438686539289271,0.00248303610352033
1.13901190700682,0.383894554151432,-0.0225989181803597,0.527605732667512,0.00293476048189137,-0.0911105755531403,0.00305753054397344,-0.438741541749207,0.0025308784264475
1.14691112362992,0.383887538613234,-0.0227664094950458,0.527619934084887,0.0029588543267887,-0.0911161786125556,0.00308380937995949,-0.438796958054547,0.00257950802494472
1.15486512249268,0.383880258305574,-0.0229351559205653,0.527634400501634,0.00298315722178682,-0.0911217956419971,0.00311033751124589,-0.438852787354502,0.00262893509471709
1.16287428351806,0.383872707570334,-0.0231051655195571,0.527649136869479,0.00300767050222558,-0.0911274257771207,0.00313711715562818,-0.43890902869776,0.00267916989635211
1.17093898926384,0.383864880674611,-0.0232764463655838,0.527664148224213,0.0030323954874161,-0.0911330681311622,0.00316415053961673,-0.43896568103103,0.00273022275406776
1.1790596249409,0.383856771810541,-0.0234490065425197,0.52767943968674,0.00305733347964593,-0.0911387217947284,0.00319143989819384,-0.439022743197598,0.00278210405441942
1.18723657843162,0.383848375095136,-0.0236228541439431,0.527695016464109,0.00308248576316057,-0.0911443858355924,0.00321898747456588,-0.439080213935914,0.00283482424496384
1.19547024030838,0.383839684570136,-0.0237979972725353,0.527710883850561,0.00310785360312075,-0.0911500592984933,0.00324679551991105,-0.439138091878193,0.00288839383288314
1.20376100385228,0.383830694201872,-0.0239744440394853,0.527727047228567,0.00313343824453575,-0.09115574120494,0.00327486629312247,-0.43919637554904,0.00294282338356708
1.21210926507183,0.383821397881135,-0.0241522025639017,0.527743512069864,0.0031592409111722,-0.0911614305530197,0.00330320206054677,-0.43925506336411,0.00299812351915354
1.22051542272196,0.383811789423066,-0.0243312809722317,0.527760283936499,0.00318526280443834,-0.0911671263172105,0.00333180509571863,-0.439314153628785,0.00305430491703054
1.22897987832301,0.383801862567046,-0.0245116873976892,0.527777368481863,0.00321150510224386,-0.0911728274481991,0.00336067767909082,-0.439373644536883,0.0031113783082958
1.23750303617991,0.383791610976604,-0.0246934299796895,0.527794771451725,0.0032379689578347,-0.0911785328727029,0.00338982209776032,-0.439433534169398,0.00316935447617836
1.24608530340153,0.38378102823933,-0.0248765168632953,0.527812498685267,0.00326465549860315,-0.0911842414932977,0.00341924064519041,-0.439493820493266,0.00322824425442009
1.25472708992008,0.383770107866803,-0.0250609561986709,0.527830556116112,0.0032915658248727,-0.0911899521882497,0.00344893562092891,-0.439554501360173,0.00328805852561881
1.26342880851072,0.38375884329452,-0.025246756140547,0.527848949773354,0.00331870100865807,-0.0911956638113531,0.0034789093303228,-0.439615574505384,0.00334880821953337
1.27219087481126,0.383747227881841,-0.0254339248476961,0.527867685782578,0.00334606209239975,-0.0912013751917733,0.00350916408422912,-0.43967703754662,0.00341050431135112
1.28101370734203,0.383735254911938,-0.0256224704824197,0.527886770366884,0.00337365008767337,-0.0912070851338948,0.00353970219872253,-0.439738887982961,0.00347315781991883
1.28989772752585,0.383722917591753,-0.025812401210046,0.527906209847898,0.00340146597387379,-0.0912127924171749,0.00357052599479964,-0.439801123193796,0.00353677980593742
1.29884335970818,0.383710209051962,-0.0260037251984406,0.527926010646791,0.00342951069687347,-0.0912184957960036,0.00360163779808008,-0.439863740437805,0.00360138137012198
1.30785103117738,0.383697122346946,-0.0261964506175299,0.527946179285275,0.00345778516765574,-0.0912241939995683,0.00363303993850465,-0.439926736851988,0.00366697365132662
1.31692117218509,0.383683650454767,-0.0263905856388367,0.527966722386612,0.00348629026092215,-0.091229885731725,0.00366473475003073,-0.439990109450729,0.00373356782463694
1.32605421596686,0.383669786277151,-0.0265861384350302,0.527987646676607,0.0035150268136746,-0.091235569670875,0.00369672457032494,-0.440053855124912,0.00380117509942896
1.33525059876274,0.383655522639472,-0.0267831171794889,0.528008958984595,0.00354399562377151,-0.091241244469848,0.00372901174045329,-0.440117970641076,0.00386980671739767
1.34451075983821,0.383640852290744,-0.0269815300458784,0.528030666244425,0.00357319744845883,-0.0912469087557907,0.0037615986045692,-0.440182452640616,0.00393947395055438
1.3538351415051,0.383625767903612,-0.0271813852077438,0.528052775495437,0.00360263300287506,-0.0912525611300625,0.00379448750959921,-0.440247297639035,0.00401018809919515
1.36322418914273,0.383610262074348,-0.0273826908381161,0.52807529388343,0.00363230295853079,-0.0912582001681359,0.00382768080492678,-0.440312502025241,0.00408196048984141
1.37267835121923,0.38359432732285,-0.0275854551091352,0.528098228661621,0.00366220794176277,-0.091263824419505,0.00386118084207442,-0.440378062060896,0.004154802473153
1.38219807931287,0.383577956092634,-0.0277896861916869,0.528121587191599,0.00369234853216211,-0.0912694324075989,0.00389498997438412,-0.440443973879815,0.00422872542181685
1.39178382813373,0.383561140750838,-0.0279953922550566,0.52814537694427,0.00372272526097739,-0.0912750226297022,0.00392911055669645,-0.44051023348742,0.00430374072840992
1.40143605554534,0.383543873588213,-0.0282025814665987,0.528169605500795,0.00375333860949172,-0.0912805935568816,0.00396354494502848,-0.440576836760239,0.00437985980324074
1.4111552225866,0.383526146819124,-0.0284112619914222,0.528194280553514,0.00378418900737481,-0.0912861436339192,0.00399829549625069,-0.440643779445474,0.00445709407216882
1.42094179349378,0.383507952581538,-0.0286214419920921,0.528219409906862,0.00381527683100921,-0.0912916712792525,0.00403336456776304,-0.440711057160608,0.004535454974404
1.43079623572268,0.383489282937017,-0.0288331296283479,0.528245001478284,0.00384660240179171,-0.0912971748849201,0.00406875451717053,-0.440778665393082,0.00461495396028822
1.440719019971,0.383470129870701,-0.0290463330568384,0.528271063299126,0.00387816598440887,-0.0913026528165148,0.00410446770195829,-0.440846599500018,0.0046956024890597
1.45071062020079,0.383450485291287,-0.029261060430873,0.528297603515525,0.00390996778508775,-0.091308103413143,0.00414050647916655,-0.440914854708015,0.00477741202660251
1.46077151366109,0.383430341031007,-0.0294773199001897,0.52832463038929,0.00394200794982128,-0.0913135249873904,0.00417687320506554,-0.440983426112987,0.00486039404318245
1.47090218091073,0.383409688845594,-0.0296951196107399,0.528352152298763,0.00397428656256872,-0.0913189158252944,0.00421357023483075,-0.441052308680075,0.00494456001117122
1.48110310584131,0.383388520414239,-0.0299144677044894,0.528380177739675,0.00400680364343102,-0.0913242741863233,0.00425059992221848,-0.441121497243614,0.00502992140276085
1.49137477570027,0.383366827339545,-0.0301353723192363,0.528408715325996,0.00403955914680137,-0.0913295983033618,0.00428796461924219,-0.441190986507162,0.00511648968766984
1.50171768111418,0.383344601147465,-0.0303578415884455,0.528437773790757,0.0040725529594907,-0.0913348863827024,0.00432566667584959,-0.441260771043591,0.00520427633084292
1.5121323161122,0.383321833287236,-0.0305818836410989,0.528467361986881,0.00410578489882898,-0.0913401366040447,0.00436370843960086,-0.441330845295244,0.00529329279014662
1.52261917814963,0.383298515131294,-0.0308075066015623,0.528497488887981,0.00413925471074138,-0.0913453471204996,0.00440209225534816,-0.441401203574154,0.00538355051406222
1.53317876813171,0.383274637975183,-0.0310347185894676,0.528528163589164,0.00417296206780012,-0.0913505160586007,0.00444082046491659,-0.441471840062321,0.00547506093937844
1.54381159043753,0.383250193037446,-0.0312635277196113,0.52855939530781,0.00420690656725199,-0.0913556415183218,0.00447989540678694,-0.441542748812068,0.00556783548888548
1.55451815294413,0.383225171459504,-0.0314939421018679,0.528591193384345,0.00424108772902135,-0.0913607215731007,0.00451931941578025,-0.441613923746445,0.00566188556907243
1.56529896705074,0.38319956430552,-0.0317259698411183,0.528623567282994,0.00427550499368897,-0.091365754269869,0.00455909482274456,-0.44168535865971,0.00575722256783065
1.57615454770323,0.383173362562241,-0.0319596190371931,0.528656526592531,0.00431015772044676,-0.091370737629088,0.00459922395424403,-0.441757047217874,0.00585385785216508
1.58708541341869,0.383146557138833,-0.0321948977848299,0.528690081027006,0.00434504518502828,-0.0913756696447908,0.00463970913225044,-0.441828982959302,0.00595180276591389
1.5980920863102,0.383119138866689,-0.0324318141736446,0.528724240426466,0.00438016657761549,-0.0913805482846302,0.00468055267383766,-0.441901159295396,0.00605106862748245
1.60917509211179,0.383091098499218,-0.0326703762881156,0.528759014757655,0.00441552100072129,-0.091385371489932,0.00472175689087884,-0.441973569511327,0.00615166672758899
1.62033496020352,0.383062426711619,-0.032910592207581,0.528794414114708,0.00445110746704856,-0.0913901371757545,0.00476332408974687,-0.442046206766845,0.00625360832702848
1.63157222363676,0.383033114100634,-0.0331524700062481,0.528830448719827,0.00448692489732506,-0.0913948432309533,0.0048052565710182,-0.44211906409715,0.00635690465445374
1.64288741915971,0.38300315118427,-0.0333960177532143,0.528867128923941,0.00452297211811502,-0.0913994875182517,0.00484755662918,-0.442192134413826,0.00646156690417746
1.65428108724297,0.382972528401507,-0.0336412435124986,0.52890446520736,0.0045592478596065,-0.0914040678743156,0.00489022655234124,-0.442265410505844,0.00656760623399757
1.6657537721054,0.382941236111984,-0.0338881553430844,0.528942468180404,0.00459575075337577,-0.0914085821098348,0.00493326862194762,-0.442338885040632,0.00667503376304721
1.67730602174008,0.382909264595649,-0.0341367612989701,0.528981148584027,0.00463247933012748,-0.0914130280096083,0.00497668511250046,-0.442412550565197,0.00678386056967226
1.68893838794052,0.382876604052392,-0.0343870694292304,0.529020517290421,0.0046694320174116,-0.0914174033326344,0.00502047829127996,-0.442486399507329,0.00689409768933782
1.70065142632699,0.382843244601655,-0.034639087778084,0.529060585303611,0.00470660713731662,-0.0914217058122063,0.00506465041807287,-0.442560424176855,0.00700575611256757
1.71244569637308,0.382809176282003,-0.0348928243849691,0.529101363760033,0.00474400290413929,-0.0914259331560111,0.00510920374490469,-0.442634616766958,0.00711884678291594
1.72432176143241,0.38277438905068,-0.0351482872846251,0.529142863929093,0.00478161742203039,-0.0914300830462339,0.00515414051577663,-0.442708969355562,0.00723338059497669
1.73628018876552,0.382738872783126,-0.0354054845071794,0.529185097213721,0.00481944868261713,-0.0914341531396653,0.00519946296640757,-0.442783473906774,0.00734936839243075
1.74832154956701,0.382702617272469,-0.035664424078239,0.529228075150904,0.00485749456260182,-0.0914381410678135,0.00524517332398088,-0.442858122272389,0.00746682096613294
1.7604464189928,0.382665612228991,-0.0359251140189852,0.529271809412208,0.00489575282133656,-0.0914420444370195,0.00529127380689661,-0.44293290619345,0.00758574905224285
1.77265537618758,0.382627847279554,-0.0361875623462703,0.529316311804283,0.00493422109837411,-0.0914458608285759,0.00533776662452881,-0.443007817301874,0.00770616333039945
1.78494900431252,0.382589311967,-0.036451777072717,0.529361594269357,0.00497289691099474,-0.0914495877988493,0.00538465397698854,-0.443082847122121,0.0078280744219435
1.79732789057308,0.382549995749523,-0.0367177662068161,0.529407668885713,0.00501177765170899,-0.0914532228794054,0.00543193805489219,-0.443157987072938,0.00795149288818828
1.80979262624709,0.382509887999997,-0.0369855377530255,0.529454547868152,0.00505086058573601,-0.0914567635771367,0.00547962103913567,-0.443233228469139,0.00807642922874166
1.82234380671297,0.38246897800528,-0.0372550997118654,0.529502243568446,0.00509014284845759,-0.0914602073743935,0.00552770510067424,-0.443308562523446,0.00820289387988107
1.83498203147818,0.382427254965484,-0.0375264600800118,0.529550768475768,0.00512962144284733,-0.0914635517291165,0.00557619240030834,-0.443383980348389,0.00833089721298377
1.84770790420785,0.382384707993204,-0.0377996268503848,0.52960013521712,0.00516929323687514,-0.0914667940749718,0.00562508508847527,-0.443459472958237,0.00846044953301392
1.86052203275364,0.382341326112717,-0.0380746080122318,0.529650356557736,0.00520915496088648,-0.091469931821488,0.00567438530504702,-0.443535031270999,0.0085915610770684
1.87342502918271,0.382297098259148,-0.0383514115512037,0.529701445401477,0.00524920320495607,-0.0914729623541938,0.00572409517913408,-0.443610646110455,0.00872424201298383
1.88641750980704,0.382252013277597,-0.0386300454494235,0.529753414791212,0.00528943441621629,-0.0914758830347589,0.00577421682889559,-0.443686308208239,0.00885850243800548
1.89950009521279,0.382206059922226,-0.0389105176855452,0.529806277909179,0.00532984489615913,-0.0914786912011337,0.00582475236135558,-0.443762008205969,0.00899435237752125
1.91267341029,0.382159226855321,-0.0391928362348024,0.529860048077344,0.00537043079791207,-0.0914813841676916,0.00587570387222548,-0.443837736657408,0.0091318017838605
1.92593808426241,0.382111502646307,-0.0394770090690444,0.529914738757733,0.00541118812348716,-0.0914839592253705,0.00592707344573304,-0.443913484030674,0.00927086053516193
1.93929475071751,0.382062875770733,-0.0397630441567604,0.529970363552758,0.0054521127210029,-0.0914864136418161,0.0059788631544575,-0.443989240710482,0.00941153843430964
1.95274404763682,0.382013334609213,-0.040050949463087,0.530026936205529,0.00549320028187866,-0.0914887446615231,0.00603107505917102,-0.444064997000419,0.00955384520793981
1.96628661742637,0.381962867446341,-0.0403407329498022,0.530084470600148,0.00553444633800101,-0.0914909495059785,0.00608371120868657,-0.444140743125263,0.00969779050552017
1.97992310694735,0.381911462469555,-0.0406324025752997,0.530142980761994,0.00557584625886157,-0.0914930253738021,0.00613677363971215,-0.444216469233317,0.00984338389850303
1.99365416754703,0.381859107767977,-0.0409259662945462,0.530202480857991,0.00561739524866582,-0.0914949694408878,0.00619026437671117,-0.444292165398787,0.0099906348795519
2.00748045508988,0.381805791331209,-0.0412214320590176,0.530262985196864,0.00565908834341247,-0.091496778860543,0.00624418543176931,-0.444367821624171,0.0101395528618463
2.0214026299889,0.381751501048089,-0.0415188078166138,0.530324508229381,0.00570092040794247,-0.0914984507636269,0.00629853880446752,-0.444443427842687,0.0102901471784615
2.03542135723711,0.381696224705417,-0.0418181015115511,0.530387064548577,0.00574288613295754,-0.0914999822586866,0.00635332648176117,-0.444518973920712,0.0104424270818284
2.0495373064394,0.381639949986642,-0.0421193210842293,0.530450668889973,0.00578498003200712,-0.0915013704320923,0.00640855043786545,-0.444594449660242,0.0105964017432717
2.06375115184445,0.381582664470507,-0.0424224744710731,0.53051533613177,0.00582719643844342,-0.0915026123481689,0.0064642126341468,-0.444669844801373,0.0107520802526288
2.07806357237695,0.381524355629663,-0.0427275696043473,0.530581081295042,0.00586952950234367,-0.0915037050493264,0.00652031501902027,-0.444745149024788,0.0109094716179493
2.09247525167004,0.381465010829248,-0.0430346144119419,0.530647919543897,0.00591197318739891,-0.0915046455561865,0.0065768595278528,-0.444820351954267,0.011068584765277
2.10698687809795,0.381404617325424,-0.0433436168171278,0.530715866185642,0.00595452126776875,-0.0915054308677067,0.00663384808287241,-0.444895443159189,0.0112294285385138
2.12159914480891,0.381343162263879,-0.0436545847382808,0.530784936670922,0.0059971673249009,-0.0915060579613011,0.00669128259308279,-0.44497041215706,0.011392011699367
2.1363127497582,0.381280632678302,-0.0439675260885725,0.530855146593848,0.00603990474431515,-0.091506523792957,0.0067491649541838,-0.445045248416027,0.0115563429273807
2.15112839574156,0.381217015488815,-0.0442824487756269,0.530926511692105,0.00608272671235045,-0.0915068252973483,0.00680749704849706,-0.445119941357404,0.0117224308200493
2.1660467904287,0.381152297500368,-0.0445993607011413,0.530999047847058,0.00612562621287487,-0.0915069593879446,0.00686628074489705,-0.445194480358191,0.0118902838930181
2.18106864639712,0.381086465401113,-0.0449182697604692,0.531072771083823,0.00616859602395687,-0.0915069229571155,0.00692551789874723,-0.44526885475359,0.012059910580366
2.19619468116618,0.381019505760729,-0.0452391838421657,0.531147697571339,0.00621162871449725,-0.0915067128762307,0.00698521035184111,-0.445343053839512,0.0122313192349746
2.21142561723131,0.380951405028728,-0.0455621108274919,0.531223843622413,0.00625471664082121,-0.0915063259957553,0.00704535993234815,-0.445417066875079,0.0124045181289808
2.22676218209858,0.380882149532718,-0.0458870585898781,0.531301225693758,0.00629785194322878,-0.0915057591453391,0.00710596845476421,-0.445490883085103,0.0125795154543147
2.24220510831939,0.380811725476642,-0.0462140349943446,0.531379860385999,0.00634102654250318,-0.0915050091339019,0.00716703771986644,-0.445564491662562,0.0127563193233222
2.25775513352553,0.380740118938984,-0.0465430478968777,0.531459764443678,0.00638423213637595,-0.0915040727497116,0.0072285695146723,-0.445637881771049,0.0129349377694714
2.27341300046436,0.380667315870942,-0.0468741051437609,0.531540954755232,0.00642746019594791,-0.091502946760458,0.00729056561240268,-0.445711042547203,0.0131153787481433
2.28917945703428,0.380593302094577,-0.0472072145708584,0.531623448352949,0.00647070196206448,-0.0915016279133192,0.00735302777244862,-0.445783963103113,0.013297650137506
2.30505525632052,0.380518063300933,-0.0475423840028512,0.531707262412914,0.00651394844164477,-0.0915001129350224,0.00741595774034168,-0.445856632528703,0.0134817597394724
2.32104115663104,0.380441585048123,-0.0478796212524238,0.531792414254929,0.00655719040396312,-0.0914983985318984,0.00747935724772754,-0.44592903989408,0.0136677152807392
2.33713792153279,0.380363852759397,-0.0482189341193991,0.531878921342409,0.00660041837688176,-0.0914964813899287,0.00754322801234266,-0.446001174251853,0.0138555244139094
2.35334631988814,0.380284851721183,-0.0485603303898231,0.531966801282268,0.00664362264303391,-0.0914943581747863,0.00760757173799365,-0.446073024639419,0.0140451947186947
2.36966712589169,0.380204567081096,-0.048903817834995,0.532056071824772,0.00668679323595565,-0.0914920255318692,0.00767239011453922,-0.446144580081211,0.0142367337031976
2.38610111910714,0.380122983845935,-0.0492494042104431,0.53214675086337,0.00672991993616585,-0.0914894800863264,0.00773768481787433,-0.446215829590904,0.0144301488052751
2.40264908450462,0.380040086879647,-0.0495970972548457,0.532238856434508,0.00677299226719247,-0.0914867184430772,0.00780345750991626,-0.446286762173581,0.0146254473939773
2.41931181249812,0.379955860901277,-0.049946904688895,0.53233240671741,0.00681599949154457,-0.0914837371868222,0.0078697098385924,-0.446357366827853,0.0148226367710662
2.43609009898327,0.379870290482894,-0.050298834214103,0.532427420033837,0.00685893060662819,-0.0914805328820465,0.00793644343782935,-0.446427632547935,0.0150217241726084
2.45298474537537,0.379783360047499,-0.0506528935115479,0.532523914847822,0.00690177434060568,-0.0914771020730158,0.00800365992754306,-0.446497548325666,0.0152227167706431
2.46999655864764,0.379695053866916,-0.0510090902405617,0.532621909765365,0.00694451914819655,-0.0914734412837642,0.00807136091362982,-0.446567103152481,0.0154256216749241
2.48712635136979,0.379605356059666,-0.0513674320373553,0.532721423534114,0.00698715320641843,-0.0914695470180729,0.00813954798795756,-0.446636286021329,0.0156304459347322
2.50437494174681,0.379514250588822,-0.0517279265135818,0.532822475043003,0.00702966441026823,-0.0914654157594422,0.0082082227283573,-0.446705085928532,0.0158371965407595
2.52174315365806,0.379421721259857,-0.0520905812548374,0.532925083321865,0.00707204036834042,-0.0914610439710542,0.0082773866986144,-0.446773491875582,0.0160458804270616
2.53923181669665,0.379327751718473,-0.0524554038190966,0.533029267541008,0.00711426839838265,-0.0914564280957272,0.00834704144845929,-0.446841492870886,0.0162565044730776
2.55684176620901,0.379232325448421,-0.0528224017350835,0.533135047010756,0.00715633552278659,-0.0914515645558619,0.00841718851355721,-0.446909077931436,0.0164690755057146
2.57457384333485,0.379135425769311,-0.0531915825005764,0.533242441180959,0.00719822846401338,-0.0914464497533787,0.00848782941549678,-0.44697623608442,0.0166836003014975
2.59242889504728,0.379037035834412,-0.0535629535806454,0.533351469640455,0.00723993363995158,-0.0914410800696464,0.00855896566177704,-0.447042956368767,0.0169000855887793
2.61040777419332,0.378937138628446,-0.0539365224058223,0.533462152116502,0.00728143715920762,-0.0914354518654026,0.00863059874579246,-0.447109227836614,0.0171185380500119
2.6285113395346,0.378835716965377,-0.0543122963702017,0.533574508474162,0.0073227248163262,-0.0914295614806648,0.00870273014681578,-0.44717503955471,0.0173389643240754
2.64674045578839,0.378732753486189,-0.0546902828294723,0.533688558715647,0.00736378208694068,-0.091423405234633,0.0087753613299781,-0.447240380605741,0.0175613710086628
2.6650959936689,0.378628230656673,-0.0550704890988786,0.533804322979614,0.00740459412285058,-0.0914169794255841,0.00884849374624609,-0.447305240089584,0.017785764662719
2.68357882992886,0.378522130765201,-0.0554529224511107,0.53392182154042,0.00744514574702761,-0.0914102803307566,0.00892212883239578,-0.44736960712448,0.018012151808932
2.70218984740145,0.378414435920503,-0.0558375901141223,0.534041074807321,0.00748542144854607,-0.0914033042062271,0.00899626801098271,-0.447433470848128,0.0182405389362735
2.72092993504239,0.378305128049453,-0.056224499268877,0.534162103323623,0.00752540537743869,-0.0913960472867782,0.00907091269030784,-0.447496820418706,0.0184709325025872
2.73979998797246,0.378194188894845,-0.0566136570470203,0.534284927765782,0.00756508133947557,-0.0913885057857573,0.00914606426437927,-0.447559645015798,0.0187033389372227
2.75880090752022,0.378081600013186,-0.0570050705284786,0.534409568942445,0.00760443279086591,-0.0913806758949273,0.00922172411286888,-0.447621933841251,0.0189377646437122
2.77793360126509,0.377967342772488,-0.0573987467389832,0.534536047793434,0.00764344283288067,-0.091372553784308,0.00929789360106405,-0.447683676119938,0.0191742160024884
2.79719898308069,0.377851398350067,-0.0577946926475195,0.534664385388669,0.00768209420639585,-0.0913641356020099,0.00937457407981367,-0.447744861100438,0.0194126993736405
2.81659797317847,0.377733747730358,-0.0581929151637005,0.534794602927034,0.00772036928635456,-0.0913554174740587,0.00945176688546832,-0.44780547805563,0.0196532210997066
2.83613149815172,0.377614371702736,-0.0585934211350641,0.534926721735167,0.00775825007614797,-0.0913463955042123,0.00952947333981421,-0.447865516283198,0.0198957875084999
2.85580049101974,0.377493250859348,-0.058996217344294,0.535060763266194,0.00779571820191279,-0.0913370657737686,0.00960769475000043,-0.447924965106047,0.0201404049159661
2.87560589127251,0.377370365592968,-0.0594013105063628,0.535196749098383,0.00783275490674561,-0.0913274243413665,0.00968643240845928,-0.447983813872625,0.0203870796290699
2.89554864491548,0.377245696094855,-0.0598087072655985,0.535334700933731,0.00786934104483276,-0.0913174672427773,0.00976568759281922,-0.448042051957162,0.020635817948708
2.91562970451479,0.377119222352639,-0.0602184141926723,0.535474640596473,0.00790545707549431,-0.0913071904906902,0.00984546156581011,-0.448099668759808,0.0208866261726459
2.93585002924278,0.376990924148228,-0.0606304377815083,0.535616590031509,0.00794108305714249,-0.091296590074488,0.00992575557516044,-0.448156653706684,0.0211395105984768
2.95621058492378,0.376860781055721,-0.061044784446114,0.535760571302752,0.00797619864115273,-0.0912856619600174,0.0100065708534861,-0.448212996249835,0.0213944775265992
2.97671234408028,0.376728772439366,-0.0614614605173328,0.535906606591395,0.00801078306564748,-0.0912744020893501,0.0100879086181706,-0.448268685867096,0.0216515332632115
2.99735628597932,0.37659487745152,-0.0618804722395157,0.53605471819408,0.00804481514919136,-0.0912628063805379,0.0101697700712357,-0.448323712061851,0.0219106841233201
3.01814339667932,0.376459075030655,-0.0623018257671147,0.53620492852098,0.00807827328439789,-0.0912508707273608,0.0102521563992031,-0.448378064362713,0.0221719364337606
3.03907466907719,0.376321343899378,-0.062725527161195,0.536357260093794,0.00811113543144637,-0.0912385909990676,0.0103350687729464,-0.44843173232309,0.0224352965362261
3.06015110295567,0.376181662562488,-0.0631515823858683,0.536511735543631,0.00814337911150924,-0.0912259630401106,0.0104185083475324,-0.448484705520672,0.0227007707903049
3.08137370503119,0.376040009305062,-0.0635799973046446,0.536668377608797,0.00817498140008908,-0.0912129826698742,0.0105024762620526,-0.44853697355681,0.0229683655765197
3.10274348900188,0.375896362190578,-0.0640107776767046,0.536827209132484,0.00820591892026494,-0.0911996456823965,0.0105869736394435,-0.448588526055802,0.023238087299371
3.12426147559604,0.375750699059068,-0.0644439291530904,0.536988253060339,0.00823616783584759,-0.0911859478460862,0.0106720015862961,-0.448639352664085,0.0235099423903784
3.14592869262085,0.375602997525312,-0.0648794572728162,0.53715153243793,0.00826570384444378,-0.0911718849034333,0.0107575611926541,-0.448689443049324,0.0237839373111195
3.16774617501149,0.37545323497707,-0.0653173674588979,0.537317070408088,0.00829450217042951,-0.0911574525707143,0.0108436535317999,-0.448738786899414,0.0240600785562629
3.18971496488059,0.375301388573355,-0.0657576650143014,0.537484890208135,0.00832253755783154,-0.0911426465376934,0.0109302796600294,-0.448787373921371,0.0243383726565942
3.21183611156796,0.375147435242747,-0.0662003551178107,0.537655015166984,0.00834978426311753,-0.091127462467318,0.011017440616414,-0.44883519384014,0.0246188261820305
3.23411067169074,0.374991351681754,-0.0666454428198141,0.537827468702115,0.00837621604789551,-0.0911118959954103,0.0111051374225501,-0.4488822363973,0.0249014457446231
3.25653970919388,0.37483311435322,-0.0670929330380104,0.538002274316414,0.00840180617152188,-0.0910959427303545,0.0111933710822961,-0.448928491349669,0.0251862380015455
3.27912429540095,0.374672699484777,-0.0675428305530331,0.538179455594882,0.00842652738361842,-0.0910795982527805,0.0112821425814959,-0.448973948467823,0.0254732096580631
3.30186550906528,0.374510083067353,-0.0679951400039951,0.538359036201196,0.00845035191649977,-0.0910628581152445,0.0113714528876896,-0.449018597534507,0.0257623674704847
3.32476443642155,0.374345240853725,-0.0684498658839513,0.538541039874132,0.00847325147750963,-0.091045717841905,0.0114613029498096,-0.449062428342961,0.0260537182490905
3.3478221712376,0.374178148357138,-0.0689070125352811,0.538725490423836,0.00849519724126918,-0.0910281729281983,0.0115516936978642,-0.449105430695144,0.0263472688610378
3.37103981486675,0.374008780849966,-0.0693665841449913,0.538912411727944,0.00851615984183507,-0.0910102188405094,0.0116426260426059,-0.449147594399868,0.0266430262332392
3.39441847630035,0.37383711336244,-0.0698285847399368,0.539101827727538,0.00853610936477045,-0.0909918510158424,0.0117341008751863,-0.449188909270831,0.0269409973552128
3.41795927222076,0.373663120681436,-0.0702930181819632,0.539293762422947,0.0085550153391287,-0.0909730648614882,0.0118261190667958,-0.449229365124567,0.0272411892819017
3.44166332705473,0.373486777349319,-0.0707598881629679,0.539488239869378,0.00857284672935053,-0.0909538557546917,0.0119186814682887,-0.449268951778292,0.0275436091364607
3.46553177302703,0.37330805766286,-0.0712291981998834,0.539685284172371,0.00858957192707643,-0.0909342190423172,0.0120117889097937,-0.449307659047662,0.0278482641130085
3.48956575021462,0.37312693567221,-0.071700951629579,0.539884919483087,0.00860515874287482,-0.0909141500405144,0.0121054422003092,-0.449345476744443,0.0281551614793425
3.51376640660105,0.372943385179951,-0.0721751516036861,0.540087169993403,0.00861957439788781,-0.0908936440343827,0.0121996421272824,-0.449382394674084,0.0284643085796153
3.53813489813128,0.372757379740208,-0.0726518010833426,0.540292059930831,0.00863278551539583,-0.0908726962776377,0.0122943894561742,-0.449418402633203,0.0287757128369696
3.56267238876697,0.372568892657842,-0.0731309028338611,0.540499613553239,0.00864475811230192,-0.0908513019922763,0.0123896849300076,-0.44945349040698,0.0290893817561309
3.58738005054197,0.372377896987713,-0.0736124594193173,0.540709855143379,0.0086554575905391,-0.0908294563682446,0.0124855292689002,-0.449487647766463,0.0294053229259549
3.61225906361841,0.372184365534017,-0.0740964731970632,0.540922809003213,0.00866484872840068,-0.0908071545631065,0.0125819231695815,-0.44952086446579,0.0297235440219285
3.63731061634298,0.371988270849712,-0.0745829463121616,0.541138499448033,0.0086728956717968,-0.0907843917017142,0.0126788673048932,-0.449553130239315,0.0300440528086222
3.66253590530377,0.37178958523601,-0.0750718806917453,0.541356950800367,0.00867956192543901,-0.0907611628758813,0.0127763623232735,-0.449584434798656,0.0303668571420919
3.68793613538733,0.371588280741965,-0.0755632780393006,0.541578187383671,0.00868481034395405,-0.0907374631440588,0.0128744088482258,-0.449614767829651,0.030691964972229
3.71351251983634,0.37138432916414,-0.0760571398288748,0.5418022335158,0.0086886031229311,-0.090713287531014,0.0129730074777696,-0.449644118989232,0.0310193843450558
3.73926628030746,0.371177702046361,-0.0765534672992101,0.542029113502246,0.00869090178990364,-0.0906886310275135,0.0130721587838758,-0.449672477902218,0.031349123404966
3.76519864692972,0.370968370679564,-0.0770522614478033,0.542258851629148,0.00869166719526869,-0.09066348859001,0.0131718633118853,-0.449699834158016,0.031681190396907
3.7913108583633,0.370756306101733,-0.077553523024892,0.542491472156065,0.00869085950314691,-0.0906378551403342,0.0132721215799105,-0.449726177307255,0.0320155936685041
3.81760416185865,0.370541479097927,-0.0780572525273691,0.542726999308499,0.00868843818218591,-0.090611725565391,0.0133729340782201,-0.449751496858321,0.0323523416721229
3.84407981331609,0.370323860200413,-0.0785634501926249,0.542965457270174,0.00868436199631037,-0.0905850947168624,0.0134743012686073,-0.44977578227383,0.03269144296687
3.87073907734582,0.370103419688889,-0.0790721159923191,0.543206870175059,0.00867858899542165,-0.0905579574109152,0.0135762235837408,-0.449799022967004,0.0330329062205298
3.89758322732826,0.369880127590813,-0.0795832496260827,0.543451262099131,0.00867107650605176,-0.0905303084279159,0.0136787014264991,-0.449821208297986,0.0333767402114349
3.92461354547494,0.369653953681832,-0.0800968505151507,0.543698657051869,0.00866178112197319,-0.0905021425121527,0.0137817351692881,-0.449842327570064,0.0337229538302712
3.95183132288971,0.369424867486322,-0.0806129177959274,0.543949078967483,0.00865065869477075,-0.0904734543715644,0.0138853251533409,-0.449862370025827,0.0340715560818124
3.97923785963041,0.36919283827803,-0.081131450313484,0.544202551695856,0.00863766432437774,-0.0904442386774776,0.0139894716880016,-0.449881324843243,0.0344225560865859
4.00683446477099,0.368957835080829,-0.0816524466149907,0.544459098993214,0.00862275234958124,-0.0904144900643525,0.0140941750499916,-0.449899181131663,0.0347759630824662
4.03462245646401,0.368719826669588,-0.0821759049430843,0.544718744512499,0.00860587633850154,-0.090384203129537,0.0141994354826595,-0.449915927927754,0.0351317864261961
4.06260316200361,0.368478781571157,-0.0827018232291719,0.54498151179345,0.0085869890790492,-0.090353372433031,0.0143052531952131,-0.449931554191354,0.035490035594833
4.09077791788892,0.368234668065462,-0.0832301990866719,0.545247424252387,0.0085660425693655,-0.0903219924972602,0.014411628361936,-0.449946048801261,0.0358507201871191
4.11914806988789,0.367987454186735,-0.0837610298041948,0.545516505171684,0.00854298800825035,-0.0902900578068598,0.0145185611213863,-0.449959400550954,0.0362138499247751
4.14771497310157,0.367737107724849,-0.0842943123386637,0.545788777688934,0.00851777578558374,-0.0902575628084705,0.0146260515755789,-0.449971598144236,0.0365794346537142
4.17647999202884,0.367483596226797,-0.0848300433083764,0.546064264785796,0.00849035547274596,-0.0902245019105443,0.0147340997891516,-0.449982630190816,0.0369474843451779
4.20544450063156,0.367226886998282,-0.0853682189860112,0.546342989276516,0.00846067581304141,-0.0901908694831634,0.0148427057885142,-0.449992485201824,0.0373180090967874
4.23460988240025,0.366966947105448,-0.0859088352915768,0.546624973796124,0.00842868471213343,-0.090156659857871,0.0149518695609811,-0.450001151585255,0.0376910191335157
4.26397753042013,0.366703743376739,-0.0864518877853089,0.546910240788293,0.00839432922849431,-0.090121867327515,0.0150615910538884,-0.450008617641349,0.0380665248085733
4.29354884743766,0.366437242404895,-0.0869973716605149,0.547198812492857,0.00835755556387852,-0.0900864861461054,0.0151718701736935,-0.450014871557913,0.0384445366042089
4.32332524592758,0.366167410549085,-0.0875452817363672,0.547490710932986,0.00831830905382464,-0.0900505105286853,0.01528270678506,-0.450019901405571,0.0388250651324245
4.35330814816033,0.365894213937183,-0.0880956124506501,0.547785957902009,0.00827653415819268,-0.0900139346512167,0.0153941007099262,-0.450023695132957,0.0392081211356005
4.38349898627002,0.365617618468181,-0.0886483578524573,0.548084574949873,0.00823217445174548,-0.0899767526504809,0.0155060517265574,-0.450026240561845,0.0395937154870335
4.41389920232282,0.365337589814754,-0.0892035115948476,0.548386583369252,0.0081851726147783,-0.0899389586239946,0.0156185595685835,-0.450027525382218,0.0399818591913814
4.44451024838583,0.365054093425971,-0.0897610669274557,0.548692004181274,0.00813547042380777,-0.0899005466299422,0.0157316239240207,-0.45002753714728,0.0403725633850182
4.47533358659646,0.364767094530156,-0.0903210166890637,0.549000858120885,0.00808300874232454,-0.0898615106871233,0.0158452444342786,-0.450026263268409,0.040765839336294
4.50637068923228,0.364476558137903,-0.0908833533001336,0.549313165621825,0.00802772751162073,-0.0898218447749196,0.0159594206931514,-0.45002369101005,0.0411616984457011
4.53762303878129,0.364182449045246,-0.0914480687553046,0.549628946801225,0.00796956574169769,-0.0897815428332765,0.0160741522457959,-0.450019807484553,0.0415601522459436
4.56909212801278,0.36388473183699,-0.0920151546158551,0.549948221443812,0.00790846150226454,-0.0897405987627046,0.0161894385876937,-0.450014599646957,0.0419612124019105
4.60077946004862,0.363583370890202,-0.0925846020021354,0.550271008985722,0.00784435191383592,-0.0896990064242994,0.0163052791635997,-0.450008054289721,0.0423648907105484
4.63268654843505,0.363278330377864,-0.09315640158597,0.550597328497903,0.00777717313893625,-0.089656759639779,0.0164216733664771,-0.450000158037393,0.042771199100636
4.66481491721498,0.362969574272695,-0.0937305435830345,0.550927198669126,0.00770686037342358,-0.0896138521915426,0.0165386205364182,-0.449990897341237,0.043180149632455
4.69716610100076,0.36265706635114,-0.0943070177452089,0.551260637788578,0.00763334783793804,-0.0895702778227481,0.0166561199595523,-0.449980258473801,0.0435917544973601
4.72974164504755,0.362340770197535,-0.0948858133529105,0.551597663728037,0.00755656876948865,-0.0895260302374105,0.0167741708669398,-0.44996822752344,0.0440060260172437
4.76254310532705,0.362020649208438,-0.0954669192074085,0.551938293923637,0.00747645541318673,-0.0894811031005214,0.0168927724334549,-0.449954790388783,0.0444229766438943
4.79557204860185,0.361696666597143,-0.0960503236231248,0.552282545357199,0.00739293901413615,-0.0894354900381897,0.0170119237766548,-0.449939932773157,0.0448426189582486
4.82883005250031,0.361368785398376,-0.0966360144199219,0.552630434537141,0.0073059498094929,-0.0893891846378045,0.0171316239556371,-0.44992364017896,0.0452649656695354
4.86231870559183,0.361036968473159,-0.0972239789153834,0.552981977478948,0.00721541702070314,-0.0893421804482201,0.0172518719698863,-0.449905897901989,0.0456900296143075
4.89603960746281,0.360701178513878,-0.097814203917089,0.553337189685212,0.00712126884593189,-0.0892944709799644,0.0173726667581078,-0.449886691025723,0.0461178237553638
4.92999436879299,0.360361378049519,-0.0984066757148875,0.553696086125224,0.00702343245269432,-0.0892460497054704,0.0174940071970523,-0.449866004415558,0.0465483611805573
4.96418461143244,0.360017529451106,-0.0990013800731722,0.554058681214126,0.00692183397070076,-0.0891969100593315,0.0176158921003286,-0.449843822713,0.0469816551014887
4.99861196847899,0.359669594937324,-0.0995983022231606,0.554424988791614,0.00681639848492829,-0.0891470454385813,0.0177383202172072,-0.44982013032982,0.0474177188520831
5.03327808435624,0.359317536580337,-0.100197426855184,0.554795022100187,0.00670705002893182,-0.0890964492029981,0.0178612902314139,-0.44979491144216,0.0478565658870499
5.06818461489212,0.358961316311806,-0.100798738110992,0.555168793762942,0.00659371157840555,-0.0890451146754348,0.0179848007599139,-0.449768149984606,0.0482982097802218
5.10333322739797,0.358600895929098,-0.101402219576067,0.555546315760916,0.00647630504501109,-0.0889930351421744,0.0181088503516882,-0.449739829644215,0.0487426642227736
5.13872560074817,0.358236237101702,-0.102007854271968,0.555927599409954,0.00635475127048216,-0.0889402038533115,0.0182334374865006,-0.449709933854506,0.0491899430213175
5.17436342546036,0.357867301377847,-0.102615624648697,0.556312655337131,0.00622897002102263,-0.0888866140231605,0.0183585605736576,-0.44967844578942,0.0496400600958742
5.21024840377617,0.357494050191323,-0.10322551257709,0.556701493456698,0.00609887998201053,-0.088832258830691,0.0184842179507613,-0.449645348357236,0.0500930294777169
5.24638224974252,0.357116444868509,-0.103837499341247,0.557094122945561,0.00596439875302165,-0.0887771314199903,0.0186104078824546,-0.449610624194458,0.0505488653070882
5.2827666892935,0.356734446635612,-0.104451565630999,0.557490552218295,0.00582544284318973,-0.0887212249007541,0.0187371285591616,-0.449574255659664,0.0510075818307859
5.31940346033281,0.356348016626117,-0.105067691534419,0.557890788901688,0.00568192766691566,-0.0886645323488051,0.0188643780958211,-0.449536224827328,0.0514691933996175
5.35629431281677,0.355957115888445,-0.105685856530377,0.558294839808807,0.00553376753994253,-0.0886070468066406,0.0189921545306158,-0.449496513481609,0.0519337144657211
5.39344100883792,0.355561705393836,-0.106306039481151,0.5587027109126,0.00538087567581166,-0.0885487612840088,0.0191204558236966,-0.449455103110111,0.0524011595797499
5.43084532270915,0.355161746044438,-0.106928218625092,0.559114407319021,0.00522316418271546,-0.0884896687585149,0.0192492798559037,-0.449411974897615,0.0528715433879207
5.4685090410485,0.354757198681617,-0.10755237156936,0.559529933239683,0.00506054406076326,-0.0884297621762569,0.0193786244274833,-0.449367109719783,0.0533448806289209
5.50643396286443,0.354348024094492,-0.108178475282717,0.559949291964041,0.00489292519967663,-0.088369034452491,0.0195084872568025,-0.449320488136844,0.0538211861306748
5.54462189964184,0.353934183028682,-0.108806506088398,0.5603724858311,0.00472021637693129,-0.0883074784723286,0.0196388659790621,-0.449272090387245,0.0543004748069671
5.58307467542852,0.353515636195285,-0.109436439657064,0.560799516200655,0.00454232525636128,-0.0882450870914633,0.0197697581450078,-0.449221896381292,0.0547827616539193
5.6217941269223,0.353092344280072,-0.110068250999833,0.561230383424061,0.00435915838724543,-0.0881818531369293,0.0199011612196404,-0.449169885694765,0.0552680617463188
5.66078210355879,0.352664267952911,-0.110701914461408,0.561665086814537,0.0041706212038902,-0.0881177694078911,0.0200330725809268,-0.449116037562513,0.0557563902337988
5.70004046759971,0.352231367877414,-0.11133740371329,0.562103624617007,0.00397661802572993,-0.0880528286764659,0.020165489518511,-0.449060330872038,0.0562477623368648
5.73957109422183,0.351793604720815,-0.111974691747107,0.56254599397747,0.00377705205796089,-0.0879870236885767,0.0202984092324264,-0.44900274415706,0.0567421933427679
5.77937587160657,0.351350939164068,-0.112613750868039,0.562992190911929,0.00357182539272735,-0.0879203471648386,0.0204318288318113,-0.448943255591071,0.0572396986012209
5.81945670103016,0.350903331912181,-0.11325455268836,0.563442210274844,0.00336083901088033,-0.087852791801478,0.0205657453336252,-0.448881842980879,0.0577402935199559
5.85981549695445,0.350450743704772,-0.113897068121105,0.563896045727154,0.00314399278432481,-0.0877843502712838,0.0207001556613709,-0.44881848376014,0.058243993560121
5.90045418711838,0.34999313532686,-0.114541267373857,0.564353689703841,0.00292118547897779,-0.0877150152245923,0.0208350566438196,-0.448753154982889,0.0587508142315129
5.94137471263004,0.349530467619878,-0.115187119942669,0.564815133381057,0.00269231475835394,-0.0876447792903051,0.0209704450137412,-0.448685833317057,0.059260771087645
5.9825790280594,0.349062701492923,-0.115834594606129,0.565280366642818,0.0024572771878002,-0.0875736350769409,0.0211063174066413,-0.448616495038002,0.0597738797206462
6.02406910153166,0.348589797934228,-0.116483659419565,0.565749378047271,0.00221596823939768,-0.0875015751737207,0.0212426703595038,-0.448545116022021,0.0602901557559899
6.06584691482126,0.348111718022866,-0.117134281709411,0.566222154792537,0.00196828229755242,-0.0874285921516867,0.0213795003095423,-0.448471671739882,0.0608096148470503
6.10791446344653,0.347628422940686,-0.117786428067722,0.566698682682141,0.00171411266529375,-0.0873546785648553,0.0215168035929584,-0.448396137250347,0.0613322726694835
6.15027375676503,0.347139873984469,-0.118440064346869,0.567178946090044,0.00145335157130128,-0.0872798269514047,0.0216545764437107,-0.448318487193718,0.06185814491543
6.19292681806951,0.346646032578315,-0.119095155654396,0.567662927925266,0.00118589017768123,-0.087204029834896,0.0217928149922928,-0.448238695785378,0.0623872472875386
6.23587568468454,0.346146860286256,-0.119751666348067,0.568150609596136,0.000911618588511937,-0.087127279725529,0.0219315152645223,-0.448156736809359,0.0629195954928067
6.27912240806387,0.345642318825095,-0.120409560031094,0.56864197097416,0.000630425859180217,-0.0870495691214323,0.0220706731803425,-0.448072583611919,0.063455205236236
6.32266905388835,0.345132370077467,-0.121068799547568,0.569136990357519,0.000342200006528903,-0.0869708905099879,0.0222102845526354,-0.447986209095141,0.0639940922143007
6.36651770216467,0.344616976105115,-0.121729346978087,0.569635644434226,4.68280198363258e-05,-0.0868912363691899,0.0223503450860491,-0.447897585710554,0.0645362721082257
6.41067044732463,0.344096099162402,-0.122391163635598,0.570137908244928,-0.000255804127350073,-0.0868105991690383,0.02249085037584,-0.447806685452784,0.065081760577073
6.45512939832527,0.343569701710023,-0.123054210061454,0.570643755145389,-0.000565811464505961,-0.0867289713729664,0.0226317959067292,-0.447713479853229,0.0656305732506322
6.49989667874954,0.343037746428943,-0.123718446021699,0.571153156768658,-0.000883310010527438,-0.0866463454393033,0.0227731770517762,-0.447617939973769,0.066182725722115
6.54497442690774,0.342500196234549,-0.124383830503589,0.571666082986928,-0.00120841675920985,-0.0865627138227703,0.0229149890712694,-0.447520036400519,0.0667382335406488
6.5903647959397,0.341957014291003,-0.125050321712343,0.57218250187313,-0.00154124966379046,-0.0864780689760115,0.023057227111635,-0.447419739237609,0.0672971122035694
6.63606995391757,0.341408164025814,-0.125717877068156,0.572702379662234,-0.00188192762053035,-0.0863924033511586,0.0231998862043647,-0.447317018101026,0.0678593771485084
6.68209208394941,0.340853609144603,-0.126386453203462,0.573225680712322,-0.0022305704513173,-0.0863057094014295,0.0233429612649633,-0.447211842112488,0.0684250437452733
6.72843338428345,0.340293313646082,-0.127056005960456,0.573752367465412,-0.00258729888526563,-0.0862179795827613,0.0234864470919181,-0.447104179893381,0.06899412728752
6.77509606841313,0.339727241837213,-0.127726490388898,0.574282400408076,-0.00295223453929561,-0.0861292063554754,0.0236303383656893,-0.446993999558749,0.0695666429842116
6.82208236518274,0.339155358348576,-0.128397860744192,0.574815738031857,-0.00332549989766825,-0.0860393821859778,0.0237746296477239,-0.446881268711349,0.0701426059508652
6.86939451889399,0.338577628149919,-0.129070070485746,0.575352336793516,-0.00370721829045673,-0.0859484995484911,0.0239193153794933,-0.446765954435766,0.0707220312005814
6.91703478941313,0.337994016565886,-0.129743072275641,0.575892151075125,-0.00409751387093327,-0.0858565509268196,0.0240643898815555,-0.446648023292603,0.0713049336348562
6.96500545227891,0.33740448929194,-0.130416817977591,0.576435133144023,-0.00449651159185091,-0.0857635288161476,0.0242098473526437,-0.446527441312748,0.0718913280341717
7.0133087988113,0.336809012410443,-0.131091258656218,0.576981233112671,-0.00490433718060151,-0.0856694257248686,0.0243556818687813,-0.446404173991714,0.0724812290483653
7.06194713622089,0.336207552406918,-0.131766344576647,0.577530398898417,-0.00532111711322697,-0.0855742341764476,0.0245018873824242,-0.446278186284077,0.0730746511867732
7.11092278771915,0.335600076186467,-0.132442025204425,0.578082576183205,-0.00574697858726858,-0.0854779467113139,0.0246484577216328,-0.446149442597991,0.0736716088081481
7.16023809262934,0.334986551090351,-0.133118249205775,0.578637708373249,-0.00618204949343043,-0.085380555888785,0.0247953865892731,-0.446017906789809,0.0742721161103485
7.20989540649828,0.33436694491272,-0.133794964448188,0.579195736558696,-0.00662645838604212,-0.0852820542890213,0.0249426675622483,-0.445883542158806,0.0748761871197966
7.25989710120885,0.333741225917484,-0.134472118001372,0.579756599473316,-0.00708033445229958,-0.0851824345150105,0.0250902940907622,-0.445746311442002,0.0754838356807058
7.31024556509332,0.333109362855328,-0.135149656138548,0.580320233454238,-0.0075438074802669,-0.0850816891945818,0.0252382594976153,-0.445606176809107,0.0760950754440732
7.36094320304735,0.332471324980852,-0.135827524338113,0.580886572401757,-0.00801700782562234,-0.0849798109824485,0.0253865569775344,-0.445463099857579,0.0767099198564379
7.41199243664497,0.331827082069841,-0.136505667285677,0.581455547739268,-0.00850006637712883,-0.0848767925622796,0.0255351795965359,-0.445317041607818,0.0773283821484014
7.46339570425412,0.331176604436646,-0.137184028876474,0.582027088373319,-0.00899311452081586,-0.0847726266487985,0.0256841202913258,-0.445167962498477,0.0779504753229112
7.51515546115323,0.33051986295167,-0.13786255221816,0.582601120653851,-0.00949628410285364,-0.0846673059899094,0.0258333718687344,-0.445015822381925,0.0785762121433044
7.56727417964842,0.329856829058962,-0.138541179633999,0.583177568334641,-0.0100097073911059,-0.0845608233688495,0.0259829270051899,-0.44486058051985,0.0792056051211109
7.61975434919166,0.329187474793897,-0.139219852666455,0.583756352533979,-0.0105335170353456,-0.0844531716063675,0.0261327782462284,-0.444702195579013,0.0798386665036157
7.67259847649959,0.328511772800934,-0.139898512081181,0.584337391695628,-0.0110678460261205,-0.0843443435629266,0.0262829180060443,-0.444540625627167,0.0804754082611787
7.72580908567334,0.327829696351451,-0.140577097871424,0.584920601550093,-0.0116128276522538,-0.0842343321409317,0.0264333385670795,-0.444375828129132,0.0811158420743112
7.77938871831903,0.327141219361649,-0.141255549262847,0.585505895076236,-0.0121685954569681,-0.0841231302869806,0.0265840320796542,-0.444207759943055,0.0817599793205097
7.83333993366922,0.326446316410493,-0.141933804718769,0.586093182463278,-0.012735283192621,-0.0840107309941365,0.0267349905616383,-0.444036377316842,0.0824078310608451
7.8876653087051,0.325744962757716,-0.142611801945848,0.586682371073232,-0.0133130247740408,-0.0838971273042239,0.0268862058981659,-0.443861635884787,0.0830594080263082
7.94236743827963,0.325037134361838,-0.143289477900181,0.587273365403793,-0.0139019542304525,-0.0837823123101435,0.0270376698413927,-0.443683490664386,0.0837147206039109
7.99744893524145,0.324322807898219,-0.143966768793856,0.587866067051741,-0.0145022056559854,-0.0836662791582082,0.0271893740102975,-0.443501896053367,0.0843737788225428
8.0529124305597,0.323601960777119,-0.14464361010195,0.588460374676885,-0.0151139131587525,-0.0835490210504977,0.0273413098905276,-0.443316805826925,0.085036592338585
8.10876057344967,0.322874571161756,-0.145319936569964,0.589056183966603,-0.0157372108084971,-0.0834305312472305,0.0274934688342913,-0.443128173135178,0.08570317042128
8.16499603149936,0.322140617986358,-0.145995682221729,0.589653387601012,-0.0163722325827983,-0.0833108030691536,0.0276458420602947,-0.442935950500855,0.0863735219378587
8.22162149079689,0.321400080974182,-0.14667078036776,0.590251875218816,-0.0170191123118312,-0.0831898298999473,0.0277984206537265,-0.442740089817214,0.0870476553384263
8.27863965605879,0.320652940655507,-0.147345163614076,0.590851533383876,-0.0176779836216782,-0.0830676051886457,0.02795119556629,-0.442540542346215,0.0877255786406076
8.33605325075921,0.319899178385575,-0.148018763871481,0.591452245552549,-0.0183489798761889,-0.0829441224520695,0.0281041576162828,-0.442337258716939,0.088407299413952
8.39386501726,0.31913877636247,-0.148691512365326,0.592053892041844,-0.0190322341173861,-0.0828193752772729,0.0282572974887263,-0.442130188924276,0.089092824764103
8.45207771694168,0.318371717644926,-0.149363339645731,0.592656349998433,-0.0197278790044185,-0.082693357324001,0.0284106057355433,-0.441919282327877,0.0897821613167293
8.51069413033537,0.317597986170047,-0.150034175598289,0.593259493368579,-0.0204360467510622,-0.0825660623271572,0.0285640727757858,-0.441704487651398,0.090475315201224
8.56971705725559,0.316817566770928,-0.150703949455243,0.593863192869018,-0.0211568690617717,-0.0824374840992808,0.0287176888959135,-0.441485752982022,0.0911722920341719
8.62914931693396,0.316030445194165,-0.151372589807144,0.594467315958852,-0.0218904770662864,-0.0823076165330309,0.0288714442501231,-0.441263025770292,0.0918730969025875
8.68899374815392,0.31523660811723,-0.152040024614989,0.595071726812497,-0.0226370012527953,-0.0821764536036782,0.0290253288607279,-0.441036252830243,0.0925777343469274
8.74925320938629,0.31443604316572,-0.152706181222842,0.595676286293738,-0.0233965713996698,-0.0820439893716012,0.0291793326185905,-0.440805380339854,0.09328620834388
8.80993057892579,0.313628738930431,-0.153370986370931,0.59628085193095,-0.0241693165057722,-0.081910217984787,0.029333445283606,-0.440570353841837,0.093998522288936
8.87102875502857,0.312814684984281,-0.154034366209231,0.596885277893521,-0.024955364719348,-0.0817751336813342,0.0294876564852388,-0.440331118244746,0.094714678978742
8.93255065605059,0.311993871899042,-0.154696246311531,0.59748941496954,-0.025754843265516,-0.0816387307919581,0.0296419557231113,-0.440087617824448,0.0954346805932441
8.99449922058705,0.31116629126187,-0.155356551689977,0.598093110544805,-0.0265678783723685,-0.0815010037424949,0.0297963323676451,-0.439839796225944,0.0961585286776238
9.05687740761275,0.310331935691628,-0.156015206810097,0.598696208583189,-0.027394595195697,-0.0813619470564055,0.0299507756607564,-0.439587596465557,0.0968862241240303
9.11968819662343,0.309490798854979,-0.156672135606302,0.599298549608439,-0.0282351177423601,-0.081221555357276,0.0301052747166035,-0.439330960933494,0.0976177671531165
9.18293458777804,0.308642875482239,-0.157327261497866,0.599899970687432,-0.0290895687923101,-0.0810798233713149,0.030259818522388,-0.439069831396795,0.0983531572953818
9.2466196020421,0.307788161382965,-0.157980507405379,0.600500305414977,-0.0299580698193031,-0.0809367459298442,0.0304143959392092,-0.438804149002685,0.0990923933723293
9.31074628133199,0.306926653461284,-0.158631795767663,0.601099383900183,-0.0308407409103108,-0.0807923179717838,0.0305689957029724,-0.438533854282318,0.0998354734774409
9.3753176886602,0.306058349730916,-0.159281048559167,0.601697032754467,-0.0317377006836575,-0.0806465345461287,0.0307236064253502,-0.438258887154949,0.10058239495698
9.44033690828169,0.305183249329913,-0.159928187307807,0.602293075081253,-0.0326490662059129,-0.0804993908144148,0.0308782165947965,-0.437979186932521,0.101333154390624
9.50580704584117,0.304301352535068,-0.160573133113284,0.602887330467408,-0.0335749529075636,-0.0803508820531756,0.031032814577615,-0.437694692324698,0.102087747571941
9.57173122852146,0.303412660775993,-0.161215806665832,0.603479614976477,-0.0345154744974956,-0.0802010036563853,0.0311873886190796,-0.437405341444338,0.102846169488706
9.63811260519287,0.302517176648854,-0.16185612826543,0.604069741143762,-0.035470742876318,-0.0800497511378886,0.0313419268446079,-0.437111071813413,0.103608414303083
9.70495434656358,0.301614903929737,-0.162494017841447,0.604657517973311,-0.0364408680485636,-0.0798971201338153,0.0314964172609875,-0.436811820369414,0.104374475331657
9.7722596453311,0.300705847587641,-0.163129394972716,0.605242750936856,-0.0374259580338009,-0.0797431064049781,0.0316508477576546,-0.436507523472206,0.105144345025349
9.84003171633479,0.299790013797072,-0.163762178908039,0.605825241974759,-0.0384261187766942,-0.0795877058392526,0.0318052061080234,-0.436198116911389,0.105918014949203
9.90827379670937,0.298867409950237,-0.164392288587111,0.606404789499022,-0.0394414540560541,-0.0794309144539384,0.0319594799708686,-0.435883535914138,0.106695475762072
9.97698914603959,0.297938044668809,-0.165019642661847,0.606981188398403,-0.0404720653929184,-0.0792727283980982,0.0321136568917577,-0.435563715153551,0.107476717196193
10.0461810465159,0.297001927815259,-0.165644159518113,0.607554230045697,-0.0415180519577079,-0.0791131439548769,0.0322677243045342,-0.435238588757512,0.108261728036685
10.1158528030912,0.296059070503735,-0.166265757297848,0.608123702307229,-0.0425795104765028,-0.0789521575437952,0.0324216695328508,-0.434908090318072,0.109050496100952
10.1860077436388,0.29510948511048,-0.166884353921562,0.608689389554614,-0.0436565351364885,-0.0787897657230201,0.032575479791752,-0.434572152901366,0.109843008218032
10.2566492191112,0.294153185283764,-0.167499867111206,0.609251072678818,-0.0447492174906209,-0.0786259651916083,0.0327291421893051,-0.434230709058057,0.11063925020788
10.3277806037004,0.293190185953329,-0.168112214413405,0.609808529106587,-0.0458576463615618,-0.0784607527917235,0.0328826437282796,-0.433883690834347,0.111439206860611
10.3994052949988,0.29222050333933,-0.168721313223024,0.610361532819279,-0.0469819077449409,-0.0782941255108238,0.0330359713078736,-0.433531029783531,0.112242861915704
10.4715267141616,0.291244154960747,-0.169327080807083,0.610909854374146,-0.0481220847120014,-0.0781260804838207,0.0331891117254871,-0.433172656978119,0.113050198041192
10.5441483060703,0.290261159643276,-0.169929434328982,0.611453260928115,-0.0492782573116825,-0.0779566149952062,0.0333420516785401,-0.432808503022538,0.11386119681284
10.6172735394972,0.289271537526673,-0.170528290873037,0.611991516264108,-0.0504505024722072,-0.0777857264811485,0.0334947777663369,-0.432438498066404,0.114675838693333
10.6909059072708,0.288275310071536,-0.171123567469312,0.612524380819942,-0.0516388939022307,-0.0776134125315538,0.0336472764919726,-0.432062571818397,0.115494103011479
10.7650489264432,0.287272500065528,-0.171715181118728,0.613051611719857,-0.052843501991619,-0.0774396708920946,0.0337995342642843,-0.431680653560719,0.116315967941452
10.8397061384575,0.286263131629017,-0.172303048818431,0.613572962808699,-0.0540643937119217,-0.0772644994662017,0.0339515373998425,-0.431292672164167,0.117141410482077
10.9148811093176,0.285247230220122,-0.172887087587419,0.614088184688806,-0.0553016325166071,-0.0770878963170206,0.034103272124985,-0.430898556103804,0.117970406436189
10.9905774297578,0.284224822639168,-0.173467214492393,0.614597024759633,-0.0565552782411332,-0.0769098596693302,0.0342547245778893,-0.430498233475262,0.118802930390058
11.0667987154147,0.283195937032522,-0.174043346673827,0.615099227260145,-0.0578253870029238,-0.076730387911423,0.0344058808106849,-0.430091632011653,0.119638955692922
11.1435486070002,0.282160602895818,-0.17461540137224,0.615594533314004,-0.0591120111013233,-0.0765494795969464,0.034556726791602,-0.429678679101121,0.120478454436624
11.2208307704748,0.281118851076543,-0.175183295954644,0.616082680977605,-0.0604151989176117,-0.0763671334467036,0.034707248407158,-0.429259301805018,0.121321397435383
11.2986488972231,0.280070713775999,-0.175746947941164,0.61656340529096,-0.0617349948151495,-0.0761833483504142,0.034857431464378,-0.428833426876731,0.122167754205699
11.3770067042298,0.279016224550613,-0.176306275031799,0.617036438331476,-0.0630714390397399,-0.0759981233684326,0.03500726169305,-0.42840098078114,0.123017492946439
11.4559079342577,0.277955418312593,-0.17686119513331,0.617501509270647,-0.0644245676202833,-0.0758114577334244,0.0351567247480127,-0.427961889714733,0.123870580519086
11.535356356026,0.276888331329936,-0.177411626386226,0.617958344433672,-0.0657944122698115,-0.0756233508519997,0.0353058062114747,-0.427516079626373,0.124726982428193
11.6153557643908,0.275815001225762,-0.177957487191927,0.618406667362042,-0.0671810002869822,-0.0754338023063028,0.0354544915953642,-0.427063476238715,0.125586662802062
11.6959099805258,0.274735466976984,-0.178498696239808,0.61884619887908,-0.0685843544581235,-0.0752428118555582,0.0356027663437071,-0.426604005070287,0.126449584373645
11.7770228521052,0.273649768912305,-0.179035172534489,0.619276657158486,-0.0700044929599113,-0.0750503794375716,0.0357506158350332,-0.426137591458227,0.12731570846171
11.8586982534876,0.272557948709529,-0.179566835423058,0.619697757795866,-0.0714414292627734,-0.074856505170186,0.0358980253848082,-0.425664160581687,0.128184994952278
11.9409400859005,0.271460049392205,-0.180093604622321,0.620109213883279,-0.0728951720351046,-0.0746611893526921,0.0360449802478905,-0.425183637485899,0.129057402280354
12.0237522776272,0.270356115325572,-0.180615400246046,0.620510736086797,-0.0743657250483889,-0.0744644324671941,0.0361914656210125,-0.424695947106903,0.129932887411978
12.1071387841942,0.269246192211828,-0.181132142832177,0.620902032727081,-0.0758530870833189,-0.0742662351799281,0.0363374666452825,-0.424201014296946,0.130811405826599
12.1911035885602,0.26813032708471,-0.181643753369989,0.621282809862986,-0.077357251837005,-0.0740665983425353,0.0364829684087086,-0.423698763850542,0.131692911499818
12.2756507013062,0.267008568303383,-0.182150153327182,0.62165277137818,-0.0788782078313692,-0.0738655229932888,0.0366279559487415,-0.423189120531195,0.1325773568865
12.3607841608273,0.265880965545651,-0.182651264676872,0.62201161907078,-0.0804159383228207,-0.0736630103582736,0.0367724142548357,-0.422672009098787,0.133464692904284
12.4465080335254,0.264747569800468,-0.183147009924475,0.622359052745997,-0.0819704212133061,-0.0734590618525206,0.036916328271027,-0.422147354337627,0.134354868917512
12.5328264140034,0.26360843335978,-0.183637312134446,0.622694770311779,-0.083541628962832,-0.0732536790810948,0.0370596828985258,-0.421615081085157,0.135247832721603
12.6197434252612,0.262463609809673,-0.184122094956875,0.62301846787744,-0.0851295285035593,-0.0730468638401356,0.037202462998324,-0.421075114261306,0.13614353052788
12.7072632188919,0.261313154020853,-0.184601282653888,0.623329839855249,-0.0867340811555617,-0.0728386181178532,0.0373446533938154,-0.420527378898507,0.137041906948895
12.7953899752808,0.260157122138445,-0.185074800125866,0.623628579064977,-0.0883552425443528,-0.0726289440954771,0.0374862388734263,-0.419971800172347,0.137942904984245
12.8841279038047,0.258995571571124,-0.18554257293743,0.623914376841364,-0.0899929625202746,-0.072417844148161,0.0376272041932579,-0.419408303432869,0.138846466006927
12.9734812430331,0.257828560979586,-0.186004527343195,0.624186923144476,-0.0916471850798491,-0.0722053208458403,0.0377675340797362,-0.418836814236493,0.139752529750241
13.0634542609305,0.25665615026436,-0.186460590313254,0.624445906672948,-0.0933178482891905,-0.0719913769540473,0.0379072132322705,-0.418257258378582,0.140661034295266
13.1540512550606,0.255478400552968,-0.186910689558386,0.624691014980046,-0.0950048842095752,-0.071776015434679,0.038046226325918,-0.417669561926613,0.141571916058934
13.2452765527909,0.254295374186447,-0.18735475355496,0.624921934592533,-0.0967082188252705,-0.0715592394467242,0.0381845580140539,-0.417073651253968,0.142485109782715
13.3371345115004,0.253107134705235,-0.187792711569513,0.6251383511323,-0.0984277719737175,-0.0713410523469443,0.0383221929310461,-0.416469453074324,0.143400548521956
13.4296295187868,0.251913746834439,-0.188224493682987,0.6253399494407,-0.100163457278165,-0.0711214576905133,0.0384591156949328,-0.415856894476637,0.144318163635873
13.5227659926764,0.250715276468481,-0.188650030814606,0.625526413705563,-0.101915182082854,-0.070900459231615,0.0385953109101017,-0.415235902960709,0.145237884778231
13.6165483818355,0.249511790655151,-0.189069254745367,0.625697427590824,-0.103682847390851,-0.0706780609239986,0.038730763169972,-0.414606406473322,0.14615963988874
13.7109811657822,0.248303357579062,-0.189482098141137,0.625852674368715,-0.105466347804611,-0.0704542669214936,0.0388654570596749,-0.413968333444937,0.147083355185171
13.806068855101,0.247090046544533,-0.189888494575323,0.625991837054469,-0.107265571469393,-0.0702290815784852,0.0389993771587347,-0.413321612826933,0.148008955156237
13.9018159916578,0.245871927957904,-0.190288378551115,0.626114598543466,-0.109080400019586,-0.07000250945035,0.0391325080437476,-0.412666174129381,0.14893636255524
13.998227148817,0.2446490733093,-0.190681685523265,0.626220641750774,-0.110910708528072,-0.0697745552938536,0.0392648342910592,-0.412001947459335,0.149865498394527
14.0953069316601,0.243421555153861,-0.191068351919401,0.626309649752993,-0.112756365458686,-0.069545224067511,0.0393963404794381,-0.411328863559631,0.150796281940752
14.1930599772055,0.242189447092446,-0.191448315160854,0.626381305932354,-0.114617232621892,-0.06931452093191,0.0395270111927462,-0.410646853848158,0.151728630710995
14.2914909546299,0.240952823751837,-0.191821513682975,0.626435294122988,-0.116493165133737,-0.0690824512499995,0.0396568310226057,-0.409955850457619,0.152662460469736
14.3906045654914,0.239711760764449,-0.19218788695494,0.626471298759291,-0.118384011378187,-0.0688490205873425,0.0397857845710596,-0.409255786275723,0.15359768522671
14.4904055439544,0.238466334747571,-0.192547375499015,0.626489005026302,-0.120289612972917,-0.0686142347123364,0.0399138564532286,-0.408546594985825,0.154534217235677
14.5908986570152,0.237216623282149,-0.192899920909282,0.626488099012011,-0.122209804738656,-0.0683780995963991,0.0400410312999618,-0.407828211107976,0.155471966994115
14.6920887047298,0.235962704891135,-0.193245465869789,0.626468267861514,-0.124144414672135,-0.0681406214141251,0.040167293760481,-0.407100570040361,0.156410843243852
14.7939805204436,0.234704659017416,-0.193583954172143,0.626429199932916,-0.12609326392276,-0.0679018065434097,0.0402926285050196,-0.40636360810112,0.157350752972679
14.8965789710218,0.233442566001347,-0.193915330732503,0.626370584954904,-0.128056166773038,-0.0676616615655438,0.0404170202274547,-0.40561726257051,0.158291601416934
14.999888957082,0.232176507057894,-0.194239541607982,0.626292114185871,-0.130032930622878,-0.06742019326528,0.0405404536479323,-0.404861471733402,0.159233292065102
15.1039154132284,0.230906564253431,-0.194556534012441,0.626193480574519,-0.13202335597779,-0.0671774086308714,0.0406629135154871,-0.404096174922082,0.160175726662435
15.2086633082875,0.229632820482188,-0.194866256331662,0.626074378921812,-0.134027236441096,-0.0669333148540827,0.0407843846106539,-0.403321312559328,0.161118805216611
15.3141376455451,0.22835535944238,-0.195168658137895,0.625934506044199,-0.136044358710178,-0.066687919330177,0.0409048517480744,-0.402536826201752,0.162062426004461
15.4203434629857,0.227074265612041,-0.195463690203772,0.625773560937975,-0.138074502576857,-0.0664412296578763,0.0410242997790961,-0.401742658583365,0.163006485579762
15.5272858335329,0.225789624224578,-0.195751304515573,0.625591244944697,-0.140117440931944,-0.0661932536392996,0.0411427135943664,-0.400938753659346,0.163950878782131
15.6349698652918,0.22450152124407,-0.196031454285848,0.625387261917508,-0.142172939774029,-0.0659439992798769,0.0412600781264196,-0.40012505664999,0.164895498747024
15.7434007017931,0.223210043340333,-0.196304093965379,0.625161318388293,-0.144240758222551,-0.0656934747882423,0.0413763783522594,-0.399301514084806,0.165840236916863
15.8525835222385,0.221915277863773,-0.196569179254487,0.624913123735516,-0.146320648535214,-0.0654416885761048,0.0414915992959361,-0.398468073846729,0.166784983053298
15.9625235417481,0.220617312820044,-0.196826667113668,0.624642390352634,-0.148412356129781,-0.0651886492581002,0.0416057260311187,-0.397624685216429,0.167729625250621
16.07322601161,0.219316236844544,-0.197076515773568,0.624348833816966,-0.150515619610298,-0.0649343656516217,0.0417187436836641,-0.396771298916674,0.168674049950351
16.1846962195303,0.21801213917676,-0.197318684744282,0.624032173058884,-0.152630170797785,-0.0646788467766336,0.0418306374341816,-0.395907867156726,0.169618141956992
16.2969394898867,0.216705109634489,-0.197553134823987,0.623692130531214,-0.15475573476543,-0.0644221018554656,0.041941392520596,-0.395034343676733,0.170561784454978
16.4099611839816,0.215395238587955,-0.197779828106897,0.623328432378703,-0.156892029878311,-0.0641641403125897,0.0420509942407076,-0.39415068379209,0.171504859026828
16.5237667002994,0.214082616933854,-0.19799872799055,0.622940808607429,-0.159038767837691,-0.0639049717743811,0.0421594279547519,-0.393256844437726,0.172447245672501
16.6383614747635,0.212767336069328,-0.19820979918242,0.622528993254036,-0.16119565372989,-0.0636446060688615,0.0422666790879583,-0.392352784212299,0.173388822829973
16.7537509809962,0.211449487865911,-0.198413007705868,0.622092724554629,-0.163362386079771,-0.0633830532254278,0.04237273313311,-0.39143846342225,0.174329467397041
16.8699407305804,0.210129164643456,-0.198608320905413,0.621631745113233,-0.165538656908843,-0.0631203234745639,0.0424775756531046,-0.390513844125689,0.175269054754364
16.9869362733223,0.208806459144075,-0.198795707451352,0.62114580206965,-0.167724151798003,-0.0628564272475382,0.042581192283518,-0.389578890176084,0.176207458789736
17.1047431975172,0.207481464506096,-0.198975137343714,0.620634647266598,-0.169918549954916,-0.0625913751760862,0.0426835687351712,-0.388633567265695,0.177144551923612
17.2233671302159,0.206154274238074,-0.199146581915563,0.620098037415977,-0.172121524286046,-0.0623251780920776,0.042784690796702,-0.387677842968752,0.178080205135876
17.3428137374936,0.204824982192879,-0.199310013835657,0.619535734264147,-0.174332741473328,-0.0620578470271688,0.0428845443371418,-0.386711686784303,0.179014287993869
17.4630887247206,0.203493682541857,-0.199465407110456,0.618947504756051,-0.176551862055479,-0.0617893932124415,0.0429831153085,-0.385735070178725,0.179946668681659
17.5841978368348,0.202160469749115,-0.199612737085507,0.61833312119807,-0.178778540513945,-0.0615198280780258,0.0430803897483554,-0.384747966627844,0.180877214030581
17.7061468586161,0.200825438545928,-0.199751980446198,0.617692361419453,-0.181012425363455,-0.0612491632527079,0.0431763537824572,-0.383750351658629,0.181805789551016
17.8289416149627,0.199488683905296,-0.199883115217898,0.617025008932187,-0.183253159247178,-0.0609774105635239,0.0432709936273358,-0.382742202890431,0.182732259465432
17.9525879711692,0.198150301016666,-0.20000612076549,0.616330853089175,-0.185500379036455,-0.0607045820353368,0.0433642955929251,-0.381723500075712,0.183656486742672
18.0770918332073,0.196810385260841,-0.200120977792303,0.615609689240568,-0.187753715935076,-0.0604306898903979,0.0434562460851975,-0.380694225140246,0.184578333133492
18.2024591480069,0.195469032185091,-0.200227668338469,0.614861318888125,-0.190012795588068,-0.0601557465478922,0.0435468316088123,-0.379654362222734,0.185497659207331
18.3286959037413,0.19412633747848,-0.200326175778697,0.614085549837449,-0.192277238194968,-0.0598797646234659,0.0436360387697789,-0.378603897713804,0.186414324390327
18.4558081301122,0.192782396947434,-0.200416484819488,0.613282196347973,-0.194546658627528,-0.0596027569287364,0.0437238542781366,-0.377542820294365,0.187328187004552
18.5838018986386,0.191437306491558,-0.200498581495803,0.612451079280553,-0.196820666551814,-0.0593247364707835,0.0438102649506507,-0.376471120973251,0.188239104308472
18.7126833229461,0.190091162079718,-0.200572453167192,0.611592026242525,-0.199098866554644,-0.059045716451621,0.0438952577135273,-0.375388793124146,0.189146932538608
18.8424585590593,0.188744059726407,-0.200638088513408,0.610704871730099,-0.201380858274312,-0.0587657102676485,0.0439788196051477,-0.374295832521725,0.190051526952401
18.9731338056957,0.187396095468408,-0.200695477529504,0.609789457267954,-0.203666236535542,-0.0584847315090799,0.0440609377788225,-0.373192237376992,0.190952741872258
19.1047153045619,0.186047365341759,-0.200744611520444,0.608845631545894,-0.205954591488601,-0.0582027939593505,0.0441415995055674,-0.37207800837176,0.191850430730769
19.2372093406515,0.184697965359045,-0.200785483095236,0.607873250552438,-0.208245508752511,-0.0579199115944998,0.0442207921769017,-0.370953148692247,0.192744446117079
19.3706222425457,0.183347991487023,-0.200818086160599,0.606872177705219,-0.210538569562281,-0.057636098582528,0.0442985033076693,-0.369817664061735,0.193634639824398
19.5049603827152,0.181997539624583,-0.200842415914189,0.605842283978045,-0.212833350920088,-0.0573513692827261,0.0443747205388841,-0.368671562772274,0.194520862898632
19.6402301778248,0.180646705581077,-0.20085846883739,0.604783448024524,-0.215129425750316,-0.0570657382449779,0.0444494316406007,-0.367514855715366,0.195402965688117
19.7764380890397,0.179295585054995,-0.200866242687691,0.603695556298099,-0.21742636305838,-0.0567792202090311,0.0445226245148102,-0.366347556411617,0.196280797894429
19.9135906223344,0.177944273613027,-0.200865736490673,0.602578503168391,-0.219723728093236,-0.0564918301037373,0.044594287198362,-0.365169681039302,0.197154208624255
20.0516943288031,0.1765928666695,-0.200856950531608,0.601432191033725,-0.222021082513486,-0.0562035830462578,0.0446644078659131,-0.363981248461812,0.198023046442301
20.1907558049731,0.175241459466202,-0.200839886346698,0.60025653042971,-0.224317984556981,-0.0559144943412345,0.0447329748329042,-0.362782280253947,0.198887159425208
20.3307816931193,0.173890147052602,-0.200814546713966,0.599051440133785,-0.226613989213818,-0.0556245794799232,0.0447999765585639,-0.361572800727017,0.199746395216449
20.4717786815819,0.172539024266471,-0.200780935643819,0.597816847265588,-0.228908648402623,-0.0553338541392873,0.04486540164894,-0.360352836952711,0.200600601082191
20.6137535050858,0.171188185714903,-0.200739058369303,0.596552687383061,-0.231201511150021,-0.0550423341810508,0.0449292388599603,-0.359122418785714,0.201449623968079
20.756712945062,0.169837725755754,-0.200688921336055,0.59525890457418,-0.233492123773161,-0.0547500356507067,0.0449914771005203,-0.357881578885013,0.202293310556918
20.900663829972,0.168487738479482,-0.200630532191985,0.593935451544199,-0.235780030065195,-0.0544569747764808,0.0450521054356006,-0.356630352733887,0.203131507327227
21.0456130356336,0.167138317691415,-0.200563899776695,0.592582289698327,-0.238064771483584,-0.0541631679682467,0.0451111130894112,-0.35536877865852,0.203964060612619
21.1915674855492,0.165789556894424,-0.200489034110656,0.591199389219718,-0.240345887341101,-0.0538686318163916,0.0451684894485645,-0.354096897845227,0.204790816661991
21.338534151237,0.164441549272023,-0.200405946384157,0.589786729142709,-0.242622914999414,-0.0535733830906282,0.0452242240652759,-0.352814754356245,0.205611621700472
21.4865200525637,0.163094387671886,-0.200314648946046,0.588344297421199,-0.244895390065109,-0.0532774387387532,0.0452783066605911,-0.351522395144076,0.2064263219911
21.6355322580795,0.161748164589777,-0.200215155292277,0.586872090992083,-0.247162846588028,-0.0529808158853482,0.0453307271276402,-0.350219870064332,0.207234763897194
21.7855778853565,0.160402972153906,-0.200107480054284,0.585370115833684,-0.249424817261764,-0.0526835318304204,0.045381475534918,-0.348907231887073,0.208036793945376
21.9366641013278,0.159058902109695,-0.199991638987193,0.583838387019081,-0.251680833626207,-0.0523856040479824,0.0454305421295886,-0.347584536306594,0.208832258889204
22.0887981226306,0.157716045804961,-0.199867648957885,0.58227692876427,-0.253930426271964,-0.0520870501845668,0.0454779173408143,-0.346251841949648,0.209621005773381
22.2419872159503,0.156374494175507,-0.199735527932936,0.580685774471097,-0.256173125046526,-0.0517878880576747,0.0455235917831079,-0.344909210382073,0.210402881998484
22.396238698368,0.155034337731124,-0.199595294966443,0.579064966764898,-0.258408459262033,-0.051488135654155,0.0455675562597057,-0.343556706113799,0.211177735386189
22.5515599377096,0.153695666541991,-0.199446970187747,0.577414557526772,-0.260635957904476,-0.0511878111285117,0.0456098017659617,-0.342194396602213,0.21194541424493
22.7079583528983,0.152358570225477,-0.199290574789076,0.575734607920462,-0.262855149844198,-0.0508869328011377,0.0456503194927597,-0.340822352253864,0.212705767435957
22.8654414143084,0.151023137933337,-0.19912613101311,0.574025188413763,-0.265065564047525,-0.050585519156473,0.0456891008299438,-0.339440646424484,0.213458644439745
23.0240166441225,0.149689458339294,-0.198953662140502,0.57228637879444,-0.267266729789381,-0.050283588841083,0.0457261373697625,-0.338049355417303,0.214203895422701
23.1836916166905,0.148357619626997,-0.198773192477338,0.570518268180597,-0.269458176866723,-0.0499811606616574,0.0457614209103279,-0.336648558479654,0.214941371304127
23.3444739588916,0.147027709478365,-0.198584747342583,0.568720955025475,-0.271639435812634,-0.0496782535829255,0.045794943459085,-0.335238337797836,0.215670923823394
23.5063713504986,0.145699815062286,-0.198388353055493,0.566894547116641,-0.27381003811092,-0.0493748867254865,0.0458266972362912,-0.333818778490229,0.216392405607263
23.6693915245447,0.14437402302368,-0.198184036923027,0.565039161569551,-0.275969516411042,-0.0490710793635526,0.0458566746785014,-0.33238996859865,0.217105670237316
23.8335422676926,0.14305041947292,-0.197971827227266,0.56315492481546,-0.278117404743217,-0.0487668509226028,0.045884868442059,-0.330951999077935,0.217810572317439
23.9988314206069,0.141729089975582,-0.197751753212832,0.561241972583674,-0.280253238733536,-0.0484622209769459,0.0459112714065874,-0.329504963783739,0.218506967541312
24.1652668783283,0.140410119542544,-0.197523845074346,0.559300449878122,-0.282376555818913,-0.0481572092471898,0.0459358766784812,-0.32804895945854,0.219194712759841
24.3328565906507,0.1390935926204,-0.197288133943911,0.557330510948261,-0.284486895461718,-0.0478518355976165,0.0459586775943938,-0.326584085715861,0.219873666048493
24.5016085625011,0.137779593082195,-0.197044651878637,0.555332319254306,-0.286583799363916,-0.0475461200334608,0.0459796677247179,-0.325110445022671,0.220543686774471
24.6715308543219,0.136468204218466,-0.196793431848219,0.553306047426785,-0.28866681168055,-0.0472400826980902,0.0459988408770567,-0.32362814268,0.221204635663683
24.8426315824557,0.135159508728578,-0.196534507722574,0.551251877220451,-0.290735479232398,-0.0469337438700861,0.0460161910996816,-0.32213728680174,0.221856374867439
25.0149189195333,0.133853588712354,-0.196267914259536,0.54916999946255,-0.29278935171764,-0.0466271239602234,0.0460317126849746,-0.320637988291644,0.222498768028841
25.1884010948637,0.132550525661969,-0.195993687092628,0.547060613995479,-0.294827981922369,-0.046320243508349,0.0460454001728498,-0.319130360818523,0.223131680348785
25.3630863948277,0.131250400454125,-0.195711862718914,0.544923929613857,-0.296850925929775,-0.0460131231801559,0.0460572483541533,-0.317614520789648,0.223754978651547
25.538983163273,0.129953293342475,-0.195422478486925,0.542760163996051,-0.298857743327844,-0.0457057837638546,0.0460672522740353,-0.31609058732236,0.224368531449878
25.7160998019135,0.128659283950295,-0.195125572584678,0.540569543630179,-0.300847997415405,-0.0453982461667382,0.0460754072352926,-0.314558682213896,0.224972209009565
25.89444477073,0.127368451263395,-0.194821184027787,0.538352303734659,-0.302821255406352,-0.0450905314116429,0.0460817088016767,-0.313018929909449,0.225565883413401
26.0740265883745,0.126080873623252,-0.194509352647664,0.536108688173334,-0.304777088631901,-0.0447826606333017,0.0460861528011638,-0.311471457468455,0.226149428624498
26.2548538325773,0.124796628720364,-0.194190119079823,0.533838949365233,-0.306715072740701,-0.0444746550745923,0.0460887353291839,-0.309916394529149,0.226722720548908
26.4369351405564,0.123515793587804,-0.193863524752282,0.531543348189039,-0.308634787896647,-0.0441665360826776,0.0460894527518033,-0.308353873271374,0.22728563709748
26.6202792094301,0.122238444594976,-0.193529611874067,0.529222153882311,-0.31053581897424,-0.04385832510504,0.0460883017088582,-0.30678402837769,0.227838058246915
26.8048947966327,0.120964657441555,-0.193188423423816,0.526875643935552,-0.312417755751339,-0.0435500436854089,0.0460852791170337,-0.305206996992776,0.228379866099944
26.9907907203326,0.1196945071516,-0.192840003138498,0.524504103981175,-0.31428019309915,-0.0432417134595814,0.0460803821728859,-0.30362291868117,0.228910944944602
27.1779758598533,0.118428068067839,-0.192484395502222,0.522107827677476,-0.316122731169298,-0.0429333561511382,0.0460736083558016,-0.302031935383351,0.229431181312523
27.3664591560979,0.117165413846106,-0.192121645735163,0.519687116587667,-0.317944975577842,-0.0426249935670531,0.046064955430892,-0.300434191370201,0.229940464036215
27.556249611976,0.115906617449933,-0.191751799782584,0.517242280054096,-0.319746537586087,-0.042316647593199,0.0460544214518165,-0.298829833195865,0.230438684305265
27.7473562928336,0.114651751145277,-0.191374904303962,0.514773635067712,-0.321527034278035,-0.0420083401897498,0.0460420047635315,-0.297219009649041,0.230925735721417
27.9397883268864,0.113400886495376,-0.19099100666222,0.512281506132908,-0.323286088734367,-0.0417000933864807,0.046027704004962,-0.295601871702738,0.23140151435248
28.1335549056553,0.112154094355732,-0.190600154913049,0.509766225127821,-0.325023330202779,-0.0413919292779669,0.0460115181115889,-0.293978572462517,0.231865918785004
28.3286652844062,0.110911444869207,-0.190202397794334,0.507228131160221,-0.326738394264584,-0.0410838700186833,0.0459934463179513,-0.292349267113261,0.232318850175702
28.5251287825912,0.109673007461227,-0.189797784715671,0.504667570419076,-0.328430922997408,-0.0407759378180069,0.0459734881600566,-0.290714112864516,0.232760212301541
28.7229547842946,0.108438850835076,-0.189386365747977,0.502084896021941,-0.330100565133889,-0.0404681549351227,0.0459516434776964,-0.28907326889442,0.233189911608476
28.9221527386804,0.107209042967301,-0.188968191613179,0.499480467858258,-0.331746976216239,-0.0401605436738364,0.0459279124166634,-0.287426896292276,0.233607857258776
29.1227321604441,0.105983651103184,-0.188543313674001,0.496854652428732,-0.333369818746553,-0.0398531263772957,0.0459022954308655,-0.285775157999802,0.234013961176902
29.324702630267,0.104762741752305,-0.188111783923816,0.494207822680875,-0.334968762332757,-0.0395459254226222,0.0458747932843331,-0.284118218751108,0.234408138093889
29.5280737952738,0.103546380684172,-0.18767365497658,0.491540357840875,-0.336543483830088,-0.0392389632154576,0.0458454070531158,-0.28245624501143,0.234790305590192
29.7328553694936,0.102334632923925,-0.18722898005684,0.488852643241922,-0.338093667477988,-0.0389322621844254,0.0458141381270647,-0.280789404914674,0.235160384136972
29.9390571343235,0.101127562748099,-0.186777812989796,0.486145070149118,-0.339619005032327,-0.0386258447755129,0.0457809882114973,-0.279117868199824,0.235518297135755
30.1466889389963,0.0999252336804452,-0.186320208191439,0.483418035581136,-0.341119195892856,-0.0383197334463745,0.0457459593287397,-0.277441806146244,0.235863970956457
30.3557607010504,0.0987277084878087,-0.18585622065873,0.480671942128757,-0.342593947225787,-0.0380139506605622,0.0457090538195449,-0.275761391507941,0.236197334973726
30.566282406804,0.0975350491760543,-0.18538590595984,0.477907197770434,-0.344042974081438,-0.0377085188816837,0.0456702743443824,-0.274076798446827,0.236518321601562
30.7782641118319,0.0963473169860402,-0.184909320224429,0.475124215685056,-0.345465999506835,-0.0374034605674944,0.0456296238845958,-0.272388202465033,0.236826866326205
30.9917159414457,0.0951645723896353,-0.184426520133971,0.472323414062028,-0.346862754653224,-0.0370987981639255,0.0455871057434263,-0.270695780336339,0.237122907737236
31.2066480911777,0.0939868750857774,-0.183937562912099,0.469505215908865,-0.348232978878391,-0.0367945540990521,0.0455427235468977,-0.268999710036758,0.237406387556881
31.4230708272674,0.0928142839965708,-0.183442506314997,0.466670048856427,-0.349576419843758,-0.0364907507770063,0.0454964812445619,-0.267300170674338,0.23767725066749
31.6409944871527,0.0916468572634212,-0.1829414086218,0.463818344961975,-0.35089283360617,-0.0361874105718386,0.0454483831100999,-0.265597342418234,0.237935445137155
31.8604294799627,0.0904846522432067,-0.182434328625019,0.460950540510194,-0.352181984704326,-0.0358845558213317,0.0453984337417784,-0.263891406427111,0.238180922243459
32.0813862870155,0.0893277255044833,-0.181921325620974,0.458067075812363,-0.353443646239816,-0.0355822088207721,0.0453466380627566,-0.262182544776931,0.238413636495333
32.3038754623189,0.088176132823726,-0.181402459400231,0.455168395003824,-0.354677599952705,-0.0352803918166835,0.0452930013212443,-0.260470940388178,0.238633545652989
32.5279076330741,0.0870299291816034,-0.180877790238048,0.452254945839925,-0.35588363629163,-0.0349791270005256,0.0452375290905059,-0.258756776952592,0.238840610745936
32.7534935001834,0.0858891687592877,-0.180347378884805,0.449327179490594,-0.35706155447839,-0.0346784365023648,0.0451802272687115,-0.257040238859457,0.239034796089046
32.9806438387618,0.0847539049347996,-0.179811286556432,0.446385550333728,-0.358211162566985,-0.0343783423845209,0.0451211020786303,-0.255321511121514,0.239216069296664
33.2093694986511,0.0836241902793899,-0.17926957492482,0.443430515747542,-0.359332277497091,-0.0340788666351936,0.0450601600671682,-0.25360077930055,0.239384401294754
33.4396814049384,0.0825000765539584,-0.178722306108205,0.440462535902068,-0.360424725141965,-0.0337800311620753,0.0449974081047451,-0.25187822943273,0.239539766331072
33.6715905584778,0.0813816147055125,-0.17816954266154,0.437482073549963,-0.361488340350749,-0.0334818577859552,0.0449328533845123,-0.250154047953725,0.239682141983354
33.9051080364161,0.0802688548636675,-0.177611347566825,0.434489593816796,-0.362522966985188,-0.0331843682343177,0.0448665034214097,-0.248428421623708,0.239811509165528
34.1402449927217,0.0791618463371896,-0.177047784223409,0.431485563990971,-0.363528457950757,-0.0328875841349432,0.0447983660510598,-0.246701537452265,0.239927852131935
34.3770126587175,0.0780606376105866,-0.176478916438253,0.428470453313484,-0.364504675222199,-0.0325915270095143,0.0447284494285006,-0.244973582623294,0.240031158479566
34.6154223436172,0.0769652763407465,-0.17590480841615,0.425444732767639,-0.365451489863497,-0.0322962182672335,0.0446567620267549,-0.243244744419941,0.240121419148316
34.8554854350656,0.07587580935363,-0.175325524749896,0.422408874868926,-0.36636878204229,-0.0320016791984575,0.0445833126352369,-0.241515210149646,0.240198628419262
35.0972133996824,0.0747922826410173,-0.174741130410419,0.419363353455202,-0.367256441038759,-0.0317079309683532,0.044508110357996,-0.239785167069345,0.240262783910964
35.3406177836102,0.0737147413573154,-0.174151690736849,0.416308643477353,-0.368114365249017,-0.0314149946105811,0.0444311646117978,-0.238054802310903,0.240313886573813
35.5857102130658,0.0726432298164289,-0.173557271426533,0.413245220790585,-0.368942462183026,-0.0311228910210106,0.0443524851240428,-0.236324302806825,0.240351940682413
35.8325023948954,0.0715777914886968,-0.172957938524993,0.410173561946513,-0.369740648457093,-0.030831640951473,0.0442720819305239,-0.234593855216304,0.240376953826036
36.081006117134,0.070518468997903,-0.172353758415827,0.407094143986214,-0.370508849780989,-0.030541265003558,0.0441899653730222,-0.232863645851681,0.240388936897144
36.3312332495683,0.0694653041183605,-0.171744797810536,0.404007444234375,-0.371247000939722,-0.0302517836224566,0.0441061460967445,-0.23113386060535,0.240387904078008
36.5831957443038,0.0684183377720783,-0.171131123738304,0.400913940094718,-0.371955045770057,-0.0299632170908592,0.0440206350476006,-0.229404684877183,0.240373872825431
36.8369056363357,0.0673776100260113,-0.170512803535691,0.397814108846831,-0.372632937131794,-0.02967558552291,0.0439334434693254,-0.227676303502523,0.240346863853611
37.0923750441235,0.0663431600894024,-0.169889904836282,0.394708427444574,-0.373280636873917,-0.0293889088582264,0.0438445829004438,-0.225948900680809,0.240306901115149
37.3496161701702,0.0653150263112171,-0.169262495560249,0.391597372316179,-0.37389811579565,-0.0291032068559854,0.0437540651710833,-0.224222659904869,0.24025401178024
37.6086413016048,0.0642932461776795,-0.168630643903853,0.38848141916622,-0.374485353602504,-0.0288184990890841,0.0436619023996343,-0.222497763890957,0.240188226214065
37.8694628107695,0.0632778563099112,-0.167994418328882,0.385361042779563,-0.375042338857403,-0.0285348049383778,0.0435681069892611,-0.220774394509568,0.240109577952418
38.1320931558105,0.0622688924616811,-0.167353887552012,0.382236716827447,-0.375569068926952,-0.0282521435870014,0.0434726916242663,-0.219052732717096,0.240018103675586
38.3965448812729,0.0612663895172686,-0.166709120534105,0.379108913675827,-0.376065549922958,-0.0279705340147776,0.0433756692663101,-0.217332958488372,0.239913843180537
38.6628306187004,0.0602703814894468,-0.166060186469444,0.375978104196115,-0.376531796639269,-0.0276899949927181,0.043277053150488,-0.215615250750142,0.239796839351412
38.9309630872381,0.0592809015175893,-0.165407154774891,0.372844757578421,-0.376967832484048,-0.0274105450776206,0.0431768567812701,-0.21389978731552,0.239667138128395
39.2009550942403,0.058297981865907,-0.164750095078993,0.36970934114745,-0.377373689407566,-0.0271322026067671,0.043075093928304,-0.21218674481948,0.239524788474969
39.4728195358824,0.0573216539218181,-0.164089077211021,0.366572320181142,-0.377749407825625,-0.0268549856927269,0.042971778622085,-0.210476298655411,0.239369842343605
39.7465693977764,0.0563519481944572,-0.163424171189943,0.363434157732191,-0.378095036538706,-0.0265789122182691,0.0428669251494979,-0.208768622912794,0.239202354639925
40.0222177555915,0.0553888943133273,-0.162755447213351,0.360295314452538,-0.378410632646959,-0.0263039998313886,0.0427605480492323,-0.207063890316029,0.23902238318537
40.2997777756789,0.0544325210270999,-0.162082975646318,0.357156248420949,-0.378696261461149,-0.0260302659404478,0.0426526621070759,-0.20536227216447,0.238829988678432
40.5792627157,0.0534828562025673,-0.161406827010215,0.354017414973786,-0.378951996409658,-0.0257577277094408,0.0425432823510896,-0.203663938273685,0.238625234654463
40.8606859252603,0.052539926823751,-0.160727071971474,0.350879266539054,-0.379177918941676,-0.02548640205338,0.0424324240466684,-0.201969056917994,0.238408187444139
41.1440608465467,0.0516037589911709,-0.160043781330299,0.347742252473822,-0.379374118426692,-0.0252163056338111,0.0423201026914915,-0.200277794774315,0.238178916130596
41.4294010149697,0.050674377921279,-0.159357026009345,0.344606818905116,-0.379540692050406,-0.0249474548544594,0.0422063340103665,-0.198590316867346,0.237937492505293
41.7167200598098,0.0497518079460606,-0.158666877042353,0.341473408574349,-0.379677744707187,-0.0246798658570084,0.0420911339499714,-0.196906786516128,0.237683991022661
42.0060317048688,0.0488360725128083,-0.15797340556275,0.338342460685376,-0.379785388889213,-0.0244135545170165,0.0419745186734989,-0.195227365281997,0.237418488753553
42.2973497691249,0.0479271941840698,-0.157276682792219,0.335214410756254,-0.379863744572398,-0.0241485364399727,0.0418565045552078,-0.193552212917981,0.237141065337586
42.5906881673929,0.0470251946377751,-0.156576780029247,0.332089690474759,-0.379912939099259,-0.0238848269574936,0.0417371081748853,-0.191881487319645,0.236851802934381
42.8860609109892,0.0461300946675438,-0.155873768637651,0.328968727557741,-0.379933107058839,-0.0236224411236656,0.041616346312225,-0.190215344477421,0.236550786173783
43.1834821084004,0.0452419141831769,-0.155167720035084,0.325851945614367,-0.379924390163818,-0.0233613937115333,0.0414942359411266,-0.188553938430438,0.236238102105092
43.4829659659579,0.0443606722113341,-0.154458705681532,0.322739764013308,-0.379886937124957,-0.0231016992097361,0.0413707942239189,-0.186897421221881,0.23591384014536
43.7845267885158,0.0434863868963999,-0.153746797067812,0.319632597753922,-0.379820903522994,-0.0228433718192957,0.0412460385055147,-0.185245942855894,0.23557809202681
44.0881789801347,0.0426190755015405,-0.153032065704058,0.316530857341478,-0.379726451678127,-0.0225864254505554,0.0411199863074995,-0.183599651256042,0.235230951743419
44.3939370447695,0.0417587544099515,-0.152314583108221,0.313434948666457,-0.379603750517236,-0.0223308737202724,0.04099265532216,-0.18195869222535,0.234872515496719
44.701815586962,0.0409054391263004,-0.151594420794574,0.310345272887974,-0.379452975438955,-0.0220767299488657,0.0408640634064574,-0.180323209407935,0.23450288164088
45.0118293125388,0.0400591442783626,-0.15087165026224,0.307262226321337,-0.379274308176744,-0.0218240071578192,0.0407342285759502,-0.178693344252233,0.2341221506271
45.3239930293136,0.0392198836188537,-0.150146342983731,0.30418620032979,-0.379067936660096,-0.0215727180672423,0.0406031689986707,-0.17706923597585,0.233730424947378
45.6383216477945,0.0383876700274576,-0.149418570393526,0.301117581220445,-0.378834054873999,-0.0213228750935867,0.0404709029889619,-0.175451021532018,0.233327809077711
45.954830181896,0.0375625155130507,-0.148688403876673,0.298056750144421,-0.378572862716813,-0.0210744903475232,0.040337449001278,-0.173838835577692,0.232914409420767
46.2735337496566,0.0367444312161236,-0.147955914757437,0.295004083001214,-0.378284565856664,-0.0208275756319751,0.0402028256239535,-0.172232810443266,0.232490334248084
46.5944475739604,0.0359334274113983,-0.147221174287989,0.291959950347292,-0.377969375586518,-0.0205821424403117,0.0400670515729479,-0.170633076103931,0.232055693641852
46.9175869832646,0.0351295135106417,-0.146484253637147,0.288924717308932,-0.377627508678043,-0.0203382019546996,0.0399301456855674,-0.169039760152661,0.231610599436318
47.2429674123316,0.0343326980656742,-0.14574522387917,0.285898743499282,-0.377259187234407,-0.020095765044613,0.039792126914172,-0.167452987774842,0.231155165158878
47.5706044029659,0.0335429887715728,-0.145004155982623,0.282882382939658,-0.376864638542133,-0.0198548422655023,0.03965301431987,-0.165872881724526,0.230689505970892
47.9005136047569,0.0327603924700665,-0.1442611207993,0.27987598398506,-0.376444094922134,-0.0196154438576199,0.0395128270662068,-0.164299562302313,0.230213738608282
48.2327107758263,0.0319849151531239,-0.143516189053227,0.276879889253893,-0.375997793580077,-0.0193775797450042,0.0393715844128509,-0.162733147334862,0.229727981321957
48.5672117835806,0.0312165619667297,-0.14276943132974,0.273894435561874,-0.375525976456168,-0.0191412595346185,0.0392293057092831,-0.161173752156011,0.229232353818112
48.904032605469,0.0304553372148498,-0.142020918064653,0.270919953860115,-0.375028890074515,-0.0189064925156464,0.0390860103884928,-0.159621489589509,0.228726977198455
49.243189329747,0.0297012443635809,-0.141270719533512,0.267956769177341,-0.374506785392167,-0.0186732876589412,0.0389417179606865,-0.15807646993334,0.228211973900401
49.5846981562442,0.0289542860454834,-0.140518905840945,0.265005200566221,-0.373959917647955,-0.0184416536166274,0.0387964480070124,-0.156538800945637,0.227687467637284
49.9285753971387,0.0282144640640948,-0.139765546910113,0.262065561053789,-0.373388546211264,-0.0182115987218551,0.0386502201733051,-0.155008587832166,0.227153583338629
50.2748374777359,0.0274817793986198,-0.13901071247227,0.259138157595901,-0.372792934430828,-0.017983130988703,0.0385030541638568,-0.153485933235368,0.226610447090538
50.6235009372529,0.0267562322087949,-0.138254472056426,0.256223291035705,-0.372173349483687,-0.0177562581122309,0.0383549697352159,-0.151970937224947,0.226058186076221
50.974582429609,0.0260378218399237,-0.137496894979136,0.253321256066076,-0.371530062224395,-0.0175309874686776,0.0382059866900205,-0.150463697289973,0.225496928516717
51.3280987242209,0.0253265468280786,-0.136738050334399,0.250432341195961,-0.370863347034598,-0.0173073261158041,0.038056124870868,-0.148964308332509,0.224926803611861
51.6840667068035,0.0246224049054677,-0.135978006983688,0.247556828720608,-0.37017348167309,-0.0170852807933786,0.0379054041542269,-0.147472862662709,0.224347941481515
52.0425033801768,0.0239253930059593,-0.135216833546109,0.244694994695602,-0.369460747126436,-0.0168648579238022,0.0377538444443934,-0.145989449995395,0.223760473107126
52.4034258650778,0.0232355072707629,-0.134454598388685,0.241847108914676,-0.36872542746028,-0.016646063612872,0.0376014656674964,-0.144514157448073,0.223164530273632
52.7668514009784,0.022552743054261,-0.133691369616791,0.239013434891222,-0.367967809671422,-0.0164289036506802,0.0374482877655556,-0.143047069540375,0.222560245511759
53.1327973469088,0.0218770949299877,-0.132927215064715,0.23619422984346,-0.367188183540756,-0.0162133835126459,0.0372943306905946,-0.141588268194902,0.221947752040756
53.5012811822866,0.0212085566967496,-0.132162202286373,0.233389744683189,-0.366386841487184,-0.0159995083606772,0.0371396143988145,-0.140137832739437,0.221327183711584
53.8723205077517,0.0205471213848839,-0.131396398546169,0.230600224008067,-0.365564078422556,-0.015787283044461,0.0369841588448286,-0.138695839910509,0.220698674950614
54.2459330460073,0.01989278126265,-0.130629870810003,0.227825906097346,-0.364720191607758,-0.015576712102878,0.0368279839759637,-0.137262363858287,0.220062360703845
54.6221366426659,0.0192455278427477,-0.129862685736435,0.225067022911005,-0.363855480510009,-0.0153677997655391,0.0366711097266295,-0.135837476152755,0.219418376381699
55.0009492671021,0.0186053518889599,-0.129094909668007,0.222323800092195,-0.36297024666145,-0.0151605499544414,0.0365135560127598,-0.134421245791172,0.218766857804403
55.3823890133107,0.0179722434229113,-0.128326608622718,0.219596456972951,-0.362064793519109,-0.01495496628574,0.0363553427263277,-0.133013739206757,0.218107941147995
55.7664741007712,0.0173461917309417,-0.127557848285667,0.216885206583066,-0.361139426326303,-0.0147510520716325,0.0361964897299379,-0.131615020278598,0.217441762890987
56.1532228753178,0.0167271853710849,-0.126788694000853,0.214190255662077,-0.360194451975558,-0.0145488103223545,0.0360370168514978,-0.130225150342724,0.216768459761706
56.5426538100157,0.0161152121801511,-0.126019210763142,0.211511804674286,-0.359230178873103,-0.0143482437482798,0.035876943878971,-0.128844188204351,0.216088168686336
56.9347855060436,0.0155102592809059,-0.125249463210404,0.208850047826723,-0.358246916805012,-0.0141493547621266,0.0357162905552142,-0.127472190151221,0.215401026737701
57.3296366935823,0.0149123130893403,-0.124479515615807,0.206205173089995,-0.35724497680505,-0.0139521454812611,0.0355550765729003,-0.126109209968053,0.214707171084789
57.7272262327089,0.0143213593220282,-0.123709431880295,0.203577362221923,-0.356224671024271,-0.0137566177301005,0.0353933215695295,-0.124755298952038,0.214006738943059
58.1275731142982,0.0137373830035638,-0.122939275525219,0.200966790793903,-0.35518631260244,-0.0135627730426082,0.0352310451225301,-0.123410505929359,0.213299867525548
58.5306964609293,0.0131603684740749,-0.122169109685152,0.198373628219907,-0.354130215541319,-0.0133706126648791,0.0350682667444507,-0.12207487727271,0.212586693994781
58.9366155277994,0.0125902993968068,-0.12139899710087,0.195798037788037,-0.35305669457986,-0.0131801375578129,0.0349050058782462,-0.120748456919773,0.211867355415534
59.3453497036433,0.0120271587657708,-0.120629000112495,0.193240176694557,-0.35196606507136,-0.0129913483998696,0.0347412818926571,-0.119431286392619,0.211141988708429
59.7569185116595,0.011470928913453,-0.119859180652827,0.190700196080327,-0.350858642862618,-0.0128042455899058,0.0345771140776857,-0.11812340481801,0.210410730604417
60.1713416104428,0.0109215915185772,-0.119089600240829,0.188178241069545,-0.349734744175125,-0.0126188292500875,0.034412521640169,-0.116824848948561,0.209673717600126
60.5886387949234,0.0103791276139173,-0.118320319975291,0.185674450810729,-0.348594685488329,-0.0124350992288766,0.0342475236994494,-0.11553565318473,0.208931085914116
61.0088299973121,0.00984351759415446,-0.117551400528665,0.183188958519845,-0.347438783425007,-0.0122530551040864,0.034082139283145,-0.114255849597608,0.208182971444041
61.4319352880526,0.00931474122377318,-0.116782902141062,0.180721891525517,-0.346267354638772,-0.0120726961860043,0.0339163873230192,-0.112985467952467,0.207429509724727
61.8579748767801,0.00879277764499206,-0.116014884614421,0.178273371316213,-0.345080715703743,-0.0118940215205778,0.0337502866509516,-0.111724535733047,0.206670835887183
62.2869691132868,0.00827760538572406,-0.115247407306847,0.175843513589354,-0.343879183006403,-0.0117170298926601,0.0335838559950089,-0.110473078166534,0.205907084618552
62.7189384884933,0.00776920236756189,-0.114480529127105,0.173432428302245,-0.342663072639656,-0.0115417198293117,0.0334171139756188,-0.109231118249206,0.205138390123004
63.1539036354283,0.00726754591378329,-0.113714308529287,0.171040219724761,-0.341432700299125,-0.0113680896031564,0.033250079101845,-0.107998676772716,0.20436488608359
63.5918853302131,0.00677261275737263,-0.112948803507637,0.168666986493698,-0.340188381181681,-0.011196137235786,0.0330827697677643,-0.106775772350968,0.203586705625052
64.032904493055,0.00628437904905355,-0.112184071591532,0.16631282166872,-0.338930429886227,-0.0110258605012126,0.032915204248947,-0.105562421447569,0.202803981277589
64.4769821892457,0.0058028203653289,-0.111420169840626,0.163977812789824,-0.337659160316756,-0.0108572569293643,0.0327474006990387,-0.104358638403818,0.202016844941609
64.9241396301678,0.00532791171652395,-0.110657154840148,0.161662041936233,-0.336374885587674,-0.0106903238096208,0.0325793771464449,-0.103164435467197,0.201225427853433
65.3743981743082,0.00485962755482842,-0.109895082696349,0.159365585786664,-0.33507791793141,-0.0105250581943869,0.0324111514911177,-0.10197982282034,0.200429860551979
65.827779328278,0.00439794178233417,-0.109134009032105,0.157088515680866,-0.333768568608304,-0.0103614569027,0.0322427415014447,-0.100804808610446,0.199630272846425
66.2843047478397,0.00394282775906435,-0.108373988982667,0.15483089768239,-0.332447147818783,-0.0101995165238687,0.0320741648112388,-0.0996393989791061,0.19882679378483
66.7439962389419,0.00349425831099081,-0.107615077191548,0.152592792642483,-0.331113964617821,-0.01003923342114,0.0319054389168294,-0.0984835980925158,0.198019551623742
67.2068757587607,0.00305220573803635,-0.106857327806566,0.150374256265057,-0.329769326831674,-0.00988060373539181,0.0317365811742548,-0.0973374081720404,0.197208673798764
67.6729654167483,0.00261664182205865,-0.106100794476013,0.148175339172656,-0.328413540976896,-0.00972362338884754,0.0315676087965534,-0.0962008295251081,0.196394286896091
68.1422874756894,0.00218753783481297,-0.105345530344968,0.145996086973349,-0.327046912181622,-0.00956828808881136,0.0313985388511551,-0.0950738605763999,0.195576516625017
68.6148643527643,0.00176486454589049,-0.104591588051741,0.143836540328482,-0.325669744109106,-0.00941459333141973,0.0312293882573706,-0.0939564978993091,0.194755487791387
69.0907186206199,0.00134859223063019,-0.103839019724444,0.141696735021228,-0.324282338883513,-0.00926253440540783,0.031060173783979,-0.0928487362476432,0.193931324272015
69.5698730084476,0.000938690678001303,-0.103087876977693,0.139576702025862,-0.32288499701794,-0.00911210639588758,0.0308909120469113,-0.0917505685875411,0.193104148990046
70.0523504030693,0.000535129198454165,-0.102338210909428,0.137476467577697,-0.321478017344661,-0.00896330418813513,0.0307216195070304,-0.0906619861295788,0.192274083891257
70.5381738500302,0.000137876631737699,-0.101590072097859,0.13539605324363,-0.32006169694758,-0.0088161224713851,0.0305523124680051,-0.0895829783610388,0.191441249921296
71.0273665547,-0.000253098645318885,-0.10084351059852,0.133335475993225,-0.318636331096864,-0.00867055574262941,0.0303830070742787,-0.0885135330783169,0.190605767003846
71.5199518833807,-0.000637828711061557,-0.100098575941443,0.131294748270272,-0.31720221318575,-0.00852659831041829,0.0302137193091291,-0.0874536364194427,0.189767754019706
72.0159533644237,-0.00101634609130599,-0.0993553171284382,0.129273878064779,-0.3157596346695,-0.0083842442986611,0.0300444649928205,-0.0864032728966888,0.188927328786784
72.5153946893524,-0.00138868375167186,-0.0986137826304763,0.127272868985323,-0.314308885006476,-0.00824348765042522,0.0298752597808452,-0.085362425429247,0.188084608040984
73.0182997139948,-0.00175487508995901,-0.0978740203851813,0.125291720331724,-0.312850251601331,-0.0081043221317304,0.029706119162254,-0.0843310753759464,0.187239707417991
73.5246924596224,-0.00211495392856582,-0.097136077794414,0.123330427167962,-0.311384019750262,-0.00796674133533688,0.0295370584580738,-0.0833092025679932,0.186392741435924
74.0345971140979,-0.00246895450695084,-0.096400001721955,0.121388980395322,-0.309910472588335,-0.0078307386845253,0.0293680928198117,-0.0822967853417095,0.185543823478866
74.5480380330304,-0.00281691147413837,-0.0956658384912774,0.119467366825676,-0.308429891038825,-0.00769630743686644,0.0291992372280424,-0.0812938005712511,0.184693065781246
75.0650397409388,-0.00315885988126837,-0.094933633883409,0.11756556925489,-0.306942553764563,-0.00756344068797908,0.0290305064910804,-0.0803002237012829,0.183840579413065
75.585626932423,-0.00349483517419118,-0.0942034331348781,0.115683566536287,-0.305448737121256,-0.00743213137527425,0.0288619152437322,-0.0793160287795933,0.182986474265955
76.1098244733437,-0.00382487318610686,-0.0934752809357416,0.113821333654126,-0.303948715112746,-0.00730237228168413,0.0286934779461297,-0.0783411884896287,0.182130859040058
76.6376574020103,-0.00414901013024963,-0.0927492214276907,0.111978841797059,-0.302442759348194,-0.00717415603937423,0.0285252088826415,-0.0773756741829283,0.181273841231711
77.1691509303763,-0.00446728259261652,-0.0920252982022317,0.110156058431517,-0.300931139001133,-0.00704747513343719,0.0283571221608619,-0.0764194559114437,0.180415527121922
77.7043304452438,-0.00477972752474076,-0.091303554298938,0.108352947374986,-0.299414120770394,-0.00692232190556677,0.0281892317106743,-0.0754725024597241,0.179556021765628
78.2432215094763,-0.00508638223650851,-0.0905840322037718,0.10656946886914,-0.297891968842834,-0.00679868855771078,0.0280215512833897,-0.0745347813769521,0.178695428981721
78.7858498632195,-0.00538728438901896,-0.0898667738474696,0.104805579652787,-0.29636494485787,-0.0066765671557017,0.0278540944509565,-0.0736062590088143,0.177833851343821
79.3322414251308,-0.00568247198748667,-0.0891518206039918,0.103061233034592,-0.294833307873764,-0.00655594963286353,0.0276868746052416,-0.0726869005291904,0.176971390171786
79.8824222936175,-0.00597198337418527,-0.0884392132890311,0.101336378965553,-0.293297314335638,-0.00643682779359407,0.0275199049573803,-0.0717766699716476,0.176108145523953
80.436418748083,-0.00625585722143155,-0.0877289921585787,0.0996309641111835,-0.291757218045172,-0.00631919331692133,0.0273531985371939,-0.0708755302607254,0.175244216190078
80.9942572501823,-0.00653413252460859,-0.087021196907544,0.0979449319233768,-0.290213270131976,-0.00620303776003309,0.0271867681926727,-0.0699834432429988,0.174379699684977
81.555964445086,-0.00680684859522693,-0.086315866668427,0.0962782227119295,-0.288665719026577,-0.00608835256177879,0.0270206265895239,-0.0691003697179048,0.173514692242839
82.121567162753,-0.00707404505402171,-0.0856130400100393,0.0946307737156828,-0.287114810435003,-0.00597512904614281,0.0268547862107819,-0.0682262694683239,0.172649288812211
82.6910924192116,-0.00733576182408517,-0.0849127549362735,0.0930025191732642,-0.285560787314928,-0.00586335842568819,0.0266892593564796,-0.0673611012909009,0.171783583051628
83.2645674178507,-0.00759203912403196,-0.084215048884916,0.0913933903934014,-0.284003889853338,-0.00575303180497039,0.026524058143379,-0.0665048230260977,0.170917667325872
83.8420195507184,-0.00784291746119626,-0.0835199587265044,0.0898033158247846,-0.282444355445693,-0.00564414018391998,0.0263591945047608,-0.0656573915879648,0.17005163270286
84.423476399831,-0.00808843762485828,-0.0828275207632252,0.0882322211254546,-0.280882418676548,-0.00553667446119399,0.0261946801902686,-0.0648187629936249,0.16918556895113
85.0089657384898,-0.00832864067949876,-0.0821377707278508,0.0866800292316963,-0.279318311301596,-0.00543062543749514,0.0260305267658098,-0.0639888923924561,0.168319564537913
85.5985155326084,-0.00856356795807918,-0.0814507437827152,0.0851466604264168,-0.277752262231102,-0.00532598381885854,0.0258667456135086,-0.0631677340949686,0.167453706627785
86.1921539420481,-0.00879326105534571,-0.0807664745187249,0.08363203240699,-0.276184497514704,-0.00522274021990532,0.0257033479317109,-0.0623552416013658,0.166588081081872
86.7899093219629,-0.00901776182115492,-0.0800849969544056,0.0821360603525498,-0.27461524032753,-0.0051208851670628,0.0255403447350402,-0.0615513676297817,0.165722772457603
87.3918102241541,-0.00923711235381895,-0.0794063445349828,0.0806586569907166,-0.273044710957614,-0.00502040910175098,0.025377746854502,-0.0607560641441888,0.164857864008985
87.9978853984339,-0.00945135499346803,-0.0787305501314951,0.0791997326637411,-0.271473126794572,-0.00492130238353478,0.0252155649376349,-0.0599692823819691,0.163993437687401
88.6081637939989,-0.00966053231542813,-0.0780576460399395,0.0777591953940526,-0.269900702319505,-0.00482355529324208,0.0250538094487092,-0.0591909728811418,0.163129574142897
89.2226745608124,-0.00986468712361154,-0.0773876639804485,0.0763369509491973,-0.268327649096102,-0.00472715803604695,0.0248924906689687,-0.0584210855072433,0.162266352725959
89.8414470509972,-0.010063862443918,-0.0767206350964975,0.0749329029061569,-0.266754175762906,-0.00463210074451838,0.0247316186969166,-0.0576595694798531,0.161403851489759
90.4645108202374,-0.0102581015176442,-0.0760565899541434,0.0735469527150353,-0.265180488026719,-0.00453837348163391,0.024571203448643,-0.0569063733987619,0.160542147192853
91.0918956291901,-0.0104474477948992,-0.0753955585412923,0.0721789997621047,-0.26360678865711,-0.00444596624375841,0.0244112546581929,-0.056161445269777,0.159681315302324
91.7236314449071,-0.0106319449280241,-0.0747375702669991,0.070828941432201,-0.262033277481994,-0.00435486896358775,0.0242517818779738,-0.0554247325301614,0.158821429997347
92.3597484422661,-0.0108116367650125,-0.0740826539607955,0.0694966731704627,-0.26046015138426,-0.00426507151305742,0.0240927944792015,-0.0546961820737041,0.157962564173171
93.0002770054119,-0.010986567342931,-0.0734308378720502,0.068182088543404,-0.258887604299418,-0.00417656370621613,0.0239343016523821,-0.0539757402754163,0.157104789445497
93.645247729208,-0.0111567808813363,-0.0727821496693587,0.0668850792993179,-0.257315827214226,-0.00408933530206434,0.0237763124078306,-0.0532633530158541,0.156248176155241
94.2946914206979,-0.0113223217756872,-0.0721366164399655,0.0656055354280028,-0.255745008166281,-0.00400337600735791,0.0236188355762232,-0.0525589657050626,0.15539279337367
94.9486391005764,-0.0114832345907498,-0.0714942646892179,0.0643433452198085,-0.254175332244544,-0.00391867547937692,0.0234618798091839,-0.0518625233061412,0.154538708907896
95.6071220046713,-0.0116395640539932,-0.0708551203400533,0.0630983953239982,-0.252606981590766,-0.0038352233286597,0.0233054535799024,-0.0511739703584287,0.153685989306713
96.2701715854358,-0.0117913550489733,-0.07021920873252,0.0618705708064218,-0.251040135401796,-0.00375300912170239,0.0231495651837843,-0.0504932510003053,0.152834699866771
96.9378195134503,-0.0119386526087046,-0.0695865546233331,0.0606597552065008,-0.249474969932738,-0.00367202238362405,0.0229942227391313,-0.0498203089916136,0.151984904639064
97.6100976789355,-0.0120815019090154,-0.0689571821854674,0.0594658305935198,-0.247911658500944,-0.00359225260079762,0.0228394341878497,-0.0491550877356945,0.151136666435729
98.2870381932754,-0.012219948261887,-0.0683311150077876,0.0582886776222259,-0.2463503714908,-0.00351368922344685,0.0226852072961892,-0.0484975303010416,0.150290046837139
98.9686733905512,-0.0123540371087744,-0.0677083760947173,0.0571281755877336,-0.244791276359301,-0.00343632166820949,0.0225315496555073,-0.047847579442571,0.149445106199277
99.6550358290861,-0.0124838140139055,-0.0670889878659501,0.0559842024797363,-0.243234537642374,-0.00336013932066694,0.0223784686830609,-0.0472051776225083,0.148601903661384
100.346158292999,-0.0126093246575597,-0.0664729721562019,0.0548566350360244,-0.241680316961939,-0.00328513153784067,0.0222259716228245,-0.0465702670308943,0.147760497153867
101.042073793774,-0.0127306148293228,-0.0658603502150092,0.0537453487953089,-0.240128773033682,-0.00321128765065554,0.0220740655463313,-0.0459427896057079,0.146920943406448
101.742815571832,-0.0128477304213173,-0.0652511427065725,0.0526502181493559,-0.238580061675511,-0.00313859696637057,0.0219227573535404,-0.0453226870526095,0.14608329795656
102.448417098122,-0.0129607174214069,-0.0646453697096497,0.0515711163944291,-0.237034335816687,-0.00306704877097708,0.0217720537737263,-0.0447099008643055,0.145247615157963
103.15891207572,-0.0130696219063744,-0.0640430507174987,0.0505079157820449,-0.235491745507596,-0.00299663233156478,0.021621961366391,-0.044104372339535,0.144413948189576
103.874334441436,-0.0131744900350717,-0.0634442046378746,0.0494604875690414,-0.233952437930158,-0.00292733689865595,0.0214724865221983,-0.043506042601681,0.143582349064516
104.594718367439,-0.013275368041541,-0.0628488497930806,0.0484287020669649,-0.232416557408837,-0.00285915170850813,0.0213236354639296,-0.0429148526170085,0.142752868639332
105.320098262886,-0.0133723022281069,-0.0622570039200784,0.0474124286907751,-0.230884245422244,-0.00279206598538545,0.0211754142474595,-0.0423307432125303,0.141925556623419
106.050508775566,-0.0134653389584391,-0.0616686841706575,0.0464115360068739,-0.22935564061531,-0.00272606894379907,0.0210278287627527,-0.0417536550935043,0.141100461588617
106.785984793556,-0.0135545246505836,-0.061083907111668,0.0454258917804594,-0.227830878812016,-0.00266114979071696,0.0208808847348791,-0.0411835288605639,0.140277630978966
107.526561446888,-0.0136399057699649,-0.0605026887253188,0.0444553630222104,-0.22631009302866,-0.00259729772774328,0.0207345877250485,-0.0406203050264846,0.139457111120624
108.272274109224,-0.0137215288223562,-0.0599250444095433,0.0434998160343037,-0.224793413487642,-0.00253450195326776,0.0205889431316637,-0.0400639240325893,0.138638947231929
109.023158399549,-0.0137994403468201,-0.059350988978437,0.0425591164557682,-0.223280967631755,-0.00247275166458524,0.0204439561913912,-0.0395143262647955,0.137823183433605
109.779250183872,-0.0138736869086181,-0.0587805366627676,0.0416331293071811,-0.221772880138967,-0.00241203605998581,0.0202996319802499,-0.038971452069307,0.137009862759092
110.540585576935,-0.0139443150920901,-0.0582137011105619,0.0407217190347082,-0.220269272937676,-0.00235234434081569,0.0201559754147157,-0.038435241767954,0.136199027165
111.307200943943,-0.0140113714935051,-0.0576504953877716,0.0398247495534941,-0.218770265222424,-0.00229366571350925,0.020012991252844,-0.0379056356731846,0.135390717541684
112.079132902301,-0.0140749027138814,-0.0570909319790211,0.0389420842904055,-0.21727597347006,-0.00223598939159231,0.0198706840954074,-0.0373825741027104,0.134584973723914
112.856418323356,-0.0141349553517802,-0.0565350227884398,0.0380735862261325,-0.215786511456331,-0.00217930459765714,0.0197290583870495,-0.0368659973938106,0.133781834501653
113.639094334169,-0.0141915759960711,-0.0559827791405819,0.0372191179366523,-0.214301990272896,-0.00212360056530921,0.0195881184174542,-0.0363558459172981,0.132981337630922
114.427198319278,-0.0142448112186717,-0.0554342117814367,0.0363785416340576,-0.212822518344742,-0.00206886654108615,0.0194478683225299,-0.0358520600911505,0.132183519844749
115.220767922492,-0.0142947075672622,-0.0548893308795311,0.0355517192067579,-0.211348201448005,-0.00201509178634899,0.0193083120856086,-0.0353545803938106,0.131388416864197
116.019841048683,-0.0143413115579773,-0.0543481460271286,0.0347385122590533,-0.209879142728155,-0.00196226557914595,0.0191694535386592,-0.0348633473771589,0.130596063409464
116.824455865599,-0.0143846696680752,-0.0538106662415267,0.033938782150089,-0.208415442718576,-0.00191037721604897,0.0190312963635155,-0.0343783016791641,0.129806493211039
117.634650805689,-0.0144248283285875,-0.0532768999664544,0.0331523900321918,-0.206957199359479,-0.00185941601396329,0.0188938440931171,-0.0338993840362129,0.129019739020927
118.450464567934,-0.0144618339169505,-0.0527468550735746,0.0323791968885947,-0.205504508017193,-0.0018093713119101,0.0187571001127649,-0.033426535295125,0.128235832623918
119.271936119701,-0.0144957327496199,-0.0522205388640918,0.0316190635705525,-0.204057461503766,-0.00176023247278245,0.018621067661389,-0.0329596964248562,0.127454804848903
120.099104698599,-0.0145265710746722,-0.0516979580704689,0.0308718508338524,-0.20261615009692,-0.0017119888850748,0.018485749832831,-0.0324988085278936,0.126676685580229
120.932009814357,-0.0145543950643944,-0.0511791188582547,0.0301374193747241,-0.201180661560307,-0.00166462996458602,0.0183511495771373,-0.0320438128513479,0.125901503769094
121.77069125071,-0.0145792508078635,-0.0506640268280254,0.029415629865153,-0.199751081164082,-0.00161814515609626,0.0182172697018669,-0.0315946507977454,0.125129287444962
122.615189067297,-0.0146011843035208,-0.0501526870174412,0.0287063429875993,-0.198327491705778,-0.00157252393501762,0.0180841128734102,-0.031151263935525,0.124360063727009
123.46554360158,-0.0146202414517413,-0.0496451039034209,0.0280094194691282,-0.196909973531465,-0.00152775580901885,0.017951681618321,-0.030713594009243,0.123593858835583
124.321795470765,-0.0146364680474022,-0.0491412814044362,0.027324720114953,-0.195498604557199,-0.0014838303196241,0.0178199783246597,-0.0302815829494912,0.122830698103683
125.183985573745,-0.0146499097724537,-0.048641222882928,0.0266521058413957,-0.194093460290737,-0.00144073704378585,0.0176890052433485,-0.0298551728825311,0.122070605988442
126.052155093052,-0.0146606121884943,-0.0481449311478463,0.0259914377082676,-0.192694613853528,-0.00139846559543203,0.0175587644895388,-0.0294343061396489,0.121313606082616
126.926345496825,-0.0146686207293551,-0.0476524084573149,0.0253425769506734,-0.191302136002947,-0.00135700562698747,0.017429258043989,-0.0290189252662353,0.120559721126078
127.806598540793,-0.0146739806936945,-0.047163656521424,0.0247053850102417,-0.189916095154792,-0.00131634683086964,0.0173004877544542,-0.028608973030594,0.119808973017301
128.692956270265,-0.014676737237609,-0.0466786765051501,0.0240797235657848,-0.188536557406012,-0.00127647894095874,0.0171724553370865,-0.0282043924324825,0.119061382824837
129.585461022141,-0.0146769353672619,-0.0461974690314065,0.0234654545633903,-0.187163586557678,-0.00123739173404222,0.0170451623778462,-0.0278051267113908,0.118316970798787
130.484155426934,-0.0146746199315337,-0.0457200341842242,0.0228624402459479,-0.185797244138167,-0.00119907503123361,0.0169186103339239,-0.0274111193545594,0.117575756382248
131.389082410804,-0.0146698356146994,-0.0452463715120646,0.0222705431821129,-0.184437589426582,-0.00116151869936583,0.0167928005351721,-0.0270223141047435,0.116837758222748
132.300285197614,-0.014662626929134,-0.044776480031266,0.0216896262947097,-0.183084679476365,-0.00112471265235879,0.0166677341855484,-0.0266386549677247,0.116102994183655
133.217807310988,-0.0146530382080521,-0.0443103582296223,0.0211195528885776,-0.181738569139129,-0.00108864685256136,0.0165434123645672,-0.0262600862195761,0.115371481355559
134.141692576393,-0.0146411135982846,-0.0438480040700974,0.0205601866778598,-0.180399311088676,-0.0010533113120677,0.0164198360287618,-0.0258865524136838,0.114643236067628
135.071985123233,-0.0146268970530965,-0.0433894149946732,0.0200113918127401,-0.179066955845212,-0.00101869609400783,0.0162970060131567,-0.0255179983875281,0.113918273898929
136.008729386957,-0.01461043232505,-0.0429345879283332,0.0194730329056268,-0.177741551799736,-0.00098479131381244,0.016174923032748,-0.0251543692692301,0.113196609689715
136.951970111177,-0.0145917629589166,-0.0424835192831807,0.0189449750567878,-0.176423145238618,-0.000951587140451886,0.0160535876839938,-0.0247956104838653,0.112478257552674
137.901752349813,-0.0145709322846427,-0.0420362049626928,0.0184270838794373,-0.175111780368326,-0.000919073797649286,0.0159330004463128,-0.0244416677595498,0.111763230884132
138.858121469236,-0.0145479834103722,-0.0415926403661084,0.0179192255242767,-0.173807499340334,-0.00088724156506767,0.0158131616835925,-0.0240924871333011,0.111051542375223
139.821123150444,-0.0145229592155317,-0.0411528203929515,0.0174212667034911,-0.172510342276173,-0.000856080779471087,0.0156940716457045,-0.0237480149566793,0.110343204022999
140.790803391236,-0.0144959023439796,-0.0407167394476879,0.0169330747142034,-0.171220347292626,-0.000825581835859633,0.0155757304700288,-0.0234081979012107,0.109638227141505
141.767208508414,-0.0144668551972267,-0.0402843914445157,0.0164545174613867,-0.169937550527076,-0.000795735188578234,0.0154581381829857,-0.0230729829635973,0.108936622372793
142.750385139995,-0.0144358599277296,-0.0398557698122881,0.0159854634802379,-0.168661986162978,-0.000766531352399221,0.0153412947015752,-0.0227423174707177,0.108238399697884
143.740380247435,-0.0144029584322623,-0.0394308674995672,0.0155257819580128,-0.167393686455456,-0.000737960903578469,0.0152251998349239,-0.0224161490844212,0.107543568447681
144.737241117876,-0.0143681923453707,-0.0390096769798088,0.0150753427553253,-0.166132681757027,-0.000710014480885124,0.0151098532858383,-0.0220944258061186,0.106852137313815
145.741015366405,-0.0143316030329122,-0.0385921902566754,0.0146340164269103,-0.164879000543427,-0.000682682786604749,0.0149952546523656,-0.0217770959811746,0.106164114359438
146.751750938323,-0.0142932315856865,-0.038178398869477,0.0142016742418546,-0.163632669439555,-0.000655956587515852,0.0148814034293603,-0.0214641083031039,0.10547950702995
147.769496111443,-0.0142531188131601,-0.0377682938987371,0.0137781882032946,-0.162393713245497,-0.000629826715839657,0.0147682990100567,-0.0211554118175751,0.104798322163668
148.794299498388,-0.0142113052372889,-0.0373618659718831,0.0133634310675835,-0.16116215496266,-0.000604284070163056,0.0146559406876479,-0.0208509559262253,0.104120566002423
149.826210048919,-0.014167831086444,-0.0369591052690583,0.0129572763629295,-0.159938015819974,-0.00057931961633465,0.0145443276568693,-0.0205506903902894,0.10344624420209
150.865277052271,-0.0141227362894421,-0.0365600015290533,0.012559598407506,-0.158721315300179,-0.000554924388333778,0.0144334590155875,-0.0202545653340467,0.102775361843058
151.911550139505,-0.0140760604696864,-0.0361645440553548,0.0121702723270361,-0.157512071166175,-0.000531089489112466,0.0143233337663938,-0.0199625312480883,0.102107923440621
152.965079285884,-0.014027842939421,-0.03577272172231,0.0117891740718514,-0.156310299487439,-0.000507806091410203,0.014213950818202,-0.0196745389924093,0.101443932955297
154.025914813254,-0.0139781226941018,-0.0353845229814024,0.0114161804334291,-0.155116014666491,-0.000485065438541495,0.0141053089878501,-0.019390539799327,0.100783393803078
155.094107392451,-0.0139269384068889,-0.0349999358676375,0.0110511690604068,-0.153929229465407,-0.000462858845156077,0.0139974070017052,-0.019110485276231,0.100126308865604
156.169708045722,-0.0138743284232623,-0.0346189480060354,0.0106940184740777,-0.152749955032375,-0.000441177697971789,0.0138902434972721,-0.0188343274081657,0.0994726805002596
157.25276814916,-0.0138203307557651,-0.0342415466182266,0.0103446080833684,-0.151578200928279,-0.000420013456479993,0.0137838170248039,-0.01856201856025,0.0988225105501912
158.34333943516,-0.0137649830788774,-0.0338677185291484,0.0100028181993002,-0.150413975153307,-0.000399357653623533,0.0136781260489153,-0.0182935114799367,0.0981758003542507
159.441473994887,-0.0137083227240243,-0.033497450173839,0.00966853004893706,-0.149257284173572,-0.000379201896447156,0.0135731689501976,-0.0180287592991145,0.0975325507568542
160.547224280766,-0.0136503866747201,-0.0331307276043245,0.0093416257888207,-0.148108132947752,-0.000359537866720403,0.013468944026835,-0.0177677155360555,0.0968927621177623
161.66064310899,-0.0135912115618523,-0.0327675364965972,0.00902198851789686,-0.146966524953718,-0.000340357321532905,0.0133654494962222,-0.0175103340972117,0.0962564343217773
162.781783662036,-0.0135308336591082,-0.0324078621576799,0.00870950228993338,-0.145832462215163,-0.000321652093862095,0.0132626834965823,-0.0172565692788631,0.0956235667883571
163.910699491214,-0.0134692888785464,-0.0320516895327733,0.00840405212543348,-0.144705945328211,-0.000303414093113334,0.0131606440885841,-0.0170063757686199,0.0949941584811448
165.047444519217,-0.0134066127663158,-0.031699003212483,0.00810552402304631,-0.143586973488013,-0.000285635305632441,0.0130593292569607,-0.0167597086467822,0.0943682079174136
166.192073042701,-0.0133428404985245,-0.0313497874401209,0.00781380497047753,-0.142475544515299,-0.00026830779519065,0.0129587369121252,-0.01651652338756,0.0937457131774245
167.344639734876,-0.0132780068772614,-0.0310040261190786,0.00752878295490273,-0.141371654882903,-0.000251423703442042,0.0128588648917863,-0.016276775860156,0.0931266719136981
168.505199648122,-0.0132121463267709,-0.030661702820268,0.00725034697288645,-0.140275299742237,-0.000234975250353466,0.012759710962562,-0.016040422329714,0.0925110813601972
169.673808216612,-0.0131452928897849,-0.0303228007896239,0.00697838703981001,-0.139186472949713,-0.000218954734607014,0.0126612728215905,-0.0158074194581366,0.0918989383414222
170.850521258965,-0.013077480224012,-0.0299873029556669,0.0067127941988111,-0.1381051670931,-0.000203354533975119,0.0125635480981387,-0.0155777243047725,0.0912902392814156
172.03539498091,-0.0130087415987869,-0.0296551919371193,0.00645346052923873,-0.137031373517821,-0.000188167105668346,0.0124665343552071,-0.0153512943269795,0.0906849802126771
173.228485977972,-0.0129391098918804,-0.0293264500505726,0.00620027915462698,-0.135965082353159,-0.000173384986655984,0.0123702290911314,-0.0151280873805627,0.0900831567849881
174.429851238172,-0.012868617586472,-0.0290010593181997,0.00595314425019083,-0.134906282538392,-0.000159000793959511,0.0122746297411794,-0.0149080617200927,0.0894847642741438
175.639548144754,-0.0127972967682861,-0.0286790014755091,0.00571195104984851,-0.133854961848824,-0.000145007224919087,0.0121797336791431,-0.0146911759991052,0.0888897975905938
176.857634478922,-0.012725179122893,-0.028360257979136,0.00547659585277362,-0.132811106921728,-0.000131397057433188,0.0120855382189262,-0.0144773892701853,0.0882982512879898
178.084168422602,-0.0126522959331752,-0.0280448100146655,0.00524697602948177,-0.131774703282165,-0.000118163150171516,0.011992040616125,-0.0142666609849385,0.0877101195716404
179.319208561219,-0.0125786780769598,-0.0277326385044841,0.00502299002745558,-0.130745735368707,-0.000105298442761378,0.0118992380696036,-0.0140589509938514,0.0871253963068716
180.562813886497,-0.0125043560248178,-0.0274237241156545,0.00480453737631252,-0.129724186559021,-9.27959559476528e-05,0.0118071277230624,-0.0138542195460445,0.0865440750272933
181.815043799277,-0.0124293598380309,-0.0271180472678094,0.00459151869252057,-0.128710039195331,-8.06487917266023e-05,0.011715706666599,-0.0136524272889195,0.0859661489429714
183.075958112354,-0.0123537191667247,-0.0268155881410595,0.00438383568366589,-0.127703274609741,-6.88501334536564e-05,0.0116249719382617,-0.0134535352677035,0.0853916109485046
184.345617053333,-0.0122774632481705,-0.0265163266839115,0.00418139115227792,-0.126703873149413,-5.73932459254415e-05,0.0115349205255947,-0.0132575049248931,0.0848204536310055
185.624081267505,-0.012200620905254,-0.0262202426211914,0.00398408899921665,-0.125711814201593,-4.62714754362434e-05,0.011445549367175,-0.0130642980995995,0.0842526692779868
186.911411820748,-0.0121232205451105,-0.0259273154619683,0.00379183422662753,-0.124727076218476,-3.54782498091675e-05,0.0113568553541393,-0.0128738770267995,0.0836882498851502
188.207670202438,-0.0120452901579285,-0.0256375245074755,0.00360453294046927,-0.123749636741911,-2.50070784022466e-05,0.0112688353317023,-0.0126862043364915,0.08312718716408
189.512918328392,-0.0119668573159176,-0.0253508488590221,0.00342209235262013,-0.122779472427925,-1.48515520897558e-05,0.0111814861006642,-0.0125012430527616,0.0825694725498396
190.827218543819,-0.0118879491724436,-0.0250672674258937,0.00324442078256843,-0.121816559071074,-5.00534321902675e-06,0.0110948044189078,-0.0123189565927613,0.0820150972084711
192.150633626303,-0.0118085924613273,-0.0247867589332346,0.00307142765869312,-0.120860871628604,4.53779445695095e-06,0.0110087870028853,-0.0121393087655983,0.0814640520443981
193.483226788801,-0.0117288134963077,-0.0245093019299102,0.00290302351914038,-0.119912384244421,1.37840258708269e-05,0.0109234305290925,-0.0119622637711437,0.0809163277077315
194.82506168266,-0.0116486381706678,-0.0242348747963428,0.00273912001230241,-0.118971070272865,2.27394347557858e-05,0.0108387316355318,-0.0117877861987578,0.0803719146014775
196.176202400658,-0.0115680919570209,-0.0239634557523188,0.00257962989690474,-0.118036902302269,3.1410023783674e-05,0.0107546869231635,-0.0116158410259365,0.079830802888649
197.536713480066,-0.0114871999072587,-0.0236950228647608,0.00242446704170833,-0.117109852178321,3.98017147260595e-05,0.0106712929573429,-0.0114463936168797,0.0792929824992785
198.906659905733,-0.0114059866526562,-0.0234295540554629,0.00227354642483319,-0.116189891027194,4.79203486378334e-05,0.0105885462692456,-0.0112794097209866,0.0787584431373347
200.286107113184,-0.0113244764041344,-0.0231670271087829,0.00212678413271008,-0.115276989278467,5.5771686063004e-05,0.0105064433572786,-0.0111148554712765,0.0782271742875408
201.675120991751,-0.0112426929526782,-0.0229074196792901,0.00198409735866711,-0.114371116687806,6.33614072623079e-05,0.010424980688478,-0.0109526973827403,0.0776991652220962
203.073767887718,-0.0111606596699069,-0.0226507092993613,0.00184540440115806,-0.11347224235942,7.06951124622467e-05,0.0103441546998916,-0.0107929023506232,0.0771744050072993
204.482114607491,-0.0110783995087965,-0.022396873386725,0.00171062466163964,-0.112580334768273,7.77783221251487e-05,0.0102639617999477,-0.0106354376486412,0.0766528825100751
205.900228420788,-0.0109959350045509,-0.0221458892519472,0.00157967864210446,-0.111695361782052,8.46164772398733e-05,0.0101843983698082,-0.0104802709271338,0.0761345864044039
207.32817706385,-0.01091328827562,-0.0218977341058567,0.00145248794227744,-0.110817290682888,9.12149396326985e-05,0.010105460764707,-0.0103273702111546,0.0756195051776537
208.766028742684,-0.0108304810248623,-0.0216523850669064,0.00132897525648233,-0.109946088188826,9.75789922980179e-05,0.0100271453152721,-0.010176703898502,0.0751076271368159
210.213852136311,-0.0107475345408502,-0.0214098191684654,0.00120906437018634,-0.109081720475029,0.000103713839748386,0.00994944832883184,-0.0100282407576921,0.0745989404146438
211.671716400053,-0.0106644696993138,-0.0211700133660416,0.00109268015622992,-0.108224153194727,0.000109624608383468,0.00987236609070506,-0.00988194992587567,0.0740934329756949
213.139691168835,-0.0105813069647229,-0.0209329445444291,0.000979748570749426,-0.107373351499896,0.000115316346877473,0.00979589486547435,-0.00973780090670189,0.0735910926222777
214.617846560511,-0.0104980663920024,-0.0206985895247777,0.000870196648800284,-0.10652928006167,0.000120794026584602,0.00972003089824251,-0.00959576356812964,0.0730919070003012
216.10625317921,-0.0104147676283802,-0.0204669250715826,0.000763952499688223,-0.105691903090475,0.000126062541962041,0.00964477041587179,-0.00945580814018943,0.0725958636050302
217.604982118714,-0.0103314299153626,-0.0202379278995907,0.000660945302016363,-0.104861184355884,0.00013112671101006,0.00957010962820572,-0.00931790521269731,0.0721029497867442
219.114104965849,-0.0102480720908366,-0.0200115746806202,0.000561105298455978,-0.104037087206203,0.00013599127572873,0.00949604472927323,-0.00918202573292283,0.0716131527563027
220.633693803907,-0.0101647125912941,-0.0197878420502916,0.000464363790248688,-0.103219574587754,0.000140660902590776,0.00942257189847485,-0.00904814100321314,0.0711264595906147
222.163821216089,-0.0100813694541766,-0.0195667066146675,0.000370653131447799,-0.102408609063891,0.00014514018303012,0.00934968730175086,-0.00891622267857468,0.0706428572380148
223.704560288971,-0.00999806032033556,-0.0193481449567983,0.000279906722906915,-0.101604152833711,0.000149433633945597,0.00927738709273095,-0.00878624276421476,0.0701623325235459
225.255984615994,-0.00991480243660712,-0.0191321336431717,0.00019205900602352,-0.100806167750482,0.00015354569821937,0.00920566741386554,-0.00865817361304455,0.0696848721541478
226.818168300982,-0.00983161265849649,-0.018918649230064,0.00010704545624543,-0.100014615339776,0.000157480745249567,0.00913452439753825,-0.00853198792314552,0.0692104627237541
228.391185961678,-0.00974850745296953,-0.0187076682697906,2.48025763482027e-05,-0.0992294568172988,0.000161243071496633,0.00906395416715969,-0.00840765873520085,0.0687390907182964
229.975112733314,-0.00966550290134788,-0.0184991673168544,-5.47321105089024e-05,-0.0984506531064331,0.000164836901042919,0.00899395283824204,-0.00828515942989377,0.0682707425206167
231.570024272191,-0.00958261470230462,-0.0182931229339898,-0.000131620067940232,-0.0976781648554717,0.000168266386165007,0.00892451651945468,-0.00816446372527451,0.0678054044152894
233.175996759301,-0.00949985817495671,-0.0180895116981002,-0.000205921753696554,-0.0969119524545553,0.000171535607918274,0.00885564131366048,-0.00804554567409746,0.0673430625933516
234.793106903962,-0.00941724826205125,-0.0178883102060888,-0.000277696627225548,-0.0961519760523058,0.000174648576733222,0.00878732331893274,-0.00792837966113036,0.0668837031569451
236.421431947482,-0.00933479953324181,-0.0176894950805789,-0.000347003157422096,-0.0953981955721565,0.000177609233023047,0.00871955862955273,-0.00781294040043712,0.0664273121238674
238.061049666849,-0.00925252618845165,-0.0174930429755248,-0.000413898830560538,-0.0946505707283782,0.000180421447801992,0.00865234333698762,-0.0076992029326358,0.0659738754320356
239.712038378445,-0.00917044206132026,-0.0172989305817103,-0.000478440158401221,-0.0939090610418006,0.000183089023313963,0.00858567353084896,-0.0075871426221335,0.0655233789438609
241.374476941791,-0.00908856062272986,-0.0171071346321345,-0.000540682686463531,-0.0931736258552274,0.000185615693670933,0.00851954529983136,-0.00747673515433959,0.0650758084505371
243.048444763306,-0.00900689498440845,-0.016917631907283,-0.000600681002457849,-0.0924442243485466,0.000188005125500648,0.00845395473263168,-0.00736795653285897,0.0646311496762414
244.734021800108,-0.00892545790260581,-0.0167303992402849,-0.000658488744868657,-0.0917208155535354,0.000190260918603142,0.00838889791884835,-0.00726078307666674,0.0641893882822502
246.431288563827,-0.00884426178183923,-0.0165454135219536,-0.000714158611681464,-0.0910033583683576,0.000192386606615587,0.00832437094986107,-0.00715519141726577,0.0637505098709693
248.140326124455,-0.00876331867870548,-0.0163626517057113,-0.000767742369245872,-0.0902918115717586,0.000194385657684998,0.00826036991969085,-0.00705115849582881,0.0633144999898795
249.861216114214,-0.00868264030575544,-0.0161820908123959,-0.000819290861267507,-0.0895861338369525,0.000196261475148315,0.00819689092584027,-0.00694866156032631,0.0628813441353993
251.594040731461,-0.0086022380354283,-0.0160037079349515,-0.000868854017921396,-0.0888862837452077,0.000198017398219396,0.00813393007011413,-0.00684767816264156,0.0624510277566643
253.338882744608,-0.00852212290404172,-0.0158274802429995,-0.000916480865079639,-0.0881922197991268,0.00019965670268246,0.00807148345942042,-0.00674818615567444,0.0620235362592246
255.09582549608,-0.00844230561583465,-0.0156533849872927,-0.000962219533646096,-0.087503900435626,0.000201182601591503,0.00800954720655182,-0.0066501636904351,0.0615988550086609
256.864952906292,-0.00836279654705958,-0.0154813995040504,-0.00100611726899112,-0.0868212840386121,0.000202598245975253,0.00794811743094759,-0.00655358921312897,0.0611769693341207
258.646349477661,-0.0082836057501208,-0.0153115012191752,-0.00104822044047933,-0.08614432895136,0.000203906725547201,0.00788719025943607,-0.0064584414622343,0.0607578645317748
260.440100298641,-0.0082047429577555,-0.0151436676523509,-0.00108857455108348,-0.0854729934885914,0.000205111069420261,0.00782676182695777,-0.00636469946557358,0.0603415258681945
262.246291047787,-0.00812621758725442,-0.0149778764210229,-0.00112722424707779,-0.0848072359482571,0.000206214246825639,0.00776682827726932,-0.00627234253738002,0.0599279385836523
264.065007997846,-0.0080480387447189,-0.0148141052442596,-0.00116421332780395,-0.084147014623024,0.000207219167835458,0.0077073857636281,-0.00618135027536021,0.0595170878953443
265.896338019882,-0.00797021522935117,-0.0146523319464966,-0.00119958475550327,-0.0834922878114686,0.000208128684088735,0.00764843044945797,-0.00609170255775439,0.0591089590005378
267.740368587419,-0.00789275553777477,-0.0144925344611626,-0.0012333806652086,-0.0828430138289799,0.000208945589520272,0.00758995850899603,-0.00600337954039519,0.0587035370796429
269.597187780627,-0.00781566786838206,-0.0143346908341894,-0.00126564237468959,-0.0821991510183726,0.000209672621092068,0.00753196612792057,-0.0059163616537661,0.0583008072992106
271.466884290521,-0.00773896012570572,-0.0141787792274044,-0.00129641039444516,-0.0815606577602145,0.000210312459526848,0.00747444950396042,-0.00583062960006076,0.0579007548148571
273.349547423206,-0.00766263992481146,-0.0140247779218078,-0.00132572443773707,-0.0809274924828687,0.00021086773004329,0.00741740484748583,-0.00574616435024411,0.0575033647741162
275.245267104134,-0.00758671459570881,-0.0138726653207346,-0.00135362343065859,-0.0802996136722546,0.000211341003092609,0.00736082838208097,-0.00566294714111643,0.0571086223192199
277.154133882404,-0.00751119118777729,-0.0137224199529018,-0.00138014552223255,-0.0796769798813296,0.000211734795096064,0.0073047163450983,-0.00558095947238118,0.0567165125898087
279.07623893509,-0.00743607647420511,-0.0135740204753431,-0.0014053280945329,-0.0790595497392948,0.000212051569183064,0.00724906498819498,-0.00550018310371792,0.0563270207255729
281.011674071587,-0.00736137695643764,-0.0134274456762294,-0.00142920777282425,-0.0784472819605268,0.000212293735929476,0.00719387057785145,-0.00542060005186082,0.0559401318688246
282.960531738006,-0.00728709886863293,-0.0132826744775796,-0.00145182043571416,-0.0778401353532391,0.000212463654095808,0.00713912939587242,-0.00534219258768404,0.0555558311670026
284.922905021585,-0.00721324818212177,-0.0131396859378588,-0.00147320122531243,-0.0772380688278762,0.000212563631364897,0.00708483773987043,-0.00526494323329467,0.0551741037751105
286.898887655133,-0.00713983060986956,-0.0129984592544688,-0.00149338455739265,-0.0766410414052436,0.000212595925078784,0.00703099192373223,-0.0051888347591342,0.0547949348580889
288.888574021513,-0.00706685161093764,-0.0128589737661291,-0.00151240413155071,-0.0760490122243756,0.000212562742974433,0.00697758827806813,-0.00511385018108924,0.0544183095931241
290.892059158146,-0.0069943163949415,-0.0127212089551513,-0.00153029294135537,-0.0754619405501467,0.000212466243917991,0.00692462315064463,-0.0050399727576125,0.0540442131718915
292.909438761552,-0.00692222992650361,-0.0125851444496073,-0.00154708328448623,-0.0748797857806283,0.000212308538637254,0.00687209290680039,-0.00496718598685455,0.0536726308027373
294.940809191919,-0.00685059692969849,-0.0124507600253935,-0.00156280677285441,-0.0743025074541933,0.00021209169045207,0.00681999392984596,-0.00489547360380729,0.0533035477127984
296.986267477709,-0.0067794218924877,-0.0123180356081917,-0.00157749434270141,-0.0737300652563746,0.000211817716002354,0.00676832262144733,-0.00482481957745985,0.0529369491500612
299.045911320291,-0.00670870907114274,-0.0121869512753273,-0.00159117626467172,-0.0731624190264794,0.000211488585973452,0.00671707540199371,-0.00475520810796756,0.052572820385361
301.119839098607,-0.00663846249465358,-0.012057487257529,-0.00160388215385519,-0.0725995287639623,0.00021110622581857,0.00666624871094952,-0.00468662362383467,0.0522111467143221
303.208149873869,-0.00656868596912086,-0.0119296239405878,-0.00161564097979482,-0.0720413546345636,0.000210672516478012,0.00661583900719118,-0.0046190507791115,0.051851913459241
305.310943394298,-0.0064993830821297,-0.01180334186692,-0.00162648107645615,-0.0714878569762128,0.000210189295094959,0.00656584276932858,-0.00455247445060666,0.0514951059709116
307.428320099879,-0.00643055720710325,-0.0116786217370335,-0.00163643015215434,-0.0709389963047043,0.000209658355727541,0.00651625649601179,-0.00448687973511488,0.0511407096303955
309.560381127168,-0.00636221150763414,-0.0115554444109011,-0.0016455152994354,-0.0703947333191477,0.000209081450056983,0.00646707670622304,-0.00442225194666112,0.050788709850737
311.707228314113,-0.00629434894179191,-0.0114337909092396,-0.00165376300490788,-0.0698550289071958,0.000208460288091566,0.00641829993955438,-0.00435857661376133,0.0504390920786242
313.868964204927,-0.00622697226640497,-0.0113136424146996,-0.00166119915902168,-0.069319844150056,0.000207796538866212,0.00636992275647113,-0.00429583947670061,0.0500918417959971
316.045692054981,-0.00616008404131505,-0.0111949802729649,-0.00166784906579064,-0.0687891403272878,0.00020709183113745,0.00632194173856156,-0.00423402648482918,0.0497469445216041
318.237515835737,-0.00609368663360292,-0.011077785993765,-0.0016737374524559,-0.0682628789213895,0.000206347754073594,0.00627435348877286,-0.0041731237938765,0.049404385812507
320.444540239715,-0.00602778222178361,-0.0109620412518011,-0.00167888847908679,-0.0677410216221809,0.000205565857939903,0.00622715463163379,-0.00411311776328427,0.049064151265536
322.666870685493,-0.00596237279996976,-0.0108477278875881,-0.00168332574811654,-0.0672235303309821,0.000204747654778575,0.00618034181346429,-0.00405399495355846,0.048726226518696
324.904613322743,-0.0058974601820017,-0.010734827908215,-0.00168707231380998,-0.066710367164596,0.000203894619083355,0.0061339117025722,-0.00399574212364108,0.0483905972525242
327.1578750373,-0.00583304600554291,-0.010623323488023,-0.00169015069166063,-0.0662014944590954,0.000203008188468631,0.00608786098943748,-0.00393834622830173,0.0480572491914008
329.426763456268,-0.00576913173613954,-0.010513196969206,-0.00169258286771451,-0.0656968747734214,0.000202089764332821,0.00604218638688402,-0.00388179441554964,0.0477261681048131
331.711386953162,-0.00570571867124293,-0.0104044308623332,-0.00169439030781859,-0.0651964708927943,0.00020114071251593,0.00599688463023962,-0.0038260740240663,0.0473973398085747
334.011854653082,-0.00564280794419383,-0.0102970078467962,-0.00169559396679121,-0.0647002458319438,0.000200162363951099,0.00595195247748397,-0.00377117258065914,0.0470707501659995
336.328276437929,-0.00558040052816725,-0.0101909107711834,-0.00169621429751273,-0.0642081628381596,0.00019915601531005,0.00590738670938532,-0.00371707779773654,0.0467463850890327
338.660762951648,-0.005518497240077,-0.0100861226535808,-0.00169627125993402,-0.0637201853941693,0.000198122929642252,0.0058631841296258,-0.00366377757080437,0.0464242305393394
341.009425605519,-0.00545709874443887,-0.00998262668180428,-0.00169578433000108,-0.0632362772208441,0.000197064337007731,0.0058193415649158,-0.00361125997598452,0.0461042725293501
343.374376583475,-0.00539620555719163,-0.00988040621356263,-0.00169477250849396,-0.0627564022797402,0.000195981435103384,0.00577585586509764,-0.00355951326755546,0.0457864971232673
345.75572884746,-0.00533581804947478,-0.00977944477655416,-0.00169325432977818,-0.0622805247754759,0.000194875389882696,0.00573272390323879,-0.00350852587551513,0.04547089043803
348.153596142828,-0.00527593645136262,-0.0096797260684985,-0.0016912478704672,-0.0618086091579511,0.00019374733616877,0.00568994257571489,-0.00345828640316653,0.0451574386442411
350.568093003772,-0.00521656085555347,-0.00958123395710539,-0.0016887707579943,-0.0613406201244116,0.000192598378260567,0.00564750880228282,-0.00340878362472591,0.0448461279670546
352.999334758797,-0.00515769122101371,-0.00948395247998197,-0.00168584017909267,-0.0608765226213626,0.000191429590532282,0.00560541952614414,-0.00336000648295402,0.0445369446870271
355.44743753623,-0.00509932737657575,-0.00938786584448058,-0.00168247288818231,-0.0604162818463349,0.00019024201802577,0.00556367171399905,-0.00331194408681039,0.0442298751409311
357.912518269762,-0.00504146902448953,-0.00929295842748868,-0.00167868521566253,-0.0599598632495078,0.000189036677035959,0.00552226235609123,-0.00326458570913086,0.0439249057225341
360.39469470404,-0.00498411574392689,-0.00919921477516253,-0.00167449307610917,-0.0595072325351921,0.000187814555689177,0.00548118846624371,-0.00321792078432855,0.0436220228833413
362.894085400285,-0.00492726699443833,-0.00910661960260655,-0.00166991197637529,-0.0590583556631777,0.000186576614514347,0.00544044708188613,-0.00317193890611821,0.0433212131333057
365.410809741959,-0.00487092211936182,-0.00901515779349977,-0.00166495702359465,-0.0586131988499481,0.00018532378700698,0.00540003526407353,-0.00312662982526428,0.0430224630415032
367.944987940466,-0.00481508034918319,-0.00892481439967133,-0.00165964293308706,-0.0581717285697665,0.000184056980185947,0.00535995009749695,-0.00308198344735252,0.0427257592367765
370.496741040893,-0.00475974080484772,-0.00883557464062645,-0.00165398403616491,-0.0577339115556375,0.00018277707514296,0.00532018869048616,-0.00303798983058545,0.0424310884083467
373.066190927794,-0.0047049025010227,-0.00874742390302466,-0.00164799428784029,-0.0572997148001459,0.00018148492758475,0.00528074817500458,-0.00299463918360156,0.042138437306394
375.653460331008,-0.00465056434931075,-0.00866034774011183,-0.0016416872744321,-0.0568691055561787,0.000180181368367906,0.00524162570663684,-0.00295192186331839,0.041847792742608
378.258672831527,-0.00459672516141346,-0.00857433187110774,-0.00163507622107271,-0.0564420513375319,0.000178867204026353,0.00520281846456904,-0.00290982837279944,0.0415591415907087
380.881952867393,-0.00454338365224549,-0.00848936218055053,-0.00162817399911377,-0.0560185199194058,0.000177543217291451,0.00516432365156202,-0.00286834935914503,0.0412724707869388
383.523425739646,-0.00449053844299867,-0.00840542471759985,-0.00162099313343087,-0.0555984793387936,0.000176210167604694,0.00512613849391785,-0.00282747561140706,0.0409877673305278
386.183217618305,-0.00443818806415634,-0.00832250569530016,-0.00161354580962679,-0.0551818978947641,0.000174868791623024,0.00508826024143982,-0.00278719805852759,0.0407050182841291
388.861455548399,-0.00438633095845744,-0.00824059148980554,-0.00160584388113318,-0.0547687441486443,0.000173519803716726,0.00505068616738596,-0.0027475077673014,0.0404242107742297
391.558267456034,-0.00433496548381086,-0.00815966863956787,-0.00159789887621058,-0.0543589869241035,0.000172163896459936,0.00501341356841658,-0.00270839594036236,0.0401453319915353
394.273782154498,-0.00428408991615953,-0.00807972384448952,-0.00158972200484674,-0.0539525953071428,0.000170801741113741,0.00497643976453588,-0.00266985391419358,0.039868369191329
397.008129350424,-0.00423370245229469,-0.00800074396504213,-0.00158132416555322,-0.0535495386459924,0.000169433988101907,0.00493976209902774,-0.00263187315716143,0.0395933096938061
399.761439649975,-0.00418380121262013,-0.00792271602135295,-0.00157271595206049,-0.0531497865509212,0.000168061267479225,0.00490337793838623,-0.00259444526757316,0.0393201408843844
402.533844565089,-0.00413438424386676,-0.0078456271922601,-0.00156390765991148,-0.0527533088939599,0.000166684189392511,0.00486728467224062,-0.00255756197175823,0.0390488502139921
405.325476519761,-0.00408544952175742,-0.00776946481433812,-0.00155490929295399,-0.052360075808542,0.000165303344534274,0.00483147971327547,-0.00252121512217321,0.0387794251993322
408.136468856361,-0.00403699495362223,-0.00769421638089525,-0.00154573056973212,-0.0519700576890648,0.000163919304589085,0.00479596049714574,-0.00248539669553014,0.0385118534231256
410.966955842014,-0.00398901838096462,-0.00761986954094357,-0.00153638092977695,-0.051583225190374,0.000162532622672658,0.00476072448238719,-0.00245009879094834,0.0382461225343323
413.817072675003,-0.00394151758197829,-0.00754641209814361,-0.00152686953979708,-0.0511995492271736,0.00016114383376371,0.00472576915032236,-0.00241531362812941,0.0379822202483521
416.686955491232,-0.00389449027401528,-0.00747383200972438,-0.0015172052997692,-0.0508190009733649,0.000159753455128597,0.00469109200496212,-0.00238103354555557,0.0377201343472053
419.576741370729,-0.00384793411600549,-0.00740211738538041,-0.00150739684892918,-0.0504415518613173,0.000158361986738788,0.00465669057290315,-0.00234725099871092,0.0374598526796931
422.486568344193,-0.00380184671082791,-0.00733125648614665,-0.00149745257166444,-0.0500671735810725,0.000156969911681222,0.00462256240322139,-0.00231395855832577,0.0372013631615396
425.416575399583,-0.00375622560763383,-0.00726123772325283,-0.00148738060330772,-0.0496958380794856,0.000155577696561575,0.00458870506736176,-0.00228114890864373,0.0369446537755155
428.366902488763,-0.00371106830412243,-0.00719204965695814,-0.00147718883583322,-0.0493275175593056,0.000154185791900503,0.00455511615902421,-0.00224881484571151,0.036689712571543
431.337690534184,-0.00366637224876906,-0.00712368099536751,-0.00146688492345555,-0.0489621844781975,0.000152794632522895,0.00452179329404633,-0.00221694927569129,0.0364365276667838
434.329081435613,-0.00362213484300663,-0.00705612059323068,-0.0014564762881321,-0.0485998115477083,0.000151404637940201,0.00448873411028268,-0.00218554521319544,0.0361850872457107
437.341218076915,-0.00357835344336036,-0.00698935745072499,-0.00144597012496972,-0.04824037173218,0.000150016212725886,0.00445593626748094,-0.0021545957796436,0.0359353795601619
440.374244332875,-0.00353502536353652,-0.00692338071222308,-0.00143537340753623,-0.0478838382476113,0.00014862974688406,0.00442339744715514,-0.0021240942016417,0.0356873929293802
443.428305076071,-0.00349214787646537,-0.00685817966504657,-0.00142469289307763,-0.0475301845604698,0.000147245616211356,0.00439111535245603,-0.00209403380938309,0.0354411157400366
446.503546183793,-0.00344971821629887,-0.0067937437382066,-0.00141393512764185,-0.0471793843864584,0.000145864182652101,0.00435908770803875,-0.00206440803507129,0.0351965364462388
449.600114545014,-0.00340773358036351,-0.00673006250113234,-0.00140310645110964,-0.0468314116892371,0.000144485794646862,0.00432731225992802,-0.00203521041136447,0.0349536435695255
452.718158067401,-0.00336619113106884,-0.00666712566238844,-0.00139221300213371,-0.0464862406791015,0.000143110787474408,0.00429578677538088,-0.00200643456984127,0.0347124256988471
455.857825684385,-0.0033250879977721,-0.00660492306838226,-0.00138126072298682,-0.0461438458116226,0.000141739483587176,0.00426450904274721,-0.00197807423948793,0.0344728714905322
459.01926736227,-0.00328442127859936,-0.0065434447020619,-0.00137025536431969,-0.0458042017862466,0.000140372192940294,0.00423347687132812,-0.00195012324520642,0.0342349696682416
462.202634107401,-0.00324418804222391,-0.00648268068160587,-0.00135920248982978,-0.0454672835448598,0.000139009213314237,0.00420268809123234,-0.00192257550634356,0.0339987090229097
465.408077973374,-0.00320438532960214,-0.0064226212591053,-0.00134810748084172,-0.0451330662703182,0.000137650830631179,0.00417214055323076,-0.00189542503524072,0.0337640784126734
468.635752068297,-0.00316501015566754,-0.00636325681923942,-0.00133697554080042,-0.0448015253849447,0.00013629731926512,0.00414183212860921,-0.00186866593580417,0.0335310667627892
471.885810562108,-0.00312605951098344,-0.00630457787794535,-0.00132581169967784,-0.0444726365489964,0.000134948942345856,0.00411176070901962,-0.00184229240209562,0.0332996630655394
475.158408693936,-0.00308753036335484,-0.0062465750810827,-0.00131462081829426,-0.0441463756591011,0.000133605952056867,0.00408192420632971,-0.00181629871694295,0.0330698563801272
478.453702779515,-0.00304941965939994,-0.00618923920309406,-0.00130340759255526,-0.0438227188466688,0.000132268589927189,0.00405232055247127,-0.00179067925057084,0.0328416358325604
481.771850218653,-0.00301172432608207,-0.00613256114566181,-0.00129217655760525,-0.0435016424762762,0.000130937087117364,0.00402294769928712,-0.00176542845925119,0.0326149906155265
485.113009502749,-0.00297444127220227,-0.00607653193636224,-0.00128093209189856,-0.0431831231440269,0.000129611664699516,0.00399380361837697,-0.00174054088397296,0.0323899099882562
488.477340222363,-0.00293756738985333,-0.00602114272731753,-0.00126967842118932,-0.042867137675891,0.000128292533931658,0.00396488630094217,-0.00171601114913146,0.0321663832763788
491.865003074839,-0.00290109955583575,-0.00596638479384625,-0.00125841962244085,-0.0425536631260219,0.000126979896526283,0.00393619375762948,-0.00169183396123663,0.0319443998717675
495.276159871982,-0.00286503463303616,-0.00591224953311316,-0.00124715962765592,-0.042242676775055,0.000125673944913333,0.00390772401837401,-0.00166800410764037,0.0317239492323766
498.710973547785,-0.00282936947176888,-0.0058587284627788,-0.00123590222762872,-0.0419341561283877,0.000124374862497612,0.00387947513224135,-0.00164451645528248,0.0315050208820698
502.169608166212,-0.00279410091108101,-0.00580581321964959,-0.00122465107561966,-0.0416280789144439,0.000123082823910727,0.00385144516726907,-0.00162136594945514,0.0312876044104408
505.652228929035,-0.00275922578002175,-0.00575349555832891,-0.00121340969095412,-0.041324423082922,0.000121797995257637,0.00382363221030753,-0.00159854761258573,0.0310716894726254
509.159002183727,-0.00272474089887658,-0.00570176734986984,-0.0012021814625461,-0.0410231668030299,0.000120520534357877,0.00379603436686026,-0.00157605654303765,0.0308572657891069
512.690095431402,-0.00269064308036667,-0.00565062058043007,-0.001190969652348,-0.0407242884617075,0.000119250590981553,0.00376864976092393,-0.00155388791392911,0.0306443231455135
516.245677334823,-0.00265692913081425,-0.00560004734992944,-0.00117977739872744,-0.0404277666618374,0.000117988307080172,0.00374147653482791,-0.00153203697196952,0.0304328513924097
519.825917726449,-0.00262359585127456,-0.00555003987071071,-0.00116860771977227,-0.0401335802204458,0.000116733817012389,0.00371451284907357,-0.00151049903631342,0.0302228404450801
523.430987616559,-0.00259064003863471,-0.005500590466204,-0.00115746351652487,-0.039841708166894,0.000115487247764756,0.00368775688217348,-0.00148926949743157,0.0300142802833073
527.061059201407,-0.00255805848668036,-0.00545169156959534,-0.00114634757614679,-0.0395521297410623,0.000114248719167544,0.00366120683049036,-0.00146834381599916,0.0298071609511442
530.716305871459,-0.00252584798713044,-0.00540333572249983,-0.00113526257501473,-0.0392648243915273,0.000113018344105715,0.00363486090807604,-0.00144771752180084,0.0296014725566794
534.396902219665,-0.00249400533064086,-0.00535551557363983,-0.00112421108174911,-0.0389797717737328,0.000111796228725135,0.00360871734651051,-0.00142738621265235,0.029397205271798
538.103024049808,-0.00246252730777735,-0.00530822387752855,-0.00111319556017607,-0.0386969517481566,0.000110582472634085,0.00358277439474089,-0.00140734555333858,0.0291943493319366
541.834848384891,-0.00243141070995843,-0.00526145349315947,-0.00110221837222417,-0.038416344378473,0.000109377169100172,0.00355703031892072,-0.0013875912745679,0.0289928950358335
545.592553475602,-0.00240065233036868,-0.00521519738270197,-0.00109128178075675,-0.0381379299297125,0.000108180405242689,0.00353148340224929,-0.00136811917194236,0.0287928327452732
549.376318808822,-0.00237024896484322,-0.00516944861020352,-0.00108038795234096,-0.0378616888664199,0.000106992262220531,0.00350613194481139,-0.00134892510494385,0.0285941528848282
553.1863251162,-0.00234019741272368,-0.00512420034029875,-0.00106953895995471,-0.0375876018508108,0.000105812815415721,0.00348097426341723,-0.00133000499593572,0.028396845941594
557.022754382788,-0.00231049447768635,-0.00507944583692573,-0.00105873678563228,-0.0373156497409282,0.000104642134612625,0.00345600869144286,-0.00131135482917987,0.028200902464922
560.885789855729,-0.00228113696854308,-0.0050351784620499,-0.00104798332305,-0.0370458135887992,0.000103480284172947,0.0034312335786709,-0.001292970649869,0.028006313066147
564.775616053012,-0.00225212170001539,-0.00499139167439566,-0.00103728038005268,-0.0367780746385938,0.000102327323206556,0.00340664729113185,-0.00127484856317381,0.0278130684183117
568.692418772287,-0.00222344549348236,-0.00494807902818626,-0.00102662968112209,-0.0365124143247846,0.000101183305738243,0.00338224821094578,-0.00125698473330502,0.0276211592558874
572.636385099737,-0.00219510517770293,-0.00490523417189191,-0.00101603286978836,-0.0362488142703101,0.000100048280870455,0.00335803473616474,-0.00123937538258996,0.0274305763744917
576.607703419018,-0.00216709758951294,-0.00486285084698668,-0.00100549151098534,-0.0359872562847412,9.89222929421112e-05,0.00333400528061566,-0.00122201679056354,0.0272413106306019
580.606563420252,-0.00213941957449768,-0.00482092288671411,-0.000995007093350987,-0.0357277223624517,9.78053816835413e-05,0.00331015827374392,-0.00120490529307335,0.027053352941267
584.633156109091,-0.00211206798764029,-0.00477944421486213,-0.000984581031473718,-0.0354701946807936,9.66975823676445e-05,0.00328649216045764,-0.00118803728139886,0.0268666942838155
588.687673815838,-0.0020850396939466,-0.00473840884454704,-0.000974214668085713,-0.0352146555982776,9.55989259573224e-05,0.00326300540097268,-0.0011714092013843,0.0266813256955614
592.77031020464,-0.0020583315690469,-0.00469781087700723,-0.000963909276204193,-0.0349610876527595,9.45094392492672e-05,0.00323969647065832,-0.00115501755258518,0.0264972382735072
596.881260282727,-0.00203194049977519,-0.0046576445004065,-0.000953666061221601,-0.0347094735596331,9.34291450141694e-05,0.00321656385988389,-0.0011388588874282,0.026314423174045
601.020720409738,-0.00200586338472637,-0.0046179039886472,-0.000943486162945668,-0.0344597962100301,9.23580621334151e-05,0.00319360607386606,-0.00112292981038441,0.0261328716126546
605.188888307094,-0.00198009713479183,-0.00457858370019354,-0.000933370657590318,-0.0342120386690273,9.1296205732345e-05,0.00317082163251709,-0.00110722697715534,0.025952574863601
609.385963067442,-0.00195463867367405,-0.00453967807690499,-0.000923320559718323,-0.0339661841738615,9.02435873101351e-05,0.00314820907029389,-0.00109174709387201,0.0257735242596285
613.612145164168,-0.0019294849383805,-0.00450118164288003,-0.000913336824136682,-0.0337222161321536,8.92002148663742e-05,0.0031257669360481,-0.00107648691630655,0.0255957111916539
617.867636460969,-0.00190463287969758,-0.00446308900331041,-0.000903420347745611,-0.0334801181201404,8.8166093024399e-05,0.00310349379287695,-0.00106144324909634,0.0254191271084579
622.152640221499,-0.00188007946264479,-0.00442539484334597,-0.000893571971342052,-0.0332398738809167,8.71412231514525e-05,0.00308138821797521,-0.00104661294498035,0.0252437635163754
626.467361119072,-0.00185582166690975,-0.00438809392697008,-0.000883792481378637,-0.0330014673226858,8.6125603475733e-05,0.00305944880248806,-0.00103199290404769,0.0250696119789833
630.812005246445,-0.00183185648726458,-0.00435118109588604,-0.000874082611678936,-0.0327648825170216,8.51192292003941e-05,0.00303767415136499,-0.00101758007299798,0.0248966641167886
635.186780125658,-0.00180818093396392,-0.00431465126841418,-0.000864443045109919,-0.032530103697139,8.41220926145586e-05,0.00301606288321471,-0.00100337144441354,0.0247249116069144
639.591894717946,-0.00178479203312517,-0.00427849943840005,-0.00085487441521246,-0.0322971152561767,8.31341832014125e-05,0.00299461363016111,-0.000989364056043121,0.0245543461827848
644.027559433723,-0.0017616868270913,-0.00424272067413366,-0.000845377307790752,-0.0320659017454904,8.2155487743433e-05,0.00297332503770027,-0.000975554990097018,0.0243849596338101
648.493986142629,-0.00173886237477682,-0.0042073101172797,-0.000835952262461484,-0.0318364478729564,8.11859904248175e-05,0.0029521957645586,-0.000961941372553446,0.0242167438050695
652.991388183652,-0.00171631575199706,-0.0041722629818191,-0.000826599774163577,-0.0316087385012881,8.02256729311688e-05,0.00293122448255198,-0.000948520372475945,0.0240496905969945
657.519980375318,-0.00169404405178143,-0.00413757455300167,-0.000817320294629334,-0.0313827586463634,7.92745145464964e-05,0.00291040987644607,-0.000935289201341683,0.0238837919650516
662.07997902595,-0.00167204438467101,-0.00410324018631002,-0.000808114233817795,-0.0311584934755646,7.83324922475916e-05,0.00288975064381779,-0.000922245112380481,0.0237190399194233
666.671601944003,-0.00165031387900076,-0.00406925530643487,-0.00079898196131109,-0.0309359283061298,7.73995807958332e-05,0.00286924549491777,-0.000909385399924391,0.0235554265246906
671.295068448464,-0.00162884968116687,-0.0040356154062615,-0.000789923807674573,-0.0307150486035178,7.64757528264791e-05,0.00284889315253417,-0.000896707398767681,0.0233929438995135
675.950599379332,-0.00160764895587962,-0.00400231604586773,-0.000780940065781515,-0.0304958399797851,7.55609789354988e-05,0.00282869235185741,-0.000884208483537038,0.0232315842163126
680.638417108163,-0.0015867088864021,-0.00396935285153306,-0.00077203099210313,-0.0302782881919756,7.46552277640036e-05,0.0028086418403463,-0.000871886068071872,0.0230713397009494
685.358745548692,-0.00156602667477515,-0.00393672151475936,-0.000763196807964629,-0.0300623791405235,7.37584660803228e-05,0.00278874037759512,-0.000859737604814521,0.022912202632408
690.11181016753,-0.00154559954202901,-0.00390441779130275,-0.000754437700768111,-0.0298480988676697,7.28706588597832e-05,0.00276898673520207,-0.000847760584210231,0.0227541653424751
694.897837994932,-0.00152542472838188,-0.00387243750021696,-0.000745753825182963,-0.0296354335558908,7.19917693622414e-05,0.00274937969663878,-0.000835952534116753,0.0225972202154219
699.717057635642,-0.00150549949342586,-0.00384077652290795,-0.000737145304304497,-0.0294243695263423,7.11217592074185e-05,0.00272991805712106,-0.000824311019223398,0.0224413596876847
704.569699279812,-0.00148582111630061,-0.00380943080219992,-0.000728612230781537,-0.0292148932373147,7.02605884480909e-05,0.00271060062348083,-0.000812833640479411,0.0222865762475469
709.455994713995,-0.00146638689585502,-0.00377839634141263,-0.000720154667913629,-0.0290069912827038,6.9408215641181e-05,0.00269142621403927,-0.000801518034531515,0.0221328624348204
714.376177332221,-0.00144719415079728,-0.00374766920344991,-0.000711772650718567,-0.0288006503904943,6.8564597916801e-05,0.00267239365848113,-0.000790361873170468,0.0219802108405281
719.33048214714,-0.0014282402198337,-0.00371724550989956,-0.000703466186970882,-0.0285958574212575,6.77296910452939e-05,0.00265350179773032,-0.00077936286278652,0.0218286141065865
724.31914580125,-0.00140952246179646,-0.00368712144014442,-0.000695235258211974,-0.0283925993666632,6.69034495023199e-05,0.00263474948382662,-0.000768518743833591,0.0216780649254886
729.342406578201,-0.00139103825576089,-0.00365729323048454,-0.000687079820732513,-0.0281908633480048,6.60858265320324e-05,0.00261613557980369,-0.000757827290302061,0.0215285560399883
734.400504414174,-0.00137278500115226,-0.00362775717327063,-0.000678999806527749,-0.0279906366147391,6.52767742083915e-05,0.00259765895956816,-0.000747286309200019,0.0213800802427842
739.493680909344,-0.00135476011784267,-0.00359850961604847,-0.000670995124226347,-0.0277919065430401,6.44762434946547e-05,0.00257931850778011,-0.000736893640042845,0.0212326303762048
744.622179339418,-0.00133696104623815,-0.00356954696071449,-0.000663065659993369,-0.0275946606343666,6.36841843010918e-05,0.00256111311973456,-0.000726647154350982,0.0210861993318944
749.786244667259,-0.00131938524735636,-0.00354086566268221,-0.000655211278407982,-0.0273988865140441,6.29005455409647e-05,0.00254304170124435,-0.000716544755155777,0.0209407800504994
754.98612355458,-0.00130203020289514,-0.0035124622300597,-0.000647431823316504,-0.0272045719298612,6.21252751848146e-05,0.0025251031685241,-0.000706584376513252,0.0207963655213563
760.222064373731,-0.00128489341529228,-0.00348433322283788,-0.000639727118661348,-0.0270117047506797,6.13583203130963e-05,0.0025072964480754,-0.000696763983025682,0.020652948782179
765.494317219563,-0.00126797240777655,-0.00345647525208961,-0.00063209696928644,-0.0268202729650589,6.05996271672012e-05,0.00248962047657328,-0.000687081569370853,0.0205105229187487
770.803133921369,-0.00125126472441062,-0.00342888497917955,-0.000624541161719655,-0.0266302646798944,5.9849141198907e-05,0.00247207420075374,-0.000677535159838885,0.0203690810646038
776.148768054917,-0.00123476793012578,-0.00340155911498467,-0.000617059464932837,-0.0264416681190711,5.91068071182941e-05,0.00245465657730262,-0.000668122807876471,0.0202286164007308
781.531474954562,-0.00121847961074896,-0.00337449441912538,-0.00060965163107992,-0.0262544716221298,5.83725689401647e-05,0.00243736657274555,-0.00065884259563845,0.0200891221552568
786.951511725437,-0.0012023973730222,-0.00334768769920712,-0.000602317396213679,-0.0260686636429484,5.76463700290039e-05,0.00242020316333914,-0.000649692633546554,0.0199505916031422
792.40913725574,-0.00118651884461481,-0.00332113581007249,-0.00059505648098163,-0.0258842327484375,5.69281531425164e-05,0.00240316533496335,-0.000640671059855255,0.0198130180658755
797.904612229097,-0.00117084167412856,-0.0032948356530637,-0.000587868591301577,-0.0257011676172488,5.62178604737778e-05,0.002386252083015,-0.000631776040224554,0.0196763949111681
803.438199137013,-0.00115536353109597,-0.00326878417529529,-0.00058075341901731,-0.0255194570384992,5.55154336920319e-05,0.00236946241230254,-0.00062300576729963,0.0195407155526515
809.01016229141,-0.00114008210597208,-0.00324297836893709,-0.000573710642534935,-0.0253390899105078,5.48208139821707e-05,0.00235279533694184,-0.000614358460297226,0.0194059734495746
814.620767837254,-0.00112499511011993,-0.00321741527050727,-0.000566739927440289,-0.0251600552395467,5.41339420829296e-05,0.0023362498802533,-0.000605832364598656,0.0192721621065027
820.270283765263,-0.00111010027578977,-0.00319209196017548,-0.000559840927097955,-0.0249823421386069,5.34547583238309e-05,0.00231982507465999,-0.000597425751349341,0.0191392750730179
825.958979924714,-0.00109539535609249,-0.00316700556107586,-0.000553013283232277,-0.0248059398261763,5.27832026609066e-05,0.00230351996158701,-0.000589136917064742,0.0190073059434205
831.687128036326,-0.00108087812496731,-0.00314215323862999,-0.000546256626490863,-0.024630837625033,5.21192147112343e-05,0.00228733359136195,-0.000580964183242613,0.0188762483564315
837.455001705243,-0.00106654637714393,-0.00311753219987952,-0.000539570576990988,-0.0244570249610514,5.14627337863143e-05,0.0022712650231165,-0.000572905895981454,0.0187460959948971
843.262876434102,-0.00105239792809945,-0.00309313969282854,-0.000532954744849342,-0.0242844913620218,5.08136989243199e-05,0.00225531332468917,-0.00056496042560506,0.0186168425854938
849.111029636188,-0.00103843061401017,-0.00306897300579556,-0.000526408730695532,-0.0241132264564847,5.01720489212495e-05,0.00223947757252916,-0.000557126166293076,0.0184884818984351
854.999740648693,-0.00102464229169847,-0.00304502946677487,-0.000519932126169751,-0.0239432199725769,4.95377223610101e-05,0.00222375685160132,-0.000549401535717455,0.0183610077471799
860.92929074605,-0.00101103083857496,-0.00302130644280742,-0.000513524514405019,-0.0237744617368925,4.89106576444588e-05,0.00220815025529217,-0.000541784974684717,0.0182344139881419
866.899963153375,-0.000997594152576121,-0.0029978013393609,-0.000507185470494381,-0.0236069416733559,4.82907930174323e-05,0.00219265688531709,-0.000534274946783924,0.0181086945204002
872.91204305999,-0.000984330152097592,-0.00297451159971911,-0.000500914561943459,-0.0234406498021091,4.76780665977893e-05,0.00217727585162855,-0.000526869938040262,0.0179838432854122
878.965817633049,-0.000971236775923212,-0.00295143470438038,-0.000494711349108727,-0.0232755762384116,4.70724164014934e-05,0.00216200627232542,-0.000519568456574157,0.0178598542667271
885.061576031251,-0.000958311983150088,-0.00292856817046501,-0.000488575385621874,-0.0231117111915531,4.64737803677619e-05,0.00214684727356336,-0.000512369032265808,0.0177367214897009
891.199609418655,-0.000945553753109792,-0.00290590955113166,-0.000482506218800622,-0.0229490449637795,4.58820963833055e-05,0.00213179798946624,-0.00050527021642508,0.0176144390212134
897.380210978585,-0.000932960085285864,-0.00288345643500248,-0.000476503390046351,-0.022787567949232,4.52973023056848e-05,0.00211685756203864,-0.000498270581466638,0.0174930009693865
903.603675927636,-0.00092052899922776,-0.00286120644559708,-0.000470566435228871,-0.0226272706328978,4.47193359858055e-05,0.00210202514107941,-0.000491368720590251,0.0173724014833033
909.870301529772,-0.00090825853446143,-0.00283915724077493,-0.00046469488505868,-0.0224681435895749,4.41481352895782e-05,0.00208729988409619,-0.000484563247466179,0.0172526347527299
916.18038711053,-0.000896146750396635,-0.00281730651218652,-0.000458888265447045,-0.0223101774828485,4.35836381187649e-05,0.00207268095622102,-0.000477852795925561,0.0171336950078376
922.534234071309,-0.00088419172623118,-0.00279565198473269,-0.00045314609785421,-0.0221533630640796,4.30257824310337e-05,0.00205816753012693,-0.000471236019655713,0.0170155765189271
928.932145903777,-0.000872391560852173,-0.00277419141603248,-0.000447467899626069,-0.0219976911714071,4.24745062592457e-05,0.00204375878594556,-0.000464711591900262,0.0168982735961545
935.374428204358,-0.000860744372734476,-0.0027529225958991,-0.000441853184319591,-0.0218431527287608,4.1929747729994e-05,0.00202945391118573,-0.000458278205164036,0.0167817805892582
941.861388688833,-0.000849248299836451,-0.002731843345824,-0.000436301462017312,-0.0216897387448871,4.13914450814165e-05,0.00201525210065305,-0.000451934570922622,0.0166660918872879
948.39333720704,-0.00083790149949316,-0.00271095151846908,-0.000430812239631184,-0.021537440312387,4.08595366803027e-05,0.00200115255637044,-0.000445679419336539,0.0165512019183347
954.970585757668,-0.000826702148307111,-0.00269024499716669,-0.000425385021196056,-0.021386248606765,4.03339610385149e-05,0.0019871544874997,-0.000439511498969908,0.0164371051492629
961.593448503166,-0.000815648442036702,-0.00266972169542753,-0.0004200193081531,-0.0212361548854911,3.98146568287427e-05,0.00197325711026395,-0.000433429576513596,0.0163237960854439
968.262241784745,-0.000804738595482465,-0.00264937955645626,-0.000414714599623406,-0.021087150487073,3.93015628996107e-05,0.00195945964787105,-0.000427432436512711,0.0162112692704903
974.977284137491,-0.000793970842371224,-0.00262921655267476,-0.000409470392672067,-0.0209392268301411,3.87946182901572e-05,0.001945761330438,-0.000421518881098414,0.0160995192859934
981.738896305574,-0.000783343435238287,-0.00260923068525287,-0.000404286182562981,-0.0207923754125442,3.82937622437027e-05,0.0019321613949162,-0.000415687729723954,0.0159885407512602
988.547401257578,-0.000772854645307779,-0.00258941998364657,-0.000399161463004628,-0.0206465878104564,3.77989342211256e-05,0.00191865908501764,-0.000409937818904864,0.0158783283230542
995.403124201917,-0.000762502762371213,-0.0025697825051436,-0.000394095726387089,-0.0205018556774961,3.73100739135625e-05,0.00190525365114203,-0.000404268001963253,0.0157688766953355
1002.30639260238,-0.000752286094664412,-0.00255031633441611,-0.000389088464010537,-0.0203581707438546,3.68271212545504e-05,0.00189194435030481,-0.000398677148776112,0.0156601805990043
1009.25753619375,-0.000742202968742874,-0.00253101958308071,-0.000384139166305431,-0.0202155248154374,3.63500164316259e-05,0.00187873044606603,-0.000393164145527592,0.0155522348016451
1016.2568869976,-0.000732251729355677,-0.0025118903892653,-0.000379247323044666,-0.0200739097730146,3.58786998973991e-05,0.00186561120846013,-0.000387727894465156,0.0154450341072723
1023.30477933808,-0.000722430739318035,-0.00249292691718309,-0.000374412423547886,-0.0199333175713837,3.54131123801183e-05,0.00185258591392658,-0.000382367313659582,0.0153385733560781
1030.40154985798,-0.000712738379382549,-0.00247412735671329,-0.000369633956878189,-0.0197937402385413,3.49531948937367e-05,0.00183965384524136,-0.000377081336768703,0.015232847424181
1037.5475375347,-0.000703173048109311,-0.0024554899229887,-0.00036491141203144,-0.0196551698748668,3.44988887475027e-05,0.00182681429144935,-0.00037186891280488,0.0151278512233772
1044.74308369654,-0.000693733161734869,-0.00243701285598986,-0.000360244278118394,-0.0195175986523156,3.40501355550817e-05,0.00181406654779746,-0.000366729005906082,0.0150235797008919
1051.98853203895,-0.000684417154040214,-0.00241869442014584,-0.000355632044539857,-0.0193810188136229,3.36068772432285e-05,0.00180140991566868,-0.000361660595110585,0.0149200278391338
1059.28422864097,-0.000675223476217787,-0.0024005329039415,-0.000351074201155046,-0.0192454226715173,3.31690560600203e-05,0.00178884370251689,-0.000356662674135157,0.0148171906554496
1066.63052198171,-0.000666150596737668,-0.00238252661953115,-0.000346570238443387,-0.0191108026079449,3.27366145826679e-05,0.00177636722180254,-0.00035173425115674,0.0147150632018816
1074.02776295709,-0.000657197001212939,-0.00236467390235843,-0.000342119647659905,-0.0189771510733027,3.23094957249137e-05,0.00176397979292902,-0.000346874348597511,0.0146136405649259
1081.4763048965,-0.000648361192264381,-0.00234697311078259,-0.000337721920984422,-0.0188444605856828,3.1887642744033e-05,0.00175168074117999,-0.000342082002913318,0.014512917865292
1088.97650357974,-0.000639641689384478,-0.00232942262571061,-0.000333376551664706,-0.018712723730125,3.14709992474488e-05,0.00173946939765731,-0.000337356264385392,0.0144128902576648
1096.52871725401,-0.000631037028800897,-0.00231202085023567,-0.000329083034153805,-0.0185819331578798,3.10595091989738e-05,0.00172734509921986,-0.000332696196915319,0.0143135529304673
1104.13330665098,-0.000622545763339417,-0.00229476620928127,-0.000324840864241665,-0.0184520815856806,3.06531169246891e-05,0.00171530718842308,-0.000328100877823182,0.0142149011056254
1111.79063500406,-0.000614166462286456,-0.00227765714925142,-0.000320649539181272,-0.0183231617950256,3.0251767118475e-05,0.0017033550134593,-0.000323569397648863,0.0141169300383342
1119.50106806575,-0.000605897711251174,-0.00226069213768651,-0.000316508557809424,-0.018195166631468,2.98554048472006e-05,0.00169148792809874,-0.0003191008599564,0.0140196350168251
1127.26497412507,-0.000597738112027294,-0.00224386966292483,-0.000312417420662332,-0.0180680890039165,2.94639755555867e-05,0.00167970529163131,-0.000314694381141409,0.0139230113621358
1135.0827240252,-0.000589686282454622,-0.00222718823376981,-0.000308375630086178,-0.0179419218839436,2.90774250707503e-05,0.00166800646880913,-0.000310349090241464,0.0138270544278804
1142.95469118117,-0.000581740856280388,-0.00221064637916263,-0.000304382690342804,-0.017816658305104,2.86956996064433e-05,0.00165639082978972,-0.000306064128749434,0.0137317596000218
1150.8812515977,-0.000573900483020408,-0.00219424264786038,-0.000300438107710656,-0.0176922913622605,2.83187457669926e-05,0.00164485775007995,-0.000301838650429692,0.0136371222966457
1158.86278388715,-0.000566163827820163,-0.00217797560811953,-0.000296541390581158,-0.0175688142109197,2.79465105509543e-05,0.00163340661048065,-0.000297671821137174,0.0135431379677358
1166.89966928762,-0.0005585295713158,-0.00216184384738463,-0.000292692049550609,-0.0174462200665756,2.75789413544895e-05,0.00162203679703195,-0.000293562818639225,0.0134498020949501
1174.99229168114,-0.000550996409495161,-0.00214584597198228,-0.000288889597507801,-0.0173245022040619,2.72159859744726e-05,0.00161074770095927,-0.000289510832440204,0.0133571101914002
1183.14103761204,-0.000543563053558813,-0.00212998060682012,-0.000285133549717426,-0.0172036539569121,2.68575926113391e-05,0.00159953871861995,-0.000285515063608773,0.0132650578014299
1191.34629630538,-0.000536228229781203,-0.00211424639509096,-0.000281423423899458,-0.017083668716729,2.65037098716846e-05,0.00158840925145066,-0.000281574724607872,0.0131736405003972
1199.60845968555,-0.000528990679371908,-0.00209864199798172,-0.00027775874030459,-0.016964539932561,2.61542867706198e-05,0.00157735870591531,-0.000277689039127285,0.0130828538944569
1207.92792239501,-0.000521849158337092,-0.00208316609438742,-0.000274139021785889,-0.0168462611102873,2.58092727338943e-05,0.00156638649345373,-0.000273857241918798,0.0129926936203447
1216.3050818131,-0.000514802437341128,-0.00206781738062978,-0.000270563793866748,-0.0167288258120106,2.54686175997927e-05,0.00155549203043093,-0.000270078578633872,0.012903155345163
1224.74033807505,-0.000507849301568522,-0.00205259457018072,-0.000267032584805293,-0.0166122276554579,2.5132271620815e-05,0.001544674738087,-0.000266352305663827,0.0128142347661677
1233.23409409112,-0.000500988550586074,-0.00203749639339038,-0.000263544925655316,-0.0164964603133886,2.48001854651456e-05,0.00153393404248762,-0.000262677689982453,0.0127259276105573
1241.78675556577,-0.000494218998205401,-0.00202252159721979,-0.000260100350323886,-0.0163815175130106,2.44723102179212e-05,0.00152326937447524,-0.000259054008991053,0.0126382296352627
1250.39873101711,-0.000487539472345783,-0.00200766894497805,-0.000256698395625708,-0.0162673930354039,2.41485973823019e-05,0.00151268016962077,-0.000255480550365839,0.0125511366267384
1259.07043179635,-0.000480948814897428,-0.00199293721606385,-0.00025333860133436,-0.0161540807149511,2.38289988803561e-05,0.00150216586817595,-0.000251956611907673,0.0124646444007559
1267.80227210752,-0.000474445881585133,-0.00197832520571149,-0.000250020510230499,-0.0160415744387758,2.35134670537623e-05,0.00149172591502626,-0.0002484815013941,0.0123787488021976
1276.5946690272,-0.000468029541832408,-0.00196383172474108,-0.00024674366814713,-0.0159298681461879,2.32019546643372e-05,0.00148135975964443,-0.000245054536433634,0.0122934457048529
1285.44804252445,-0.000461698678626084,-0.001949455599313,-0.000243507624012053,-0.0158189558281363,2.28944148943953e-05,0.00147106685604455,-0.000241675044322273,0.0122087310112152
1294.36281548089,-0.000455452188381411,-0.00193519567068656,-0.000240311929887554,-0.0157088315266681,2.25908013469471e-05,0.00146084666273668,-0.000238342361902195,0.0121246006522801
1303.33941371088,-0.000449288980807713,-0.00192105079498266,-0.000237156141007459,-0.0155994893343951,2.22910680457408e-05,0.0014506986426821,-0.000235055835422607,0.0120410505873463
1312.37826598188,-0.00044320797877458,-0.00190701984295054,-0.000234039815811614,-0.0154909233939669,2.19951694351543e-05,0.00144062226324901,-0.000231814820402703,0.0119580768038158
1321.47980403488,-0.000437208118178665,-0.0018931016997385,-0.000230962515977904,-0.0153831278975514,2.17030603799437e-05,0.0014306169961689,-0.000228618681496719,0.0118756753169975
1330.6444626051,-0.000431288347811062,-0.00187929526466839,-0.000227923806451861,-0.0152760970863208,2.14146961648524e-05,0.00142068231749331,-0.000225466792361015,0.0117938421699108
1339.87267944269,-0.000425447629225348,-0.00186559945101411,-0.000224923255473983,-0.0151698252499452,2.11300324940882e-05,0.00141081770755127,-0.000222358535523194,0.0117125734330915
1349.16489533366,-0.000419684936606239,-0.00185201318578372,-0.000221960434604801,-0.0150643067260918,2.0849025490671e-05,0.00140102265090714,-0.000219293302253187,0.0116318652043979
1358.52155412096,-0.000413999256638946,-0.00183853540950534,-0.000219034918747809,-0.0149595358999314,2.05716316956601e-05,0.00139129663631903,-0.000216270492436301,0.0115517136088199
1367.94310272563,-0.000408389588379192,-0.00182516507601663,-0.000216146286170296,-0.0148555072036502,2.02978080672612e-05,0.00138163915669771,-0.000213289514448177,0.0114721147982877
1377.42999116818,-0.000402854943123972,-0.00181190115225796,-0.000213294118522192,-0.0147522151159685,2.0027511979823e-05,0.00137204970906601,-0.000210349785031651,0.0113930649514831
1386.98267259009,-0.000397394344283003,-0.00179874261806892,-0.000210478000852955,-0.0146496541616655,1.97607012227238e-05,0.00136252779451872,-0.000207450729175453,0.0113145602736515
1396.60160327544,-0.000392006827250939,-0.00178568846598851,-0.000207697521626611,-0.0145478189111094,1.94973339991552e-05,0.00135307291818301,-0.000204591779994763,0.0112365969964155
1406.2872426727,-0.000386691439280331,-0.00177273770105856,-0.000204952272734971,-0.0144467039797943,1.92373689248066e-05,0.00134368458917927,-0.000201772378613541,0.0111591713775896
1416.04005341668,-0.000381447239355369,-0.00175988934063057,-0.000202241849509137,-0.0143463040278825,1.8980765026455e-05,0.00133436232058247,-0.000198991974048646,0.0110822797009961
1425.86050135065,-0.000376273298066396,-0.00174714241417588,-0.000199565850729305,-0.0142466137597527,1.87274817404626e-05,0.00132510562938396,-0.000196250023095689,0.0110059182762831
1435.74905554856,-0.000371168697485237,-0.00173449596309899,-0.000196923878632987,-0.014147627923554,1.84774789111899e-05,0.00131591403645375,-0.000193545990216611,0.0109300834387424
1445.70618833745,-0.000366132531041322,-0.00172194904055414,-0.000194315538921647,-0.0140493413107648,1.82307167893236e-05,0.00130678706650324,-0.000190879347428935,0.0108547715491302
1455.73237532004,-0.000361163903398654,-0.00170950071126498,-0.000191740440765874,-0.0139517487557588,1.79871560301271e-05,0.0012977242480484,-0.000188249574196698,0.0107799789934875
1465.8280953974,-0.000356261930333582,-0.00169715005134729,-0.000189198196809086,-0.0138548451353745,1.77467576916147e-05,0.00128872511337336,-0.000185656157322999,0.0107057021829635
1475.99383079187,-0.000351425738613452,-0.00168489614813482,-0.000186688423169874,-0.0137586253684918,1.75094832326543e-05,0.00127978919849449,-0.000183098590844176,0.0106319375536387
1486.23006707006,-0.000346654465876076,-0.00167273810000799,-0.000184210739442995,-0.0136630844156126,1.72752945110009e-05,0.00127091604312487,-0.000180576375925548,0.01055868156635
1496.53729316606,-0.000341947260510098,-0.0016606750162256,-0.000181764768699098,-0.0135682172784477,1.70441537812666e-05,0.00126210519063922,-0.000178089020758732,0.0104859307065171
1506.9160014048,-0.000337303281536202,-0.00164870601675933,-0.000179350137483203,-0.0134740189995079,1.68160236928268e-05,0.00125335618803916,-0.000175636040460483,0.0104136814839696
1517.36668752555,-0.000332721698489222,-0.00163683023213116,-0.000176966475812014,-0.0133804846617009,1.65908672876691e-05,0.00124466858591902,-0.000173216956973053,0.0103419304327764
1527.88985070559,-0.000328201691301118,-0.00162504680325346,-0.000174613417170086,-0.0132876093879327,1.6368647998186e-05,0.00123604193843195,-0.000170831298966025,0.0102706741110746
1538.4859935841,-0.000323742450184862,-0.00161335488127191,-0.000172290598504902,-0.0131953883407145,1.61493296449145e-05,0.00122747580325647,-0.000168478601739627,0.0101999091009013
1549.15562228612,-0.000319343175519204,-0.00160175362741101,-0.000169997660220903,-0.013103816721774,1.59328764342263e-05,0.00121896974156338,-0.000166158407129465,0.0101296320080258
1559.89924644673,-0.000315003077734365,-0.00159024221282231,-0.000167734246172521,-0.0130128897716715,1.57192529559709e-05,0.00121052331798313,-0.000163870263412695,0.0100598394617827
1570.71737923542,-0.000310721377198613,-0.00157881981843512,-0.000165500003656237,-0.0129226027694209,1.55084241810732e-05,0.00120213610057352,-0.00016161372521557,0.00999052811490701
1581.61053738059,-0.000306497304105773,-0.00156748563480989,-0.000163294583401732,-0.0128329510321158,1.53003554590908e-05,0.00119380766078779,-0.00015938835342238,0.00992169464336971
1592.57924119422,-0.00030233009836364,-0.001556238861994,-0.000161117639562141,-0.0127439299145588,1.50950125157299e-05,0.00118553757344305,-0.000157193715085723,0.00985333574621484
1603.62401459674,-0.000298219009483328,-0.00154507870938006,-0.000158968829703473,-0.0126555348088974,1.48923614503263e-05,0.00117732541668919,-0.000155029383338128,0.0097854481453977
1614.74538514202,-0.000294163296469518,-0.00153400439556653,-0.00015684781479321,-0.0125677611442623,1.46923687332897e-05,0.00116917077197801,-0.000152894937304968,0.00971802858562403
1625.94388404263,-0.000290162227711668,-0.0015230151482209,-0.000154754259188151,-0.0124806043864114,1.44950012035172e-05,0.0011610732240328,-0.000150789962018681,0.0096510738341906
1637.22004619516,-0.00028621508087611,-0.00151211020394497,-0.000152687830621497,-0.012394060037378,1.4300226065775e-05,0.00115303236081825,-0.000148714048334244,0.00958458068082668
1648.57441020578,-0.000282321142799117,-0.00150128880814261,-0.000150648200189247,-0.0123081236351227,1.41080108880538e-05,0.00114504777351071,-0.000146666792845909,0.00951854593753687
1660.00751841599,-0.000278479709380872,-0.00149055021488966,-0.00014863504233591,-0.01222279075319,1.39183235988961e-05,0.0011371190564688,-0.000144647797805161,0.00945296643844476
1671.51991692849,-0.000274690085480389,-0.0014798936868061,-0.000146648034839589,-0.0121380570003688,1.37311324847008e-05,0.0011292458072043,-0.000142656671039891,0.00938783903963809
1683.11215563331,-0.000270951584811351,-0.00146931849493034,-0.000144686858796435,-0.0120539180203575,1.35464061870049e-05,0.00112142762635351,-0.000140693025874764,0.00932316061901457
1694.78478823403,-0.000267263529838904,-0.00145882391859571,-0.000142751198604539,-0.0119703694914322,1.3364113699745e-05,0.00111366411764876,-0.000138756481052752,0.00925892807612921
1706.53837227424,-0.000263625251677356,-0.001448409245309,-0.000140840741947255,-0.0118874071261201,1.31842243664998e-05,0.00110595488789041,-0.000136846660657834,0.0091951383320424
1718.37346916419,-0.000260036089988842,-0.00143807377063107,-0.000138955179776011,-0.0118050266708756,1.30067078777164e-05,0.00109829954691907,-0.000134963194038824,0.00913178832916934
1730.2906442076,-0.00025649539288289,-0.00142781679805947,-0.000137094206292608,-0.0117232239057611,1.28315342679204e-05,0.00109069770758815,-0.000133105715734322,0.0090688750311303
1742.29046662864,-0.000253002516816948,-0.00141763763891313,-0.00013525751893106,-0.0116419946441313,1.2658673912913e-05,0.00108314898573679,-0.000131273865398777,0.00900639542260221
1754.37350959913,-0.000249556826497818,-0.00140753561221886,-0.000133444818338972,-0.0115613347323214,1.24880975269557e-05,0.00107565300016297,-0.000129467287729618,0.00894434650917101
1766.54035026596,-0.000246157694784033,-0.0013975100445999,-0.000131655808358503,-0.0114812400493386,1.2319776159944e-05,0.00106820937259705,-0.000127685632395469,0.00888272531718532
1778.79156977856,-0.000242804502589161,-0.00138756027016632,-0.000129890196006932,-0.0114017065065582,1.21536811945727e-05,0.00106081772767555,-0.000125928553965416,0.00882152889361102
1791.12775331676,-0.000239496638786026,-0.00137768563040722,-0.000128147691456832,-0.0113227300474217,1.19897843434922e-05,0.0010534776929152,-0.000124195711839298,0.00876075430588681
1803.54949011869,-0.000236233500111865,-0.00136788547408479,-0.000126428008015904,-0.0112443066471404,1.18280576464592e-05,0.00104618889868736,-0.000122486770179034,0.00870039864178101
1816.05737350894,-0.000233014491074392,-0.00135815915713021,-0.000124730862106467,-0.0111664323124009,1.16684734674815e-05,0.00103895097819262,-0.000120801397840944,0.00864045900924905
1828.65200092687,-0.00022983902385879,-0.0013485060425412,-0.000123055973244639,-0.0110891030810748,1.15110044919589e-05,0.0010317635674358,-0.00011913926830907,0.00858093253629241
1841.33397395519,-0.000226706518235614,-0.00133892550028135,-0.000121403064019219,-0.0110123150219318,1.13556237238218e-05,0.00102462630520111,-0.000117500059629455,0.00852181637081807
1854.10389834867,-0.000223616401469611,-0.00132941690718119,-0.000119771860070298,-0.0109360642343557,1.12023044826668e-05,0.0010175388330277,-0.000115883454345403,0.00846310768049945
1866.9623840631,-0.000220568108229437,-0.00131997964684082,-0.000118162090067608,-0.0108603468480644,1.10510204008931e-05,0.00101050079518539,-0.000114289139433662,0.00840480365263788
1879.91004528435,-0.000217561080498296,-0.00131061310953426,-0.000116573485688644,-0.0107851590228323,1.0901745420838e-05,0.0010035118386507,-0.00011271680624156,0.0083469014940255
1892.94750045783,-0.000214594767485463,-0.00130131669211537,-0.000115005781596549,-0.0107104969482169,1.07544537919151e-05,0.000996571613083191,-0.000111166150425032,0.00828939843080873
1906.0753723179,-0.000211668625538721,-0.0012920897979254,-0.000113458715417803,-0.0106363568432875,1.06091200677536e-05,0.000989679770801964,-0.000109636871887575,0.00823229170835305
1919.29428791772,-0.000208782118057677,-0.00128293183670195,-0.000111932027719725,-0.0105627349563581,1.04657191033418e-05,0.000982835966762509,-0.000108128674720072,0.00817557859110847
1932.60487865912,-0.000205934715407981,-0.00127384222448963,-0.000110425461987798,-0.0104896275647224,1.03242260521747e-05,0.00097603985853377,-0.0001066412671415,0.0081192563624762
1946.00778032282,-0.000203125894836413,-0.00126482038355211,-0.000108938764602831,-0.0104170309743922,1.01846163634061e-05,0.000969291106275447,-0.000105174361440499,0.00806332232467601
1959.50363309877,-0.000200355140386874,-0.00125586574228562,-0.000107471684817991,-0.0103449415198395,1.00468657790075e-05,0.000962589372715578,-0.000103727673917789,0.00800777379861485
1973.09308161673,-0.000197621942817227,-0.001246977735134,-0.000106023974735688,-0.0102733555637402,9.91095033093278e-06,0.000955934323128323,-0.000102300924829421,0.00795260812375606
1986.77677497706,-0.000194925799517033,-0.00123815580250505,-0.000104595389284362,-0.0102022694967216,9.77684633829102e-06,0.000949325625312032,-0.000100893838330858,0.00789782265798981
2000.55536678172,-0.000192266214426133,-0.0012293993906883,-0.000103185686195148,-0.0101316797371129,9.64453040452687e-06,0.000942762949567511,-9.95061424218526e-05,0.00784341477750424
2014.42951516552,-0.000189642697954106,-0.00122070795177424,-0.000101794625978464,-0.0100615827306977,9.51397941461047e-06,0.000936245968676546,-9.81375688921436e-05,0.0077893818766577
2028.39988282751,-0.000187054766900578,-0.00121208094357475,-0.000100421971900512,-0.00999197495047002,9.38517053223608e-06,0.000929774357880644,-9.67878532679183e-05,0.00773572136785173
2042.46713706267,-0.00018450194437638,-0.00120351782954493,-9.90674899597207e-05,-0.00992285289639294,9.25808119703167e-06,0.000923347794860011,-9.54567347590651e-05,0.00768243068140509
2056.63194979376,-0.000181983759725554,-0.00119501807870623,-9.77309488631165e-05,-0.00985421309515954,9.13268912177858e-06,0.000916965959712738,-9.4143956207178e-05,0.00762950726542854
2070.89499760343,-0.0001794997484482,-0.00118658116557082,-9.64121200026675e-05,-0.00978605209995704,9.00897228964296e-06,0.000910628534934234,-9.28492640343219e-05,0.00757694858570071
2085.25696176653,-0.000177049452124158,-0.0011782065700672,-9.51107774315777e-05,-0.00971836649023317,8.88690895141879e-06,0.000904335205396843,-9.15724081925293e-05,0.0075247521255446
2099.71852828265,-0.000174632418337516,-0.00116989377746708,-9.38266978405656e-05,-0.00965115287146542,8.76647762278362e-06,0.000898085658329714,-9.03131421140332e-05,0.0074729153857052
2114.2803879089,-0.000172248200601947,-0.00116164227831344,-9.25596605341211e-05,-0.00958440787493257,8.64765708156681e-06,0.000891879583298844,-8.9071222662213e-05,0.00742143588422781
2128.94323619287,-0.000169896358286859,-0.00115345156834976,-9.13094474067602e-05,-0.00951812815748908,8.53042636503157e-06,0.000885716672187366,-8.78464100832513e-05,0.00737031115633732
2143.7077735059,-0.000167576456544361,-0.00114532114845044,-9.00758429192786e-05,-0.0094523104013416,8.41476476717041e-06,0.000879596619176018,-8.66384679584842e-05,0.00731953875431828
2158.57470507649,-0.000165288066237033,-0.00113725052455233,-8.88586340750214e-05,-0.00938695131382825,8.30065183601541e-06,0.000873519120723831,-8.54471631574412e-05,0.00726911624739591
2173.54474102402,-0.000163030763866497,-0.00112923920758739,-8.76576103961643e-05,-0.0093220476272001,8.18806737096232e-06,0.000867483875549005,-8.42722657915574e-05,0.00721904122161783
2188.61859639264,-0.000160804131502788,-0.00112128671341651,-8.64725639000305e-05,-0.0092575960984052,8.07699142011073e-06,0.000861490584610001,-8.3113549168556e-05,0.00716931127973679
2203.79699118545,-0.000158607756714499,-0.00111339256276429,-8.53032890754341e-05,-0.00919359350887478,7.96740427761872e-06,0.000855538951086806,-8.19707897474817e-05,0.00711992404109406
2219.08065039887,-0.000156441232499729,-0.00110555628115499,-8.41495828590723e-05,-0.00913003666431202,7.85928648107402e-06,0.000849628680362422,-8.08437670943857e-05,0.00707087714150382
2234.47030405729,-0.000154304157217788,-0.00109777739884946,-8.30112446119589e-05,-0.00906692239448281,7.7526188088806e-06,0.000843759480004504,-7.97322638386416e-05,0.00702216823313819
2249.9666872479,-0.000152196134521689,-0.00109005545078317,-8.18880760959206e-05,-0.00900424755300906,7.64738227766235e-06,0.000837931059747235,-7.86360656298939e-05,0.00697379498441327
2265.57054015586,-0.000150116773291387,-0.0010823899765051,-8.07798814501477e-05,-0.00894200901716396,7.54355813968278e-06,0.00083214313147334,-7.75549610956194e-05,0.00692575507987579
2281.28260809959,-0.000148065687567794,-0.00107478052011779,-7.96864671678184e-05,-0.00888020368766975,7.4411278802822e-06,0.000826395409196319,-7.64887417993012e-05,0.00687804622009076
2297.10364156645,-0.000146042496487533,-0.00106722663021827,-7.86076420727915e-05,-0.0088188284884973,7.3400732153318e-06,0.00082068760904284,-7.54372021991985e-05,0.00683066612152973
2313.0343962485,-0.000144046824218443,-0.0010597278598399,-7.7543217296383e-05,-0.00875788036666816,7.24037608870541e-06,0.000815019449235323,-7.44001396077109e-05,0.00678361251646004
2329.07563307866,-0.00014207829989582,-0.00105228376639526,-7.6493006254221e-05,-0.00869735629205845,7.14201866976863e-06,0.000809390650074686,-7.33773541513201e-05,0.0067368831528346
2345.22811826701,-0.000140136557559395,-0.00104489391161986,-7.54568246231966e-05,-0.00863725325720505,7.04498335088633e-06,0.000803800933923283,-7.23686487311099e-05,0.00669047579418278
2361.49262333744,-0.000138221236091037,-0.00103755786151681,-7.44344903185029e-05,-0.00857756827711364,6.94925274494768e-06,0.000798250025187998,-7.13738289838455e-05,0.00664438821950172
2377.86992516445,-0.000136331979153176,-0.00103027518630236,-7.34258234707771e-05,-0.00851829838906895,6.85480968290992e-06,0.000792737650303519,-7.03927032436152e-05,0.00659861822314873
2394.36080601029,-0.000134468435127939,-0.00102304546035228,-7.24306464033426e-05,-0.00845944065244683,6.76163721136021e-06,0.000787263537715771,-6.94250825040136e-05,0.00655316361473418
2410.96605356231,-0.000132630257056998,-0.00101586826214915,-7.14487836095615e-05,-0.00840099214852848,6.66971859009635e-06,0.000781827417865522,-6.84707803808715e-05,0.00650802221901538
2427.6864609706,-0.000130817102582114,-0.00100874317423046,-7.04800617302946e-05,-0.00834294998031639,6.57903728972594e-06,0.000776429023172148,-6.75296130755125e-05,0.00646319187579103
2444.52282688584,-0.000129028633886381,-0.00100166978313752,-6.95243095314806e-05,-0.00828531127235248,6.48957698928465e-06,0.000771068088017557,-6.66013993385378e-05,0.00641867043979656
2461.4759554975,-0.000127264517636158,-0.000994647679365219,-6.85813578818301e-05,-0.00822807317053784,6.40132157387326e-06,0.000765744348730278,-6.56859604341246e-05,0.00637445578060008
2478.54665657221,-0.000125524424923676,-0.00098767645731255,-6.76510397306439e-05,-0.00817123284195453,6.31425513231385e-06,0.000760457543569697,-6.47831201048348e-05,0.00633054578249913
2495.73574549243,-0.000123808031210337,-0.000980755715233923,-6.67331900857572e-05,-0.0081147874746892,6.2283619548253e-06,0.000755207412710465,-6.38927045369269e-05,0.00628693834441828
2513.04404329547,-0.000122115016270664,-0.000973885055191247,-6.58276459916088e-05,-0.00805873427765842,6.14362653071765e-06,0.000749993698227035,-6.30145423261573e-05,0.00624363137980715
2530.47237671259,-0.000120445064136934,-0.000967064083006779,-6.49342465074457e-05,-0.00800307048043596,6.06003354610629e-06,0.000744816144078378,-6.2148464444074e-05,0.0062006228165395
2548.02157820863,-0.000118797863044447,-0.000960292408216684,-6.40528326856574e-05,-0.00794779333308164,5.97756788164501e-06,0.000739674496092814,-6.12943042047849e-05,0.00615791059681276
2565.69248602162,-0.000117173105377467,-0.000953569644025357,-6.3183247550251e-05,-0.0078929001059722,5.89621461027902e-06,0.000734568501953035,-6.04518972322033e-05,0.00611549267704847
2583.48594420295,-0.000115570487615795,-0.00094689540726043,-6.23253360754607e-05,-0.00783838808963355,5.8159589950169e-06,0.000729497911181222,-5.96210814277549e-05,0.00607336702779324
2601.4028026576,-0.00011398971028198,-0.000940269318328503,-6.14789451645027e-05,-0.00778425459457506,5.73678648672261e-06,0.000724462475124352,-5.88016969385478e-05,0.00603153163362059
2619.4439171848,-0.000112430477889171,-0.000933691001171546,-6.06439236284696e-05,-0.00773049695112526,5.65868272192656e-06,0.000719461946939613,-5.79935861259905e-05,0.00598998449303332
2637.61014951883,-0.000110892498889588,-0.000927160083223999,-5.98201221653733e-05,-0.0076771125092694,5.58163352065666e-06,0.000714496081579984,-5.71965935348595e-05,0.00594872361836675
2655.90236737027,-0.000109375485623614,-0.000920676195370509,-5.90073933393321e-05,-0.00762409863848846,5.50562488428855e-06,0.000709564635779929,-5.64105658628025e-05,0.0059077470356924
2674.32144446737,-0.000107879154269502,-0.000914238971904356,-5.82055915599098e-05,-0.00757145272759998,5.43064299341582e-06,0.000704667368041256,-5.56353519302773e-05,0.00586705278472265
2692.86826059784,-0.000106403224793688,-0.000907848050486482,-5.74145730616014e-05,-0.00751917218460023,5.3566742057394e-06,0.00069980403861908,-5.4870802650914e-05,0.00582663891871577
2711.54370165082,-0.000104947420901712,-0.000901503072105186,-5.66341958834751e-05,-0.00746725443650822,5.28370505397687e-06,0.000694974409507947,-5.41167710023005e-05,0.00578650350438184
2730.34865965925,-0.000103511469989719,-0.000895203681036409,-5.58643198489633e-05,-0.00741569692921104,5.21172224379099e-06,0.000690178244428069,-5.3373111997179e-05,0.00574664462178926
2749.28403284242,-0.000102095103096566,-0.000888949524804654,-5.51048065458123e-05,-0.00736449712731092,5.14071265173807e-06,0.000685415308811706,-5.26396826550532e-05,0.00570706036427189
2768.35072564895,-0.000100698054856506,-0.000882740254144473,-5.43555193061838e-05,-0.00731365251397357,5.07066332323556e-06,0.000680685369789658,-5.19163419741945e-05,0.00566774883833685
2787.54964879989,-9.9320063452441e-05,-0.000876575522962578,-5.36163231869168e-05,-0.00726316059077832,5.00156147054929e-06,0.000675988196177906,-5.12029509040482e-05,0.00562870816357309
2806.88171933232,-9.79608705697612e-05,-0.000870454988300488,-5.28870849499443e-05,-0.0072130188775694,4.93339447079998e-06,0.000671323558464352,-5.0499372318026e-05,0.00558993647256035
2826.34786064308,-9.66202213507384e-05,-0.000864378310297784,-5.2167673042871e-05,-0.007163224912309,4.86614986398933e-06,0.000666691228795713,-4.98054709866874e-05,0.0055514319107791
2845.94900253294,-9.52978643494807e-05,-0.000858345152155882,-5.14579575797082e-05,-0.00711377625093142,4.79981535104504e-06,0.000662090980964507,-4.91211135512959e-05,0.00551319263652074
2865.68608125093,-9.39935514874453e-05,-0.000852355180102384,-5.07578103217712e-05,-0.00706467046719904,4.73437879188563e-06,0.000657522590396186,-4.84461684977536e-05,0.0054752168207988
2885.56003953913,-9.27070380094917e-05,-0.000846408063355941,-5.00671046587345e-05,-0.00701590515255928,4.66982820350389e-06,0.000652985834136369,-4.77805061308994e-05,0.00543750264726045
2905.57182667768,-9.14380824404842e-05,-0.000840503474091669,-4.93857155898512e-05,-0.00696747791600328,4.60615175806999e-06,0.000648480490838208,-4.71239985491746e-05,0.00540004831209889
2925.72239853012,-9.01864465424227e-05,-0.000834641087407057,-4.87135197053312e-05,-0.00691938638392572,4.54333778105315e-06,0.000644006340749856,-4.64765196196418e-05,0.00536285202396613
2946.01271758903,-8.89518952721114e-05,-0.000828820581288409,-4.80503951678844e-05,-0.00687162819998615,4.48137474936278e-06,0.000639563165702065,-4.58379449533606e-05,0.0053259120038866
2966.44375302203,-8.77341967393442e-05,-0.000823041636577763,-4.73962216944223e-05,-0.00682420102497148,4.42025128950809e-06,0.000635150749095886,-4.52081518811067e-05,0.00528922648517115
2987.01648071805,-8.65331221656165e-05,-0.000817303936940327,-4.67508805379266e-05,-0.00677710253665998,4.35995617577688e-06,0.000630768875890491,-4.4587019429437e-05,0.00525279371333187
3007.73188333398,-8.53484458433431e-05,-0.000811607168832373,-4.61142544694757e-05,-0.00673033042968641,4.30047832843283e-06,0.000626417332591095,-4.39744282970892e-05,0.00521661194599733
3028.59095034155,-8.41799450955898e-05,-0.000805951021469626,-4.54862277604386e-05,-0.00668388241540857,4.24180681193158e-06,0.000622095907237002,-4.33702608317161e-05,0.00518067945282854
3049.59467807464,-8.30274002363017e-05,-0.000800335186796106,-4.48666861648272e-05,-0.00663775622177498,4.18393083315527e-06,0.000617804389389747,-4.2774401006946e-05,0.00514499451543541
3070.74406977686,-8.18905945310326e-05,-0.000794759359453437,-4.42555169018146e-05,-0.00659194959319396,4.12683973966567e-06,0.000613542570121355,-4.21867343997682e-05,0.00510955542729389
3092.04013564946,-8.0769314158161e-05,-0.000789223236750597,-4.3652608638414e-05,-0.00654646029040379,4.07052301797548e-06,0.000609310242002694,-4.16071481682341e-05,0.00507436049366358
3113.48389289956,-7.96633481705963e-05,-0.000783726518634126,-4.30578514723211e-05,-0.00650128609034426,4.01497029183814e-06,0.000605107199091952,-4.10355310294756e-05,0.00503940803150605
3135.07636578881,-7.85724884579595e-05,-0.000778268907658745,-4.24711369149175e-05,-0.00645642478602925,3.96017132055554e-06,0.000600933236923196,-4.0471773238029e-05,0.00500469636940358
3156.8185856822,-7.7496529709245e-05,-0.000772850108958434,-4.18923578744383e-05,-0.0064118741864207,3.90611599730401e-06,0.000596788152495051,-3.99157665644675e-05,0.00497022384747865
3178.71159109747,-7.64352693759457e-05,-0.000767469830217894,-4.13214086392978e-05,-0.00636763211630352,3.85279434747807e-06,0.000592671744259466,-3.93674042743308e-05,0.00493598881731381
3200.75642775457,-7.53885076356475e-05,-0.000762127781644454,-4.07581848615812e-05,-0.00632369641616191,3.80019652705218e-06,0.000588583812110598,-3.8826581107354e-05,0.00490198964187228
3222.9541486257,-7.43560473560779e-05,-0.000756823675940361,-4.0202583540692e-05,-0.00628006494205663,3.74831282096003e-06,0.000584524157373773,-3.82931932569851e-05,0.00486822469541896
3245.30581398558,-7.33376940596131e-05,-0.000751557228275482,-3.96545030071644e-05,-0.00623673556550356,3.69713364149162e-06,0.000580492582794564,-3.77671383501938e-05,0.00483469236344213
3267.81249146208,-7.23332558882291e-05,-0.000746328156260387,-3.91138429066326e-05,-0.00619370617335321,3.64664952670763e-06,0.000576488892527955,-3.72483154275607e-05,0.00480139104257556
3290.47525608724,-7.13425435689002e-05,-0.00074113617991983,-3.85805041839615e-05,-0.00615097466767156,3.5968511388714e-06,0.000572512892127606,-3.67366249236482e-05,0.00476831914052132
3313.29519034861,-7.0365370379432e-05,-0.000735981021666593,-3.80543890675344e-05,-0.00610853896562177,3.54772926289788e-06,0.000568564388535205,-3.62319686476456e-05,0.00473547507597298
3336.27338424092,-6.94015521147318e-05,-0.000730862406275716,-3.75354010537014e-05,-0.00606639699934716,3.49927480481996e-06,0.000564643190069928,-3.57342497642872e-05,0.00470285727853948
3359.41093531822,-6.84509070535032e-05,-0.000725780060859078,-3.70234448913828e-05,-0.0060245467158551,3.45147879027163e-06,0.000560749106417975,-3.52433727750357e-05,0.00467046418866941
3382.70894874623,-6.75132559253682e-05,-0.000720733714840358,-3.65184265668322e-05,-0.00598298607690211,3.40433236298812e-06,0.000556881948622209,-3.47592434995329e-05,0.00463829425757595
3406.16853735517,-6.65884218784033e-05,-0.000715723099930321,-3.60202532885528e-05,-0.00594171305887986,3.35782678332271e-06,0.000553041529071878,-3.42817690573068e-05,0.0046063459471622
3429.7908216929,-6.56762304470942e-05,-0.000710747950102479,-3.55288334723732e-05,-0.00590072565270233,3.31195342678029e-06,0.000549227661492437,-3.38108578497385e-05,0.00457461772994719
3453.57693007845,-6.47765095206946e-05,-0.000705808001569071,-3.50440767266738e-05,-0.0058600218636939,3.26670378256726e-06,0.000545440160935442,-3.33464195422787e-05,0.00454310808899221
3477.5279986559,-6.38890893119917e-05,-0.000700902992757392,-3.45658938377703e-05,-0.00581959971147848,3.22206945215791e-06,0.000541678843768547,-3.28883650469158e-05,0.00451181551782785
3501.64517144866,-6.30138023264718e-05,-0.000696032664286452,-3.409419675545e-05,-0.00577945722986968,3.17804214787708e-06,0.000537943527665586,-3.24366065048883e-05,0.00448073852038149
3525.92960041413,-6.21504833318768e-05,-0.000691196758943942,-3.36288985786587e-05,-0.00573959246676185,3.13461369149874e-06,0.000534234031596723,-3.19910572696393e-05,0.00444987561090515
3550.38244549867,-6.12989693281554e-05,-0.000686395021663543,-3.31699135413418e-05,-0.00570000348402227,3.09177601286082e-06,0.000530550175818714,-3.15516318900101e-05,0.00441922531390411
3575.00487469309,-6.04590995177951e-05,-0.000681627199502526,-3.27171569984336e-05,-0.00566068835738408,3.04952114849559e-06,0.000526891781865228,-3.11182460936686e-05,0.0043887861640658
3599.79806408833,-5.96307152765394e-05,-0.000676893041619682,-3.22705454119985e-05,-0.00562164517634043,3.00784124027605e-06,0.000523258672537271,-3.06908167707696e-05,0.00435855670618934
3624.76319793175,-5.88136601244769e-05,-0.000672192299253525,-3.18299963375195e-05,-0.00558287204403926,2.96672853407763e-06,0.000519650671893671,-3.02692619578439e-05,0.00432853549511544
3649.9014686836,-5.80077796975064e-05,-0.00066752472570083,-3.13954284103364e-05,-0.00554436707717936,2.92617537845562e-06,0.000516067605241669,-2.98535008219125e-05,0.00429872109565693
3675.21407707406,-5.72129217191657e-05,-0.000662890076295426,-3.09667613322285e-05,-0.00550612840590698,2.8861742233376e-06,0.000512509299127565,-2.94434536448226e-05,0.00426911208252964
3700.7022321605,-5.64289359728266e-05,-0.000658288108387307,-3.05439158581464e-05,-0.00546815417371369,2.84671761873138e-06,0.000508975581327462,-2.90390418078038e-05,0.00423970704028391
3726.36715138533,-5.56556742742459e-05,-0.000653718581322003,-3.01268137830861e-05,-0.0054304425373349,2.8077982134477e-06,0.000505466280838077,-2.86401877762376e-05,0.00421050456323642
3752.21006063407,-5.4892990444473e-05,-0.00064918125642025,-2.97153779291095e-05,-0.0053929916666494,2.76940875383811e-06,0.000501981227867643,-2.82468150846433e-05,0.00418150325540263
3778.23219429398,-5.41407402831051e-05,-0.000644675896957911,-2.93095321325058e-05,-0.00535579974457966,2.73154208254733e-06,0.000498520253826864,-2.78588483218698e-05,0.00415270173042958
3804.43479531291,-5.33987815418917e-05,-0.000640202268146191,-2.89092012310973e-05,-0.00531886496699322,2.6941911372806e-06,0.00049508319131998,-2.74762131164971e-05,0.00412409861152931
3830.81911525882,-5.26669738986768e-05,-0.000635760137112086,-2.85143110516841e-05,-0.00528218554260461,2.65734894958523e-06,0.00049166987413587,-2.709883612244e-05,0.00409569253141253
3857.3864143794,-5.19451789316824e-05,-0.000631349272879128,-2.81247883976304e-05,-0.0052457596928785,2.62100864364675e-06,0.000488280137239262,-2.67266450047537e-05,0.00406748213222299
3884.13796166242,-5.12332600941222e-05,-0.000626969446348352,-2.77405610365885e-05,-0.0052095856519333,2.58516343509916e-06,0.000484913816761994,-2.63595684256363e-05,0.0040394660654721
3911.07503489621,-5.05310826891481e-05,-0.00062262043027954,-2.73615576883619e-05,-0.00517366166644597,2.54980662984941e-06,0.000481570749994362,-2.59975360306284e-05,0.0040116429919742
3938.19892073078,-4.98385138451185e-05,-0.000618301999272691,-2.6987708012904e-05,-0.00513798599555732,2.51493162291572e-06,0.000478250775376528,-2.56404784350032e-05,0.00398401158178205
3965.51091473924,-4.91554224911918e-05,-0.00061401392974976,-2.66189425984542e-05,-0.00510255691077841,2.48053189727994e-06,0.000474953732490016,-2.52883272103481e-05,0.00395657051412303
3993.0123214797,-4.84816793332337e-05,-0.000609755999936604,-2.62551929498061e-05,-0.0050673726958975,2.44660102275334e-06,0.000471679462049255,-2.49410148713319e-05,0.00392931847733558
4020.70445455755,-4.78171568300416e-05,-0.000605527989845198,-2.58963914767126e-05,-0.00503243164688803,2.41313265485627e-06,0.00046842780589322,-2.45984748626584e-05,0.00390225416880621
4048.58863668828,-4.71617291698756e-05,-0.00060132968125605,-2.55424714824201e-05,-0.00499773207181714,2.38012053371107e-06,0.000465198606977117,-2.42606415461994e-05,0.00387537629490683
4076.66619976054,-4.65152722472991e-05,-0.000597160857700874,-2.51933671523372e-05,-0.00496327229075526,2.34755848294838e-06,0.000461991709364152,-2.39274501883092e-05,0.00384868357093267
4104.93848489989,-4.58776636403174e-05,-0.000593021304445459,-2.48490135428311e-05,-0.00492905063568619,2.31544040862658e-06,0.000458806958217363,-2.35988369473146e-05,0.00382217472104048
4133.40684253274,-4.5248782587819e-05,-0.000588910808472781,-2.4509346570155e-05,-0.00489506545041812,2.28376029816432e-06,0.000455644199791517,-2.32747388611797e-05,0.00379584847818731
4162.07263245095,-4.46285099673082e-05,-0.000584829158466316,-2.41743029995025e-05,-0.00486131509049535,2.25251221928592e-06,0.000452503281425078,-2.29550938353419e-05,0.00376970358406953
4190.93722387671,-4.40167282729318e-05,-0.00058077614479358,-2.38438204341897e-05,-0.00482779792311076,2.22169031897967e-06,0.000449384051532238,-2.26398406307184e-05,0.00374373878906251
4220.00199552799,-4.34133215937906e-05,-0.000576751559489862,-2.35178373049626e-05,-0.00479451232701897,2.19128882246859e-06,0.000446286359595012,-2.23289188518779e-05,0.00371795285216047
4249.26833568435,-4.28181755925381e-05,-0.000572755196242183,-2.31962928594296e-05,-0.00476145669245038,2.16130203219394e-06,0.000443210056155401,-2.20222689353792e-05,0.00369234454091697
4278.73764225332,-4.22311774842559e-05,-0.000568786850373442,-2.28791271516173e-05,-0.00472862942102571,2.13172432681094e-06,0.000440154992807614,-2.17198321382696e-05,0.00366691263138566
4308.41132283705,-4.16522160156099e-05,-0.00056484631882677,-2.25662810316493e-05,-0.00469602892567146,2.10255016019695e-06,0.00043712102219036,-2.14215505267459e-05,0.00364165590806155
4338.2907947997,-4.10811814442768e-05,-0.000560933400150076,-2.22576961355457e-05,-0.00466365363053595,2.07377406047155e-06,0.000434107997979195,-2.11273669649707e-05,0.00361657316382256
4368.37748533501,-4.05179655186435e-05,-0.000557047894480799,-2.19533148751438e-05,-0.00463150197090614,2.04539062902892e-06,0.000431115774878935,-2.08372251040465e-05,0.00359166319987165
4398.67283153455,-3.99624614577704e-05,-0.000553189603530825,-2.16530804281366e-05,-0.00459957239312506,2.01739453958186e-06,0.00042814420861613,-2.05510693711409e-05,0.00356692482567919
4429.17828045629,-3.94145639316213e-05,-0.000549358330571622,-2.13569367282312e-05,-0.00456786335451002,1.98978053721775e-06,0.000425193155931601,-2.02688449587652e-05,0.00354235685892586
4459.89528919383,-3.88741690415501e-05,-0.000545553880419536,-2.1064828455422e-05,-0.0045363733232714,1.96254343746605e-06,0.00042226247457303,-1.99904978142002e-05,0.00351795812544581
4490.82532494586,-3.83411743010475e-05,-0.000541776059421282,-2.07767010263815e-05,-0.00450510077843226,1.93567812537738e-06,0.000419352023287619,-1.97159746290706e-05,0.00349372745917039
4521.96986508636,-3.78154786167382e-05,-0.000538024675439602,-2.04925005849649e-05,-0.00447404420974837,1.90917955461393e-06,0.000416461661814794,-1.94452228290625e-05,0.00346966370207208
4553.33039723509,-3.72969822696319e-05,-0.000534299537839115,-2.02121739928285e-05,-0.0044432021176292,1.88304274655119e-06,0.000413591250878991,-1.91781905637858e-05,0.003445765704109
4584.90841932869,-3.67855868966179e-05,-0.000530600457472323,-1.99356688201603e-05,-0.00441257301305931,1.85726278939082e-06,0.00041074065218247,-1.89148266967755e-05,0.00342203232316963
4616.7054396922,-3.62811954722074e-05,-0.000526927246665799,-1.96629333365226e-05,-0.00438215541752052,1.83183483728455e-06,0.000407909728398213,-1.86550807956333e-05,0.00339846242501806
4648.72297711114,-3.5783712290514e-05,-0.000523279719206536,-1.93939165018045e-05,-0.00435194786291467,1.80675410946893e-06,0.000405098343162857,-1.83989031223054e-05,0.0033750548832395
4680.96256090399,-3.52930429474743e-05,-0.000519657690328468,-1.91285679572833e-05,-0.00432194889148705,1.78201588941099e-06,0.000402306361069704,-1.81462446234958e-05,0.00335180857918629
4713.42573099534,-3.48090943233016e-05,-0.000516060976699141,-1.88668380167946e-05,-0.00429215705575039,1.75761552396444e-06,0.000399533647661765,-1.78970569212119e-05,0.00332872240192418
4746.11403798933,-3.43317745651739e-05,-0.000512489396406565,-1.86086776580092e-05,-0.00426257091840955,1.73354842253649e-06,0.00039678006942488,-1.76512923034425e-05,0.00330579524817904
4779.02904324382,-3.38609930701484e-05,-0.000508942768946197,-1.83540385138154e-05,-0.00423318905228674,1.7098100562651e-06,0.000394045493780873,-1.74089037149637e-05,0.00328302602228391
4812.17231894485,-3.33966604683047e-05,-0.000505420915208104,-1.8102872863807e-05,-0.00420401004024743,1.68639595720657e-06,0.000391329789080779,-1.71698447482744e-05,0.00326041363612647
4845.54544818188,-3.2938688606109e-05,-0.000501923657464257,-1.78551336258747e-05,-0.00417503247512678,1.66330171753322e-06,0.000388632824598108,-1.69340696346554e-05,0.00323795700909682
4879.1500250233,-3.24869905300002e-05,-0.000498450819355995,-1.76107743478995e-05,-0.00414625495965674,1.64052298874133e-06,0.000385954470522177,-1.6701533235354e-05,0.00321565506803562
4912.98765459257,-3.20414804701937e-05,-0.000495002225881624,-1.73697491995493e-05,-0.0041176761063937,1.61805548086895e-06,0.000383294597951483,-1.64721910328908e-05,0.00319350674718267
4947.05995314498,-3.16020738246985e-05,-0.000491577703384162,-1.71320129641745e-05,-0.00408929453764668,1.59589496172356e-06,0.000380653078887133,-1.62459991224859e-05,0.00317151098812572
4981.36854814472,-3.11686871435488e-05,-0.000488177079539237,-1.68975210308041e-05,-0.00406110888540622,1.57403725611953e-06,0.000378029786226329,-1.60229142036058e-05,0.00314966673974979
5015.91507834275,-3.07412381132421e-05,-0.000484800183343114,-1.66662293862396e-05,-0.00403311779127371,1.55247824512523e-06,0.000375424593755894,-1.58028935716258e-05,0.00312797295818667
5050.70119385496,-3.03196455413874e-05,-0.000481446845100875,-1.64380946072472e-05,-0.00400531990639135,1.5312138653196e-06,0.000372837376145859,-1.55858951096092e-05,0.00310642860676494
5085.72855624109,-2.99038293415535e-05,-0.00047811689641472,-1.62130738528453e-05,-0.0039777138913727,1.51024010805823e-06,0.000370268008943093,-1.53718772801999e-05,0.00308503265596019
5120.998838584,-2.94937105183231e-05,-0.000474810170172418,-1.59911248566884e-05,-0.0039502984162337,1.48955301874869e-06,0.000367716368564989,-1.51607991176276e-05,0.00306378408334571
5156.51372556965,-2.90892111525415e-05,-0.000471526500535881,-1.57722059195444e-05,-0.00392307216032431,1.46914869613506e-06,0.000365182332293191,-1.49526202198232e-05,0.00304268187354341
5192.27491356752,-2.8690254386765e-05,-0.000468265722929875,-1.55562759018662e-05,-0.00389603381226071,1.44902329159165e-06,0.000362665778267378,-1.47473007406449e-05,0.00302172501817521
5228.28411071172,-2.82967644109009e-05,-0.000465027674030853,-1.53432942164548e-05,-0.00386918206985793,1.42917300842558e-06,0.00036016658547909,-1.454480138221e-05,0.0030009125158146
5264.54303698245,-2.79086664480398e-05,-0.000461812191755925,-1.51332208212139e-05,-0.00384251564006314,1.40959410118839e-06,0.000357684633765607,-1.43450833873349e-05,0.00298024337193871
5301.0534242883,-2.75258867404764e-05,-0.000458619115251942,-1.4926016211995e-05,-0.00381603323888939,1.3902828749963e-06,0.00035521980380387,-1.41481085320784e-05,0.00295971659888058
5337.81701654885,-2.71483525359168e-05,-0.000455448284884718,-1.4721641415532e-05,-0.00378973359134995,1.37123568485928e-06,0.000352771977104453,-1.3953839118389e-05,0.00293933121578185
5374.83556977805,-2.67759920738692e-05,-0.00045229954222835,-1.45200579824631e-05,-0.00376361543139302,1.3524489350186e-06,0.000350341036005581,-1.37622379668537e-05,0.00291908624854571
5412.11085216805,-2.64087345722173e-05,-0.000449172730054689,-1.43212279804418e-05,-0.00373767750183717,1.33391907829295e-06,0.000347926863667192,-1.35732684095476e-05,0.00289898072979026
5449.64464417369,-2.60465102139714e-05,-0.000446067692322898,-1.41251139873323e-05,-0.00371191855430709,1.31564261543285e-06,0.000345529344065047,-1.33868942829819e-05,0.00287901369880207
5487.43873859751,-2.56892501341983e-05,-0.00044298427416915,-1.3931679084492e-05,-0.00368633734916997,1.29761609448343e-06,0.000343148361984886,-1.32030799211502e-05,0.00285918420149021
5525.49494067543,-2.53368864071236e-05,-0.000439922321896425,-1.37408868501371e-05,-0.00366093265547229,1.27983611015532e-06,0.000340783803016621,-1.30217901486704e-05,0.00283949129034044
5563.81506816292,-2.49893520334086e-05,-0.000436881682964431,-1.35527013527933e-05,-0.00363570325087724,1.26229930320371e-06,0.000338435553548589,-1.28429902740222e-05,0.0028199340243699
5602.40095142188,-2.4646580927595e-05,-0.000433862205979623,-1.33670871448269e-05,-0.00361064792160243,1.24500235981531e-06,0.000336103500761831,-1.26666460828774e-05,0.00280051146908193
5641.254433508,-2.430850790572e-05,-0.000430863740685351,-1.318400925606e-05,-0.00358576546235831,1.22794201100327e-06,0.000333787532624431,-1.24927238315236e-05,0.00278122269642134
5680.37737025889,-2.39750686730947e-05,-0.000427886137952091,-1.3003433187464e-05,-0.00356105467628684,1.21111503200988e-06,0.000331487537885884,-1.23211902403775e-05,0.00276206678472992
5719.77163038263,-2.36461998122479e-05,-0.00042492924976781,-1.28253249049354e-05,-0.00353651437490089,1.19451824171699e-06,0.00032920340607152,-1.2152012487589e-05,0.00274304281870228
5759.43909554709,-2.332183877103e-05,-0.000421992929228408,-1.26496508331477e-05,-0.00351214337802387,1.17814850206403e-06,0.000326935027476957,-1.19851582027335e-05,0.002724149889342
5799.38166046975,-2.30019238508774e-05,-0.000419077030528291,-1.24763778494839e-05,-0.00348794051373001,1.16200271747356e-06,0.000324682293162612,-1.18205954605913e-05,0.00270538709391806
5839.60123300829,-2.26863941952328e-05,-0.00041618140895102,-1.23054732780442e-05,-0.00346390461828495,1.14607783428427e-06,0.000322445094948238,-1.16582927750132e-05,0.00268675353592163
5880.09973425162,-2.23751897781222e-05,-0.000413305920860082,-1.2136904883731e-05,-0.00344003453608699,1.13037084019129e-06,0.000320223325407514,-1.14982190928707e-05,0.00266824832502307
5920.87909861173,-2.20682513928834e-05,-0.000410450423689745,-1.19706408664085e-05,-0.00341632911960855,1.11487876369378e-06,0.000318016877862668,-1.13403437880902e-05,0.00264987057702931
5961.94127391598,-2.17655206410476e-05,-0.00040761477593602,-1.18066498551372e-05,-0.0033927872293383,1.09959867354972e-06,0.000315825646379148,-1.11846366557694e-05,0.0026316194138415
6003.28822150028,-2.14669399213678e-05,-0.000404798837147712,-1.16449009024817e-05,-0.00336940773372361,1.08452767823768e-06,0.000313649525760327,-1.1031067906375e-05,0.00261349396341291
6044.92191630263,-2.11724524189969e-05,-0.000402002467917574,-1.14853634788915e-05,-0.00334618950911346,1.06966292542569e-06,0.000311488411542252,-1.08796081600214e-05,0.0025954933597072
6086.84434695757,-2.08820020948091e-05,-0.000399225529873546,-1.13280074671532e-05,-0.00332313143970183,1.05500160144697e-06,0.00030934219998843,-1.07302284408267e-05,0.0025776167426569
6129.05751589107,-2.0595533674866e-05,-0.000396467885670097,-1.11728031569141e-05,-0.00330023241747152,1.04054093078248e-06,0.000307210788084658,-1.0582900171349e-05,0.00255986325812226
6171.56343941625,-2.03129926400232e-05,-0.00039372939897964,-1.10197212392759e-05,-0.00327749134213834,1.02627817555021e-06,0.000305094073533882,-1.04375951670977e-05,0.0025422320578503
6214.36414782964,-2.00343252156775e-05,-0.000391009934484062,-1.0868732801458e-05,-0.0032549071210958,1.01221063500119e-06,0.000302991954751111,-1.02942856311218e-05,0.00252472229943421
6257.46168550822,-1.97594783616511e-05,-0.000388309357866319,-1.07198093215281e-05,-0.00323247866936017,9.98335645021934e-07,0.000300904330858347,-1.01529441486721e-05,0.00250733314627297
6300.85811100697,-1.94883997622125e-05,-0.000385627535802131,-1.05729226632027e-05,-0.00321020490951604,9.84650577643566e-07,0.000298831101679577,-1.00135436819382e-05,0.00249006376753134
6344.55549715731,-1.92210378162309e-05,-0.000382964335951761,-1.04280450707124e-05,-0.00318808477166216,9.7115284055719e-07,0.000296772167735784,-9.87605756485695e-06,0.00247291333810004
6388.55593116599,-1.89573416274637e-05,-0.000380319626951878,-1.02851491637348e-05,-0.00316611719335783,9.57839876635721e-07,0.000294727430240006,-9.74045949799388e-06,0.00245588103855623
6432.86151471492,-1.8697260994974e-05,-0.0003776932784075,-1.01442079323914e-05,-0.00314430111956963,9.44709163461883e-07,0.000292696791092426,-9.6067235434943e-06,0.00243896605512429
6477.47436406142,-1.84407464036781e-05,-0.00037508516088403,-1.00051947323105e-05,-0.00312263550261855,9.31758212862461e-07,0.000290680152875502,-9.47482412010491e-06,0.00242216757963686
6522.39661013943,-1.81877490150191e-05,-0.000372495145899359,-9.86808327975297e-06,-0.00310111930212754,9.18984570448587e-07,0.000288677418849133,-9.34473599826343e-06,0.00240548480949611
6567.63039866118,-1.79382206577668e-05,-0.000369923105916065,-9.73284764680094e-06,-0.0030797514849695,9.06385815162123e-07,0.000286688492945859,-9.21643429525681e-06,0.00238891694763534
6613.17789021977,-1.76921138189414e-05,-0.000367368914333676,-9.59946225660918e-06,-0.00305853102521553,8.93959558827931e-07,0.000284713279766099,-9.08989447044561e-06,0.00237246320248082
6659.0412603923,-1.74493816348598e-05,-0.000364832445481025,-9.46790187871801e-06,-0.00303745690408376,8.81703445712074e-07,0.000282751684573427,-8.96509232055487e-06,0.00235612278791388
6705.22269984387,-1.72099778823015e-05,-0.000362313574608669,-9.33814162442636e-06,-0.0030165281098884,8.69615152085776e-07,0.000280803613289872,-8.84200397502947e-06,0.00233989492323325
6751.7244144321,-1.69738569697954e-05,-0.000359812177881401,-9.21015694222566e-06,-0.00299574363798928,8.57692385795163e-07,0.000278868972491269,-8.72060589145418e-06,0.00232377883311775
6798.54862531261,-1.6740973929022e-05,-0.000357328132370816,-9.08392361329225e-06,-0.00297510249074171,8.4593288583661e-07,0.000276947669402632,-8.6008748510364e-06,0.00230777374758912
6845.69756904508,-1.65112844063333e-05,-0.000354861316047967,-8.95941774703894e-06,-0.00295460367744674,8.34334421937723e-07,0.000275039611893565,-8.48278795415154e-06,0.00229187890197515
6893.17349769999,-1.62847446543864e-05,-0.000352411607776093,-8.83661577672415e-06,-0.00293424621430186,8.22894794143822e-07,0.00027314470847371,-8.36632261594998e-06,0.00227609353687314
6940.97867896634,-1.60613115238897e-05,-0.000349978887303409,-8.71549445511814e-06,-0.00291402912435188,8.11611832409859e-07,0.000271262868288225,-8.25145656202424e-06,0.00226041689811347
6989.11539625983,-1.58409424554613e-05,-0.00034756303525598,-8.59603085022597e-06,-0.00289395143744045,8.00483396197751e-07,0.000269394001113298,-8.13816782413648e-06,0.00224484823672356
7037.58594883204,-1.56235954715964e-05,-0.000345163933130652,-8.47820234106581e-06,-0.00287401219016168,7.89507374078987e-07,0.000267538017351689,-8.02643473600441e-06,0.002229386808892
7086.39265188015,-1.54092291687441e-05,-0.000342781463288068,-8.36198661350271e-06,-0.00285421042581234,7.78681683342516e-07,0.000265694828028316,-7.9162359291459e-06,0.00221403187593293
7135.53783665763,-1.51978027094905e-05,-0.000340415508945735,-8.24736165613649e-06,-0.00283454519434421,7.68004269607781e-07,0.000263864344785857,-7.80755032878036e-06,0.00219878270425072
7185.02385058548,-1.49892758148479e-05,-0.000338065954171176,-8.13430575624356e-06,-0.00281501555231701,7.57473106442912e-07,0.000262046479880403,-7.70035714978721e-06,0.00218363856530482
7234.85305736446,-1.47836087566477e-05,-0.000335732683875135,-8.02279749577148e-06,-0.0027956205628515,7.47086194987909e-07,0.000260241146177126,-7.59463589271956e-06,0.00216859873557491
7285.02783708791,-1.45807623500366e-05,-0.000333415583804854,-7.91281574738643e-06,-0.00277635929558301,7.36841563582873e-07,0.000258448257145993,-7.49036633987346e-06,0.00215366249652631
7335.55058635552,-1.43806979460742e-05,-0.000331114540537415,-7.80433967057181e-06,-0.0027572308266153,7.26737267401098e-07,0.0002566677268575,-7.38752855141075e-06,0.00213882913457551
7386.42371838768,-1.41833774244303e-05,-0.000328829441473148,-7.69734870777855e-06,-0.0027382342384748,7.16771388087081e-07,0.000254899469978447,-7.28610286153598e-06,0.0021240979410561
7437.64966314091,-1.39887631861812e-05,-0.000326560174829094,-7.59182258062539e-06,-0.00271936862006511,7.06942033399277e-07,0.000253143401767733,-7.1860698747255e-06,0.0021094682121848
7489.23086742376,-1.37968181467041e-05,-0.000324306629632543,-7.48774128614944e-06,-0.00270063306662193,6.97247336857631e-07,0.000251399438072199,-7.08741046200912e-06,0.00209493924902781
7541.16979501382,-1.3607505728666e-05,-0.000322068695714621,-7.38508509310551e-06,-0.00268202667966825,6.87685457395752e-07,0.000249667495322478,-6.99010575730245e-06,0.00208051035746738
7593.46892677528,-1.34207898551094e-05,-0.00031984626370395,-7.2838345383146e-06,-0.00266354856696993,6.78254579017739e-07,0.000247947490528899,-6.89413715379039e-06,0.00206618084816855
7646.13076077758,-1.32366349426302e-05,-0.000317639225020359,-7.18397042305978e-06,-0.00264519784249154,6.68952910459522e-07,0.000246239341277402,-6.79948630035994e-06,0.0020519500365462
7699.15781241454,-1.30550058946488e-05,-0.000315447471868658,-7.08547380953006e-06,-0.00262697362635264,6.59778684854742e-07,0.000244542965725498,-6.70613509808274e-06,0.00203781724273227
7752.55261452471,-1.28758680947717e-05,-0.000313270897232472,-6.98832601731053e-06,-0.00260887504478424,6.50730159405041e-07,0.000242858282598245,-6.61406569674554e-06,0.00202378179154325
7806.31771751215,-1.26991874002435e-05,-0.000311109394868133,-6.89250861991923e-06,-0.00259090123008572,6.41805615054756e-07,0.000241185211184265,-6.52326049142904e-06,0.00200984301244788
7860.45568946846,-1.25249301354874e-05,-0.000308962859298625,-6.79800344138917e-06,-0.00257305132058196,6.33003356169926e-07,0.000239523671331782,-6.4337021191334e-06,0.00199600023953501
7914.96911629522,-1.23530630857331e-05,-0.000306831185807591,-6.70479255289584e-06,-0.00255532446058083,6.24321710221586e-07,0.000237873583444692,-6.34537345545071e-06,0.00198225281148184
7969.86060182773,-1.21835534907311e-05,-0.000304714270433394,-6.61285826942888e-06,-0.00253771980033102,6.15759027473258e-07,0.000236234868478664,-6.25825761128292e-06,0.00196860007152218
8025.13276795918,-1.20163690385527e-05,-0.000302612009963232,-6.52218314650796e-06,-0.00252023649598016,6.0731368067263e-07,0.000234607447937263,-6.17233792960534e-06,0.00195504136741509
8080.78825476607,-1.18514778594731e-05,-0.000300524301927305,-6.43274997694177e-06,-0.00250287370953319,5.98984064747314e-07,0.000232991243868107,-6.08759798227449e-06,0.00194157605141365
8136.82972063413,-1.16888485199383e-05,-0.000298451044593049,-6.3445417876301e-06,-0.00248563060881115,5.90768596504694e-07,0.000231386178859051,-6.00402156688017e-06,0.00192820348023399
8193.25984238548,-1.15284500166133e-05,-0.0002963921369594,-6.25754183640795e-06,-0.00246850636741017,5.82665714335737e-07,0.000229792176034395,-5.92159270364062e-06,0.00191492301502448
8250.08131540631,-1.13702517705113e-05,-0.00029434747875114,-6.1717336089317e-06,-0.00245150016466082,5.74673877922804e-07,0.000228209159051125,-5.84029563234086e-06,0.00190173402133521
8307.29685377578,-1.12142236212025e-05,-0.000292316970413264,-6.08710081560607e-06,-0.00243461118558773,5.66791567951308e-07,0.000226637052095174,-5.76011480931272e-06,0.00188863586908763
8364.90919039556,-1.10603358211013e-05,-0.000290300513105423,-6.00362738855232e-06,-0.00241783862086956,5.59017285825274e-07,0.000225075779877721,-5.68103490445704e-06,0.00187562793254438
8422.92107712043,-1.0908559029831e-05,-0.000288298008696406,-5.92129747861604e-06,-0.00240118166679913,5.51349553386654e-07,0.000223525267631504,-5.6030407983063e-06,0.00186270959027938
8481.33528488963,-1.07588643086655e-05,-0.000286309359758674,-5.84009545241514e-06,-0.00238463952524404,5.43786912638431e-07,0.000221985441107171,-5.52611757912834e-06,0.00184988022514812
8540.15460385936,-1.06112231150457e-05,-0.000284334469562942,-5.76000588942654e-06,-0.00236821140360737,5.36327925471389e-07,0.000220456226569647,-5.45025054006934e-06,0.00183713922425811
8599.38184353586,-1.04656072971711e-05,-0.000282373242072817,-5.68101357911197e-06,-0.00235189651478886,5.28971173394575e-07,0.00021893755079454,-5.37542517633678e-06,0.00182448597893957
8659.01983290984,-1.0321989088664e-05,-0.000280425581939474,-5.60310351808144e-06,-0.00233569407714618,5.21715257269328e-07,0.000217429341064557,-5.30162718242066e-06,0.00181191988471633
8719.07142059136,-1.01803411033072e-05,-0.000278491394496388,-5.52626090729485e-06,-0.00231960331445669,5.14558797046906e-07,0.000215931525165961,-5.22884244935339e-06,0.00179944034127692
8779.53947494611,-1.0040636329852e-05,-0.00027657058575411,-5.45047114930045e-06,-0.00230362345587928,5.07500431509586e-07,0.000214444031385046,-5.15705706200719e-06,0.00178704675244581
8840.42688423224,-9.90284812689775e-06,-0.000274663062395088,-5.37571984551025e-06,-0.00228775373591664,5.00538818015276e-07,0.000212966788504635,-5.08625729642886e-06,0.00177473852615497
8901.73655673848,-9.76695021784037e-06,-0.00027276873176854,-5.30199279351146e-06,-0.00227199339437771,4.93672632245502e-07,0.000211499725800611,-5.01642961721108e-06,0.00176251507441549
8963.47142092288,-9.63291668588981e-06,-0.000270887501885366,-5.22927598441392e-06,-0.00225634167634046,4.86900567956817e-07,0.000210042773038467,-4.94756067490016e-06,0.00175037581328949
9025.63442555289,-9.50072196915493e-06,-0.000269019281413109,-5.15755560023264e-06,-0.00224079783211489,4.80221336735503e-07,0.00020859586046988,-4.8796373034392e-06,0.00173832016286219
9088.228539846,-9.37034085579568e-06,-0.000267163979670959,-5.08681801130547e-06,-0.00222536111720637,4.73633667755598e-07,0.000207158918829318,-4.81264651764675e-06,0.00172634754721416
9151.25675361174,-9.24174847924044e-06,-0.000265321506624802,-5.01704977374481e-06,-0.00221003079227916,4.6713630754014e-07,0.000205731879330658,-4.74657551072988e-06,0.00171445739439377
9214.72207739435,-9.1149203134693e-06,-0.000263491772882313,-4.94823762692369e-06,-0.00219480612312027,4.60728019725637e-07,0.000204314673663844,-4.68141165183184e-06,0.00170264913638989
9278.6275426167,-8.98983216836054e-06,-0.000261674689688089,-4.88036849099505e-06,-0.00217968638060352,4.54407584829684e-07,0.000202907233991555,-4.61714248361314e-06,0.00169092220910466
9342.97620172496,-8.86646018510125e-06,-0.000259870168918832,-4.81342946444435e-06,-0.00216467084065392,4.48173800021713e-07,0.000201509492945905,-4.55375571986623e-06,0.00167927605232655
9407.77112833456,-8.74478083165963e-06,-0.000258078123078561,-4.74740782167464e-06,-0.00214975878421227,4.4202547889681e-07,0.000200121383625163,-4.49123924316275e-06,0.00166771010970356
9473.0154173768,-8.62477089831954e-06,-0.000256298465293883,-4.68229101062414e-06,-0.00213494949719999,4.35961451252585e-07,0.000198742839590502,-4.42958110253346e-06,0.00165622382871662
9538.71218524687,-8.50640749327521e-06,-0.000254531109309288,-4.61806665041535e-06,-0.0021202422704843,4.29980562869023e-07,0.000197373794862762,-4.36876951117981e-06,0.00164481666065315
9604.86456995261,-8.38966803828632e-06,-0.000252775969482496,-4.55472252903576e-06,-0.00210563639984354,4.24081675291318e-07,0.000196014183919244,-4.30879284421724e-06,0.00163348806058085
9671.47573126437,-8.27453026439211e-06,-0.000251032960779843,-4.49224660104958e-06,-0.00209113118593281,4.18263665615608e-07,0.000194663941690527,-4.24963963644948e-06,0.00162223748732162
9738.54885086602,-8.16097220768357e-06,-0.0002493019987717,-4.43062698533991e-06,-0.00207672593424984,4.12525426277601e-07,0.0001933230035573,-4.19129858017341e-06,0.00161106440342569
9806.08713250685,-8.04897220513362e-06,-0.000247582999627941,-4.36985196288136e-06,-0.0020624199551011,4.06865864844049e-07,0.000191991305347225,-4.13375852301423e-06,0.00159996827514593
9874.09380215466,-7.93850889048354e-06,-0.000245875880113441,-4.30990997454214e-06,-0.00204821256356816,4.01283903807015e-07,0.000190668783331818,-4.07700846579037e-06,0.0015889485724123
9942.57210814976,-7.82956119018595e-06,-0.000244180557583619,-4.250789618916e-06,-0.00203410307947429,3.95778480380933e-07,0.000189355374223359,-4.02103756040785e-06,0.00157800476880653
10011.5253213603,-7.7221083194025e-06,-0.000242496949980015,-4.19247965018279e-06,-0.00202009082735131,3.90348546302373e-07,0.000188051015171807,-3.96583510778349e-06,0.00156713634153693
10080.9567353381,-7.61612977805653e-06,-0.000240824975825909,-4.13496897599799e-06,-0.00200617513640666,3.84993067632531e-07,0.000186755643761761,-3.91139055579691e-06,0.00155634277141343
10150.8696664767,-7.5116053469391e-06,-0.000239164554221973,-4.07824665541037e-06,-0.00199235534049073,3.79711024562359e-07,0.000185469198009422,-3.85769349727048e-06,0.00154562354282271
10221.267454169,-7.4085150838684e-06,-0.000237515604841962,-4.02230189680762e-06,-0.00197863077806439,3.74501411220337e-07,0.000184191616359591,-3.80473366797724e-06,0.00153497814370356
10292.1534609671,-7.30683931990115e-06,-0.000235878047928439,-3.96712405588947e-06,-0.00196500079216681,3.6936323548282e-07,0.000182922837682676,-3.75250094467616e-06,0.00152440606552242
10363.5310727429,-7.20655865559596e-06,-0.000234251804288542,-3.91270263366815e-06,-0.00195146473038343,3.64295518786969e-07,0.000181662801271733,-3.70098534317447e-06,0.00151390680324903
10435.4036988501,-7.10765395732721e-06,-0.000232636795289781,-3.85902727449545e-06,-0.00193802194481426,3.59297295946171e-07,0.000180411446839517,-3.65017701641657e-06,0.00150347985533233
10507.7747722864,-7.01010635364961e-06,-0.000231032942855873,-3.80608776411653e-06,-0.00192467179204232,3.54367614967983e-07,0.000179168714515564,-3.6000662525994e-06,0.00149312472367643
10580.647749858,-6.91389723171184e-06,-0.000229440169462607,-3.75387402774965e-06,-0.00191141363310231,3.49505536874505e-07,0.00017793454484328,-3.55064347331352e-06,0.00148284091361683
10654.0261123446,-6.81900823371946e-06,-0.000227858398133756,-3.70237612819181e-06,-0.00189824683344964,3.447101355252e-07,0.00017670887877707,-3.50189923171001e-06,0.00147262793389675
10727.9133646656,-6.72542125344572e-06,-0.000226287552437007,-3.65158426394978e-06,-0.00188517076292944,3.39980497442087e-07,0.000175491657679469,-3.45382421069234e-06,0.00146248529664367
10802.3130360475,-6.6331184327903e-06,-0.000224727556479939,-3.60148876739638e-06,-0.00187218479574604,3.35315721637315e-07,0.000174282823318303,-3.40640922113339e-06,0.00145241251734597
10877.2286801926,-6.54208215838444e-06,-0.000223178334906023,-3.55208010295126e-06,-0.00185928831043248,3.30714919443047e-07,0.00017308231786387,-3.35964520011666e-06,0.00144240911482981
10952.6638754485,-6.45229505824299e-06,-0.000221639812890667,-3.50334886528657e-06,-0.00184648068982038,3.26177214343655e-07,0.000171890083886136,-3.31352320920209e-06,0.00143247461123607
11028.6222249794,-6.36373999846151e-06,-0.00022011191613728,-3.45528577755635e-06,-0.00183376132100989,3.21701741810175e-07,0.000170706064351959,-3.2680344327153e-06,0.00142260853199757
11105.1073569377,-6.27640007995891e-06,-0.000218594570873382,-3.40788168965006e-06,-0.00182112959533998,3.17287649137013e-07,0.000169530202622322,-3.22317017606075e-06,0.00141281040581634
11182.1229246378,-6.19025863526413e-06,-0.000217087703846738,-3.36112757646939e-06,-0.00180858490835887,3.12934095280836e-07,0.000168362442449595,-3.17892186405781e-06,0.00140307976464108
11259.6726067303,-6.10529922534693e-06,-0.000215591242321524,-3.31501453622845e-06,-0.00179612665979467,3.08640250701665e-07,0.000167202727974815,-3.13528103929992e-06,0.00139341614364482
11337.7601073777,-6.02150563649168e-06,-0.00021410511407453,-3.26953378877671e-06,-0.00178375425352626,3.04405297206101e-07,0.000166051003724977,-3.09223936053618e-06,0.0013838190812027
11416.3891564316,-5.93886187721407e-06,-0.000212629247391389,-3.22467667394468e-06,-0.00177146709755439,3.00228427792686e-07,0.000164907214610357,-3.04978860107533e-06,0.00137428811886987
11495.5635096105,-5.85735217521954e-06,-0.000211163571062834,-3.1804346499117e-06,-0.0017592646039729,2.96108846499337e-07,0.000163771305921839,-3.00792064721151e-06,0.00136482280135958
11575.2869486794,-5.77696097440357e-06,-0.000209708014380999,-3.1367992915959e-06,-0.00174714618894027,2.92045768252869e-07,0.000162643223328281,-2.96662749667191e-06,0.00135542267652145
11655.5632816306,-5.69767293189259e-06,-0.000208262507135734,-3.09376228906577e-06,-0.00173511127265126,2.88038418720537e-07,0.000161522912873877,-2.92590125708549e-06,0.00134608729531982
11736.3963428651,-5.61947291512555e-06,-0.00020682697961096,-3.05131544597318e-06,-0.00172315927930884,2.8408603416359e-07,0.000160410320975553,-2.88573414447303e-06,0.00133681621181231
11817.7899933763,-5.54234599897502e-06,-0.000205401362581049,-3.00945067800752e-06,-0.00171128963709622,2.80187861292819e-07,0.000159305394420378,-2.84611848175773e-06,0.00132760898312848
11899.7481209338,-5.46627746290794e-06,-0.000203985587307236,-2.96816001137074e-06,-0.00169950177814922,2.76343157126052e-07,0.000158208080362991,-2.80704669729645e-06,0.00131846516944868
11982.2746402699,-5.39125278818472e-06,-0.000202579585534062,-2.92743558127288e-06,-0.00168779513852869,2.72551188847576e-07,0.000157118326323046,-2.76851132343102e-06,0.00130938433398302
12065.3734932659,-5.31725765509698e-06,-0.000201183289485837,-2.88726963044804e-06,-0.00167616915819322,2.68811233669482e-07,0.000156036080182679,-2.73050499505961e-06,0.00130036604295049
12149.0486491407,-5.24427794024266e-06,-0.000199796631863141,-2.84765450769025e-06,-0.001664623280972,2.65122578694865e-07,0.000154961290183988,-2.6930204482276e-06,0.00129140986555822
12233.3041046402,-5.1722997138386e-06,-0.000198419545839353,-2.80858266640924e-06,-0.00165315695453789,2.61484520782896e-07,0.000153893904926537,-2.65605051873795e-06,0.00128251537398091
12318.1438842285,-5.10130923706956e-06,-0.000197051965057194,-2.77004666320558e-06,-0.0016417696303807,2.57896366415717e-07,0.000152833873364868,-2.61958814078058e-06,0.00127368214334035
12403.5720402798,-5.03129295947375e-06,-0.000195693823625321,-2.7320391564652e-06,-0.00163046076378061,2.54357431567141e-07,0.000151781144806042,-2.58362634558071e-06,0.00126490975168515
12489.5926532723,-4.96223751636368e-06,-0.000194345056114923,-2.69455290497284e-06,-0.00161922981378182,2.50867041573131e-07,0.000150735668907187,-2.54815826006564e-06,0.00125619777997053
12576.2098319827,-4.89412972628266e-06,-0.000193005597556368,-2.65758076654427e-06,-0.00160807624316636,2.47424531004041e-07,0.000149697395673071,-2.51317710555001e-06,0.00124754581203831
12663.427713683,-4.82695658849559e-06,-0.000191675383435857,-2.62111569667692e-06,-0.00159699951842812,2.44029243538582e-07,0.000148666275453688,-2.478676196439e-06,0.00123895343459702
12751.2504643373,-4.7607052805145e-06,-0.000190354349692116,-2.5851507472189e-06,-0.00158599910974703,2.40680531839511e-07,0.000147642258941863,-2.44464893894951e-06,0.00123042023720217
12839.6822788018,-4.6953631556574e-06,-0.000189042432713112,-2.5496790650559e-06,-0.00157507449096343,2.37377757430988e-07,0.000146625297170871,-2.41108882984877e-06,0.00122194581223658
12928.7273810244,-4.63091774064095e-06,-0.000187739569332793,-2.51469389081591e-06,-0.00156422513955264,2.34120290577621e-07,0.000145615341512075,-2.3779894552104e-06,0.00121352975489093
13018.3900242466,-4.56735673320558e-06,-0.000186445696827856,-2.48018855759144e-06,-0.0015534505365997,2.30907510165129e-07,0.000144612343672583,-2.34534448918751e-06,0.00120517166314443
13108.6744912069,-4.50466799977349e-06,-0.00018516075291454,-2.4461564896791e-06,-0.00154275016677425,2.27738803582645e-07,0.000143616255692916,-2.31314769280275e-06,0.00119687113774556
13199.5850943454,-4.44283957313819e-06,-0.000183884675745443,-2.41259120133612e-06,-0.00153212351830567,2.24613566606606e-07,0.000142627029944696,-2.28139291275483e-06,0.00118862778219302
13291.1261760091,-4.38185965018607e-06,-0.000182617403906365,-2.37948629555383e-06,-0.00152157008295832,2.21531203286221e-07,0.000141644619128349,-2.2500740802417e-06,0.00118044120271678
13383.3021086605,-4.32171658964873e-06,-0.000181358876413177,-2.34683546284767e-06,-0.00151108935600699,2.18491125830502e-07,0.000140668976270826,-2.21918520979961e-06,0.00117231100825923
13476.1172950852,-4.26239890988624e-06,-0.000180109032708713,-2.3146324800636e-06,-0.00150068083621251,2.15492754496818e-07,0.000139700054723337,-2.18872039815838e-06,0.00116423681045655
13569.576168603,-4.20389528670071e-06,-0.000178867812659688,-2.28287120920076e-06,-0.00149034402579757,2.12535517480977e-07,0.000138737808159104,-2.15867382311232e-06,0.00115621822362007
13663.6831932795,-4.14619455117949e-06,-0.000177635156553639,-2.25154559624995e-06,-0.00148007843042263,2.09618850808787e-07,0.000137782190571129,-2.12903974240657e-06,0.00114825486471792
13758.4428641392,-4.08928568756826e-06,-0.000176411005095886,-2.22064967004793e-06,-0.00146988355916209,2.06742198229103e-07,0.000136833156269973,-2.09981249263892e-06,0.00114034635335664
13853.8597073802,-4.03315783117276e-06,-0.000175195299406528,-2.19017754114726e-06,-0.00145975892448058,2.03905011108321e-07,0.000135890659881559,-2.07098648817661e-06,0.00113249231176308
13949.9382805904,-3.97780026628958e-06,-0.000173987981017451,-2.16012340070143e-06,-0.00144970404220941,2.01106748326311e-07,0.000134954656344984,-2.04255622008805e-06,0.00112469236476629
14046.6831729655,-3.92320242416492e-06,-0.00017278899186936,-2.13048151936509e-06,-0.0014397184315232,1.98346876173756e-07,0.000134025100910349,-2.01451625508924e-06,0.00111694613977962
14144.0990055278,-3.86935388098156e-06,-0.000171598274308846,-2.10124624620928e-06,-0.00142980161491671,1.95624868250904e-07,0.000133101949136604,-1.98686123450466e-06,0.0011092532667829
14242.190431347,-3.81624435587304e-06,-0.00017041577108546,-2.07241200765122e-06,-0.00141995311818176,1.92940205367673e-07,0.000132185156889405,-1.9595858732424e-06,0.00110161337830476
14340.9621357626,-3.76386370896531e-06,-0.000169241425348823,-2.04397330639881e-06,-0.00141017247038437,1.90292375445141e-07,0.000131274680338994,-1.9326849587835e-06,0.00109402610940506
14440.4188366077,-3.71220193944487e-06,-0.000168075180645745,-2.01592472040927e-06,-0.00140045920384203,1.87680873418352e-07,0.000130370475958083,-1.90615335018501e-06,0.00108649109765747
14540.5652844341,-3.66124918365354e-06,-0.000166916980917381,-1.98826090186208e-06,-0.00139081285410116,1.85105201140467e-07,0.000129472500519762,-1.87998597709691e-06,0.00107900798313215
14641.4062627396,-3.61099571320918e-06,-0.000165766770496399,-1.96097657614569e-06,-0.00138123295991471,1.82564867288197e-07,0.000128580711095418,-1.8541778387924e-06,0.00107157640837851
14742.946588196,-3.56143193315213e-06,-0.000164624494104169,-1.93406654085813e-06,-0.00137171906321988,1.8005938726854e-07,0.000127695065052667,-1.82872400321168e-06,0.00106419601840818
14845.1911108798,-3.51254838011701e-06,-0.000163490096847984,-1.90752566482109e-06,-0.0013622707091161,1.77588283126779e-07,0.000126815520053303,-1.8036196060187e-06,0.00105686646067801
14948.1447145032,-3.46433572052956e-06,-0.000162363524218289,-1.88134888710747e-06,-0.00135288744584305,1.75151083455739e-07,0.000125942034051261,-1.77885984967101e-06,0.00104958738507324
15051.8123166476,-3.41678474882801e-06,-0.000161244722085941,-1.85553121608203e-06,-0.00134356882475889,1.72747323306265e-07,0.000125074565290592,-1.7544400025023e-06,0.00104235844389077
15156.1988689989,-3.36988638570901e-06,-0.000160133636699487,-1.83006772845523e-06,-0.00133431440031867,1.7037654409894e-07,0.000124213072303458,-1.7303553978176e-06,0.00103517929182253
15261.3093575835,-3.3236316763973e-06,-0.000159030214682461,-1.8049535683497e-06,-0.00132512373005282,1.68038293536985e-07,0.000123357513908132,-1.70660143300092e-06,0.00102804958593898
15367.1488030065,-3.27801178893926e-06,-0.000157934403030704,-1.78018394637967e-06,-0.00131599637454585,1.6573212552036e-07,0.000122507849207021,-1.68317356863512e-06,0.00102096898567274
15473.7222606918,-3.23301801251967e-06,-0.000156846149109705,-1.75575413874263e-06,-0.00130693189741516,1.63457600061025e-07,0.000121664037584697,-1.66006732763385e-06,0.00101393715280232
15581.0348211234,-3.18864175580158e-06,-0.000155765400651958,-1.73165948632355e-06,-0.00129792986529008,1.61214283199362e-07,0.000120826038705944,-1.63727829438556e-06,0.00100695375143591
15689.0916100885,-3.14487454528881e-06,-0.000154692105754344,-1.70789539381115e-06,-0.00128898984779089,1.59001746921727e-07,0.000119993812513816,-1.61480211390903e-06,0.00100001844799538
15797.8977889225,-3.10170802371101e-06,-0.000153626212875534,-1.68445732882627e-06,-0.00128011141750821,1.56819569079143e-07,0.000119167319227717,-1.59263449102079e-06,0.000993130911200338
15907.4585547554,-3.05913394843059e-06,-0.000152567670833401,-1.66134082106199e-06,-0.00127129414998231,1.54667333307073e-07,0.000118346519341482,-1.57077118951373e-06,0.000986290812052253
16017.7791407599,-3.0171441898717e-06,-0.000151516428802469,-1.63854146143558e-06,-0.00126253762368276,1.52544628946316e-07,0.000117531373621479,-1.54920803134715e-06,0.000979497823818787
16128.8648164017,-2.97573072997046e-06,-0.000150472436311363,-1.6160549012518e-06,-0.00125384141998807,1.50451050964958e-07,0.000116721843104725,-1.52794089584788e-06,0.000972751622018148
16240.720887691,-2.93488566064665e-06,-0.000149435643240295,-1.59387685137782e-06,-0.00124520512316558,1.48386199881403e-07,0.000115917889097014,-1.50696571892241e-06,0.000966051884403607
16353.352697436,-2.89460118229611e-06,-0.000148405999818554,-1.57200308142909e-06,-0.00123662832035142,1.4634968168844e-07,0.000115119473171052,-1.4862784922798e-06,0.00095939829094808
16466.765625498,-2.85486960230388e-06,-0.000147383456622027,-1.55042941896653e-06,-0.00122811060153068,1.44341107778354e-07,0.000114326557164615,-1.4658752626653e-06,0.000952790523828854
16580.9650890484,-2.81568333357764e-06,-0.000146367964570732,-1.5291517487045e-06,-0.00121965155951761,1.42360094869055e-07,0.000113539103178713,-1.4457521311045e-06,0.000946228267412386
16695.9565428276,-2.77703489310131e-06,-0.000145359474926371,-1.50816601172958e-06,-0.00121125078993609,1.40406264931218e-07,0.000112757073575769,-1.42590525215788e-06,0.000939711208239233
16811.7454794054,-2.73891690050831e-06,-0.000144357939289903,-1.48746820473001e-06,-0.00120290789120015,1.38479245116406e-07,0.000111980430977812,-1.40633083318552e-06,0.000933239035009061
16928.3374294433,-2.7013220766745e-06,-0.000143363309599132,-1.4670543792356e-06,-0.00119462246449464,1.36578667686188e-07,0.00011120913826468,-1.38702513362206e-06,0.000926811438565784
17045.737961959,-2.66424324233023e-06,-0.000142375538126317,-1.44692064086798e-06,-0.00118639411375605,1.34704169942209e-07,0.000110443158572235,-1.36798446426144e-06,0.000920428111882779
17163.9526845917,-2.62767331669156e-06,-0.000141394577475799,-1.42706314860107e-06,-0.00117822244565348,1.32855394157226e-07,0.000109682455290596,-1.34920518655167e-06,0.000914088750048229
17282.9872438709,-2.59160531611005e-06,-0.000140420380581641,-1.40747811403161e-06,-0.00117010706956968,1.31031987507079e-07,0.000108926992062377,-1.33068371189908e-06,0.000907793050250537
17402.8473254854,-2.55603235274115e-06,-0.000139452900705294,-1.38816180065964e-06,-0.00116204759758232,1.2923360200359e-07,0.000108176732780945,-1.31241650098233e-06,0.000901540711763876
17523.5386545551,-2.52094763323078e-06,-0.000138492091433272,-1.36911052317875e-06,-0.00115404364444527,1.27459894428375e-07,0.000107431641588679,-1.29440006307564e-06,0.000895331435933802
17645.0669959044,-2.48634445741992e-06,-0.000137537906674852,-1.35032064677606e-06,-0.00114609482757013,1.25710526267569e-07,0.000106691682875256,-1.27663095538153e-06,0.000889164926162999
17767.4381543379,-2.45221621706683e-06,-0.000136590300659786,-1.33178858644162e-06,-0.00113820076700782,1.23985163647431e-07,0.000105956821275935,-1.25910578237256e-06,0.000883040887897095
17890.6579749169,-2.418556394587e-06,-0.000135649227936031,-1.3135108062874e-06,-0.0011303610854303,1.22283477270833e-07,0.000105227021669863,-1.24182119514219e-06,0.000876959028610599
18014.7323432395,-2.38535856181004e-06,-0.000134714643367495,-1.29548381887533e-06,-0.00112257540811244,1.20605142354612e-07,0.000104502249178385,-1.22477389076454e-06,0.000870919057792912
18139.667185721,-2.35261637875389e-06,-0.000133786502131808,-1.27770418455471e-06,-0.00111484336291402,1.18949838567785e-07,0.000103782469163374,-1.20796061166297e-06,0.000864920686934459
18265.4684698776,-2.32032359241558e-06,-0.000132864759718093,-1.2601685108085e-06,-0.00110716458026184,1.173172499706e-07,0.000103067647225563,-1.19137814498727e-06,0.000858963629512891
18392.1422046107,-2.28847403557876e-06,-0.000131949371924771,-1.24287345160863e-06,-0.00109953869313194,1.15707064954419e-07,0.0001023577492029,-1.17502332199952e-06,0.00085304760097941
18519.6944404947,-2.25706162563735e-06,-0.000131040294857374,-1.22581570677999e-06,-0.00109196533703199,1.14118976182427e-07,0.000101652741168901,-1.15889301746825e-06,0.000847172318745155
18648.1312700654,-2.22608036343549e-06,-0.000130137484926369,-1.20899202137321e-06,-0.00108444414998374,1.12552680531146e-07,0.000100952589431029,-1.14298414907101e-06,0.000841337502167719
18777.4588281112,-2.19552433212322e-06,-0.000129240898845013,-1.19239918504585e-06,-0.00107697477250569,1.11007879032749e-07,0.00010025726052907,-1.12729367680516e-06,0.000835542872537725
18907.6832919665,-2.16538769602797e-06,-0.000128350493627206,-1.17603403145218e-06,-0.00106955684759574,1.09484276818165e-07,9.95667212335343e-05,-1.11181860240667e-06,0.000829788153065516
19038.810881806,-2.13566469954142e-06,-0.000127466226585376,-1.15989343764116e-06,-0.00106219002071411,1.07981583060952e-07,9.88809385440564e-05,-1.09655596877701e-06,0.000824073068867934
19170.8478609426,-2.1063496660216e-06,-0.000126588055328366,-1.14397432346268e-06,-0.00105487393976627,1.06499510921949e-07,9.81998796878138e-05,-1.08150285941779e-06,0.000818397346955176
19303.8005361258,-2.07743699671012e-06,-0.00012571593775935,-1.12827365098193e-06,-0.00104760825508605,1.05037777494673e-07,9.75235121179552e-05,-1.06665639787331e-06,0.000812760716217764
19437.6752578439,-2.04892116966409e-06,-0.000124849832073751,-1.11278842390165e-06,-0.00104039261941883,1.03596103751466e-07,9.6851803512037e-05,-1.05201374718063e-06,0.000807162907413577
19572.4784206263,-2.02079673870285e-06,-0.000123989696757184,-1.09751568699244e-06,-0.00103322668790487,1.0217421449038e-07,9.61847217704749e-05,-1.0375721093273e-06,0.000801603653155002
19708.2164633496,-1.99305833236892e-06,-0.00012313549058341,-1.08245252553061e-06,-0.00102611011806274,1.00771838282788e-07,9.55222350150021e-05,-1.02332872471647e-06,0.000796082687896147
19844.8958695448,-1.96570065290341e-06,-0.000122287172612308,-1.06759606474394e-06,-0.00101904256977292,9.93887074216998e-08,9.48643115871418e-05,-1.00928087163938e-06,0.000790599747920161
19982.5231677076,-1.93871847523523e-06,-0.000121444702187854,-1.05294346926481e-06,-0.00101202370526138,9.80245578708013e-08,9.4210920046687e-05,-9.954258657551e-07,0.00078515457132663
20121.1049316092,-1.91210664598438e-06,-0.000120608038936128,-1.03849194259091e-06,-0.00100505318908347,9.66791292141769e-08,9.35620291701945e-05,-9.81761059577377e-07,0.000779746898019068
20260.6477806113,-1.8858600824787e-06,-0.000119777142763322,-1.02423872655322e-06,-0.000998130688107742,9.53521646067228e-08,9.29176079494852e-05,-9.68283841968586e-07,0.000774376469692483
20401.1583799816,-1.85997377178422e-06,-0.000118951973853773,-1.01018110079141e-06,-0.000991255871499983,9.40434107252414e-08,9.22776255901594e-05,-9.549916376406e-07,0.000769043029821049
20542.6434412127,-1.83444276974873e-06,-0.000118132492668005,-9.96316382236133e-07,-0.000984428410707334,9.27526177201972e-08,9.16420515101175e-05,-9.41881906662505e-07,0.000763746323645832
20685.1097223421,-1.8092622000585e-06,-0.000117318659940785,-9.82641924598694e-07,-0.000977647979442526,9.14795391681399e-08,9.10108553380962e-05,-9.28952143975119e-07,0.000758486098162639
20828.5640282755,-1.78442725330785e-06,-0.000116510436679197,-9.69155117867432e-07,-0.000970914253668206,9.02239320247704e-08,9.03840069122096e-05,-9.16199878912123e-07,0.000753262102109908
20973.0132111114,-1.75993318608158e-06,-0.000115707784160726,-9.55853387811136e-07,-0.000964226911581405,8.89855565786543e-08,8.97614762785055e-05,-9.03622674727831e-07,0.000748074085956725
21118.464170469,-1.73577532004984e-06,-0.000114910663931359,-9.42734195489149e-07,-0.000957585633598077,8.77641764055636e-08,8.91432336895269e-05,-8.91218128131385e-07,0.000742921801890886
21264.923853817,-1.71194904107556e-06,-0.0001141190378037,-9.29795036768229e-07,-0.00095099010233778,8.65595583234465e-08,8.8529249602888e-05,-8.78983868827403e-07,0.000737805003807068
21412.3992568061,-1.68844979833392e-06,-0.000113332867855094,-9.17033441845951e-07,-0.000944440002608433,8.5371472348009e-08,8.79194946798562e-05,-8.66917559062891e-07,0.000732723447295064
21560.8974236026,-1.6652731034441e-06,-0.000112552116425771,-9.04446974780663e-07,-0.00093793502139121,8.41996916489079e-08,8.7313939783947e-05,-8.55016893180418e-07,0.000727676889628111
21710.4254472254,-1.64241452961274e-06,-0.000111776746116998,-8.92033233027819e-07,-0.000931474847825505,8.30439925065374e-08,8.67125559795261e-05,-8.43279597177387e-07,0.00072266508975129
21860.9904698845,-1.61986971078925e-06,-0.000111006719789251,-8.79789846982692e-07,-0.000925059173194035,8.19041542694136e-08,8.61153145304238e-05,-8.31703428271402e-07,0.000717687808270012
22012.599683322,-1.59763434083265e-06,-0.000110242000560393,-8.6771447952928e-07,-0.000918687690908019,8.07799593121345e-08,8.55221868985564e-05,-8.20286174471563e-07,0.000712744807438579
22165.260329156,-1.57570417268987e-06,-0.000109482551803869,-8.55804825595433e-07,-0.000912360096492485,7.96711929939203e-08,8.49331447425596e-05,-8.09025654155691e-07,0.000707835851148829
22318.9796992262,-1.55407501758524e-06,-0.000108728337146915,-8.44058611713999e-07,-0.000906076087571646,7.85776436177176e-08,8.43481599164287e-05,-7.97919715653314e-07,0.000702960704918848
22473.7651359423,-1.53274274422117e-06,-0.000107979320468778,-8.32473595590017e-07,-0.000899835363854424,7.74991023898655e-08,8.37672044681717e-05,-7.8696623683443e-07,0.00069811913588178
22629.6240326348,-1.51170327798971e-06,-0.000107235465898948,-8.21047565673777e-07,-0.000893637627120024,7.64353633803095e-08,8.31902506384679e-05,-7.76163124703867e-07,0.000693310912774687
22786.5638339077,-1.49095260019501e-06,-0.000106496737815408,-8.09778340739759e-07,-0.000887482581203649,7.53862234833644e-08,8.26172708593392e-05,-7.65508315001266e-07,0.000688535805927515
22944.592035995,-1.47048674728631e-06,-0.00010576310084289,-7.98663769471284e-07,-0.000881369931982286,7.43514823790093e-08,8.20482377528276e-05,-7.54999771806504e-07,0.000683793587252109
23103.7161871177,-1.45030181010157e-06,-0.000105034519851148,-7.87701730050878e-07,-0.000875299387360617,7.33309424947163e-08,8.14831241296853e-05,-7.44635487150589e-07,0.000679084030231328
23263.9438878451,-1.43039393312136e-06,-0.000104310959953241,-7.76890129756196e-07,-0.000869270657256998,7.23244089677972e-08,8.09219029880699e-05,-7.34413480631854e-07,0.000674406909908211
23425.2827914574,-1.4107593137331e-06,-0.000103592386503831,-7.66226904561512e-07,-0.000863283453589561,7.13316896082695e-08,8.03645475122525e-05,-7.24331799037458e-07,0.000669762002875241
23587.7406043117,-1.39139420150522e-06,-0.00010287876509749,-7.55710018744609e-07,-0.000857337490262399,7.03525948622259e-08,7.98110310713318e-05,-7.14388515970054e-07,0.000665149087263663
23751.3250862094,-1.37229489747145e-06,-0.000102170061567025,-7.45337464499093e-07,-0.000851432483151852,6.93869377757103e-08,7.9261327217959e-05,-7.04581731479613e-07,0.000660567942732893
23916.0440507678,-1.35345775342479e-06,-0.000101466241981806,-7.35107261551953e-07,-0.000845568150092881,6.84345339590828e-08,7.871540968707e-05,-6.94909571700277e-07,0.000656018350459981
24081.9053657923,-1.33487917122119e-06,-0.000100767272646114,-7.250174567864e-07,-0.000839744210865553,6.7495201551876e-08,7.81732523946285e-05,-6.8537018849223e-07,0.000651500093129171
24248.9169536531,-1.31655560209282e-06,-0.000100073120097498,-7.15066123869816e-07,-0.000833960387181597,6.656876118813e-08,7.76348294363751e-05,-6.75961759088448e-07,0.0006470129549215
24417.0867916629,-1.2984835459707e-06,-9.93837511051433e-05,-7.05251362886837e-07,-0.000828216402671076,6.56550359622041e-08,7.71001150865878e-05,-6.66682485746347e-07,0.00064255672150451
24586.4229124585,-1.28065955081666e-06,-9.86991326682538e-05,-6.955712999774e-07,-0.00082251198286913,6.47538513950526e-08,7.65690837968487e-05,-6.57530595404169e-07,0.000638131180021988
24756.933404384,-1.2630802119644e-06,-9.8019232014442e-05,-6.86024086979794e-07,-0.000816846855202832,6.38650354009672e-08,7.60417101948212e-05,-6.48504339342124e-07,0.000633736119083813
24928.6264118777,-1.24574217146965e-06,-9.73440165981335e-05,-6.76607901078543e-07,-0.000811220748978119,6.29884182547692e-08,7.55179690830341e-05,-6.3960199284816e-07,0.000629371328755844
25101.5101358603,-1.22864211746922e-06,-9.66734540989839e-05,-6.67320944457145e-07,-0.000805633395366822,6.21238325594558e-08,7.49978354376758e-05,-6.30821854888342e-07,0.000625036600549903
25275.5928341276,-1.21177678354877e-06,-9.60075124203031e-05,-6.58161443955526e-07,-0.00080008452739378,6.12711132142844e-08,7.44812844073945e-05,-6.22162247781736e-07,0.000620731727413805
25450.882821744,-1.19514294811937e-06,-9.53461596874957e-05,-6.49127650732207e-07,-0.000794573879924056,6.04300973832984e-08,7.39682913121097e-05,-6.13621516879789e-07,0.000616456503721475
25627.3884714405,-1.17873743380251e-06,-9.4689364246508e-05,-6.40217839931065e-07,-0.000789101189650221,5.96006244642793e-08,7.34588316418287e-05,-6.0519803025007e-07,0.000612210725263114
25805.1182140139,-1.16255710682357e-06,-9.40370946622902e-05,-6.31430310352682e-07,-0.000783666195079748,5.87825360581284e-08,7.29528810554746e-05,-5.96890178364402e-07,0.000607994189235458
25984.08053873,-1.14659887641361e-06,-9.33893197172665e-05,-6.22763384130163e-07,-0.000778268636522476,5.79756759386633e-08,7.24504153797194e-05,-5.88696373791234e-07,0.000603806694232074
26164.2839937291,-1.13085969421939e-06,-9.27460084098174e-05,-6.14215406409395e-07,-0.000772908256078172,5.71798900228309e-08,7.19514106078269e-05,-5.80615050892261e-07,0.000599648040233747
26345.7371864336,-1.11533655372143e-06,-9.21071299527742e-05,-6.057847450337e-07,-0.00076758479762418,5.63950263413276e-08,7.14558428985042e-05,-5.72644665523214e-07,0.000595518028598928
26528.4487839603,-1.10002648966005e-06,-9.14726537719209e-05,-5.97469790232767e-07,-0.000762298006803138,5.56209350096198e-08,7.09636885747583e-05,-5.64783694738732e-07,0.000591416462054234
26712.4275135331,-1.08492657746935e-06,-9.08425495045107e-05,-5.89268954315878e-07,-0.000757047631010808,5.48574681993648e-08,7.04749241227648e-05,-5.57030636501327e-07,0.000587343144685033
26897.6821629011,-1.07003393271886e-06,-9.02167869977897e-05,-5.81180671369292e-07,-0.000751833419383967,5.41044801102187e-08,6.99895261907399e-05,-5.49384009394301e-07,0.000583297881926079
27084.2215807571,-1.05534571056292e-06,-8.95953363075342e-05,-5.73203396957811e-07,-0.000746655122788394,5.33618269420347e-08,6.95074715878243e-05,-5.41842352338646e-07,0.000579280480552222
27272.0546771616,-1.04085910519755e-06,-8.89781676965951e-05,-5.65335607830387e-07,-0.000741512493806932,5.26293668674377e-08,6.90287372829717e-05,-5.34404224313797e-07,0.000575290748669171
27461.1904239671,-1.02657134932481e-06,-8.83652516334566e-05,-5.57575801629796e-07,-0.000736405286727647,5.19069600047788e-08,6.85533004038472e-05,-5.27068204082253e-07,0.000571328495704336
27651.6378552475,-1.01247971362451e-06,-8.77565587908008e-05,-5.49922496606255e-07,-0.000731333257532049,5.11944683914562e-08,6.80811382357315e-05,-5.19832889917943e-07,0.000567393532397712
27843.4060677294,-9.98581506233118e-07,-8.7152060044087e-05,-5.42374231334981e-07,-0.000726296163883416,5.04917559576046e-08,6.76122282204347e-05,-5.12696899338362e-07,0.000563485670792852
28036.5042212264,-9.8487407222984e-07,-8.65517264701372e-05,-5.34929564437593e-07,-0.000721293765115176,4.97986885001427e-08,6.71465479552151e-05,-5.05658868840345e-07,0.000559604724227873
28230.9415390768,-9.71354793129786e-07,-8.59555293457347e-05,-5.27587074307354e-07,-0.000716325822219393,4.91151336571774e-08,6.66840751917085e-05,-4.98717453639506e-07,0.000555750507326553
28426.7273085842,-9.58021086384008e-07,-8.53634401462301e-05,-5.2034535883814e-07,-0.000711392097835313,4.8440960882758e-08,6.62247878348617e-05,-4.91871327413222e-07,0.000551922835989463
28623.8708814609,-9.44870404886471e-07,-8.47754305441602e-05,-5.13203035157156e-07,-0.000706492356238006,4.77760414219769e-08,6.57686639418764e-05,-4.85119182047179e-07,0.000548121527385182
28822.3816742749,-9.31900236487719e-07,-8.41914724078729e-05,-5.06158739361274e-07,-0.000701626363327069,4.71202482864094e-08,6.53156817211576e-05,-4.78459727385363e-07,0.000544346399941557
29022.2691688993,-9.19108103515277e-07,-8.36115378001662e-05,-4.99211126257015e-07,-0.000696793886615425,4.6473456229893e-08,6.4865819531272e-05,-4.71891690983522e-07,0.000540597273337033
29223.5429129655,-9.06491562300561e-07,-8.30355989769326e-05,-4.92358869104052e-07,-0.000691994695218183,4.58355417246351e-08,6.44190558799112e-05,-4.65413817865975e-07,0.000536873968492034
29426.2125203191,-8.94048202712346e-07,-8.24636283858174e-05,-4.85600659362268e-07,-0.000687228559841596,4.52063829376509e-08,6.39753694228639e-05,-4.59024870285797e-07,0.000533176307560415
29630.2876714792,-8.81775647696564e-07,-8.1895598664882e-05,-4.78935206442234e-07,-0.000682495252772067,4.45858597075216e-08,6.35347389629937e-05,-4.52723627488261e-07,0.000529504113920957
29835.7781141006,-8.69671552822478e-07,-8.13314826412811e-05,-4.7236123745914e-07,-0.000677794547865259,4.39738535214733e-08,6.30971434492255e-05,-4.46508885477567e-07,0.000525857212168941
30042.6936634399,-8.57733605835022e-07,-8.07712533299454e-05,-4.65877496990059e-07,-0.000673126220535262,4.33702474927674e-08,6.26625619755373e-05,-4.40379456786731e-07,0.000522235428107757
30251.0442028234,-8.45959526213334e-07,-8.02148839322774e-05,-4.59482746834575e-07,-0.000668490047743847,4.27749263384034e-08,6.22309737799608e-05,-4.3433417025068e-07,0.000518638588740595
30460.8396841202,-8.34347064735293e-07,-7.96623478348524e-05,-4.53175765778646e-07,-0.000663885807989779,4.21877763571245e-08,6.18023582435867e-05,-4.28371870782415e-07,0.000515066522262168
30672.0901282168,-8.22894003048079e-07,-7.91136186081327e-05,-4.46955349361736e-07,-0.000659313281298228,4.16086854077271e-08,6.13766948895793e-05,-4.22491419152294e-07,0.000511519058050514
30884.8056254963,-8.11598153244574e-07,-7.85686700051873e-05,-4.40820309647112e-07,-0.000654772249210223,4.10375428876652e-08,6.09539633821955e-05,-4.16691691770305e-07,0.000507996026658841
31098.9963363199,-8.00457357445619e-07,-7.8027475960424e-05,-4.34769474995301e-07,-0.000650262494772209,4.04742397119497e-08,6.05341435258131e-05,-4.10971580471362e-07,0.000504497259807436
31314.6724915125,-7.89469487387955e-07,-7.74900105883275e-05,-4.28801689840637e-07,-0.000645783802525651,3.99186682923353e-08,6.01172152639632e-05,-4.05329992303517e-07,0.00050102259037562
31531.8443928511,-7.78632444017867e-07,-7.69562481822087e-05,-4.2291581447088e-07,-0.000641335958496732,3.93707225167943e-08,5.97031586783716e-05,-3.99765849319118e-07,0.000497571852393773
31750.5224135575,-7.67944157090345e-07,-7.64261632129613e-05,-4.17110724809841e-07,-0.000636918750186098,3.88302977292695e-08,5.92919539880049e-05,-3.9427808836879e-07,0.000494144881035399
31970.7169987928,-7.57402584773801e-07,-7.58997303278284e-05,-4.11385312203e-07,-0.000632531966558704,3.82972907097069e-08,5.88835815481254e-05,-3.88865660898293e-07,0.000490741512609255
32192.4386661572,-7.47005713260152e-07,-7.53769243491765e-05,-4.05738483206037e-07,-0.000628175398033697,3.77715996543598e-08,5.84780218493497e-05,-3.8352753274812e-07,0.000487361584551529
32415.6980061919,-7.36751556380305e-07,-7.48577202732799e-05,-4.00169159376288e-07,-0.000623848836474398,3.72531241563647e-08,5.80752555167165e-05,-3.78262683955894e-07,0.000484004935418082
32640.5056828852,-7.26638155224864e-07,-7.43420932691115e-05,-3.94676277067026e-07,-0.000619552075178332,3.67417651865816e-08,5.76752633087591e-05,-3.73070108561438e-07,0.000480671404876722
32866.8724341813,-7.16663577770093e-07,-7.38300186771446e-05,-3.89258787224591e-07,-0.000615284908867347,3.62374250746985e-08,5.72780261165855e-05,-3.6794881441455e-07,0.00047736083369956
33094.8090724944,-7.06825918508955e-07,-7.33214720081605e-05,-3.8391565518827e-07,-0.000611047133677776,3.57400074905934e-08,5.68835249629632e-05,-3.628978229854e-07,0.000474073063755393
33324.3264852235,-6.97123298087267e-07,-7.28164289420673e-05,-3.78645860492943e-07,-0.000606838547150695,3.52494174259533e-08,5.64917410014127e-05,-3.57916169177544e-07,0.000470807938002157
33555.4356352742,-6.87553862944791e-07,-7.23148653267243e-05,-3.73448396674412e-07,-0.000602658948222223,3.47655611761431e-08,5.61026555153049e-05,-3.53002901143487e-07,0.000467565300479419
33788.1475615808,-6.78115784961306e-07,-7.18167571767776e-05,-3.68322271077412e-07,-0.000598508137213911,3.4288346322325e-08,5.57162499169665e-05,-3.48157080102803e-07,0.000464344996300933
34022.4733796346,-6.68807261107476e-07,-7.13220806725003e-05,-3.63266504666241e-07,-0.000594385915823178,3.38176817138213e-08,5.53325057467903e-05,-3.43377780162728e-07,0.000461146871647235
34258.4242820144,-6.59626513100562e-07,-7.0830812158645e-05,-3.58280131837994e-07,-0.000590292087113831,3.33534774507208e-08,5.49514046723526e-05,-3.38664088141235e-07,0.000457970773758302
34496.0115389212,-6.5057178706481e-07,-7.03429281433006e-05,-3.53362200238346e-07,-0.000586226455506633,3.28956448667208e-08,5.45729284875361e-05,-3.34015103392521e-07,0.000454816550926248
34735.2464987164,-6.4164135319654e-07,-6.98584052967599e-05,-3.48511770579868e-07,-0.000582188826769955,3.24440965122076e-08,5.41970591116594e-05,-3.29429937634915e-07,0.000451684052488083
34976.1405884643,-6.32833505433788e-07,-6.93772204503936e-05,-3.43727916462821e-07,-0.000578179008010472,3.19987461375661e-08,5.38237785886116e-05,-3.24907714781115e-07,0.000448573128818509
35218.7053144771,-6.24146561130523e-07,-6.88993505955331e-05,-3.3900972419842e-07,-0.000574196807663945,3.155950867672e-08,5.34530690859944e-05,-3.20447570770791e-07,0.000445483631322783
35462.9522628655,-6.15578860735288e-07,-6.84247728823603e-05,-3.34356292634505e-07,-0.000570242035486045,3.11263002308963e-08,5.30849128942678e-05,-3.16048653405454e-07,0.000442415412429604
35708.8931000911,-6.07128767474296e-07,-6.79534646188065e-05,-3.2976673298361e-07,-0.000566314502543261,3.06990380526138e-08,5.27192924259048e-05,-3.11710122185626e-07,0.000439368325584081
35956.5395735246,-5.98794667038828e-07,-6.7485403269457e-05,-3.25240168653383e-07,-0.000562414021203852,3.02776405298893e-08,5.23561902145487e-05,-3.07431148150209e-07,0.000436342225240716
36205.9035120061,-5.90574967276961e-07,-6.70205664544663e-05,-3.20775735079336e-07,-0.000558540405128882,2.98620271706622e-08,5.19955889141788e-05,-3.03210913718095e-07,0.000433336966856464
36456.9968264106,-5.82468097889493e-07,-6.65589319484778e-05,-3.16372579559874e-07,-0.000554693469263292,2.94521185874306e-08,5.16374712982801e-05,-2.9904861253192e-07,0.000430352406883819
36709.831510217,-5.74472510130054e-07,-6.61004776795532e-05,-3.12029861093597e-07,-0.000550873029827055,2.90478364820998e-08,5.128182025902e-05,-2.94943449303984e-07,0.000427388402763963
36964.4196400802,-5.66586676509342e-07,-6.56451817281094e-05,-3.07746750218831e-07,-0.00054707890430639,2.86491036310382e-08,5.092861880643e-05,-2.90894639664283e-07,0.000424444812919956
37220.7733764093,-5.58809090503388e-07,-6.51930223258608e-05,-3.03522428855349e-07,-0.000543310911445014,2.82558438703362e-08,5.05778500675927e-05,-2.86901410010616e-07,0.000421521496749967
37478.9049639467,-5.51138266265852e-07,-6.4743977854772e-05,-2.99356090148267e-07,-0.000539568871235493,2.786798208127e-08,5.02294972858359e-05,-2.82962997360764e-07,0.000418618314620565
37738.8267323548,-5.43572738344245e-07,-6.42980268460153e-05,-2.95246938314079e-07,-0.00053585260491061,2.74854441759628e-08,4.98835438199302e-05,-2.79078649206689e-07,0.000415735127860044
38000.5510968034,-5.36111061400065e-07,-6.38551479789372e-05,-2.91194188488805e-07,-0.000532161934934834,2.71081570832428e-08,4.95399731432939e-05,-2.75247623370743e-07,0.000412871798751803
38264.0905585636,-5.28751809932748e-07,-6.34153200800309e-05,-2.87197066578209e-07,-0.000528496684995812,2.67360487346959e-08,4.91987688432024e-05,-2.71469187863841e-07,0.000410028190527762
38529.4577056047,-5.21493578007431e-07,-6.29785221219175e-05,-2.83254809110085e-07,-0.000524856679995944,2.63690480509088e-08,4.88599146200036e-05,-2.67742620745594e-07,0.000407204167361835
38796.6652131954,-5.14334978986429e-07,-6.25447332223322e-05,-2.79366663088555e-07,-0.000521241746044005,2.60070849279008e-08,4.85233942863381e-05,-2.64067209986347e-07,0.000404399594363435
39065.7258445091,-5.07274645264417e-07,-6.21139326431203e-05,-2.75531885850375e-07,-0.000517651710446832,2.56500902237426e-08,4.81891917663656e-05,-2.60442253331128e-07,0.000401614337571037
39336.6524512341,-5.00311228007218e-07,-6.16860997892375e-05,-2.71749744923194e-07,-0.000514086401701056,2.52979957453568e-08,4.7857291094996e-05,-2.5686705816545e-07,0.000398848263945776
39609.4579741865,-4.93443396894212e-07,-6.12612142077598e-05,-2.68019517885778e-07,-0.000510545649484909,2.49507342355013e-08,4.75276764171259e-05,-2.53340941382966e-07,0.000396101241365092
39884.1554439296,-4.86669839864237e-07,-6.08392555868975e-05,-2.64340492230129e-07,-0.000507029284650069,2.46082393599293e-08,4.72003319868805e-05,-2.49863229254934e-07,0.000393373138616416
40160.7579813948,-4.79989262865015e-07,-6.04202037550192e-05,-2.60711965225509e-07,-0.000503537139213579,2.42704456947273e-08,4.6875242166861e-05,-2.46433257301479e-07,0.00039066382539091
40439.2787985098,-4.73400389605984e-07,-6.00040386796801e-05,-2.57133243784316e-07,-0.000500069046349803,2.3937288713825e-08,4.65523914273967e-05,-2.4305037016462e-07,0.000387973172277232
40719.7311988284,-4.66901961314552e-07,-5.95907404666585e-05,-2.53603644329811e-07,-0.000496624840382458,2.36087047766776e-08,4.62317643458023e-05,-2.39713921483043e-07,0.000385301050755364
41002.1285781671,-4.60492736495661e-07,-5.91802893589984e-05,-2.50122492665646e-07,-0.000493204356776683,2.32846311161162e-08,4.59133456056409e-05,-2.36423273768586e-07,0.000382647333190466
41286.4844252437,-4.54171490694686e-07,-5.87726657360593e-05,-2.46689123847189e-07,-0.000489807432131175,2.29650058263656e-08,4.55971199959914e-05,-2.33177798284433e-07,0.000380011892826783
41572.812322323,-4.47937016263555e-07,-5.83678501125721e-05,-2.43302882054606e-07,-0.000486433904170371,2.26497678512256e-08,4.52830724107212e-05,-2.29976874924962e-07,0.000377394603781586
41861.1259458642,-4.41788122130104e-07,-5.79658231377024e-05,-2.39963120467695e-07,-0.000483083611736693,2.23388569724153e-08,4.49711878477644e-05,-2.26819892097264e-07,0.000374795341039167
42151.4390671752,-4.35723633570575e-07,-5.75665655941189e-05,-2.36669201142417e-07,-0.000479756394782833,2.20322137980761e-08,4.46614514084037e-05,-2.23706246604269e-07,0.000372213980444857
42443.7655530697,-4.29742391985257e-07,-5.71700583970704e-05,-2.3342049488914e-07,-0.00047645209436411,2.17297797514334e-08,4.43538482965594e-05,-2.20635343529491e-07,0.000369650398699103
42738.1193665299,-4.23843254677184e-07,-5.6776282593467e-05,-2.30216381152534e-07,-0.000473170552630858,2.14314970596128e-08,4.40483638180805e-05,-2.17606596123346e-07,0.000367104473351572
43034.5145673733,-4.18025094633889e-07,-5.638521936097e-05,-2.2705624789313e-07,-0.000469911612820891,2.1137308742611e-08,4.37449833800434e-05,-2.14619425691038e-07,0.000364576082795311
43332.9653129246,-4.12286800312133e-07,-5.59968500070858e-05,-2.23939491470486e-07,-0.000466675119251993,2.08471586024164e-08,4.34436924900536e-05,-2.11673261481973e-07,0.000362065106260927
43633.4858586911,-4.06627275425613e-07,-5.56111559682682e-05,-2.20865516527966e-07,-0.000463460917314485,2.05609912122803e-08,4.31444767555532e-05,-2.0876754058071e-07,0.000359571423810828
43936.0905590448,-4.01045438735551e-07,-5.52281188090254e-05,-2.17833735879095e-07,-0.000460268853463824,2.02787519061338e-08,4.28473218831325e-05,-2.05901707799388e-07,0.000357094916333486
44240.7938679069,-3.95540223844191e-07,-5.4847720221035e-05,-2.14843570395477e-07,-0.000457098775213269,2.00003867681518e-08,4.25522136778471e-05,-2.03075215571648e-07,0.000354635465537753
44547.6103394389,-3.90110578991099e-07,-5.44699420222625e-05,-2.11894448896235e-07,-0.00045395053112658,1.97258426224574e-08,4.22591380425388e-05,-2.00287523847995e-07,0.000352192953947206
44856.5546287376,-3.84755466852283e-07,-5.40947661560892e-05,-2.08985808038988e-07,-0.000450823970810789,1.94550670229708e-08,4.19680809771624e-05,-1.97538099992615e-07,0.000349767264894542
45167.641492535,-3.79473864342044e-07,-5.37221746904433e-05,-2.06117092212304e-07,-0.000447718944908997,1.91880082433942e-08,4.16790285781156e-05,-1.94826418681585e-07,0.000347358282515995
45480.8857899031,-3.74264762417578e-07,-5.33521498169393e-05,-2.03287753429642e-07,-0.000444635305093244,1.89246152673363e-08,4.1391967037575e-05,-1.92151961802511e-07,0.000344965891745812
45796.3024829641,-3.69127165886223e-07,-5.29846738500212e-05,-2.00497251224737e-07,-0.000441572904057408,1.86648377785713e-08,4.11068826428356e-05,-1.89514218355508e-07,0.00034258997831075
46113.9066376045,-3.64060093215386e-07,-5.26197292261145e-05,-1.97745052548428e-07,-0.000438531595510168,1.84086261514318e-08,4.08237617756559e-05,-1.86912684355577e-07,0.00034023042872462
46433.713424195,-3.59062576345047e-07,-5.2257298502781e-05,-1.95030631666891e-07,-0.000435511234168005,1.81559314413331e-08,4.0542590911606e-05,-1.84346862736287e-07,0.000337887130282864
46755.7381183149,-3.54133660502862e-07,-5.18973643578819e-05,-1.92353470061283e-07,-0.000432511675748264,1.79067053754279e-08,4.02633566194222e-05,-1.81816263254808e-07,0.000335559971057176
47079.9961014825,-3.49272404021782e-07,-5.15399095887455e-05,-1.89713056328744e-07,-0.000429532776962242,1.76609003433889e-08,3.99860455603637e-05,-1.79320402398229e-07,0.000333248839890148
47406.5028618884,-3.44477878160195e-07,-5.11849171113411e-05,-1.8710888608477e-07,-0.000426574395508354,1.74184693883181e-08,3.97106444875765e-05,-1.76858803291171e-07,0.000330953626389968
47735.2739951367,-3.39749166924513e-07,-5.08323699594586e-05,-1.84540461866917e-07,-0.000423636390065315,1.717936619778e-08,3.94371402454587e-05,-1.74430995604665e-07,0.000328674220925143
48066.3252049891,-3.35085366894219e-07,-5.04822512838941e-05,-1.82007293039833e-07,-0.000420718620285397,1.69435450949594e-08,3.91655197690329e-05,-1.72036515466288e-07,0.000326410514619261
48399.6723041153,-3.30485587049288e-07,-5.013454435164e-05,-1.79508895701581e-07,-0.000417820946787705,1.67109610299384e-08,3.88957700833206e-05,-1.69674905371515e-07,0.000324162399345794
48735.331214848,-3.25948948600007e-07,-4.97892325450831e-05,-1.7704479259126e-07,-0.000414943231151529,1.64815695710952e-08,3.86278783027233e-05,-1.67345714096314e-07,0.00032192976772293
49073.317969944,-3.21474584819092e-07,-4.94462993612051e-05,-1.7461451299788e-07,-0.000412085335909713,1.62553268966187e-08,3.83618316304051e-05,-1.65048496610914e-07,0.000319712513108445
49413.6487133493,-3.17061640876154e-07,-4.9105728410792e-05,-1.722175926705e-07,-0.000409247124542092,1.60321897861415e-08,3.80976173576824e-05,-1.62782813994783e-07,0.000317510529594609
49756.3397009709,-3.1270927367439e-07,-4.8767503417646e-05,-1.69853573729585e-07,-0.000406428461468962,1.58121156124861e-08,3.78352228634154e-05,-1.60548233352746e-07,0.000315323712003127
50101.4073014524,-3.08416651689558e-07,-4.84316082178056e-05,-1.67522004579589e-07,-0.000403629212044601,1.55950623335257e-08,3.75746356134059e-05,-1.5834432773228e-07,0.000313151955880114
50448.8679969571,-3.04182954811124e-07,-4.80980267587685e-05,-1.65222439822731e-07,-0.000400849242550828,1.53809884841551e-08,3.7315843159797e-05,-1.56170676041928e-07,0.000310995157491107
50798.7383839539,-3.00007374185622e-07,-4.77667430987225e-05,-1.62954440173955e-07,-0.000398088420190618,1.51698531683733e-08,3.70588331404791e-05,-1.54026862970839e-07,0.00030885321381611
51151.0351740109,-2.95889112062136e-07,-4.74377414057794e-05,-1.60717572377058e-07,-0.000395346613081746,1.49616160514736e-08,3.68035932784987e-05,-1.5191247890941e-07,0.000306726022544672
51505.7751945938,-2.91827381639921e-07,-4.71110059572157e-05,-1.58511409121967e-07,-0.000392623690250486,1.47562373523412e-08,3.65501113814714e-05,-1.49827119871023e-07,0.000304613482070998
51862.9753898685,-2.8782140691811e-07,-4.67865211387187e-05,-1.56335528963149e-07,-0.000389919521625356,1.45536778358569e-08,3.62983753409998e-05,-1.47770387414851e-07,0.000302515491489102
52222.6528215118,-2.83870422547476e-07,-4.64642714436363e-05,-1.54189516239144e-07,-0.000387233978030887,1.43538988054038e-08,3.60483731320939e-05,-1.45741888569723e-07,0.000300431950587979
52584.8246695256,-2.79973673684241e-07,-4.61442414722341e-05,-1.52072960993197e-07,-0.000384566931181464,1.41568620954783e-08,3.58000928125972e-05,-1.43741235759041e-07,0.000298362759846826
52949.5082330576,-2.7613041584588e-07,-4.58264159309557e-05,-1.49985458894981e-07,-0.000381918253675181,1.39625300644014e-08,3.55535225226154e-05,-1.4176804672672e-07,0.000296307820430281
53316.7209312277,-2.72339914768913e-07,-4.55107796316899e-05,-1.47926611163395e-07,-0.000379287818987758,1.37708655871305e-08,3.53086504839501e-05,-1.3982194446415e-07,0.000294267034183706
53686.4803039601,-2.68601446268641e-07,-4.51973174910414e-05,-1.45896024490418e-07,-0.000376675501466491,1.35818320481694e-08,3.5065464999535e-05,-1.37902557138159e-07,0.0002922403036285
54058.8040128205,-2.64914296100811e-07,-4.48860145296079e-05,-1.43893310966009e-07,-0.000374081176324249,1.3395393334576e-08,3.4823954452878e-05,-1.36009518019964e-07,0.000290227531957439
54433.709841861,-2.61277759825179e-07,-4.45768558712613e-05,-1.41918088004037e-07,-0.000371504719633503,1.32115138290655e-08,3.4584107307505e-05,-1.34142465415098e-07,0.000288228623030052
54811.215698468,-2.57691142670947e-07,-4.42698267424345e-05,-1.39969978269228e-07,-0.00036894600832041,1.30301584032088e-08,3.43459121064095e-05,-1.32301042594302e-07,0.000286243481368033
55191.3396142186,-2.5415375940404e-07,-4.39649124714126e-05,-1.38048609605108e-07,-0.000366404920158923,1.28512924107237e-08,3.41093574715039e-05,-1.30484897725358e-07,0.000284272012150674
55574.0997457415,-2.50664934196214e-07,-4.36620984876297e-05,-1.36153614962947e-07,-0.000363881333764957,1.26748816808581e-08,3.38744321030771e-05,-1.2869368380587e-07,0.000282314121210343
55959.5143755845,-2.47224000495952e-07,-4.33613703209698e-05,-1.34284632331664e-07,-0.000361375128590579,1.25008925118642e-08,3.36411247792532e-05,-1.26927058596952e-07,0.000280369715027979
56347.6019130871,-2.43830300901139e-07,-4.30627136010735e-05,-1.324413046687e-07,-0.000358886184918254,1.23292916645627e-08,3.34094243554561e-05,-1.25184684557844e-07,0.000278438700728629
56738.380895261,-2.40483187033476e-07,-4.27661140566483e-05,-1.30623279831842e-07,-0.000356414383855115,1.2160046355994e-08,3.31793197638764e-05,-1.23466228781408e-07,0.000276520986077011
57131.8699876742,-2.37182019414629e-07,-4.24715575147852e-05,-1.28830210511976e-07,-0.000353959607327288,1.19931242531581e-08,3.29508000129428e-05,-1.21771362930528e-07,0.000274616479473108
57528.0879853436,-2.33926167344063e-07,-4.21790299002782e-05,-1.27061754166763e-07,-0.000351521738074244,1.18284934668388e-08,3.27238541867965e-05,-1.20099763175362e-07,0.00027272508994779
57927.053813632,-2.30715008778568e-07,-4.18885172349508e-05,-1.25317572955234e-07,-0.000349100659643195,1.16661225455141e-08,3.24984714447699e-05,-1.18451110131478e-07,0.000270846727158476
58328.7865291527,-2.27547930213423e-07,-4.16000056369847e-05,-1.23597333673268e-07,-0.000346696256383531,1.15059804693489e-08,3.22746410208682e-05,-1.16825088798817e-07,0.000268981301384808
58733.3053206791,-2.24424326565211e-07,-4.13134813202554e-05,-1.21900707689968e-07,-0.00034430841344129,1.13480366442714e-08,3.20523522232552e-05,-1.15221388501517e-07,0.000267128723524377
59140.6295100621,-2.21343601056216e-07,-4.10289305936704e-05,-1.20227370884899e-07,-0.000341937016753668,1.1192260896129e-08,3.18315944337419e-05,-1.1363970282854e-07,0.000265288905088456
59550.7785531519,-2.18305165100431e-07,-4.07463398605141e-05,-1.18577003586198e-07,-0.000339581953043572,1.10386234649265e-08,3.16123571072798e-05,-1.12079729575132e-07,0.000263461758197783
59963.7720407286,-2.15308438191116e-07,-4.04656956177951e-05,-1.16949290509519e-07,-0.0003372431098142,1.08870949991415e-08,3.13946297714564e-05,-1.10541170685078e-07,0.000261647195578353
60379.6296994364,-2.12352847789905e-07,-4.01869844555999e-05,-1.15343920697835e-07,-0.000334920375343672,1.07376465501192e-08,3.11784020259951e-05,-1.09023732193752e-07,0.000259845130557261
60798.3713927276,-2.09437829217432e-07,-3.99101930564496e-05,-1.13760587462043e-07,-0.000332613638679681,1.05902495665429e-08,3.09636635422576e-05,-1.07527124171946e-07,0.000258055477058551
61220.0171218097,-2.0656282554546e-07,-3.96353081946624e-05,-1.12198988322403e-07,-0.000330322789634202,1.04448758889814e-08,3.07504040627513e-05,-1.06051060670476e-07,0.000256278149599112
61644.5870266023,-2.0372728749049e-07,-3.93623167357188e-05,-1.10658824950768e-07,-0.000328047718778213,1.03014977445105e-08,3.05386134006383e-05,-1.04595259665543e-07,0.000254513063284591
62072.1013866976,-2.00930673308831e-07,-3.90912056356335e-05,-1.09139803113618e-07,-0.000325788317436479,1.01600877414088e-08,3.03282814392491e-05,-1.03159443004847e-07,0.000252760133805338
62502.5806223305,-1.98172448693107e-07,-3.88219619403294e-05,-1.0764163261586e-07,-0.000323544477682345,1.00206188639259e-08,3.01193981315987e-05,-1.0174333635444e-07,0.000251019277432383
62936.0452953524,-1.95452086670189e-07,-3.85545727850176e-05,-1.06164027245414e-07,-0.00032131609233259,9.88306446712242e-09,2.99119534999073e-05,-1.00346669146307e-07,0.00024929041101343
63372.5161102152,-1.92769067500523e-07,-3.82890253935804e-05,-1.04706704718551e-07,-0.000319103054942297,9.74739827178112e-09,2.97059376351223e-05,-9.89691745266696e-08,0.000247573451968889
63812.0139149584,-1.90122878578843e-07,-3.802530707796e-05,-1.03269386625982e-07,-0.000316905259799768,9.61359435938765e-09,2.95013406964463e-05,-9.76105893049985e-08,0.000245868318287933
64254.5597022062,-1.87513014336248e-07,-3.77634052375497e-05,-1.01851798379691e-07,-0.000314722601921474,9.48162716717997e-09,2.92981529108654e-05,-9.62706539037221e-08,0.000244174928524577
64700.1746101695,-1.84938976143617e-07,-3.75033073585914e-05,-1.0045366916049e-07,-0.000312554977047035,9.35147148326614e-09,2.90963645726832e-05,-9.4949112308633e-08,0.000242493201793789
65148.8799236562,-1.82400272216356e-07,-3.7245001013575e-05,-9.90747318662985e-08,-0.000310402281634241,9.22310244180864e-09,2.88959660430567e-05,-9.36457120199668e-08,0.000240823057767628
65600.697075087,-1.79896417520448e-07,-3.69884738606441e-05,-9.7714723061135e-08,-0.0003082644128541,9.09649551827524e-09,2.86969477495356e-05,-9.23602040041605e-08,0.000239164416671405
66055.6476455202,-1.77426933679796e-07,-3.6733713643004e-05,-9.63733829247993e-08,-0.000306141268585929,8.97162652475449e-09,2.8499300185605e-05,-9.10923426462662e-08,0.000237517199279872
66513.7533656814,-1.74991348884834e-07,-3.64807081883354e-05,-9.50504552032561e-08,-0.000304032747412467,8.84847160533606e-09,2.83030139102314e-05,-8.9841885703024e-08,0.000235881326913442
66975.0361170023,-1.72589197802394e-07,-3.62294454082109e-05,-9.374568715969e-08,-0.000301938748615036,8.72700723155394e-09,2.81080795474109e-05,-8.86085942565737e-08,0.000234256721434424
67439.5179326655,-1.70220021486814e-07,-3.59799132975161e-05,-9.24588295262393e-08,-0.000299859172168724,8.6072101978927e-09,2.79144877857222e-05,-8.73922326688076e-08,0.000232643305243297
67907.2209986571,-1.67883367292255e-07,-3.57320999338748e-05,-9.11896364563856e-08,-0.000297793918737603,8.48905761735477e-09,2.77222293778805e-05,-8.61925685363439e-08,0.000231041001274998
68378.167654826,-1.65578788786236e-07,-3.5485993477078e-05,-8.99378654780028e-08,-0.000295742889669989,8.3725269170893e-09,2.75312951402968e-05,-8.50093726461242e-08,0.000229449732995249
68852.3803959518,-1.63305845664342e-07,-3.52415821685168e-05,-8.87032774470452e-08,-0.000293705986993719,8.25759583408027e-09,2.73416759526382e-05,-8.38424189316148e-08,0.000227869424396888
69329.8818728181,-1.61064103666118e-07,-3.49988543306195e-05,-8.74856365018745e-08,-0.000291683113411479,8.14424241089432e-09,2.71533627573925e-05,-8.26914844296154e-08,0.000226299999996254
69810.6948932956,-1.58853134492096e-07,-3.47577983662921e-05,-8.62847100182106e-08,-0.000289674172296145,8.03244499148657e-09,2.69663465594354e-05,-8.1556349237654e-08,0.000224741384829568
70294.8424234306,-1.56672515721984e-07,-3.45184027583634e-05,-8.51002685647042e-08,-0.000287679067686173,7.92218221706432e-09,2.67806184256009e-05,-8.04367964719734e-08,0.000223193504449362
70782.3475885425,-1.54521830733961e-07,-3.42806560690332e-05,-8.39320858591138e-08,-0.000285697704281009,7.81343302200704e-09,2.65961694842538e-05,-7.93326122260886e-08,0.000221656284920916
71273.2336743282,-1.52400668625089e-07,-3.40445469393248e-05,-8.27799387250902e-08,-0.00028372998743654,7.70617662984296e-09,2.64129909248667e-05,-7.82435855299177e-08,0.000220129652818732
71767.5241279742,-1.50308624132811e-07,-3.38100640885412e-05,-8.1643607049548e-08,-0.000281775823160564,7.60039254928026e-09,2.62310739975983e-05,-7.71695083094707e-08,0.000218613535223022
72265.2425592773,-1.48245297557533e-07,-3.35771963137248e-05,-8.05228737406258e-08,-0.000279835118108306,7.49606057029315e-09,2.60504100128756e-05,-7.6110175347093e-08,0.000217107859716227
72766.4127417709,-1.46210294686263e-07,-3.33459324891215e-05,-7.94175246862235e-08,-0.000277907779577954,7.39316076026155e-09,2.58709903409789e-05,-7.50653842422559e-08,0.00021561255437956
73271.058613862,-1.442032267173e-07,-3.31162615656473e-05,-7.83273487131041e-08,-0.000275993715506229,7.29167346016354e-09,2.56928064116291e-05,-7.40349353728817e-08,0.000214127547789567
73779.2042799737,-1.42223710185958e-07,-3.28881725703604e-05,-7.72521375465632e-08,-0.00027409283446399,7.19157928082044e-09,2.55158497135785e-05,-7.30186318572047e-08,0.000212652769014719
74290.8740116972,-1.40271366891307e-07,-3.26616546059348e-05,-7.61916857706453e-08,-0.000272205045651857,7.09285909919296e-09,2.53401117942041e-05,-7.20162795161506e-08,0.000211188147612019
74806.0922489501,-1.38345823823924e-07,-3.24366968501396e-05,-7.51457907889118e-08,-0.000270330258895882,6.99549405472868e-09,2.51655842591036e-05,-7.10276868362375e-08,0.000209733613623642
75324.8836011454,-1.36446713094627e-07,-3.22132885553202e-05,-7.41142527857428e-08,-0.000268468384643235,6.89946554575918e-09,2.49922587716942e-05,-7.00526649329808e-08,0.000208289097573592
75847.2728483651,-1.34573671864199e-07,-3.19914190478846e-05,-7.30968746881727e-08,-0.000266619333957924,6.80475522594695e-09,2.48201270528149e-05,-6.90910275148062e-08,0.000206854530464383
76373.2849425456,-1.32726342274066e-07,-3.17710777277915e-05,-7.20934621282479e-08,-0.000264783018516549,6.71134500078085e-09,2.46491808803302e-05,-6.81425908474523e-08,0.000205429843773741
76902.9450086679,-1.3090437137793e-07,-3.15522540680443e-05,-7.11038234059028e-08,-0.000262959350604079,6.61921702411986e-09,2.44794120887377e-05,-6.72071737188673e-08,0.000204014969451336
77436.2783459591,-1.29107411074345e-07,-3.13349376141857e-05,-7.01277694523423e-08,-0.000261148243109663,6.528353694784e-09,2.43108125687779e-05,-6.62845974045829e-08,0.000202609839915527
77973.3104290997,-1.27335118040213e-07,-3.11191179837989e-05,-6.91651137939305e-08,-0.000259349609522464,6.43873765319234e-09,2.41433742670465e-05,-6.53746856335676e-08,0.000201214388050139
78514.0669094413,-1.25587153665191e-07,-3.09047848660092e-05,-6.82156725165711e-08,-0.000257563363927531,6.35035177804681e-09,2.397708918561e-05,-6.4477264554545e-08,0.000199828547201247
79058.5736162311,-1.23863183987007e-07,-3.06919280209919e-05,-6.72792642305801e-08,-0.00025578942100169,6.26317918306188e-09,2.38119493816233e-05,-6.35921627027783e-08,0.000198452251174007
79606.8565578463,-1.22162879627653e-07,-3.04805372794811e-05,-6.63557100360374e-08,-0.000254027696009467,6.17720321373879e-09,2.36479469669503e-05,-6.27192109673066e-08,0.000197085434229481
80158.9419230357,-1.20485915730465e-07,-3.02706025422838e-05,-6.54448334886167e-08,-0.00025227810479904,6.09240744418429e-09,2.34850741077873e-05,-6.18582425586355e-08,0.000195728031081504
80714.8560821713,-1.18831971898054e-07,-3.00621137797964e-05,-6.45464605658813e-08,-0.000250540563798221,6.00877567397286e-09,2.33233230242879e-05,-6.10090929768668e-08,0.000194379976893562
81274.6255885071,-1.17200732131103e-07,-2.98550610315246e-05,-6.36604196340457e-08,-0.000248814990010458,5.92629192505219e-09,2.31626859901924e-05,-6.01715999802697e-08,0.0001930412072757
81838.2771794484,-1.15591884767991e-07,-2.96494344056068e-05,-6.27865414151899e-08,-0.000247101301010874,5.84494043869083e-09,2.30031553324577e-05,-5.93456035542799e-08,0.00019171165828144
82405.8377778279,-1.14005122425256e-07,-2.94452240783411e-05,-6.19246589549273e-08,-0.000245399414942325,5.76470567246816e-09,2.28447234308916e-05,-5.85309458809276e-08,0.00019039126640473
82977.3344931927,-1.12440141938866e-07,-2.92424202937146e-05,-6.10746075905118e-08,-0.000243709250511491,5.68557229730511e-09,2.26873827177876e-05,-5.77274713086818e-08,0.000189079968576911
83552.7946230977,-1.10896644306305e-07,-2.90410133629373e-05,-6.02362249193878e-08,-0.000242030726984992,5.60752519453629e-09,2.25311256775647e-05,-5.69350263227122e-08,0.000187777702163705
84132.2456544116,-1.09374334629448e-07,-2.8840993663978e-05,-5.94093507681662e-08,-0.00024036376418553,5.53054945302157e-09,2.2375944846407e-05,-5.61534595155559e-08,0.000186484404962219
84715.7152646274,-1.07872922058221e-07,-2.86423516411041e-05,-5.85938271620318e-08,-0.000238708282488059,5.45463036629807e-09,2.22218328119083e-05,-5.53826215581892e-08,0.000185200015197979
85303.2313231867,-1.06392119735038e-07,-2.84450778044243e-05,-5.77894982945652e-08,-0.000237064202815977,5.37975342977048e-09,2.20687822127168e-05,-5.46223651714951e-08,0.000183924471521975
85894.8218928089,-1.04931644739994e-07,-2.8249162729435e-05,-5.69962104979829e-08,-0.000235431446637355,5.30590433794058e-09,2.19167857381846e-05,-5.38725450981242e-08,0.000182657713007735
86490.5152308334,-1.03491218036816e-07,-2.80545970565686e-05,-5.62138122137834e-08,-0.000233809935961178,5.23306898167434e-09,2.17658361280174e-05,-5.3133018074739e-08,0.00018139967914841
87090.3397905676,-1.02070564419554e-07,-2.78613714907465e-05,-5.54421539637976e-08,-0.000232199593333621,5.16123344550683e-09,2.16159261719284e-05,-5.24036428046427e-08,0.000180150309853889
87694.3242226474,-1.00669412460004e-07,-2.76694768009339e-05,-5.46810883216346e-08,-0.000230600341834351,5.09038400498376e-09,2.14670487092931e-05,-5.16842799307805e-08,0.000178909545447924
88302.4973764047,-9.92874944558508e-08,-2.74789038196986e-05,-5.39304698845223e-08,-0.000229012105072849,5.02050712404005e-09,2.1319196628808e-05,-5.09747920091146e-08,0.000177677326665282
88914.8883012464,-9.79245463795257e-08,-2.7289643442772e-05,-5.31901552455308e-08,-0.000227434807184759,4.9515894524137e-09,2.11723628681501e-05,-5.02750434823615e-08,0.000176453594648915
89531.5262480405,-9.65803078277639e-08,-2.71016866286138e-05,-5.24600029661805e-08,-0.000225868372828269,4.88361782309579e-09,2.10265404136402e-05,-4.9584900654093e-08,0.000175238290947145
90152.440670515,-9.52545219718537e-08,-2.69150243979796e-05,-5.17398735494232e-08,-0.000224312727180504,4.81657924981501e-09,2.0881722299907e-05,-4.890423166319e-08,0.000174031357510877
90777.661226663,-9.39469355085726e-08,-2.67296478334911e-05,-5.10296294129964e-08,-0.000222767795933958,4.75046092455698e-09,2.07379016095554e-05,-4.82329064586493e-08,0.000172832736690822
91407.217780161,-9.26572986117909e-08,-2.65455480792098e-05,-5.03291348631409e-08,-0.000221233505292938,4.68525021511749e-09,2.05950714728348e-05,-4.75707967747339e-08,0.000171642371234744
92041.1404017939,-9.13853648847456e-08,-2.63627163402131e-05,-4.96382560686819e-08,-0.000219709781970043,4.62093466268942e-09,2.04532250673121e-05,-4.69177761064671e-08,0.00017046020428473
92679.4593708925,-9.01308913129641e-08,-2.61811438821738e-05,-4.89568610354623e-08,-0.000218196553182661,4.55750197948259e-09,2.03123556175447e-05,-4.62737196854602e-08,0.000169286179374467
93322.2051767786,-8.88936382178389e-08,-2.60008220309426e-05,-4.82848195811306e-08,-0.000216693746649491,4.49494004637658e-09,2.01724563947576e-05,-4.56385044560748e-08,0.000168120240426551
93969.4085202226,-8.76733692108345e-08,-2.58217421721323e-05,-4.76220033102718e-08,-0.000215201290587087,4.43323691060541e-09,2.00335207165215e-05,-4.50120090519096e-08,0.000166962331749801
94621.1003149089,-8.64698511483284e-08,-2.56438957507069e-05,-4.69682855898813e-08,-0.000213719113706437,4.3723807834743e-09,1.98955419464337e-05,-4.43941137726126e-08,0.000165812398036611
95277.3116889132,-8.52828540870662e-08,-2.54672742705715e-05,-4.63235415251746e-08,-0.000212247145209546,4.31236003810758e-09,1.97585134938011e-05,-4.37847005610092e-08,0.000164670384360293
95938.0739861886,-8.41121512402337e-08,-2.52918692941666e-05,-4.56876479357299e-08,-0.000210785314786064,4.25316320722761e-09,1.96224288133254e-05,-4.31836529805465e-08,0.000163536236172468
96603.4187680637,-8.29575189341266e-08,-2.51176724420641e-05,-4.50604833319561e-08,-0.000209333552609917,4.19477898096407e-09,1.94872814047898e-05,-4.25908561930454e-08,0.000162409899300448
97273.3778147489,-8.18187365654204e-08,-2.49446753925669e-05,-4.44419278918871e-08,-0.000207891789335981,4.13719620469348e-09,1.93530648127496e-05,-4.20061969367595e-08,0.000161291319944658
97947.983126856,-8.06955865590213e-08,-2.47728698813104e-05,-4.38318634382905e-08,-0.000206459956096761,4.0804038769082e-09,1.92197726262226e-05,-4.14295635047339e-08,0.000160180444676062
98627.2669269249,-7.95878543265008e-08,-2.46022477008678e-05,-4.32301734160942e-08,-0.000205037984499105,4.02439114711483e-09,1.90873984783839e-05,-4.08608457234626e-08,0.000159077220433608
99311.2616609643,-7.84953282250965e-08,-2.44328007003574e-05,-4.26367428701201e-08,-0.000203625806620935,3.96914731376131e-09,1.89559360462605e-05,-4.02999349318372e-08,0.000157981594521701
100000,-7.74177995172792e-08,-2.42645207850526e-05,-4.20514584231251e-08,-0.000202223355008002,3.91466182219261e-09,1.88253790504308e-05,-3.97467239603862e-08,0.000156893514607679
