Frequency_Hz,Y11_Real,Y11_Imag,Y12_Real,Y12_Imag,Y21_Real,Y21_Imag,Y22_Real,Y22_Imag
0.1,0.28471724290678,-0.00110039199306096,0.881446073820575,5.05438236370441e-05,-0.0255943296833484,5.06482384076343e-05,-0.312653802749596,-7.57104996503347e-07
0.100693514841637,0.284717368841258,-0.00110803676616053,0.881446199631375,5.0894521365915e-05,-0.0255943558301926,5.10011134714525e-05,-0.312654251476731,-7.4046441962683e-07
0.10139183931163,0.284717496503325,-0.00111573483580043,0.881446327192923,5.1247654919072e-05,-0.0255943823384763,5.13564696194132e-05,-0.312654706420613,-7.23251182043264e-07
0.102095006765465,0.284717625916324,-0.00112348657738559,0.881446456529577,5.16032412716015e-05,-0.025594409213161,5.17143247623843e-05,-0.312655167666965,-7.0545178064603e-07
0.102803050789954,0.284717757103905,-0.00113129236904365,0.881446587666036,5.19612975181999e-05,-0.025594436459275,5.20746969500323e-05,-0.31265563530268,-6.87052420657308e-07
0.103516005204838,0.284717890090024,-0.00113915259164622,0.881446720627339,5.23218408740797e-05,-0.025594464081915,5.24376043720829e-05,-0.312656109415837,-6.68039009560015e-07
0.104233904064403,0.284718024898951,-0.00114706762883045,0.881446855438876,5.26848886758255e-05,-0.0255944920862464,5.28030653596e-05,-0.312656590095717,-6.48397150793817e-07
0.104956781659108,0.284718161555274,-0.00115503786702065,0.881446992126391,5.30504583823024e-05,-0.0255945204775044,5.31710983862767e-05,-0.312657077432822,-6.28112137458087e-07
0.105684672517218,0.2847183000839,-0.00116306369545029,0.881447130715983,5.34185675755364e-05,-0.025594549260995,5.35417220697433e-05,-0.312657571518883,-6.07168945751177e-07
0.106417611406461,0.284718440510061,-0.00117114550618402,0.881447271234117,5.37892339616437e-05,-0.0255945784420958,5.39149551728891e-05,-0.312658072446888,-5.85552228385411e-07
0.10715563333568,0.284718582859316,-0.00117928369414004,0.881447413707624,5.41624753717133e-05,-0.0255946080262569,5.42908166052012e-05,-0.312658580311089,-5.63246307804313e-07
0.107898773556513,0.284718727157557,-0.00118747865711262,0.88144755816371,5.45383097627587e-05,-0.025594638019002,5.46693254241213e-05,-0.312659095207024,-5.40235169259329e-07
0.108647067565072,0.284718873431014,-0.00119573079579479,0.881447704629958,5.49167552186145e-05,-0.0255946684259294,5.50505008364131e-05,-0.312659617231532,-5.16502453777254e-07
0.109400551103639,0.284719021706254,-0.00120404051380133,0.881447853134334,5.52978299509007e-05,-0.0255946992527125,5.54343621995522e-05,-0.312660146482773,-4.92031450959399e-07
0.110159260162376,0.284719172010189,-0.00121240821769192,0.881448003705196,5.56815522999429e-05,-0.0255947305051016,5.58209290231282e-05,-0.312660683060241,-4.66805091641972e-07
0.11092323098104,0.284719324370082,-0.00122083431699448,0.881448156371292,5.60679407357427e-05,-0.0255947621889241,5.62102209702676e-05,-0.312661227064786,-4.40805940402078e-07
0.111692500050717,0.284719478813544,-0.00122931922422885,0.881448311161775,5.64570138589238e-05,-0.0255947943100859,5.66022578590697e-05,-0.31266177859863,-4.14016187905847e-07
0.112467104115564,0.284719635368545,-0.00123786335493053,0.881448468106199,5.68487904017033e-05,-0.0255948268745724,5.69970596640659e-05,-0.312662337765388,-3.8641764309004e-07
0.113247080174565,0.284719794063417,-0.00124646712767476,0.881448627234531,5.72432892288841e-05,-0.0255948598884494,5.73946465176885e-05,-0.31266290467008,-3.57991725239565e-07
0.114032465483296,0.284719954926855,-0.00125513096410083,0.881448788577154,5.76405293388075e-05,-0.0255948933578643,5.77950387117655e-05,-0.312663479419156,-3.287194558204e-07
0.114823297555707,0.284720117987922,-0.00126385528893654,0.881448952164877,5.80405298643803e-05,-0.0255949272890472,5.81982566990298e-05,-0.312664062120515,-2.98581450191085e-07
0.115619614165913,0.284720283276059,-0.00127264053002296,0.881449118028931,5.84433100740515e-05,-0.0255949616883115,5.8604321094648e-05,-0.312664652883518,-2.67557909137267e-07
0.116421453349997,0.284720450821081,-0.00128148711833942,0.881449286200988,5.8848889372843e-05,-0.0255949965620557,5.90132526777653e-05,-0.312665251819013,-2.35628610262273e-07
0.117228853407829,0.284720620653186,-0.00129039548802872,0.881449456713156,5.92572873033487e-05,-0.0255950319167638,5.94250723930753e-05,-0.312665859039355,-2.02772899127873e-07
0.118041852904894,0.28472079280296,-0.00129936607642259,0.881449629597992,5.96685235467811e-05,-0.0255950677590069,5.98398013524036e-05,-0.312666474658421,-1.68969680289233e-07
0.118860490674132,0.284720967301379,-0.00130839932406742,0.881449804888504,6.00826179240023e-05,-0.0255951040954442,6.02574608363154e-05,-0.312667098791635,-1.34197408078324e-07
0.1196848058178,0.284721144179816,-0.00131749567475019,0.88144998261816,6.04995903965627e-05,-0.0255951409328238,6.06780722957402e-05,-0.312667731555985,-9.84340772849923e-08
0.120514837709331,0.284721323470043,-0.00132665557552468,0.881450162820895,6.09194610677755e-05,-0.0255951782779845,6.11016573536176e-05,-0.312668373070047,-6.16572135604676e-08
0.12135062599522,0.284721505204236,-0.00133587947673796,0.881450345531113,6.13422501837598e-05,-0.0255952161378562,6.15282378065659e-05,-0.312669023454003,-2.38438636786242e-08
0.122192210596917,0.284721689414983,-0.00134516783205711,0.881450530783698,6.17679781345351e-05,-0.0255952545194616,6.19578356265682e-05,-0.312669682829662,1.50294144282692e-08
0.123039631712731,0.284721876135284,-0.00135452109849615,0.881450718614019,6.21966654551004e-05,-0.0255952934299173,6.23904729626839e-05,-0.312670351320485,5.49865618246215e-08
0.123892929819754,0.284722065398559,-0.00136393973644338,0.881450909057938,6.26283328265167e-05,-0.0255953328764348,6.28261721427786e-05,-0.312671029051603,9.60520289486344e-08
0.124752145675793,0.284722257238649,-0.00137342420968879,0.881451102151814,6.30630010770355e-05,-0.0255953728663219,6.32649556752761e-05,-0.31267171614984,1.38250786138605e-07
0.125617320321316,0.284722451689826,-0.00138297498545195,0.881451297932513,6.35006911831847e-05,-0.0255954134069838,6.37068462509371e-05,-0.312672412743737,1.8160833452352e-07
0.126488495081411,0.284722648786794,-0.00139259253440999,0.881451496437411,6.39414242709184e-05,-0.0255954545059245,6.41518667446545e-05,-0.312673118963572,2.26150716934465e-07
0.127365711567764,0.284722848564693,-0.00140227733072598,0.881451697704409,6.43852216167433e-05,-0.0255954961707479,6.46000402172754e-05,-0.312673834941383,2.71904529183797e-07
0.128249011680643,0.284723051059109,-0.00141202985207755,0.88145190177193,6.48321046488537e-05,-0.0255955384091591,6.50513899174489e-05,-0.312674560810994,3.18896931573304e-07
0.129138437610901,0.284723256306074,-0.00142185057968577,0.881452108678934,6.52820949483086e-05,-0.0255955812289657,6.55059392834901e-05,-0.312675296708034,3.67155660513374e-07
0.130034031841991,0.28472346434207,-0.00143173999834436,0.881452318464922,6.57352142501826e-05,-0.0255956246380792,6.59637119452761e-05,-0.312676042769964,4.16709040523822e-07
0.130935837151994,0.284723675204039,-0.00144169859644917,0.881452531169945,6.6191484444744e-05,-0.0255956686445159,6.64247317261633e-05,-0.3126767991361,4.67585996394293e-07
0.131843896615665,0.284723888929386,-0.00145172686602799,0.88145274683461,6.66509275786577e-05,-0.025595713256399,6.68890226449293e-05,-0.312677565947635,5.19816065611828e-07
0.132758253606487,0.284724105555982,-0.00146182530277057,0.88145296550009,6.71135658561724e-05,-0.0255957584819591,6.73566089177406e-05,-0.312678343347669,5.73429411034748e-07
0.133678951798747,0.28472432512217,-0.00147199440605904,0.881453187208129,6.75794216403423e-05,-0.0255958043295362,6.78275149601467e-05,-0.312679131481227,6.28456833833696e-07
0.134606035169616,0.284724547666772,-0.0014822346789986,0.881453412001053,6.8048517454236e-05,-0.0255958508075805,6.83017653891011e-05,-0.312679930495288,6.8492978674492e-07
0.135539548001256,0.28472477322909,-0.00149254662844852,0.881453639921776,6.85208759821886e-05,-0.0255958979246542,6.8779385025005e-05,-0.31268074053881,7.42880387434586e-07
0.136479534882933,0.284725001848918,-0.00150293076505344,0.881453871013809,6.89965200710383e-05,-0.025595945689433,6.92603988937838e-05,-0.312681561762755,8.02341432359216e-07
0.137426040713143,0.28472523356654,-0.001513387603275,0.881454105321268,6.94754727313864e-05,-0.025595994110707,6.97448322289864e-05,-0.312682394320117,8.63346410685112e-07
0.138379110701763,0.284725468422737,-0.0015239176614238,0.881454342888883,6.99577571388801e-05,-0.0255960431973826,7.02327104739146e-05,-0.312683238365944,9.2592951867268e-07
0.139338790372205,0.284725706458797,-0.00153452146169172,0.881454583762005,7.04433966354761e-05,-0.0255960929584837,7.07240592837802e-05,-0.312684094057368,9.90125674209946e-07
0.140305125563594,0.284725947716513,-0.00154519953018447,0.881454827986617,7.09324147307585e-05,-0.0255961434031532,7.12189045278917e-05,-0.312684961553633,1.05597053175893e-06
0.141278162432955,0.284726192238194,-0.00155595239695457,0.88145507560934,7.14248351032284e-05,-0.0255961945406545,7.17172722918687e-05,-0.312685841016118,1.12350049751714e-06
0.14225794745742,0.284726440066669,-0.00156678059603462,0.881455326677444,7.19206816016437e-05,-0.0255962463803732,7.22191888798879e-05,-0.312686732608368,1.19275274490516e-06
0.143244527436446,0.284726691245288,-0.00157768466547097,0.881455581238858,7.24199782463448e-05,-0.0255962989318182,7.27246808169575e-05,-0.312687636496122,1.26376523042204e-06
0.14423794949405,0.284726945817935,-0.00158866514735764,0.881455839342175,7.29227492306085e-05,-0.0255963522046235,7.32337748512235e-05,-0.312688552847338,1.33657670970538e-06
0.145238261081064,0.284727203829027,-0.00159972258787069,0.881456101036665,7.34290189220062e-05,-0.0255964062085497,7.37464979563069e-05,-0.312689481832225,1.41122675408056e-06
0.146245509977397,0.284727465323521,-0.00161085753730287,0.881456366372284,7.39388118637836e-05,-0.0255964609534853,7.42628773336731e-05,-0.312690423623271,1.48775576728349e-06
0.147259744294318,0.284727730346921,-0.00162207055009874,0.88145663539968,7.44521527762535e-05,-0.0255965164494489,7.47829404150316e-05,-0.312691378395269,1.56620500259622e-06
0.148281012476756,0.284727998945284,-0.00163336218488997,0.88145690817021,7.4969066558201e-05,-0.0255965727065902,7.53067148647705e-05,-0.312692346325352,1.64661658035026e-06
0.149309363305612,0.284728271165221,-0.00164473300453123,0.881457184735941,7.54895782882946e-05,-0.0255966297351915,7.58342285824227e-05,-0.31269332759302,1.72903350571796e-06
0.150344845900091,0.284728547053908,-0.00165618357613628,0.881457465149665,7.60137132265288e-05,-0.0255966875456702,7.63655097051688e-05,-0.31269432238017,1.8134996869236e-06
0.151387509720044,0.284728826659086,-0.00166771447111455,0.881457749464911,7.65414968156835e-05,-0.0255967461485793,7.69005866103691e-05,-0.312695330871126,1.90005995375636e-06
0.152437404568337,0.284729110029073,-0.00167932626520802,0.881458037735948,7.70729546827626e-05,-0.0255968055546099,7.74394879181349e-05,-0.312696353252671,1.98876007653434e-06
0.153494580593225,0.284729397212762,-0.00169101953852857,0.881458330017803,7.7608112640494e-05,-0.0255968657745925,7.79822424939336e-05,-0.312697389714081,2.07964678538425e-06
0.154559088290748,0.284729688259635,-0.00170279487559568,0.881458626366268,7.81469966888299e-05,-0.0255969268194987,7.85288794512298e-05,-0.312698440447151,2.17276778990971e-06
0.155630978507143,0.284729983219759,-0.00171465286537452,0.881458926837909,7.86896330164377e-05,-0.025596988700443,7.90794281541632e-05,-0.312699505646231,2.26817179931754e-06
0.156710302441275,0.284730282143799,-0.00172659410131446,0.881459231490082,7.92360480022574e-05,-0.0255970514286846,7.9633918220263e-05,-0.312700585508256,2.36590854287358e-06
0.15779711164708,0.284730585083022,-0.00173861918138802,0.881459540380937,7.97862682170103e-05,-0.0255971150156287,8.01923795232016e-05,-0.312701680232782,2.46602879082694e-06
0.158891458036027,0.284730892089299,-0.00175072870813018,0.881459853569435,8.03403204247995e-05,-0.0255971794728289,8.07548421955836e-05,-0.312702790022017,2.56858437567772e-06
0.159993393879601,0.284731203215116,-0.00176292328867814,0.881460171115357,8.08982315846666e-05,-0.0255972448119884,8.13213366317777e-05,-0.312703915080851,2.67362821396513e-06
0.161102971811794,0.284731518513573,-0.00177520353481151,0.881460493079315,8.14600288521917e-05,-0.0255973110449621,8.18918934907846e-05,-0.312705055616899,2.78121432842685e-06
0.162220244831628,0.284731838038396,-0.00178757006299293,0.881460819522763,8.20257395811085e-05,-0.0255973781837585,8.24665436991484e-05,-0.312706211840524,2.8913978705955e-06
0.163345266305675,0.28473216184394,-0.00180002349440908,0.881461150508012,8.25953913249459e-05,-0.0255974462405409,8.30453184539055e-05,-0.312707383964881,3.00423514392259e-06
0.164478089970617,0.284732489985192,-0.00181256445501223,0.881461486098238,8.31690118386639e-05,-0.0255975152276301,8.36282492255769e-05,-0.312708572205947,3.1197836272423e-06
0.165618769935804,0.28473282251778,-0.00182519357556214,0.881461826357495,8.37466290803338e-05,-0.0255975851575057,8.42153677612033e-05,-0.312709776782557,3.23810199882174e-06
0.166767360685846,0.284733159497978,-0.00183791149166847,0.881462171350731,8.43282712128281e-05,-0.025597656042808,8.48067060874218e-05,-0.31271099791644,3.35925016081012e-06
0.167923917083208,0.284733500982709,-0.00185071884383361,0.881462521143795,8.49139666055246e-05,-0.0255977278963401,8.5402296513585e-05,-0.312712235832257,3.48328926421879e-06
0.169088494370839,0.284733847029555,-0.00186361627749604,0.881462875803452,8.55037438360342e-05,-0.0255978007310697,8.60021716349284e-05,-0.312713490757634,3.61028173435571e-06
0.170261148174801,0.284734197696757,-0.00187660444307408,0.881463235397395,8.60976316919533e-05,-0.0255978745601309,8.66063643357789e-05,-0.312714762923201,3.74029129683595e-06
0.171441934506935,0.284734553043224,-0.00188968399601017,0.881463599994262,8.66956591726335e-05,-0.0255979493968263,8.72149077928092e-05,-0.31271605256263,3.87338300399109e-06
0.172630909767531,0.284734913128539,-0.00190285559681563,0.881463969663643,8.72978554909611e-05,-0.025598025254629,8.78278354783408e-05,-0.312717359912671,4.00962326197254e-06
0.173828130748022,0.284735278012962,-0.00191611991111586,0.881464344476095,8.79042500751791e-05,-0.0255981021471844,8.84451811636938e-05,-0.312718685213191,4.14907985820528e-06
0.1750336546337,0.284735647757437,-0.00192947760969615,0.881464724503158,8.85148725707314e-05,-0.0255981800883121,8.90669789225809e-05,-0.312720028707212,4.29182198950426e-06
0.176247539006444,0.284736022423594,-0.00194292936854781,0.881465109817369,8.9129752842072e-05,-0.0255982590920084,8.96932631345557e-05,-0.312721390640952,4.43792029074588e-06
0.177469841847474,0.284736402073762,-0.00195647586891502,0.881465500492271,8.9748920974601e-05,-0.0255983391724478,9.03240684885051e-05,-0.312722771263858,4.58744686402182e-06
0.178700621540116,0.284736786770966,-0.00197011779734199,0.881465896602431,9.03724072765294e-05,-0.0255984203439852,9.09594299861973e-05,-0.312724170828656,4.74047530848315e-06
0.179939936872594,0.284737176578935,-0.00198385584572083,0.881466298223455,9.1000242280816e-05,-0.0255985026211579,9.15993829458744e-05,-0.312725589591381,4.89708075065293e-06
0.181187847040838,0.28473757156211,-0.00199769071133977,0.881466705431998,9.16324567471049e-05,-0.0255985860186881,9.22439630059028e-05,-0.312727027811423,5.05733987543264e-06
0.182444411651309,0.284737971785645,-0.00201162309693206,0.881467118305784,9.22690816637052e-05,-0.0255986705514842,9.28932061284723e-05,-0.312728485751568,5.22133095769844e-06
0.183709690723849,0.284738377315417,-0.00202565371072534,0.881467536923616,9.291014824958e-05,-0.0255987562346436,9.35471486033512e-05,-0.312729963678037,5.38913389446297e-06
0.184983744694544,0.284738788218023,-0.00203978326649153,0.881467961365397,9.35556879563945e-05,-0.0255988430834545,9.42058270516925e-05,-0.31273146186053,5.56083023773093e-06
0.186266634418617,0.284739204560795,-0.00205401248359737,0.881468391712139,9.42057324705243e-05,-0.0255989311133981,9.48692784298996e-05,-0.312732980572264,5.73650322796548e-06
0.187558421173328,0.284739626411796,-0.00206834208705541,0.881468828045979,9.48603137151593e-05,-0.0255990203401508,9.55375400335438e-05,-0.312734520090024,5.91623782825179e-06
0.188859166660905,0.284740053839831,-0.00208277280757564,0.881469270450203,9.55194638523876e-05,-0.0255991107795861,9.62106495013425e-05,-0.312736080694195,6.10012075909563e-06
0.190168933011491,0.284740486914448,-0.00209730538161769,0.88146971900925,9.61832152853413e-05,-0.0255992024477773,9.68886448191909e-05,-0.312737662668816,6.28824053387766e-06
0.191487782786108,0.284740925705946,-0.00211194055144359,0.881470173808738,9.6851600660329e-05,-0.025599295360999,9.75715643242562e-05,-0.312739266301616,6.48068749506056e-06
0.192815778979652,0.284741370285376,-0.00212667906517113,0.881470634935474,9.75246528690426e-05,-0.0255993895357302,9.82594467091329e-05,-0.312740891884063,6.67755385111088e-06
0.194152985023894,0.284741820724547,-0.00214152167682777,0.881471102477475,9.82024050507667e-05,-0.0255994849886555,9.89523310260486e-05,-0.312742539711407,6.87893371402112e-06
0.195499464790516,0.284742277096032,-0.00215646914640528,0.881471576523981,9.88848905946081e-05,-0.0255995817366684,9.96502566911466e-05,-0.312744210082724,7.08492313772346e-06
0.196855282594159,0.28474273947317,-0.00217152223991485,0.881472057165474,9.95721431417762e-05,-0.0255996797968725,0.000100353263488816,-0.312745903300964,7.29562015715224e-06
0.198220503195496,0.284743207930072,-0.00218668172944287,0.881472544493698,0.0001002641965879,-0.0255997791865847,0.000101061391576099,-0.312747619672995,7.51112482808014e-06
0.199595191804325,0.284743682541623,-0.00220194839320742,0.88147303860167,0.000100961085085338,-0.025599879923337,0.000101774681487148,-0.312749359509652,7.73153926776279e-06
0.200979414082682,0.284744163383489,-0.00221732301561521,0.881473539583706,0.000101662843045573,-0.0255999820248788,0.000102493174137764,-0.312751123125781,7.95696769633272e-06
0.202373236147981,0.284744650532117,-0.00223280638731935,0.881474047535431,0.000102369505141598,-0.0256000855091793,0.000103216910829987,-0.312752910840286,8.18751647904334e-06
0.203776724576168,0.284745144064742,-0.00224839930527767,0.881474562553803,0.000103081106310356,-0.02560019039443,0.000103945933256765,-0.312754722976182,8.42329416922416e-06
0.205189946404906,0.284745644059392,-0.00226410257281169,0.881475084737131,0.00010379768175519,-0.0256002966990467,0.000104680283506682,-0.312756559860635,8.66441155223871e-06
0.206612969136771,0.284746150594883,-0.00227991699966631,0.881475614185088,0.000104519266948379,-0.025600404441672,0.000105420004068764,-0.312758421825019,8.91098169009466e-06
0.208045860742482,0.284746663750836,-0.00229584340207012,0.881476150998741,0.000105245897633655,-0.0256005136411779,0.000106165137837351,-0.312760309204957,9.16311996714339e-06
0.209488689664142,0.284747183607665,-0.00231188260279644,0.881476695280559,0.000105977609828764,-0.0256006243166678,0.000106915728117042,-0.312762222340379,9.42094413638669e-06
0.210941524818514,0.284747710246594,-0.00232803543122497,0.881477247134441,0.000106714439828124,-0.0256007364874791,0.00010767181862771,-0.312764161575562,9.68457436693188e-06
0.212404435600306,0.28474824374965,-0.00234430272340426,0.881477806665731,0.00010745642420543,-0.0256008501731856,0.000108433453509595,-0.31276612725919,9.95413329216502e-06
0.21387749188549,0.284748784199669,-0.00236068532211476,0.881478373981241,0.000108203599816363,-0.0256009653935998,0.000109200677328475,-0.312768119744398,1.02297460590345e-05
0.215360764034637,0.284749331680301,-0.00237718407693264,0.881478949189269,0.000108956003801302,-0.0256010821687755,0.0001099735350809,-0.312770139388826,1.05115403780318e-05
0.21685432289628,0.284749886276008,-0.00239379984429434,0.881479532399623,0.000109713673588144,-0.02560120051901,0.000110752072199518,-0.312772186554671,1.07996465744109e-05
0.218358239810298,0.284750448072068,-0.00241053348756184,0.88148012372364,0.000110476646895027,-0.0256013204648469,0.00011153633455847,-0.312774261608735,1.1094197640147e-05
0.21987258661132,0.28475101715458,-0.00242738587708864,0.881480723274208,0.000111244961733271,-0.025601442027078,0.000112326368478871,-0.312776364922485,1.13953292870568e-05
0.22139743563216,0.284751593610459,-0.00244435789028653,0.881481331165786,0.000112018656410213,-0.0256015652267465,0.000113122220734366,-0.312778496872098,1.17031800008112e-05
0.222932859707273,0.284752177527444,-0.00246145041169309,0.88148194751443,0.00011279776953217,-0.0256016900851486,0.000113923938556776,-0.312780657838518,1.20178910960611e-05
0.224478932176229,0.284752768994097,-0.00247866433303994,0.881482572437811,0.000113582340007426,-0.0256018166238369,0.000114731569641814,-0.312782848207509,1.23396067725837e-05
0.22603572688722,0.2847533680998,-0.00249600055332179,0.88148320605524,0.000114372407049248,-0.0256019448646221,0.000115545162154902,-0.312785068369711,1.26684741724552e-05
0.227603318200585,0.284753974934765,-0.00251345997886624,0.881483848487693,0.000115168010178988,-0.0256020748295759,0.00011636476473706,-0.312787318720692,1.30046434383309e-05
0.229181780992365,0.284754589590024,-0.00253104352340443,0.881484499857828,0.000115969189229171,-0.0256022065410336,0.000117190426510888,-0.312789599661003,1.33482677729009e-05
0.230771190657875,0.284755212157438,-0.00254875210814236,0.881485160290014,0.000116775984346706,-0.0256023400215961,0.000118022197086641,-0.312791911596233,1.36995034993696e-05
0.23237162311531,0.28475584272969,-0.0025665866618332,0.881485829910356,0.000117588435996093,-0.0256024752941331,0.000118860126568382,-0.312794254937068,1.40585101230557e-05
0.233983154809368,0.284756481400292,-0.00258454812085021,0.881486508846712,0.000118406584962691,-0.0256026123817849,0.000119704265560235,-0.312796630099344,1.44254503943314e-05
0.235605862714901,0.284757128263577,-0.00260263742926063,0.881487197228727,0.000119230472356069,-0.0256027513079654,0.000120554665172727,-0.312799037504104,1.4800490372488e-05
0.237239824340596,0.284757783414703,-0.00262085553890038,0.881487895187852,0.000120060139613362,-0.0256028920963647,0.000121411377029225,-0.312801477577653,1.51837994910239e-05
0.238885117732672,0.284758446949651,-0.00263920340944949,0.88148860285737,0.000120895628502732,-0.025603034770951,0.000122274453272464,-0.312803950751622,1.55755506240293e-05
0.240541821478611,0.284759118965222,-0.00265768200850855,0.881489320372424,0.000121736981126844,-0.0256031793559738,0.000123143946571179,-0.312806457463017,1.5975920153892e-05
0.242210014710909,0.284759799559036,-0.00267629231167589,0.88149004787004,0.000122584239926416,-0.0256033258759661,0.000124019910126824,-0.312808998154282,1.63850880401245e-05
0.24388977711086,0.28476048882953,-0.00269503530262565,0.881490785489159,0.00012343744768383,-0.025603474355747,0.000124902397680399,-0.312811573273357,1.68032378896829e-05
0.24558118891236,0.284761186875955,-0.00271391197318675,0.881491533370656,0.000124296647526799,-0.0256036248204241,0.000125791463519373,-0.312814183273735,1.72305570284512e-05
0.247284330905736,0.284761893798373,-0.00273292332342275,0.881492291657374,0.000125161882932103,-0.0256037772953963,0.00012668716248471,-0.312816828614523,1.7667236574051e-05
0.24899928444161,0.284762609697655,-0.00275207036171254,0.881493060494149,0.000126033197729365,-0.0256039318063559,0.000127589549977996,-0.3128195097605,1.81134715100603e-05
0.250726131434783,0.284763334675474,-0.00277135410483199,0.881493840027838,0.00012691063610492,-0.0256040883792915,0.000128498681968675,-0.312822227182177,1.85694607615985e-05
0.252464954368146,0.284764068834306,-0.00279077557803654,0.881494630407348,0.000127794242605726,-0.0256042470404904,0.000129414615001387,-0.312824981355858,1.90354072722998e-05
0.254215836296621,0.284764812277418,-0.00281033581514458,0.881495431783663,0.000128684062143359,-0.025604407816541,0.000130337406203417,-0.312827772763698,1.95115180826322e-05
0.25597886085113,0.284765565108872,-0.00283003585862186,0.881496244309877,0.000129580139998055,-0.0256045707343352,0.000131267113292245,-0.312830601893769,1.99980044097992e-05
0.257754112242586,0.28476632743351,-0.00284987675966684,0.881497068141222,0.000130482521822847,-0.0256047358210715,0.000132203794583223,-0.312833469240114,2.04950817290078e-05
0.259541675265918,0.284767099356956,-0.0028698595782969,0.881497903435095,0.000131391253647762,-0.0256049031042564,0.00013314750899734,-0.312836375302813,2.10029698561945e-05
0.261341635304121,0.284767880985606,-0.0028899853834356,0.881498750351095,0.000132306381884065,-0.0256050726117082,0.000134098316069126,-0.312839320588043,2.15218930324015e-05
0.263154078332332,0.28476867242662,-0.00291025525300078,0.881499609051049,0.00013322795332864,-0.0256052443715581,0.000135056275954649,-0.312842305608141,2.20520800095492e-05
0.26497909092194,0.284769473787915,-0.00293067027399379,0.881500479699045,0.00013415601516838,-0.0256054184122536,0.000136021449439645,-0.312845330881665,2.25937641378793e-05
0.266816760244719,0.284770285178159,-0.00295123154258951,0.881501362461464,0.000135090614984694,-0.0256055947625608,0.000136993897947756,-0.312848396933458,2.31471834548636e-05
0.268667174076992,0.284771106706762,-0.00297194016422753,0.881502257507012,0.000136031800758088,-0.0256057734515664,0.000137973683548889,-0.312851504294706,2.37125807758809e-05
0.270530420803823,0.284771938483864,-0.00299279725370413,0.881503165006755,0.000136979620872821,-0.0256059545086803,0.000138960868967699,-0.312854653503009,2.42902037863729e-05
0.27240658942324,0.284772780620328,-0.00301380393526549,0.881504085134151,0.000137934124121632,-0.0256061379636381,0.000139955517592195,-0.312857845102437,2.48803051358035e-05
0.274295769550488,0.284773633227727,-0.00303496134270168,0.881505018065082,0.000138895359710586,-0.0256063238465036,0.000140957693482466,-0.312861079643594,2.54831425332211e-05
0.276198051422303,0.284774496418337,-0.00305627061944183,0.881505963977891,0.000139863377263971,-0.0256065121876706,0.000141967461379533,-0.312864357683687,2.60989788445284e-05
0.278113525901229,0.284775370305123,-0.00307773291865022,0.881506923053418,0.000140838226829301,-0.0256067030178656,0.000142984886714334,-0.312867679786584,2.67280821915836e-05
0.280042284479955,0.284776255001725,-0.00309934940332347,0.88150789547503,0.000141819958882435,-0.0256068963681503,0.000144010035616833,-0.312871046522878,2.73707260529873e-05
0.281984419285683,0.284777150622448,-0.00312112124638871,0.881508881428663,0.000142808624332715,-0.0256070922699232,0.000145042974925259,-0.312874458469958,2.80271893666473e-05
0.283940023084533,0.284778057282246,-0.00314304963080283,0.881509881102855,0.000143804274528285,-0.0256072907549226,0.000146083772195479,-0.312877916212062,2.86977566343466e-05
0.285909189285972,0.284778975096709,-0.00316513574965275,0.881510894688785,0.000144806961261431,-0.0256074918552283,0.000147132495710504,-0.312881420340351,2.93827180278677e-05
0.287892011947275,0.284779904182048,-0.00318738080625682,0.88151192238031,0.000145816736774097,-0.0256076956032638,0.000148189214490133,-0.312884971452967,3.00823694973015e-05
0.289888585778017,0.284780844655078,-0.00320978601426715,0.881512964374001,0.000146833653763431,-0.0256079020317988,0.000149253998300725,-0.312888570155103,3.07970128810078e-05
0.291899006144599,0.284781796633201,-0.00323235259777315,0.881514020869184,0.00014785776538748,-0.0256081111739511,0.00015032691766512,-0.312892217059061,3.15269560176787e-05
0.293923369074803,0.284782760234392,-0.00325508179140606,0.88151509206798,0.000148889125270953,-0.0256083230631884,0.000151408043872694,-0.312895912784323,3.22725128603721e-05
0.295961771262377,0.284783735577173,-0.00327797484044462,0.881516178175344,0.000149927787511132,-0.0256085377333309,0.000152497448989559,-0.312899657957609,3.30340035923429e-05
0.298014310071653,0.284784722780603,-0.00330103300092173,0.881517279399104,0.000150973806683892,-0.0256087552185529,0.000153595205868901,-0.312903453212949,3.38117547451569e-05
0.300081083542203,0.284785721964252,-0.00332425753973232,0.881518395950002,0.000152027237849758,-0.0256089755533848,0.000154701388161464,-0.31290729919174,3.46060993186917e-05
0.302162190393513,0.28478673324818,-0.00334764973474228,0.881519528041742,0.000153088136560196,-0.0256091987727153,0.000155816070326191,-0.312911196542816,3.54173769032268e-05
0.304257730029708,0.284787756752918,-0.00337121087489842,0.881520675891022,0.000154156558863918,-0.0256094249117926,0.000156939327640993,-0.312915145922511,3.62459338037122e-05
0.306367802544292,0.284788792599444,-0.00339494226033965,0.881521839717585,0.000155232561313372,-0.0256096540062272,0.000158071236213686,-0.312919147994721,3.70921231661325e-05
0.308492508724934,0.284789840909158,-0.00341884520250917,0.881523019744261,0.000156316200971321,-0.0256098860919926,0.000159211872993072,-0.312923203430972,3.79563051060849e-05
0.31063195005828,0.284790901803857,-0.0034429210242679,0.881524216197008,0.000157407535417549,-0.0256101212054279,0.000160361315780166,-0.312927312910482,3.8838846839459e-05
0.312786228734801,0.284791975405713,-0.0034671710600089,0.881525429304961,0.000158506622755711,-0.0256103593832389,0.000161519643239593,-0.312931477120222,3.97401228154695e-05
0.314955447653674,0.284793061837238,-0.00349159665577293,0.881526659300478,0.000159613521620314,-0.0256106006625,0.00016268693491112,-0.312935696754989,4.06605148517911e-05
0.317139710427697,0.284794161221265,-0.00351619916936527,0.88152790641918,0.000160728291183781,-0.0256108450806553,0.000163863271221371,-0.312939972517457,4.16004122723024e-05
0.319339121388238,0.284795273680914,-0.00354097997047351,0.881529170900005,0.000161850991163736,-0.0256110926755207,0.000165048733495676,-0.312944305118252,4.25602120466967e-05
0.321553785590219,0.284796399339562,-0.00356594044078652,0.881530452985256,0.000162981681830364,-0.0256113434852849,0.000166243403970091,-0.312948695276007,4.35403189327638e-05
0.323783808817133,0.28479753832081,-0.00359108197411463,0.881531752920642,0.000164120424013885,-0.0256115975485108,0.000167447365803589,-0.312953143717428,4.45411456210798e-05
0.326029297586097,0.284798690748456,-0.00361640597651078,0.881533070955337,0.000165267279112296,-0.0256118549041366,0.000168660703090395,-0.312957651177356,4.55631128818482e-05
0.328290359152942,0.284799856746454,-0.00364191386639302,0.881534407342022,0.000166422309099107,-0.0256121155914774,0.000169883500872507,-0.31296221839883,4.66066497145021e-05
0.330567101517332,0.284801036438885,-0.00366760707466792,0.881535762336941,0.000167585576531343,-0.025612379650226,0.000171115845152363,-0.312966846133147,4.7672193499472e-05
0.332859633427924,0.284802229949914,-0.00369348704485527,0.88153713619995,0.000168757144557611,-0.0256126471204538,0.000172357822905691,-0.312971535139922,4.8760190152812e-05
0.335168064387565,0.28480343740376,-0.00371955523321389,0.881538529194572,0.000169937076926412,-0.0256129180426123,0.000173609522094522,-0.312976286187154,4.98710942829494e-05
0.337492504658521,0.28480465892465,-0.00374581310886851,0.881539941588048,0.000171125437994517,-0.0256131924575332,0.000174871031680373,-0.312981100051279,5.10053693504528e-05
0.339833065267741,0.284805894636782,-0.0037722621539378,0.881541373651391,0.000172322292735592,-0.0256134704064299,0.000176142441637603,-0.312985977517238,5.21634878300065e-05
0.342189858012163,0.284807144664281,-0.00379890386366363,0.881542825659441,0.000173527706748911,-0.0256137519308975,0.000177423842966947,-0.312990919378526,5.33459313752996e-05
0.344562995464054,0.28480840913116,-0.00382573974654132,0.881544297890925,0.000174741746268281,-0.025614037072914,0.000178715327709214,-0.31299592643726,5.45531909864061e-05
0.346952590976386,0.284809688161269,-0.00385277132445107,0.881545790628507,0.000175964478171144,-0.0256143258748403,0.000180016988959171,-0.313000999504232,5.57857671799958e-05
0.349358758688252,0.284810981878252,-0.00388000013279051,0.881547304158851,0.000177195969987819,-0.0256146183794207,0.0001813289208796,-0.313006139398966,5.70441701621752e-05
0.351781613530314,0.284812290405499,-0.0039074277206084,0.881548838772676,0.000178436289910934,-0.0256149146297835,0.000182651218715532,-0.313011346949776,5.83289200040346e-05
0.354221271230298,0.284813613866095,-0.00393505565073936,0.881550394764818,0.000179685506805048,-0.0256152146694404,0.000183983978808665,-0.313016622993821,5.96405468202763e-05
0.356677848318515,0.284814952382772,-0.00396288549993977,0.88155197243429,0.000180943690216453,-0.0256155185422873,0.000185327298611957,-0.313021968377157,6.09795909502081e-05
0.359151462133436,0.284816306077851,-0.00399091885902472,0.88155357208434,0.000182210910383172,-0.025615826292604,0.000186681276704403,-0.313027383954798,6.23466031419787e-05
0.361642230827288,0.284817675073191,-0.00401915733300611,0.88155519402252,0.000183487238245069,-0.0256161379650535,0.000188046012806002,-0.313032870590761,6.37421447395245e-05
0.364150273371703,0.284819059490134,-0.00404760254123174,0.881556838560742,0.000184772745454295,-0.0256164536046824,0.000189421607792893,-0.313038429158121,6.51667878724255e-05
0.366675709563398,0.284820459449441,-0.00407625611752561,0.881558506015349,0.000186067504385795,-0.0256167732569199,0.000190808163712696,-0.313044060539064,6.66211156488267e-05
0.369218660029898,0.284821875071239,-0.00410511971032907,0.881560196707175,0.00018737158814809,-0.0256170969675776,0.000192205783800008,-0.313049765624934,6.81057223510181e-05
0.371779246235299,0.284823306474956,-0.0041341949828433,0.881561910961614,0.000188685070594226,-0.0256174247828483,0.000193614572492129,-0.313055545316282,6.96212136344423e-05
0.374357590486067,0.284824753779255,-0.00416348361317253,0.88156364910869,0.000190008026332969,-0.0256177567493055,0.00019503463544493,-0.313061400522917,7.11682067294148e-05
0.376953815936883,0.284826217101973,-0.00419298729446854,0.881565411483121,0.000191340530740118,-0.0256180929139022,0.000196466079548944,-0.313067332163945,7.27473306460502e-05
0.379568046596523,0.28482769656005,-0.00422270773507606,0.881567198424392,0.000192682659970165,-0.0256184333239697,0.000197909012945629,-0.313073341167822,7.43592263822077e-05
0.382200407333782,0.284829192269463,-0.00425264665867908,0.881569010276823,0.000194034490968024,-0.0256187780272163,0.000199363545043817,-0.313079428472393,7.60045471345158e-05
0.384851023883439,0.284830704345149,-0.00428280580444841,0.881570847389646,0.00019539610148113,-0.025619127071726,0.000200829786536374,-0.313085595024932,7.76839585127087e-05
0.387520022852263,0.284832232900935,-0.00431318692718991,0.881572710117074,0.000196767570071577,-0.0256194805059562,0.000202307849417024,-0.313091841782191,7.93981387569725e-05
0.390207531725059,0.284833778049463,-0.00434379179749386,0.881574598818377,0.000198148976128644,-0.0256198383787366,0.000203797846997386,-0.31309816971043,8.11477789584986e-05
0.392913678870758,0.284835339902109,-0.00437462220188519,0.881576513857959,0.000199540399881497,-0.0256202007392666,0.000205299893924183,-0.31310457978546,8.29335832833455e-05
0.395638593548549,0.284836918568904,-0.0044056799429747,0.881578455605432,0.000200941922412023,-0.0256205676371136,0.000206814106196666,-0.313111072992676,8.47562691994527e-05
0.398382405914052,0.284838514158452,-0.00443696683961101,0.881580424435698,0.000202353625668058,-0.0256209391222102,0.000208340601184208,-0.313117650327095,8.66165677070249e-05
0.401145247025537,0.284840126777843,-0.0044684847270336,0.881582420729026,0.000203775592476748,-0.0256213152448516,0.0002098794976441,-0.313124312793381,8.85152235720402e-05
0.403927248850181,0.284841756532571,-0.00450023545702653,0.881584444871133,0.000205207906558123,-0.0256216960556932,0.000211430915739541,-0.313131061405885,9.04529955633726e-05
0.406728544270374,0.284843403526436,-0.00453222089807301,0.881586497253271,0.000206650652539008,-0.0256220816057472,0.000212994977057814,-0.313137897188665,9.24306566929128e-05
0.409549267090063,0.284845067861459,-0.00456444293551091,0.881588578272302,0.000208103915967095,-0.0256224719463798,0.000214571804628661,-0.313144821175516,9.44489944592758e-05
0.412389552041149,0.284846749637787,-0.00459690347168883,0.881590688330792,0.000209567783325322,-0.0256228671293074,0.00021616152294284,-0.313151834409997,9.65088110948531e-05
0.415249534789915,0.284848448953591,-0.0046296044261231,0.881592827837093,0.0002110423420464,-0.0256232672065933,0.000217764257970883,-0.313158937945448,9.86109238162169e-05
0.418129351943512,0.28485016590497,-0.00466254773565536,0.88159499720543,0.000212527680527704,-0.0256236722306435,0.000219380137182041,-0.31316613284501,0.000100756165077959
0.421029141056481,0.284851900585849,-0.00469573535461098,0.881597196855995,0.000214023888146352,-0.0256240822542029,0.000221009289563417,-0.313173420181649,0.000102945382830066
0.423949040637325,0.284853653087874,-0.00472916925495791,0.881599427215037,0.00021553105527455,-0.025624497330351,0.000222651845639289,-0.313180801038165,0.000105179440778584
0.426889190155123,0.284855423500302,-0.00476285142646642,0.881601688714949,0.000217049273295189,-0.0256249175124971,0.000224307937490625,-0.313188276507203,0.000107459218649839
0.429849730046193,0.284857211909892,-0.00479678387686924,0.881603981794371,0.00021857863461764,-0.0256253428543757,0.00022597769877479,-0.313195847691271,0.00010978561245828
0.432830801720801,0.284859018400793,-0.00483096863202226,0.881606306898281,0.000220119232693987,-0.0256257734100412,0.000227661264745421,-0.313203515702739,0.00011215953477757
0.435832547569911,0.284860843054427,-0.00486540773606594,0.881608664478091,0.000221671162035256,-0.0256262092338628,0.000229358772272516,-0.31321128166385,0.000114581915015406
0.438855110971994,0.284862685949371,-0.00490010325158687,0.881611054991753,0.000223234518228133,-0.0256266503805189,0.000231070359862682,-0.313219146706715,0.000117053699691679
0.441898636299867,0.284864547161231,-0.00493505725978011,0.881613478903854,0.00022480939795182,-0.0256270969049909,0.000232796167679579,-0.313227111973317,0.000119575852720356
0.444963268927599,0.284866426762525,-0.00497027186061165,0.88161593668572,0.00022639589899516,-0.0256275488625575,0.000234536337564545,-0.313235178615507,0.000122149355694795
0.448049155237445,0.284868324822546,-0.00500574917298137,0.881618428815523,0.000227994120274057,-0.0256280063087879,0.000236291013057397,-0.31324334779499,0.000124775208176608
0.451156442626847,0.28487024140724,-0.00504149133488632,0.881620955778385,0.00022960416184916,-0.0256284692995354,0.000238060339417413,-0.313251620683324,0.000127454427988088
0.454285279515466,0.284872176579066,-0.00507750050358414,0.88162351806649,0.000231226124943733,-0.0256289378909299,0.000239844463644491,-0.313259998461895,0.000130188051508315
0.457435815352278,0.284874130396859,-0.00511377885575678,0.881626116179188,0.000232860111961896,-0.0256294121393711,0.000241643534500471,-0.313268482321909,0.00013297713397252
0.46060820062271,0.284876102915694,-0.00515032858767438,0.881628750623114,0.000234506226506982,-0.0256298921015202,0.000243457702530647,-0.313277073464367,0.000135822749775388
0.463802586855826,0.284878094186738,-0.0051871519153593,0.881631421912299,0.000236164573400345,-0.0256303778342928,0.000245287120085438,-0.313285773100036,0.000138725992777589
0.467019126631568,0.284880104257107,-0.00522425107474999,0.881634130568286,0.000237835258700178,-0.0256308693948497,0.000247131941342218,-0.313294582449431,0.000141687976616164
0.470257973588042,0.28488213316971,-0.00526162832186518,0.881636877120251,0.000239518389720819,-0.0256313668405888,0.000248992322327322,-0.313303502742771,0.00014470983501811
0.473519282428857,0.284884180963102,-0.00529928593296783,0.881639662105121,0.00024121407505211,-0.0256318702291359,0.000250868420938213,-0.31331253521995,0.000147792722117804
0.476803208930514,0.284886247671325,-0.0053372262047289,0.881642486067696,0.000242922424579167,-0.0256323796183355,0.000252760396965794,-0.313321681130496,0.000150937812777918
0.480109909949849,0.284888333323743,-0.00537545145439117,0.881645349560779,0.000244643549502259,-0.025632895066241,0.000254668412116887,-0.313330941733522,0.000154146302913556
0.483439543431522,0.284890437944887,-0.0054139640199326,0.881648253145297,0.000246377562357014,-0.0256334166311048,0.000256592630036854,-0.313340318297682,0.000157419409820343
0.486792268415562,0.28489256155428,-0.00545276626022954,0.881651197390436,0.000248124577034808,-0.0256339443713676,0.000258533216332374,-0.313349812101116,0.00016075837250569
0.490168245044966,0.284894704166267,-0.00549186055521945,0.881654182873768,0.000249884708803386,-0.0256344783456478,0.000260490338594348,-0.31335942443139,0.000164164452023538
0.493567634573345,0.284896865789845,-0.00553124930606341,0.88165721018139,0.000251658074327765,-0.0256350186127306,0.000262464166420968,-0.313369156585436,0.000167638931812777
0.496990599372628,0.284899046428482,-0.00557093493530777,0.881660279908056,0.000253444791691267,-0.0256355652315557,0.000264454871440889,-0.313379009869483,0.000171183118038765
0.500437302940819,0.284901246079933,-0.00561091988704563,0.881663392657322,0.000255244980416808,-0.0256361182612061,0.000266462627336551,-0.313388985598985,0.000174798339938442
0.503907909909802,0.284903464736059,-0.00565120662707729,0.881666549041683,0.000257058761488387,-0.025636677760895,0.000268487609867634,-0.313399085098544,0.00017848595016888
0.50740258605321,0.284905702382633,-0.00569179764307033,0.881669749682719,0.000258886257372776,-0.0256372437899537,0.000270529996894605,-0.313409309701829,0.000182247325158882
0.510921498294339,0.284907958999152,-0.00573269544471861,0.881672995211244,0.000260727592041401,-0.0256378164078177,0.000272589968402405,-0.313419660751485,0.000186083865464107
0.514464814714125,0.284910234558636,-0.00577390256390057,0.881676286267453,0.000262582890992267,-0.0256383956740138,0.000274667706524239,-0.313430139599039,0.000189996996125444
0.518032704559168,0.284912529027429,-0.00581542155483645,0.881679623501078,0.000264452281272341,-0.0256389816481453,0.000276763395565461,-0.313440747604807,0.000193988167030382
0.52162533824982,0.284914842364995,-0.00585725499424459,0.88168300757154,0.000266335891499742,-0.0256395743898778,0.000278877222027568,-0.313451486137783,0.000198058853277824
0.525242887388322,0.284917174523708,-0.00589940548149651,0.881686439148108,0.000268233851886315,-0.0256401739589242,0.000281009374632286,-0.313462356575533,0.000202210555545923
0.528885524767003,0.284919525448644,-0.00594187563877083,0.881689918910066,0.000270146294260233,-0.0256407804150293,0.00028316004434573,-0.313473360304076,0.000206444800462779
0.532553424376533,0.284921895077357,-0.00598466811120582,0.881693447546869,0.000272073352088776,-0.0256413938179537,0.000285329424402649,-0.313484498717762,0.000210763140980411
0.536246761414231,0.284924283339666,-0.00602778556705069,0.881697025758317,0.000274015160501059,-0.0256420142274578,0.000287517710330756,-0.313495773219145,0.000215167156751697
0.539965712292437,0.28492669015743,-0.00607123069781527,0.88170065425472,0.000275971856311043,-0.0256426417032843,0.0002897250999751,-0.313507185218845,0.000219658454509927
0.543710454646936,0.284929115444316,-0.00611500621841821,0.881704333757079,0.000277943578040479,-0.0256432763051415,0.000291951793522508,-0.313518736135411,0.000224238668451421
0.547481167345445,0.28493155910557,-0.00615911486733335,0.881708064997256,0.000279930465941911,-0.025643918092685,0.000294197993526077,-0.313530427395168,0.00022890946062068
0.551278030496154,0.284934021037781,-0.00620355940673464,0.881711848718162,0.000281932662021766,-0.0256445671254997,0.000296463904929702,-0.313542260432062,0.000233672521298564
0.55510122545633,0.284936501128639,-0.00624834262263885,0.881715685673931,0.000283950310063372,-0.0256452234630806,0.000298749735092651,-0.313554236687504,0.000238529569392701
0.558950934840979,0.284938999256693,-0.00629346732504644,0.881719576630118,0.000285983555650036,-0.0256458871648134,0.000301055693814139,-0.313566357610194,0.000243482352830504
0.56282734253157,0.284941515291103,-0.00633893634808048,0.881723522363883,0.000288032546188002,-0.025646558289955,0.000303381993357948,-0.313578624655947,0.000248532648954788
0.566730633684818,0.284944049091384,-0.00638475255012326,0.881727523664187,0.000290097430929413,-0.0256472368976126,0.000305728848477032,-0.313591039287512,0.000253682264921423
0.570660994741526,0.284946600507155,-0.00643091881395061,0.881731581331993,0.000292178360995158,-0.0256479230467231,0.000308096476438134,-0.313603602974377,0.000258933038099596
0.574618613435493,0.284949169377876,-0.00647743804686398,0.881735696180464,0.000294275489397571,-0.0256486167960313,0.000310485097046382,-0.313616317192572,0.000264286836473726
0.578603678802477,0.284951755532585,-0.00652431318081986,0.881739869035172,0.000296388971063079,-0.0256493182040678,0.000312894932669868,-0.313629183424461,0.000269745559047865
0.582616381189231,0.284954358789627,-0.00657154717255667,0.881744100734306,0.000298518962854509,-0.0256500273291266,0.000315326208264187,-0.31364220315853,0.000275311136251719
0.586656912262587,0.284956978956385,-0.00661914300371901,0.881748392128889,0.000300665623593373,-0.0256507442292416,0.000317779151396955,-0.313655377889161,0.000280985530348651
0.590725465018618,0.284959615829004,-0.00666710368097896,0.881752744082989,0.000302829114081762,-0.0256514689621633,0.000320253992272244,-0.313668709116403,0.00028677073584521
0.594822233791852,0.284962269192105,-0.00671543223615449,0.881757157473949,0.000305009597124029,-0.0256522015853337,0.000322750963754975,-0.313682198345733,0.000292668779902236
0.598947414264556,0.284964938818509,-0.00676413172632482,0.881761633192609,0.000307207237548152,-0.0256529421558621,0.000325270301395226,-0.313695847087805,0.000298681722747579
0.603101203476082,0.284967624468944,-0.00681320523394268,0.881766172143536,0.000309422202226732,-0.0256536907304992,0.000327812243452456,-0.313709656858196,0.000304811658089807
0.607283799832281,0.284970325891751,-0.00686265586694311,0.881770775245263,0.00031165466009761,-0.0256544473656109,0.000330377030919626,-0.313723629177141,0.000311060713533248
0.611495403114975,0.284973042822597,-0.00691248675884902,0.881775443430524,0.000313904782183971,-0.025655212117152,0.000332964907547214,-0.313737765569256,0.000317431050994119
0.615736214491506,0.284975774984162,-0.00696270106887318,0.881780177646499,0.000316172741614076,-0.0256559850406382,0.000335576119867094,-0.313752067563256,0.000323924867117048
0.620006436524339,0.284978522085849,-0.00701330198201652,0.881784978855065,0.000318458713640404,-0.0256567661911188,0.000338210917216299,-0.31376653669166,0.000330544393692928
0.624306273180741,0.284981283823466,-0.0070642927091627,0.88178984803305,0.000320762875658197,-0.0256575556231479,0.000340869551760607,-0.313781174490494,0.000337291898076741
0.628635929842521,0.284984059878922,-0.00711567648716884,0.881794786172486,0.000323085407223367,-0.025658353390755,0.000343552278517986,-0.313795982498972,0.000344169683605955
0.632995613315842,0.284986849919908,-0.00716745657895217,0.881799794280877,0.000325426490069752,-0.0256591595474157,0.000346259355381852,-0.313810962259179,0.000351180090019304
0.637385531841099,0.284989653599581,-0.0072196362735726,0.881804873381467,0.000327786308125633,-0.0256599741460206,0.000348991043144128,-0.313826115315739,0.00035832549387492
0.641805895102865,0.284992470556242,-0.00727221888631106,0.881810024513509,0.00033016504752939,-0.0256607972388451,0.000351747605518115,-0.31384144321547,0.000365608308969048
0.646256914239905,0.284995300413009,-0.00732520775874343,0.881815248732551,0.000332562896644378,-0.0256616288775166,0.000354529309161126,-0.31385694750704,0.000373030986753883
0.650738801855265,0.284998142777489,-0.00737860625880996,0.881820547110712,0.000334980046072766,-0.0256624691129834,0.000357336423696887,-0.313872629740596,0.000380596016754789
0.655251772026422,0.285000997241449,-0.00743241778088023,0.881825920736977,0.000337416688668452,-0.0256633179954806,0.000360169221737703,-0.313888491467399,0.00038830592698709
0.659796040315516,0.285003863380474,-0.00748664574581314,0.881831370717488,0.000339873019548978,-0.0256641755744972,0.00036302797890633,-0.313904534239438,0.000396163284371406
0.664371823779638,0.285006740753633,-0.0075412936010123,0.881836898175844,0.00034234923610612,-0.0256650418987415,0.000365912973857594,-0.313920759609037,0.000404170695148046
0.668979340981204,0.285009628903139,-0.00759636482047623,0.881842504253412,0.000344845538015469,-0.0256659170161063,0.00036882448829969,-0.313937169128452,0.000412330805289907
0.673618811998395,0.285012527353997,-0.0076518629048436,0.881848190109633,0.000347362127244625,-0.0256668009736333,0.000371762807015172,-0.313953764349456,0.000420646300913513
0.678290458435663,0.285015435613664,-0.00770779138143329,0.88185395692234,0.000349899208059983,-0.0256676938174767,0.000374728217881626,-0.313970546822912,0.000429119908688325
0.682994503434323,0.285018353171694,-0.00776415380427902,0.881859805888087,0.000352456987032193,-0.0256685955928667,0.000377721011891972,-0.313987518098336,0.000437754396243675
0.687731171683206,0.285021279499385,-0.00782095375415858,0.881865738222471,0.000355035673039922,-0.0256695063440715,0.000380741483174421,-0.31400467972345,0.000446552572573491
0.692500689429393,0.285024214049424,-0.00787819483861753,0.881871755160472,0.000357635477272175,-0.0256704261143595,0.000383789929012033,-0.314022033243724,0.000455517288438109
0.697303284489026,0.285027156255531,-0.00793588069198726,0.881877857956793,0.000360256613228711,-0.0256713549459603,0.000386866649861892,-0.314039580201899,0.000464651436763344
0.70213918625818,0.28503010553209,-0.00799401497539719,0.881884047886212,0.000362899296718743,-0.0256722928800252,0.000389971949373854,-0.314057322137514,0.000473957953036161
0.70700862572383,0.285033061273796,-0.00805260137678115,0.881890326243931,0.000365563745857694,-0.025673239956587,0.000393106134408854,-0.314075260586402,0.000483439815696901
0.71191183547488,0.285036022855282,-0.00811164361087782,0.881896694345941,0.000368250181061926,-0.0256741962145194,0.000396269515056768,-0.314093397080192,0.000493100046527667
0.716849049713269,0.285038989630755,-0.00817114541922487,0.881903153529389,0.000370958825041443,-0.0256751616914952,0.000399462404653802,-0.314111733145788,0.000502941711036764
0.721820504265165,0.285041960933626,-0.00823111057014724,0.881909705152951,0.000373689902790103,-0.0256761364239446,0.000402685119799399,-0.314130270304842,0.000512967918838744
0.726826436592224,0.28504493607614,-0.00829154285873872,0.881916350597216,0.00037644364157375,-0.0256771204470124,0.000405937980372595,-0.314149010073209,0.000523181824029398
0.731867085802933,0.285047914349001,-0.00835244610683759,0.881923091265073,0.000379220270915786,-0.0256781137945144,0.000409221309547909,-0.314167953960399,0.000533586625556276
0.736942692664033,0.285050895021,-0.0084138241629954,0.881929928582105,0.000382020022580032,-0.0256791164988936,0.000412535433810643,-0.314187103469008,0.000544185567583663
0.742053499612018,0.285053877338639,-0.00847568090243939,0.881936863996996,0.000384843130551059,-0.0256801285911754,0.000415880682971622,-0.314206460094143,0.000554981939851762
0.747199750764715,0.285056860525754,-0.00853802022702821,0.881943898981932,0.000387689831011562,-0.0256811501009226,0.000419257390181351,-0.314226025322832,0.000565979078030118
0.752381691932944,0.285059843783138,-0.00860084606520089,0.881951035033029,0.000390560362316796,-0.0256821810561894,0.000422665891943576,-0.314245800633423,0.000577180364064664
0.757599570632259,0.285062826288163,-0.00866416237191902,0.881958273670748,0.000393454964965893,-0.0256832214834748,0.000426106528128196,-0.31426578749497,0.000588589226518013
0.762853636094773,0.285065807194401,-0.00872797312860208,0.881965616440333,0.000396373881569937,-0.0256842714076757,0.000429579641983562,-0.314285987366608,0.000600209140903016
0.768144139281058,0.285068785631241,-0.00879228234305579,0.881973064912247,0.00039931735681659,-0.0256853308520392,0.000433085580148083,-0.314306401696916,0.000612043630008677
0.773471332892138,0.285071760703517,-0.00885709404939344,0.88198062068262,0.000402285637431263,-0.0256863998381141,0.000436624692661159,-0.314327031923263,0.000624096264218416
0.778835471381553,0.285074731491122,-0.00892241230795015,0.881988285373705,0.000405278972134524,-0.0256874783857025,0.000440197332973419,-0.314347879471153,0.000636370661820387
0.784236810967519,0.285077697048629,-0.00898824120519008,0.88199606063434,0.000408297611595668,-0.0256885665128098,0.000443803857956214,-0.314368945753542,0.000648870489309228
0.78967560964516,0.285080656404914,-0.00905458485360642,0.882003948140418,0.000411341808382308,-0.0256896642355953,0.000447444627910389,-0.31439023217016,0.000661599461679041
0.795152127198837,0.285083608562777,-0.00912144739161423,0.882011949595367,0.00041441181690571,-0.0256907715683213,0.000451120006574274,-0.314411740106806,0.00067456134270695
0.800666625214554,0.285086552498562,-0.00918883298343586,0.882020066730637,0.000417507893361879,-0.0256918885233019,0.000454830361130898,-0.314433470934641,0.000687759945227392
0.806219367092452,0.28508948716178,-0.00925674581897944,0.882028301306193,0.000420630295668026,-0.0256930151108522,0.00045857606221441,-0.314455426009463,0.000701199131396199
0.811810618059391,0.285092411474735,-0.00932519011370974,0.882036655111021,0.000423779283394446,-0.0256941513392351,0.000462357483915659,-0.314477606670977,0.000714882812944295
0.817440645181619,0.285095324332148,-0.00939417010851196,0.882045129963638,0.00042695511769144,-0.0256952972146095,0.000466175003786947,-0.314500014242042,0.000728814951420673
0.823109717377527,0.285098224600784,-0.00946369006954811,0.882053727712612,0.000430158061211189,-0.0256964527409769,0.00047002900284591,-0.31452265002792,0.000742999558424107
0.828818105430497,0.285101111119081,-0.00953375428810611,0.882062450237092,0.000433388378024445,-0.025697617920128,0.000473919865578532,-0.314545515315501,0.000757440695823342
0.834566082001833,0.285103982696778,-0.00960436708044156,0.882071299447345,0.000436646333531687,-0.0256987927515884,0.000477847979941248,-0.314568611372524,0.000772142475965187
0.840353921643785,0.285106838114554,-0.0096755327876123,0.882080277285299,0.000439932194368664,-0.0256999772325646,0.000481813737362132,-0.314591939446787,0.000787109061870295
0.846181900812664,0.285109676123656,-0.00974725577530557,0.882089385725102,0.000443246228306167,-0.0257011713578886,0.000485817532741149,-0.314615500765338,0.000802344667415869
0.852050297882047,0.285112495445543,-0.00981954043365811,0.882098626773682,0.00044658870414363,-0.0257023751199631,0.00048985976444945,-0.314639296533664,0.000817853557505244
0.857959393156072,0.285115294771524,-0.0098923911770689,0.88210800247132,0.000449959891596637,-0.0257035885087054,0.000493940834327703,-0.314663327934865,0.000833640048224032
0.863909468882829,0.285118072762404,-0.00996581244400492,0.88211751489223,0.000453360061177799,-0.0257048115114918,0.000498061147683421,-0.314687596128815,0.000849708506981572
0.86990080926784,0.285120828048128,-0.0100398086967996,0.882127166145152,0.000456789484071109,-0.0257060441131011,0.000502221113287282,-0.314712102251318,0.000866063352638308
0.875933700487633,0.285123559227436,-0.0101143844214446,0.882136958373947,0.000460248431999176,-0.0257072862956575,0.00050642114336844,-0.314736847413251,0.000882709055618103
0.882008430703416,0.285126264867518,-0.0101895441273742,0.882146893758207,0.000463737177083645,-0.0257085380385742,0.00051066165360877,-0.314761832699692,0.000899650138004915
0.888125290074835,0.28512894350367,-0.010265292347243,0.88215697451387,0.000467255991697876,-0.0257097993184959,0.000514943063136078,-0.314787059169047,0.00091689117362416
0.894284570773836,0.285131593638961,-0.0103416336366974,0.882167202893848,0.00047080514831245,-0.025711070109241,0.000519265794516219,-0.314812527852164,0.000934436788107146
0.900486566998624,0.285134213743898,-0.0104185725741393,0.882177581188662,0.000474384919332486,-0.0257123503817441,0.000523630273744136,-0.314838239751433,0.000952291658939522
0.906731574987708,0.285136802256102,-0.010496113760484,0.882188111727084,0.000477995576927286,-0.0257136401039978,0.000528036930233788,-0.314864195839883,0.000970460515492003
0.913019893034057,0.285139357579983,-0.0105742618189118,0.882198796876791,0.000481637392851134,-0.0257149392409949,0.000532486196806968,-0.314890397060268,0.000988948139034149
0.919351821499347,0.285141878086428,-0.0106530213946129,0.88220963904503,0.000485310638256194,-0.0257162477546695,0.000536978509680977,-0.314916844324144,0.00100775936272966
0.925727662828307,0.285144362112484,-0.010732397154526,0.882220640679286,0.000489015583496129,-0.0257175656038389,0.000541514308455165,-0.314943538510941,0.00102689907161384
0.932147721563161,0.285146807961056,-0.0108123937870714,0.882231804267963,0.000492752497920974,-0.0257188927441451,0.000546094036096302,-0.31497048046702,0.00104637220255174
0.938612304358183,0.285149213900607,-0.010893016001878,0.882243132341078,0.00049652164966258,-0.0257202291279956,0.000550718138922784,-0.314997671004734,0.00106618374417765
0.945121719994339,0.285151578164865,-0.0109742685295046,0.882254627470954,0.000500323305410472,-0.0257215747045053,0.000555387066587669,-0.315025110901468,0.00108633873681444
0.951676279394036,0.285153898952536,-0.0110561561211555,0.882266292272934,0.000504157730178055,-0.0257229294194372,0.000560101272060488,-0.315052800898687,0.00110684227237343
0.958276295635973,0.285156174427024,-0.0111386835483917,0.882278129406095,0.000508025187058683,-0.0257242932151441,0.000564861211607904,-0.315080741700968,0.00112769949423364
0.964922083970099,0.285158402716157,-0.0112218556028355,0.882290141573975,0.000511925936971386,-0.0257256660305095,0.000569667344773103,-0.315108933975027,0.00114891559710005
0.971613961832666,0.285160581911922,-0.0113056770958717,0.882302331525306,0.000515860238396081,-0.0257270478008894,0.000574520134354017,-0.315137378348746,0.00117049582684114
0.978352248861393,0.285162710070205,-0.0113901528583435,0.882314702054766,0.000519828347097802,-0.0257284384580531,0.000579420046380291,-0.315166075410192,0.00119244548030464
0.985137266910738,0.285164785210541,-0.0114752877402435,0.882327256003725,0.000523830515839971,-0.0257298379301254,0.00058436755008902,-0.315195025706628,0.00121476990511116
0.991969340067262,0.285166805315867,-0.0115610866104016,0.88233999626101,0.000527866994086322,-0.0257312461415281,0.000589363117899256,-0.315224229743529,0.00123747449942604
0.998848794665118,0.285168768332292,-0.0116475543561682,0.882352925763677,0.000531938027690859,-0.0257326630129216,0.000594407225385264,-0.315253687983588,0.00126056471170839
1.00577595930163,0.285170672168862,-0.0117346958830937,0.882366047497791,0.000536043858576286,-0.0257340884611477,0.000599500351248529,-0.315283400845717,0.00128404604043686
1.01275116485301,0.285172514697346,-0.0118225161146054,0.882379364499214,0.000540184724400032,-0.0257355223991714,0.000604642977288531,-0.315313368704057,0.00130792403381289
1.01977474449012,0.285174293752022,-0.0119110199916802,0.882392879854405,0.000544360858207887,-0.0257369647360238,0.000609835588372232,-0.315343591886974,0.00133220428943945
1.02684703369442,0.285176007129473,-0.0120002124725156,0.882406596701222,0.000548572488074876,-0.0257384153767454,0.000615078672402338,-0.31537407067606,0.00135689245397663
1.033968370274,0.285177652588397,-0.0120900985321973,0.882420518229742,0.000552819836733213,-0.0257398742223288,0.000620372720284303,-0.315404805305135,0.0013819942227728
1.04113909437969,0.285179227849417,-0.0121806831623651,0.88243464768308,0.000557103121186855,-0.0257413411696634,0.000625718225892082,-0.315435795959242,0.00140751533947134
1.0483595485213,0.285180730594909,-0.0122719713708768,0.882448988358221,0.000561422552312715,-0.0257428161114789,0.000631115686032606,-0.315467042773657,0.00143346159559239
1.05563007758401,0.285182158468829,-0.0123639681814705,0.882463543606865,0.000565778334447882,-0.02574429893629,0.000636565600409064,-0.315498545832881,0.00145983883009035
1.06295102884484,0.28518350907656,-0.012456678633426,0.882478316836266,0.000570170664962982,-0.0257457895283422,0.000642068471582893,-0.31553030516965,0.00148665292888536
1.07032275198921,0.285184779984761,-0.0125501077812249,0.882493311510093,0.000574599733820957,-0.0257472877675568,0.000647624804934559,-0.315562320763944,0.00151390982437008
1.07774559912768,0.285185968721226,-0.0126442606942105,0.882508531149295,0.000579065723121538,-0.0257487935294777,0.000653235108623091,-0.315594592541994,0.00154161549489033
1.08521992481272,0.285187072774757,-0.0127391424562474,0.882523979332969,0.00058356880663063,-0.0257503066852178,0.000658899893544429,-0.315627120375299,0.00156977596420074
1.0927460860557,0.285188089595037,-0.0128347581653816,0.882539659699239,0.000588109149294781,-0.0257518271014074,0.000664619673288501,-0.315659904079648,0.00159839730089351
1.1003244423439,0.285189016592527,-0.0129311129335006,0.882555575946147,0.00059268690674006,-0.0257533546401414,0.000670394964095162,-0.315692943414142,0.001627485617802
1.10795535565772,0.285189851138356,-0.0130282118859953,0.882571731832539,0.000597302224755569,-0.0257548891589291,0.000676226284808889,-0.315726238080232,0.00165704707137757
1.11563919048792,0.285190590564235,-0.0131260601614228,0.882588131178973,0.000601955238760978,-0.0257564305106434,0.000682114156832352,-0.315759787720754,0.00168708786104076
1.12337631385307,0.28519123216237,-0.0132246629111707,0.882604777868621,0.000606646073257847,-0.0257579785434719,0.000688059104078763,-0.315793591918981,0.00171761422850544
1.13116709531708,0.285191773185389,-0.0133240252991241,0.882621675848187,0.00061137484126475,-0.0257595331008675,0.000694061652923132,-0.315827650197677,0.00174863245707733
1.13901190700682,0.28519221084628,-0.013424152501335,0.882638829128827,0.000616141643735788,-0.0257610940215011,0.000700122332152365,-0.315861962018165,0.00178014887092562
1.14691112362992,0.285192542318337,-0.0135250497056944,0.882656241787075,0.000620946568962145,-0.0257626611392149,0.000706241672914262,-0.315896526779405,0.00181216983432859
1.15486512249268,0.285192764735112,-0.0136267221116081,0.88267391796578,0.000625789691956778,-0.0257642342829758,0.000712420208665398,-0.315931343817079,0.00184470175089241
1.16287428351806,0.285192875190383,-0.0137291749296758,0.882691861875042,0.00063067107382174,-0.025765813276831,0.000718658475117981,-0.315966412402697,0.00187775106274438
1.17093898926384,0.285192870738122,-0.0138324133813754,0.88271007779316,0.000635590761097871,-0.025767397939864,0.000724957010185615,-0.316001731742705,0.00191132424969924
1.1790596249409,0.285192748392485,-0.0139364426987505,0.88272857006758,0.000640548785097048,-0.0257689880861514,0.000731316353928053,-0.316037300977617,0.0019454278283997
1.18723657843162,0.285192505127799,-0.014041268124104,0.882747343115856,0.000645545161216343,-0.0257705835247213,0.000737737048494965,-0.316073119181155,0.00198006835143111
1.19547024030838,0.285192137878561,-0.0141468949096968,0.882766401426608,0.000650579888233999,-0.0257721840595126,0.000744219638068716,-0.316109185359406,0.00201525240641026
1.20376100385228,0.285191643539451,-0.0142533283174521,0.88278574956049,0.0006556529475873,-0.0257737894893352,0.000750764668806189,-0.316145498450001,0.00205098661504836
1.21210926507183,0.285191018965349,-0.0143605736186665,0.882805392151163,0.000660764302631726,-0.0257753996078319,0.000757372688779717,-0.316182057321298,0.00208727763218905
1.22051542272196,0.285190260971358,-0.0144686360937271,0.882825333906266,0.000665913897881558,-0.0257770142034409,0.000764044247917102,-0.316218860771603,0.00212413214482086
1.22897987832301,0.285189366332843,-0.0145775210318362,0.882845579608403,0.000671101658231421,-0.0257786330593602,0.000770779897940792,-0.316255907528387,0.00216155687106512
1.23750303617991,0.285188331785466,-0.0146872337307435,0.882866134116123,0.000676327488159094,-0.0257802559535126,0.000777580192306235,-0.316293196247546,0.00219955855913948
1.24608530340153,0.285187154025244,-0.0147977794964856,0.882887002364907,0.00068159127090877,-0.0257818826585127,0.000784445686139425,-0.316330725512663,0.00223814398629651
1.25472708992008,0.285185829708599,-0.0149091636431344,0.882908189368166,0.000686892867655158,-0.0257835129416344,0.000791376936173734,-0.316368493834302,0.00227731995773985
1.26342880851072,0.285184355452425,-0.0150213914925541,0.882929700218228,0.000692232116648095,-0.0257851465647805,0.00079837450068598,-0.316406499649324,0.00231709330551541
1.27219087481126,0.28518272783416,-0.0151344683741666,0.882951540087344,0.000697608832337271,-0.0257867832844535,0.000805438939431843,-0.316444741320219,0.00235747088738086
1.28101370734203,0.285180943391859,-0.0152483996247276,0.882973714228683,0.000703022804477517,-0.0257884228517273,0.000812570813580637,-0.316483217134476,0.00239845958565213
1.28989772752585,0.285178998624284,-0.0153631905881109,0.88299622797734,0.000708473797213754,-0.0257900650122213,0.00081977068564948,-0.316521925303962,0.00244006630602775
1.29884335970818,0.285176889990985,-0.0154788466151042,0.883019086751341,0.000713961548146326,-0.0257917095060749,0.000827039119436906,-0.31656086396434,0.00248229797639266
1.30785103117738,0.285174613912404,-0.0155953730632151,0.88304229605265,0.000719485767375828,-0.0257933560679241,0.000834376679955953,-0.316600031174507,0.00252516154560004
1.31692117218509,0.285172166769965,-0.0157127752964871,0.883065861468182,0.000725046136527921,-0.0257950044268797,0.000841783933366791,-0.316639424916063,0.00256866398223368
1.32605421596686,0.285169544906186,-0.0158310586853282,0.883089788670813,0.00073064230775758,-0.0257966543065066,0.000849261446908908,-0.316679043092806,0.00261281227335075
1.33525059876274,0.285166744624784,-0.0159502286063498,0.883114083420396,0.000736273902733099,-0.0257983054248049,0.000856809788832937,-0.316718883530257,0.00265761342320547
1.34451075983821,0.285163762190785,-0.0160702904422182,0.883138751564771,0.000741940511599377,-0.0257999574941922,0.000864429528332102,-0.316758943975218,0.00270307445195433
1.3538351415051,0.285160593830647,-0.0161912495815176,0.883163799040787,0.00074764169192082,-0.0258016102214885,0.000872121235473431,-0.316799222095355,0.00274920239434454
1.36322418914273,0.285157235732368,-0.0163131114186262,0.883189231875316,0.000753376967603227,-0.0258032633079012,0.000879885481128694,-0.31683971547882,0.00279600429838528
1.37267835121923,0.285153684045616,-0.0164358813536044,0.883215056186268,0.00075914582779528,-0.0258049164490126,0.000887722836905148,-0.3168804216339,0.00284348722400335
1.38219807931287,0.285149934881847,-0.0165595647920959,0.883241278183613,0.000764947725769086,-0.0258065693347692,0.00089563387507617,-0.3169213379887,0.00289165824168353
1.39178382813373,0.285145984314427,-0.0166841671452426,0.883267904170394,0.000770782077779732,-0.0258082216494719,0.000903619168511766,-0.316962461890862,0.00294052443109516
1.40143605554534,0.285141828378765,-0.0168096938296118,0.883294940543748,0.000776648261904218,-0.0258098730717686,0.000911679290609071,-0.317003790607318,0.00299009287970534
1.4111552225866,0.285137463072426,-0.0169361502671382,0.883322393795923,0.000782545616859323,-0.0258115232746473,0.000919814815222847,-0.317045321324072,0.00304037068137974
1.42094179349378,0.285132884355268,-0.0170635418850787,0.883350270515295,0.000788473440798569,-0.0258131719254324,0.000928026316596044,-0.317087051146032,0.00309136493497192
1.43079623572268,0.285128088149556,-0.0171918741159816,0.883378577387381,0.000794430990087955,-0.0258148186857813,0.000936314369290499,-0.317128977096862,0.00314308274290284
1.440719019971,0.285123070340092,-0.0173211523976696,0.88340732119586,0.000800417478061075,-0.0258164632116832,0.000944679548117805,-0.317171096118882,0.0031955312097306
1.45071062020079,0.28511782677433,-0.0174513821732374,0.883436508823583,0.000806432073752958,-0.0258181051534596,0.000953122428070383,-0.317213405073002,0.00324871744071201
1.46077151366109,0.285112353262498,-0.0175825688910632,0.883466147253589,0.000812473900612919,-0.0258197441557662,0.000961643584252884,-0.317255900738693,0.00330264854035725
1.47090218091073,0.285106645577709,-0.0177147180048345,0.883496243570113,0.000818542035196414,-0.0258213798575965,0.000970243591813876,-0.317298579814,0.00335733161097782
1.48110310584131,0.285100699456077,-0.0178478349735894,0.883526804959604,0.000824635505835836,-0.0258230118922872,0.000978923025877983,-0.317341438915588,0.00341277375123047
1.49137477570027,0.285094510596819,-0.0179819252617707,0.883557838711724,0.000830753291290079,-0.025824639887525,0.000987682461478406,-0.317384474578836,0.00346898205465643
1.50171768111418,0.285088074662358,-0.0181169943392961,0.883589352220365,0.000836894319373435,-0.0258262634653549,0.000996522473490013,-0.317427683257961,0.00352596360821872
1.5121323161122,0.28508138727842,-0.018253047681642,0.883621352984646,0.000843057465563013,-0.0258278822421907,0.00100544363656295,-0.317471061326191,0.00358372549083788
1.52261917814963,0.285074444034123,-0.0183900907699422,0.883653848609922,0.000849241551585445,-0.0258294958288259,0.00101444652505687,-0.317514605075973,0.00364227477192708
1.53317876813171,0.285067240482059,-0.0185281290911013,0.883686846808783,0.000855445343982381,-0.0258311038304477,0.00102353171297583,-0.317558310719223,0.00370161850992909
1.54381159043753,0.285059772138368,-0.0186671681379214,0.883720355402051,0.000861667552654842,-0.0258327058466511,0.00103269977390397,-0.317602174387618,0.00376176375085524
1.55451815294413,0.285052034482807,-0.0188072134092448,0.883754382319781,0.000867906829386908,-0.0258343014714555,0.00104195128094186,-0.317646192132926,0.0038227175268275
1.56529896705074,0.285044022958808,-0.0189482704101094,0.883788935602253,0.0008741617663479,-0.0258358902933222,0.00105128680664379,-0.317690359927384,0.00388448685462653
1.57615454770323,0.285035732973522,-0.019090344651919,0.883824023400964,0.00088043089457393,-0.0258374718951739,0.00106070692295586,-0.31773467366411,0.00394707873424502
1.58708541341869,0.285027159897862,-0.0192334416526273,0.883859653979619,0.000886712682427959,-0.0258390458544148,0.00107021220115514,-0.31777912915756,0.00401050014744903
1.5980920863102,0.285018299066529,-0.0193775669369352,0.883895835715117,0.000893005534039495,-0.0258406117429533,0.00107980321178963,-0.317823722144023,0.00407475805634852
1.60917509211179,0.285009145778025,-0.0195227260365025,0.883932577098536,0.000899307787722403,-0.0258421691272249,0.00108948052461948,-0.317868448282169,0.00413985940197723
1.62033496020352,0.284999695294659,-0.0196689244901721,0.883969886736119,0.000905617714372212,-0.0258437175682173,0.00109924470855913,-0.317913303153618,0.00420581110288529
1.63157222363676,0.284989942842538,-0.0198161678442071,0.884007773350246,0.000911933515842137,-0.0258452566214962,0.00110909633162072,-0.31795828226357,0.00427262005374371
1.64288741915971,0.284979883611542,-0.0199644616525416,0.884046245780421,0.000918253323298035,-0.025846785837233,0.00111903596085866,-0.318003381041467,0.00434029312396414
1.65428108724297,0.28496951275529,-0.0201138114770428,0.88408531298424,0.000924575195552058,-0.0258483047602331,0.00112906416231538,-0.318048594841693,0.00440883715633364
1.6657537721054,0.284958825391083,-0.0202642228877859,0.884124984038366,0.000930897117375082,-0.0258498129299657,0.00113918150096853,-0.318093918944321,0.00447825896566714
1.67730602174008,0.284947816599847,-0.0204157014633405,0.8841652681395,0.000937216997788246,-0.0258513098805951,0.00114938854067937,-0.318139348555897,0.00454856533747741
1.68893838794052,0.284936481426038,-0.0205682527910681,0.884206174605351,0.000943532668332567,-0.0258527951410121,0.00115968584414262,-0.318184878810264,0.0046197630266662
1.70065142632699,0.284924814877554,-0.0207218824674314,0.884247712875597,0.000949841881317567,-0.0258542682348677,0.00117007397283774,-0.318230504769424,0.00469185875623521
1.71244569637308,0.28491281192561,-0.0208765960983128,0.884289892512853,0.000956142308048358,-0.0258557286806067,0.00118055348698166,-0.318276221424446,0.00476485921602043
1.72432176143241,0.284900467504608,-0.0210323992993445,0.884332723203633,0.000962431537030919,-0.0258571759915032,0.00119112494548306,-0.3183220236964,0.00483877106145
1.73628018876552,0.284887776511984,-0.021189297696247,0.884376214759307,0.000968707072155822,-0.0258586096756963,0.00120178890589816,-0.318367906437342,0.00491360091232754
1.74832154956701,0.284874733808038,-0.0213472969251773,0.884420377117063,0.000974966330860208,-0.0258600292362267,0.00121254592438817,-0.318413864431324,0.00498935535164169
1.7604464189928,0.284861334215737,-0.0215064026330858,0.884465220340861,0.000981206642267557,-0.025861434171075,0.00122339655567826,-0.318459892395454,0.00506604092440366
1.77265537618758,0.284847572520514,-0.0216666204780808,0.884510754622389,0.000987425245305457,-0.0258628239731992,0.00123434135301834,-0.31850598498098,0.00514366413651432
1.78494900431252,0.28483344347003,-0.0218279561298014,0.884556990282018,0.000993619286800987,-0.0258641981305743,0.00124538086814542,-0.318552136774413,0.00522223145366085
1.79732789057308,0.284818941773924,-0.0219904152697964,0.884603937769755,0.00099978581955372,-0.0258655561262317,0.00125651565124776,-0.31859834229869,0.00530174930024593
1.80979262624709,0.284804062103539,-0.0221540035919101,0.884651607666192,0.00100592180038578,-0.0258668974382995,0.00126774625093073,-0.31864459601436,0.00538222405834921
1.82234380671297,0.284788799091629,-0.0223187268026741,0.884700010683459,0.00101202408816915,-0.025868221540043,0.00127907321418451,-0.318690892320811,0.00546366206672338
1.83498203147818,0.28477314733204,-0.0224845906217035,0.884749157666175,0.0010180894418297,-0.025869527899906,0.0012904970863536,-0.318737225557526,0.00554606961982543
1.84770790420785,0.284757101379369,-0.0226516007820987,0.884799059592395,0.00102411451832768,-0.0258708159815523,0.00130201841110809,-0.318783590005368,0.00562945296688411
1.86052203275364,0.2847406557486,-0.0228197630308498,0.884849727574562,0.00103009587061453,-0.0258720852439071,0.00131363773041685,-0.318829979887894,0.00571381831100504
1.87342502918271,0.284723804914721,-0.0229890831292453,0.884901172860455,0.00103602994556543,-0.0258733351411996,0.00132535558452263,-0.318876389372706,0.00579917180831507
1.88641750980704,0.284706543312308,-0.0231595668532827,0.884953406834142,0.00104191308188757,-0.0258745651230046,0.0013371725119189,-0.318922812572814,0.00588551956714581
1.89950009521279,0.284688865335095,-0.0233312199940808,0.885006441016922,0.00104774150800382,-0.0258757746342849,0.00134908904932882,-0.318969243548038,0.00597286764725793
1.91267341029,0.284670765335509,-0.0235040483582935,0.885060287068285,0.00105351133991045,-0.0258769631154338,0.00136110573168587,-0.319015676306433,0.00606122205910767
1.92593808426241,0.284652237624189,-0.0236780577685237,0.885114956786856,0.00105921857901034,-0.0258781300023169,0.00137322309211665,-0.319062104805731,0.00615058876315575
1.93929475071751,0.284633276469475,-0.0238532540637369,0.885170462111349,0.00106485910991906,-0.0258792747263146,0.00138544166192543,-0.319108522954813,0.00624097366922005
1.95274404763682,0.284613876096872,-0.0240296430996735,0.885226815121523,0.0010704286982455,-0.0258803967143634,0.00139776197058074,-0.319154924615196,0.00633238263587255
1.96628661742637,0.284594030688493,-0.0242072307492593,0.885284028039133,0.00107592298834437,-0.0258814953889983,0.00141018454570383,-0.319201303602545,0.00642482146988213
1.97992310694735,0.284573734382467,-0.0243860229030135,0.885342113228884,0.00108133750104224,-0.0258825701683931,0.00142270991305918,-0.319247653688204,0.00651829592570308
1.99365416754703,0.284552981272327,-0.024566025469453,0.885401083199397,0.00108666763133473,-0.0258836204664021,0.00143533859654678,-0.319293968600733,0.00661281170501063
2.00748045508988,0.284531765406375,-0.0247472443754926,0.885460950604162,0.00109190864605552,-0.0258846456925999,0.00144807111819653,-0.319340242027476,0.00670837445628383
2.0214026299889,0.284510080787013,-0.0249296855668401,0.885521728242498,0.00109705568151601,-0.0258856452523211,0.00146090799816438,-0.319386467616133,0.00680498977443711
2.03542135723711,0.284487921370051,-0.0251133550083861,0.885583429060523,0.00110210374111477,-0.0258866185466999,0.00147384975473056,-0.319432638976348,0.00690266320050026
2.0495373064394,0.284465281063989,-0.025298258684586,0.885646066152119,0.00110704769291703,-0.025887564972708,0.00148689690429952,-0.319478749681305,0.00700140022134751
2.06375115184445,0.284442153729272,-0.0254844025998357,0.885709652759898,0.00111188226720232,-0.0258884839231925,0.00150004996140196,-0.319524793269339,0.00710120626947747
2.07806357237695,0.284418533177519,-0.0256717927788391,0.885774202276175,0.0011166020539808,-0.0258893747869124,0.00151330943869855,-0.319570763245548,0.00720208672284192
2.09247525167004,0.28439441317072,-0.0258604352669654,0.885839728243946,0.00112120150047611,-0.0258902369485745,0.0015266758469856,-0.31961665308342,0.00730404690472658
2.10698687809795,0.284369787420415,-0.0260503361305983,0.88590624435786,0.0011256749085756,-0.025891069788868,0.0015401496952025,-0.319662456226454,0.00740709208368209
2.12159914480891,0.284344649586839,-0.0262415014574725,0.885973764465205,0.00113001643224542,-0.0258918726844986,0.00155373149044096,-0.319708166089793,0.00751122747350644
2.1363127497582,0.284318993278043,-0.0264339373570009,0.886042302566889,0.00113422007491094,-0.0258926450082203,0.00156742173795609,-0.319753776061856,0.00761645823327919
2.15112839574156,0.284292812048991,-0.0266276499605878,0.886111872818429,0.00113827968680139,-0.0258933861288674,0.00158122094117906,-0.319799279505968,0.00772278946744695
2.1660467904287,0.284266099400624,-0.02682264542193,0.886182489530939,0.00114218896225675,-0.0258940954113837,0.00159512960173167,-0.319844669761989,0.00783022622596091
2.18106864639712,0.284238848778901,-0.0270189299173037,0.886254167172126,0.00114594143699763,-0.0258947722168517,0.00160914821944236,-0.31988994014794,0.00793877350446631
2.19619468116618,0.284211053573819,-0.0272165096458367,0.886326920367289,0.00114953048535595,-0.0258954159025196,0.00162327729236404,-0.319935083961626,0.00804843624454366
2.21142561723131,0.284182707118397,-0.0274153908297652,0.886400763900315,0.00115294931746573,-0.0258960258218265,0.0016375173167934,-0.319980094482248,0.00815921933400138
2.22676218209858,0.284153802687639,-0.0276155797146745,0.886475712714686,0.00115619097641351,-0.0258966013244267,0.00165186878729178,-0.320024964972011,0.0082711276072209
2.24220510831939,0.284124333497474,-0.0278170825697226,0.886551781914485,0.00115924833534624,-0.0258971417562123,0.00166633219670756,-0.320069688677718,0.00838416584555274
2.25775513352553,0.284094292703665,-0.0280199056878454,0.88662898676541,0.00116211409453681,-0.0258976464593335,0.00168090803619997,-0.320114258832354,0.00849833877776399
2.27341300046436,0.284063673400695,-0.0282240553859442,0.88670734269578,0.00116478077840509,-0.0258981147722176,0.00169559679526433,-0.320158668656659,0.00861365108053719
2.28917945703428,0.284032468620629,-0.0284295380050537,0.886786865297559,0.00116724073249436,-0.0258985460295858,0.00171039896175861,-0.320202911360683,0.00873010737901911
2.30505525632052,0.284000671331953,-0.0286363599104891,0.886867570327371,0.00116948612040038,-0.0258989395624689,0.0017253150219313,-0.320246980145326,0.00884771224742076
2.32104115663104,0.283968274438377,-0.0288445274919732,0.88694947370752,0.0011715089206543,-0.0258992946982198,0.00174034546045049,-0.320290868203859,0.0089664702096669
2.33713792153279,0.283935270777634,-0.0290540471637417,0.887032591527021,0.00117330092355536,-0.025899610760525,0.00175549076043414,-0.320334568723426,0.00908638574009449
2.35334631988814,0.283901653120235,-0.0292649253646262,0.887116940042615,0.00117485372795478,-0.0258998870694137,0.00177075140348146,-0.320378074886526,0.0092074632642008
2.36966712589169,0.283867414168213,-0.0294771685581136,0.887202535679809,0.00117615873798763,-0.0259001229412646,0.00178612786970538,-0.320421379872466,0.00932970715943945
2.38610111910714,0.28383254655384,-0.029690783232383,0.887289395033894,0.00117720715975241,-0.0259003176888105,0.00180162063776593,-0.320464476858802,0.00945312175606366
2.40264908450462,0.28379704283832,-0.0299057759003171,0.887377534870984,0.00117798999793692,-0.0259004706211412,0.0018172301849046,-0.320507359022742,0.00957771133801694
2.41931181249812,0.283760895510463,-0.0301221530994887,0.887466972129038,0.00117849805238859,-0.0259005810437034,0.00183295698697952,-0.320550019542525,0.00970348014386971
2.43609009898327,0.283724096985333,-0.0303399213921217,0.887557723918898,0.00117872191462848,-0.025900648258299,0.00184880151850145,-0.320592451598779,0.00983043236780134
2.45298474537537,0.283686639602879,-0.0305590873650259,0.887649807525315,0.00117865196430705,-0.0259006715630801,0.00186476425267044,-0.320634648375836,0.00995857216062657
2.46999655864764,0.283648515626539,-0.0307796576295039,0.887743240407981,0.00117827836560101,-0.0259006502525425,0.0018808456614132,-0.320676603063026,0.010087903630866
2.48712635136979,0.283609717241831,-0.031001638821231,0.887838040202556,0.00117759106354877,-0.0259005836175165,0.00189704621542092,-0.320718308855934,0.0102184308458591
2.50437494174681,0.283570236554918,-0.0312250376001067,0.88793422472169,0.0011765797803244,-0.0259004709451544,0.00191336638418766,-0.320759758957622,0.010350157832918
2.52174315365806,0.283530065591154,-0.0314498606500765,0.888031811956053,0.00117523401144695,-0.0259003115189171,0.00192980663604917,-0.320800946579819,0.0104830885805245
2.53923181669665,0.283489196293613,-0.0316761146789258,0.888130820075349,0.0011735430219257,-0.0259001046185566,0.00194636743822192,-0.320841864944069,0.0106172270395638
2.55684176620901,0.283447620521599,-0.0319038064180415,0.888231267429333,0.0011714958423376,-0.0258998495200964,0.00196304925684253,-0.320882507282846,0.0107525771245994
2.57457384333485,0.283405330049136,-0.032132942622145,0.888333172548821,0.00116908126483728,-0.0258995454958098,0.00197985255700723,-0.32092286684063,0.0108891427151834
2.59242889504728,0.283362316563442,-0.0323635300689925,0.888436554146693,0.00116628783909725,-0.0258991918141951,0.00199677780281154,-0.320962936874937,0.0110269276572054
2.61040777419332,0.283318571663385,-0.0325955755590445,0.88854143111889,0.00116310386817639,-0.0258987877399478,0.00201382545738986,-0.321002710657315,0.0111659357642739
2.6285113395346,0.283274086857922,-0.0328290859151022,0.888647822545405,0.00115951740431604,-0.0258983325339307,0.00203099598295499,-0.321042181474292,0.0113061708191343
2.64674045578839,0.283228853564526,-0.0330640679819116,0.888755747691263,0.00115551624466156,-0.0258978254531411,0.00204828984083756,-0.321081342628285,0.0114476365751179
2.6650959936689,0.28318286310759,-0.0333005286257342,0.888865226007488,0.00115108792690791,-0.0258972657506755,0.00206570749152514,-0.321120187438464,0.0115903367576227
2.68357882992886,0.283136106716822,-0.0335384747338836,0.888976277132066,0.00114621972486752,-0.0258966526756907,0.00208324939470101,-0.321158709241564,0.0117342750656251
2.70218984740145,0.283088575525625,-0.0337779132142282,0.889088920890891,0.00114089864395932,-0.0258959854733631,0.00210091600928263,-0.321196901392665,0.0118794551732193
2.72092993504239,0.283040260569461,-0.0340188509946591,0.889203177298697,0.00113511141661682,-0.0258952633848452,0.00211870779345941,-0.321234757265908,0.0120258807311845
2.73979998797246,0.282991152784201,-0.0342612950225223,0.889319066559979,0.00112884449761359,-0.0258944856472184,0.00213662520473009,-0.32127227025518,0.0121735553685797
2.75880090752022,0.28294124300447,-0.0345052522640157,0.889436609069893,0.00112208405930513,-0.0258936514934441,0.0021546686999393,-0.321309433774738,0.0123224826943605
2.77793360126509,0.282890521961966,-0.0347507297035503,0.889555825415142,0.00111481598678495,-0.0258927601523115,0.00217283873531342,-0.321346241259789,0.0124726662990218
2.79719898308069,0.282838980283783,-0.0349977343430738,0.889676736374844,0.0011070258729533,-0.0258918108483825,0.00219113576649558,-0.321382686167021,0.0126241097562614
2.81659797317847,0.28278660849071,-0.0352462732013591,0.889799362921375,0.00109869901349691,-0.0258908028019345,0.0022095602485797,-0.321418761975085,0.0127768166246637
2.83613149815172,0.282733396995528,-0.0354963533132532,0.88992372622119,0.001089820401779,-0.0258897352288995,0.00222811263614356,-0.32145446218502,0.0129307904494037
2.85580049101974,0.282679336101297,-0.0357479817288906,0.890049847635628,0.00108037472363591,-0.0258886073408011,0.00224679338328063,-0.321489780320632,0.0130860347639676
2.87560589127251,0.282624415999626,-0.0360011655128673,0.890177748721682,0.00107034635208096,-0.0258874183446886,0.0022656029436309,-0.321524709928821,0.0132425530918906
2.89554864491548,0.282568626768942,-0.0362559117433767,0.890307451232748,0.00105971934191257,-0.0258861674430686,0.00228454177041018,-0.321559244579854,0.0134003489485083
2.91562970451479,0.282511958372754,-0.036512227511307,0.890438977119341,0.00104847742422495,-0.0258848538338331,0.0023036103164383,-0.321593377867586,0.0135594258427231
2.93585002924278,0.282454400657894,-0.0367701199192991,0.89057234852978,0.00103660400082134,-0.0258834767101858,0.00232280903416555,-0.32162710340963,0.013719787278781
2.95621058492378,0.282395943352774,-0.0370295960807652,0.890707587810847,0.00102408213852528,-0.0258820352605652,0.00234213837569788,-0.321660414847468,0.0138814367580597
2.97671234408028,0.282336576065615,-0.0372906631188676,0.890844717508402,0.00101089456339157,-0.0258805286685655,0.00236159879282023,-0.321693305846519,0.0140443777808658
2.99735628597932,0.282276288282684,-0.0375533281654576,0.890983760367964,0.00099702365481294,-0.0258789561128539,0.00238119073701827,-0.321725770096144,0.0142086138482389
3.01814339667932,0.282215069366522,-0.0378175983599731,0.891124739335256,0.000982451439521859,-0.0258773167670866,0.00240091465949832,-0.3217578013096,0.0143741484637628
3.03907466907719,0.28215290855417,-0.0380834808482969,0.891267677556704,0.000967159585485683,-0.0258756097998214,0.00242077101120537,-0.321789393223946,0.0145409851353809
3.06015110295567,0.282089794955382,-0.0383509827815722,0.891412598379896,0.000951129395693889,-0.0258738343744275,0.00244076024283916,-0.321820539599885,0.0147091273772146
3.08137370503119,0.282025717550851,-0.0386201113149786,0.89155952535399,0.00093434180183502,-0.0258719896489939,0.00246088280486824,-0.321851234221561,0.0148785787113848
3.10274348900188,0.281960665190415,-0.0388908736064649,0.891708482230083,0.000916777357862664,-0.025870074776234,0.0024811391475418,-0.321881470896299,0.0150493426698327
3.12426147559604,0.281894626591275,-0.0391632768154409,0.891859492961515,0.000898416233448912,-0.0258680889033886,0.00250152972089945,-0.32191124345429,0.0152214227961403
3.14592869262085,0.281827590336202,-0.0394373281014263,0.892012581704131,0.000879238207322858,-0.0258660311721263,0.0025220549747786,-0.321940545748227,0.0153948226473489
3.16774617501149,0.281759544871751,-0.0397130346226582,0.892167772816484,0.000859222660493764,-0.0258639007184416,0.00254271535881952,-0.321969371652881,0.0155695457957738
3.18971496488059,0.281690478506467,-0.0399904035346544,0.892325090859976,0.000838348569356523,-0.0258616966725501,0.00256351132246796,-0.321997715064629,0.015745595830814
3.21183611156796,0.281620379409098,-0.0402694419887348,0.892484560598939,0.000816594498679352,-0.0258594181587824,0.00258444331497527,-0.32202556990093,0.0159229763607559
3.23411067169074,0.281549235606805,-0.040550157130499,0.892646207000649,0.000793938594469662,-0.025857064295475,0.00260551178539592,-0.32205293009974,0.0161016910145699
3.25653970919388,0.281477034983376,-0.0408325560982604,0.892810055235284,0.000770358576720032,-0.0258546341948592,0.00262671718258233,-0.322079789618887,0.0162817434436973
3.27912429540095,0.281403765277442,-0.0411166460214364,0.892976130675791,0.000745831732030161,-0.0258521269629481,0.00264805995517704,-0.322106142435383,0.0164631373238283
3.30186550906528,0.281329414080693,-0.0414024340188949,0.893144458897698,0.000720334906105069,-0.025849541699421,0.00266954055160199,-0.322131982544692,0.0166458763566676
3.32476443642155,0.281253968836101,-0.0416899271972556,0.893315065678841,0.000693844496127777,-0.0258468774975064,0.00269115942004499,-0.322157303959939,0.016829964271689
3.3478221712376,0.281177416836145,-0.0419791326491475,0.89348797699901,0.00066633644300404,-0.0258441334438627,0.0027129170084432,-0.322182100711076,0.0170154048278751
3.37103981486675,0.281099745221041,-0.0422700574514212,0.893663219039516,0.000637786223480263,-0.0258413086184567,0.00273481376446364,-0.322206366843993,0.017202201815443
3.39441847630035,0.281020940976982,-0.0425627086633159,0.893840818182666,0.000608168842131385,-0.0258384020944405,0.00275685013548056,-0.32223009641958,0.0173903590575536
3.41795927222076,0.280940990934371,-0.0428570933245812,0.894020801011156,0.000577458823217858,-0.0258354129380269,0.00277902656854973,-0.322253283512737,0.0175798804120044
3.44166332705473,0.280859881766077,-0.0431532184535532,0.894203194307358,0.000545630202411274,-0.0258323402083624,0.00280134351037951,-0.322275922211343,0.017770769772904
3.46553177302703,0.280777599985686,-0.0434510910451846,0.894388025052522,0.000512656518387222,-0.0258291829573991,0.00282380140729861,-0.322298006615163,0.0179630310723273
3.48956575021462,0.280694131945765,-0.0437507180690286,0.89457532042587,0.000478510804283211,-0.0258259402297643,0.00284640070522051,-0.32231953083472,0.0181566682819508
3.51376640660105,0.280609463836133,-0.0440521064671764,0.894765107803586,0.000443165579022936,-0.0258226110626293,0.0028691418496046,-0.322340488990114,0.0183516854146668
3.53813489813128,0.280523581682143,-0.0443552631521478,0.894957414757698,0.000406592838503639,-0.025819194485576,0.00289202528541371,-0.322360875209794,0.018548086526175
3.56267238876697,0.28043647134297,-0.0446601950047353,0.895152269054847,0.000368764046646347,-0.0258156895204626,0.00291505145706825,-0.322380683629281,0.0187458757165517
3.58738005054197,0.280348118509912,-0.0449669088718001,0.89534969865494,0.000329650126308811,-0.0258120951812877,0.00293822080839673,-0.322399908389854,0.0189450571317945
3.61225906361841,0.280258508704701,-0.0452754115640212,0.89554973170968,0.000289221450059329,-0.0258084104740527,0.00296153378258264,-0.322418543637184,0.0191456349653424
3.63731061634298,0.280167627277827,-0.0455857098535968,0.895752396560972,0.000247447830810599,-0.0258046343966239,0.00298499082210774,-0.322436583519921,0.01934761345957
3.66253590530377,0.280075459406874,-0.045897810471897,0.895957721739203,0.000204298512314294,-0.0258007659385925,0.00300859236869152,-0.322454022188247,0.0195509969072553
3.68793613538733,0.279981990094866,-0.0462117201070684,0.896165735961378,0.000159742159513476,-0.0257968040811338,0.00303233886322693,-0.322470853792379,0.0197557896530202
3.71351251983634,0.279887204168631,-0.0465274454015905,0.896376468129133,0.000113746848753787,-0.0257927477968658,0.00305623074571233,-0.322487072481028,0.0199619960947425
3.73926628030746,0.279791086277175,-0.0468449929497821,0.896589947326586,6.62800578525857e-05,-0.0257885960497062,0.00308026845517942,-0.322502672399824,0.0201696206849393
3.76519864692972,0.279693620890077,-0.04716436929526,0.896806202818059,1.73086560247004e-05,-0.0257843477947289,0.00310445242961745,-0.322517647689692,0.0203786679321209
3.7913108583633,0.279594792295894,-0.0474855809283466,0.897025264045636,-3.3201106334535e-05,-0.0257800019780196,0.00312878310589323,-0.322531992485191,0.0205891424021138
3.81760416185865,0.279494584600583,-0.0478086342834288,0.897247160626567,-8.52836080103558e-05,-0.0257755575365307,0.0031532609196673,-0.322545700912814,0.0208010487193534
3.84407981331609,0.279392981725946,-0.0481335357362664,0.897471922350509,-0.000138973867473469,-0.0257710133979353,0.003177886305306,-0.322558767089249,0.021014391568145
3.87073907734582,0.279289967408088,-0.0484602916012503,0.897699579176601,-0.000194307553528977,-0.025766368480481,0.00320265969578936,-0.322571185119596,0.0212291756938918
3.89758322732826,0.279185525195891,-0.0487889081286094,0.897930161230365,-0.00025132099611011,-0.0257616216928431,0.0032275815226149,-0.322582949095556,0.0214454059042909
3.92461354547494,0.279079638449517,-0.0491193915015675,0.898163698800433,-0.000310051197216304,-0.0257567719339768,0.0032526522156973,-0.322594053093577,0.0216630870704956
3.95183132288971,0.278972290338924,-0.0494517478334483,0.898400222335083,-0.000370535841996117,-0.0257518180929703,0.00327787220326375,-0.322604491172961,0.0218822241282435
3.97923785963041,0.278863463842399,-0.0497859831647287,0.898639762438596,-0.000432813309973773,-0.0257467590488963,0.00330324191174507,-0.322614257373943,0.0221028220789505
4.00683446477099,0.278753141745131,-0.0501221034600408,0.898882349867413,-0.000496922686421486,-0.0257415936706638,0.0033287617656626,-0.322623345715728,0.0223248859907696
4.03462245646401,0.278641306637782,-0.0504601146051212,0.899128015526091,-0.000562903773874024,-0.0257363208168705,0.00335443218751062,-0.322631750194499,0.0225484209996137
4.06260316200361,0.278527940915102,-0.0508000224037079,0.899376790463064,-0.000630797103789021,-0.0257309393356537,0.00338025359763454,-0.322639464781384,0.0227734323101437
4.09077791788892,0.27841302677456,-0.0511418325743847,0.899628705866175,-0.000700643948349178,-0.0257254480645428,0.0034062264141046,-0.322646483420401,0.0229999251967191
4.11914806988789,0.278296546215,-0.0514855507473722,0.899883793058009,-0.000772486332407535,-0.025719845830311,0.00343235105258517,-0.322652800026358,0.023227905004312
4.14771497310157,0.278178481035326,-0.0518311824612654,0.900142083490992,-0.000846367045575613,-0.0257141314488271,0.00345862792619959,-0.322658408482733,0.0234573771493844
4.17647999202884,0.278058812833209,-0.0521787331597181,0.900403608742262,-0.00092232965445202,-0.0257083037249086,0.00348505744539048,-0.322663302639512,0.0236883471207271
4.20544450063156,0.277937523003836,-0.0525282081880726,0.900668400508307,-0.00100041851499197,-0.0257023614521741,0.00351164001777558,-0.322667476311005,0.0239208204802614
4.23460988240025,0.277814592738665,-0.0528796127899355,0.900936490599359,-0.00108067878501705,-0.0256963034128967,0.00353837604799897,-0.322670923273628,0.0241548028638018
4.26397753042013,0.277690003024238,-0.053232952103699,0.901207910933541,-0.00116315643686174,-0.0256901283778578,0.0035652659375778,-0.322673637263654,0.0243902999817805
4.29354884743766,0.277563734640999,-0.0535882311590072,0.901482693530756,-0.0012478982701592,-0.0256838351062022,0.00359231008474429,-0.32267561197494,0.0246273176199326
4.32332524592758,0.277435768162166,-0.0539454548731674,0.90176087050632,-0.00133495192476152,-0.0256774223452924,0.00361950888428326,-0.322676841056622,0.0248658616399417
4.35330814816033,0.277306083952618,-0.0543046280475056,0.902042474064317,-0.00142436589379538,-0.0256708888305656,0.00364686272736486,-0.322677318110783,0.0251059379800468
4.38349898627002,0.277174662167831,-0.0546657553636667,0.902327536490692,-0.00151618953684909,-0.0256642332853902,0.00367437200137268,-0.322677036690094,0.0253475526556081
4.41389920232282,0.277041482752844,-0.0550288413798588,0.902616090146047,-0.00161047309329285,-0.025657454420924,0.00370203708972722,-0.322675990295428,0.0255907117596335
4.44451024838583,0.276906525441255,-0.0553938905270405,0.902908167458159,-0.00170726769572527,-0.0256505509359733,0.00372985837170454,-0.32267417237345,0.0258354214632639
4.47533358659646,0.27676976975427,-0.0557609071050532,0.903203800914195,-0.00180662538355009,-0.025643521516853,0.00375783622225023,-0.322671576314178,0.0260816880162182
4.50637068923228,0.276631194999775,-0.0561298952786951,0.903503023052626,-0.00190859911667493,-0.0256363648372485,0.00378597101178862,-0.322668195448521,0.0263295177471968
4.53762303878129,0.276490780271458,-0.056500859073739,0.903805866454829,-0.00201324278933435,-0.0256290795580784,0.0038142631060272,-0.322664023045788,0.0265789170642445
4.56909212801278,0.27634850444797,-0.0568738023728933,0.904112363736369,-0.00212061124403162,-0.025621664327359,0.00384271286575625,-0.322659052311185,0.0268298924550709
4.60077946004862,0.276204346192131,-0.0572487289117047,0.904422547537955,-0.00223076028559849,-0.0256141177800702,0.00387132064664368,-0.322653276383268,0.02708245048733
4.63268654843505,0.276058283950171,-0.0576256422744042,0.904736450516063,-0.0023437466953686,-0.0256064385380231,0.00390008679902503,-0.322646688331394,0.0273365978088566
4.66481491721498,0.275910295951032,-0.0580045458896949,0.905054105333217,-0.00245962824546214,-0.0255986252097295,0.00392901166768866,-0.322639281153131,0.0275923411478615
4.69716610100076,0.275760360205701,-0.0583854430264815,0.905375544647918,-0.00257846371317869,-0.0255906763902731,0.00395809559165603,-0.32263104777166,0.0278496873130832
4.72974164504755,0.275608454506601,-0.0587683367895426,0.905700801104218,-0.00270031289549372,-0.0255825906611823,0.00398733890395724,-0.322621981033142,0.0281086431938977
4.76254310532705,0.275454556427027,-0.0591532301151443,0.906029907320925,-0.00282523662365677,-0.025574366590306,0.00401674193140155,-0.322612073704073,0.0283692157603841
4.79557204860185,0.275298643320637,-0.0595401257665951,0.906362895880437,-0.00295329677788533,-0.0255660027316903,0.00404630499434313,-0.322601318468611,0.0286314120633479
4.82883005250031,0.27514069232099,-0.0599290263297428,0.906699799317188,-0.00308455630215168,-0.0255574976254585,0.00407602840644193,-0.322589707925887,0.0288952392343003
4.86231870559183,0.274980680341142,-0.0603199342084131,0.907040650105715,-0.00321907921905887,-0.0255488497976931,0.00410591247441956,-0.322577234587289,0.0291607044853933
4.89603960746281,0.274818584073299,-0.0607128516197886,0.907385480648309,-0.00335693064479925,-0.0255400577603197,0.00413595749781037,-0.322563890873731,0.0294278151093114
4.92999436879299,0.27465437998852,-0.0611077805897304,0.907734323262272,-0.0034981768041924,-0.0255311200109943,0.00416616376870759,-0.322549669112897,0.0296965784791181
4.96418461143244,0.274488044336485,-0.0615047229480403,0.908087210166753,-0.00364288504579752,-0.0255220350329928,0.00419653157150454,-0.32253456153647,0.0299670020480586
4.99861196847899,0.274319553145322,-0.0619036803236644,0.908444173469153,-0.00379112385709279,-0.0255128012951033,0.00422706118263098,-0.322518560277337,0.0302390933493165
5.03327808435624,0.274148882221497,-0.0623046541398382,0.908805245151107,-0.00394296287972024,-0.0255034172515212,0.00425775287028449,-0.322501657366776,0.0305128599957259
5.06818461489212,0.273976007149762,-0.0627076456091733,0.909170457054016,-0.00409847292478538,-0.0254938813417477,0.00428860689415705,-0.322483844731624,0.0307883096794379
5.10333322739797,0.273800903293174,-0.0631126557286855,0.909539840864123,-0.00425772598820906,-0.0254841919904906,0.00431962350515654,-0.322465114191423,0.0310654501715405
5.13872560074817,0.273623545793182,-0.0635196852747644,0.909913428097141,-0.0044207952661246,-0.0254743476075691,0.00435080294512353,-0.322445457455556,0.0313442893216331
5.17436342546036,0.273443909569776,-0.0639287347980854,0.910291250082402,-0.00458775517031182,-0.0254643465878215,0.00438214544654303,-0.322424866120351,0.0316248350573538
5.21024840377617,0.273261969321715,-0.0643398046184628,0.910673337946523,-0.00475868134366286,-0.0254541873110162,0.0044136512322514,-0.322403331666179,0.0319070953838595
5.24638224974252,0.273077699526821,-0.0647528948196457,0.911059722596597,-0.00493365067567211,-0.0254438681417665,0.00444532051513841,-0.322380845454526,0.0321910783832594
5.2827666892935,0.272891074442352,-0.065168005244057,0.911450434702874,-0.00511274131794176,-0.0254333874294491,0.00447715349784433,-0.322357398725049,0.0324767922139999
5.31940346033281,0.272702068105448,-0.0655851354874734,0.911845504680941,-0.00529603269969622,-0.0254227435081259,0.00450915037245229,-0.322332982592618,0.0327642451102017
5.35629431281677,0.272510654333659,-0.0660042848936507,0.912244962673388,-0.00548360554329691,-0.0254119346964704,0.00454131132017563,-0.322307588044331,0.0330534453809479
5.39344100883792,0.272316806725548,-0.0664254525488907,0.912648838530939,-0.00567554187974834,-0.0254009592976972,0.00457363651104057,-0.322281205936525,0.0333444014095236
5.43084532270915,0.272120498661382,-0.0668486372765532,0.913057161793064,-0.00587192506418691,-0.0253898155994963,0.00460612610356394,-0.322253826991756,0.0336371216526054
5.4685090410485,0.271921703303904,-0.0672738376315117,0.913469961668029,-0.00607283979134396,-0.0253785018739716,0.00463878024442618,-0.322225441795771,0.033931614639401
5.50643396286443,0.271720393599191,-0.0677010518945547,0.913887267012405,-0.00627837211097201,-0.0253670163775834,0.0046715990681395,-0.322196040794458,0.0342278889707378
5.54462189964184,0.271516542277603,-0.0681302780667316,0.91430910631001,-0.00648860944322543,-0.0253553573510955,0.00470458269671134,-0.322165614290784,0.0345259533181014
5.58307467542852,0.271310121854822,-0.0685615138636448,0.914735507650277,-0.00670364059398462,-0.0253435230195272,0.00473773123930304,-0.322134152441709,0.0348258164226213
5.6217941269223,0.27110110463298,-0.0689947567096894,0.915166498706041,-0.0069235557701133,-0.0253315115921098,0.00477104479188384,-0.322101645255093,0.0351274870940048
5.66078210355879,0.270889462701888,-0.0694300037322387,0.915602106710737,-0.0071484465946374,-0.0253193212622475,0.00480452343688016,-0.322068082586578,0.0354309742094183
5.70004046759971,0.270675167940356,-0.0698672517557794,0.916042358434995,-0.00737840612183463,-0.0253069502074843,0.00483816724282023,-0.322033454136456,0.0357362867123143
5.73957109422183,0.270458192017619,-0.0703064972959945,0.916487280162623,-0.0076135288522223,-0.0252943965894755,0.00487197626397413,-0.321997749446525,0.0360434336112054
5.77937587160657,0.270238506394857,-0.0707477365537969,0.916936897665975,-0.0078539107474308,-0.0252816585539637,0.00490595053998925,-0.321960957896927,0.0363524239783821
5.81945670103016,0.270016082326826,-0.0711909654093134,0.917391236180688,-0.00809964924495166,-0.0252687342307618,0.0049400900955211,-0.321923068702965,0.0366632669485763
5.85981549695445,0.269790890863591,-0.0716361794158203,0.917850320379786,-0.00835084327274438,-0.0252556217337399,0.00497439493985978,-0.321884070911912,0.0369759717175677
5.90045418711838,0.269562902852369,-0.0720833737936321,0.918314174347122,-0.00860759326369043,-0.0252423191608191,0.00500886506655181,-0.321843953399801,0.0372905475407334
5.94137471263004,0.269332088939481,-0.072532543423944,0.918782821550188,-0.00887000116987985,-0.0252288245939701,0.00504350045301769,-0.3218027048682,0.0376070037315401
5.9825790280594,0.269098419572421,-0.0729836828426295,0.919256284812239,-0.00913817047671567,-0.0252151360992183,0.00507830106016497,-0.321760313840973,0.0379253496599767
6.02406910153166,0.268861865002035,-0.0734367862339942,0.919734586283753,-0.00941220621682076,-0.0252012517266549,0.00511326683199703,-0.321716768661025,0.0382455947509287
6.06584691482126,0.268622395284827,-0.0738918474244875,0.920217747413212,-0.00969221498373302,-0.0251871695104542,0.00514839769521766,-0.321672057487031,0.0385677484824913
6.10791446344653,0.268379980285372,-0.0743488598763735,0.920705788917181,-0.00997830494537122,-0.0251728874688969,0.00518369355883134,-0.321626168290157,0.0388918203842215
6.15027375676503,0.268134589678866,-0.0748078166813617,0.9211987307497,-0.0102705858572568,-0.0251584036044001,0.00521915431373938,-0.321579088850759,0.0392178200353282
6.19292681806951,0.267886192953794,-0.0752687105542008,0.921696592070961,-0.0105691690754727,-0.0251437159035543,0.00525477983233201,-0.321530806755074,0.0395457570627993
6.23587568468454,0.267634759414721,-0.0757315338262353,0.922199391215273,-0.010874167569344,-0.0251288223371665,0.00529056996807644,-0.321481309391893,0.0398756411394642
6.27912240806387,0.267380258185228,-0.0761962784389284,0.922707145658299,-0.0111856959338208,-0.0251137208603107,0.00532652455510089,-0.321430583949227,0.0402074819819921
6.32266905388835,0.267122658210965,-0.0766629359373507,0.92321987198357,-0.0115038704015457,-0.0250984094123851,0.00536264340777486,-0.321378617410953,0.040541289348823
6.36651770216467,0.266861928262846,-0.0771314974636397,0.923737585848254,-0.0118288088545858,-0.0250828859171768,0.00539892632028551,-0.321325396553452,0.0408770730380326
6.41067044732463,0.266598036940385,-0.0776019537504284,0.924260301948182,-0.0121606308358116,-0.0250671482829337,0.0054353730662103,-0.321270907942234,0.0412148428851281
6.45512939832527,0.266330952675167,-0.0780742951142484,0.924788033982122,-0.0124994575599019,-0.0250511944024439,0.00547198339808607,-0.321215137928553,0.0415546087607749
6.49989667874954,0.266060643734461,-0.0785485114489078,0.92532079461529,-0.0128454119239524,-0.0250350221531228,0.0055087570469745,-0.321158072646004,0.0418963805684533
6.54497442690774,0.265787078224984,-0.0790245922188451,0.925858595442104,-0.0131986185176695,-0.0250186293971079,0.00554569372202415,-0.321099698007121,0.0422401682420419
6.5903647959397,0.265510224096806,-0.0795025264524648,0.926401446948159,-0.0135592036331277,-0.0250020139813615,0.00558279311002903,-0.321039999699949,0.0425859817433294
6.63606995391757,0.265230049147411,-0.0799823027354535,0.926949358471426,-0.0139272952740643,-0.0249851737377817,0.00562005487498411,-0.320978963184625,0.0429338310594521
6.68209208394941,0.264946521025905,-0.0804639092040806,0.927502338162673,-0.0143030231646942,-0.0249681064833217,0.00565747865763741,-0.32091657368993,0.0432837262002548
6.72843338428345,0.264659607237381,-0.0809473335384869,0.928060392945094,-0.0146865187580182,-0.0249508100201167,0.00569506407503923,-0.320852816209852,0.0436356771955761
6.77509606841313,0.264369275147446,-0.0814325629559624,0.928623528473148,-0.0150779152436006,-0.0249332821356207,0.00573281072008835,-0.320787675500119,0.0439896940924551
6.82208236518274,0.2640754919869,-0.0819195842042159,0.929191749090606,-0.0154773475547938,-0.0249155206027506,0.00577071816107542,-0.32072113607475,0.0443457869522582
6.86939451889399,0.263778224856583,-0.0824083835546412,0.929765057787787,-0.0158849523753827,-0.0248975231800402,0.00580878594122362,-0.320653182202575,0.0447039658477259
6.91703478941313,0.263477440732385,-0.0828989467955811,0.930343456158009,-0.0163008681456253,-0.0248792876118025,0.0058470135782268,-0.320583797903765,0.0450642408599366
6.96500545227891,0.26317310647042,-0.0833912592255922,0.930926944353213,-0.0167252350676609,-0.0248608116283017,0.00588540056378507,-0.320512966946355,0.045426622075187
7.0133087988113,0.262865188812378,-0.0838853056467154,0.931515521038803,-0.0171581951102622,-0.0248420929459337,0.0059239463631382,-0.32044067284275,0.0457911195817872
7.06194713622089,0.262553654391035,-0.0843810703577533,0.932109183347655,-0.0175998920129006,-0.0248231292674172,0.00596265041459674,-0.32036689884625,0.0461577434667695
7.11092278771915,0.262238469735952,-0.0848785371475593,0.93270792683333,-0.0180504712891003,-0.024803918281993,0.00600151212907115,-0.320291627947548,0.0465265038125083
7.16023809262934,0.261919601279338,-0.0853776892883415,0.93331174542247,-0.0185100802290492,-0.0247844576656345,0.00604053088959904,-0.320214842871245,0.046897410693251
7.20989540649828,0.261597015362097,-0.0858785095289843,0.933920631366386,-0.0189788679014417,-0.0247647450812669,0.00607970605087073,-0.320136526072359,0.0472704741715573
7.25989710120885,0.261270678240057,-0.0863809800883928,0.934534575191835,-0.0194569851545192,-0.0247447781789967,0.00611903693875316,-0.320056659732826,0.0476457042946456
7.31024556509332,0.260940556090373,-0.0868850826488629,0.935153565650987,-0.0199445846162818,-0.0247245545963523,0.00615852284981249,-0.319975225758018,0.0480231110906452
7.36094320304735,0.260606615018127,-0.0873907983494802,0.935777589670592,-0.0204418206938399,-0.0247040719585333,0.00619816305083539,-0.319892205773251,0.0484027045647523
7.41199243664497,0.260268821063105,-0.0878981077795543,0.936406632300333,-0.0209488495718717,-0.0246833278786718,0.00623795677834935,-0.319807581120306,0.0487844946952882
7.46339570425412,0.259927140206763,-0.0884069909720899,0.937040676660391,-0.0214658292101593,-0.0246623199581032,0.00627790323814205,-0.319721332853949,0.0491684914296583
7.51515546115323,0.259581538379391,-0.0889174273972999,0.937679703888209,-0.0219929193401681,-0.0246410457866486,0.00631800160478012,-0.319633441738461,0.04955470468021
7.56727417964842,0.259231981467457,-0.0894293959561664,0.938323693084465,-0.0225302814606361,-0.0246195029429072,0.00635825102112731,-0.31954388824418,0.049943144319988
7.61975434919166,0.258878435321158,-0.0899428749740514,0.938972621258266,-0.0230780788321434,-0.0245976889945606,0.0063986505978625,-0.319452652544042,0.0503338201783848
7.67259847649959,0.258520865762154,-0.0904578421943635,0.939626463271561,-0.0236364764706239,-0.0245756014986874,0.00643919941299745,-0.319359714510149,0.0507267420366856
7.72580908567334,0.258159238591507,-0.0909742747722854,0.940285191782787,-0.0242056411397882,-0.0245532380020901,0.00647989651139484,-0.319265053710335,0.0511219196235052
7.77938871831903,0.257793519597816,-0.0914921492685659,0.940948777189758,-0.0247857413424205,-0.0245305960416321,0.00652074090428654,-0.319168649404755,0.0515193626101149
7.83333993366922,0.257423674565552,-0.0920114416433823,0.941617187571801,-0.0253769473105156,-0.0245076731445873,0.00656173156879241,-0.319070480542493,0.0519190806056586
7.8876653087051,0.257049669283592,-0.0925321272502778,0.942290388631151,-0.0259794309942208,-0.0244844668290012,0.00660286744744001,-0.31897052575818,0.0523210831522558
7.94236743827963,0.256671469553957,-0.0930541808301792,0.942968343633627,-0.0265933660495452,-0.0244609746040632,0.00664414744768518,-0.318868763368639,0.0527253797199891
7.99744893524145,0.256289041200755,-0.0935775765054998,0.943651013348586,-0.0272189278248008,-0.024437193970491,0.00668557044143395,-0.318765171369553,0.0531319797017762
8.0529124305597,0.255902350079322,-0.0941022877743335,0.944338355988179,-0.0278562933457382,-0.0244131224209279,0.00672713526456595,-0.318659727432153,0.0535408924081229
8.10876057344967,0.255511362085579,-0.0946282875047449,0.945030327145928,-0.02850564129934,-0.0243887574403505,0.00676884071645948,-0.318552408899937,0.0539521270617562
8.16499603149936,0.255116043165579,-0.0951555479291611,0.945726879734626,-0.0291671520162342,-0.0243640965064903,0.0068106855595187,-0.318443192785414,0.0543656927921354
8.22162149079689,0.254716359325275,-0.0956840406388715,0.946427963923598,-0.0298410074516894,-0.0243391370902664,0.00685266851870297,-0.318332055766888,0.0547815986298405
8.27863965605879,0.25431227664049,-0.0962137365786408,0.947133527075315,-0.030527391165154,-0.0243138766562312,0.00689478828105879,-0.318218974185264,0.0551998535008338
8.33605325075921,0.253903761267087,-0.0967446060414401,0.947843513681417,-0.0312264882983009,-0.0242883126630288,0.00693704349525449,-0.3181039240409,0.0556204662205966
8.39386501726,0.253490779451359,-0.0972766186633049,0.948557865298124,-0.031938485551539,-0.024262442563865,0.00697943277111804,-0.317986880990497,0.0560434454881354
8.45207771694168,0.253073297540615,-0.0978097434183227,0.949276520481101,-0.0326635711589526,-0.024236263806991,0.00702195467917815,-0.317867820344026,0.0564687998798587
8.51069413033537,0.25265128199398,-0.0983439486137584,0.949999414719764,-0.0334019348616292,-0.0242097738361996,0.00706460775020913,-0.317746717061705,0.0568965378433217
8.56971705725559,0.252224699393401,-0.098879201885324,0.95072648037108,-0.0341537678793379,-0.0241829700913336,0.00710739047477957,-0.317623545751022,0.0573266676908375
8.62914931693396,0.251793516454855,-0.0994154701925965,0.951457646592873,-0.0349192628805177,-0.0241558500088077,0.00715030130280534,-0.317498280663808,0.0577591975929527
8.68899374815392,0.251357700039771,-0.0999527198145941,0.952192839276667,-0.0356986139505372,-0.0241284110221433,0.00719333864310712,-0.317370895693366,0.0581941355717865
8.74925320938629,0.250917217166649,-0.100490916345513,0.952931980980101,-0.0364920165581848,-0.0241006505625159,0.00723650086297276,-0.317241364371655,0.0586314894942315
8.80993057892579,0.250472035022888,-0.101030024690637,0.953674990858941,-0.0372996675203546,-0.0240725660593157,0.00727978628772489,-0.317109659866539,0.0590712670650147
8.87102875502857,0.250022120976816,-0.101570009062416,0.954421784598735,-0.0381217649648817,-0.0240441549407215,0.00732319320029392,-0.316975754979092,0.0595134758196168
8.93255065605059,0.249567442589925,-0.102110832976738,0.95517227434612,-0.0389585082914938,-0.0240154146342873,0.00736671984079696,-0.316839622140979,0.0599581231170494
8.99449922058705,0.249107967629298,-0.102652459249379,0.955926368639849,-0.0398100981308385,-0.0239863425675421,0.00741036440612282,-0.316701233411905,0.0604052161324877
9.05687740761275,0.248643664080243,-0.103194849992657,0.956683972341555,-0.0406767363015444,-0.0239569361686032,0.0074541250495235,-0.316560560477137,0.0608547618497581
9.11968819662343,0.248174500159124,-0.103737966612288,0.957444986566296,-0.0415586257652831,-0.0239271928668019,0.00749799988021258,-0.316417574645109,0.0613067670536789
9.18293458777804,0.247700444326375,-0.104281769804449,0.958209308612925,-0.0424559705797881,-0.0238971100933235,0.00754198696297068,-0.316272246845105,0.0617612383222532
9.2466196020421,0.247221465299724,-0.104826219553057,0.958976831894333,-0.0433689758497986,-0.0238666852818587,0.00758608431775852,-0.316124547625037,0.0622181820187128
9.31074628133199,0.246737532067591,-0.10537127512728,0.959747445867594,-0.044297847675884,-0.0238359158692701,0.00763028991933778,-0.315974447149303,0.0626776042834125
9.3753176886602,0.246248613902686,-0.105916895079272,0.960521035964078,-0.0452427931011201,-0.0238047992962701,0.00767460169690021,-0.315821915196755,0.0631395110255727
9.44033690828169,0.245754680375778,-0.106463037242146,0.961297483519565,-0.0462040200555723,-0.0237733330081127,0.00771901753370538,-0.31566692115875,0.06360390791487
9.50580704584117,0.245255701369658,-0.107009658728197,0.962076665704423,-0.0471817372985584,-0.0237415144552985,0.00776353526672729,-0.315509434037321,0.064070800372876
9.57173122852146,0.24475164709327,-0.10755671592737,0.96285845545389,-0.048176154358648,-0.0237093410942919,0.00780815268631032,-0.315349422443449,0.0645401935643414
9.63811260519287,0.244242488096021,-0.108104164506,0.963642721398523,-0.0491874814713698,-0.0236768103882515,0.00785286753583492,-0.315186854595452,0.0650120923883263
9.70495434656358,0.243728195282258,-0.1086519594058,0.964429327794868,-0.0502159295145922,-0.023643919807774,0.00789767751139326,-0.315021698317491,0.0654865014691763
9.7722596453311,0.243208739925915,-0.109200054843142,0.965218134456405,-0.051261709941541,-0.0236106668316494,0.00794258026147542,-0.3148539210382,0.0659634251473424
9.84003171633479,0.242684093685315,-0.109748404308605,0.96600899668483,-0.0523250347114281,-0.0235770489476304,0.00798757338666623,-0.314683489789448,0.0664428674700463
9.90827379670937,0.242154228618133,-0.110296960566817,0.96680176520174,-0.0534061162176552,-0.0235430636532131,0.00803265443935346,-0.314510371205234,0.066924832181789
9.97698914603959,0.241619117196513,-0.11084567565659,0.967596286080773,-0.0545051672135667,-0.0235087084564311,0.00807782092344748,-0.31433453152072,0.0674093227147046
10.0461810465159,0.241078732322324,-0.111394500891356,0.968392400680286,-0.0556224007357224,-0.0234739808766609,0.00812307029411283,-0.314155936571408,0.0678963421787571
10.1158528030912,0.240533047342567,-0.111943386859913,0.969189945576614,-0.0567580300246604,-0.0234388784454404,0.00816839995751224,-0.313974551792473,0.068385893351782
10.1860077436388,0.239982036064912,-0.112492283427488,0.969988752498009,-0.0579122684431292,-0.0234033987072987,0.00821380727056322,-0.31379034221825,0.0688779786693727
10.2566492191112,0.23942567277336,-0.113041139737118,0.970788648259298,-0.0590853293917593,-0.0233675392205982,0.00825928954070784,-0.313603272481877,0.0693726002146113
10.3277806037004,0.238863932244041,-0.113589904211363,0.97158945469736,-0.0602774262221559,-0.0233312975583886,0.00830484402569593,-0.313413306815118,0.0698697597076447
10.3994052949988,0.238296789761119,-0.114138524554355,0.972390988607484,-0.0614887721473892,-0.0232946713092712,0.00835046793338214,-0.313220409048346,0.0703694584951082
10.4715267141616,0.237724221132808,-0.114686947754187,0.973193061680679,-0.0627195801498616,-0.0232576580782761,0.0083961584215373,-0.313024542610718,0.0708716975393944
10.5441483060703,0.237146202707496,-0.115235120085654,0.973995480442035,-0.0639700628865371,-0.0232202554877495,0.0084419125976743,-0.312825670530532,0.0713764774077715
10.6172735394972,0.236562711389963,-0.115782987113347,0.974798046190187,-0.0652404325915146,-0.0231824611782522,0.00848772751888906,-0.312623755435769,0.0718837982613508
10.6909059072708,0.235973724657682,-0.116330493695103,0.975600554937993,-0.0665309009759313,-0.0231442728094686,0.00853360019171681,-0.312418759554849,0.072393659843904
10.7650489264432,0.23537922057721,-0.116877583985836,0.976402797354487,-0.0678416791251845,-0.0231056880611266,0.0085795275720042,-0.312210644717575,0.0729060614705341
10.8397061384575,0.234779177820646,-0.117424201441724,0.977204558708208,-0.0691729773934631,-0.0230667046339265,0.00862550656479742,-0.311999372356303,0.0734210020161989
10.9148811093176,0.234173575682152,-0.117970288824789,0.97800561881198,-0.0705250052955778,-0.0230273202504818,0.00867153402424694,-0.311784903507325,0.0739384799040921
10.9905774297578,0.233562394094533,-0.118515788207855,0.978805751969249,-0.0718979713960902,-0.0229875326562674,0.008717606753529,-0.311567198812469,0.074458493093881
11.0667987154147,0.232945613645859,-0.119060640979892,0.979604726922042,-0.0732920831957309,-0.0229473396205787,0.00876372150478446,-0.311346218520948,0.0749810390698055
11.1435486070002,0.232323215596135,-0.119604787851766,0.980402306800672,-0.0747075470151116,-0.022906738937499,0.00880987497907505,-0.31112192249143,0.0755061148286402
11.2208307704748,0.231695181893982,-0.120148168862378,0.981198249075252,-0.0761445678757324,-0.0228657284268759,0.00885606382635774,-0.310894270194366,0.076033716867522
11.2986488972231,0.231061495193354,-0.120690723385214,0.981992305509137,-0.0776033493782873,-0.0228243059353061,0.00890228464547725,-0.310663220714562,0.0765638411716469
11.3770067042298,0.230422138870253,-0.121232390135303,0.982784222114376,-0.0790840935782751,-0.0227824693371282,0.0089485339841773,-0.310428732754014,0.0770964832018386
11.4559079342577,0.229777097039444,-0.121773107176587,0.983573739109281,-0.0805870008589316,-0.0227402165354228,0.0089948083391307,-0.310190764635012,0.077631637881993
11.535356356026,0.229126354571161,-0.122312811929712,0.984360590878205,-0.0821122698014888,-0.0226975454630209,0.00904110415598889,-0.309949274303513,0.078169299586402
11.6153557643908,0.22846989710779,-0.122851441180238,0.985144505933635,-0.0836600970527838,-0.0226544540835181,0.00908741782945093,-0.309704219332793,0.0787094621269606
11.6959099805258,0.227807711080512,-0.123388931087273,0.985925206880701,-0.0852306771902341,-0.0226109403922967,0.00913374570335253,-0.309455556927394,0.0792521187402612
11.7770228521052,0.227139783725914,-0.123925217192541,0.986702410384199,-0.0868242025842039,-0.0225670024175525,0.00918008407077533,-0.309203243927359,0.0797972620745806
11.8586982534876,0.226466103102531,-0.124460234429871,0.98747582713824,-0.0884408632577848,-0.0225226382213286,0.00922642917417661,-0.308947236812772,0.0803448841767637
11.9409400859005,0.22578665810733,-0.124993917135136,0.988245161838623,-0.0900808467440261,-0.0224778459005541,0.00927277720553997,-0.308687491708607,0.0808949764790085
12.0237522776272,0.22510143849211,-0.125526199056609,0.989010113158033,-0.0917443379406407,-0.0224326235880875,0.00931912430654701,-0.308423964389891,0.0814475297855588
12.1071387841942,0.224410434879815,-0.126057013365773,0.989770373724193,-0.0934315189622306,-0.0223869694537648,0.00936546656877047,-0.308156610287195,0.0820025342593098
12.1911035885602,0.223713638780738,-0.126586292668563,0.990525630101037,-0.095142568990067,-0.022340881705452,0.00941180003388897,-0.30788538449245,0.082559979408332
12.2756507013062,0.223011042608617,-0.127113969017052,0.991275562773055,-0.0968776641194724,-0.0222943585901004,0.00945812069392369,-0.307610241765104,0.0831198540723198
12.3607841608273,0.222302639696599,-0.127639973921581,0.992019846132886,-0.0986369772048524,-0.0222473983948054,0.00950442449149715,-0.307331136538627,0.0836821464089722
12.4465080335254,0.221588424313061,-0.128164238363324,0.992758148472275,-0.100420677702427,-0.0221999994478682,0.00955070732011438,-0.307048022927357,0.0842468438803108
12.5328264140034,0.220868391677289,-0.128686692807308,0.993490131976513,-0.102228931510722,-0.0221521601198591,0.0095969650244667,-0.306760854733719,0.0848139332389433
12.6197434252612,0.220142537974974,-0.129207267215866,0.994215452722449,-0.104061900808873,-0.0221038788246825,0.00964319340075824,-0.306469585455794,0.0853834005142796
12.7072632188919,0.219410860373548,-0.12972589106254,0.9949337606802,-0.105919743892816,-0.0220551540206436,0.00968938819705547,-0.306174168295277,0.0859552309987079
12.7953899752808,0.218673357037313,-0.130242493346418,0.995644699718651,-0.107802615009425,-0.0220059842115144,0.00973554511365998,-0.3058745561658,0.0865294092337395
12.8841279038047,0.217930027142372,-0.130757002606919,0.996347907614861,-0.109710664188672,-0.0219563679476016,0.00978165980350441,-0.305570701701648,0.0871059189961301
12.9734812430331,0.217180870891341,-0.13126934693901,0.997043016067477,-0.111644037073889,-0.0219063038268118,0.00982772787257207,-0.305262557266865,0.087684743283986
13.0634542609305,0.216425889527832,-0.131779454008863,0.997729650714265,-0.113602874750201,-0.0218557904957181,0.00987374488034005,-0.30495007496476,0.0882658643028647
13.1540512550606,0.215665085350681,-0.132287251069945,0.998407431153861,-0.115587313571241,-0.0218048266506227,0.00991970634024614,-0.304633206647814,0.0888492634518799
13.2452765527909,0.214898461727928,-0.132792664979535,0.999075970971842,-0.117597484984203,-0.0217534110386196,0.00996560772017959,-0.304311903928007,0.0894349213098181
13.3371345115004,0.214126023110522,-0.133295622215675,0.999734877771224,-0.119633515353363,-0.0217015424586526,0.0100114444429959,-0.303986118187546,0.0900228176212799
13.4296295187868,0.213347775045738,-0.133796048894536,1.00038375320749,-0.121695525782131,-0.0216492197625719,0.0100572118870556,-0.303655800590033,0.0906129312828535
13.5227659926764,0.212563724190299,-0.134293870788209,1.00102219302824,-0.12378363193377,-0.0215964418561852,0.0101029053867869,-0.303320902092048,0.0912052403293334
13.6165483818355,0.211773878323181,-0.134789013342905,1.00164978711754,-0.125897943850868,-0.0215432077003057,0.0101485202332733,-0.302981373455175,0.091799721919993
13.7109811657822,0.210978246358099,-0.135281401697567,1.00226611954517,-0.128038565773684,-0.0214895163117943,0.0101940516748641,-0.302637165258456,0.0923963523249243
13.806068855101,0.210176838355646,-0.135770960702881,1.00287076862067,-0.130205595957486,-0.0214353667645965,0.0102394949178104,-0.302288227911299,0.0929951069114549
13.9018159916578,0.209369665535087,-0.136257614940685,1.00346330695246,-0.132399126488995,-0.0213807581907732,0.0102848451269246,-0.301934511666825,0.093595960130655
13.998227148817,0.208556740285787,-0.136741288743769,1.00404330151207,-0.134619243102073,-0.0213256897815249,0.0103300974262642,-0.301575966635677,0.0941988855039469
14.0953069316601,0.207738076178253,-0.137221906216056,1.0046103137035,-0.136866024992767,-0.0212701607882077,0.0103752468998398,-0.301212542800276,0.0948038556098278
14.1930599772055,0.206913687974793,-0.137699391253152,1.00516389943783,-0.139139544633867,-0.0212141705233429,0.0104202885923474,-0.300844190029542,0.0954108420707213
14.2914909546299,0.206083591639773,-0.138173667563272,1.00570360921324,-0.141439867589101,-0.0211577183616163,0.0104652175099247,-0.300470858094081,0.0960198155399692
14.3906045654914,0.205247804349444,-0.138644658688519,1.00622898820039,-0.143767052327106,-0.0211008037408699,0.0105100286209309,-0.300092496681833,0.0966307456889772
14.4904055439544,0.204406344501359,-0.13911228802651,1.00673957633332,-0.146121150035347,-0.0210434261630829,0.010554716856751,-0.299709055414197,0.0972436011945285
14.5908986570152,0.203559231723331,-0.13957647885234,1.00723490840589,-0.148502204434108,-0.0209855851953429,0.0105992771126239,-0.299320483862622,0.0978583497262796
14.6920887047298,0.202706486881952,-0.140037154340882,1.00771451417385,-0.15091025159073,-0.0209272804708058,0.0106437042484934,-0.298926731565676,0.0984749579344527
14.7939805204436,0.201848132090637,-0.140494237589399,1.00817791846263,-0.153345319734246,-0.0208685116896448,0.0106879930898835,-0.298527748046591,0.0990933914377388
14.8965789710218,0.200984190717201,-0.140947651640466,1.00862464128085,-0.155807429070589,-0.0208092786199867,0.0107321384287965,-0.298123482831287,0.0997136148114267
14.999888957082,0.200114687390938,-0.141397319505185,1.00905419793962,-0.158296591598526,-0.0207495810988362,0.0107761350246347,-0.29771388546687,0.100335591575774
15.1039154132284,0.199239648009215,-0.141843164186693,1.00946609917768,-0.160812810926504,-0.0206894190329859,0.0108199776051445,-0.297298905540615,0.100959284184632
15.2086633082875,0.198359099743545,-0.142285108703929,1.00985985129253,-0.163356082090574,-0.0206287923999142,0.0108636608673839,-0.296878492699422,0.10158465401435
15.3141376455451,0.197473071045148,-0.142723076115673,1.01023495627733,-0.165926391373582,-0.020567701248667,0.0109071794787115,-0.296452596669759,0.102211661352957
15.4203434629857,0.196581591649981,-0.143156989544824,1.01059091196389,-0.168523716125798,-0.0205061457007256,0.0109505280777993,-0.296021167278072,0.102840265389658
15.5272858335329,0.195684692583233,-0.143586772202914,1.01092721217158,-0.171148024587181,-0.020444125950859,0.0109937012756659,-0.295584154471685,0.103470424204644
15.6349698652918,0.194782406163266,-0.14401234741484,1.01124334686231,-0.173799275711462,-0.0203816422679598,0.0110366936567326,-0.295141508340161,0.104102094759247
15.7434007017931,0.193874766005008,-0.1444336386438,1.01153880230152,-0.176477418992241,-0.0203186949958639,0.0110794997799002,-0.294693179137148,0.104735232886436
15.8525835222385,0.192961807022776,-0.144850569516424,1.01181306122514,-0.179182394291291,-0.0202552845541526,0.0111221141796475,-0.294239117302685,0.105369793281704
15.9625235417481,0.192043565432528,-0.145263063848073,1.01206560301273,-0.181914131669267,-0.0201914114389376,0.0111645313671503,-0.293779273485979,0.106005729494321
16.07322601161,0.191120078753541,-0.145671045668304,1.01229590386654,-0.184672551219023,-0.0201270762236277,0.0112067458314207,-0.293313598568643,0.10664299391901
16.1846962195303,0.190191385809491,-0.146074439246481,1.01250343699669,-0.187457562901737,-0.0200622795596766,0.0112487520404673,-0.292842043688394,0.107281537788035
16.2969394898867,0.189257526728958,-0.146473169117507,1.01268767281228,-0.190269066386052,-0.0199970221773118,0.0112905444424742,-0.292364560263196,0.107921311163735
16.4099611839816,0.188318542945311,-0.146867160107675,1.01284807911863,-0.193106950890432,-0.0199313048862436,0.0113321174670003,-0.291881100015861,0.108562262931514
16.5237667002994,0.187374477196011,-0.147256337360616,1.01298412132033,-0.195971095028953,-0.0198651285763545,0.0113734655261969,-0.29139161499908,0.109204340793303
16.6383614747635,0.186425373521285,-0.147640626363321,1.01309526263034,-0.198861366660725,-0.0197984942183673,0.0114145830160446,-0.290896057620896,0.109847491261522
16.7537509809962,0.185471277262206,-0.148019952972231,1.01318096428496,-0.201777622743174,-0.0197314028644928,0.0114554643176078,-0.290394380670594,0.110491659653548
16.8699407305804,0.18451223505814,-0.148394243439371,1.01324068576455,-0.204719709189368,-0.0196638556490554,0.0114961037983074,-0.289886537345016,0.111136790086708
16.9869362733223,0.183548294843584,-0.148763424438513,1.01327388502019,-0.207687460729635,-0.0195958537890976,0.0115364958132109,-0.289372481275285,0.111782825473829
17.1047431975172,0.182579505844373,-0.149127423091345,1.01328001870589,-0.210680700777653,-0.0195273985849612,0.0115766347063391,-0.288852166553919,0.112429707519338
17.2233671302159,0.181605918573274,-0.149486166993643,1.01325854241655,-0.213699241301244,-0.0194584914208464,0.0116165148119897,-0.288325547762346,0.113077376715958
17.3428137374936,0.180627584824939,-0.14983958424141,1.01320891093144,-0.216742882698081,-0.0193891337653478,0.0116561304560769,-0.28779257999879,0.113725772341987
17.4630887247206,0.179644557670242,-0.150187603456978,1.01313057846315,-0.219811413676513,-0.0193193271719665,0.0116954759574859,-0.287253218906526,0.114374832459207
17.5841978368348,0.178656891449989,-0.150530153815049,1.01302299891196,-0.222904611141735,-0.0192490732795983,0.0117345456294434,-0.286707420702487,0.115024493911422
17.7061468586161,0.177664641767989,-0.150867165068655,1.01288562612537,-0.226022240087495,-0.0191783738129982,0.0117733337809024,-0.286155142206218,0.11567469232364
17.8289416149627,0.176667865483515,-0.15119856757503,1.01271791416293,-0.229164053493558,-0.0191072305832197,0.0118118347179409,-0.285596340869152,0.116325362101934
17.9525879711692,0.175666620703132,-0.151524292321359,1.01251931756601,-0.232329792229142,-0.0190356454880295,0.0118500427451744,-0.285030974804203,0.116976436433979
18.0770918332073,0.174660966771901,-0.151844270950403,1.01228929163247,-0.235519184962508,-0.0189636205122969,0.0118879521671815,-0.284459002815657,0.117627847290294
18.2024591480069,0.173650964263966,-0.15215843578597,1.0120272926962,-0.238731948076935,-0.0188911577283576,0.0119255572899426,-0.283880384429344,0.118279525426199
18.3286959037413,0.172636674972532,-0.152466719858223,1.01173277841114,-0.241967785593258,-0.0188182592963517,0.0119628524222897,-0.283295079923083,0.118931400384506
18.4558081301122,0.171618161899215,-0.152769056928797,1.01140520803991,-0.245226389099186,-0.0187449274645358,0.0119998318773688,-0.282703050357366,0.11958340049896
18.5838018986386,0.170595489242802,-0.153065381515722,1.01104404274668,-0.248507437685575,-0.0186711645695682,0.012036489974113,-0.282104257606286,0.120235452898441
18.7126833229461,0.169568722387394,-0.153355628918117,1.01064874589413,-0.251810597889873,-0.0185969730367679,0.0120728210387261,-0.281498664388666,0.120887483511948
18.8424585590593,0.168537927889964,-0.153639735240654,1.01021878334453,-0.255135523646889,-0.0185223553803469,0.0121088194061763,-0.280886234299393,0.121539417074377
18.9731338056957,0.167503173467315,-0.153917637417766,1.00975362376441,-0.258481856247107,-0.0184473142036148,0.0121444794217,-0.280266931840917,0.122191177133099
19.1047153045619,0.166464527982465,-0.15418927323758,1.00925273893298,-0.261849224302695,-0.0183718521991564,0.0121797954423133,-0.279640722454912,0.122842686055375
19.2372093406515,0.165422061430447,-0.154454581365569,1.00871560405381,-0.265237243721399,-0.0182959721489822,0.0122147618383336,-0.279007572554065,0.123493865036584
19.3706222425457,0.164375844923548,-0.154713501367896,1.00814169806976,-0.26864551768848,-0.0182196769246505,0.0122493729949077,-0.278367449553972,0.124144634109321
19.5049603827152,0.163325950675987,-0.154965973734436,1.00753050398086,-0.272073636656864,-0.0181429694873617,0.0122836233135487,-0.277720321905133,0.124794912153333
19.6402301778248,0.162272451988042,-0.155211939901469,1.00688150916489,-0.275521178345661,-0.0180658528880255,0.0123175072136783,-0.277066159125,0.125444616906344
19.7764380890397,0.161215423229638,-0.155451342274012,1.00619420570053,-0.278987707747197,-0.0179883302672984,0.0123510191341769,-0.276404931830076,0.126093664975745
19.9135906223344,0.160154939823411,-0.155684124247796,1.0054680906927,-0.282472777142718,-0.0179104048555941,0.0123841535349388,-0.275736611768025,0.12674197185119
20.0516943288031,0.159091078227241,-0.155910230230855,1.00470266660002,-0.285975926126882,-0.0178320799730646,0.0124169048984326,-0.275061171849775,0.127389451918085
20.1907558049731,0.158023915916292,-0.156129605664717,1.00389744156396,-0.289496681641195,-0.0177533590295534,0.0124492677312669,-0.274378586181591,0.128036018471985
20.3307816931193,0.156953531364543,-0.156342197045196,1.00305192973955,-0.293034558016489,-0.0176742455245191,0.0124812365657601,-0.273688830097084,0.128681583733923
20.4717786815819,0.155880004025845,-0.15654795194275,1.00216565162735,-0.296589057024576,-0.017594743046931,0.0125128059615136,-0.272991880189137,0.129326058866648
20.6137535050858,0.154803414314504,-0.156746819022412,1.00123813440641,-0.300159667939177,-0.0175148552751352,0.0125439705069891,-0.272287714341711,0.129969353991804
20.756712945062,0.153723843585403,-0.156938748063268,1.00026891226787,-0.303745867606221,-0.0174345859766918,0.0125747248210872,-0.271576311761524,0.130611378208051
20.900663829972,0.152641374113683,-0.157123689977475,0.999257526749104,-0.307347120523618,-0.0173539390081832,0.01260506355473,-0.270857653009543,0.131252039610121
21.0456130356336,0.151556089073991,-0.157301596828811,0.998203527067922,-0.310962878930571,-0.017272918314993,0.0126349813924439,-0.270131720032292,0.131891245308827
21.1915674855492,0.150468072519317,-0.157472421850736,0.997106470456653,-0.314592582906507,-0.0171915279310556,0.0126644730539445,-0.269398496192926,0.132528901452021
21.338534151237,0.149377409359419,-0.157636119463966,0.995965922495793,-0.318235660479698,-0.0171097719785766,0.0126935332957215,-0.268657966302055,0.133164913246507
21.4865200525637,0.14828418533887,-0.157792645293538,0.994781457446907,-0.321891527745608,-0.0170276546677236,0.0127221569126244,-0.267910116648271,0.133799184980905
21.6355322580795,0.147188487014727,-0.157941956185365,0.993552658584481,-0.325559588995023,-0.0169451802962882,0.0127503387394473,-0.267154935028372,0.134431620049472
21.7855778853565,0.146090401733847,-0.158084010222268,0.992279118526439,-0.32923923685199,-0.0168623532493177,0.0127780736525135,-0.266392410777232,0.135062120976883
21.9366641013278,0.144990017609859,-0.158218766739479,0.990960439562979,-0.3329298524216,-0.0167791779987176,0.012805356571258,-0.265622534797295,0.135690589443952
22.0887981226306,0.143887423499811,-0.158346186339605,0.989596233983457,-0.336630805447605,-0.0166956591028249,0.0128321824598089,-0.264845299587661,0.13631692631432
22.2419872159503,0.142782708980508,-0.158466230907048,0.988186124400967,-0.340341454479895,-0.0166118012059515,0.012858546328566,-0.264060699272735,0.136941031662074
22.396238698368,0.141675964324557,-0.158578863621868,0.98672974407432,-0.344061147051818,-0.0165276090378977,0.0128844432357763,-0.263268729630402,0.137562804800324
22.5515599377096,0.140567280476136,-0.158684048973099,0.985226737227098,-0.347789219867311,-0.0164430874134367,0.0129098682891072,-0.262469388119701,0.138182144310701
22.7079583528983,0.139456749026498,-0.158781752771489,0.983676759363465,-0.351524998997832,-0.0163582412317694,0.0129348166472148,-0.26166267390797,0.1387989480738
22.8654414143084,0.138344462189234,-0.15887194216168,0.982079477580404,-0.355267800089039,-0.0162730754759488,0.0129592835213085,-0.260848587897419,0.139413113300532
23.0240166441225,0.137230512775311,-0.158954585633815,0.980434570876075,-0.359016928577161,-0.0161875952122754,0.0129832641767103,-0.260027132751111,0.140024536564402
23.1836916166905,0.136114994167893,-0.159029653034564,0.978741730453947,-0.362771679915006,-0.0161018055896631,0.0130067539344094,-0.259198312918311,0.140633113834677
23.3444739588916,0.134998000296973,-0.159097115577578,0.97700066002242,-0.366531339807518,-0.0160157118389745,0.0130297481726103,-0.258362134659183,0.141238740510458
23.5063713504986,0.133879625613824,-0.159156945853352,0.975211076089568,-0.370295184456809,-0.0159293192723278,0.0130522423282752,-0.257518606068785,0.141841311455622
23.6693915245447,0.132759965065291,-0.159209117838514,0.973372708252733,-0.374062480816556,-0.0158426332823726,0.0130742318986592,-0.256667737100347,0.142440721034636
23.8335422676926,0.131639114067933,-0.159253606904523,0.971485299482616,-0.377832486855655,-0.0157556593415372,0.0130957124428382,-0.255809539587799,0.143036863149218
23.9988314206069,0.13051716848205,-0.159290389825782,0.96954860640156,-0.381604451831016,-0.0156684030012455,0.0131166795832293,-0.254944027267509,0.14362963127584
24.1652668783283,0.129394224585579,-0.159319444787166,0.967562399555725,-0.385377616569355,-0.0155808698911047,0.0131371290071024,-0.254071215799206,0.144218918504041
24.3328565906507,0.128270379047913,-0.159340751390965,0.965526463680825,-0.389151213757851,-0.0154930657180629,0.0131570564680833,-0.253191122786064,0.144804617575548
24.5016085625011,0.127145728903627,-0.159354290663238,0.963440597961132,-0.392924468243495,-0.0154049962655374,0.0131764577876473,-0.252303767793902,0.145386620924173
24.6715308543219,0.126020371526149,-0.15936004505959,0.961304616281441,-0.39669659734098,-0.015316667392513,0.0131953288566031,-0.251409172369486,0.145964820716475
24.8426315824557,0.124894404601376,-0.159357998470362,0.959118347471704,-0.400466811148942,-0.0152280850326114,0.0132136656365658,-0.250507360057897,0.146539108893156
25.0149189195333,0.123767926101266,-0.159348136225243,0.956881635544023,-0.404234312874361,-0.0151392551931301,0.0132314641614197,-0.249598356418933,0.147109377211178
25.1884010948637,0.122641034257405,-0.159330445097305,0.954594339921734,-0.407998299164935,-0.0150501839540522,0.0132487205387688,-0.248682189042524,0.147675517286571
25.3630863948277,0.121513827534575,-0.159304913306471,0.952256335660291,-0.411757960449192,-0.0149608774670271,0.0132654309513762,-0.247758887563131,0.14823742063791
25.538983163273,0.120386404604339,-0.159271530522405,0.949867513659664,-0.415512481284136,-0.0148713419543207,0.01328159165859,-0.246828483673099,0.148794978730428
25.7160998019135,0.119258864318643,-0.15923028786684,0.947427780867997,-0.419261040710191,-0.0147815837077372,0.0132971989977567,-0.245891011134937,0.149348083020753
25.89444477073,0.118131305683472,-0.159181177915352,0.944937060476259,-0.423002812613184,-0.0146916090875106,0.0133122493856207,-0.244946505792512,0.149896625002223
26.0740265883745,0.117003827832552,-0.15912419469857,0.942395292103622,-0.426736966093136,-0.0146014245211679,0.0133267393197096,-0.243995005581112,0.150440496250763
26.2548538325773,0.115876530001125,-0.159059333702844,0.939802431973334,-0.430462665839583,-0.0145110365023617,0.0133406653797047,-0.243036550536374,0.150979588471286
26.4369351405564,0.114749511499803,-0.158986591870359,0.937158453078832,-0.434179072513151,-0.0144204515896746,0.0133540242287955,-0.242071182802046,0.151513793544591
26.6202792094301,0.113622871688527,-0.158905967598728,0.934463345339885,-0.43788534313312,-0.0143296764053945,0.0133668126150195,-0.241098946636551,0.152043003574725
26.8048947966327,0.112496709950616,-0.158817460740039,0.931717115748521,-0.441580631470663,-0.0142387176342598,0.0133790273725835,-0.240119888418357,0.152567110936772
26.9907907203326,0.111371125666955,-0.158721072599382,0.928919788504542,-0.445264088447481,-0.0141475820221772,0.0133906654231697,-0.239134056650106,0.153086008325046
27.1779758598533,0.110246218190301,-0.158616805932867,0.926071405140424,-0.448934862539506,-0.0140562763749089,0.013401723777222,-0.238141501961504,0.153599588801632
27.3664591560979,0.109122086819738,-0.158504664945123,0.923172024635399,-0.452592100185377,-0.0139648075567327,0.0134121995352154,-0.237142277110938,0.154107745845267
27.556249611976,0.10799883077529,-0.158384655286301,0.920221723518546,-0.456234946199343,-0.0138731824890723,0.013422089888905,-0.23613643698582,0.154610373400498
27.7473562928336,0.106876549172685,-0.158256784048579,0.917220595960722,-0.459862544188276,-0.0137814081490999,0.0134313921225561,-0.235124038601625,0.1551073659271
27.9397883268864,0.105755340998314,-0.158121059762191,0.914168753855162,-0.463474036972454,-0.0136894915683098,0.0134401036141531,-0.234105141099622,0.155598618449698
28.1335549056553,0.104635305084355,-0.157977492390967,0.911066326886607,-0.467068567009763,-0.0135974398310648,0.0134482218365881,-0.23307980574328,0.156084026607576
28.3286652844062,0.103516540084107,-0.157826093327414,0.907913462588824,-0.470645276822973,-0.0135052600731134,0.0134557443588268,-0.232048095913337,0.156563486704605
28.5251287825912,0.10239914444752,-0.157666875387333,0.904710326390384,-0.474203309429728,-0.0134129594800804,0.0134626688470526,-0.23101007710152,0.157036895759282
28.7229547842946,0.101283216396938,-0.157499852803988,0.901457101648599,-0.477741808774895,-0.0133205452859293,0.013468993065787,-0.229965816902913,0.157504151554808
28.9221527386804,0.100168853903062,-0.157325041221829,0.898153989671497,-0.481259920164894,-0.0132280247713972,0.0134747148789866,-0.228915385006957,0.157965152689191
29.1227321604441,0.0990561546611459,-0.157142457689791,0.894801209727772,-0.48475679070365,-0.0131354052624036,0.0134798322511148,-0.22785885318708,0.158419798625315
29.324702630267,0.0979452160674199,-0.15695212065416,0.891398999044606,-0.488231569729782,-0.0130426941284314,0.0134843432481889,-0.226796295288954,0.158867989740936
29.5280737952738,0.0968361351957659,-0.156754049951032,0.887947612793325,-0.491683409254665,-0.0129498987808816,0.0134882460388008,-0.225727787217371,0.159309627378569
29.7328553694936,0.0957290087746355,-0.156548266798364,0.88444732406282,-0.495111464400969,-0.0128570266714024,0.0134915388951108,-0.224653406921737,0.159744613895216
29.9390571343235,0.0946239331642276,-0.15633479378763,0.880898423820715,-0.498514893841299,-0.0127640852901918,0.013494220193814,-0.223573234380188,0.160172852711898
30.1466889389963,0.0935210043339257,-0.156113654875095,0.877301220862239,-0.501892860236556,-0.0126710821642748,0.0134962884170786,-0.222487351582317,0.16059424836294
30.3557607010504,0.092420317840004,-0.155884875372708,0.873656041746805,-0.505244530673621,-0.0125780248557559,0.0134977421534549,-0.221395842510532,0.161008706544976
30.566282406804,0.0913219688036053,-0.155648481938627,0.869963230722305,-0.508569077101991,-0.0124849209600467,0.0134985800987545,-0.22029879312003,0.161416134165621
30.7782641118319,0.0902260518889958,-0.155404502567394,0.866223149637118,-0.511865676768959,-0.0123917781040684,0.0134988010568996,-0.219196291317408,0.161816439391774
30.9917159414457,0.0891326612821029,-0.155152966579752,0.862436177839885,-0.515133512652971,-0.0122986039444323,0.0134984039407402,-0.218088426937907,0.162209531697499
31.2066480911777,0.0880418906693378,-0.154893904612131,0.858602712067077,-0.518371773894759,-0.0122054061655948,0.0134973877728399,-0.216975291721303,0.162595321911454
31.4230708272674,0.0869538332167085,-0.154627348605795,0.85472316631843,-0.521579656225877,-0.0121121924779915,0.0134957516862286,-0.215856979286454,0.162973722263811
31.6409944871527,0.0858685815492262,-0.154353331795682,0.850797971720298,-0.52475636239424,-0.0120189706161475,0.013493494925122,-0.214733585104513,0.16334464643264
31.8604294799627,0.0847862277306081,-0.154071888698915,0.846827576377035,-0.527901102586304,-0.0119257483367671,0.0134906168456065,-0.213605206470818,0.16370800958969
32.0813862870155,0.083706863243279,-0.153783055103024,0.84281244521048,-0.531013094845496,-0.0118325334168016,0.0134871169162893,-0.212471942475486,0.164063728445552
32.3038754623189,0.0826305789686759,-0.15348686805387,0.838753059787672,-0.534091565486517,-0.0117393336514968,0.0134829947189127,-0.211333893972705,0.164411721294148
32.5279076330741,0.081557465167857,-0.153183365843277,0.834649918136909,-0.537135749505159,-0.0116461568524211,0.0134782499489324,-0.210191163548764,0.164751908056495
32.7534935001834,0.0804876114624159,-0.152872587996397,0.8305035345523,-0.54014489098326,-0.0115530108454737,0.0134728824160575,-0.209043855488823,0.165084210323728
32.9806438387618,0.0794211068157058,-0.152554575258801,0.826314439386953,-0.543118243488433,-0.0114599034688747,0.013466892044754,-0.207892075742457,0.165408551399318
33.2093694986511,0.0783580395143727,-0.152229369583312,0.822083178834957,-0.546055070468216,-0.0113668425711377,0.0134602788747086,-0.206735931887982,0.165724856340457
33.4396814049384,0.0772984971502001,-0.151897014116583,0.817810314702348,-0.548954645638297,-0.0112738360090248,0.0134530430612538,-0.205575533095604,0.166033051998565
33.6715905584778,0.0762425666022663,-0.151557553185436,0.813496424167233,-0.551816253364457,-0.0111808916454861,0.0134451848757534,-0.204410990089395,0.166333067058892
33.9051080364161,0.0751903340194155,-0.151211032282959,0.80914209952928,-0.554639189037901,-0.0110880173475836,0.0134367047059459,-0.203242415108144,0.166624832079155
34.1402449927217,0.0741418848030423,-0.15085749805438,0.804747947948777,-0.557422759443647,-0.0109952209844006,0.0134276030562489,-0.202069921865087,0.166908279527202
34.3770126587175,0.0730973035901925,-0.150496998282719,0.800314591175499,-0.560166283121642,-0.0109025104249374,0.0134178805480196,-0.200893625506572,0.167183343817642
34.6154223436172,0.0720566742369778,-0.150129581874219,0.795842665267588,-0.5628690907203,-0.0108098935359948,0.0134075379197738,-0.199713642569664,0.167449961347417
34.8554854350656,0.0710200798023071,-0.149755298843586,0.791332820300728,-0.565530525342147,-0.0107173781800455,0.0133965760273622,-0.198530090938737,0.167708070530287
35.0972133996824,0.0699876025319334,-0.149374200299012,0.786785720067833,-0.568149942881274,-0.0106249722130946,0.0133849958441021,-0.197343089801083,0.167957611830184
35.3406177836102,0.0689593238428166,-0.148986338427021,0.78220204176954,-0.570726712352324,-0.0105326834825309,0.0133727984608658,-0.196152759601563,0.16819852779341
35.5857102130658,0.0679353243078019,-0.148591766477115,0.777582475695771,-0.573260216210707,-0.0104405198249692,0.0133599850861239,-0.194959221996354,0.168430763079647
35.8325023948954,0.0669156836406137,-0.148190538746257,0.772927724898642,-0.575749850663803,-0.0103484890640848,0.0133465570459435,-0.193762599805802,0.168654264491749
36.081006117134,0.0659004806811655,-0.147782710563165,0.768238504857031,-0.578195025972877,-0.0102565990084416,0.0133325157839414,-0.192563016966447,0.16886898100429
36.3312332495683,0.0648897933811837,-0.14736833827245,0.763515543133079,-0.580595166745458,-0.0101648574493148,0.0133178628611902,-0.191360598482234,0.169074863790838
36.5831957443038,0.063883698790147,-0.14694747921859,0.758759579020966,-0.582949712217953,-0.0100732721585091,0.0133025999560792,-0.19015547037496,0.169271866249929
36.8369056363357,0.0628822730415379,-0.14652019172975,0.753971363188246,-0.585258116528262,-0.00998185088617361,0.0132867288641275,-0.188947759634006,0.169459944029725
37.0923750441235,0.0618855913394104,-0.14608653510145,0.749151657310094,-0.587519848978188,-0.0098906013586152,0.0132702514977507,-0.18773759416537,0.169639055051319
37.3496161701702,0.0608937279452678,-0.145646569580098,0.744301233696778,-0.58973439428543,-0.00979953127611043,0.0132531698859801,-0.18652510274007,0.169809159530681
37.6086413016048,0.0599067561652539,-0.145200356346375,0.739420874914699,-0.591901252824972,-0.00970864831071825,0.0132354861741339,-0.185310414941946,0.169970219999213
37.8694628107695,0.0589247483376552,-0.144747957498496,0.734511373401349,-0.594019940859696,-0.00961796010409415,0.0132172026234409,-0.184093661114896,0.170122201322901
38.1320931558105,0.0579477758207136,-0.144289436035338,0.729573531074516,-0.596089990760045,-0.00952747426530718,0.013198321610616,-0.182874972309612,0.170265070720046
38.3965448812729,0.0569759089807493,-0.143824855839451,0.724608158936119,-0.598110951212577,-0.0094371983686611,0.0131788456273879,-0.181654480229843,0.17039879777756
38.6628306187004,0.0560092171805924,-0.143354281659946,0.719616076671,-0.600082387417289,-0.00934713995152088,0.0131587772799776,-0.180432317178231,0.170523354465805
38.9309630872381,0.0550477687683227,-0.14287777909528,0.71459811224106,-0.602003881273562,-0.00925730651214584,0.0131381192885295,-0.179208616001775,0.170638715151981
39.2009550942403,0.0540916310663174,-0.14239541457592,0.709555101475082,-0.603875031554625,-0.00916770550753082,0.0131168744864938,-0.177983510036957,0.17074485661203
39.4728195358824,0.0531408703606049,-0.141907255346919,0.704487887654628,-0.60569545407043,-0.00907834435125646,0.0130950458199603,-0.17675713305459,0.170841758041065
39.7465693977764,0.0521955518905248,-0.141413369450385,0.699397321096364,-0.607464781818849,-0.00898923041135021,0.0130726363469442,-0.175529619204417,0.170929401062305
40.0222177555915,0.0512557398386926,-0.140913825707855,0.694284258731202,-0.609182665125122,-0.00890037100815911,0.0130496492366235,-0.174301102959524,0.171007769734522
40.2997777756789,0.0503214973212688,-0.140408693702587,0.689149563680606,-0.610848771769487,-0.00881177341223574,0.0130260877685289,-0.173071719060597,0.171076850557982
40.5792627157,0.0493928863785315,-0.139898043761761,0.683994104830471,-0.61246278710295,-0.00872344484223874,0.013001955331685,-0.171841602460093,0.171136632478888
40.8606859252603,0.0484699679657517,-0.139381946938601,0.678818756402909,-0.614024414151143,-0.00863539246284914,0.0129772554237044,-0.170610888266341,0.171187106892323
41.1440608465467,0.0475528019443695,-0.138860474994419,0.673624397526357,-0.61553337370627,-0.00854762338270377,0.0129519916498348,-0.169379711687648,0.171228267643689
41.4294010149697,0.0466414470734733,-0.138333700380591,0.668411911804344,-0.616989404407111,-0.00846014465234725,0.0129261677219584,-0.168148207976441,0.17126011102865
41.7167200598098,0.0457359610015773,-0.137801696220459,0.663182186883308,-0.618392262807091,-0.00837296326220353,0.0128997874575451,-0.166916512373489,0.171282635791577
42.0060317048688,0.0448364002587002,-0.13726453629117,0.657936114019838,-0.619741723430436,-0.00828608614056872,0.0128728547785597,-0.165684760052267,0.171295843122511
42.2973497691249,0.0439428202487417,-0.136722295005457,0.652674587647689,-0.621037578816435,-0.00819952015162607,0.0128453737103224,-0.16445308606349,0.171299736652637
42.5906881673929,0.0430552752421584,-0.13617504739336,0.647398504944955,-0.622279639551854,-0.00811327209348465,0.0128173483803257,-0.163221625279869,0.171294322448291
42.8860609109892,0.0421738183689355,-0.135622869083898,0.642108765401748,-0.623467734291556,-0.00802734869624295,0.0127887830170047,-0.161990512341139,0.171279609003507
43.1834821084004,0.0412985016118573,-0.135065836286686,0.63680627038875,-0.624601709767378,-0.00794175662007851,0.0127596819484652,-0.160759881599395,0.171255607231107
43.4829659659579,0.0404293758000725,-0.134504025773515,0.631491922726993,-0.625681430785366,-0.00785650245336495,0.0127300496011663,-0.159529867064787,0.171222330452362
43.7845267885158,0.0395664906029553,-0.133937514859884,0.626166626259209,-0.62670678021143,-0.00777159271081766,0.0126998904985625,-0.158300602351608,0.171179794385225
44.0881789801347,0.0387098945242617,-0.133366381386493,0.620831285423103,-0.627677658945546,-0.00768703383166911,0.0126692092597017,-0.157072220624827,0.17112801713117
44.3939370447695,0.0378596348965796,-0.132790703700714,0.615486804826886,-0.628593985884583,-0.00760283217787524,0.0126380105977829,-0.155844854547107,0.17106701916063
44.701815586962,0.0370157578760729,-0.132210560638017,0.610134088827401,-0.629455697873917,-0.00751899403235383,0.0126062993186733,-0.154618636226342,0.170996823297078
45.0118293125388,0.0361783084375177,-0.131626031503377,0.604774041111174,-0.630262749647927,-0.00743552559725613,0.012574080319386,-0.15339369716376,0.170917454699759
45.3239930293136,0.0353473303696319,-0.131037196052663,0.599407564278709,-0.631015113759539,-0.0073524329922728,0.0125413585865178,-0.152170168202629,0.170828940845091
45.6383216477945,0.0345228662706954,-0.130444134473993,0.594035559432339,-0.631712780498973,-0.00726972225297523,0.0125081391946503,-0.150948179477607,0.170731311506774
45.954830181896,0.0337049575444618,-0.129846927369094,0.588658925767948,-0.632355757801831,-0.0071873993291932,0.0124744273047138,-0.149727860364766,0.170624598734609
46.2735337496566,0.0328936443963604,-0.129245655734631,0.58327856017086,-0.632944071146737,-0.00710547008343005,0.0124402281623145,-0.148509339432335,0.17050883683208
46.5944475739604,0.0320889658299872,-0.128640400943541,0.577895356816187,-0.633477763442669,-0.00702394028931618,0.0124055470960278,-0.147292744392194,0.170384062332696
46.9175869832646,0.0312909596438859,-0.128031244726358,0.572510206773925,-0.633956894906207,-0.00694281563010192,0.0123703895156571,-0.146078202052151,0.170250313975146
47.2429674123316,0.030499662428616,-0.127418269152539,0.567123997619063,-0.634381542928879,-0.00686210169719058,0.0123347609104596,-0.144865838269037,0.170107632677279
47.5706044029659,0.0297151095641091,-0.12680155661179,0.561737613046996,-0.63475180193481,-0.00678180398871267,0.0122986668473412,-0.143655777902653,0.169956061508953
47.9005136047569,0.0289373352173117,-0.126181189795402,0.556351932494473,-0.635067783228897,-0.00670192790814198,0.0122621129690196,-0.142448144770594,0.169795645663763
48.2327107758263,0.0281663723401138,-0.125557251677598,0.550967830766349,-0.635329614835728,-0.0066224787629545,0.0122251049921595,-0.14124306160399,0.169626432429709
48.5672117835806,0.0274022526675631,-0.124929825496893,0.545586177668376,-0.635537441329467,-0.00654346176333069,0.012187648705478,-0.140040650004175,0.169448471158808
48.904032605469,0.0266450067163629,-0.124298994737469,0.540207837646266,-0.635691423654946,-0.00646488202090204,0.0121497499678241,-0.138841030400332,0.169261813235702
49.243189329747,0.0258946637836542,-0.12366484311058,0.534833669431245,-0.635791738940207,-0.00638674454754248,0.0121114147062321,-0.137644322008123,0.169066512045284
49.5846981562442,0.0251512519460795,-0.123027454535971,0.529464525692311,-0.635838580300731,-0.00630905425420523,0.0120726489139498,-0.136450642789335,0.168862622939389
49.9285753971387,0.0244147980591291,-0.122386913123338,0.524101252695404,-0.635832156635612,-0.00623181594980589,0.0120334586484445,-0.13526010941257,0.168650203202578
50.2748374777359,0.0236853277567674,-0.121743303153811,0.518744689969674,-0.635772692415928,-0.00615503434015197,0.0119938500293862,-0.134072837214986,0.168429312017044
50.6235009372529,0.0229628654513395,-0.12109670906148,0.51339566998103,-0.635660427465577,-0.00607871402691972,0.0119538292366104,-0.132888940165129,0.168200010426693
50.974582429609,0.0222474343337558,-0.120447215414956,0.50805501781315,-0.635495616734831,-0.00600285950667851,0.0119134025080613,-0.131708530826856,0.167962361300426
51.3280987242209,0.0215390563739543,-0.11979490689898,0.5027235508561,-0.63527853006688,-0.00592747516996317,0.011872576137717,-0.130531720324381,0.167716429294655
51.6840667068035,0.0208377523216399,-0.119139868296079,0.497402078502737,-0.63500945195765,-0.00585256530039485,0.0118313564734979,-0.129358618308453,0.167462280815109
52.0425033801768,0.020143541707298,-0.118482184468271,0.49209140185301,-0.634688681309142,-0.00577813407385047,0.01178974991516,-0.128189332923682,0.167199983977944
52.4034258650778,0.0194564428434829,-0.117821940338827,0.486792313426316,-0.634316531176595,-0.00570418555768127,0.0117477629121735,-0.127023970777024,0.166929608570212
52.7668514009784,0.0187764728263787,-0.117159220874088,0.481505596882014,-0.633893328509731,-0.00563072370998052,0.0117054019615889,-0.125862636907449,0.166651226009725
53.1327973469088,0.0181036475376313,-0.116494111065348,0.476232026748223,-0.633419413888378,-0.00555775237890078,0.0116626736058921,-0.124705434756782,0.166364909304347
53.5012811822866,0.0174379816464517,-0.115826695910805,0.470972368159001,-0.632895141252732,-0.00548527530202065,0.0116195844308488,-0.123552466141749,0.166070733010754
53.8723205077517,0.0167794886119862,-0.115157060397571,0.465727376599985,-0.632320877628564,-0.00541329610576128,0.0115761410633404,-0.122403831227214,0.165768773192704
54.2459330460073,0.016128180685956,-0.114485289483767,0.460497797662593,-0.631697002847629,-0.00534181830485265,0.0115323501691929,-0.121259628500637,0.165459107378857
54.6221366426659,0.0154840689155608,-0.113811468080685,0.455284366806848,-0.631023909263576,-0.00527084530184964,0.0114882184509993,-0.120119954747734,0.165141814520171
55.0009492671021,0.014847163146648,-0.113135681035036,0.450087809132886,-0.630302001463633,-0.00520038038669786,0.0114437526459371,-0.118984905029364,0.164816974946933
55.3823890133107,0.0142174720271441,-0.112458013111282,0.444908839161205,-0.629531695976352,-0.00513042673634923,0.0113989595235833,-0.117854572659631,0.164484670325438
55.7664741007712,0.0135950030107473,-0.111778548974046,0.439748160621695,-0.628713420975683,-0.00506098741442711,0.0113538458837264,-0.116729049185211,0.164144983614383
56.1532228753178,0.0129797623608796,-0.111097373170624,0.434606466251485,-0.627847615981677,-0.00499206537094102,0.0113084185541783,-0.1156084243659,0.163797999020986
56.5426538100157,0.012371755154897,-0.110414570113584,0.429484437601622,-0.626934731558069,-0.00492366344205054,0.0112626843885859,-0.11449278615638,0.163443801956884
56.9347855060436,0.0117709852885553,-0.109730224063464,0.424382744852619,-0.625975229007033,-0.00485578434987832,0.0112166502642455,-0.113382220689214,0.163082478993842
57.3296366935823,0.0111774554807307,-0.109044419111569,0.419302046638847,-0.624969580061378,-0.00478843070237193,0.0111703230799196,-0.112276812259039,0.162714117819313
57.7272262327089,0.010591167278393,-0.108357239162877,0.414242989881802,-0.623918266574453,-0.00472160499321422,0.011123709753658,-0.111176643307985,0.162338807191876
58.1275731142982,0.0100121210618288,-0.107668767919045,0.409206209632209,-0.622821780208021,-0.00465530960178185,0.011076817220625,-0.110081794412293,0.161956636896602
58.5306964609293,0.00944031605011435,-0.106979088861532,0.404192328920965,-0.621680622118388,-0.00458954679315163,0.0110296524309323,-0.108992344270124,0.161567697700369
58.9366155277994,0.00887575030683531,-0.10628828523483,0.399201958618871,-0.620495302641017,-0.00452431871815436,0.0109822223474812,-0.107908369690568,0.161172081307168
59.3453497036433,0.00831842074605094,-0.10559644002982,0.39423569730515,-0.61926634097391,-0.00445962741347557,0.0109345339438124,-0.106829945583828,0.160769880313436
59.7569185116595,0.00776832313850183,-0.104903635967239,0.389294131144673,-0.617994264859999,-0.00439547480180282,0.0108865942019676,-0.105757144952571,0.160361188163444
60.1713416104428,0.00722545211805875,-0.104209955481277,0.384377833773874,-0.616679610268791,-0.00433186269201902,0.0108384101103609,-0.104690038884447,0.15994609910477
60.5886387949234,0.00668980118841028,-0.103515480703295,0.379487366195271,-0.615322921077529,-0.00426879277944127,0.0107899886616642,-0.103628696545745,0.159524708143909
61.0088299973121,0.00616136272998791,-0.102820293445681,0.374623276680557,-0.613924748752084,-0.00420626664610464,0.0107413368507047,-0.102573185176188,0.159097111002018
61.4319352880526,0.00564012800712576,-0.102124475185831,0.369786100682159,-0.612485652027838,-0.00414428576109025,0.0106924616723784,-0.101523570084852,0.158663404070859
61.8579748767801,0.00512608717545334,-0.101428107050265,0.364976360753217,-0.611006196590772,-0.00408285148089723,0.010643370119578,-0.100479914647182,0.158223684368949
62.2869691132868,0.00461922928951933,-0.100731269798892,0.360194566475882,-0.609486954758998,-0.00402196504985765,0.0105940691811385,-0.0994422803031016,0.157778049497959
62.7189384884933,0.00411954231064373,-0.100034043809401,0.355441214397853,-0.607928505164938,-0.00396162760059406,0.0105445658397993,-0.0984107265562014,0.157326597599376
63.1539036354283,0.00362701311499683,-0.0993365090618133,0.350716787977048,-0.606331432438389,-0.00390184015451867,0.010494867070186,-0.0973853109739756,0.156869427311475
63.5918853302131,0.00314162750190245,-0.0986387451231676,0.346021757534325,-0.604696326890661,-0.00384260362237376,0.0104449798368109,-0.096366089189103,0.15640663772661
64.032904493055,0.00266337020236351,-0.0979408311323671,0.341356580214137,-0.603023784200006,-0.00378391880481231,0.0103949110920942,-0.0953531149017475,0.155938328348856
64.4769821892457,0.00219222488780756,-0.0972428457851722,0.33672169995301,-0.601314405098542,-0.00372578639301834,0.0103446677744061,-0.0943464398828592,0.155464599052033
64.9241396301678,0.00172817417905028,-0.0965448673193539,0.332117547455735,-0.599568795060844,-0.00366820696936609,0.0102942568061315,-0.0933461139784593,0.154985550038128
65.3743981743082,0.00127119965547446,-0.0958469735000035,0.327544540179156,-0.597787563994414,-0.00361118100811729,0.0102436850917572,-0.0923521851148858,0.15450128179614
65.827779328278,0.000821281864422495,-0.0951492416050065,0.323003082323426,-0.595971325932197,-0.00355470887615567,0.0101929595159824,-0.0913646993049811,0.154011895061379
66.2843047478397,0.000378400330800017,-0.0944517484106791,0.318493564830608,-0.594120698727328,-0.00349879083375809,0.0101420869418548,-0.0903837006551998,0.153517490775218
66.7439962389419,-5.74664331116984e-05,-0.0937545701775741,0.314016365390489,-0.592236303750267,-0.00344342703540121,0.0100910742089301,-0.0894092313736162,0.153018170045353
67.2068757587607,-0.00048634091763658,-0.0930577826364556,0.309571848453475,-0.590318765588506,-0.0033886175306031,0.0100399281314588,-0.0884413317788074,0.152514034106557
67.6729654167483,-0.000908246605480324,-0.0923614609744479,0.305160365250426,-0.588368711748988,-0.00333436226479881,0.00998865549659879,-0.0874800403095927,0.152005184281969
68.1422874756894,-0.00132320796130503,-0.0916656798213592,0.300782253819305,-0.586386772363402,-0.00328066108024917,0.00993726306265474,-0.086525393535604,0.151491721944925
68.6148643527643,-0.00173125042110416,-0.0909705132361851,0.296437839038476,-0.584373579896498,-0.00322751371698177,0.00988575755734584,-0.0855774261686663,0.150973748481352
69.0907186206199,-0.00213240038138003,-0.0902760346937922,0.292127432666528,-0.582329768857555,-0.00317491981376354,0.00983414567610131,-0.0846361710749646,0.150451365252743
69.5698730084476,-0.00252668518812655,-0.0895823170717873,0.287851333388469,-0.580255975515157,-0.00312287890910374,0.00978243408038488,-0.0837016592879729,0.14992467355972
70.0523504030693,-0.00291413312561924,-0.0888894326375717,0.28360982686814,-0.578152837615376,-0.0030713904422868,0.00973062939604854,-0.0827739200221236,0.149393774606212
70.5381738500302,-0.00329477340501511,-0.0881974530355874,0.279403185806703,-0.576020994103516,-0.00302045375443382,0.00967873821171613,-0.0818529806871925,0.148858769464252
71.0273665547,-0.00366863615276488,-0.0875064492747532,0.275231670007048,-0.573861084849513,-0.00297006808959213,0.0096267670771971,-0.0809388669033756,0.148319759039405
71.5199518833807,-0.00403575239883986,-0.0868164917160983,0.271095526443973,-0.571673750377116,-0.00292023259585183,0.00957472250193103,-0.0800316025170345,0.147776844036845
72.0159533644237,-0.0043961540647763,-0.0861276500605917,0.266994989339966,-0.569459631596942,-0.00287094632648846,0.00952261095346317,-0.0791312096170854,0.147230124928089
72.5153946893524,-0.00474987395153898,-0.0854399933371746,0.262930280246459,-0.567219369543524,-0.00282220824113103,0.00947043885595151,-0.0782377085520099,0.146679701918399
73.0182997139948,-0.00509694572720757,-0.0847535898909944,0.25890160813038,-0.564953605116429,-0.00277401720695433,0.00941821258870562,-0.0773511179474611,0.146125674914853
73.5246924596224,-0.00543740391448784,-0.0840685073718459,0.254909169465843,-0.562662978825539,-0.00272637199989481,0.00936593848475762,-0.0764714547244423,0.145568143495113
74.0345971140979,-0.0057712838780501,-0.0833848127228212,0.250953148330844,-0.560348130540592,-0.00267927130588903,0.00931362282946561,-0.0755987341180352,0.14500720687687
74.5480380330304,-0.00609862181169823,-0.0827025721691721,0.24703371650878,-0.558009699245045,-0.00263271372213378,0.0092612718591498,-0.074732969696652,0.144442963887999
75.0650397409388,-0.00641945472537128,-0.0820218512073866,0.243151033594648,-0.555648322794336,-0.00258669775836718,0.00920889175976162,-0.0738741733817904,0.143875512937418
75.585626932423,-0.00673382043198104,-0.0813427145944833,0.239305247105761,-0.553264637678626,-0.0025412218381696,0.00915648866558596,-0.0730223554682645,0.143304951986646
76.1098244733437,-0.0070417575340879,-0.0806652263375259,0.235496492596839,-0.550859278790066,-0.00249628430028375,0.0091040686579769,-0.0721775246448916,0.142731378522092
76.6376574020103,-0.00734330541041824,-0.0799894496833609,0.231724893779294,-0.548432879194656,-0.00245188339995297,0.00905163776412689,-0.0713396880156095,0.142154889528049
77.1691509303763,-0.007638504202226,-0.0793154471085823,0.227990562644581,-0.545986069908754,-0.00240801731027686,0.00899920195586978,-0.0705088511210026,0.141575581460414
77.7043304452438,-0.00792739479950163,-0.0786432803097237,0.224293599591439,-0.543519479680276,-0.00236468412358347,0.00894676714851759,-0.0696850179602128,0.140993550221132
78.2432215094763,-0.0082100188270313,-0.0779730101936834,0.220634093556884,-0.541033734774629,-0.00232188185281704,0.00889433919973138,-0.0688681910132139,0.140408891133366
78.7858498632195,-0.0084864186303097,-0.0773046968683834,0.217012122150788,-0.538529458765429,-0.00227960843294064,0.0088419239084261,-0.0680583712634265,0.139821698917391
79.3322414251308,-0.00875663726130938,-0.0766383996336671,0.213427751793905,-0.536007272330021,-0.00223786172235272,0.00878952701370965,-0.0672555582206514,0.139232067667216
79.8824222936175,-0.00902071846411011,-0.0759741769724356,0.209881037859187,-0.533467793049854,-0.00219663950431681,0.00873715419385608,-0.0664597499443003,0.138640090827929
80.436418748083,-0.00927870666039148,-0.075312086542029,0.206372024816232,-0.530911635215712,-0.00215593948840353,0.00868481106531312,-0.0656709430669014,0.138045861173774
80.9942572501823,-0.00953064693479219,-0.0746521851658534,0.202900746378743,-0.528339409637847,-0.00211575931194407,0.0086325031817439,-0.0648891328178601,0.137449470786948
81.555964445086,-0.0097765850201397,-0.0739945288252558,0.199467225654816,-0.525751723461016,-0.00207609654149442,0.0085802360331029,-0.0641143130474528,0.136851011037117
82.121567162753,-0.0100165672825535,-0.0733391726516528,0.196071475299942,-0.52314917998444,-0.0020369486743094,0.00852801504474622,-0.0633464762510338,0.136250572561658
82.6910924192116,-0.010250640706426,-0.0726861709189124,0.192713497672566,-0.520532378486711,-0.00199831313982588,0.00847584557657604,-0.0625856135934362,0.135648245246614
83.2645674178507,-0.0104788528792848,-0.0720355770359944,0.189393284992056,-0.517901914055626,-0.00196018730115426,0.00842373292221914,-0.0618317149335449,0.135044118208356
83.8420195507184,-0.0107012519765402,-0.0713874435398505,0.186110819498962,-0.515258377422974,-0.00192256845657751,0.00837168230823963,-0.0610847688490246,0.134438279775969
84.423476399831,-0.0109178867461216,-0.0707418220885881,0.182866073617406,-0.512602354804274,-0.00188545384105696,0.00831969889338562,-0.0603447626611824,0.133830817474323
85.0089657384898,-0.0111288064930073,-0.0700987634548994,0.179659010119473,-0.509934427743448,-0.00184884062774423,0.00826778776786982,-0.0596116824599472,0.133221818007857
85.5985155326084,-0.0113340610636523,-0.0694583175197599,0.176489582291482,-0.507255172962435,-0.00181272592949827,0.00821595395268388,-0.0588855131289472,0.132611367245053
86.1921539420481,-0.0115337008303167,-0.0688205332663975,0.173357734101979,-0.504565162215736,-0.00177710680040711,0.00816420239894652,-0.0581662383706679,0.131999550203592
86.7899093219629,-0.0117277766753014,-0.068185458774536,0.170263400371351,-0.501864962149865,-0.00174198023731334,0.00811253798728509,-0.0574538407316736,0.131386451036201
87.3918102241541,-0.0119163399750941,-0.067553141214915,0.167206506942906,-0.49915513416771,-0.00170734318134272,0.00806096552725052,-0.0567483016278748,0.130772153017168
87.9978853984339,-0.0120994425844301,-0.0669236268440893,0.164186970855307,-0.496436234297772,-0.00167319251943523,0.00800948975676556,-0.0560496013698254,0.130156738529527
88.6081637939989,-0.012277136820274,-0.0662969609995092,0.161204700516239,-0.493708813068262,-0.00163952508587773,0.00795811534160598,-0.0553577191880333,0.129540289052904
89.2226745608124,-0.0124494754457259,-0.0656731880948857,0.158259595877174,-0.490973415386045,-0.00160633766383776,0.00790684687491468,-0.0546726332582695,0.128922885152016
89.8414470509972,-0.012616511653857,-0.0650523516158415,0.155351548609123,-0.488230580420383,-0.00157362698689761,0.00785568887674837,-0.0539943207268585,0.128304606465816
90.4645108202374,-0.0127782990514814,-0.0644344941158507,0.152480442279255,-0.485480841491479,-0.00154138974058805,0.00780464579365682,-0.053322757735938,0.12768553169727
91.0918956291901,-0.0129348916428668,-0.0638196572124701,0.149646152528264,-0.482724725963756,-0.00150962256392115,0.00775372199829418,-0.0526579194486708,0.127065738603773
91.7236314449071,-0.0130863438133911,-0.0632078815838627,0.146848547248382,-0.479962755143875,-0.00147832205092139,0.00770292178906238,-0.0519997800743963,0.126445303988171
92.3597484422661,-0.0132327103131505,-0.0625992069656169,0.144087486761907,-0.477195444183425,-0.00144748475215457,0.00765224938978621,-0.0513483128937078,0.125824303690408
93.0002770054119,-0.0133740462405228,-0.0619936721478622,0.141362824000153,-0.474423301986269,-0.00141710717625378,0.00760170894941996,-0.0507034902834427,0.125202812579761
93.645247729208,-0.013510407025694,-0.0613913149726839,0.138674404682709,-0.471646831120499,-0.00138718579144186,0.00755130454178519,-0.0500652837415718,0.124580904547679
94.2946914206979,-0.0136418484141522,-0.0607921723318387,0.136022067496906,-0.468866527734965,-0.0013577170270498,0.00750104016533948,-0.0494336639119769,0.123958652501196
94.9486391005764,-0.0137684264501548,-0.0601962801647719,0.133405644277376,-0.466082881480321,-0.00132869727503031,0.00745091974297589,-0.0488086006091036,0.123336128356927
95.6071220046713,-0.013890197460176,-0.0596036734569382,0.130824960185622,-0.463296375434564,-0.00130012289146618,0.00740094712185271,-0.0481900628424785,0.122713403035613
96.2701715854358,-0.01400721803634,-0.0590143862384284,0.128279833889489,-0.460507486033005,-0.0012719901980727,0.00735112607325334,-0.0475780188410798,0.122090546457234
96.9378195134503,-0.0141195450198455,-0.0584284515829006,0.125770077742435,-0.457716683002632,-0.00124429548369363,0.00730146029247593,-0.0469724360775495,0.121467627536655
97.6100976789355,-0.0142272354843892,-0.0578459016068202,0.123295497962526,-0.454924429300812,-0.00121703500579016,0.0072519533987524,-0.046373281292239,0.120844714179811
98.2870381932754,-0.0143303467195929,-0.0572667674690075,0.120855894811042,-0.452131181058285,-0.00119020499192229,0.00720260893519665,-0.0457805205170764,0.120221873280407
98.9686733905512,-0.0144289362144424,-0.0566910793704936,0.118451062770618,-0.449337387526391,-0.00116380164122209,0.00715343036878152,-0.0451941190992465,0.119599170717143
99.6550358290861,-0.0145230616407434,-0.0561188665546868,0.116080790722832,-0.446543491028494,-0.00113782112585835,0.00710442109034419,-0.0446140417246757,0.118976671351422
100.346158292999,-0.0146127808366016,-0.0555501573078482,0.113744862125144,-0.443749926915522,-0.00111225959249206,0.00705558441461964,-0.044040252441311,0.118354439025571
101.042073793774,-0.0146981517899334,-0.0549849789598782,0.111443055187118,-0.440957123525595,-0.00108711316372214,0.00700692358030188,-0.0434727146821864,0.117732536561521
101.742815571832,-0.0147792326220145,-0.0544233578854128,0.109175143045831,-0.438165502147663,-0.00106237793952112,0.00695844175013255,-0.042911391288269,0.117111025759972
102.448417098122,-0.0148560815710725,-0.0538653195052303,0.106940893940406,-0.435375476989113,-0.00103804999866008,0.00691014201101645,-0.0423562445310751,0.11648996740001
103.15891207572,-0.0149287569759306,-0.053310888287968,0.10474007138557,-0.432587455147267,-0.0010141254001224,0.00686202737416371,-0.0418072361350519,0.115869421239174
103.874334441436,-0.0149973172597095,-0.0527600877521487,0.102572434344188,-0.429801836584732,-0.00099060018450594,0.00681410077525823,-0.0412643272997162,0.115249446013962
104.594718367439,-0.0150618209135943,-0.0522129404685157,0.100437737398682,-0.427019014108529,-0.000967470375413148,0.00676636507465183,-0.0407274787215437,0.114630099440756
105.320098262886,-0.0151223264806733,-0.0516694680626756,0.098335730921268,-0.424239373352936,-0.000944731980828559,0.00671882305758394,-0.040196650615604,0.114011438217179
106.050508775566,-0.015178892539856,-0.0511296912180492,0.0962661612429498,-0.421463292765997,-0.000922380994483367,0.00667147743442625,-0.039671802736934,0.113393518023838
106.785984793556,-0.015231577689877,-0.0505936296791266,0.0942287708211922,-0.418691143599617,-0.000900413397206544,0.00662433084095192,-0.0391528944016455,0.112776393526478
107.526561446888,-0.0152804405333928,-0.0500613022550281,0.0922232984062183,-0.415923289903194,-0.000878825158262144,0.00657738583862905,-0.0386398845077606,0.112160118378509
108.272274109224,-0.0153255396611791,-0.0495327268233663,0.0902494792058624,-0.41316008852071,-0.000857612236672328,0.00653064491493785,-0.0381327315557719,0.111544745223912
109.023158399549,-0.015366933636435,-0.0490079203344101,0.0883070450489212,-0.410401889091225,-0.000836770582525758,0.0064841104837111,-0.0376313936689206,0.110930325700506
109.779250183872,-0.0154046809792017,-0.0484868988155466,0.0863957245469439,-0.407649034052708,-0.000816296138270919,0.00643778488549754,-0.0371358286131909,0.110316910443568
110.540585576935,-0.0154388401509018,-0.04796967737604,0.0845152432544038,-0.404901858649126,-0.000796184839994033,0.00639167038794765,-0.0366459938170149,0.109704549089794
111.307200943943,-0.0154694695390078,-0.0474562702120834,0.0826653238271986,-0.402160690940747,-0.000776432618681153,0.00634576918622138,-0.0361618463906849,0.109093290281589
112.079132902301,-0.0154966274418446,-0.0469466906121427,0.0808456861794255,-0.399425851817561,-0.000757035401464113,0.00630008340341748,-0.0356833431454707,0.108483181671684
112.856418323356,-0.0155203720535352,-0.046440950962588,0.0790560476383806,-0.396697655015777,-0.000737989112849948,0.00625461509102373,-0.0352104406124375,0.107874269928059
113.639094334169,-0.0155407614490949,-0.0459390627536101,0.077296123097735,-0.39397640713731,-0.000719289675933494,0.00620936622938794,-0.0347430950609627,0.107266600739166
114.427198319278,-0.0155578535696806,-0.045441036585419,0.0755656251688395,-0.3912624076722,-0.000700933013592772,0.00616433872820889,-0.0342812625169484,0.106660218819447
115.220767922492,-0.0155717062080035,-0.0449468821747195,0.0738642643301146,-0.388555949023883,-0.000682915049666924,0.006119534427047,-0.0338248987807282,0.106055167915125
116.019841048683,-0.0155823769939105,-0.0444566083614621,0.0721917490744803,-0.385857316537259,-0.000665231710116313,0.0060749550958541,-0.0333739594446653,0.105451490810276
116.824455865599,-0.0155899233801412,-0.0439702231158631,0.070547786054788,-0.383166788529471,-0.000647878924164549,0.00603060243552184,-0.0329283999104412,0.10484922933315
117.634650805689,-0.0155944026282671,-0.0434877335456914,0.0689320802272135,-0.380484636323341,-0.000630852625422148,0.00598647807844831,-0.0324881754060324,0.104248424362752
118.450464567934,-0.015595871794819,-0.0430091459038163,0.0673443349925732,-0.377811124283377,-0.000614148752991533,0.00594258358912228,-0.0320532410023758,0.103649115835658
119.271936119701,-0.0155943877176098,-0.0425344655960121,0.0657842523355297,-0.375146509854296,-0.00059776325255314,0.00589892046472463,-0.0316235516297189,0.103051342753069
120.099104698599,-0.0155900070022571,-0.0420636971890156,0.0642515329616531,-0.372491043601982,-0.000581692077432371,0.00585549013574641,-0.0311990620936567,0.102455143188082
120.932009814357,-0.0155827860089136,-0.0415968444188291,0.0627458764323043,-0.36984496925681,-0.00056593118964717,0.00581229396662304,-0.0307797270908534,0.101860554293176
121.77069125071,-0.0155727808392096,-0.0411339101992667,0.0612669812973137,-0.367208523759271,-0.000550476560935987,0.00576933325638422,-0.0303655012244485,0.101267612307905
122.615189067297,-0.0155600473234139,-0.040674896630736,0.0598145452254236,-0.364581937307824,-0.000535324173765921,0.00572660923931883,-0.0299563390191477,0.10067635256678
123.46554360158,-0.015544641007819,-0.0402198050092508,0.0583882651324721,-0.361965433408899,-0.00052047002232086,0.00568412308565458,-0.0295521949359984,0.10008680950734
124.321795470765,-0.0155266171423551,-0.0397686358356687,0.0569878373072896,-0.359359228928994,-0.000505910113469407,0.00564187590225164,-0.0291530233868496,0.0994990166784051
125.183985573745,-0.0155060306684391,-0.0393213888251482,0.0556129575352893,-0.356763534148778,-0.000491640467712438,0.00559986873330984,-0.0287587787484976,0.0989130067484893
126.052155093052,-0.0154829362070627,-0.038878062916818,0.0542633212197283,-0.354178552819148,-0.000477657120110128,0.00555810256108896,-0.0283694153765167,0.0983288115143796
126.926345496825,-0.015457388047126,-0.0384386562836533,0.0529386235006201,-0.351604482219155,-0.000463956121188287,0.00551657830664148,-0.027984887618777,0.0977464619098649
127.806598540793,-0.0154294401340185,-0.0380031663425528,0.051638559371284,-0.349041513215739,-0.000450533537823881,0.00547529683055736,-0.0276051498286499,0.0971659880146086
128.692956270265,-0.0153991460584558,-0.0375715897646085,0.0503628237925108,-0.346489830325197,-0.00043738545410962,0.00543425893372017,-0.0272301563779016,0.0965874190631562
129.585461022141,-0.0153665590455723,-0.037143922485563,0.0491111118043356,-0.34394961177632,-0.000424507972197477,0.00539346535807431,-0.0268598616692765,0.0960107834540706
130.484155426934,-0.0153317319442777,-0.0367201597164469,0.0478831186354022,-0.341421029575123,-0.000411897213121079,0.00535291678740249,-0.0264942201487729,0.0954361087591867
131.389082410804,-0.0152947172168778,-0.0363002959543892,0.0466785398099107,-0.338904249571111,-0.000399549317596856,0.00531261384811314,-0.0261331863176098,0.0948634217329781
132.300285197614,-0.0152555669289658,-0.0358843249935939,0.0454970712521373,-0.336399431524995,-0.000387460446803894,0.00527255711003713,-0.0257767147438898,0.0942927483220275
133.217807310988,-0.0152143327395866,-0.0354722399364758,0.04433840938852,-0.333906729177809,-0.000375626783142414,0.00523274708723333,-0.0254247600739576,0.0937241136745942
134.141692576393,-0.0151710658916768,-0.0350640332049468,0.0432022512473052,-0.331426290321345,-0.000364044530970866,0.00519318423880246,-0.0250772770434569,0.0931575421502715
135.071985123233,-0.0151258172027841,-0.0346596965518484,0.0420882945557496,-0.328958256869855,-0.000352709917321567,0.00515386896970866,-0.0247342204880876,0.0925930573297252
136.008729386957,-0.0150786370560692,-0.0342592210725188,0.0409962378348759,-0.326502764932932,-0.000341619192594886,0.00511480163160829,-0.0243955453540666,0.0920306820245094
136.951970111177,-0.0150295753915911,-0.0338625972164913,0.0399257804917812,-0.324059944889528,-0.000330768631231969,0.00507598252368553,-0.0240612067082919,0.0914704382869486
137.901752349813,-0.0149786816978805,-0.0334698147993127,0.0388766229094981,-0.321629921463021,-0.000320154532366,0.00503741189349405,-0.023731159748216,0.0909123474200833
138.858121469236,-0.0149260050038008,-0.0330808630144768,0.0378484665344113,-0.319212813797289,-0.000309773220452021,0.00499908993780446,-0.0234053598114279,0.09035642998767
139.821123150444,-0.0148715938707006,-0.0326957304454639,0.036841013961233,-0.316808735533703,-0.000299621045875346,0.00496101680345686,-0.0230837623849481,0.0898027058242304
140.790803391236,-0.0148154963848585,-0.0323144050778788,0.0358539690155421,-0.314417794888999,-0.000289694385538607,0.00492319258821806,-0.0227663231142399,0.0892511940451425
141.767208508414,-0.0147577601502206,-0.0319368743116798,0.0348870368338932,-0.312040094733944,-0.000279989643427488,0.00488561734164295,-0.0224529978119374,0.0887019130567683
142.750385139995,-0.0146984322814335,-0.0315631249734908,0.0339399239415049,-0.309675732672755,-0.000270503251155225,0.00484829106593954,-0.0221437424662961,0.0881548805666127
143.740380247435,-0.0146375593971727,-0.0311931433289884,0.0330123383275348,-0.307324801123192,-0.000261231668485939,0.00481121371683709,-0.0218385132493673,0.0876101135935057
144.737241117876,-0.0145751876137668,-0.0308269150953568,0.0321039895179525,-0.304987387397276,-0.000252171383836895,0.0047743852044569,-0.021537266524899,0.087067628477804
145.741015366405,-0.0145113625391187,-0.0304644254538021,0.0312145886460235,-0.302663573782568,-0.000243318914759808,0.00473780539418537,-0.0212399588559688,0.0865274408916056
146.751750938323,-0.0144461292669227,-0.0301056590621189,0.0303438485204158,-0.300353437623953,-0.00023467080840129,0.00470147410754857,-0.0209465470123497,0.0859895658489728
147.769496111443,-0.0143795323711791,-0.0297506000673003,0.029491483690945,-0.298057051405861,-0.000226223641942579,0.00466539112308817,-0.0206569879776128,0.085454017716157
148.794299498388,-0.0143116159010043,-0.0293992321181857,0.0286572105119726,-0.295774482834888,-0.000217974023018684,0.004629556177238,-0.0203712389559713,0.0849208102218214
149.826210048919,-0.0142424233757365,-0.0290515383781358,0.027840747203476,-0.293505794922742,-0.000209918590117091,0.00459396896520098,-0.0200892573788679,0.0843899564672558
150.865277052271,-0.0141719977803368,-0.02870750153773,0.0270418139098064,-0.291251046069462,-0.000202054012956202,0.00455862914182578,-0.0198110009113096,0.0838614689365794
151.911550139505,-0.0141003815610831,-0.0283671038274767,0.0262601327561558,-0.28901029014687,-0.000194376992843666,0.00452353632248287,-0.0195364274579541,0.0833353595069258
152.965079285884,-0.0140276166215577,-0.0280303270305302,0.0254954279027523,-0.286783576582188,-0.000186884263014783,0.00448869008393955,-0.01926549516895,0.0828116394586069
154.025914813254,-0.0139537443189248,-0.027697152495406,0.0247474255968063,-0.284570950441768,-0.000179572588951186,0.00445408996523336,-0.0189981624455363,0.0822903194852503
155.094107392451,-0.013878805460498,-0.0273675611486872,0.0240158542222283,-0.282372452514896,-0.000172438768679984,0.00441973546854369,-0.018734387945403,0.081771409703906
156.169708045722,-0.0138028403005949,-0.027041533507716,0.0233004443471448,-0.28018811939761,-0.000165479633053586,0.00438562606006087,-0.018474130587818,0.0812549196651193
157.25276814916,-0.0137258885376771,-0.0267190496932609,0.0226009287692335,-0.278017983576487,-0.000158692046010428,0.00435176117085265,-0.0182173495585232,0.0807408583629639
158.34333943516,-0.0136479893117726,-0.0264000894421547,0.0219170425589061,-0.275862073512345,-0.00015207290481682,0.00431814019772741,-0.0179640043144041,0.0802292342450333
159.441473994887,-0.0135691812021797,-0.0260846321198952,0.0212485231003633,-0.273720413723827,-0.000145619140290167,0.00428476250409383,-0.0177140545879367,0.0797200552223858
160.547224280766,-0.0134895022254474,-0.0257726567332022,0.0205951101305499,-0.271593024870807,-0.000139327717003789,0.00425162742081662,-0.017467460391415,0.0792133286794388
161.66064310899,-0.0134089898336312,-0.0254641419425235,0.019956545776038,-0.26947992383758,-0.000133195633473611,0.00421873424706792,-0.0172241820209637,0.0787090614838107
162.781783662036,-0.0133276809128201,-0.0251590660744845,0.0193325745878674,-0.267381123815796,-0.000127219922326979,0.00418608225117407,-0.0169841800603398,0.0782072599961051
163.910699491214,-0.0132456117819327,-0.0248574071342742,0.0187229435743717,-0.26529663438709,-0.000121397650453859,0.0041536706714572,-0.0167474153845265,0.0777079300796358
165.047444519217,-0.0131628181917772,-0.0245591428179605,0.0181274022320223,-0.263226461605369,-0.000115725919140717,0.00412149871707159,-0.016513849163124,0.0772110771100876
166.192073042701,-0.0130793353243733,-0.024264250524731,0.017545702574319,-0.261170608078717,-0.000110201864187334,0.0040895655688342,-0.0162834428635413,0.0767167059851115
167.344639734876,-0.0129951977925317,-0.0239727073690506,0.0169775991587607,-0.259129073050884,-0.000104822656006875,0.00405787038004922,-0.0160561582539918,0.0762248211338515
168.505199648122,-0.0129104396396867,-0.0236844901927322,0.0164228491119274,-0.257101852482308,-9.95854997094753e-05,0.00402641227732617,-0.0158319574062976,0.0757354265263983
169.673808216612,-0.0128250943399789,-0.0233995755769137,0.0158812121527065,-0.255088939130655,-9.44876351696724e-05,0.0039951903613914,-0.0156108026985068,0.0752485256831691
170.850521258965,-0.0127391947985822,-0.0231179398539357,0.0153524506136963,-0.253090322630819,-8.95263370779659e-05,0.00396420370789263,-0.0153926568173265,0.0747641216842116
172.03539498091,-0.0126527733522732,-0.0228395591191156,0.0148363294608212,-0.251105989574367,-8.46989149768286e-05,0.0039334513681962,-0.0151774827603763,0.0742822171784267
173.228485977972,-0.0125658617702354,-0.0225644092424117,0.014332616311192,-0.249135923588389,-8.0002713281481e-05,0.00390293237017677,-0.0149652438382665,0.0738028143927114
174.429851238172,-0.012478491255097,-0.0222924658799735,0.0138410814492467,-0.247180105413715,-7.54351112857455e-05,0.00387264571899937,-0.014755903676504,0.0733259151410167
175.639548144754,-0.012390692444194,-0.0220237044855716,0.013361497841205,-0.245238512982489,-7.0993523153303e-05,0.0038425903978932,-0.0145494262172306,0.072851520833321
176.857634478922,-0.0123024954110575,-0.0217581003219051,0.0128936411478748,-0.243311121495044,-6.66753978946809e-05,0.0038127653689174,-0.0143457757207976,0.0723796324845146
178.084168422602,-0.012213929667117,-0.0214956284717797,0.0124372897358428,-0.241397903496075,-6.24782193302999e-05,0.00378316957371804,-0.0141449167671793,0.0719102507231951
179.319208561219,-0.0121250241636168,-0.0212362638491533,0.0119922246870876,-0.239498828950072,-5.83995060399135e-05,0.00375380193427664,-0.013946814257232,0.0714433758003721
180.562813886497,-0.0120358072937402,-0.0209799812100452,0.0115582298070499,-0.237613865315986,-5.44368112987654e-05,0.00372466135364956,-0.0137514334137992,0.0709790075980781
181.815043799277,-0.0119463068949348,-0.0207267551633043,0.011135091631197,-0.235742977621109,-5.0587723000822e-05,0.00369574671669832,-0.013558739782669,0.0705171456378856
183.075958112354,-0.011856550251436,-0.0204765601812329,0.0107225994301168,-0.233886128534144,-4.68498635693921e-05,0.00366705689081062,-0.0133686992333865,0.0700577890893285
184.345617053333,-0.0117665640969813,-0.0202293706100633,0.0103205452131785,-0.232043278437445,-4.32208898554952e-05,0.00363859072661183,-0.0131812779599259,0.0696009367782259
185.624081267505,-0.0116763746177117,-0.0199851606802818,0.00992872373079695,-0.230214385498404,-3.9698493024305e-05,0.00361034705866675,-0.0129964424812244,0.0691465871949081
186.911411820748,-0.0115860074552535,-0.0197439045167996,0.00954693247533609,-0.228399405739961,-3.62803984300194e-05,0.00358232470617169,-0.012814159641584,0.0686947385023428
188.207670202438,-0.011495487709976,-0.0195055761489658,0.00917497168068874,-0.226598293110232,-3.29643654794932e-05,0.00355452247363641,-0.0126343966109423,0.0682453885441608
189.512918328392,-0.0114048399444194,-0.0192701495204196,0.00881264432056945,-0.224810999551229,-2.97481874849735e-05,0.00352693915155608,-0.0124571208850183,0.067798534852581
190.827218543819,-0.0113140881868873,-0.0190375984987809,0.0084597561055565,-0.223037475066651,-2.6629691506287e-05,0.00349957351707292,-0.0122823002853346,0.0673541746562321
192.150633626303,-0.0112232559351979,-0.0188078968851747,0.00811611547891984,-0.221277667788748,-2.36067381828153e-05,0.00347242433462755,-0.0121099029591222,0.066912304887872
193.483226788801,-0.0111323661605892,-0.0185810184235881,0.00778153361127094,-0.219531524044224,-2.06772215555996e-05,0.00344549035659985,-0.0119398973791088,0.0664729221920034
194.82506168266,-0.0110414413117724,-0.0183569368100586,0.00745582439407087,-0.217798988419185,-1.7839068879909e-05,0.0034187703239393,-0.0117722523431955,0.066036022932385
196.176202400658,-0.0109505033191275,-0.01813562570169,0.00713880443203296,-0.216080003823107,-1.50902404286268e-05,0.00339226296678465,-0.011606936974026,0.0656016031994377
197.536713480066,-0.0108595735990357,-0.0179170587254955,0.00683029303445516,-0.214374511551816,-1.24287292867674e-05,0.0033659670050729,-0.0114439207184501,0.0651696588175465
198.906659905733,-0.0107686730583441,-0.0177012094870667,0.00653011220551809,-0.212682451349482,-9.85256113747673e-06,0.00333988114913751,-0.0112831733468854,0.0647401853522553
200.286107113184,-0.0106778220989558,-0.0174880515790657,0.00623808663358442,-0.2110037614696,-7.35979403984253e-06,0.00331400410029577,-0.0111246649525825,0.0643131781173574
201.675120991751,-0.01058704062254,-0.0172775585895408,0.00595404367953384,-0.209338378734966,-4.94851819884024e-06,0.00328833455142525,-0.0109683659507934,0.0638886321818788
203.073767887718,-0.0104963480353585,-0.0170697041100636,0.00567781336416904,-0.207686238596631,-2.61685572774647e-06,0.00326287118752941,-0.0108142470778493,0.0634665423769558
204.482114607491,-0.0104057632532006,-0.016864461743687,0.00540922835472694,-0.206047275191834,-3.62960403341552e-07,0.00323761268629216,-0.0106622793901502,0.0630469033026065
205.900228420788,-0.0103153047064226,-0.0166618051127238,0.00514812395052908,-0.204421421400907,1.81498258577646e-06,0.00321255771862153,-0.0105124342630687,0.0626297093343949
207.32817706385,-0.0102249903450865,-0.0164617078663447,0.00489433806780541,-0.202808608903148,3.91875689744945e-06,0.0031877049491823,-0.010364683389772,0.0622149546299908
208.766028742684,-0.0101348376441917,-0.016264143687996,0.00464771122372409,-0.201208768231658,5.95011530047523e-06,0.00316305303691765,-0.0102189987799649,0.0618026331356213
210.213852136311,-0.0100448636089958,-0.016069086302636,0.00440808651966106,-0.199621828827141,7.91077994507052e-06,0.00313860063555981,-0.0100753527585566,0.0613927385924177
211.671716400053,-0.00995508478041742,-0.0158765094837909,0.00417530962374115,-0.198047719090667,9.80244263897609e-06,0.00311434639412978,-0.00993371796425446,0.0609852645426569
213.139691168835,-0.00986551724051833,-0.0156863870604296,0.00394922875268354,-0.196486366435398,1.16267651288995e-05,0.00309028895742598,-0.00979406734808782,0.0605802043358962
214.617846560511,-0.00977617661805745,-0.0154986929236576,0.00372969465298259,-0.194937697337268,1.3385379387001e-05,0.00306642696650209,-0.00965637417186417,0.0601775511350043
216.10625317921,-0.00968707809411327,-0.0153134010332314,0.00351656058145573,-0.193401637384637,1.50798879021254e-05,0.0030427590591339,-0.00952061200656114,0.0597772979220869
217.604982118714,-0.00959823640776912,-0.0151304854238922,0.00330968228518874,-0.191878111326897,1.67118639754928e-05,0.00301928387027528,-0.00938675473065661,0.059379437504308
219.114104965849,-0.00950966586185665,-0.0149499202115207,0.00310891798090876,-0.190367043122057,1.8282852020568e-05,0.00299600003250341,-0.00925477652839987,0.0589839625196082
220.633693803907,-0.00942138032875249,-0.0147716795991137,0.00291412833381487,-0.188868355983285,1.97943678668203e-05,0.00297290617645317,-0.00912465188802635,0.0585908654423193
222.163821216089,-0.00933339325622365,-0.0145957378825825,0.00272517643589516,-0.187381972424439,2.12478990671066e-05,0.00295000093124084,-0.00899635559991866,0.058200138588676
223.704560288971,-0.00924571767331685,-0.0144220694563753,0.00254192778375908,-0.185907814304561,2.264490520841e-05,0.00292728292487716,-0.00886986275471634,0.0578117741222264
225.255984615994,-0.00915836619628739,-0.0142506488189235,0.00236425025601326,-0.184445802871367,2.39868182256616e-05,0.0029047507846698,-0.00874514874137691,0.0574257640591409
226.818168300982,-0.00907135103456288,-0.014081450577914,0.00219201409020821,-0.182995858803717,2.5275042718395e-05,0.00288240313761534,-0.0086221892451907,0.0570421002734201
228.391185961678,-0.00898468399673777,-0.0139144494553881,0.00202509185938299,-0.181557902253085,2.65109562699767e-05,0.00286023861078081,-0.00850096024575166,0.0566607745020033
229.975112733314,-0.00889837649659411,-0.0137496202926691,0.00186335844823436,-0.180131852884031,2.76959097691637e-05,0.00283825583167493,-0.00838143801488675,0.0562817783497781
231.570024272191,-0.00881243955914456,-0.0135869380551193,0.00170669102893628,-0.178717629913682,2.88312277337484e-05,0.00281645342860906,-0.00826359911454595,0.0559051032944914
233.175996759301,-0.00872688382669353,-0.0134263778367291,0.00155496903663487,-0.177315152150228,2.99182086360518e-05,0.00279483003104805,-0.00814742039465529,0.0555307406915627
234.793106903962,-0.00864171956491229,-0.0132679148645381,0.00140807414464404,-0.175924338030446,3.09581252300365e-05,0.00277338426995099,-0.00803287899093498,0.0551586817788019
236.421431947482,-0.00855695666892448,-0.0131115245028923,0.00126589023936544,-0.174545105656258,3.19522248798085e-05,0.00275211477810204,-0.00791995232268478,0.0547889176810302
238.061049666849,-0.00847260466939787,-0.0129571822575368,0.00112830339495655,-0.173177372830331,3.2901729889297e-05,0.00273102019043143,-0.00780861809053878,0.0544214394146073
239.712038378445,-0.00838867273863896,-0.0128048637795481,0.000995201847770147,-0.171821057090729,3.38078378328868e-05,0.00271009914432672,-0.00769885427419143,0.0540562378918643
241.374476941791,-0.00830516969668669,-0.0126545448691064,0.000866475970586946,-0.170476075744635,3.46717218868061e-05,0.00268935027993443,-0.00759063913009694,0.0536933039254438
243.048444763306,-0.0082221040174017,-0.0125062014791105,0.00074201824666394,-0.169142345901132,3.54945311610589e-05,0.00266877224045224,-0.00748395118914393,0.053332628232549
244.734021800108,-0.00813948383454799,-0.0123598097186376,0.000621723243619102,-0.167819784503083,3.6277391031709e-05,0.00264836367241173,-0.00737876925430719,0.0529742014391007
246.431288563827,-0.00805731694786337,-0.0122153458562502,0.000505487587173573,-0.166508308358096,3.70214034733222e-05,0.00262812322595193,-0.00727507239827826,0.0526180140838055
248.140326124455,-0.00797561082911581,-0.0120727863231518,0.000393209934770964,-0.165207834168598,3.7727647391385e-05,0.00260804955508375,-0.0071728399610769,0.0522640566221356
249.861216114214,-0.00789437262814235,-0.0119321077161939,0.000284790949093609,-0.163918278561026,3.83971789545164e-05,0.00258814131794537,-0.00707205154764474,0.0519123194302199
251.594040731461,-0.00781360917886782,-0.011793286800737,0.000180133271494569,-0.162639558114148,3.90310319262997e-05,0.00256839717704882,-0.00697268702542317,0.0515627928086493
253.338882744608,-0.00773332700530027,-0.0116563005133681,7.91414953635952e-05,-0.161371589386521,3.96302179965666e-05,0.00254881579951784,-0.00687472652191688,0.0512154669861969
255.09582549608,-0.00765353232750047,-0.0115211259644754,-1.82778605550722e-05,-0.160114288943112,4.01957271119732e-05,0.00252939585731707,-0.00677815042224459,0.0508703321234529
256.864952906292,-0.00757423106752275,-0.0113877404406852,-0.000112216378875804,-0.158867573381073,4.07285278057044e-05,0.00251013602747288,-0.00668293936667873,0.0505273783163774
258.646349477661,-0.00749542885532464,-0.0112561214071619,-0.000202763770299198,-0.157631359354703,4.12295675261637e-05,0.00249103499228585,-0.00658907424817524,0.0501865955997701
260.440100298641,-0.00741713103464267,-0.0111262465097731,-0.000290007900337907,-0.156405563599597,4.16997729644947e-05,0.00247209143953503,-0.00649653620989515,0.0498479739506598
262.246291047787,-0.00733934266883223,-0.0109980935771244,-0.000374034816025347,-0.155190102956001,4.21400503807987e-05,0.00245330406267426,-0.00640530664271924,0.0495115032916141
264.065007997846,-0.00726206854666893,-0.0108716406224644,-0.000454928772592199,-0.153984894391387,4.25512859289125e-05,0.0024346715610205,-0.00631536718275714,0.0491771734939698
265.896338019882,-0.0071853131881094,-0.010746865845463,-0.000532772260096338,-0.152789855022249,4.29343459796145e-05,0.00241619263993452,-0.00622669970885211,0.0488449743809867
267.740368587419,-0.00710908085000952,-0.0106237476338669,-0.000607646029992429,-0.151604902135152,4.32900774421373e-05,0.00239786601099387,-0.00613928634008287,0.0485148957309246
269.597187780627,-0.00703337553179784,-0.0105022645650327,-0.000679629121627522,-0.150429953207036,4.36193080838657e-05,0.0023796903921585,-0.0060531094332636,0.0481869272800449
271.466884290521,-0.00695820098110256,-0.0103823954073418,-0.000748798888650232,-0.149264925924788,4.39228468481071e-05,0.00236166450792896,-0.00596815158044328,0.0478610587255391
273.349547423206,-0.00688356069933005,-0.0102641191214998,-0.000815231025320849,-0.148109738204099,4.42014841698252e-05,0.00234378708949758,-0.00588439560640556,0.0475372797283836
275.245267104134,-0.00680945794719339,-0.0101474148617211,-0.000878999592710705,-0.146964308207618,4.44559922892314e-05,0.00232605687489244,-0.00580182456617021,0.0472155799161233
277.154133882404,-0.00673589575018898,-0.0100322619768044,-0.000940177044779545,-0.145828554362418,4.46871255631382e-05,0.00230847260911465,-0.00572042174249711,0.0468959488855844
279.07623893509,-0.00666287690402019,-0.00991864001109877,-0.000998834254319986,-0.144702395376787,4.48956207739756e-05,0.00229103304426874,-0.00564017064339406,0.0465783762055184
281.011674071587,-0.00659040397996599,-0.00980652870536444,-0.00105504053875868,-0.143585750256354,4.50821974363856e-05,0.00227373693968658,-0.005561054999629,0.0462628514191776
282.960531738006,-0.00651847933019369,-0.00969590799753112,-0.00110886368580455,-0.142478538319569,4.5247558101306e-05,0.00225658306204484,-0.00548305876224789,0.0459493640468236
284.922905021585,-0.00644710509301427,-0.0095867580233554,-0.00116036997893443,-0.14138067921255,4.53923886574668e-05,0.00223957018547604,-0.00540616610009897,0.04563790358817
286.898887655133,-0.00637628319807905,-0.00947905911698074,-0.00120962422270726,-0.140292092923301,4.55173586302193e-05,0.00222269709167364,-0.00533036139736435,0.0453284595247603
288.888574021513,-0.00630601537151679,-0.00937279181140219,-0.00125668976789842,-0.139212699795332,4.56231214776305e-05,0.00220596256999095,-0.00525562925109969,0.045021021322283
290.892059158146,-0.00623630314100998,-0.00926793683883848,-0.00130162853644603,-0.138142420540679,4.57103148837721e-05,0.00218936541753426,-0.00518195446878278,0.0447155784328228
292.909438761552,-0.00616714784080944,-0.0091644751310142,-0.00134450104620162,-0.13708117625234,4.57795610491439e-05,0.00217290443925023,-0.00510932206587182,0.0444121202970524
294.940809191919,-0.00609855061668632,-0.00906238781935441,-0.00138536643547795,-0.136028888416148,4.58314669781706e-05,0.0021565784480077,-0.00503771726337401,0.0441106363463625
296.986267477709,-0.00603051243082066,-0.00896165623509421,-0.00142428248738713,-0.134985478922088,4.5866624763718e-05,0.00214038626467402,-0.00496712548542534,0.0438111160049339
299.045911320291,-0.00596303406662586,-0.00886226190930594,-0.00146130565396266,-0.13395087007507,4.58856118685771e-05,0.0021243267181861,-0.00489753235688196,0.0435135486917514
301.119839098607,-0.00589611613350827,-0.00876418657284631,-0.00149649108005949,-0.132924984605175,4.58889914038716e-05,0.00210839864561629,-0.004828923700924,0.0432179238225605
303.208149873869,-0.00582975907156126,-0.00866741215622595,-0.00152989262702608,-0.131907745677386,4.58773124043382e-05,0.00209260089223325,-0.00476128553667234,0.0429242308117689
305.310943394298,-0.00576396315619345,-0.00857192078940387,-0.00156156289614369,-0.13089907690081,4.58511101004504e-05,0.00207693231155784,-0.0046946040768189,0.0426324590742934
307.428320099879,-0.00569872850269035,-0.00847769480150917,-0.00159155325182753,-0.129898902337418,4.58109061873386e-05,0.00206139176541432,-0.00462886572527096,0.0423425980273527
309.560381127168,-0.00563405507070916,-0.00838471672049235,-0.0016199138445855,-0.128907146510301,4.57572090904812e-05,0.00204597812397691,-0.00456405707481006,0.0420546370922087
311.707228314113,-0.00556994266870634,-0.00829296927270863,-0.00164669363373013,-0.127923734411461,4.56905142281342e-05,0.00203069026581176,-0.00450016490476606,0.0417685656958553
313.868964204927,-0.0055063909582976,-0.00820243538243551,-0.00167194040983989,-0.12694859150915,4.56113042704712e-05,0.00201552707791469,-0.00443717617870653,0.0414843732726575
316.045692054981,-0.00544339945855019,-0.00811309817132697,-0.00169570081696633,-0.125981643754765,4.55200493954146e-05,0.00200048745574451,-0.00437507804214228,0.0412020492659412
318.237515835737,-0.00538096755020715,-0.0080249409578064,-0.00171802037458361,-0.125022817589319,4.54172075411336e-05,0.00198557030325236,-0.0043138578202491,0.0409215831295344
320.444540239715,-0.0053190944798435,-0.00793794725640058,-0.00173894349927778,-0.124072039949487,4.5303224655194e-05,0.00197077453290695,-0.00425350301560634,0.0406429643292611
322.666870685493,-0.00525777936395428,-0.00785210077701687,-0.00175851352617268,-0.123129238273251,4.51785349403443e-05,0.001956099065716,-0.00419400130595255,0.0403661823443892
324.904613322743,-0.00519702119297434,-0.00776738542416582,-0.00177677273009062,-0.122194340505149,4.50435610969275e-05,0.00194154283124382,-0.00413534054195851,0.040091226669033
327.1578750373,-0.00513681883522999,-0.00768378529613108,-0.00179376234644513,-0.121267275101142,4.48987145619067e-05,0.00192710476762533,-0.00407750874501813,0.0398180868135109
329.426763456268,-0.00507717104082249,-0.00760128468408907,-0.00180952259186458,-0.120347971033103,4.47443957445009e-05,0.00191278382157655,-0.00402049410505725,0.0395467523056604
331.711386953162,-0.00501807644544356,-0.00751986807118,-0.00182409268454442,-0.119436357792957,4.45809942584261e-05,0.00189857894840162,-0.00396428497836087,0.0392772126921105
334.011854653082,-0.00495953357412297,-0.00743952013153271,-0.00183751086432719,-0.118532365396455,4.44088891507374e-05,0.00188448911199656,-0.00390886988541888,0.0390094575395121
336.328276437929,-0.00490154084490859,-0.00736022572924486,-0.00184981441250897,-0.117635924386624,4.42284491272762e-05,0.00187051328484985,-0.00385423750879063,0.0387434764357286
338.660762951648,-0.00484409657247878,-0.00728196991732075,-0.00186103967137147,-0.116746965836874,4.40400327747234e-05,0.0018566504480399,-0.00380037669098846,0.0384792589909862
341.009425605519,-0.00478719897168786,-0.00720473793656843,-0.00187122206343893,-0.115865421353797,4.38439887792621e-05,0.00184289959122958,-0.00374727643238051,0.0382167948389858
343.374376583475,-0.00473084616104447,-0.00712851521445808,-0.00188039611045968,-0.114991223079648,4.36406561418594e-05,0.00182925971265781,-0.00369492588911287,0.0379560736379772
345.75572884746,-0.00467503616612362,-0.00705328736394343,-0.00188859545211187,-0.114124303694537,4.34303643901735e-05,0.00181572981912848,-0.00364331437105125,0.0376970850717957
348.153596142828,-0.0046197669229124,-0.00697904018224799,-0.00189585286443342,-0.113264596418321,4.32134337870985e-05,0.00180230892599665,-0.0035924313397424,0.037439818850863
350.568093003772,-0.00456503628109006,-0.0069057596496179,-0.00190220027797637,-0.112412035012225,4.29901755359581e-05,0.00178899605715216,-0.00354226640639532,0.0371842647131528
352.999334758797,-0.00451084200724268,-0.00683343192804293,-0.00190766879568587,-0.111566553780188,4.27608919823625e-05,0.0017757902450008,-0.00349280932988236,0.0369304124251218
355.44743753623,-0.00445718178801307,-0.00676204335994759,-0.00191228871050435,-0.110728087569951,4.25258768127441e-05,0.00176269053044312,-0.00344405001476042,0.036678251782607
357.912518269762,-0.00440405323318618,-0.00669158046685362,-0.00191608952270153,-0.109896571773888,4.22854152495898e-05,0.00174969596285091,-0.0033959785093122,0.0364277726116904
360.39469470404,-0.00435145387871076,-0.00662202994801576,-0.00191909995693114,-0.109071942329601,4.20397842433879e-05,0.00173680560004151,-0.00334858500360764,0.0361789647695312
362.894085400285,-0.00429938118965762,-0.00655337867903212,-0.00192134797901521,-0.108254135720273,4.17892526613096e-05,0.00172401850825002,-0.00330185982758563,0.0359318181451674
365.410809741959,-0.00424783256311517,-0.00648561371043085,-0.00192286081245711,-0.107443088974803,4.1534081472647e-05,0.00171133376209948,-0.00325579344915592,0.035686322660286
367.944987940466,-0.00419680533102274,-0.0064187222662344,-0.00192366495468471,-0.106638739667712,4.12745239310299e-05,0.00169875044456912,-0.00321037647232144,0.0354424682699643
370.496741040893,-0.00414629676294236,-0.00635269174250298,-0.00192378619302472,-0.105841025918853,4.10108257534452e-05,0.00168626764696078,-0.00316559963532088,0.0352002449633814
373.066190927794,-0.0040963040687695,-0.00628750970585849,-0.00192324962041006,-0.105049886392905,4.07432252960836e-05,0.00167388446886351,-0.00312145380879161,0.0349596427645022
375.653460331008,-0.00404682440138362,-0.00622316389199035,-0.00192207965082172,-0.104265260298687,4.04719537270405e-05,0.00166160001811651,-0.00307792999395295,0.0347206517327329
378.258672831527,-0.00399785485923886,-0.00615964220414453,-0.00192030003446688,-0.10348708738827,4.01972351958972e-05,0.00164941341077048,-0.00303501932080977,0.0344832619635506
380.881952867393,-0.00394939248889594,-0.00609693271159712,-0.00191793387269505,-0.102715307955928,3.991928700021e-05,0.00163732377104737,-0.00299271304637635,0.0342474635891053
383.523425739646,-0.00390143428749552,-0.00603502364811356,-0.00191500363265428,-0.1019498628369,3.96383197489375e-05,0.00162533023129873,-0.00295100255292057,0.0340132467787982
386.183217618305,-0.00385397720517414,-0.00597390341039498,-0.00191153116168949,-0.101190693405997,3.93545375228339e-05,0.00161343193196263,-0.00290987934622823,0.0337806017398332
388.861455548399,-0.00380701814742307,-0.00591356055651254,-0.00190753770148487,-0.100437741576048,3.90681380318403e-05,0.00160162802151923,-0.00286933505388761,0.0335495187177457
391.558267456034,-0.0037605539773911,-0.00585398380433122,-0.00190304390195271,-0.0996909497961959,3.87793127695034e-05,0.00158991765644516,-0.00282936142359418,0.0333199879969067
394.273782154498,-0.00371458151813175,-0.00579516202992392,-0.00189806983487094,-0.0989502610500491,3.84882471644552e-05,0.00157830000116664,-0.00278995032147521,0.0330919999010045
397.008129350424,-0.00366909755479584,-0.00573708426597712,-0.00189263500727163,-0.0982156188536902,3.81951207289839e-05,0.00156677422801151,-0.00275109373043455,0.032865544793504
399.761439649975,-0.00362409883676997,-0.00567973970018905,-0.00188675837458296,-0.0974869672535584,3.79001072047311e-05,0.00155533951716022,-0.00271278374851712,0.0326406130780838
402.533844565089,-0.00357958207976188,-0.00562311767366146,-0.00188045835352707,-0.096764250824202,3.76033747055466e-05,0.00154399505659574,-0.00267501258729333,0.0324171951990523
405.325476519761,-0.00353554396783325,-0.00556720767928586,-0.00187375283477645,-0.0960474146659124,3.73050858575362e-05,0.00153274004205259,-0.00263777257026315,0.0321952816417438
408.136468856361,-0.00349198115538081,-0.00551199936012539,-0.00186665919537133,-0.0953364044022423,3.70053979363362e-05,0.00152157367696495,-0.00260105613127984,0.0319748629328931
410.966955842014,-0.0034488902690665,-0.00545748250779289,-0.00185919431090077,-0.0946311661774154,3.67044630016485e-05,0.00151049517241397,-0.00256485581299307,0.0317559296409921
413.817072675003,-0.00340626790969749,-0.00540364706082649,-0.00185137456745018,-0.0939316466536331,3.64024280290727e-05,0.00149950374707426,-0.0025291642653116,0.0315384723766262
416.686955491232,-0.00336411065405676,-0.00535048310306317,-0.00184321587331794,-0.0932377930082813,3.60994350392696e-05,0.00148859862715968,-0.00249397424388506,0.0313224817927933
419.576741370729,-0.0033224150566851,-0.00529798086201145,-0.0018347336705039,-0.0925495529310458,3.57956212244909e-05,0.00147777904636845,-0.00245927860860505,0.0311079485852036
422.486568344193,-0.00328117765161522,-0.0052461307072237,-0.00182594294597261,-0.0918668746209376,3.54911190725129e-05,0.00146704424582764,-0.00242507032212509,0.0308948634925632
425.416575399583,-0.00324039495405884,-0.00519492314866916,-0.00181685824269402,-0.0911897067832365,3.51860564880072e-05,0.00145639347403706,-0.00239134244839962,0.0306832172968399
428.366902488763,-0.0032000634620475,-0.00514434883510814,-0.0018074936704646,-0.0905179986263542,3.48805569113875e-05,0.00144582598681262,-0.00235808815124167,0.0304730008235128
431.337690534184,-0.00316017965802785,-0.00509439855246821,-0.00179786291651171,-0.0898516998586246,3.45747394351663e-05,0.00143534104722926,-0.00232530069289914,0.030264204941806
434.329081435613,-0.00312074001041222,-0.00504506322222316,-0.00178797925588411,-0.0891907606850229,3.42687189178588e-05,0.00142493792556336,-0.00229297343264966,0.0300568205649064
437.341218076915,-0.00308174097508527,-0.00499633389977525,-0.00177785556163156,-0.0885351318038204,3.39626060954702e-05,0.00141461589923478,-0.00226109982541366,0.0298508386501667
440.374244332875,-0.00304317899686745,-0.00494820177284139,-0.00176750431477644,-0.087884764403177,3.36565076906023e-05,0.00140437425274853,-0.00222967342038568,0.0296462501992936
443.428305076071,-0.00300505051093605,-0.00490065815984402,-0.00175693761408031,-0.0872396101576762,3.33505265192166e-05,0.00139421227763614,-0.00219868785968372,0.029443046258522
446.503546183793,-0.00296735194420469,-0.00485369450830705,-0.00174616718560834,-0.0865996212248069,3.30447615950883e-05,0.00138412927239675,-0.00216813687701646,0.0292412179187747
449.600114545014,-0.00293007971666188,-0.00480730239325754,-0.00173520439209466,-0.0859647502413952,3.27393082319905e-05,0.00137412454243787,-0.00213801429636818,0.0290407563158096
452.718158067401,-0.00289323024266952,-0.00476147351563371,-0.00172406024211145,-0.0853349503199902,3.2434258143641e-05,0.00136419740001604,-0.00210831403070125,0.0288416526303532
455.857825684385,-0.00285679993222206,-0.00471619970069965,-0.00171274539904484,-0.0847101750452062,3.21296995414506e-05,0.00135434716417726,-0.00207903008067605,0.0286438980882219
459.01926736227,-0.00282078519216711,-0.00467147289646726,-0.00170127018988056,-0.0840903784700271,3.18257172301081e-05,0.00134457316069724,-0.00205015653338807,0.0284474839604304
462.202634107401,-0.00278518242738811,-0.00462728517212602,-0.00168964461380224,-0.0834755151120734,3.15223927010363e-05,0.00133487472202158,-0.00202168756112214,0.0282524015632894
465.408077973374,-0.00274998804195009,-0.00458362871648083,-0.00167787835060534,-0.0828655399498372,3.1219804223757e-05,0.00132525118720588,-0.00199361742012354,0.0280586422584904
468.635752068297,-0.00271519844020886,-0.00454049583639844,-0.0016659807689297,-0.0822604084188863,3.09180269351977e-05,0.00131570190185575,-0.00196594044938583,0.0278661974531805
471.885810562108,-0.00268081002788478,-0.00449787895526296,-0.00165396093431357,-0.0816600764080437,3.06171329269781e-05,0.00130622621806679,-0.00193865106945528,0.0276750586000255
475.158408693936,-0.00264681921310151,-0.00445577061144064,-0.00164182761707206,-0.08106450025554,3.03171913307092e-05,0.00129682349436464,-0.00191174378125169,0.0274852171972633
478.453702779515,-0.00261322240739062,-0.00441416345675446,-0.00162958930000292,-0.0804736367451473,3.00182684013397e-05,0.00128749309564497,-0.00188521316490544,0.0272966647887465
481.771850218653,-0.00258001602666277,-0.00437305025496876,-0.00161725418592261,-0.0798874431022926,2.97204275985863e-05,0.00127823439311357,-0.00185905387861059,0.0271093929639757
485.113009502749,-0.00254719649214605,-0.0043324238802843,-0.00160483020503539,-0.0793058769901562,2.94237296664798e-05,0.00126904676422651,-0.00183326065749388,0.0269233933581226
488.477340222363,-0.00251476023129234,-0.004292277315844,-0.00159232502213845,-0.0787288965057563,2.91282327110623e-05,0.00125992959263039,-0.00180782831249941,0.0267386576520449
491.865003074839,-0.00248270367865226,-0.00425260365224977,-0.00157974604366579,-0.0781564601760219,2.88339922762679e-05,0.00125088226810269,-0.00178275172928892,0.0265551775722913
495.276159871982,-0.00245102327671943,-0.00421339608609047,-0.00156710042457377,-0.0775885269538568,2.85410614180229e-05,0.00124190418649233,-0.00175802586715739,0.0263729448910983
498.710973547785,-0.0024197154767447,-0.00417464791848157,-0.00155439507507106,-0.0770250562141978,2.82494907765945e-05,0.00123299474966029,-0.00173364575796382,0.0261919514263789
502.169608166212,-0.00238877673952111,-0.00413635255361645,-0.00154163666719581,-0.0764660077500663,2.79593286472247e-05,0.00122415336542051,-0.00170960650507709,0.0260121890417027
505.652228929035,-0.00235820353614002,-0.0040985034973298,-0.00152883164124281,-0.0759113417686194,2.76706210490792e-05,0.0012153794474809,-0.00168590328233662,0.0258336496462686
509.159002183727,-0.00232799234871933,-0.00406109435567314,-0.00151598621204323,-0.0753610188871983,2.73834117925444e-05,0.00120667241538463,-0.00166253133302773,0.0256563251948698
512.690095431402,-0.00229813967110424,-0.00402411883350284,-0.0015031063750999,-0.0748150001293789,2.70977425449043e-05,0.00119803169445166,-0.00163948596887145,0.0254802076878513
516.245677334823,-0.00226864200954123,-0.00398757073308063,-0.00149019791258056,-0.0742732469210252,2.68136528944276e-05,0.00118945671572043,-0.00161676256902875,0.0253052891710613
519.825917726449,-0.00223949588332594,-0.00395144395268694,-0.00147726639917188,-0.0737357210863468,2.65311804128978e-05,0.00118094691588991,-0.00159435657911882,0.0251315617357942
523.430987616559,-0.00221069782542549,-0.00391573248524711,-0.00146431720779678,-0.0732023848439631,2.6250360716615e-05,0.00117250173726192,-0.00157226351025143,0.0249590175187286
527.061059201407,-0.00218224438307588,-0.00388043041697068,-0.00145135551519779,-0.0726732008029746,2.59712275259013e-05,0.00116412062768364,-0.00155047893807306,0.0247876487018581
530.716305871459,-0.00215413211835507,-0.00384553192600381,-0.00143838630738876,-0.0721481319590444,2.56938127231376e-05,0.00115580304049058,-0.00152899850182665,0.024617447512416
534.396902219665,-0.00212635760873236,-0.00381103128109504,-0.00142541438497784,-0.0716271416904895,2.54181464093648e-05,0.00114754843444974,-0.00150781790342486,0.0244484062227947
538.103024049808,-0.00209891744759454,-0.00377692284027445,-0.0014124443683638,-0.0711101937543842,2.51442569594738e-05,0.00113935627370317,-0.00148693290653664,0.0242805171504586
541.834848384891,-0.00207180824474955,-0.00374320104954629,-0.00139948070280848,-0.0705972522826779,2.48721710760176e-05,0.00113122602771184,-0.00146633933568692,0.0241137726578522
545.592553475602,-0.002045026626908,-0.00370986044159522,-0.00138652766338779,-0.0700882817783256,2.46019138416703e-05,0.00112315717119985,-0.00144603307536924,0.0239481651523026
549.376318808822,-0.00201856923814334,-0.00367689563450619,-0.00137358935982346,-0.0695832471114357,2.43335087703633e-05,0.00111514918409907,-0.00142601006917129,0.023783687085917
553.1863251162,-0.00199243274033104,-0.00364430133049801,-0.00136066974119815,-0.0690821135154342,2.4066977857125e-05,0.00110720155149403,-0.00140626631891293,0.023620330955475
557.022754382788,-0.00196661381356737,-0.00361207231467076,-0.00134777260055625,-0.0685848465832462,2.38023416266516e-05,0.00109931376356734,-0.00138679788379683,0.0234580893023167
560.885789855729,-0.00194110915656834,-0.00358020345376693,-0.0013349015793925,-0.0680914122634972,2.35396191806351e-05,0.00109148531554534,-0.00136760087957136,0.0232969547122261
564.775616053012,-0.00191591548704931,-0.00354868969494649,-0.00132206017203093,-0.0676017768567334,2.32788282438762e-05,0.00108371570764424,-0.00134867147770563,0.02313691981531
568.692418772287,-0.00189102954208568,-0.00351752606457577,-0.00130925172989632,-0.0671159070116637,2.30199852092065e-05,0.00107600444501667,-0.00133000590457649,0.0229779772858723
572.636385099737,-0.00186644807845534,-0.00348670766703025,-0.00129647946568033,-0.0666337697214224,2.27631051812469e-05,0.00106835103769857,-0.00131160044066746,0.0228201198422855
576.607703419018,-0.00184216787296318,-0.00345622968351132,-0.00128374645740456,-0.0661553323198549,2.25082020190256e-05,0.00106075500055654,-0.00129345141977923,0.022663340246857
580.606563420252,-0.00181818572274826,-0.00342608737087684,-0.0012710556523827,-0.0656805624778265,2.22552883774829e-05,0.00105321585323562,-0.00127555522825172,0.0225076313056924
584.633156109091,-0.00179449844557413,-0.00339627606048567,-0.00125840987108382,-0.0652094281995547,2.20043757478848e-05,0.00104573312010746,-0.0012579083041975,0.0223529858685551
588.687673815838,-0.00177110288010259,-0.00336679115705609,-0.00124581181089903,-0.0647418978189669,2.17554744971709e-05,0.0010383063302189,-0.00124050713674641,0.0221993968287227
592.77031020464,-0.00174799588615161,-0.00333762813753808,-0.00123326404981342,-0.0642779399960823,2.15085939062588e-05,0.0010309350172411,-0.00122334826530124,0.0220468571228391
596.881260282727,-0.00172517434493761,-0.00330878254999944,-0.00122076904998541,-0.0638175237134202,2.126374220733e-05,0.00102361871941895,-0.00120642827880433,0.0218953597307655
601.020720409738,-0.00170263515930267,-0.00328025001252573,-0.00120832916123549,-0.0633606182724349,2.10209266201186e-05,0.00101635697952103,-0.00118974381501485,0.0217448976754258
605.188888307094,-0.00168037525392709,-0.003252026212134,-0.00119594662444626,-0.0629071932899766,2.07801533872247e-05,0.00100914934478999,-0.0011732915597968,0.0215954640226514
609.385963067442,-0.00165839157552769,-0.00322410690370025,-0.00118362357487575,-0.0624572186947804,2.05414278084769e-05,0.00100199536689333,-0.00115706824641733,0.0214470518810222
613.612145164168,-0.00163668109304223,-0.00319648790890058,-0.00117136204538589,-0.0620106647239826,2.03047542743631e-05,0.000994894601874716,-0.00114107065485552,0.0212996544017046
617.867636460969,-0.00161524079780046,-0.00316916511516599,-0.00115916396958809,-0.0615675019196661,2.00701362985516e-05,0.000987846610105689,-0.00112529561112122,0.021153264778288
622.152640221499,-0.00159406770368205,-0.0031421344746507,-0.00114703118490755,-0.0611277011254325,1.98375765495238e-05,0.000980850956237816,-0.00110973998658391,0.0210078762466183
626.467361119072,-0.001573158847262,-0.00311539200321405,-0.00113496543556839,-0.0606912334830055,1.9607076881339e-05,0.000973907209155343,-0.00109440069731157,0.020863482084629
630.812005246445,-0.0015525112879436,-0.00308893377941587,-0.00112296837550107,-0.0602580704288618,1.93786383635494e-05,0.000967014941928276,-0.00107927470341911,0.0207200756121707
635.186780125658,-0.0015321221080796,-0.0030627559435251,-0.00111104157117413,-0.0598281836908919,1.91522613102892e-05,0.000960173731765926,-0.00106435900842657,0.0205776501908381
639.591894717946,-0.00151198841308184,-0.00303685469654182,-0.00109918650435173,-0.0594015452850912,1.89279453085518e-05,0.000953383159970913,-0.0010496506586267,0.0204361992237948
644.027559433723,-0.00149210733151966,-0.00301122629923252,-0.0010874045747788,-0.0589781275122808,1.87056892456792e-05,0.000946642811893626,-0.00103514674246189,0.0202957161555971
648.493986142629,-0.00147247601520746,-0.00298586707117838,-0.00107569710279534,-0.0585579029548583,1.84854913360784e-05,0.000939952276887147,-0.00102084438991032,0.0201561944720154
652.991388183652,-0.0014530916392818,-0.00296077338983677,-0.00106406533188171,-0.0581408444735793,1.8267349147185e-05,0.000933311148262629,-0.00100674077188117,0.0200176276998537
657.519980375318,-0.00143395140226834,-0.00293594168961553,-0.00105251043113611,-0.0577269252043695,1.80512596246921e-05,0.000926719023245137,-0.000992833099618745,0.0198800094067683
662.07997902595,-0.00141505252613886,-0.00291136846096032,-0.00104103349768628,-0.0573161185551672,1.78372191170608e-05,0.000920175502929943,-0.000979118624115474,0.0197433332010844
666.671601944003,-0.00139639225635892,-0.00288705024945456,-0.00102963555903654,-0.0569083982027968,1.762522339933e-05,0.000913680192239282,-0.000965594635533517,0.0196075927316116
671.295068448464,-0.00137796786192609,-0.00286298365493217,-0.00101831757535189,-0.0565037380898736,1.74152676962436e-05,0.000907232699879565,-0.000952258462634977,0.0194727816874576
675.950599379332,-0.00135977663539948,-0.00283916533060286,-0.00100708044168061,-0.0561021124217388,1.72073467047096e-05,0.000900832638299041,-0.000939107472220531,0.0193388937978417
680.638417108163,-0.00134181589292055,-0.00281559198218985,-0.000995924990116795,-0.055703495663426,1.70014546156093e-05,0.000894479623645925,-0.000926139068576372,0.0192059228319058
685.358745548692,-0.0013240829742256,-0.00279226036708001,-0.000984851991904128,-0.0553078625366589,1.67975851349708e-05,0.000888173275726968,-0.000913350692929341,0.0190738625985254
690.11181016753,-0.00130657524265024,-0.00276916729348625,-0.000973862159482505,-0.0549151880168797,1.65957315045236e-05,0.000881913217966484,-0.000900739822910128,0.0189427069461188
694.897837994932,-0.00128929008512613,-0.00274630961962207,-0.00096295614847866,-0.0545254473303089,1.63958865216491e-05,0.000875699077365825,-0.000888303972024426,0.0188124497624562
699.717057635642,-0.00127222491217019,-0.00272368425288812,-0.000952134559642227,-0.0541386159510363,1.6198042558742e-05,0.000869530484463306,-0.000876040689131919,0.018683084974467
704.569699279812,-0.00125537715786656,-0.00270128814907073,-0.000941397940728529,-0.0537546695981422,1.60021915819967e-05,0.00086340707329457,-0.000863947557932987,0.0185546065480469
709.455994713995,-0.00123874427984166,-0.00267911831155225,-0.000930746788329353,-0.0533735842328509,1.58083251696342e-05,0.000857328481353404,-0.000852022196463024,0.0184270084878643
714.376177332221,-0.00122232375923246,-0.00265717179053309,-0.000920181549652994,-0.0529953360557141,1.56164345295827e-05,0.000851294349552991,-0.000840262256594246,0.0183002848371653
719.33048214714,-0.00120611310064832,-0.00263544568226532,-0.000909702624254765,-0.0526199015038254,1.54265105166252e-05,0.000845304322187602,-0.000828665423544878,0.0181744296775792
724.31914580125,-0.00119010983212653,-0.00261393712829782,-0.000899310365719203,-0.0522472572480662,1.52385436490291e-05,0.000839358046894725,-0.000817229415395626,0.0180494371289223
729.342406578201,-0.00117431150508197,-0.00259264331473268,-0.00088900508329512,-0.0518773801903811,1.50525241246687e-05,0.000833455174617628,-0.000805951982613304,0.0179253013490021
734.400504414174,-0.00115871569425081,-0.0025715614714929,-0.000878787043484691,-0.0515102474610852,1.48684418366563e-05,0.000827595359568351,-0.000794830907581531,0.0178020165334205
739.493680909344,-0.00114331999762884,-0.00255068887160118,-0.000868656471587656,-0.0511458364162007,1.46862863884914e-05,0.000821778259191128,-0.000783864004138378,0.0176795769153766
744.622179339418,-0.00112812203640431,-0.00253002283046972,-0.000858613553201795,-0.0507841246348246,1.45060471087431e-05,0.000816003534126234,-0.000773049117120865,0.0175579767654696
749.786244667259,-0.0011131194548857,-0.00250956070520089,-0.000848658435680724,-0.0504250899165262,1.43277130652755e-05,0.000810270848174252,-0.000762384121916213,0.0174372103915012
754.98612355458,-0.0010983099204246,-0.00248929989389859,-0.000838791229550065,-0.0500687102787749,1.41512730790297e-05,0.000804579868260765,-0.000751866924019747,0.0173172721382773
760.222064373731,-0.00108369112333378,-0.00246923783499036,-0.000829012009883071,-0.0497149639543973,1.39767157373724e-05,0.000798930264401456,-0.00074149545859934,0.0171981563874101
765.494317219563,-0.00106926077680078,-0.00244937200655986,-0.000819320817636648,-0.0493638293890648,1.38040294070234e-05,0.000793321709667625,-0.000731267690066316,0.0170798575571197
770.803133921369,-0.00105501661679712,-0.00242969992568982,-0.000809717660948851,-0.0490152852388101,1.36332022465734e-05,0.000787753880152116,-0.000721181611652711,0.0169623701020359
776.148768054917,-0.0010409564019834,-0.00241021914781527,-0.000800202516398737,-0.0486693103675734,1.34642222186003e-05,0.000782226454935651,-0.000711235244994791,0.0168456885129994
781.531474954562,-0.00102707791361036,-0.00239092726608679,-0.000790775330229607,-0.0483258838447775,1.32970771013984e-05,0.000776739116053564,-0.000701426639722735,0.0167298073168636
786.951511725437,-0.00101337895541612,-0.00237182191074393,-0.000781436019536482,-0.0479849849429319,1.31317545003276e-05,0.000771291548462935,-0.000691753873056396,0.0166147210762959
792.40913725574,-0.000999857353519883,-0.00235290074849838,-0.000772184473418803,-0.0476465931352662,1.29682418587941e-05,0.000765883440010118,-0.00068221504940705,0.0165004243895791
797.904612229097,-0.000986510956312038,-0.00233416148192703,-0.000763020554099166,-0.0473106880933908,1.28065264688721e-05,0.000760514481398671,-0.000672808299985025,0.0163869118904134
803.438199137013,-0.000973337634341014,-0.00231560184887458,-0.000753944098009028,-0.0469772496849874,1.26465954815763e-05,0.00075518436615766,-0.00066353178241315,0.0162741782477178
809.01016229141,-0.000960335280196963,-0.00229721962186575,-0.000744954916842174,-0.0466462579715265,1.24884359167942e-05,0.000749892790610358,-0.000654383680345914,0.0161622181654318
814.620767837254,-0.000947501808392432,-0.00227901260752686,-0.000736052798576818,-0.0463176932060136,1.23320346728881e-05,0.000744639453843327,-0.000645362203094258,0.0160510263823179
820.270283765263,-0.000934835155240172,-0.00226097864601668,-0.000727237508467109,-0.045991535830762,1.21773785359739e-05,0.000739424057675869,-0.000636465585255914,0.0159405976717638
825.958979924714,-0.000922333278728236,-0.00224311561046647,-0.000718508790004883,-0.0456677664751946,1.20244541888886e-05,0.000734246306629857,-0.000627692086351211,0.0158309268415843
831.687128036326,-0.000909994158392485,-0.00222542140642905,-0.00070986636585238,-0.0453463659536712,1.18732482198517e-05,0.000729105907899942,-0.000619039990464256,0.0157220087338249
837.455001705243,-0.000897815795186662,-0.00220789397133681,-0.000701309938746722,-0.0450273152633439,1.17237471308312e-05,0.00072400257132411,-0.000610507605889422,0.0156138382245641
843.262876434102,-0.000885796211350147,-0.00219053127396847,-0.000692839192376878,-0.044710595582039,1.15759373456207e-05,0.000718936009354624,-0.000602093264783052,0.0155064102237174
849.111029636188,-0.000873933450273521,-0.00217333131392458,-0.000684453792233823,-0.044396188266165,1.1429805217637e-05,0.000713905937029307,-0.000593795322820306,0.0153997196748406
854.999740648693,-0.000862225576362078,-0.00215629212111154,-0.000676153386434637,-0.044084074848647,1.12853370374448e-05,0.000708912071943189,-0.000585612158857073,0.0152937615549341
860.92929074605,-0.000850670674897382,-0.00213941175523414,-0.000667937606521164,-0.0437742370368875,1.11425190400165e-05,0.000703954134220505,-0.000577542174596866,0.0151885308742476
866.899963153375,-0.000839266851897005,-0.00212268830529631,-0.00065980606823399,-0.0434666567107521,1.10013374117348e-05,0.000699031846487043,-0.00056958379426264,0.0150840226760845
872.91204305999,-0.000828012233972547,-0.00210611988911021,-0.000651758372262313,-0.0431613159205813,1.08617782971448e-05,0.00069414493384283,-0.000561735464273436,0.014980232036608
878.965817633049,-0.000816904968186054,-0.00208970465281336,-0.00064379410497041,-0.0428581968852277,1.07238278054625e-05,0.000689293123835163,-0.000553995652925794,0.0148771540646463
885.061576031251,-0.000805943221904931,-0.00207344077039371,-0.000635912839101281,-0.0425572819901169,1.05874720168473e-05,0.000684476146431981,-0.000546362850079869,0.0147747839014993
891.199609418655,-0.000795125182655465,-0.00205732644322271,-0.00062811413445812,-0.0422585537853351,1.04526969884446e-05,0.000679693733995556,-0.000538835566850152,0.0146731167207454
897.380210978585,-0.000784449057975048,-0.00204135989959599,-0.000620397538564173,-0.0419619949837389,1.03194887602051e-05,0.000674945621256531,-0.000531412335300758,0.0145721477280488
903.603675927636,-0.0007739130752632,-0.00202553939428179,-0.000612762587301592,-0.0416675884590914,1.01878333604872e-05,0.000670231545288271,-0.00052409170814519,0.0144718721609676
909.870301529772,-0.00076351548163149,-0.0020098632080769,-0.00060520880552985,-0.0413753172442205,1.00577168114493e-05,0.000665551245481539,-0.000516872258450526,0.0143722852887619
916.18038711053,-0.000753254543752426,-0.00199432964736998,-0.000597735707684245,-0.041085164529202,9.9291251342364e-06,0.000660904463519491,-0.000509752579345942,0.0142733824122035
922.534234071309,-0.000743128547707437,-0.0019789370437123,-0.000590342798355084,-0.0407971136595654,9.80204435396898e-06,0.000656290943352986,-0.000502731283735536,0.0141751588633848
928.932145903777,-0.000733135798833993,-0.00196368375339556,-0.000583029572848015,-0.0405111481345233,9.67646050453856e-06,0.000651710431176205,-0.00049580700401536,0.0140776100055298
935.374428204358,-0.000723274621571973,-0.00194856815703691,-0.000575795517726078,-0.0402272516052237,9.55235963321601e-06,0.000647162675402576,-0.000488978391794604,0.0139807312328044
941.861388688833,-0.000713543359309346,-0.0019335886591709,-0.000568640111333942,-0.0399454078730241,9.42972780507775e-06,0.000642647426641004,-0.000482244117620887,0.0138845179701283
948.39333720704,-0.000703940374227246,-0.00191874368784842,-0.000561562824304828,-0.0396656008877894,9.30855110725572e-06,0.0006381644376724,-0.000475602870709561,0.0137889656729873
954.970585757668,-0.000694464047144518,-0.00190403169424228,-0.000554563120050603,-0.0393878147462102,9.18881565301588e-06,0.000633713463426508,-0.000469053358677,0.0136940698272457
961.593448503166,-0.000685112777361802,-0.00188945115225959,-0.000547640455235503,-0.0391120336901446,9.07050758567031e-06,0.000629294260959018,-0.000462594307277787,0.0135998259489602
968.262241784745,-0.000675884982505221,-0.00187500055816068,-0.00054079428023394,-0.0388382421049803,8.9536130823282e-06,0.000624906589428978,-0.00045622446014576,0.0135062295841943
974.977284137491,-0.000666779098369754,-0.00186067843018451,-0.000534024039572852,-0.0385664245180187,8.83811835749009e-06,0.000620550210076478,-0.000449942578538845,0.0134132763088326
981.738896305574,-0.000657793578762345,-0.00184648330818042,-0.000527329172359002,-0.0382965655968799,8.72400966649039e-06,0.000616224886200628,-0.000443747441087631,0.0133209617283973
988.547401257578,-0.000648926895344811,-0.00183241375324624,-0.000520709112691671,-0.0380286501479285,8.61127330879246e-06,0.000611930383137807,-0.000437637843547614,0.0132292814778637
995.403124201917,-0.000640177537476618,-0.00181846834737252,-0.000514163290061145,-0.0377626631147198,8.49989563114105e-06,0.000607666468240188,-0.000431612598555076,0.0131382312214781
1002.30639260238,-0.000631544012057577,-0.00180464569309286,-0.000507691129733404,-0.0374985895764667,8.38986303057599e-06,0.000603432910854534,-0.000425670535386524,0.0130478066525751
1009.25753619375,-0.000623024843370513,-0.00179094441314025,-0.000501292053121393,-0.0372364147465264,8.28116195731174e-06,0.000599229482301264,-0.000419810499721652,0.0129580034933966
1016.2568869976,-0.000614618572923968,-0.00177736315010931,-0.000494965478143271,-0.0369761239709064,8.17377891748664e-06,0.000595055955853776,-0.000414031353409753,0.0128688174949109
1023.30477933808,-0.00060632375929499,-0.0017639005661243,-0.000488710819567993,-0.0367177027267917,8.06770047578619e-06,0.000590912106718048,-0.000408331974239559,0.0127802444366328
1030.40154985798,-0.000598138977972042,-0.00175055534251286,-0.000482527489348603,-0.0364611366210889,7.96291325794348e-06,0.000586797712012466,-0.00040271125571242,0.012692280126445
1037.5475375347,-0.00059006282119811,-0.00173732617948542,-0.000476414896943579,-0.0362064113889915,7.85940395312189e-06,0.000582712550747944,-0.000397168106818809,0.012604920400419
1044.74308369654,-0.000582093897814014,-0.00172421179582003,-0.000470372449626574,-0.0359535128925626,7.75715931618221e-06,0.00057865640380826,-0.000391701451818068,0.0125181611226384
1051.98853203895,-0.000574230833102022,-0.00171121092855277,-0.000464399552784907,-0.0357024271193375,7.65616616983913e-06,0.000574629053930663,-0.000386310230021383,0.0124319981850217
1059.28422864097,-0.000566472268629741,-0.00169832233267341,-0.00045849561020709,-0.0354531401809428,7.55641140670947e-06,0.000570630285686714,-0.000380993395577896,0.0123464275071464
1066.63052198171,-0.000558816862094403,-0.00168554478082636,-0.000452660024359765,-0.0352056383117356,7.45788199125673e-06,0.000566659885463373,-0.000375749917263956,0.0122614450360741
1074.02776295709,-0.000551263287167504,-0.00167287706301684,-0.000446892196654292,-0.0349599078674591,7.36056496163373e-06,0.000562717641444312,-0.000370578778275416,0.0121770467461761
1081.4763048965,-0.00054381023333992,-0.00166031798632211,-0.000441191527703376,-0.0347159353239165,7.2644474314285e-06,0.000558803343591484,-0.000365478976022965,0.01209322863896
1088.97650357974,-0.000536456405767449,-0.00164786637460775,-0.000435557417567922,-0.0344737072756621,7.16951659131452e-06,0.000554916783626903,-0.000360449521930422,0.0120099867428969
1096.52871725401,-0.000529200525116898,-0.00163552106824882,-0.000429989265994516,-0.0342332104347095,7.07575971061021e-06,0.000551057755014663,-0.000355489441235976,0.0119273171132495
1104.13330665098,-0.000522041327412669,-0.00162328092385592,-0.000424486472643708,-0.033994431629257,6.98316413874903e-06,0.000547226052943179,-0.000350597772796296,0.0118452158319017
1111.79063500406,-0.000514977563883949,-0.00161114481400601,-0.000419048437309453,-0.0337573578024295,6.89171730666451e-06,0.000543421474307656,-0.000345773568893502,0.0117636790071875
1119.50106806575,-0.000508008000812471,-0.00159911162697789,-0.000413674560129903,-0.0335219760110365,6.80140672809175e-06,0.000539643817692765,-0.000341015895044917,0.0116827027737226
1127.26497412507,-0.000501131419380931,-0.00158718026649237,-0.000408364241789882,-0.0332882734243474,6.71222000078921e-06,0.000535892883355552,-0.0003363238298156,0.0116022832922353
1135.0827240252,-0.000494346615522037,-0.00157534965145686,-0.000403116883715207,-0.0330562373228815,6.62414480768249e-06,0.000532168473208544,-0.000331696464633575,0.011522416749399
1142.95469118117,-0.000487652399768267,-0.00156361871571456,-0.000397931888259188,-0.0328258550972153,6.53716891793358e-06,0.000528470390803082,-0.000327132903607751,0.0114430993576658
1150.8812515977,-0.000481047597102312,-0.00155198640779792,-0.000392808658881472,-0.0325971142468037,6.4512801879373e-06,0.000524798441312841,-0.000322632263348474,0.0113643273550997
1158.86278388715,-0.000474531046808279,-0.00154045169068648,-0.000387746600319516,-0.0323700023788183,6.36646656224795e-06,0.000521152431517581,-0.000318193672790678,0.0112860970052127
1166.89966928762,-0.000468101602323625,-0.00152901354156892,-0.000382745118752866,-0.0321445072069992,6.28271607443816e-06,0.000517532169787073,-0.000313816273019587,0.0112084045967994
1174.99229168114,-0.000461758131091897,-0.00151767095160933,-0.000377803621960509,-0.0319206165505237,6.20001684789259e-06,0.000513937466065249,-0.000309499217098955,0.0111312464437743
1183.14103761204,-0.000455499514416245,-0.00150642292571745,-0.000372921519471471,-0.0316983183328877,6.11835709653833e-06,0.000510368131854525,-0.000305241669901764,0.0110546188850092
1191.34629630538,-0.000449324647313784,-0.00149526848232315,-0.000368098222708897,-0.0314776005808033,6.03772512551462e-06,0.000506823980200342,-0.000301042807943392,0.0109785182841713
1199.60845968555,-0.000443232438370766,-0.00148420665315466,-0.000363333145127782,-0.0312584514231095,5.95810933178347e-06,0.000503304825675874,-0.000296901819217169,0.0109029410295626
1207.92792239501,-0.000437221809598635,-0.00147323648302081,-0.000358625702346604,-0.0310408590896985,5.87949820468402e-06,0.000499810484366945,-0.000292817903032326,0.0108278835339599
1216.3050818131,-0.000431291696290936,-0.00146235702959708,-0.000353975312272979,-0.030824811910454,5.80188032643158e-06,0.000496340773857118,-0.000288790269854263,0.0107533422344555
1224.74033807505,-0.000425441046881132,-0.00145156736321538,-0.000349381395223589,-0.0306102983142054,5.72524437256445e-06,0.000492895513212978,-0.000284818141147139,0.0106793135922994
1233.23409409112,-0.000419668822801304,-0.00144086656665756,-0.000344843374038512,-0.0303973068276936,5.64957911233936e-06,0.000489474522969582,-0.000280900749218709,0.0106057940927414
1241.78675556577,-0.000413973998341798,-0.00143025373495256,-0.00034036067419018,-0.0301858260745518,5.57487340907827e-06,0.000486077625116107,-0.00027703733706742,0.0105327802448752
1250.39873101711,-0.000408355560511776,-0.00141972797517705,-0.000335932723887079,-0.0299758447742984,5.50111622046745e-06,0.000482704643081651,-0.000273227158231688,0.010460268581482
1259.07043179635,-0.000402812508900739,-0.00140928840625973,-0.000331558954172418,-0.0297673517413432,5.42829659881153e-06,0.000479355401721226,-0.000269469476641361,0.0103882556588765
1267.80227210752,-0.000397343855540984,-0.0013989341587889,-0.000327238799017871,-0.0295603358840069,5.35640369124304e-06,0.000476029727301914,-0.000265763566471301,0.0103167380567523
1276.5946690272,-0.000391948624771042,-0.00138866437482354,-0.000322971695412591,-0.029354786203552,5.28542673989027e-06,0.000472727447489187,-0.000262108711997089,0.0102457123780293
1285.44804252445,-0.0003866258531001,-0.00137847820770772,-0.00031875708344764,-0.029150691793228,5.21535508200416e-06,0.000469448391333406,-0.000258504207452797,0.0101751752487011
1294.36281548089,-0.000381374589073389,-0.00136837482188819,-0.000314594406395959,-0.0289480418373269,5.14617815004616e-06,0.000466192389256472,-0.000254949356890796,0.010105123317684
1303.33941371088,-0.000376193893138598,-0.00135835339273527,-0.000310483110788062,-0.0287468256102523,5.07788547173841e-06,0.000462959273038643,-0.00025144347404359,0.0100355532566664
1312.37826598188,-0.00037108283751326,-0.00134841310636686,-0.000306422646483554,-0.0285470324755994,5.01046667007774e-06,0.00045974887580551,-0.000247985882187622,0.00996646175995881
1321.47980403488,-0.000366040506053186,-0.0013385531594756,-0.000302412466738655,-0.0283486518852477,4.94391146331498e-06,0.000456561032015132,-0.000244575914009042,0.0098978455443456
1330.6444626051,-0.000361065994121883,-0.00132877275915896,-0.000298452028269807,-0.0281516733784642,4.87820966490067e-06,0.000453395577445322,-0.000241212911471394,0.00982970134893666
1339.87267944269,-0.000356158408461028,-0.00131907112275249,-0.000294540791313553,-0.0279560865810193,4.81335118339891e-06,0.00045025234918109,-0.000237896225685206,0.00976202593502055
1349.16489533366,-0.00035131686706195,-0.00130944747766589,-0.000290678219682759,-0.0277618812043123,4.74932602237014e-06,0.00044713118560223,-0.000234625216779438,0.00969481608591806
1358.52155412096,-0.000346540499038166,-0.001299901061222,-0.000286863780819347,-0.02756904704451,4.68612428022457e-06,0.000444031926371067,-0.000231399253774785,0.00962806860683703
1367.94310272563,-0.00034182844449894,-0.00129043112049867,-0.000283096945843612,-0.0273775739816942,4.62373615004701e-06,0.000440954412420333,-0.000228217714458781,0.00956178032472762
1377.42999116818,-0.000337179854423907,-0.00128103691217334,-0.000279377189600293,-0.0271874519790219,4.56215191939493e-06,0.000437898485941208,-0.000225079985262699,0.00949594808813878
1386.98267259009,-0.000332593890538725,-0.00127171770237048,-0.000275703990701449,-0.026998671081894,4.50136197006986e-06,0.000434863990371483,-0.000221985461140206,0.00943056876707524
1396.60160327544,-0.000328069725191798,-0.00126247276651158,-0.000272076831566294,-0.0268112214171368,4.44135677786439e-06,0.000431850770383883,-0.000218933545447755,0.00936563925285563
1406.2872426727,-0.000323606541232032,-0.00125330138916789,-0.000268495198458078,-0.0266250931921918,4.38212691228493e-06,0.000428858671874505,-0.000215923649826686,0.00930115645797119
1416.04005341668,-0.00031920353188767,-0.00124420286391571,-0.000264958581518124,-0.0264402766943171,4.32366303625184e-06,0.00042588754195142,-0.000212955194087014,0.00923711731594555
1425.86050135065,-0.00031485990064616,-0.00123517649319426,-0.000261466474797104,-0.0262567622897974,4.26595590577746e-06,0.00042293722892338,-0.000210027606092868,0.0091735187811951
1435.74905554856,-0.000310574861135106,-0.00122622158816602,-0.000258018376283671,-0.0260745404231658,4.2089963696236e-06,0.000420007582288687,-0.00020714032164958,0.00911035782889044
1445.70618833745,-0.000306347637004255,-0.00121733746857953,-0.00025461378793053,-0.0258936016164332,4.15277536893864e-06,0.000417098452724164,-0.000204292784392363,0.00904763145481841
1455.73237532004,-0.000302177461808569,-0.00120852346263465,-0.000251252215678046,-0.0257139364683289,4.09728393687608e-06,0.000414209692074283,-0.000201484445676602,0.00898533667524519
1465.8280953974,-0.000298063578892329,-0.00119977890685018,-0.000247933169475459,-0.0255355356535495,4.0425131981946e-06,0.000411341153340391,-0.000198714764469683,0.00892347052678002
1475.99383079187,-0.000294005241274325,-0.00119110314593377,-0.000244656163299825,-0.0253583899220186,3.98845436884096e-06,0.000408492690670089,-0.000195983207244389,0.00886203006623989
1486.23006707006,-0.000290001711534084,-0.00118249553265413,-0.000241420715172724,-0.0251824900981536,3.93509875551642e-06,0.000405664159346711,-0.000193289247873792,0.00880101237051493
1496.53729316606,-0.000286052261699175,-0.00117395542771557,-0.000238226347174866,-0.0250078270801434,3.88243775522757e-06,0.000402855415778946,-0.000190632367527657,0.00874041453643475
1506.9160014048,-0.000282156173133544,-0.00116548219963463,-0.000235072585458613,-0.024834391839234,3.83046285482206e-06,0.000400066317490558,-0.000188012054570309,0.00868023368063542
1517.36668752555,-0.000278312736426939,-0.00115707522461894,-0.000231958960258561,-0.0246621754190234,3.77916563051052e-06,0.000397296723110245,-0.000185427804459965,0.00862046693942745
1527.88985070559,-0.000274521251285351,-0.00114873388644821,-0.000228885005900193,-0.0244911689347646,3.72853774737478e-06,0.000394546492361599,-0.000182879119649485,0.00856111146866439
1538.4859935841,-0.000270781026422536,-0.00114045757635731,-0.000225850260806719,-0.0243213635726776,3.6785709588636e-06,0.00039181548605319,-0.000180365509488544,0.00850216444361246
1549.15562228612,-0.000267091379452559,-0.00113224569292137,-0.000222854267504152,-0.0241527505892695,3.62925710627616e-06,0.000389103566068761,-0.000177886490127188,0.00844362305882066
1559.89924644673,-0.000263451636783407,-0.00112409764194294,-0.000219896572624692,-0.0239853213106635,3.58058811823449e-06,0.000386410595357535,-0.000175441584420761,0.0083854845279921
1570.71737923542,-0.000259861133511623,-0.0011160128363411,-0.00021697672690848,-0.0238190671319348,3.53255601014487e-06,0.000383736437924629,-0.000173030321836186,0.00832774608385567
1581.61053738059,-0.000256319213317996,-0.00110799069604253,-0.000214094285203798,-0.0236539795164562,3.48515288364934e-06,0.000381080958821585,-0.00017065223835957,0.00827040497803889
1592.57924119422,-0.000252825228364268,-0.00110003064787447,-0.000211248806465755,-0.0234900499952497,3.43837092606755e-06,0.000378444024136996,-0.000168306876405123,0.00821345848094129
1603.62401459674,-0.000249378539190889,-0.00109213212545959,-0.000208439853753547,-0.0233272701663482,3.39220240982982e-06,0.000375825500987251,-0.000165993784725372,0.00815690388160873
1614.74538514202,-0.000245978514615789,-0.00108429456911265,-0.000205666994226314,-0.0231656316941626,3.34663969190166e-06,0.000373225257507373,-0.00016371251832264,0.00810073848760836
1625.94388404263,-0.000242624531634178,-0.00107651742573901,-0.000202929799137689,-0.0230051263088581,3.3016752132006e-06,0.000370643162841972,-0.000161462638361787,0.00804495962490457
1637.22004619516,-0.000239315975319355,-0.00106880014873489,-0.000200227843829058,-0.0228457458057373,3.25730149800556e-06,0.000368079087136281,-0.000159243712084184,0.00798956463773543
1648.57441020578,-0.000236052238724549,-0.0010611421978894,-0.00019756070772161,-0.0226874820446306,3.21351115335955e-06,0.000365532901527314,-0.000157055312722906,0.00793455088849021
1660.00751841599,-0.000232832722785746,-0.00105354303928821,-0.00019492797430721,-0.0225303269492945,3.17029686846587e-06,0.000363004478135106,-0.000154897019419123,0.00787991575758737
1671.51991692849,-0.000229656836225543,-0.00104600214521901,-0.000192329231138159,-0.022374272506816,3.1276514140786e-06,0.000360493690054056,-0.000152768417139682,0.00782565664335364
1683.11215563331,-0.00022652399545798,-0.0010385189940785,-0.000189764069815873,-0.0222193107670251,3.08556764188753e-06,0.000358000411344369,-0.000150669096595843,0.00777177096190347
1694.78478823403,-0.000223433624494387,-0.00103109307028111,-0.00018723208597855,-0.0220654338419138,3.04403848389827e-06,0.000355524517023588,-0.000148598654163177,0.00771825614701969
1706.53837227424,-0.000220385154850195,-0.0010237238641692,-0.000184732879287842,-0.0219126339050615,3.00305695180763e-06,0.000353065883058216,-0.000146556691802585,0.00766510965003444
1718.37346916419,-0.000217378025452755,-0.00101641087192493,-0.000182266053414602,-0.0217609031910682,2.96261613637501e-06,0.000350624386355445,-0.000144542816982444,0.00761232893971134
1730.2906442076,-0.000214411682550114,-0.00100915359548356,-0.000179831216023727,-0.0216102339949933,2.92270920678989e-06,0.000348199904754956,-0.00014255664260184,0.00755991150212798
1742.29046662864,-0.000211485579620774,-0.00100195154244831,-0.000177427978758157,-0.0214606186718018,2.88332941003606e-06,0.000345792317020822,-0.000140597786914903,0.00750785484055946
1754.37350959913,-0.000208599177284412,-0.000994804226006724,-0.000175055957222052,-0.0213120496358162,2.84447007025273e-06,0.000343401502833494,-0.00013866587345619,0.00745615647536249
1766.54035026596,-0.000205751943213556,-0.000987711164848388,-0.000172714770963195,-0.0211645193601753,2.80612458809302e-06,0.000341027342781877,-0.000136760530967137,0.00740481394386029
1778.79156977856,-0.000202943352046227,-0.000980671883084174,-0.000170404043454664,-0.0210180203762993,2.76828644008016e-06,0.000338669718355489,-0.000134881393323543,0.00735382480022831
1791.12775331676,-0.000200172885299508,-0.000973685910166807,-0.000168123402075792,-0.0208725452733607,2.73094917796159e-06,0.000336328511936702,-0.000133028099464072,0.00730318661538046
1803.54949011869,-0.000197440031284074,-0.000966752780812855,-0.000165872478092462,-0.0207280866977617,2.69410642806146e-06,0.000334003606793081,-0.000131200293319773,0.00725289697685633
1816.05737350894,-0.000194744285019641,-0.000959872034926018,-0.000163650906636772,-0.0205846373526171,2.65775189063168e-06,0.000331694887069778,-0.000129397623744583,0.00720295348870888
1828.65200092687,-0.00019208514815135,-0.000953043217521786,-0.000161458326686092,-0.020442189997244,2.6218793392019e-06,0.000329402237782043,-0.000127619744446823,0.0071533537713931
1841.33397395519,-0.000189462128867072,-0.000946265878653352,-0.000159294381041558,-0.0203007374466562,2.58648261992867e-06,0.000327125544807779,-0.00012586631392164,0.00710409546165513
1854.10389834867,-0.000186874741815625,-0.000939539573338833,-0.000157158716306021,-0.0201602725710657,2.55155565094404e-06,0.000324864694880204,-0.000124136995384421,0.00705517621242236
1866.9623840631,-0.000184322508025899,-0.000932863861489713,-0.000155050982861487,-0.0200207882953883,2.51709242170388e-06,0.000322619575580577,-0.000122431456705125,0.00700659369269393
1879.91004528435,-0.000181804954826884,-0.000926238307840541,-0.000152970834846077,-0.0198822775987562,2.48308699233615e-06,0.000320390075331004,-0.000120749370343559,0.00695834558743229
1892.94750045783,-0.000179321615768592,-0.000919662481879804,-0.000150917930130533,-0.0197447335140355,2.44953349298934e-06,0.000318176083387318,-0.000119090413285543,0.00691042959745508
1906.0753723179,-0.000176872030543863,-0.000913135957782016,-0.000148891930294293,-0.0196081491273492,2.41642612318138e-06,0.000315977489832043,-0.000117454266979997,0.00686284343932809
1919.29428791772,-0.000174455744911054,-0.000906658314340937,-0.000146892500601169,-0.0194725175776051,2.38375915114918e-06,0.000313794185567414,-0.000115840617276888,0.00681558484525854
1932.60487865912,-0.000172072310617606,-0.000900229134903958,-0.000144919309974645,-0.0193378320560304,2.35152691319899e-06,0.000311626062308493,-0.000114249154366069,0.00676865156298941
1946.00778032282,-0.000169721285324463,-0.000893848007307581,-0.000142972030972822,-0.0192040858057095,2.31972381305782e-06,0.000309473012576334,-0.000112679572716966,0.00672204135569412
1959.50363309877,-0.00016740223253137,-0.000887514523814024,-0.000141050339763033,-0.0190712721211289,2.28834432122623e-06,0.00030733492969124,-0.00011113157101912,0.00667575200187217
1973.09308161673,-0.000165114721503007,-0.000881228281048877,-0.000139153916096156,-0.0189393843477256,2.2573829743323e-06,0.00030521170776607,-0.000109604852123554,0.00662978129524527
1986.77677497706,-0.000162858327195976,-0.000874988879939845,-0.000137282443280629,-0.0188084158814417,2.22683437448755e-06,0.000303103241699633,-0.000108099122984979,0.00658412704465427
2000.55536678172,-0.000160632630186626,-0.000868795925656499,-0.000135435608156216,-0.018678360168283,2.19669318864429e-06,0.000301009427170137,-0.00010661409460479,0.00653878707395661
2014.42951516552,-0.000158437216599707,-0.000862649027551085,-0.000133613101067515,-0.018549210703883,2.16695414795525e-06,0.000298930160628713,-0.000105149481974887,0.00649375922192469
2028.39988282751,-0.000156271678037843,-0.000856547799100288,-0.000131814615837244,-0.0184209610330716,2.13761204713503e-06,0.000296865339293004,-0.000103705004022262,0.00644904134214458
2042.46713706267,-0.000154135611511839,-0.000850491857848032,-0.000130039849739328,-0.0182936047494485,2.10866174382405e-06,0.000294814861140817,-0.000102280383554374,0.00640463130291568
2056.63194979376,-0.000152028619371771,-0.000844480825349195,-0.000128288503471784,-0.0181671354949608,2.08009815795462e-06,0.000292778624903838,-0.000100875347205293,0.00636052698715084
2070.89499760343,-0.000149950309238905,-0.000838514327114314,-0.000126560281129448,-0.0180415469594864,2.05191627111985e-06,0.000290756530061422,-9.94896253825885e-05,0.00631672629227727
2085.25696176653,-0.000147900293938389,-0.000832591992555183,-0.000124854890176535,-0.0179168328804204,2.02411112594497e-06,0.00028874847683443,-9.81229522149732e-05,0.00627322713013795
2099.71852828265,-0.000145878191432753,-0.000826713454931399,-0.000123172041419073,-0.0177929870422672,1.99667782546156e-06,0.000286754366179144,-9.67750655006736e-05,0.00623002742689388
2114.2803879089,-0.000143883624756166,-0.000820878351297774,-0.000121511448977208,-0.0176700032762361,1.9696115324846e-06,0.000284774099781226,-9.54457066565248e-05,0.00618712512292677
2128.94323619287,-0.000141916221949495,-0.000815086322452651,-0.000119872830257397,-0.0175478754598421,1.94290746899265e-06,0.000282807580049758,-9.41346206677816e-05,0.00614451817274251
2143.7077735059,-0.000139975615996102,-0.000809337012887062,-0.00011825590592452,-0.0174265975165103,1.91656091551101e-06,0.000280854710111323,-9.28415560386278e-05,0.00610220454487521
2158.57470507649,-0.000138061444758421,-0.00080363007073476,-0.000116660399873898,-0.0173061634151847,1.89056721049822e-06,0.000278915393804159,-9.15662647433827e-05,0.00606018222179191
2173.54474102402,-0.000136173350915276,-0.000797965147723054,-0.000115086039203259,-0.0171865671699414,1.86492174973575e-06,0.000276989535672358,-9.03085021783856e-05,0.00601844919979783
2188.61859639264,-0.000134310981899952,-0.00079234189912449,-0.000113532554184642,-0.0170678028396059,1.83961998572124e-06,0.000275077040960141,-8.9068027114559e-05,0.0059770034889424
2203.79699118545,-0.000132473989838989,-0.000786759983709308,-0.000111999678236262,-0.0169498645273738,1.81465742706508e-06,0.000273177815606165,-8.78446016506298e-05,0.00593584311292573
2219.08065039887,-0.000130662031491729,-0.000781219063698711,-0.000110487147894352,-0.0168327463804367,1.79002963789072e-06,0.000271291766237914,-8.663799116701e-05,0.00589496610900585
2234.47030405729,-0.000128874768190562,-0.000775718804718885,-0.000108994702784976,-0.0167164425896106,1.76573223723848e-06,0.000269418800166121,-8.54479642803172e-05,0.00585437052790645
2249.9666872479,-0.000127111865781909,-0.000770258875755802,-0.000107522085595852,-0.0166009473889697,1.74176089847318e-06,0.000267558825379259,-8.42742927985356e-05,0.00581405443372531
2265.57054015586,-0.000125372994567902,-0.000764838949110737,-0.000106069042048162,-0.0164862550554826,1.71811134869551e-06,0.00026571175053808,-8.31167516767993e-05,0.00577401590384326
2281.28260809959,-0.000123657829248768,-0.000759458700356555,-0.000104635320868393,-0.0163723599086535,1.69477936815729e-06,0.000263877484970214,-8.19751189737972e-05,0.00573425302883383
2297.10364156645,-0.000121966048865915,-0.000754117808294678,-0.000103220673760186,-0.0162592563101665,1.6717607896806e-06,0.000262055938664808,-8.08491758087833e-05,0.00569476391237341
2313.0343962485,-0.000120297336745697,-0.000748815954912791,-0.000101824855376235,-0.0161469386635334,1.64905149808095e-06,0.000260247022267231,-7.97387063191916e-05,0.00565554667115208
2329.07563307866,-0.000118651380443866,-0.00074355282534321,-0.000100447623290215,-0.0160354014137459,1.62664742959434e-06,0.000258450647073822,-7.86434976188377e-05,0.00561659943478496
2345.22811826701,-0.000117027871690701,-0.000738328107821957,-9.90887379687703e-05,-0.0159246390469305,1.60454457130859e-06,0.000256666725026691,-7.75633397567095e-05,0.00557792034572422
2361.49262333744,-0.000115426506336792,-0.000733141493648479,-9.77479627435557e-05,-0.0158146460900077,1.58273896059858e-06,0.000254895168708567,-7.64980256763274e-05,0.00553950755917162
2377.86992516445,-0.000113846984299504,-0.000727992677146043,-9.64250637833507e-05,-0.0157054171103543,1.5612266845658e-06,0.000253135891337703,-7.54473511756773e-05,0.00550135924299164
2394.36080601029,-0.000112289009510074,-0.000722881355622753,-9.51198100662424e-05,-0.0155969467154691,1.54000387948199e-06,0.000251388806762821,-7.44111148676971e-05,0.00546347357762523
2410.96605356231,-0.000110752289861375,-0.00071780722933322,-9.38319733518979e-05,-0.0154892295526422,1.51906673023714e-06,0.000249653829458113,-7.33891181413195e-05,0.00542584875600406
2427.6864609706,-0.000109236537156301,-0.000712770001440834,-9.25613281539177e-05,-0.0153822603086276,1.49841146979158e-06,0.00024793087451828,-7.23811651230529e-05,0.00538848298346542
2444.52282688584,-0.0001077414670568,-0.000707769377980658,-9.13076517122913e-05,-0.0152760337093192,1.47803437863258e-06,0.00024621985765363,-7.13870626391035e-05,0.00535137447766761
2461.4759554975,-0.000106266799033531,-0.000702805067822906,-9.00707239659499e-05,-0.0151705445194296,1.45793178423508e-06,0.000244520695185212,-7.04066201780203e-05,0.00531452146850596
2478.54665657221,-0.00010481225631613,-0.000697876782637022,-8.88503275254288e-05,-0.0150657875421729,1.43810006052689e-06,0.000242833304040001,-6.94396498538637e-05,0.00527792219802934
2495.73574549243,-0.000103377565844111,-0.000692984236856333,-8.76462476456457e-05,-0.0149617576189503,1.4185356273582e-06,0.000241157601746131,-6.84859663698878e-05,0.00524157492035734
2513.04404329547,-0.00010196245821835,-0.000688127147643249,-8.64582721987921e-05,-0.0148584496290383,1.39923494997557e-06,0.000239493506428162,-6.75453869827254e-05,0.00520547790159784
2530.47237671259,-0.000100566667653188,-0.000683305234855054,-8.5286191647355e-05,-0.0147558584892812,1.38019453850015e-06,0.000237840936802406,-6.66177314670766e-05,0.00516962941976531
2548.02157820863,-9.91899319291178e-05,-0.000678518221010197,-8.41297990172633e-05,-0.0146539791537856,1.36141094741055e-06,0.000236199812172285,-6.57028220808836e-05,0.00513402776469946
2565.69248602162,-9.78319923460628e-05,-0.000673765831255169,-8.2988889871172e-05,-0.0145528066136185,1.34288077502998e-06,0.000234570052423738,-6.48004835309967e-05,0.00509867123798466
2583.48594420295,-9.64925936772348e-05,-0.000669047793331856,-8.186326228188e-05,-0.014452335896508,1.32460066301786e-06,0.000232951578020665,-6.39105429393119e-05,0.00506355815286965
2601.4028026576,-9.51714841235687e-05,-0.000664363837545451,-8.07527168058944e-05,-0.0143525620665474,1.30656729586597e-06,0.000231344310000424,-6.30328298093857e-05,0.00502868683418805
2619.4439171848,-9.38684152687226e-05,-0.000659713696732842,-7.96570564571395e-05,-0.0142534802239018,1.28877740039898e-06,0.000229748169969358,-6.21671759935093e-05,0.00499405561827913
2637.61014951883,-9.25831420346439e-05,-0.00065509710623152,-7.85760866808173e-05,-0.0141550855045178,1.27122774527948e-06,0.000228163080098368,-6.13134156602459e-05,0.00495966285290936
2655.90236737027,-9.13154226376865e-05,-0.000650513803848953,-7.75096153274184e-05,-0.0140573730798361,1.25391514051744e-06,0.000226588963118528,-6.04713852624147e-05,0.00492550689719429
2674.32144446737,-9.00650185452844e-05,-0.000645963529832471,-7.64574526268971e-05,-0.0139603381565067,1.23683643698423e-06,0.00022502574231674,-5.96409235055248e-05,0.00489158612152109
2692.86826059784,-8.88316944331609e-05,-0.000641446026839585,-7.54194111629978e-05,-0.0138639759761066,1.21998852593097e-06,0.000223473341531424,-5.88218713166442e-05,0.00485789890747153
2711.54370165082,-8.76152181430838e-05,-0.000636961039908805,-7.43953058477548e-05,-0.0137682818148611,1.20336833851152e-06,0.000221931685148253,-5.80140718137053e-05,0.0048244436477455
2730.34865965925,-8.64153606411442e-05,-0.000632508316430886,-7.33849538961489e-05,-0.0136732509833672,1.18697284530976e-06,0.000220400698095925,-5.7217370275233e-05,0.00479121874608506
2749.28403284242,-8.52318959765679e-05,-0.000628087606120536,-7.23881748009418e-05,-0.0135788788263193,1.17079905587149e-06,0.000218880305841971,-5.64316141104984e-05,0.00475822261719897
2768.35072564895,-8.40646012410403e-05,-0.000623698660988551,-7.1404790307674e-05,-0.0134851607222384,1.15484401824061e-06,0.000217370434388604,-5.56566528300824e-05,0.00472545368668773
2787.54964879989,-8.29132565285501e-05,-0.000619341235314396,-7.04346243898432e-05,-0.0133920920832034,1.13910481849993e-06,0.000215871010268605,-5.48923380168529e-05,0.0046929103909692
2806.88171933232,-8.17776448957359e-05,-0.000615015085619189,-6.94775032242531e-05,-0.0132996683545847,1.12357858031625e-06,0.000214381960541241,-5.4138523297341e-05,0.00466059117720452
2826.34786064308,-8.0657552322741e-05,-0.00061071997063912,-6.85332551665461e-05,-0.013207885014781,1.10826246449e-06,0.000212903212788232,-5.3395064313519e-05,0.00462849450322485
2845.94900253294,-7.95527676745568e-05,-0.000606455651299261,-6.76017107269086e-05,-0.0131167375749584,1.09315366850915e-06,0.000211434695109734,-5.2661818694966e-05,0.00459661883745822
2865.68608125093,-7.84630826628648e-05,-0.000602221890687793,-6.66827025459656e-05,-0.0130262215787911,1.07824942610769e-06,0.000209976336120383,-5.19386460314246e-05,0.00456496265885723
2885.56003953913,-7.73882918083562e-05,-0.000598018454030605,-6.57760653708516e-05,-0.0129363326022062,1.0635470068283e-06,0.00020852806494535,-5.12254078457345e-05,0.00453352445682694
2905.57182667768,-7.63281924035374e-05,-0.00059384510866631,-6.48816360314717e-05,-0.0128470662531292,1.04904371558961e-06,0.00020708981121645,-5.05219675671452e-05,0.00450230273115352
2925.72239853012,-7.52825844760034e-05,-0.000589701624021601,-6.39992534169445e-05,-0.0127584181712333,1.03473689225758e-06,0.000205661505068271,-4.98281905049964e-05,0.00447129599193309
2946.01271758903,-7.42512707521844e-05,-0.000585587771587026,-6.31287584522353e-05,-0.0126703840276897,1.02062391122145e-06,0.000204243077134349,-4.91439438227665e-05,0.00444050275950133
2966.44375302203,-7.32340566215506e-05,-0.000581503324893081,-6.22699940749747e-05,-0.0125829595249218,1.00670218097378e-06,0.000202834458543367,-4.84690965124778e-05,0.00440992156436329
2987.01648071805,-7.22307501012794e-05,-0.000577448059486705,-6.14228052124697e-05,-0.01249614039636,9.92969143695001e-07,0.000201435580915398,-4.7803519369461e-05,0.00437955094712394
3007.73188333398,-7.12411618013694e-05,-0.000573421752908098,-6.05870387589017e-05,-0.0124099224062001,9.79422274842099e-07,0.000200046376358166,-4.71470849674653e-05,0.00434938945841895
3028.59095034155,-7.02651048902057e-05,-0.000569424184667907,-5.97625435527184e-05,-0.0123243013491635,9.66059082741637e-07,0.000198666777463357,-4.64996676341183e-05,0.00431943565884611
3049.59467807464,-6.93023950605627e-05,-0.000565455136224733,-5.89491703542141e-05,-0.012239273050259,9.52877108186965e-07,0.000197296717302949,-4.58611434267215e-05,0.00428968811889709
3070.74406977686,-6.83528504960467e-05,-0.000561514390962997,-5.81467718233059e-05,-0.0121548333645482,9.39873924039709e-07,0.000195936129425582,-4.52313901083865e-05,0.00426014541888979
3092.04013564946,-6.74162918379664e-05,-0.000557601734171107,-5.73552024974984e-05,-0.0120709781769111,9.27047134835384e-07,0.000194584947852952,-4.46102871244973e-05,0.00423080614890098
3113.48389289956,-6.64925421526322e-05,-0.000553716953019979,-5.65743187700462e-05,-0.0119877034018162,9.14394376393254e-07,0.000193243107076243,-4.39977155795028e-05,0.0042016689086996
3135.07636578881,-6.5581426899073e-05,-0.000549859836541842,-5.58039788683038e-05,-0.0119050049830903,9.01913315430256e-07,0.00019191054205259,-4.3393558214028e-05,0.00417273230768027
3156.8185856822,-6.46827738971732e-05,-0.000546030175609389,-5.50440428322756e-05,-0.0118228788936924,8.89601649179143e-07,0.000190587188201565,-4.27976993823053e-05,0.00414399496479751
3178.71159109747,-6.37964132962156e-05,-0.000542227762915204,-5.42943724933537e-05,-0.0117413211354883,8.77457105010627e-07,0.000189272981401702,-4.22100250299153e-05,0.00411545550850016
3200.75642775457,-6.29221775438355e-05,-0.000538452392951517,-5.3554831453254e-05,-0.011660327739028,8.65477440059689e-07,0.000187967857987046,-4.16304226718397e-05,0.00408711257666645
3222.9541486257,-6.20599013553701e-05,-0.000534703861990227,-5.28252850631421e-05,-0.0115798947633245,8.53660440855853e-07,0.000186671754743735,-4.10587813708148e-05,0.00405896481653934
3245.30581398558,-6.12094216836103e-05,-0.000530981968063246,-5.2105600402957e-05,-0.0115000182956354,8.42003922957551e-07,0.000185384608906608,-4.04949917159876e-05,0.00403101088466244
3267.81249146208,-6.03705776889386e-05,-0.000527286510943098,-5.13956462609242e-05,-0.0114206944512458,8.30505730590431e-07,0.000184106358155848,-3.99389458018655e-05,0.00400324944681623
3290.47525608724,-5.95432107098575e-05,-0.000523617292123828,-5.06952931132654e-05,-0.0113419193732532,8.19163736289671e-07,0.000182836940613643,-3.93905372075596e-05,0.00397567917795486
3313.29519034861,-5.87271642338971e-05,-0.000519974114802159,-5.00044131040985e-05,-0.0112636892323547,8.07975840546188e-07,0.000181576294840888,-3.88496609763132e-05,0.00394829876214321
3336.27338424092,-5.79222838689033e-05,-0.000516356783858944,-4.93228800255328e-05,-0.0111860002266359,7.96939971456822e-07,0.000180324359833905,-3.83162135953157e-05,0.00392110689249453
3359.41093531822,-5.71284173146952e-05,-0.000512765105840867,-4.86505692979537e-05,-0.0111088485813614,7.86054084378332e-07,0.000179081075021196,-3.77900929757947e-05,0.00389410227110841
3382.70894874623,-5.63454143350942e-05,-0.000509198888942414,-4.79873579505027e-05,-0.0110322305487677,7.75316161585311e-07,0.000177846380260222,-3.72711984333848e-05,0.00386728360900921
3406.16853735517,-5.55731267303137e-05,-0.000505657942988099,-4.73331246017444e-05,-0.0109561424078573,7.64724211931878e-07,0.000176620215834205,-3.67594306687664e-05,0.00384064962608487
3429.7908216929,-5.48114083097119e-05,-0.000502142079414946,-4.66877494405288e-05,-0.0108805804641953,7.5427627051721e-07,0.000175402522448971,-3.62546917485753e-05,0.00381419905102619
3453.57693007845,-5.40601148648952e-05,-0.000498651111255207,-4.60511142070394e-05,-0.0108055410497075,7.43970398354796e-07,0.000174193241229796,-3.57568850865732e-05,0.00378793062126646
3477.5279986559,-5.33191041431756e-05,-0.000495184853119344,-4.5423102174034e-05,-0.0107310205224798,7.33804682045471e-07,0.000172992313718303,-3.52659154250811e-05,0.00376184308292156
3501.64517144866,-5.25882358213735e-05,-0.000491743121179235,-4.48035981282739e-05,-0.0106570152665603,7.23777233454147e-07,0.000171799681869368,-3.4781688816669e-05,0.00373593519073043
3525.92960041413,-5.18673714799612e-05,-0.000488325733151617,-4.41924883521385e-05,-0.010583521691762,7.13886189390201e-07,0.000170615288048057,-3.43041126060982e-05,0.00371020570799593
3550.38244549867,-5.11563745775463e-05,-0.000484932508281774,-4.35896606054314e-05,-0.0105105362334687,7.04129711291555e-07,0.000169439075026593,-3.3833095412515e-05,0.00368465340652616
3575.00487469309,-5.04551104256862e-05,-0.00048156326732743,-4.29950041073686e-05,-0.0104380553524408,6.94505984912318e-07,0.00016827098598134,-3.33685471118882e-05,0.0036592770665761
3599.79806408833,-4.97634461640355e-05,-0.000478217832542892,-4.24084095187562e-05,-0.0103660755346245,6.85013220014083e-07,0.000167110964489819,-3.29103788196924e-05,0.00363407547678973
3624.76319793175,-4.90812507358147e-05,-0.000474896027663387,-4.18297689243499e-05,-0.0102945932909613,6.75649650060722e-07,0.000165958954527745,-3.24585028738285e-05,0.00360904743414246
3649.9014686836,-4.84083948636044e-05,-0.000471597677889642,-4.12589758154009e-05,-0.0102236051572001,6.66413531916755e-07,0.000164814900466086,-3.20128328177817e-05,0.00358419174388403
3675.21407707406,-4.77447510254528e-05,-0.000468322609872647,-4.06959250723816e-05,-0.0101531076937102,6.57303145549181e-07,0.000163678747068156,-3.15732833840112e-05,0.00355950721948172
3700.7022321605,-4.70901934313011e-05,-0.000465070651698658,-4.01405129478967e-05,-0.0100830974852967,6.48316793732808e-07,0.000162550439486718,-3.11397704775715e-05,0.00353499268256404
3726.36715138533,-4.64445979997135e-05,-0.000461841632874376,-3.9592637049772e-05,-0.0100135711410164,6.3945280175898e-07,0.000161429923261124,-3.07122111599574e-05,0.0035106469628647
3752.21006063407,-4.58078423349177e-05,-0.000458635384312354,-3.90521963243262e-05,-0.00994452529399662,6.30709517147769e-07,0.000160317144314469,-3.02905236331749e-05,0.00348646889816704
3778.23219429398,-4.51798057041431e-05,-0.000455451738316579,-3.85190910398178e-05,-0.00987595660125416,6.22085309363462e-07,0.000159212048950773,-2.98746272240305e-05,0.00346245733424877
3804.43479531291,-4.45603690152599e-05,-0.000452290528568272,-3.79932227700742e-05,-0.00980786174351705,6.13578569533472e-07,0.000158114583852185,-2.94644423686385e-05,0.00343861112482718
3830.81911525882,-4.39494147947108e-05,-0.000449151590111858,-3.74744943782929e-05,-0.00974023742504687,6.05187710170502e-07,0.000157024696076207,-2.9059890597142e-05,0.00341492913150464
3857.3864143794,-4.33468271657347e-05,-0.000446034759341145,-3.69628100010219e-05,-0.00967308037346326,5.96911164898034e-07,0.000155942333052949,-2.86608945186456e-05,0.00339141022371448
3884.13796166242,-4.27524918268754e-05,-0.00044293987398567,-3.6458075032312e-05,-0.00960638733956937,5.88747388179031e-07,0.000154867442582392,-2.8267377806355e-05,0.00336805327866727
3911.07503489621,-4.21662960307763e-05,-0.000439866773097243,-3.59601961080442e-05,-0.00954015509717926,5.80694855047903e-07,0.000153799972831689,-2.78792651829238e-05,0.00334485718129748
3938.19892073078,-4.15881285632519e-05,-0.000436815297036657,-3.54690810904271e-05,-0.00947438044294635,5.7275206084562e-07,0.000152739872332475,-2.74964824060007e-05,0.00332182082421042
3965.51091473924,-4.10178797226387e-05,-0.000433785287460591,-3.49846390526676e-05,-0.00940906019619364,5.64917520958029e-07,0.000151687089978206,-2.71189562539781e-05,0.00329894310762966
3993.0123214797,-4.04554412994153e-05,-0.000430776587308665,-3.45067802638087e-05,-0.00934419119874509,5.57189770557255e-07,0.000150641575021519,-2.67466145119359e-05,0.00327622293934467
4020.70445455755,-3.99007065560953e-05,-0.000427789040790684,-3.40354161737379e-05,-0.00927977031475865,5.49567364346247e-07,0.000149603277071609,-2.63793859577814e-05,0.00325365923465898
4048.58863668828,-3.93535702073831e-05,-0.000424822493374042,-3.35704593983607e-05,-0.00921579443056045,5.42048876306349e-07,0.00014857214609163,-2.60172003485781e-05,0.00323125091633852
4076.66619976054,-3.8813928400595e-05,-0.000421876791771292,-3.31118237049424e-05,-0.00915226045448061,5.34632899447952e-07,0.000147548132396119,-2.56599884070661e-05,0.00320899691456045
4104.93848489989,-3.8281678696336e-05,-0.000418951783927874,-3.26594239976121e-05,-0.00908916531669018,5.27318045564116e-07,0.000146531186648432,-2.53076818083658e-05,0.00318689616686227
4133.40684253274,-3.77567200494368e-05,-0.000416047319010014,-3.22131763030325e-05,-0.00902650596903968,5.20102944987201e-07,0.000145521259858217,-2.49602131668677e-05,0.0031649476180913
4162.07263245095,-3.72389527901386e-05,-0.000413163247392766,-3.17729977562293e-05,-0.0089642793848987,5.12986246348422e-07,0.000144518303378883,-2.4617516023301e-05,0.00314315022035447
4190.93722387671,-3.67282786055322e-05,-0.00041029942064822,-3.13388065865841e-05,-0.00890248255899715,5.05966616340347e-07,0.000143522268905117,-2.42795248319828e-05,0.00312150293296851
4220.00199552799,-3.62246005212386e-05,-0.000407455691533855,-3.09105221039841e-05,-0.00884111250726749,4.99042739482257e-07,0.000142533108470394,-2.39461749482413e-05,0.00310000472241044
4249.26833568435,-3.57278228833366e-05,-0.000404631913981043,-3.04880646851327e-05,-0.00878016626668854,4.92213317888392e-07,0.000141550774444528,-2.36174026160142e-05,0.00307865456226842
4278.73764225332,-3.52378513405275e-05,-0.000401827943083701,-3.00713557600146e-05,-0.00871964089513034,4.85477071039002e-07,0.00014057521953123,-2.3293144955617e-05,0.00305745143319285
4308.41132283705,-3.47545928265389e-05,-0.000399043635087089,-2.9660317798519e-05,-0.00865953347120055,4.78832735554227e-07,0.000139606396765689,-2.29733399516814e-05,0.003036394322848
4338.2907947997,-3.427795554276e-05,-0.000396278847376746,-2.92548742972142e-05,-0.00859984109409175,4.72279064970713e-07,0.000138644259512172,-2.26579264412586e-05,0.00301548222586374
4368.37748533501,-3.38078489411104e-05,-0.000393533438467569,-2.88549497662781e-05,-0.00854056088343041,4.65814829521004e-07,0.000137688761461645,-2.23468441020885e-05,0.00299471414378775
4398.67283153455,-3.33441837071339e-05,-0.000390807267993028,-2.84604697165778e-05,-0.00848168997912667,4.59438815915624e-07,0.000136739856629407,-2.20400334410288e-05,0.002974089085038
4429.17828045629,-3.28868717433203e-05,-0.000388100196694523,-2.80713606469018e-05,-0.00842322554122574,4.53149827127863e-07,0.00013579749935275,-2.1737435782646e-05,0.00295360606485558
4459.89528919383,-3.24358261526463e-05,-0.00038541208641086,-2.76875500313392e-05,-0.00836516474976016,4.46946682181196e-07,0.00013486164428863,-2.1438993257961e-05,0.00293326410525782
4490.82532494586,-3.19909612223378e-05,-0.000382742800067876,-2.73089663068079e-05,-0.00830750480460353,4.40828215939354e-07,0.000133932246411364,-2.11446487933533e-05,0.00291306223499177
4521.96986508636,-3.15521924078475e-05,-0.000380092201668176,-2.69355388607286e-05,-0.0082502429253252,4.34793278898977e-07,0.000133009261010336,-2.08543460996148e-05,0.00289299948948792
4553.33039723509,-3.11194363170462e-05,-0.000377460156281014,-2.65671980188436e-05,-0.00819337635104637,4.28840736984851e-07,0.000132092643687731,-2.05680296611577e-05,0.0028730749108144
4584.90841932869,-3.06926106946249e-05,-0.000374846530032281,-2.62038750331797e-05,-0.0081369023402971,4.22969471347674e-07,0.000131182350356276,-2.02856447253684e-05,0.00285328754763124
4616.7054396922,-3.02716344067059e-05,-0.000372251190094634,-2.58455020701535e-05,-0.00808081817087471,4.17178378164362e-07,0.000130278337237009,-2.00071372921108e-05,0.00283363645514524
4648.72297711114,-2.9856427425657e-05,-0.000369674004677729,-2.54920121988166e-05,-0.0080251211397031,4.1146636844081e-07,0.000129380560857055,-1.97324541033723e-05,0.00281412069506485
4680.96256090399,-2.94469108151116e-05,-0.000367114843018589,-2.51433393792423e-05,-0.00796980856269344,4.05832367817152e-07,0.00012848897804743,-1.9461542633054e-05,0.00279473933555564
4713.42573099534,-2.90430067151859e-05,-0.000364573575372078,-2.47994184510486e-05,-0.00791487777460567,4.0027531637542e-07,0.000127603545940853,-1.91943510769008e-05,0.00277549145119582
4746.11403798933,-2.86446383278959e-05,-0.000362050073001496,-2.44601851220603e-05,-0.00786032612891143,3.94794168449642e-07,0.000126724221969581,-1.89308283425708e-05,0.00275637612293225
4779.02904324382,-2.82517299027674e-05,-0.00035954420816928,-2.41255759571043e-05,-0.00780615099765784,3.8938789243829e-07,0.000125850963863254,-1.86709240398411e-05,0.00273739243803668
4812.17231894485,-2.78642067226406e-05,-0.000357055854127834,-2.37955283669422e-05,-0.00775234977133256,3.84055470619112e-07,0.000124983729646767,-1.84145884709497e-05,0.00271853949006228
4845.54544818188,-2.7481995089662e-05,-0.000354584885110449,-2.34699805973333e-05,-0.00769891985872967,3.78795898966265e-07,0.000124122477638146,-1.8161772621069e-05,0.00269981637880044
4879.1500250233,-2.71050223114664e-05,-0.000352131176322341,-2.31488717182305e-05,-0.00764585868681691,3.73608186969768e-07,0.000123267166446453,-1.7912428148912e-05,0.00268122221023798
4912.98765459257,-2.67332166875421e-05,-0.000349694603931803,-2.28321416131075e-05,-0.00759316370060378,3.68491357457227e-07,0.000122417754969694,-1.76665073774672e-05,0.00266275609651453
4947.05995314498,-2.63665074957788e-05,-0.000347275045061442,-2.25197309684127e-05,-0.00754083236301072,3.63444446417797e-07,0.000121574202392757,-1.74239632848615e-05,0.00264441715588025
4981.36854814472,-2.6004824979197e-05,-0.000344872377779544,-2.22115812631537e-05,-0.0074888621547394,3.58466502828391e-07,0.000120736468185352,-1.71847494953489e-05,0.00262620451265386
5015.91507834275,-2.56481003328536e-05,-0.000342486481091519,-2.19076347586063e-05,-0.00743725057414386,3.53556588482065e-07,0.000119904512099977,-1.69488202704233e-05,0.00260811729718091
5050.70119385496,-2.52962656909243e-05,-0.000340117234931461,-2.16078344881496e-05,-0.00738599513710293,3.48713777818596e-07,0.000119078294169896,-1.67161305000544e-05,0.00259015464579237
5085.72855624109,-2.49492541139581e-05,-0.000337764520153801,-2.13121242472247e-05,-0.00733509337689337,3.43937157757192e-07,0.00011825777470713,-1.6486635694043e-05,0.00257231570076351
5120.998838584,-2.46069995763044e-05,-0.000335428218525058,-2.10204485834169e-05,-0.00728454284406427,3.39225827531346e-07,0.00011744291430047,-1.62602919734973e-05,0.00255459961027301
5156.51372556965,-2.42694369537065e-05,-0.000333108212715684,-2.07327527866575e-05,-0.00723434110631214,3.34578898525767e-07,0.000116633673813496,-1.60370560624248e-05,0.00253700552836243
5192.27491356752,-2.39365020110643e-05,-0.000330804386292008,-2.04489828795482e-05,-0.00718448574835734,3.29995494115408e-07,0.000115830014382619,-1.58168852794416e-05,0.00251953261489586
5228.28411071172,-2.36081313903585e-05,-0.000328516623708266,-2.01690856078022e-05,-0.00713497437182111,3.2547474950653e-07,0.000115031897415133,-1.55997375295945e-05,0.00250218003551995
5264.54303698245,-2.32842625987398e-05,-0.000326244810298733,-1.98930084308039e-05,-0.00708580459510384,3.21015811579804e-07,0.000114239284587285,-1.5385571296297e-05,0.00248494696162413
5301.0534242883,-2.29648339967757e-05,-0.000323988832269931,-1.96206995122851e-05,-0.00703697405326411,3.16617838735406e-07,0.000113452137842358,-1.51743456333756e-05,0.00246783257030113
5337.81701654885,-2.26497847868572e-05,-0.000321748576692941,-1.93521077111159e-05,-0.00698848039789882,3.12280000740109e-07,0.000112670419388769,-1.49660201572262e-05,0.00245083604430782
5374.83556977805,-2.23390550017595e-05,-0.000319523931495789,-1.90871825722097e-05,-0.00694032129702408,3.0800147857631e-07,0.000111894091698179,-1.47605550390777e-05,0.00243395657202621
5412.11085216805,-2.20325854933586e-05,-0.000317314785455927,-1.88258743175412e-05,-0.00689249443495722,3.03781464293017e-07,0.000111123117503622,-1.45579109973633e-05,0.00241719334742483
5449.64464417369,-2.17303179214975e-05,-0.000315121028192797,-1.85681338372748e-05,-0.00684499751219949,2.99619160858723e-07,0.000110357459797645,-1.43580492901961e-05,0.00240054557002029
5487.43873859751,-2.14321947430041e-05,-0.000312942550160474,-1.83139126810049e-05,-0.00679782824531995,2.95513782016187e-07,0.00010959708183046,-1.41609317079484e-05,0.00238401244483917
5525.49494067543,-2.11381592008558e-05,-0.0003107792426404,-1.80631630491035e-05,-0.0067509843668399,2.91464552139071e-07,0.000108841947108116,-1.39665205659335e-05,0.00236759318238012
5563.81506816292,-2.08481553134901e-05,-0.000308630997734191,-1.78158377841776e-05,-0.00670446362511862,2.8747070609043e-07,0.00010809201939068,-1.37747786971881e-05,0.00235128699857622
5602.40095142188,-2.05621278642596e-05,-0.000306497708356526,-1.75718903626306e-05,-0.00665826378423957,2.83531489083008e-07,0.000107347262690432,-1.35856694453537e-05,0.00233509311475766
5641.254433508,-2.02800223910287e-05,-0.00030437926822812,-1.73312748863327e-05,-0.00661238262389783,2.79646156541367e-07,0.000106607641270075,-1.33991566576573e-05,0.00231901075761461
5680.37737025889,-2.00017851759102e-05,-0.000302275571868766,-1.7093946074392e-05,-0.00656681793928811,2.75813973965748e-07,0.000105873119640958,-1.32152046779869e-05,0.00230303915916034
5719.77163038263,-1.97273632351413e-05,-0.000300186514590466,-1.68598592550319e-05,-0.00652156754099388,2.72034216797738e-07,0.000105143662561311,-1.3033778340064e-05,0.00228717755669467
5759.43909554709,-1.94567043090943e-05,-0.000298111992490618,-1.6628970357568e-05,-0.00647662925487708,2.68306170287637e-07,0.000104419235034497,-1.28548429607089e-05,0.00227142519276757
5799.38166046975,-1.9189756852424e-05,-0.0002960519024453,-1.64012359044878e-05,-0.00643200092196897,2.64629129363568e-07,0.000103699802307272,-1.26783643331998e-05,0.00225578131514311
5839.60123300829,-1.89264700243463e-05,-0.00029400614210261,-1.6176613003629e-05,-0.00638768039836152,2.61002398502256e-07,0.000102985329868061,-1.25043087207225e-05,0.00224024517676356
5880.09973425162,-1.86667936790493e-05,-0.000291974609876086,-1.59550593404571e-05,-0.00634366555509991,2.57425291601506e-07,0.000102275783445247,-1.23326428499105e-05,0.00222481603571381
5920.87909861173,-1.84106783562324e-05,-0.000289957204938194,-1.57365331704396e-05,-0.00629995427807557,2.53897131854317e-07,0.000101571129005469,-1.2163333904474e-05,0.00220949315518598
5961.94127391598,-1.81580752717745e-05,-0.000287953827213895,-1.55209933115179e-05,-0.0062565444679203,2.50417251624645e-07,0.000100871332751942,-1.19963495189172e-05,0.00219427580344433
6003.28822150028,-1.79089363085272e-05,-0.000285964377374261,-1.53083991366731e-05,-0.00621343403990097,2.46984992324761e-07,0.000100176361122777,-1.18316577723407e-05,0.00217916325379036
6044.92191630263,-1.76632140072327e-05,-0.000283988756830186,-1.50987105665876e-05,-0.00617062092381523,2.43599704294228e-07,9.94861807893222e-05,-1.16692271823311e-05,0.00216415478452818
6086.84434695757,-1.74208615575644e-05,-0.000282026867726138,-1.48918880623978e-05,-0.0061281030638878,2.40260746680432e-07,9.88007586545133e-05,-1.15090266989328e-05,0.00214924967893008
6129.05751589107,-1.71818327892886e-05,-0.000280078612934,-1.46878926185411e-05,-0.00608587841866774,2.36967487320682e-07,9.81200618512385e-05,-1.13510256987041e-05,0.00213444722520241
6171.56343941625,-1.69460821635449e-05,-0.000278143896046957,-1.44866857556917e-05,-0.00604394496092632,2.33719302625835e-07,9.74440577407112e-05,-1.11951939788547e-05,0.00211974671645157
6214.36414782964,-1.6713564764246e-05,-0.000276222621373465,-1.42882295137888e-05,-0.00600230067755584,2.30515577465459e-07,9.67727139108594e-05,-1.10415017514636e-05,0.00210514745065041
6257.46168550822,-1.6484236289592e-05,-0.000274314693931264,-1.4092486445151e-05,-0.00596094356946906,2.27355705054465e-07,9.61059981747236e-05,-1.08899196377769e-05,0.00209064873060465
6300.85811100697,-1.62580530437005e-05,-0.000272420019441477,-1.38994196076805e-05,-0.00591987165149949,2.24239086841254e-07,9.54438785688691e-05,-1.07404186625842e-05,0.00207624986391974
6344.55549715731,-1.60349719283497e-05,-0.000270538504322747,-1.37089925581538e-05,-0.00587908295230238,2.21165132397295e-07,9.47863233518077e-05,-1.05929702486718e-05,0.00206195016296777
6388.55593116599,-1.58149504348335e-05,-0.000268670055685454,-1.35211693455975e-05,-0.0058385755142565,2.18133259308173e-07,9.41333010024333e-05,-1.0447546211353e-05,0.00204774894485475
6432.86151471492,-1.55979466359256e-05,-0.000266814581325979,-1.33359145047494e-05,-0.00579834739336657,2.15142893066043e-07,9.34847802184666e-05,-1.0304118753073e-05,0.00203364553138796
6477.47436406142,-1.53839191779539e-05,-0.000264971989721035,-1.31531930496041e-05,-0.00575839665916658,2.12193466963512e-07,9.28407299149142e-05,-1.01626604580884e-05,0.00201963924904372
6522.39661013943,-1.51728272729813e-05,-0.000263142190022052,-1.29729704670397e-05,-0.00571872139462362,2.09284421988892e-07,9.22011192225353e-05,-1.002314428722e-05,0.00200572942893519
6567.63039866118,-1.49646306910925e-05,-0.000261325092049625,-1.2795212710528e-05,-0.00567931969604268,2.06415206722846e-07,9.15659174863239e-05,-9.88554357267712e-06,0.00199191540678052
6613.17789021977,-1.47592897527849e-05,-0.00025952060628801,-1.26198861939249e-05,-0.0056401896729719,2.03585277236375e-07,9.09350942639985e-05,-9.74983201295419e-06,0.00197819652287114
6659.0412603923,-1.45567653214638e-05,-0.000257728643879688,-1.24469577853408e-05,-0.00560132944810881,2.00794096990161e-07,9.03086193245053e-05,-9.61598366779675e-06,0.00196457212204034
6705.22269984387,-1.43570187960374e-05,-0.00025594911661997,-1.22763948010896e-05,-0.00556273715720697,1.98041136735211e-07,8.96864626465304e-05,-9.4839729532368e-06,0.00195104155363198
6751.7244144321,-1.41600121036139e-05,-0.00025418193695167,-1.21081649997167e-05,-0.00552441094898359,1.95325874414839e-07,8.90685944170255e-05,-9.35377463669689e-06,0.00193760417146951
6798.54862531261,-1.39657076922961e-05,-0.000252427017959824,-1.19422365761028e-05,-0.00548634898502764,1.92647795067902e-07,8.84549850297413e-05,-9.22536383216104e-06,0.00192425933382512
6845.69756904508,-1.3774068524075e-05,-0.000250684273366464,-1.17785781556447e-05,-0.0054485494397087,1.90006390733339e-07,8.7845605083774e-05,-9.09871599541239e-06,0.00191100640338912
6893.17349769999,-1.35850580678185e-05,-0.000248953617525446,-1.16171587885116e-05,-0.0054110105000866,1.87401160355955e-07,8.72404253821219e-05,-8.97380691933643e-06,0.00189784474723963
6940.97867896634,-1.33986402923558e-05,-0.000247234965417326,-1.14579479439747e-05,-0.0053737303658215,1.84831609693447e-07,8.66394169302512e-05,-8.85061272928843e-06,0.00188477373681226
6989.11539625983,-1.32147796596561e-05,-0.000245528232644293,-1.13009155048112e-05,-0.00533670724908489,1.82297251224664e-07,8.60425509346745e-05,-8.72910987852517e-06,0.00187179274787026
7037.58594883204,-1.30334411180982e-05,-0.000243833335425142,-1.11460317617803e-05,-0.00529993937447104,1.79797604059065e-07,8.54497988015374e-05,-8.60927514369889e-06,0.00185890116047466
7086.39265188015,-1.28545900958334e-05,-0.000242150190590314,-1.09932674081713e-05,-0.00526342497890931,1.77332193847387e-07,8.48611321352176e-05,-8.49108562041386e-06,0.00184609835895476
7135.53783665763,-1.26781924942366e-05,-0.000240478715576963,-1.0842593534422e-05,-0.00522716231157687,1.74900552693483e-07,8.4276522736932e-05,-8.37451871884341e-06,0.0018333837318787
7185.02385058548,-1.25042146814479e-05,-0.000238818828424091,-1.06939816228077e-05,-0.0051911496338123,1.72502219067335e-07,8.36959426033559e-05,-8.25955215940789e-06,0.00182075667202437
7234.85305736446,-1.23326234860004e-05,-0.000237170447767718,-1.05474035421983e-05,-0.00515538521902967,1.70136737719205e-07,8.31193639252505e-05,-8.14616396851142e-06,0.00180821657635039
7285.02783708791,-1.21633861905357e-05,-0.000235533492836108,-1.04028315428849e-05,-0.00511986735263335,1.67803659594936e-07,8.25467590861024e-05,-8.03433247433797e-06,0.00179576284596737
7335.55058635552,-1.19964705256038e-05,-0.000233907883445033,-1.02602382514729e-05,-0.00508459433193336,1.65502541752367e-07,8.19781006607704e-05,-7.92403630270452e-06,0.00178339488610932
7386.42371838768,-1.18318446635478e-05,-0.00023229353999309,-1.01195966658417e-05,-0.00504956446606143,1.63232947278855e-07,8.1413361414145e-05,-7.81525437297195e-06,0.00177111210610533
7437.64966314091,-1.16694772124715e-05,-0.000230690383457058,-9.98088015017079e-06,-0.00501477607588762,1.60994445209893e-07,8.08525142998146e-05,-7.70796589401159e-06,0.00175891391935132
7489.23086742376,-1.15093372102885e-05,-0.000229098335387308,-9.84406243003019e-06,-0.00498022749393761,1.5878661044881e-07,8.02955324587447e-05,-7.60215036022768e-06,0.00174679974328211
7541.16979501382,-1.13513941188527e-05,-0.000227517317903244,-9.70911758753519e-06,-0.00494591706431051,1.56609023687527e-07,7.9742389217963e-05,-7.49778754763414e-06,0.00173476899934363
7593.46892677528,-1.11956178181685e-05,-0.000225947253688802,-9.57602005656478e-06,-0.00491184314259738,1.54461271328379e-07,7.91930580892576e-05,-7.39485750998567e-06,0.00172282111296529
7646.13076077758,-1.10419786006792e-05,-0.000224388065987981,-9.44474461804207e-06,-0.00487800409580027,1.5234294540696e-07,7.86475127678816e-05,-7.29334057496166e-06,0.00171095551353257
7699.15781241454,-1.08904471656335e-05,-0.000222839678600422,-9.31526639527715e-06,-0.00484439830225188,1.50253643516009e-07,7.81057271312695e-05,-7.19321734040302e-06,0.00169917163435984
7752.55261452471,-1.07409946135282e-05,-0.000221302015877031,-9.18756084937038e-06,-0.00481102415153581,1.48192968730294e-07,7.75676752377607e-05,-7.09446867060023e-06,0.00168746891266328
7806.31771751215,-1.05935924406272e-05,-0.000219775002715634,-9.06160377467644e-06,-0.00477788004440743,1.46160529532502e-07,7.70333313253342e-05,-6.99707569263295e-06,0.00167584678953406
7860.45568946846,-1.04482125335537e-05,-0.000218258564556686,-8.93737129432761e-06,-0.00474496439271521,1.44155939740118e-07,7.65026698103505e-05,-6.90101979275953e-06,0.00166430470991163
7914.96911629522,-1.03048271639572e-05,-0.000216752627379011,-8.81483985581598e-06,-0.00471227561932282,1.42178818433273e-07,7.5975665286305e-05,-6.80628261285652e-06,0.0016528421225573
7969.86060182773,-1.01634089832523e-05,-0.000215257117695582,-8.69398622663356e-06,-0.00467981215803157,1.4022878988355e-07,7.54522925225873e-05,-6.71284604690675e-06,0.00164145848002791
8025.13276795918,-1.00239310174295e-05,-0.00021377196254935,-8.57478748996991e-06,-0.00464757245350365,1.38305483483745e-07,7.49325264632525e-05,-6.62069223753616e-06,0.00163015323864969
8080.78825476607,-9.88636666193586e-06,-0.0002122970895091,-8.4572210404662e-06,-0.00461555496118571,1.36408533678563e-07,7.44163422257988e-05,-6.52980357259773e-06,0.00161892585849236
8136.82972063413,-9.75068967662657e-06,-0.00021083242666535,-8.34126458002529e-06,-0.00458375814723319,1.34537579896239e-07,7.39037150999562e-05,-6.44016268180284e-06,0.00160777580334335
8193.25984238548,-9.61687418078372e-06,-0.000209377902626294,-8.22689611367682e-06,-0.00455218048843505,1.32692266481062e-07,7.33946205464814e-05,-6.35175243339856e-06,0.00159670254068218
8250.08131540631,-9.48489464820407e-06,-0.000207933446513775,-8.11409394549708e-06,-0.00452082047213916,1.30872242626815e-07,7.28890341959642e-05,-6.264555930891e-06,0.00158570554165513
8307.29685377578,-9.35472590235286e-06,-0.000206498987959293,-8.00283667458234e-06,-0.00448967659617812,1.29077162311089e-07,7.23869318476394e-05,-6.17855650981325e-06,0.00157478428104993
8364.90919039556,-9.22634311158418e-06,-0.000205074457100062,-7.89310319107573e-06,-0.00445874736879578,1.2730668423049e-07,7.18882894682101e-05,-6.09373773453822e-06,0.00156393823727075
8422.92107712043,-9.09972178442584e-06,-0.00020365978457509,-7.78487267224604e-06,-0.00442803130857409,1.25560471736692e-07,7.13930831906772e-05,-6.0100833951349e-06,0.00155316689231328
8481.33528488963,-8.97483776492906e-06,-0.000202254901521303,-7.678124578619e-06,-0.00439752694436068,1.23838192773366e-07,7.09012893131792e-05,-5.92757750426816e-06,0.00154246973174003
8540.15460385936,-8.85166722808077e-06,-0.000200859739569699,-7.57283865015894e-06,-0.00436723281519682,1.22139519813933e-07,7.04128842978382e-05,-5.84620429414087e-06,0.00153184624465576
8599.38184353586,-8.73018667527911e-06,-0.000199474230841543,-7.46899490250165e-06,-0.00433714747024599,1.20464129800169e-07,6.99278447696163e-05,-5.76594821347833e-06,0.00152129592368313
8659.01983290984,-8.61037292986988e-06,-0.000198098307944588,-7.36657362323653e-06,-0.0043072694687229,1.18811704081612e-07,6.94461475151785e-05,-5.68679392455387e-06,0.00151081826493848
8719.07142059136,-8.49220313274436e-06,-0.000196731903969343,-7.26555536823838e-06,-0.00427759737982308,1.17181928355796e-07,6.8967769481765e-05,-5.60872630025565e-06,0.00150041276800776
8779.53947494611,-8.37565473799661e-06,-0.000195374952485358,-7.16592095804744e-06,-0.00424812978265297,1.15574492609278e-07,6.84926877760705e-05,-5.53173042119343e-06,0.0014900789359227
8840.42688423224,-8.26070550864036e-06,-0.000194027387537558,-7.0676514742977e-06,-0.00421886526616049,1.13989091059455e-07,6.80208796631324e-05,-5.45579157284547e-06,0.00147981627513703
8901.73655673848,-8.14733351238382e-06,-0.0001926891436426,-6.97072825619232e-06,-0.00418980242906611,1.12425422097164e-07,6.75523225652262e-05,-5.38089524274429e-06,0.00146962429550297
8963.47142092288,-8.03551711746259e-06,-0.000191360155785267,-6.87513289702605e-06,-0.00416093987979447,1.10883188230047e-07,6.70869940607697e-05,-5.30702711770143e-06,0.00145950251024786
9025.63442555289,-7.92523498852872e-06,-0.000190040359414892,-6.78084724075349e-06,-0.00413227623640643,1.09362096026681e-07,6.66248718832335e-05,-5.23417308107006e-06,0.00144945043595086
9088.228539846,-7.81646608259649e-06,-0.000188729690441817,-6.68785337860333e-06,-0.00410381012653164,1.07861856061454e-07,6.61659339200615e-05,-5.16231921004554e-06,0.00143946759251994
9151.25675361174,-7.70918964504277e-06,-0.000187428085233877,-6.59613364573714e-06,-0.0040755401873016,1.06382182860179e-07,6.57101582115965e-05,-5.09145177300266e-06,0.00142955350316893
9214.72207739435,-7.60338520566252e-06,-0.000186135480612925,-6.50567061795296e-06,-0.00404746506528323,1.04922794846444e-07,6.5257522950016e-05,-5.02155722686998e-06,0.00141970769439482
9278.6275426167,-7.49903257477754e-06,-0.000184851813851376,-6.41644710843241e-06,-0.00401958341641278,1.03483414288677e-07,6.48080064782733e-05,-4.95262221453975e-06,0.00140992969595507
9342.97620172496,-7.39611183939873e-06,-0.000183577022668792,-6.32844616453131e-06,-0.00399189390593048,1.02063767247925e-07,6.43615872890484e-05,-4.88463356231385e-06,0.00140021904084528
9407.77112833456,-7.29460335944023e-06,-0.00018231104522849,-6.24165106461282e-06,-0.00396439520831534,1.00663583526329e-07,6.39182440237037e-05,-4.81757827738451e-06,0.00139057526527681
9473.0154173768,-7.19448776398567e-06,-0.000181053820134185,-6.15604531492296e-06,-0.0039370860072207,9.92825966163068e-08,6.34779554712502e-05,-4.75144354534989e-06,0.00138099790865468
9538.71218524687,-7.09574594760486e-06,-0.000179805286426654,-6.07161264650757e-06,-0.00390996499541003,9.79205436503961e-08,6.30407005673181e-05,-4.68621672776363e-06,0.00137148651355559
9604.86456995261,-6.99835906672105e-06,-0.000178565383580441,-5.98833701217042e-06,-0.00388303087469336,9.65771653517918e-08,6.26064583931369e-05,-4.62188535971814e-06,0.00136204062570609
9671.47573126437,-6.90230853602773e-06,-0.000177334051500579,-5.90620258347197e-06,-0.00385628235586405,9.52522059855405e-08,6.21752081745219e-05,-4.55843714746121e-06,0.00135265979396089
9738.54885086602,-6.80757602495402e-06,-0.000176111230519349,-5.82519374776797e-06,-0.00382971815863606,9.39454133103903e-08,6.17469292808673e-05,-4.49585996604511e-06,0.00134334357028132
9806.08713250685,-6.71414345417869e-06,-0.000174896861393064,-5.74529510528784e-06,-0.00380333701158166,9.2656538531293e-08,6.13216012241479e-05,-4.43414185700828e-06,0.00133409150971398
9874.09380215466,-6.62199299219134e-06,-0.000173690885298874,-5.66649146625165e-06,-0.00377713765206959,9.13853362525422e-08,6.08992036579262e-05,-4.37327102608867e-06,0.00132490317036943
9942.57210814976,-6.53110705190091e-06,-0.000172493243831616,-5.58876784802621e-06,-0.00375111882620368,9.01315644315463e-08,6.04797163763686e-05,-4.31323584096865e-06,0.00131577811340121
10011.5253213603,-6.44146828729004e-06,-0.00017130387900067,-5.51210947231841e-06,-0.00372527928876186,8.88949843332194e-08,6.00631193132659e-05,-4.25402482905074e-06,0.00130671590298477
10080.9567353381,-6.35305959011552e-06,-0.000170122733226856,-5.43650176240677e-06,-0.00369961780313567,8.76753604849913e-08,5.96493925410635e-05,-4.19562667526412e-06,0.00129771610629677
10150.8696664767,-6.26586408665337e-06,-0.000168949749339356,-5.36193034040949e-06,-0.00367413314127014,8.64724606324206e-08,5.92385162698963e-05,-4.13803021990105e-06,0.00128877829349435
10221.267454169,-6.17986513448876e-06,-0.000167784870572654,-5.28838102458939e-06,-0.00364882408360417,8.52860556954094e-08,5.8830470846632e-05,-4.08122445648323e-06,0.00127990203769465
10292.1534609671,-6.09504631934927e-06,-0.000166628040563512,-5.21583982669461e-06,-0.00362368941901124,8.41159197250042e-08,5.84252367539201e-05,-4.02519852965728e-06,0.00127108691495444
10363.5310727429,-6.01139145198193e-06,-0.000165479203347968,-5.14429294933526e-06,-0.00359872794474067,8.29618298607844e-08,5.80227946092483e-05,-3.96994173311933e-06,0.00126233250424983
10435.4036988501,-5.92888456507235e-06,-0.000164338303358353,-5.07372678339478e-06,-0.00357393846635916,8.1823566288821e-08,5.76231251640049e-05,-3.91544350756794e-06,0.00125363838745626
10507.7747722864,-5.8475099102064e-06,-0.000163205285420347,-5.00412790547634e-06,-0.00354931979769287,8.07009122002071e-08,5.72262093025489e-05,-3.86169343868531e-06,0.00124500414932845
10580.647749858,-5.76725195487295e-06,-0.000162080094750046,-4.93548307538325e-06,-0.00352487076076982,7.95936537501436e-08,5.68320280412854e-05,-3.8086812551461e-06,0.00123642937748063
10654.0261123446,-5.68809537950796e-06,-0.000160962676951063,-4.86777923363323e-06,-0.00350059018576278,7.85015800175822e-08,5.64405625277485e-05,-3.7563968266537e-06,0.00122791366236687
10727.9133646656,-5.61002507457851e-06,-0.000159852978011647,-4.80100349900589e-06,-0.00347647691093246,7.74244829654078e-08,5.60517940396902e-05,-3.70483016200341e-06,0.00121945659726148
10802.3130360475,-5.53302613770706e-06,-0.000158750944301833,-4.73514316612337e-06,-0.00345252978257128,7.63621574011654e-08,5.56657039841763e-05,-3.6539714071723e-06,0.00121105777823963
10877.2286801926,-5.45708387083464e-06,-0.000157656522570607,-4.67018570306304e-06,-0.00342874765494729,7.53144009383106e-08,5.52822738966872e-05,-3.60381084343522e-06,0.00120271680415806
10952.6638754485,-5.38218377742309e-06,-0.000156569659943103,-4.60611874900269e-06,-0.00340512939024878,7.42810139579904e-08,5.49014854402275e-05,-3.55433888550681e-06,0.00119443327663592
11028.6222249794,-5.30831155969522e-06,-0.000155490303917818,-4.5429301118969e-06,-0.003381673858529,7.32617995713337e-08,5.45233204044393e-05,-3.50554607970894e-06,0.00118620680003577
11105.1073569377,-5.23545311591303e-06,-0.000154418402363856,-4.48060776618502e-06,-0.0033583799376515,7.22565635822592e-08,5.41477607047238e-05,-3.45742310216337e-06,0.0011780369814447
11182.1229246378,-5.1635945376927e-06,-0.000153353903518182,-4.41913985052966e-06,-0.00333524651323572,7.12651144507796e-08,5.37747883813676e-05,-3.40996075700922e-06,0.00116992343065552
11259.6726067303,-5.0927221073567e-06,-0.000152296755982919,-4.35851466558565e-06,-0.00331227247860303,7.02872632568063e-08,5.34043855986763e-05,-3.36314997464497e-06,0.00116186576014821
11337.7601073777,-5.02282229532165e-06,-0.000151246908722646,-4.29872067179899e-06,-0.00328945673472314,6.93228236644411e-08,5.30365346441132e-05,-3.31698180999455e-06,0.00115386358507136
11416.3891564316,-4.95388175752229e-06,-0.000150204311061734,-4.23974648723552e-06,-0.00326679819016087,6.83716118867536e-08,5.26712179274453e-05,-3.27144744079733e-06,0.00114591652322383
11495.5635096105,-4.88588733287029e-06,-0.000149168912681695,-4.18158088543855e-06,-0.00324429576102329,6.74334466510331e-08,5.23084179798935e-05,-3.22653816592146e-06,0.00113802419503648
11575.2869486794,-4.8188260407481e-06,-0.000148140663618557,-4.12421279331554e-06,-0.00322194837090735,6.65081491645128e-08,5.19481174532912e-05,-3.1822454037006e-06,0.00113018622355408
11655.5632816306,-4.75268507853677e-06,-0.000147119514260259,-4.06763128905308e-06,-0.00319975495084766,6.55955430805551e-08,5.15902991192461e-05,-3.13856069029328e-06,0.00112240223441728
11736.3963428651,-4.68745181917782e-06,-0.000146105415344067,-4.01182560006004e-06,-0.00317771443926488,6.46954544652996e-08,5.12349458683108e-05,-3.09547567806494e-06,0.00111467185584477
11817.7899933763,-4.6231138087682e-06,-0.000145098317954013,-3.95678510093826e-06,-0.0031558257819143,6.38077117647568e-08,5.0882040709156e-05,-3.0529821339921e-06,0.0011069947186155
11899.7481209338,-4.55965876418838e-06,-0.000144098173518353,-3.90249931148085e-06,-0.00313408793183489,6.29321457723534e-08,5.0531566767753e-05,-3.01107193808859e-06,0.00109937045605109
11982.2746402699,-4.49707457076258e-06,-0.000143104933807042,-3.84895789469709e-06,-0.00311249984929862,6.20685895969128e-08,5.01835072865587e-05,-2.96973708185318e-06,0.00109179870399827
12065.3734932659,-4.43534927995127e-06,-0.000142118550929241,-3.79615065486434e-06,-0.00309106050176025,6.12168786310734e-08,4.98378456237089e-05,-2.92896966673882e-06,0.00108427910081157
12149.0486491407,-4.37447110707498e-06,-0.000141138977330832,-3.74406753560582e-06,-0.00306976886380734,6.03768505201305e-08,4.94945652522155e-05,-2.88876190264258e-06,0.00107681128733598
12233.3041046402,-4.31442842906943e-06,-0.000140166165791957,-3.69269861799468e-06,-0.00304862391711078,5.95483451313056e-08,4.91536497591704e-05,-2.84910610641667e-06,0.00106939490688986
12318.1438842285,-4.25520978227117e-06,-0.000139200069424579,-3.6420341186833e-06,-0.00302762465037548,5.87312045234274e-08,4.88150828449543e-05,-2.80999470039961e-06,0.00106202960524786
12403.5720402798,-4.19680386023373e-06,-0.000138240641670065,-3.59206438805817e-06,-0.00300677005929157,5.79252729170293e-08,4.84788483224519e-05,-2.77142021096783e-06,0.00105471503062405
12489.5926532723,-4.13919951157332e-06,-0.000137287836296777,-3.54277990841928e-06,-0.00298605914648585,5.71303966648465e-08,4.81449301162713e-05,-2.73337526710693e-06,0.00104745083365512
12576.2098319827,-4.08238573784437e-06,-0.000136341607397696,-3.49417129218447e-06,-0.00296549092147364,5.63464242227192e-08,4.78133122619706e-05,-2.69585259900282e-06,0.00104023666738367
12663.427713683,-4.02635169144374e-06,-0.000135401909388057,-3.44622928011769e-06,-0.00294506440061089,5.55732061208855e-08,4.74839789052879e-05,-2.65884503665195e-06,0.00103307218724168
12751.2504643373,-3.97108667354399e-06,-0.000134468697003006,-3.39894473958149e-06,-0.00292477860704674,5.48105949356689e-08,4.7156914301379e-05,-2.62234550849084e-06,0.00102595705103403
12839.6822788018,-3.91658013205447e-06,-0.000133541925295272,-3.35230866281275e-06,-0.00290463257067633,5.40584452615442e-08,4.6832102814058e-05,-2.58634704004432e-06,0.00101889091892219
12928.7273810244,-3.8628216596108e-06,-0.000132621549632863,-3.30631216522213e-06,-0.00288462532809394,5.33166136835888e-08,4.65095289150456e-05,-2.55084275259237e-06,0.00101187345340797
13018.3900242466,-3.80980099159138e-06,-0.000131707525696775,-3.2609464837161e-06,-0.00286475592254654,5.25849587503026e-08,4.61891771832205e-05,-2.51582586185525e-06,0.00100490431931743
13108.6744912069,-3.75750800416139e-06,-0.000130799809478726,-3.21620297504193e-06,-0.00284502340388757,5.18633409468014e-08,4.58710323038779e-05,-2.48128967669678e-06,0.000997983183784841
13199.5850943454,-3.70593271234333e-06,-0.000129898357278897,-3.17207311415489e-06,-0.00282542682853113,5.11516226683706e-08,4.55550790679918e-05,-2.44722759784527e-06,0.000991109716236839
13291.1261760091,-3.65506526811412e-06,-0.000129003125703703,-3.12854849260763e-06,-0.00280596525940641,5.04496681943816e-08,4.52413023714834e-05,-2.41363311663216e-06,0.000984283588376606
13383.3021086605,-3.60489595852806e-06,-0.000128114071663574,-3.08562081696123e-06,-0.00278663776591252,4.97573436625589e-08,4.4929687214494e-05,-2.38049981374794e-06,0.000977504474168207
13476.1172950852,-3.55541520386561e-06,-0.000127231152370755,-3.04328190721787e-06,-0.00276744342387359,4.90745170436001e-08,4.46202187006634e-05,-2.34782135801511e-06,0.000970772049821024
13569.576168603,-3.50661355580749e-06,-0.000126354325337125,-3.00152369527467e-06,-0.0027483813154942,4.84010581161395e-08,4.43128820364132e-05,-2.3155915051781e-06,0.000964085993774298
13663.6831932795,-3.45848169563369e-06,-0.000125483548372032,-2.96033822339831e-06,-0.0027294505293151,4.7736838442051e-08,4.40076625302347e-05,-2.28380409670964e-06,0.000957445986681765
13758.4428641392,-3.41101043244719e-06,-0.000124618779580143,-2.91971764272055e-06,-0.00271065016016932,4.70817313420884e-08,4.37045455919833e-05,-2.25245305863376e-06,0.000950851711396425
13853.8597073802,-3.36419070142193e-06,-0.000123759977359316,-2.8796542117539e-06,-0.00269197930913845,4.64356118718555e-08,4.34035167321751e-05,-2.22153240036472e-06,0.000944302852955381
13949.9382805904,-3.31801356207486e-06,-0.000122907100398485,-2.8401402949275e-06,-0.00267343708350939,4.57983567981039e-08,4.31045615612916e-05,-2.19103621356205e-06,0.000937799098564817
14046.6831729655,-3.27247019656152e-06,-0.000122060107675557,-2.80116836114278e-06,-0.00265502259673126,4.51698445753525e-08,4.28076657890866e-05,-2.1609586710012e-06,0.000931340137585046
14144.0990055278,-3.22755190799504e-06,-0.000121218958455339,-2.76273098234873e-06,-0.00263673496837273,4.45499553228254e-08,4.25128152239e-05,-2.13129402545982e-06,0.000924925661515697
14242.190431347,-3.18325011878807e-06,-0.000120383612287465,-2.72482083213642e-06,-0.00261857332407955,4.39385708017026e-08,4.22199957719744e-05,-2.10203660861923e-06,0.000918555363980964
14340.9621357626,-3.1395563690175e-06,-0.000119554029004351,-2.68743068435264e-06,-0.00260053679553243,4.3335574392682e-08,4.19291934367784e-05,-2.07318082998104e-06,0.000912228940714996
14440.4188366077,-3.09646231481144e-06,-0.000118730168719159,-2.65055341173217e-06,-0.00258262452040523,4.27408510738439e-08,4.16403943183333e-05,-2.0447211757986e-06,0.000905946089547352
14540.5652844341,-3.05395972675844e-06,-0.000117911991823782,-2.61418198454887e-06,-0.00256483564232344,4.21542873988202e-08,4.13535846125454e-05,-2.01665220802322e-06,0.000899706510388588
14641.4062627396,-3.01204048833832e-06,-0.00011709945898684,-2.57830946928469e-06,-0.00254716931082286,4.15757714752569e-08,4.10687506105416e-05,-1.98896856326471e-06,0.000893509905215913
14742.946588196,-2.97069659437461e-06,-0.000116292531151694,-2.54292902731713e-06,-0.00252962468130872,4.10051929435732e-08,4.07858786980119e-05,-1.96166495176634e-06,0.000887355978058975
14845.1911108798,-2.9299201495081e-06,-0.000115491169534473,-2.50803391362412e-06,-0.00251220091501496,4.04424429560065e-08,4.05049553545539e-05,-1.9347361563938e-06,0.00088124443498571
14948.1447145032,-2.88970336669135e-06,-0.000114695335622122,-2.47361747550678e-06,-0.00249489717896389,3.98874141559468e-08,4.02259671530239e-05,-1.9081770316381e-06,0.000875174984088327
15051.8123166476,-2.85003856570372e-06,-0.000113904991170459,-2.43967315132929e-06,-0.00247771264592605,3.93400006575468e-08,3.99489007588915e-05,-1.88198250263204e-06,0.000869147335469348
15156.1988689989,-2.81091817168687e-06,-0.000113120098202246,-2.406194469276e-06,-0.00246064649438042,3.88000980256156e-08,3.96737429295989e-05,-1.85614756418039e-06,0.000863161201227789
15261.3093575835,-2.77233471370017e-06,-0.000112340619005282,-2.37317504612529e-06,-0.00244369790847483,3.82676032557816e-08,3.94004805139248e-05,-1.83066727980318e-06,0.000857216295445386
15367.1488030065,-2.73428082329599e-06,-0.000111566516130505,-2.34060858604022e-06,-0.00242686607798676,3.77424147549285e-08,3.91291004513527e-05,-1.80553678079229e-06,0.00085131233417297
15473.7222606918,-2.69674923311443e-06,-0.00011079775239011,-2.30848887937544e-06,-0.00241015019828432,3.72244323218961e-08,3.88595897714436e-05,-1.78075126528088e-06,0.000845449035416882
15581.0348211234,-2.6597327754974e-06,-0.000110034290855679,-2.2768098015004e-06,-0.00239354947028751,3.67135571284449e-08,3.8591935593213e-05,-1.75630599732568e-06,0.000839626119125531
15689.0916100885,-2.62322438112149e-06,-0.000109276094856331,-2.24556531163852e-06,-0.00237706310042982,3.62096917004793e-08,3.8326125124512e-05,-1.73219630600184e-06,0.000833843307176002
15797.8977889225,-2.58721707764983e-06,-0.000108523127976883,-2.2147494517221e-06,-0.00236069030062002,3.57127398995279e-08,3.80621456614136e-05,-1.70841758451022e-06,0.00082810032336079
15907.4585547554,-2.5517039884021e-06,-0.000107775354056018,-2.18435634526283e-06,-0.00234443028820426,3.52226069044741e-08,3.77999845876021e-05,-1.68496528929693e-06,0.000822396893374596
16017.7791407599,-2.51667833104307e-06,-0.000107032737184484,-2.15438019623762e-06,-0.00232828228592845,3.47391991935384e-08,3.75396293737679e-05,-1.66183493918502e-06,0.000816732744801245
16128.8648164017,-2.48213341628884e-06,-0.000106295241703288,-2.12481528798951e-06,-0.00231224552190083,3.42624245265034e-08,3.72810675770052e-05,-1.63902211451798e-06,0.000811107607100664
16240.720887691,-2.44806264663097e-06,-0.000105562832201915,-2.09565598214367e-06,-0.00229631922955489,3.37921919271836e-08,3.70242868402156e-05,-1.61652245631512e-06,0.000805521211595972
16353.352697436,-2.414459515078e-06,-0.000104835473516559,-2.06689671753797e-06,-0.00228050264761249,3.33284116661319e-08,3.67692748915138e-05,-1.59433166543847e-06,0.000799973291460641
16466.765625498,-2.38131760391427e-06,-0.000104113130728363,-2.03853200916819e-06,-0.00226479502004728,3.28709952435847e-08,3.65160195436397e-05,-1.57244550177115e-06,0.000794463581705767
16580.9650890484,-2.34863058347564e-06,-0.000103395769161677,-2.01055644714749e-06,-0.00224919559604833,3.24198553726359e-08,3.62645086933724e-05,-1.55085978340704e-06,0.000788991819167402
16695.9565428276,-2.31639221094211e-06,-0.000102683354382327,-1.98296469568017e-06,-0.00223370362998406,3.1974905962644e-08,3.60147303209501e-05,-1.52957038585155e-06,0.000783557742494
16811.7454794054,-2.28459632914689e-06,-0.000101975852195899,-1.95575149204917e-06,-0.00221831838136635,3.15360621028624e-08,3.57666724894926e-05,-1.50857324123334e-06,0.000778161092133925
16928.3374294433,-2.25323686540183e-06,-0.000101273228646032,-1.9289116456176e-06,-0.00220303911481502,3.11032400462961e-08,3.5520323344429e-05,-1.48786433752695e-06,0.000772801610323069
17045.737961959,-2.22230783033886e-06,-0.000100575450012725,-1.90244003684355e-06,-0.00218786510002245,3.06763571937747e-08,3.52756711129286e-05,-1.46743971778602e-06,0.000767479041072529
17163.9526845917,-2.19180331676747e-06,-9.98824828106649e-05,-1.87633161630862e-06,-0.00217279561171846,3.02553320782468e-08,3.5032704103336e-05,-1.44729547938709e-06,0.000762193130156397
17282.9872438709,-2.1617174985476e-06,-9.91942937875509e-05,-1.85058140375944e-06,-0.00215782992963553,2.98400843492854e-08,3.47914107046102e-05,-1.42742777328374e-06,0.000756943625099607
17402.8473254854,-2.13204462947827e-06,-9.85108499224478e-05,-1.82518448716231e-06,-0.00214296733847413,2.94305347578067e-08,3.45517793857676e-05,-1.40783280327105e-06,0.000751730275165888
17523.5386545551,-2.10277904220112e-06,-9.78321184241404e-05,-1.80013602177071e-06,-0.00212820712786836,2.90266051409958e-08,3.43137986953285e-05,-1.38850682526005e-06,0.000746552831345784
17645.0669959044,-2.07391514711925e-06,-9.71580667295064e-05,-1.77543122920552e-06,-0.00211354859235187,2.86282184074406e-08,3.40774572607684e-05,-1.36944614656223e-06,0.000741411046344768
17767.4381543379,-2.04544743133064e-06,-9.64886625018977e-05,-1.75106539654767e-06,-0.00209899103132394,2.82352985224649e-08,3.38427437879717e-05,-1.35064712518382e-06,0.000736304674571426
17890.6579749169,-2.01737045757642e-06,-9.58238736295373e-05,-1.72703387544333e-06,-0.00208453374901581,2.78477704936656e-08,3.36096470606907e-05,-1.33210616912979e-06,0.000731233472125737
18014.7323432395,-1.98967886320332e-06,-9.51636682239244e-05,-1.70333208122102e-06,-0.0020701760544573,2.74655603566441e-08,3.3378155940007e-05,-1.31381973571739e-06,0.000726197196787418
18139.667185721,-1.96236735914053e-06,-9.4508014618255e-05,-1.67995549202098e-06,-0.00205591726144362,2.70885951609348e-08,3.31482593637979e-05,-1.29578433089911e-06,0.000721195608004364
18265.4684698776,-1.93543072889041e-06,-9.38568813658512e-05,-1.65689964793628e-06,-0.00204175668850239,2.67168029561238e-08,3.29199463462052e-05,-1.27799650859495e-06,0.000716228466881153
18392.1422046107,-1.9088638275332e-06,-9.32102372386044e-05,-1.63416015016565e-06,-0.00202769365886095,2.63501127781589e-08,3.26932059771092e-05,-1.26045287003391e-06,0.000711295536167645
18519.6944404947,-1.88266158074521e-06,-9.25680512254289e-05,-1.61173266017781e-06,-0.00201372750041384,2.59884546358449e-08,3.24680274216048e-05,-1.24315006310437e-06,0.000706396580247645
18648.1312700654,-1.85681898383061e-06,-9.19302925307276e-05,-1.58961289888734e-06,-0.00199985754569057,2.56317594975246e-08,3.22443999194824e-05,-1.22608478171357e-06,0.000701531365127659
18777.4588281112,-1.83133110076637e-06,-9.12969305728684e-05,-1.56779664584151e-06,-0.0019860831318235,2.52799592779407e-08,3.20223127847117e-05,-1.20925376515577e-06,0.000696699658425711
18907.6832919665,-1.80619306326032e-06,-9.06679349826724e-05,-1.54627973841845e-06,-0.00197240360051613,2.49329868252775e-08,3.18017554049297e-05,-1.19265379748913e-06,0.000691901229360251
19038.810881806,-1.78140006982223e-06,-9.00432756019138e-05,-1.52505807103615e-06,-0.00195881829801139,2.45907759083803e-08,3.15827172409318e-05,-1.17628170692113e-06,0.000687135848739134
19170.8478609426,-1.75694738484742e-06,-8.94229224818291e-05,-1.50412759437215e-06,-0.00194532657506033,2.42532612041476e-08,3.13651878261663e-05,-1.16013436520244e-06,0.000682403288948671
19303.8005361258,-1.7328303377131e-06,-8.88068458816399e-05,-1.483484314594e-06,-0.00193192778689096,2.39203782850975e-08,3.1149156766233e-05,-1.14420868702912e-06,0.000677703323942764
19437.6752578439,-1.709044321887e-06,-8.81950162670838e-05,-1.46312429260017e-06,-0.00191862129317726,2.35920636071021e-08,3.09346137383848e-05,-1.12850162945297e-06,0.000673035729232106
19572.4784206263,-1.6855847940483e-06,-8.75874043089591e-05,-1.44304364327129e-06,-0.00190540645800849,2.32682544972918e-08,3.07215484910329e-05,-1.11301019130008e-06,0.000668400281873466
19708.2164633496,-1.66244727322048e-06,-8.69839808816772e-05,-1.42323853473154e-06,-0.00189228264985868,2.29488891421216e-08,3.05099508432555e-05,-1.09773141259729e-06,0.000663796760459032
19844.8958695448,-1.63962733991623e-06,-8.63847170618284e-05,-1.40370518762029e-06,-0.00187924924155628,2.26339065756039e-08,3.02998106843099e-05,-1.08266237400652e-06,0.000659224945105854
19982.5231677076,-1.61712063529389e-06,-8.5789584126756e-05,-1.38443987437347e-06,-0.00186630561025413,2.23232466676995e-08,3.00911179731476e-05,-1.06780019626689e-06,0.000654684617445322
20121.1049316092,-1.59492286032563e-06,-8.51985535531428e-05,-1.36543891851487e-06,-0.00185345113739955,2.20168501128688e-08,2.98838627379336e-05,-1.05314203964455e-06,0.00065017556061276
20260.6477806113,-1.57302977497689e-06,-8.46115970156064e-05,-1.34669869395705e-06,-0.00184068520870466,2.1714658418778e-08,2.96780350755683e-05,-1.03868510338993e-06,0.000645697559237047
20401.1583799816,-1.55143719739718e-06,-8.40286863853059e-05,-1.32821562431181e-06,-0.00182800721411691,2.14166138951618e-08,2.94736251512128e-05,-1.02442662520261e-06,0.000641250399430353
20542.6434412127,-1.53014100312186e-06,-8.3449793728558e-05,-1.30998618221006e-06,-0.00181541654778983,2.11226596428356e-08,2.92706231978179e-05,-1.0103638807034e-06,0.000636833868777905
20685.1097223421,-1.50913712428502e-06,-8.28748913054646e-05,-1.29200688863097e-06,-0.001802912608054,2.08327395428605e-08,2.9069019515656e-05,-9.9649418291373e-07,0.000632447756327857
20828.5640282755,-1.48842154884294e-06,-8.2303951568548e-05,-1.27427431224025e-06,-0.0017904947973881,2.05467982458544e-08,2.88688044718562e-05,-9.82814881742187e-07,0.000628091852581208
20973.0132111114,-1.46799031980838e-06,-8.17369471613993e-05,-1.2567850687375e-06,-0.00177816252239036,2.02647811614506e-08,2.86699684999433e-05,-9.69323363478105e-07,0.0006237659494818
21118.464170469,-1.4478395344953e-06,-8.11738509173335e-05,-1.23953582021246e-06,-0.00176591519375004,1.99866344478992e-08,2.84725020993788e-05,-9.56017050292075e-07,0.00061946984040638
21264.923853817,-1.42796534377391e-06,-8.0614635858057e-05,-1.22252327451e-06,-0.00175375222621918,1.97123050018122e-08,2.82763958351063e-05,-9.42893399743363e-07,0.000615203320154733
21412.3992568061,-1.40836395133594e-06,-8.0059275192343e-05,-1.2057441846038e-06,-0.00174167303858454,1.94417404480474e-08,2.80816403370991e-05,-9.29949904294036e-07,0.000610966184939881
21560.8974236026,-1.38903161297004e-06,-7.95077423147181e-05,-1.18919534797865e-06,-0.00172967705363976,1.91748891297315e-08,2.78882262999119e-05,-9.17184090829819e-07,0.000606758232378357
21710.4254472254,-1.36996463584703e-06,-7.89600108041565e-05,-1.17287360602104e-06,-0.00171776369815761,1.89117000984192e-08,2.76961444822342e-05,-9.04593520187471e-07,0.000602579261480527
21860.9904698845,-1.35115937781503e-06,-7.84160544227862e-05,-1.15677584341823e-06,-0.00170593240286261,1.86521231043872e-08,2.75053857064488e-05,-8.92175786688704e-07,0.000598429072641003
22012.599683322,-1.33261224670418e-06,-7.78758471146022e-05,-1.14089898756536e-06,-0.00169418260240363,1.83961085870603e-08,2.7315940858191e-05,-8.79928517680453e-07,0.000594307467629105
22165.260329156,-1.31431969964097e-06,-7.73393630041913e-05,-1.12524000798082e-06,-0.00168251373532689,1.81436076655693e-08,2.71278008859131e-05,-8.67849373081509e-07,0.000590214249579395
22318.9796992262,-1.29627824237187e-06,-7.68065763954636e-05,-1.10979591572946e-06,-0.00167092524404896,1.78945721294372e-08,2.69409568004501e-05,-8.55936044935318e-07,0.000586149222982271
22473.7651359423,-1.27848442859638e-06,-7.62774617703963e-05,-1.09456376285376e-06,-0.0016594165748301,1.76489544293939e-08,2.67553996745897e-05,-8.44186256968981e-07,0.000582112193674641
22629.6240326348,-1.26093485930903e-06,-7.57519937877834e-05,-1.07954064181277e-06,-0.00164798717774765,1.74067076683144e-08,2.65711206426445e-05,-8.32597764158257e-07,0.000578102968830634
22786.5638339077,-1.24362618215062e-06,-7.52301472819974e-05,-1.06472368492864e-06,-0.00163663650666974,1.71677855922843e-08,2.63881109000278e-05,-8.21168352298577e-07,0.000574121356952407
22944.592035995,-1.22655509076817e-06,-7.47118972617573e-05,-1.05011006384082e-06,-0.00162536401922908,1.69321425817835e-08,2.62063617028312e-05,-8.09895837581917e-07,0.000570167167860986
23103.7161871177,-1.20971832418377e-06,-7.41972189089084e-05,-1.0356969889676e-06,-0.00161416917679697,1.66997336429945e-08,2.60258643674071e-05,-7.98778066179517e-07,0.000566240212687193
23263.9438878451,-1.193112666172e-06,-7.36860875772077e-05,-1.02148170897509e-06,-0.00160305144445747,1.64705143992262e-08,2.58466102699514e-05,-7.87812913830277e-07,0.00056234030386262
23425.2827914574,-1.17673494464596e-06,-7.31784787911211e-05,-1.00746151025344e-06,-0.00159201029098182,1.62444410824575e-08,2.56685908460922e-05,-7.76998285434869e-07,0.000558467255110675
23587.7406043117,-1.16058203105166e-06,-7.26743682446271e-05,-9.93633716400146e-07,-0.00158104518880293,1.6021470524995e-08,2.54917975904782e-05,-7.66332114655357e-07,0.000554620881437679
23751.3250862094,-1.14465083977075e-06,-7.21737318000308e-05,-9.79995687710534e-07,-0.00157015561399013,1.5801560151246e-08,2.53162220563728e-05,-7.55812363520371e-07,0.000550800999124043
23916.0440507678,-1.12893832753144e-06,-7.16765454867847e-05,-9.665448206751e-07,-0.00155934104622403,1.55846679696028e-08,2.51418558552486e-05,-7.45437022035654e-07,0.000547007425715479
24081.9053657923,-1.11344149282746e-06,-7.11827855003198e-05,-9.53278547483797e-07,-0.00154860096877166,1.53707525644398e-08,2.49686906563867e-05,-7.35204107799994e-07,0.000543239980014298
24248.9169536531,-1.09815737534503e-06,-7.06924282008838e-05,-9.40194335537021e-07,-0.00153793486846163,1.51597730882182e-08,2.4796718186477e-05,-7.25111665626398e-07,0.000539498482070748
24417.0867916629,-1.08308305539769e-06,-7.02054501123888e-05,-9.27289686963365e-07,-0.00152734223565961,1.49516892537002e-08,2.46259302292232e-05,-7.15157767168503e-07,0.000535782753174428
24586.4229124585,-1.06821565336886e-06,-6.97218279212656e-05,-9.14562138143879e-07,-0.00151682256424388,1.47464613262687e-08,2.44563186249481e-05,-7.05340510552067e-07,0.000532092615845741
24756.933404384,-1.05355232916201e-06,-6.92415384753286e-05,-9.02009259242914e-07,-0.0015063753515811,1.45440501163534e-08,2.42878752702046e-05,-6.95658020011579e-07,0.000528427893827433
24928.6264118777,-1.03909028165847e-06,-6.87645587826466e-05,-8.89628653745295e-07,-0.00149600009850223,1.43444169719587e-08,2.41205921173862e-05,-6.86108445531797e-07,0.000524788412076161
25101.5101358603,-1.02482674818258e-06,-6.82908660104235e-05,-8.77417957999909e-07,-0.00148569630927859,1.4147523771296e-08,2.39544611743433e-05,-6.76689962494265e-07,0.000521173996754141
25275.5928341276,-1.01075900397422e-06,-6.78204374838854e-05,-8.65374840769457e-07,-0.00147546349159818,1.39533329155152e-08,2.37894745039992e-05,-6.67400771328629e-07,0.000517584475220842
25450.882821744,-9.9688436166858e-07,-6.73532506851774e-05,-8.53497002786409e-07,-0.00146530115654203,1.37618073215364e-08,2.36256242239714e-05,-6.58239097168794e-07,0.000514019676024746
25627.3884714405,-9.8320017078301e-07,-6.68892832522669e-05,-8.41782176315e-07,-0.00145520881856083,1.35729104149795e-08,2.34629025061937e-05,-6.49203189513748e-07,0.000510479428895149
25805.1182140139,-9.69703817211004e-07,-6.64285129778558e-05,-8.3022812471925e-07,-0.00144518599545167,1.33866061231912e-08,2.33013015765418e-05,-6.40291321893092e-07,0.000506963564734042
25984.08053873,-9.56392722723025e-07,-6.59709178082995e-05,-8.18832642036848e-07,-0.0014352322083349,1.32028588683661e-08,2.31408137144607e-05,-6.31501791537125e-07,0.000503471915608025
26164.2839937291,-9.4326434447424e-07,-6.55164758425345e-05,-8.07593552558899e-07,-0.00142534698163127,1.30216335607636e-08,2.29814312525962e-05,-6.22832919051474e-07,0.000500004314740289
26345.7371864336,-9.30316174518993e-07,-6.50651653310138e-05,-7.96508710415402e-07,-0.00141552984303909,1.28428955920167e-08,2.28231465764269e-05,-6.14283048096204e-07,0.000496560596502656
26528.4487839603,-9.17545739331907e-07,-6.46169646746483e-05,-7.85575999166392e-07,-0.00140578032351167,1.26666108285323e-08,2.26659521239004e-05,-6.05850545069296e-07,0.000493140596407658
26712.4275135331,-9.04950599335612e-07,-6.41718524237586e-05,-7.74793331398691e-07,-0.0013960979572348,1.24927456049826e-08,2.25098403850716e-05,-5.9753379879452e-07,0.000489744151100694
26897.6821629011,-8.92528348434886e-07,-6.3729807277031e-05,-7.64158648328155e-07,-0.0013864822816045,1.2321266717885e-08,2.23548039017425e-05,-5.89331220213543e-07,0.000486371098352215
27084.2215807571,-8.80276613557244e-07,-6.32908080804842e-05,-7.53669919407382e-07,-0.00137693283720484,1.21521414192699e-08,2.22008352671062e-05,-5.8124124208231e-07,0.000483021277049988
27272.0546771616,-8.68193054199779e-07,-6.28548338264403e-05,-7.43325141938759e-07,-0.00136744916778593,1.19853374104359e-08,2.2047927125392e-05,-5.73262318671555e-07,0.000479694527191389
27461.1904239671,-8.56275361982268e-07,-6.24218636525061e-05,-7.33122340692839e-07,-0.00135803082024213,1.18208228357895e-08,2.18960721715136e-05,-5.65392925471455e-07,0.000476390689875774
27651.6378552475,-8.44521260206353e-07,-6.19918768405589e-05,-7.23059567531899e-07,-0.00134867734459028,1.16585662767701e-08,2.17452631507192e-05,-5.57631558900309e-07,0.000473109607296879
27843.4060677294,-8.32928503420827e-07,-6.15648528157423e-05,-7.1313490103868e-07,-0.00133938829394823,1.14985367458575e-08,2.1595492858245e-05,-5.49976736017252e-07,0.00046985112273529
28036.5042212264,-8.21494876992824e-07,-6.11407711454662e-05,-7.03346446150187e-07,-0.0013301632245134,1.13407036806619e-08,2.14467541389698e-05,-5.42426994238871e-07,0.000466615080550953
28230.9415390768,-8.10218196684952e-07,-6.07196115384168e-05,-6.93692333796512e-07,-0.00132100169554155,1.11850369380946e-08,2.12990398870735e-05,-5.34980891059756e-07,0.000463401326175746
28426.7273085842,-7.99096308238162e-07,-6.03013538435714e-05,-6.84170720544577e-07,-0.00131190326932569,1.10315067886187e-08,2.1152343045696e-05,-5.27637003776846e-07,0.000460209706106091
28623.8708814609,-7.88127086960407e-07,-5.98859780492217e-05,-6.74779788246797e-07,-0.0013028675111751,1.08800839105786e-08,2.10066566066007e-05,-5.20393929217594e-07,0.000457040067895628
28822.3816742749,-7.77308437320876e-07,-5.9473464282003e-05,-6.65517743694488e-07,-0.00129389398939454,1.07307393846066e-08,2.08619736098385e-05,-5.13250283471837e-07,0.000453892260147926
29022.2691688993,-7.66638292549854e-07,-5.90637928059317e-05,-6.56382818276078e-07,-0.00128498227526359,1.05834446881071e-08,2.0718287143415e-05,-5.06204701627373e-07,0.000450766132509265
29223.5429129655,-7.56114614244024e-07,-5.86569440214471e-05,-6.47373267639952e-07,-0.00127613194301614,1.04381716898154e-08,2.05755903429599e-05,-4.99255837509137e-07,0.000447661535661441
29426.2125203191,-7.4573539197722e-07,-5.82528984644638e-05,-6.38487371361939e-07,-0.00126734256981996,1.02948926444317e-08,2.04338763913988e-05,-4.92402363421996e-07,0.000444578321314644
29630.2876714792,-7.35498642916488e-07,-5.78516368054266e-05,-6.29723432617323e-07,-0.00125861373575654,1.01535801873281e-08,2.02931385186265e-05,-4.85642969897031e-07,0.000441516342200369
29835.7781141006,-7.25402411443444e-07,-5.74531398483758e-05,-6.21079777857385e-07,-0.00124994502380091,1.00142073293287e-08,2.01533700011838e-05,-4.78976365441348e-07,0.000438475452064392
30042.6936634399,-7.15444768780798e-07,-5.70573885300165e-05,-6.12554756490315e-07,-0.00124133601980174,9.8767474515606e-09,2.00145641619354e-05,-4.72401276291283e-07,0.00043545550565977
30251.0442028234,-7.05623812624031e-07,-5.66643639187963e-05,-6.04146740566555e-07,-0.00123278631246151,9.74117430037572e-09,1.98767143697508e-05,-4.65916446169031e-07,0.000432456358739919
30460.8396841202,-6.95937666778086e-07,-5.6274047213988e-05,-5.95854124468383e-07,-0.0012242954933168,9.60746198234225e-09,1.97398140391869e-05,-4.5952063604258e-07,0.000429477868051713
30672.0901282168,-6.86384480799095e-07,-5.58864197447805e-05,-5.87675324603815e-07,-0.00121586315671876,9.47558495930475e-09,1.96038566301731e-05,-4.53212623888979e-07,0.000426519891328649
30884.8056254963,-6.76962429640965e-07,-5.55014629693743e-05,-5.79608779104632e-07,-0.00120748889981371,9.34551804351155e-09,1.94688356476986e-05,-4.46991204460818e-07,0.000423582287284049
31098.9963363199,-6.67669713306864e-07,-5.51191584740854e-05,-5.71652947528599e-07,-0.00119917232252383,9.21723639280952e-09,1.93347446415014e-05,-4.40855189055952e-07,0.000420664915604315
31314.6724915125,-6.5850455650544e-07,-5.47394879724532e-05,-5.63806310565709e-07,-0.00119091302752807,9.09071550590404e-09,1.92015772057599e-05,-4.34803405290347e-07,0.00041776763694222
31531.8443928511,-6.49465208311805e-07,-5.43624333043573e-05,-5.56067369748494e-07,-0.00118271062024306,8.96593121768449e-09,1.9069326978787e-05,-4.28834696874083e-07,0.000414890312910263
31750.5224135575,-6.40549941833121e-07,-5.39879764351384e-05,-5.48434647166264e-07,-0.00117456470880429,8.84285969461325e-09,1.8937987642725e-05,-4.22947923390399e-07,0.000412032806074052
31970.7169987928,-6.31757053878823e-07,-5.36160994547269e-05,-5.40906685183295e-07,-0.00116647490404735,8.7214774301785e-09,1.8807552923244e-05,-4.17141960077799e-07,0.000409194979945742
32192.4386661572,-6.23084864635319e-07,-5.32467845767762e-05,-5.33482046160837e-07,-0.00115844081948928,8.60176124040861e-09,1.86780165892417e-05,-4.11415697615124e-07,0.000406376698977514
32415.6980061919,-6.14531717345195e-07,-5.28800141378042e-05,-5.26159312182967e-07,-0.00115046207131014,8.48368825944872e-09,1.85493724525453e-05,-4.057680419096e-07,0.000403577828555109
32640.5056828852,-6.06095977990788e-07,-5.25157705963383e-05,-5.18937084786167e-07,-0.00114253827833454,8.36723593519735e-09,1.84216143676156e-05,-4.00197913887769e-07,0.000400798234991386
32866.8724341813,-5.97776034982125e-07,-5.21540365320689e-05,-5.11813984692619e-07,-0.00113466906201354,8.25238202500316e-09,1.82947362312532e-05,-3.94704249289322e-07,0.000398037785519948
33094.8090724944,-5.89570298849122e-07,-5.17947946450072e-05,-5.04788651547146e-07,-0.0011268540464064,8.13910459142055e-09,1.81687319823064e-05,-3.89285998463724e-07,0.000395296348288794
33324.3264852235,-5.81477201938032e-07,-5.14380277546496e-05,-4.9785974365777e-07,-0.00111909285816271,8.02738199802348e-09,1.80435956013815e-05,-3.83942126169672e-07,0.000392573792354025
33555.4356352742,-5.73495198112022e-07,-5.1083718799148e-05,-4.91025937739794e-07,-0.00111138512650447,7.91719290527651e-09,1.79193211105549e-05,-3.78671611377269e-07,0.000389869987673588
33788.1475615808,-5.65622762455902e-07,-5.07318508344858e-05,-4.84285928663425e-07,-0.00110373048320834,7.80851626646273e-09,1.77959025730872e-05,-3.73473447072945e-07,0.000387184805101068
34022.4733796346,-5.57858390984863e-07,-5.03824070336598e-05,-4.77638429204823e-07,-0.00109612856258806,7.70133132366718e-09,1.76733340931395e-05,-3.68346640067028e-07,0.000384518116379512
34258.4242820144,-5.50200600357244e-07,-5.0035370685868e-05,-4.71082169800582e-07,-0.00108857900147695,7.5956176038155e-09,1.75516098154911e-05,-3.63290210803985e-07,0.000381869794135315
34496.0115389212,-5.42647927591214e-07,-4.96907251957026e-05,-4.64615898305551e-07,-0.00108108143921053,7.4913549147668e-09,1.74307239252597e-05,-3.58303193175239e-07,0.000379239711872124
34735.2464987164,-5.35198929785367e-07,-4.93484540823495e-05,-4.58238379754006e-07,-0.00107363551760925,7.38852334146028e-09,1.73106706476235e-05,-3.53384634334587e-07,0.000376627743964807
34976.1405884643,-5.27852183843123e-07,-4.90085409787926e-05,-4.5194839612405e-07,-0.00106624088096138,7.28710324211416e-09,1.71914442475448e-05,-3.48533594516118e-07,0.000374033765653444
35218.7053144771,-5.2060628620094e-07,-4.86709696310247e-05,-4.45744746105282e-07,-0.001058897176006,7.18707524447745e-09,1.7073039029496e-05,-3.43749146854665e-07,0.000371457653037376
35462.9522628655,-5.13459852560224e-07,-4.83357238972624e-05,-4.39626244869618e-07,-0.00105160405191609,7.0884202421324e-09,1.6955449337187e-05,-3.39030377208689e-07,0.00036889928306928
35708.8931000911,-5.0641151762295e-07,-4.80027877471688e-05,-4.33591723845272e-07,-0.00104436116028173,6.99111939084814e-09,1.68386695532949e-05,-3.34376383985626e-07,0.000366358533549297
35956.5395735246,-4.99459934830876e-07,-4.76721452610789e-05,-4.27640030493817e-07,-0.00103716815509348,6.89515410498391e-09,1.67226940991955e-05,-3.29786277969605e-07,0.000363835283119193
36205.9035120061,-4.9260377610837e-07,-4.73437806292332e-05,-4.21770028090316e-07,-0.00103002469272578,6.80050605394195e-09,1.66075174346965e-05,-3.25259182151549e-07,0.000361329411256566
36456.9968264106,-4.85841731608738e-07,-4.70176781510147e-05,-4.1598059550645e-07,-0.00102293043192058,6.70715715866877e-09,1.64931340577722e-05,-3.20794231561598e-07,0.000358840798269083
36709.831510217,-4.79172509464044e-07,-4.66938222341918e-05,-4.10270626996629e-07,-0.00101588503377092,6.61508958820441e-09,1.63795385043013e-05,-3.16390573103839e-07,0.000356369325288768
36964.4196400802,-4.72594835538374e-07,-4.63721973941676e-05,-4.04639031987032e-07,-0.00100888816170484,6.52428575627923e-09,1.62667253478048e-05,-3.12047365393303e-07,0.000353914874266328
37220.7733764093,-4.66107453184456e-07,-4.60527882532324e-05,-3.99084734867524e-07,-0.00100193948146918,6.43472831795693e-09,1.61546891991871e-05,-3.07763778595195e-07,0.000351477327965505
37478.9049639467,-4.59709123003655e-07,-4.57355795398236e-05,-3.9360667478645e-07,-0.000995038661113651,6.34640016632412e-09,1.6043424706478e-05,-3.03538994266343e-07,0.000349056569957485
37738.8267323548,-4.5339862260923e-07,-4.5420556087789e-05,-3.88203805448208e-07,-0.000988185370974946,6.25928442922473e-09,1.5932926554577e-05,-2.99372205198806e-07,0.000346652484615332
38000.5510968034,-4.47174746392866e-07,-4.51077028356569e-05,-3.82875094913633e-07,-0.000981379283660973,6.17336446603969e-09,1.58231894649993e-05,-2.95262615265648e-07,0.00034426495710847
38264.0905585636,-4.41036305294382e-07,-4.47970048259097e-05,-3.77619525403073e-07,-0.000974620074035189,6.08862386451034e-09,1.5714208195623e-05,-2.91209439268814e-07,0.000341893873397193
38529.4577056047,-4.34982126574631e-07,-4.44884472042642e-05,-3.72436093102211e-07,-0.000967907419201069,6.00504643760574e-09,1.56059775404392e-05,-2.87211902789104e-07,0.000339539120227223
38796.6652131954,-4.29011053591485e-07,-4.41820152189553e-05,-3.67323807970507e-07,-0.000961240998486649,5.92261622043264e-09,1.54984923293022e-05,-2.83269242038201e-07,0.000337200585124297
39065.7258445091,-4.23121945578918e-07,-4.38776942200265e-05,-3.62281693552288e-07,-0.000954620493429203,5.84131746718807e-09,1.53917474276833e-05,-2.79380703712736e-07,0.000334878156388796
39336.6524512341,-4.17313677429102e-07,-4.35754696586235e-05,-3.57308786790419e-07,-0.00094804558776,5.76113464815342e-09,1.52857377364245e-05,-2.75545544850346e-07,0.000332571723090411
39609.4579741865,-4.11585139477513e-07,-4.32753270862947e-05,-3.52404137842534e-07,-0.000941515967389199,5.68205244673017e-09,1.51804581914954e-05,-2.71763032687726e-07,0.000330281175062846
39884.1554439296,-4.05935237290962e-07,-4.29772521542947e-05,-3.47566809899775e-07,-0.000935031320390807,5.6040557565157e-09,1.50759037637504e-05,-2.68032444520606e-07,0.000328006402898551
40160.7579813948,-4.0036289145856e-07,-4.26812306128942e-05,-3.42795879008023e-07,-0.000928591336987788,5.52712967841975e-09,1.49720694586891e-05,-2.64353067565674e-07,0.000325747297943501
40439.2787985098,-3.94867037385524e-07,-4.23872483106939e-05,-3.38090433891575e-07,-0.000922195709537225,5.45125951781996e-09,1.48689503162168e-05,-2.60724198824376e-07,0.000323503752292003
40719.7311988284,-3.89446625089845e-07,-4.20952911939434e-05,-3.3344957577925e-07,-0.000915844132515634,5.37643078175683e-09,1.47665414104081e-05,-2.57145144948599e-07,0.000321275658781549
41002.1285781671,-3.8410061900171e-07,-4.18053453058651e-05,-3.28872418232849e-07,-0.000909536302504332,5.3026291761667e-09,1.46648378492706e-05,-2.53615222108187e-07,0.000319062910987686
41286.4844252437,-3.78827997765714e-07,-4.15173967859824e-05,-3.24358086978006e-07,-0.000903271918174951,5.22984060315313e-09,1.45638347745118e-05,-2.50133755860287e-07,0.000316865403218944
41572.812322323,-3.73627754045748e-07,-4.12314318694528e-05,-3.19905719737318e-07,-0.00089705068027501,5.15805115829527e-09,1.44635273613064e-05,-2.46700081020475e-07,0.000314683030511781
41861.1259458642,-3.684988943326e-07,-4.09474368864063e-05,-3.15514466065799e-07,-0.000890872291613622,5.08724712799354e-09,1.43639108180659e-05,-2.43313541535666e-07,0.000312515688625573
42151.4390671752,-3.63440438754167e-07,-4.06653982612868e-05,-3.11183487188552e-07,-0.000884736457047275,5.01741498685127e-09,1.42649803862094e-05,-2.39973490358757e-07,0.000310363274037634
42443.7655530697,-3.58451420888296e-07,-4.03853025122002e-05,-3.06911955840705e-07,-0.000878642883465728,4.94854139509279e-09,1.41667313399364e-05,-2.36679289325e-07,0.000308225683938271
42738.1193665299,-3.53530887578169e-07,-4.01071362502652e-05,-3.02699056109506e-07,-0.000872591279777984,4.88061319601631e-09,1.40691589860005e-05,-2.3343030903006e-07,0.000306102816225873
43034.5145673733,-3.48677898750248e-07,-3.983088617897e-05,-2.98543983278607e-07,-0.000866581356898393,4.8136174134823e-09,1.39722586634854e-05,-2.30225928709765e-07,0.000303994569502038
43332.9653129246,-3.43891527234691e-07,-3.95565390935325e-05,-2.94445943674468e-07,-0.000860612827732807,4.74754124943587e-09,1.38760257435819e-05,-2.27065536121486e-07,0.000301900843066724
43633.4858586911,-3.39170858588257e-07,-3.92840818802658e-05,-2.90404154514879e-07,-0.000854685407164875,4.68237208146347e-09,1.37804556293669e-05,-2.23948527427165e-07,0.000299821536913444
43936.0905590448,-3.34514990919621e-07,-3.90135015159472e-05,-2.86417843759545e-07,-0.000848798812042396,4.61809746038281e-09,1.36855437555834e-05,-2.2087430707793e-07,0.000297756551724488
44240.7938679069,-3.29923034717105e-07,-3.87447850671931e-05,-2.82486249962729e-07,-0.000842952761163794,4.55470510786608e-09,1.35912855884224e-05,-2.17842287700317e-07,0.000295705788866178
44547.6103394389,-3.25394112678754e-07,-3.84779196898361e-05,-2.78608622127915e-07,-0.000837146975264664,4.49218291409556e-09,1.34976766253064e-05,-2.14851889984024e-07,0.000293669150384159
44856.5546287376,-3.2092735954476e-07,-3.82128926283088e-05,-2.74784219564456e-07,-0.000831381177004429,4.43051893545158e-09,1.34047123946737e-05,-2.11902542571238e-07,0.000291646538998718
45167.641492535,-3.16521921932176e-07,-3.79496912150297e-05,-2.71012311746193e-07,-0.000825655090953075,4.36970139223195e-09,1.33123884557652e-05,-2.08993681947457e-07,0.000289637858100139
45480.8857899031,-3.12176958171904e-07,-3.76883028697957e-05,-2.67292178172015e-07,-0.000819968443577992,4.30971866640296e-09,1.32207003984118e-05,-2.06124752333821e-07,0.000287643011744091
45796.3024829641,-3.07891638147913e-07,-3.74287150991762e-05,-2.63623108228324e-07,-0.000814320963230884,4.25055929938094e-09,1.31296438428239e-05,-2.03295205580921e-07,0.000285661904647039
46113.9066376045,-3.03665143138677e-07,-3.71709154959143e-05,-2.60004401053391e-07,-0.000808712380134798,4.19221198984447e-09,1.30392144393816e-05,-2.00504501064067e-07,0.000283694442181699
46433.713424195,-2.99496665660765e-07,-3.69148917383292e-05,-2.56435365403562e-07,-0.000803142426371217,4.13466559157639e-09,1.29494078684275e-05,-1.97752105579983e-07,0.000281740530372516
46755.7381183149,-2.95385409314612e-07,-3.66606315897256e-05,-2.52915319521319e-07,-0.000797610835867258,4.0779091113357e-09,1.28602198400596e-05,-1.95037493244939e-07,0.000279800075891176
47079.9961014825,-2.91330588632369e-07,-3.6408122897805e-05,-2.49443591005128e-07,-0.000792117344382947,4.02193170675829e-09,1.27716460939265e-05,-1.92360145394262e-07,0.000277872986052145
47406.5028618884,-2.87331428927871e-07,-3.61573535940825e-05,-2.46019516681083e-07,-0.000786661689498595,3.96672268428677e-09,1.2683682399024e-05,-1.89719550483244e-07,0.000275959168808248
47735.2739951367,-2.83387166148647e-07,-3.59083116933068e-05,-2.42642442476304e-07,-0.000781243610602245,3.91227149712846e-09,1.25963245534926e-05,-1.87115203989391e-07,0.000274058532746267
48066.3252049891,-2.7949704672997e-07,-3.5660985292885e-05,-2.39311723294085e-07,-0.000775862848877225,3.85856774324165e-09,1.25095683844167e-05,-1.84546608316037e-07,0.00027217098708258
48399.6723041153,-2.756603274509e-07,-3.54153625723106e-05,-2.36026722890728e-07,-0.000770519147289762,3.80560116334917e-09,1.24234097476253e-05,-1.82013272697256e-07,0.000270296441658817
48735.331214848,-2.71876275292317e-07,-3.51714317925964e-05,-2.32786813754096e-07,-0.000765212250576713,3.75336163897947e-09,1.23378445274941e-05,-1.79514713104105e-07,0.000268434806937565
49073.317969944,-2.68144167296885e-07,-3.49291812957101e-05,-2.29591376983807e-07,-0.000759941905233345,3.70183919053445e-09,1.22528686367482e-05,-1.77050452152129e-07,0.000266585993998079
49413.6487133493,-2.64463290430959e-07,-3.46885995040156e-05,-2.26439802173087e-07,-0.000754707859501233,3.65102397538378e-09,1.21684780162674e-05,-1.74620019010159e-07,0.000264749914532045
49756.3397009709,-2.60832941448362e-07,-3.44496749197163e-05,-2.23331487292227e-07,-0.000749509863356213,3.60090628598541e-09,1.2084668634892e-05,-1.72222949310343e-07,0.000262926480839354
50101.4073014524,-2.57252426756056e-07,-3.42123961243037e-05,-2.20265838573664e-07,-0.000744347668496445,3.55147654803188e-09,1.200143648923e-05,-1.69858785059425e-07,0.000261115605823923
50448.8679969571,-2.53721062281637e-07,-3.39767517780088e-05,-2.17242270398603e-07,-0.000739221028330528,3.50272531862194e-09,1.19187776034659e-05,-1.67527074551233e-07,0.000259317202989522
50798.7383839539,-2.50238173342664e-07,-3.37427306192585e-05,-2.14260205185228e-07,-0.000734129697965731,3.45464328445744e-09,1.18366880291708e-05,-1.65227372280378e-07,0.000257531186435654
51151.0351740109,-2.46803094517769e-07,-3.35103214641345e-05,-2.11319073278421e-07,-0.000729073434196273,3.40722126006472e-09,1.17551638451136e-05,-1.62959238857127e-07,0.000255757470853448
51505.7751945938,-2.43415169519543e-07,-3.32795132058367e-05,-2.08418312841004e-07,-0.000724051995491705,3.36045018604062e-09,1.16742011570733e-05,-1.6072224092345e-07,0.00025399597152158
51862.9753898685,-2.40073751069166e-07,-3.30502948141507e-05,-2.05557369746479e-07,-0.000719065141985369,3.31432112732246e-09,1.15937960976536e-05,-1.58515951070225e-07,0.000252246604302234
52222.6528215118,-2.36778200772754e-07,-3.28226553349175e-05,-2.02735697473222e-07,-0.000714112635462924,3.26882527148167e-09,1.15139448260975e-05,-1.56339947755565e-07,0.00025050928563708
52584.8246695256,-2.33527888999409e-07,-3.2596583889509e-05,-1.99952757000143e-07,-0.000709194239350969,3.22395392704099e-09,1.14346435281039e-05,-1.54193815224286e-07,0.000248783932543279
52949.5082330576,-2.30322194760933e-07,-3.23720696743053e-05,-1.97208016703767e-07,-0.00070430971870573,3.17969852181461e-09,1.13558884156456e-05,-1.52077143428458e-07,0.000247070462609527
53316.7209312277,-2.27160505593208e-07,-3.21491019601768e-05,-1.94500952256737e-07,-0.000699458840201837,3.13605060127119e-09,1.12776757267877e-05,-1.49989527949067e-07,0.000245368793992112
53686.4803039601,-2.24042217439184e-07,-3.19276700919691e-05,-1.91831046527697e-07,-0.000694641372121163,3.09300182691926e-09,1.12000017255084e-05,-1.47930569918738e-07,0.000243678845411009
54058.8040128205,-2.20966734533496e-07,-3.17077634879922e-05,-1.89197789482559e-07,-0.00068985708434176,3.05054397471482e-09,1.11228627015202e-05,-1.4589987594553e-07,0.000242000536145996
54433.709841861,-2.17933469288641e-07,-3.14893716395128e-05,-1.86600678087115e-07,-0.00068510574832685,3.00866893349074e-09,1.10462549700927e-05,-1.43897058037765e-07,0.000240333786032798
54811.215698468,-2.14941842182738e-07,-3.12724841102503e-05,-1.84039216210992e-07,-0.000680387137113915,2.96736870340779e-09,1.09701748718763e-05,-1.41921733529903e-07,0.00023867851545926
55191.3396142186,-2.11991281648812e-07,-3.10570905358761e-05,-1.81512914532918e-07,-0.000675701025303832,2.92663539442677e-09,1.08946187727275e-05,-1.39973525009419e-07,0.000237034645361543
55574.0997457415,-2.09081223965611e-07,-3.08431806235168e-05,-1.79021290447295e-07,-0.000671047189050122,2.8864612248018e-09,1.08195830635356e-05,-1.380520602447e-07,0.000235402097220347
55959.5143755845,-2.0621111314991e-07,-3.063074415126e-05,-1.76563867972045e-07,-0.000666425406048232,2.84683851959408e-09,1.07450641600492e-05,-1.36156972113919e-07,0.000233780793057162
56347.6019130871,-2.03380400850302e-07,-3.04197709676652e-05,-1.74140177657726e-07,-0.000661835455524927,2.80775970920622e-09,1.06710585027063e-05,-1.3428789853489e-07,0.000232170655430544
56738.380895261,-2.00588546242439e-07,-3.02102509912757e-05,-1.71749756497891e-07,-0.000657277118227723,2.76921732793651e-09,1.0597562556463e-05,-1.32444482395887e-07,0.000230571607432413
57131.8699876742,-1.97835015925722e-07,-3.00021742101363e-05,-1.69392147840681e-07,-0.000652750176414425,2.73120401255321e-09,1.05245728106253e-05,-1.30626371487416e-07,0.000228983572684384
57528.0879853436,-1.95119283821391e-07,-2.97955306813126e-05,-1.67066901301624e-07,-0.000648254413842706,2.69371250088817e-09,1.0452085778681e-05,-1.2883321843491e-07,0.000227406475334113
57927.053813632,-1.92440831072038e-07,-2.95903105304147e-05,-1.64773572677638e-07,-0.000643789615759787,2.65673563045003e-09,1.03800979981334e-05,-1.27064680632367e-07,0.000225840240051682
58328.7865291527,-1.8979914594247e-07,-2.93865039511235e-05,-1.62511723862204e-07,-0.000639355568892159,2.62026633705613e-09,1.03086060303356e-05,-1.25320420176884e-07,0.00022428479202599
58733.3053206791,-1.87193723721964e-07,-2.91841012047206e-05,-1.60280922761714e-07,-0.000634952061435403,2.58429765348349e-09,1.02376064603261e-05,-1.23600103804096e-07,0.000222740056961194
59140.6295100621,-1.84624066627835e-07,-2.89830926196218e-05,-1.58080743212956e-07,-0.000630578883044061,2.54882270813805e-09,1.0167095896666e-05,-1.21903402824499e-07,0.000221205961073146
59550.7785531519,-1.82089683710348e-07,-2.87834685909132e-05,-1.55910764901736e-07,-0.000626235824821588,2.51383472374238e-09,1.00970709712766e-05,-1.20229993060655e-07,0.000219682431085877
59963.7720407286,-1.79590090758925e-07,-2.85852195798907e-05,-1.53770573282619e-07,-0.000621922679310364,2.47932701604118e-09,1.00275283392786e-05,-1.18579554785243e-07,0.000218169394228097
60379.6296994364,-1.77124810209643e-07,-2.83883361136033e-05,-1.51659759499763e-07,-0.000617639240481786,2.44529299252477e-09,9.95846467883241e-06,-1.16951772659977e-07,0.000216666778229716
60798.3713927276,-1.74693371053996e-07,-2.81928087843986e-05,-1.49577920308848e-07,-0.000613385303726415,2.41172615116989e-09,9.88987669097908e-06,-1.15346335675351e-07,0.000215174511318392
61220.0171218097,-1.72295308748922e-07,-2.79986282494722e-05,-1.47524658000066e-07,-0.000609160665844209,2.37862007919793e-09,9.82176109948301e-06,-1.1376293709122e-07,0.000213692522216107
61644.5870266023,-1.69930165128045e-07,-2.78057852304197e-05,-1.45499580322178e-07,-0.000604965125034799,2.34596845185007e-09,9.75411465067516e-06,-1.12201274378189e-07,0.000212220740135758
62072.1013866976,-1.67597488314161e-07,-2.76142705127925e-05,-1.43502300407606e-07,-0.000600798480887857,2.31376503117936e-09,9.68693411329779e-06,-1.10661049159812e-07,0.000210759094777778
62502.5806223305,-1.65296832632897e-07,-2.74240749456558e-05,-1.41532436698551e-07,-0.00059666053437351,2.28200366485922e-09,9.62021627834987e-06,-1.09141967155577e-07,0.000209307516326779
62936.0452953524,-1.63027758527579e-07,-2.72351894411505e-05,-1.39589612874137e-07,-0.00059255108783284,2.25067828500848e-09,9.55395795893393e-06,-1.07643738124689e-07,0.000207865935448214
63372.5161102152,-1.60789832475251e-07,-2.70476049740574e-05,-1.37673457778532e-07,-0.000588469944968426,2.21978290703232e-09,9.4881559901036e-06,-1.06166075810605e-07,0.00020643428328507
63812.0139149584,-1.58582626903861e-07,-2.68613125813651e-05,-1.3578360535008e-07,-0.000584416910834973,2.18931162847931e-09,9.42280722871261e-06,-1.04708697886347e-07,0.000205012491454574
64254.5597022062,-1.56405720110573e-07,-2.66763033618403e-05,-1.33919694551388e-07,-0.00058039179182999,2.159258627914e-09,9.35790855326436e-06,-1.03271325900553e-07,0.000203600492044933
64700.1746101695,-1.54258696181204e-07,-2.64925684756017e-05,-1.32081369300379e-07,-0.000576394395684548,2.12961816380508e-09,9.29345686376301e-06,-1.0185368522428e-07,0.000202198217612082
65148.8799236562,-1.52141144910767e-07,-2.63100991436961e-05,-1.30268278402288e-07,-0.000572424531454078,2.10038457342868e-09,9.22944908156516e-06,-1.00455504998529e-07,0.00020080560117647
65600.697075087,-1.50052661725103e-07,-2.61288866476781e-05,-1.28480075482596e-07,-0.000568482009509263,2.07155227178685e-09,9.16588214923292e-06,-9.9076518082494e-08,0.000199422576219859
66055.6476455202,-1.47992847603595e-07,-2.59489223291924e-05,-1.26716418920875e-07,-0.00056456664152696,2.04311575054076e-09,9.10275303038769e-06,-9.77164610025177e-08,0.000198049076682142
66513.7533656814,-1.45961309002932e-07,-2.57701975895592e-05,-1.24976971785554e-07,-0.000560678240481219,2.01506957695864e-09,9.04005870956519e-06,-9.63750739017562e-08,0.000196685036958196
66975.0361170023,-1.43957657781925e-07,-2.55927038893621e-05,-1.23261401769565e-07,-0.000556816620634329,1.98740839287804e-09,8.9777961920713e-06,-9.5052100490524e-08,0.000195330391894739
67439.5179326655,-1.41981511127364e-07,-2.54164327480391e-05,-1.21569381126883e-07,-0.000552981597527955,1.9601269136825e-09,8.91596250383904e-06,-9.37472879973296e-08,0.000193985076787228
67907.2209986571,-1.40032491480869e-07,-2.52413757434766e-05,-1.1990058660993e-07,-0.000549172987974317,1.93321992729205e-09,8.85455469128643e-06,-9.24603871205769e-08,0.000192649027376759
68378.167654826,-1.38110226466775e-07,-2.5067524511606e-05,-1.18254699407843e-07,-0.000545390610047441,1.90668229316777e-09,8.7935698211754e-06,-9.11911519809346e-08,0.000191322179847005
68852.3803959518,-1.36214348820978e-07,-2.48948707460029e-05,-1.16631405085587e-07,-0.000541634283074461,1.88050894132982e-09,8.73300498047161e-06,-8.99393400743546e-08,0.000190004470821163
69329.8818728181,-1.34344496320782e-07,-2.47234061974898e-05,-1.15030393523899e-07,-0.000537903827626995,1.85469487138912e-09,8.67285727620532e-06,-8.87047122257409e-08,0.000188695837358929
69810.6948932956,-1.32500311715692e-07,-2.45531226737402e-05,-1.13451358860063e-07,-0.000534199065512558,1.82923515159217e-09,8.6131238353331e-06,-8.74870325432482e-08,0.000187396216953493
70294.8424234306,-1.30681442659165e-07,-2.43840120388875e-05,-1.11893999429494e-07,-0.000530519819766061,1.80412491787908e-09,8.55380180460066e-06,-8.62860683732146e-08,0.00018610554752855
70782.3475885425,-1.28887541641294e-07,-2.42160662131341e-05,-1.10358017708121e-07,-0.000526865914641346,1.77935937295446e-09,8.4948883504064e-06,-8.51015902557061e-08,0.000184823767435337
71273.2336743282,-1.2711826592242e-07,-2.40492771723658e-05,-1.08843120255568e-07,-0.000523237175602795,1.75493378537112e-09,8.43638065866617e-06,-8.39333718806782e-08,0.000183550815449689
71767.5241279742,-1.25373277467653e-07,-2.38836369477663e-05,-1.07349017659107e-07,-0.000519633429316982,1.73084348862628e-09,8.37827593467868e-06,-8.27811900447328e-08,0.000182286630769114
72265.2425592773,-1.23652242882289e-07,-2.37191376254368e-05,-1.05875424478382e-07,-0.0005160545036444,1.70708388027021e-09,8.32057140299207e-06,-8.16448246084736e-08,0.000181031153009887
72766.4127417709,-1.21954833348118e-07,-2.35557713460164e-05,-1.04422059190896e-07,-0.000512500227631233,1.68365042102714e-09,8.26326430727131e-06,-8.05240584544458e-08,0.000179784322204171
73271.058613862,-1.20280724560606e-07,-2.3393530304306e-05,-1.02988644138237e-07,-0.000508970431501183,1.66053863392814e-09,8.20635191016642e-06,-7.94186774456499e-08,0.000178546078797144
73779.2042799737,-1.18629596666934e-07,-2.32324067488947e-05,-1.01574905473053e-07,-0.000505464946647365,1.63774410345605e-09,8.14983149318182e-06,-7.83284703846308e-08,0.000177316363644164
74290.8740116972,-1.17001134204892e-07,-2.30723929817887e-05,-1.00180573106743e-07,-0.000501983605624244,1.61526247470193e-09,8.0937003565463e-06,-7.72532289731223e-08,0.000176095118007937
74806.0922489501,-1.15395026042616e-07,-2.29134813580426e-05,-9.88053806578768e-08,-0.000498526242139643,1.59308945253331e-09,8.0379558190842e-06,-7.61927477722515e-08,0.000174882283555716
75324.8836011454,-1.13810965319138e-07,-2.27556642853936e-05,-9.74490654013118e-08,-0.000495092691046787,1.57122080077369e-09,7.98259521808714e-06,-7.51468241632839e-08,0.000173677802356511
75847.2728483651,-1.12248649385768e-07,-2.25989342238981e-05,-9.61113682180176e-08,-0.000491682788336423,1.54965234139339e-09,7.92761590918697e-06,-7.41152583089127e-08,0.000172481616878324
76373.2849425456,-1.10707779748271e-07,-2.24432836855705e-05,-9.47920335455816e-08,-0.000488296371128973,1.52837995371146e-09,7.87301526622929e-06,-7.30978531150742e-08,0.000171293669985401
76902.9450086679,-1.09188062009839e-07,-2.22887052340254e-05,-9.34908093293998e-08,-0.000484933277666763,1.50739957360857e-09,7.8187906811481e-06,-7.20944141932929e-08,0.000170113904935503
77436.2783459591,-1.07689205814851e-07,-2.21351914841206e-05,-9.22074469745312e-08,-0.000481593347306282,1.48670719275066e-09,7.7649395638411e-06,-7.1104749823538e-08,0.000168942265377195
77973.3104290997,-1.06210924793397e-07,-2.19827351016048e-05,-9.09417012982189e-08,-0.000478276420510521,1.46629885782332e-09,7.71145934204604e-06,-7.01286709175947e-08,0.000167778695347156
78514.0669094413,-1.04752936506568e-07,-2.18313288027658e-05,-8.96933304830573e-08,-0.000474982338841335,1.44617066977657e-09,7.65834746121772e-06,-6.91659909829343e-08,0.000166623139267502
79058.5736162311,-1.03314962392499e-07,-2.1680965354082e-05,-8.84620960308069e-08,-0.000471710944951886,1.42631878308012e-09,7.60560138440608e-06,-6.82165260870837e-08,0.000165475541943136
79606.8565578463,-1.01896727713148e-07,-2.15316375718764e-05,-8.72477627168378e-08,-0.000468462082579115,1.40673940498876e-09,7.55321859213486e-06,-6.72800948224808e-08,0.000164335848559111
80158.9419230357,-1.00497961501806e-07,-2.13833383219727e-05,-8.60500985452035e-08,-0.000465235596536287,1.38742879481787e-09,7.50119658228135e-06,-6.63565182718156e-08,0.000163204004678008
80714.8560821713,-9.91183965113315e-08,-2.12360605193541e-05,-8.48688747043258e-08,-0.000462031332705564,1.36838326322886e-09,7.44953286995674e-06,-6.54456199738437e-08,0.000162079956237339
81274.6255885071,-9.77577691630941e-08,-2.10897971278236e-05,-8.37038655232932e-08,-0.000458849138030654,1.34959917152446e-09,7.39822498738752e-06,-6.45472258896725e-08,0.000160963649546965
81838.2771794484,-9.64158194966135e-08,-2.0944541159668e-05,-8.25548484287538e-08,-0.000455688860509485,1.33107293095357e-09,7.34727048379747e-06,-6.36611643695067e-08,0.00015985503128653
82405.8377778279,-9.50922911198981e-08,-2.08002856753233e-05,-8.14216039024045e-08,-0.000452550349186956,1.31280100202584e-09,7.2966669252907e-06,-6.27872661198543e-08,0.000158754048502915
82977.3344931927,-9.37869311604586e-08,-2.06570237830422e-05,-8.0303915439059e-08,-0.000449433454147716,1.29477989383541e-09,7.24641189473521e-06,-6.19253641711784e-08,0.000157660648607708
83552.7946230977,-9.2499490216999e-08,-2.0514748638565e-05,-7.92015695052958e-08,-0.000446338026509005,1.27700616339416e-09,7.19650299164761e-06,-6.10752938459973e-08,0.000156574779374694
84132.2456544116,-9.12297223117659e-08,-2.03734534447915e-05,-7.81143554986691e-08,-0.000443263918413539,1.25947641497397e-09,7.14693783207825e-06,-6.02368927274184e-08,0.000155496388937357
84715.7152646274,-8.99773848435568e-08,-2.02331314514565e-05,-7.70420657074838e-08,-0.000440210983022447,1.24218729945807e-09,7.09771404849748e-06,-5.94100006281083e-08,0.000154425425786406
85303.2313231867,-8.87422385413682e-08,-2.00937759548058e-05,-7.59844952711172e-08,-0.000437179074508254,1.22513551370121e-09,7.04882928968241e-06,-5.85944595596846e-08,0.000153361838767314
85894.8218928089,-8.75240474186859e-08,-1.99553802972763e-05,-7.49414421408924e-08,-0.000434168048047919,1.20831779989878e-09,7.00028122060474e-06,-5.77901137025322e-08,0.000152305577077872
86490.5152308334,-8.63225787283961e-08,-1.98179378671772e-05,-7.39127070414806e-08,-0.000431177759815907,1.19173094496439e-09,6.95206752231902e-06,-5.6996809376029e-08,0.000151256590265766
87090.3397905676,-8.51376029183217e-08,-1.96814420983735e-05,-7.28980934328399e-08,-0.000428208066977326,1.17537177991611e-09,6.90418589185207e-06,-5.62143950091861e-08,0.000150214828226165
87694.3242226474,-8.39688935873636e-08,-1.9545886469972e-05,-7.18974074726709e-08,-0.000425258827681098,1.15923717927111e-09,6.85663404209276e-06,-5.5442721111685e-08,0.00014918024119933
88302.4973764047,-8.28162274422488e-08,-1.94112645060096e-05,-7.09104579793925e-08,-0.000422329901053183,1.1433240604486e-09,6.80940970168291e-06,-5.4681640245318e-08,0.000148152779768232
88914.8883012464,-8.16793842548673e-08,-1.92775697751428e-05,-6.99370563956214e-08,-0.00041942114718985,1.12762938318098e-09,6.76251061490866e-06,-5.39310069958157e-08,0.0001471323948562
89531.5262480405,-8.05581468201999e-08,-1.91447958903408e-05,-6.89770167521564e-08,-0.000416532427150991,1.11215014893303e-09,6.71593454159282e-06,-5.31906779450658e-08,0.000146119037724567
90152.440670515,-7.94523009148178e-08,-1.90129365085792e-05,-6.8030155632453e-08,-0.000413663602953484,1.09688340032912e-09,6.66967925698773e-06,-5.24605116437088e-08,0.000145112659970352
90777.661226663,-7.83616352559575e-08,-1.88819853305373e-05,-6.70962921375911e-08,-0.000410814537564603,1.08182622058828e-09,6.62374255166908e-06,-5.1740368584114e-08,0.00014411321352394
91407.217780161,-7.72859414611522e-08,-1.87519361002961e-05,-6.61752478517159e-08,-0.000407985094895464,1.06697573296694e-09,6.57812223143028e-06,-5.10301111737232e-08,0.00014312065064679
92041.1404017939,-7.62250140084224e-08,-1.86227826050397e-05,-6.52668468079614e-08,-0.000405175139794534,1.05232910020948e-09,6.53281611717773e-06,-5.03296037087629e-08,0.000142134923929155
92679.4593708925,-7.51786501970079e-08,-1.84945186747574e-05,-6.43709154548343e-08,-0.000402384538041165,1.03788352400613e-09,6.48782204482659e-06,-4.96387123483148e-08,0.000141155986287814
93322.2051767786,-7.41466501086436e-08,-1.83671381819491e-05,-6.34872826230643e-08,-0.000399613156339187,1.02363624445845e-09,6.44313786519755e-06,-4.89573050887453e-08,0.000140183790963828
93969.4085202226,-7.31288165693623e-08,-1.8240635041332e-05,-6.26157794929059e-08,-0.000396860862310535,1.0095845395521e-09,6.39876144391401e-06,-4.82852517384826e-08,0.000139218291520303
94621.1003149089,-7.21249551118262e-08,-1.81150032095497e-05,-6.17562395618919e-08,-0.000394127524488932,9.95725724636845e-10,6.35469066130023e-06,-4.76224238931432e-08,0.000138259441840174
95277.3116889132,-7.11348739381713e-08,-1.79902366848825e-05,-6.09084986130263e-08,-0.0003914130123136,9.82057151913665e-10,6.31092341228e-06,-4.69686949109975e-08,0.000137307196123999
95938.0739861886,-7.01583838833656e-08,-1.78663295069615e-05,-6.00723946834168e-08,-0.000388717196123029,9.68576209928986e-10,6.26745760627611e-06,-4.6323939888774e-08,0.000136361508887776
96603.4187680637,-6.91952983790669e-08,-1.77432757564822e-05,-5.92477680333347e-08,-0.000386039947148777,9.55280323075764e-10,6.22429116711047e-06,-4.56880356377934e-08,0.000135422334960767
97273.3778147489,-6.82454334179799e-08,-1.76210695549226e-05,-5.84344611157029e-08,-0.000383381137509326,9.42166951101481e-10,6.18142203290493e-06,-4.50608606604337e-08,0.000134489629483342
97947.983126856,-6.7308607518699e-08,-1.7499705064261e-05,-5.76323185459986e-08,-0.000380740640203963,9.29233588622844e-10,6.13884815598276e-06,-4.44422951269143e-08,0.000133563347904837
98627.2669269249,-6.63846416910377e-08,-1.73791764866976e-05,-5.68411870725735e-08,-0.00037811832910672,9.16477764647194e-10,6.09656750277087e-06,-4.38322208524025e-08,0.000132643445981423
99311.2616609643,-6.54733594018301e-08,-1.72594780643766e-05,-5.60609155473764e-08,-0.000375514078960344,9.03897042100434e-10,6.05457805370261e-06,-4.32305212744314e-08,0.000131729879773995
100000,-6.45745865412047e-08,-1.71406040791114e-05,-5.52913548970826e-08,-0.000372927765370318,8.91489017361482e-10,6.01287780312136e-06,-4.26370814306303e-08,0.000130822605646074
