Frequency_Hz,Y11_Real,Y11_Imag,Y12_Real,Y12_Imag,Y21_Real,Y21_Imag,Y22_Real,Y22_Imag
0.1,0.418378956918493,-0.00238606344928503,-0.303773956967925,-0.000421068192175021,0.149748944237734,-0.000421164564393477,-0.484453052693933,-7.17661951716853e-05
0.100693514841637,0.418378990130297,-0.00240262872705187,-0.303773940992667,-0.000423996229545202,0.149749073757091,-0.000424094615708614,-0.484453751206035,-7.22306181733211e-05
0.10139183931163,0.418379023768613,-0.00241930925327116,-0.3037739248078,-0.000426944737445908,0.149749205064807,-0.000427045179569548,-0.484454459396953,-7.26975667062132e-05
0.102095006765465,0.418379057838383,-0.00243610583478829,-0.303773908410765,-0.000429913861259384,0.149749338185374,-0.000430016402232565,-0.484455177400191,-7.31670437899151e-05
0.102803050789954,0.418379092344587,-0.00245301928420013,-0.303773891798972,-0.000432903747446889,0.149749473143611,-0.000433008431051065,-0.484455905351075,-7.3639052163732e-05
0.103516005204838,0.41837912729225,-0.00247005041989814,-0.303773874969809,-0.000435914543557627,0.149749609964673,-0.000436021414484856,-0.484456643386782,-7.41135942786027e-05
0.104233904064403,0.418379162686435,-0.00248720006611169,-0.303773857920637,-0.000438946398237776,0.149749748674054,-0.000439055502109571,-0.484457391646359,-7.45906722886755e-05
0.104956781659108,0.418379198532247,-0.00250446905295195,-0.303773840648791,-0.000441999461239613,0.14974988929759,-0.000442110844626173,-0.484458150270756,-7.50702880428535e-05
0.105684672517218,0.418379234834829,-0.00252185821645594,-0.30377382315158,-0.000445073883430726,0.149750031861463,-0.000445187593870568,-0.484458919402844,-7.55524430759678e-05
0.106417611406461,0.418379271599367,-0.00253936839863113,-0.303773805426286,-0.000448169816803329,0.149750176392208,-0.000448285902823314,-0.484459699187445,-7.6037138599952e-05
0.10715563333568,0.418379308831085,-0.00255700044750024,-0.303773787470166,-0.000451287414483657,0.149750322916716,-0.000451405925619434,-0.484460489771357,-7.6524375494675e-05
0.107898773556513,0.418379346535246,-0.00257475521714666,-0.30377376928045,-0.000454426830741493,0.149750471462239,-0.000454547817558363,-0.48446129130338,-7.70141542985672e-05
0.108647067565072,0.418379384717152,-0.00259263356775996,-0.303773750854344,-0.000457588220999748,0.149750622056393,-0.000457711735113953,-0.484462103934343,-7.75064751991662e-05
0.109400551103639,0.418379423382144,-0.00261063636568203,-0.303773732189024,-0.000460771741844177,0.149750774727166,-0.00046089783594462,-0.484462927817131,-7.80013380233154e-05
0.110159260162376,0.418379462535602,-0.00262876448345353,-0.303773713281643,-0.000463977551033197,0.14975092950292,-0.000464106278903614,-0.484463763106712,-7.84987422272308e-05
0.11092323098104,0.418379502182941,-0.00264701879986064,-0.303773694129326,-0.000467205807507767,0.149751086412397,-0.000467337224049352,-0.484464609960166,-7.89986868862495e-05
0.111692500050717,0.418379542329615,-0.00266540019998243,-0.303773674729173,-0.000470456671401428,0.149751245484723,-0.000470590832655919,-0.484465468536713,-7.95011706845247e-05
0.112467104115564,0.418379582981115,-0.0026839095752384,-0.303773655078256,-0.000473730304050415,0.149751406749414,-0.000473867267223655,-0.484466338997739,-8.00061919042742e-05
0.113247080174565,0.418379624142966,-0.00270254782343654,-0.303773635173624,-0.000477026868003874,0.149751570236381,-0.000477166691489853,-0.484467221506828,-8.05137484149523e-05
0.114032465483296,0.41837966582073,-0.00272131584882187,-0.303773615012295,-0.000480346527034214,0.149751735975934,-0.000480489270439598,-0.484468116229789,-8.1023837662144e-05
0.114823297555707,0.418379708020004,-0.00274021456212528,-0.303773594591265,-0.000483689446147547,0.149751903998787,-0.000483835170316719,-0.484469023334687,-8.15364566561748e-05
0.115619614165913,0.418379750746416,-0.00275924488061277,-0.303773573907503,-0.000487055791594244,0.149752074336064,-0.00048720455863484,-0.484469942991873,-8.20516019605089e-05
0.116421453349997,0.418379794005632,-0.00277840772813535,-0.303773552957951,-0.00049044573087961,0.149752247019305,-0.000490597604188607,-0.484470875374013,-8.25692696798525e-05
0.117228853407829,0.418379837803346,-0.00279770403517899,-0.303773531739526,-0.000493859432774668,0.14975242208047,-0.000494014477064962,-0.484471820656118,-8.30894554480661e-05
0.118041852904894,0.418379882145287,-0.00281713473891542,-0.303773510249119,-0.000497297067327071,0.149752599551943,-0.00049745534865464,-0.484472779015579,-8.36121544157305e-05
0.118860490674132,0.418379927037214,-0.00283670078325305,-0.303773488483595,-0.000500758805872114,0.149752779466542,-0.000500920391663701,-0.484473750632195,-8.4137361237531e-05
0.1196848058178,0.418379972484915,-0.00285640311888847,-0.303773466439794,-0.000504244821043881,0.149752961857518,-0.000504409780125266,-0.484474735688204,-8.46650700592269e-05
0.120514837709331,0.418380018494206,-0.00287624270335842,-0.30377344411453,-0.000507755286786511,0.149753146758566,-0.00050792368941135,-0.484475734368321,-8.51952745045022e-05
0.12135062599522,0.418380065070935,-0.00289622050109215,-0.303773421504592,-0.000511290378365575,0.149753334203829,-0.000511462296244827,-0.484476746859762,-8.5727967661417e-05
0.122192210596917,0.418380112220972,-0.0029163374834643,-0.303773398606746,-0.000514850272379608,0.149753524227902,-0.000515025778711558,-0.484477773352284,-8.62631420686169e-05
0.123039631712731,0.418380159950216,-0.00293659462884817,-0.303773375417728,-0.000518435146771721,0.149753716865838,-0.000518614316272624,-0.484478814038219,-8.6800789701167e-05
0.123892929819754,0.41838020826459,-0.00295699292266952,-0.303773351934256,-0.000522045180841389,0.149753912153158,-0.000522228089776734,-0.484479869112499,-8.73409019562094e-05
0.124752145675793,0.41838025717004,-0.00297753335746087,-0.303773328153018,-0.000525680555256341,0.149754110125849,-0.000525867281472743,-0.484480938772702,-8.78834696382072e-05
0.125617320321316,0.418380306672532,-0.00299821693291616,-0.30377330407068,-0.000529341452064596,0.149754310820379,-0.000529532075022352,-0.484482023219079,-8.84284829438427e-05
0.126488495081411,0.418380356778058,-0.00301904465594602,-0.303773279683886,-0.00053302805470661,0.149754514273694,-0.000533222655512907,-0.484483122654591,-8.89759314467164e-05
0.127365711567764,0.418380407492623,-0.00304001754073349,-0.303773254989252,-0.000536740548027602,0.149754720523231,-0.000536939209470399,-0.484484237284946,-8.95258040816208e-05
0.128249011680643,0.418380458822254,-0.00306113660879019,-0.303773229983376,-0.000540479118289969,0.149754929606921,-0.000540681924872578,-0.484485367318632,-9.00780891284689e-05
0.129138437610901,0.418380510772993,-0.00308240288901303,-0.303773204662828,-0.000544243953185876,0.149755141563194,-0.000544450991162237,-0.484486512966958,-9.06327741958951e-05
0.130034031841991,0.418380563350896,-0.00310381741774148,-0.303773179024159,-0.000548035241849972,0.14975535643099,-0.000548246599260645,-0.484487674444087,-9.11898462045875e-05
0.130935837151994,0.418380616562033,-0.00312538123881525,-0.303773153063895,-0.000551853174872264,0.149755574249758,-0.000552068941581149,-0.484488851967076,-9.17492913700968e-05
0.131843896615665,0.418380670412484,-0.00314709540363251,-0.303773126778543,-0.000555697944311106,0.149755795059469,-0.00055591821204292,-0.484490045755909,-9.23110951853989e-05
0.132758253606487,0.41838072490834,-0.0031689609712087,-0.303773100164588,-0.000559569743706377,0.14975601890062,-0.000559794606084876,-0.484491256033544,-9.28752424030448e-05
0.133678951798747,0.418380780055697,-0.00319097900823582,-0.303773073218491,-0.000563468768092775,0.149756245814238,-0.000563698320679764,-0.484492483025943,-9.34417170169594e-05
0.134606035169616,0.418380835860657,-0.00321315058914223,-0.303773045936697,-0.000567395214013295,0.149756475841892,-0.000567629554348414,-0.484493726962115,-9.40105022437694e-05
0.135539548001256,0.418380892329327,-0.00323547679615305,-0.303773018315627,-0.00057134927953282,0.149756709025693,-0.000571588507174154,-0.484494988074157,-9.45815805038254e-05
0.136479534882933,0.418380949467814,-0.00325795871935109,-0.303772990351686,-0.00057533116425192,0.149756945408307,-0.000575575380817412,-0.484496266597293,-9.5154933401783e-05
0.137426040713143,0.418381007282223,-0.00328059745673824,-0.303772962041259,-0.000579341069320763,0.149757185032957,-0.000579590378530477,-0.484497562769912,-9.57305417067407e-05
0.138379110701763,0.418381065778656,-0.00330339411429756,-0.303772933380711,-0.000583379197453206,0.149757427943432,-0.000583633705172448,-0.484498876833613,-9.63083853319814e-05
0.139338790372205,0.418381124963209,-0.00332634980605593,-0.303772904366391,-0.000587445752941081,0.149757674184094,-0.000587705567224374,-0.484500209033246,-9.68884433143365e-05
0.140305125563594,0.418381184841968,-0.00334946565414707,-0.303772874994632,-0.000591540941668574,0.149757923799886,-0.000591806172804544,-0.48450155961695,-9.74706937929871e-05
0.141278162432955,0.418381245421011,-0.00337274278887536,-0.303772845261749,-0.000595664971126851,0.149758176836333,-0.000595935731683998,-0.484502928836203,-9.80551139879195e-05
0.14225794745742,0.418381306706399,-0.0033961823487802,-0.303772815164042,-0.000599818050428802,0.149758433339559,-0.000600094455302215,-0.484504316945858,-9.86416801779036e-05
0.143244527436446,0.418381368704176,-0.00341978548070084,-0.303772784697796,-0.000604000390323983,0.149758693356285,-0.000604282556782985,-0.48450572420419,-9.92303676779598e-05
0.14423794949405,0.418381431420369,-0.00344355333984198,-0.303772753859283,-0.000608212203213728,0.149758956933842,-0.000608500250950482,-0.484507150872941,-9.98211508164148e-05
0.145238261081064,0.418381494860978,-0.00346748708983977,-0.303772722644761,-0.000612453703166434,0.149759224120175,-0.000612747754345529,-0.484508597217363,-0.000100414002911449
0.146245509977397,0.41838155903198,-0.00349158790282867,-0.303772691050477,-0.000616725105933037,0.149759494963852,-0.000617025285242088,-0.484510063506262,-0.000101008896247062
0.147259744294318,0.41838162393932,-0.00351585695950866,-0.303772659072664,-0.000621026628962666,0.149759769514074,-0.000621333063663901,-0.484511550012048,-0.000101605802048748
0.148281012476756,0.418381689588912,-0.00354029544921329,-0.303772626707548,-0.000625358491418481,0.149760047820674,-0.000625671311401396,-0.484513057010778,-0.0001022046904584
0.149309363305612,0.418381755986631,-0.00356490456997823,-0.303772593951345,-0.000629720914193707,0.149760329934136,-0.000630040252028769,-0.484514584782201,-0.000102805530508863
0.150344845900091,0.418381823138313,-0.00358968552861058,-0.303772560800259,-0.000634114119927863,0.149760615905592,-0.000634440110921295,-0.484516133609811,-0.000103408290097889
0.151387509720044,0.41838189104975,-0.00361463954075861,-0.303772527250493,-0.000638538333023167,0.149760905786839,-0.000638871115272818,-0.484517703780889,-0.000104012935961566
0.152437404568337,0.418381959726684,-0.0036397678309824,-0.303772493298239,-0.000642993779661164,0.149761199630339,-0.000643333494113521,-0.484519295586556,-0.000104619433647229
0.153494580593225,0.418382029174806,-0.00366507163282502,-0.303772458939687,-0.000647480687819534,0.149761497489232,-0.000647827478327875,-0.48452090932182,-0.000105227747485621
0.154559088290748,0.41838209939975,-0.0036905521888843,-0.303772424171022,-0.000651999287289112,0.149761799417342,-0.000652353300672813,-0.484522545285625,-0.000105837840562735
0.155630978507143,0.418382170407087,-0.00371621075088549,-0.303772388988428,-0.000656549809691124,0.149762105469185,-0.000656911195796166,-0.484524203780901,-0.000106449674690923
0.156710302441275,0.418382242202323,-0.00374204857975433,-0.303772353388087,-0.000661132488494612,0.149762415699978,-0.000661501400255286,-0.484525885114617,-0.000107063210379392
0.15779711164708,0.418382314790895,-0.00376806694569108,-0.303772317366182,-0.000665747559034086,0.149762730165645,-0.000666124152535969,-0.484527589597831,-0.000107678406804097
0.158891458036027,0.418382388178162,-0.00379426712824502,-0.303772280918899,-0.000670395258527397,0.149763048922827,-0.000670779693071528,-0.48452931754574,-0.000108295221777119
0.159993393879601,0.418382462369402,-0.00382065041638978,-0.303772244042426,-0.000675075826093808,0.149763372028892,-0.000675468264262207,-0.484531069277735,-0.000108913611715201
0.161102971811794,0.418382537369809,-0.00384721810859941,-0.303772206732958,-0.000679789502772311,0.14976369954194,-0.000680190110494769,-0.484532845117452,-0.000109533531607815
0.162220244831628,0.418382613184482,-0.00387397151292502,-0.303772168986695,-0.000684536531540155,0.149764031520811,-0.000684945478162365,-0.48453464539283,-0.000110154934984563
0.163345266305675,0.418382689818425,-0.00390091194707232,-0.303772130799848,-0.000689317157331605,0.149764368025097,-0.000689734615684676,-0.484536470436158,-0.000110777773881625
0.164478089970617,0.418382767276539,-0.00392804073847977,-0.303772092168635,-0.00069413162705694,0.14976470911515,-0.000694557773528256,-0.484538320584135,-0.000111401998808026
0.165618769935804,0.418382845563613,-0.00395535922439754,-0.303772053089289,-0.000698980189621674,0.149765054852087,-0.000699415204227202,-0.484540196177925,-0.000112027558710634
0.166767360685846,0.418382924684323,-0.00398286875196726,-0.303772013558058,-0.000703863095946039,0.149765405297804,-0.000704307162404056,-0.484542097563211,-0.000112654400938876
0.167923917083208,0.41838300464322,-0.00401057067830238,-0.303771973571203,-0.000708780598984679,0.149765760514978,-0.000709233904790977,-0.484544025090255,-0.00011328247120853
0.169088494370839,0.418383085444729,-0.00403846637056949,-0.303771933125006,-0.000713732953746625,0.149766120567083,-0.0007141956902512,-0.484545979113949,-0.00011391171356482
0.170261148174801,0.418383167093136,-0.00406655720607028,-0.303771892215769,-0.000718720417315487,0.149766485518395,-0.000719192779800765,-0.484547959993881,-0.000114542070344642
0.171441934506935,0.418383249592585,-0.00409484457232434,-0.303771850839815,-0.000723743248869922,0.149766855434002,-0.000724225436630525,-0.484549968094388,-0.000115173482138305
0.172630909767531,0.418383332947071,-0.00412332986715278,-0.303771808993496,-0.000728801709704365,0.14976723037981,-0.000729293926128472,-0.484552003784616,-0.000115805887750092
0.173828130748022,0.418383417160429,-0.00415201449876265,-0.303771766673189,-0.00073389606324999,0.14976761042256,-0.000734398515902316,-0.484554067438581,-0.000116439224158313
0.1750336546337,0.418383502236326,-0.00418089988583199,-0.3037717238753,-0.000739026575095961,0.149767995629826,-0.00073953947580235,-0.484556159435228,-0.000117073426474497
0.176247539006444,0.418383588178257,-0.00420998745759613,-0.30377168059627,-0.00074419351301096,0.149768386070035,-0.000744717077944695,-0.484558280158493,-0.000117708427901604
0.177469841847474,0.418383674989535,-0.00423927865393435,-0.303771636832575,-0.000749397146964966,0.149768781812469,-0.000749931596734746,-0.484560429997367,-0.000118344159691579
0.178700621540116,0.418383762673278,-0.00426877492545762,-0.303771592580729,-0.000754637749151311,0.149769182927277,-0.000755183308891007,-0.484562609345952,-0.000118980551101801
0.179939936872594,0.418383851232405,-0.00429847773359727,-0.303771547837287,-0.00075991559400905,0.149769589485487,-0.000760472493469187,-0.48456481860353,-0.000119617529351017
0.181187847040838,0.418383940669625,-0.00432838855069425,-0.303771502598849,-0.000765230958245566,0.149770001559008,-0.000765799431886665,-0.484567058174625,-0.000120255019573925
0.182444411651309,0.418384030987427,-0.00435850886008957,-0.30377145686206,-0.000770584120859517,0.14977041922065,-0.000771164407947238,-0.484569328469065,-0.000120892944775193
0.183709690723849,0.41838412218807,-0.00438884015621535,-0.303771410623619,-0.000775975363164033,0.149770842544122,-0.000776567707866203,-0.48457162990205,-0.000121531225782422
0.184983744694544,0.418384214273573,-0.00441938394468691,-0.303771363880277,-0.000781404968810242,0.149771271604052,-0.000782009620295802,-0.484573962894217,-0.000122169781198084
0.186266634418617,0.418384307245706,-0.00445014174239581,-0.303771316628841,-0.000786873223811083,0.149771706475992,-0.000787490436350971,-0.484576327871704,-0.000122808527350679
0.187558421173328,0.418384401105976,-0.00448111507760353,-0.303771268866183,-0.000792380416565424,0.149772147236425,-0.000793010449635448,-0.484578725266221,-0.00012344737824465
0.188859166660905,0.418384495855617,-0.00451230549003644,-0.303771220589236,-0.000797926837882514,0.149772593962781,-0.000798569956268242,-0.484581155515113,-0.000124086245509532
0.190168933011491,0.418384591495581,-0.0045437145309814,-0.303771171795003,-0.000803512781006711,0.149773046733443,-0.000804169254910433,-0.484583619061431,-0.000124725038347914
0.191487782786108,0.418384688026521,-0.0045753437633824,-0.303771122480559,-0.000809138541642584,0.149773505627756,-0.000809808646792333,-0.484586116354002,-0.000125363663482501
0.192815778979652,0.418384785448783,-0.00460719476193821,-0.303771072643056,-0.000814804417980278,0.149773970726042,-0.000815488435741047,-0.484588647847497,-0.000126002025101914
0.194152985023894,0.418384883762391,-0.00463926911320092,-0.303771022279727,-0.000820510710721282,0.149774442109604,-0.000821208928208351,-0.484591214002502,-0.000126640024805592
0.195499464790516,0.418384982967036,-0.00467156841567543,-0.303770971387891,-0.000826257723104459,0.149774919860741,-0.000826970433298993,-0.484593815285586,-0.000127277561547533
0.196855282594159,0.418385083062058,-0.00470409427991991,-0.303770919964954,-0.000832045760932458,0.149775404062753,-0.000832773262799337,-0.48459645216938,-0.000127914531578802
0.198220503195496,0.418385184046438,-0.00473684832864745,-0.30377086800842,-0.000837875132598489,0.149775894799956,-0.000838617731206439,-0.484599125132641,-0.000128550828389126
0.199595191804325,0.418385285918779,-0.00476983219682834,-0.303770815515891,-0.000843746149113383,0.149776392157691,-0.000844504155757448,-0.484601834660331,-0.000129186342647081
0.200979414082682,0.418385388677293,-0.00480304753179371,-0.303770762485072,-0.000849659124133076,0.149776896222332,-0.0008504328564595,-0.484604581243689,-0.000129820962139177
0.202373236147981,0.418385492319786,-0.00483649599334,-0.30377070891378,-0.000855614373986413,0.149777407081299,-0.000856404156119911,-0.484607365380303,-0.000130454571707891
0.203776724576168,0.418385596843641,-0.00487017925383453,-0.303770654799945,-0.000861612217703331,0.149777924823066,-0.000862418380376873,-0.48461018757419,-0.000131087053188178
0.205189946404906,0.418385702245805,-0.00490409899832204,-0.303770600141617,-0.00086765297704341,0.149778449537174,-0.000868475857730501,-0.484613048335869,-0.000131718285342933
0.206612969136771,0.418385808522766,-0.00493825692463242,-0.303770544936976,-0.000873736976524794,0.149778981314238,-0.000874576919574343,-0.484615948182436,-0.000132348143797145
0.208045860742482,0.418385915670542,-0.00497265474348935,-0.303770489184328,-0.000879864543453521,0.149779520245961,-0.000880721900227303,-0.484618887637645,-0.000132976500970682
0.209488689664142,0.418386023684662,-0.00500729417862011,-0.303770432882124,-0.000886036007953198,0.149780066425141,-0.00088691113696599,-0.484621867231984,-0.00013360322600979
0.210941524818514,0.418386132560145,-0.00504217696686647,-0.303770376028953,-0.0008922517029951,0.149780619945686,-0.000893144970057522,-0.484624887502752,-0.000134228184717346
0.212404435600306,0.418386242291483,-0.00507730485829663,-0.303770318623559,-0.000898511964428661,0.149781180902617,-0.000899423742792791,-0.484627948994143,-0.000134851239481495
0.21387749188549,0.418386352872621,-0.00511267961631827,-0.303770260664842,-0.000904817131012352,0.149781749392088,-0.000905747801520137,-0.48463105225732,-0.000135472249203093
0.215360764034637,0.41838646429694,-0.00514830301779281,-0.303770202151868,-0.000911167544445002,0.149782325511389,-0.000912117495679534,-0.484634197850501,-0.000136091069221758
0.21685432289628,0.418386576557233,-0.00518417685315077,-0.303770143083873,-0.000917563549397516,0.149782909358959,-0.000918533177837237,-0.484637386339038,-0.000136707551240178
0.218358239810298,0.418386689645683,-0.00522030292650801,-0.303770083460271,-0.000924005493544976,0.149783501034398,-0.000924995203720823,-0.484640618295498,-0.000137321543247339
0.21987258661132,0.418386803553847,-0.00525668305578366,-0.303770023280667,-0.000930493727599263,0.149784100638475,-0.00093150393225486,-0.484643894299748,-0.000137932889440015
0.22139743563216,0.418386918272626,-0.00529331907281871,-0.303769962544856,-0.000937028605342013,0.149784708273141,-0.00093805972559693,-0.484647214939037,-0.00013854143014267
0.222932859707273,0.418387033792248,-0.00533021282349598,-0.303769901252837,-0.000943610483658092,0.149785324041536,-0.000944662949174222,-0.484650580808083,-0.000139147001726042
0.224478932176229,0.418387150102243,-0.00536736616786138,-0.30376983940482,-0.000950239722569447,0.149785948048004,-0.000951313971720599,-0.484653992509151,-0.000139749436523957
0.22603572688722,0.418387267191416,-0.00540478098024609,-0.303769777001235,-0.000956916685269462,0.1497865803981,-0.000958013165314167,-0.484657450652147,-0.000140348562748562
0.227603318200585,0.418387385047824,-0.00544245914939025,-0.303769714042739,-0.00096364173815776,0.149787221198603,-0.000964760905415397,-0.4846609558547,-0.000140944204403991
0.229181780992365,0.418387503658751,-0.00548040257856768,-0.303769650530228,-0.000970415250875446,0.149787870557524,-0.000971557570905742,-0.484664508742245,-0.000141536181198318
0.230771190657875,0.418387623010679,-0.00551861318571188,-0.303769586464843,-0.000977237596340855,0.149788528584117,-0.000978403544126778,-0.484668109948119,-0.000142124308453742
0.23237162311531,0.418387743089262,-0.00555709290354329,-0.303769521847984,-0.000984109150785747,0.149789195388893,-0.000985299210919898,-0.484671760113643,-0.000142708397015211
0.233983154809368,0.418387863879299,-0.00559584367969785,-0.303769456681314,-0.000991030293792016,0.149789871083625,-0.000992244960666583,-0.484675459888211,-0.000143288253157139
0.235605862714901,0.418387985364704,-0.00563486747685663,-0.303769390966776,-0.000998001408328855,0.149790555781361,-0.000999241186329134,-0.484679209929384,-0.000143863678488405
0.237239824340596,0.418388107528476,-0.00567416627287704,-0.3037693247066,-0.00100502288079045,0.149791249596436,-0.00100628828449208,-0.484683010902973,-0.000144434469855521
0.238885117732672,0.418388230352667,-0.00571374206092509,-0.303769257903313,-0.00101209510103418,0.149791952644477,-0.00101338665540407,-0.484686863483137,-0.000145000419243951
0.240541821478611,0.418388353818354,-0.00575359684960897,-0.303769190559754,-0.00101921846241925,0.149792665042421,-0.0010205367030204,-0.484690768352469,-0.000145561313677468
0.242210014710909,0.418388477905606,-0.00579373266311416,-0.30376912267908,-0.00102639336184601,0.149793386908517,-0.00102773883504606,-0.484694726202092,-0.000146116935115882
0.24388977711086,0.418388602593447,-0.0058341515413395,-0.303769054264784,-0.00103362019979558,0.149794118362343,-0.00103499346297942,-0.484698737731747,-0.000146667060350346
0.24558118891236,0.418388727859827,-0.00587485554003501,-0.303768985320705,-0.00104089938037022,0.14979485952481,-0.00104230100215656,-0.48470280364989,-0.000147211460897204
0.247284330905736,0.418388853681583,-0.0059158467309407,-0.303768915851039,-0.00104823131133407,0.149795610518177,-0.00104966187179606,-0.484706924673786,-0.000147749902889412
0.24899928444161,0.418388980034406,-0.00595712720192687,-0.303768845860353,-0.00105561640415453,0.149796371466058,-0.0010570764950446,-0.4847111015296,-0.000148282146966112
0.250726131434783,0.4183891068928,-0.00599869905713585,-0.303768775353602,-0.00106305507404417,0.149797142493432,-0.00106454529902302,-0.484715334952493,-0.000148807948160135
0.252464954368146,0.418389234230049,-0.00604056441712504,-0.303768704336135,-0.0010705477400032,0.149797923726655,-0.0010720687148731,-0.484719625686721,-0.000149327055783327
0.254215836296621,0.418389362018173,-0.00608272541901131,-0.30376863281372,-0.00107809482486249,0.149798715293465,-0.001079647177805,-0.484723974485726,-0.000149839213309681
0.25597886085113,0.41838949022789,-0.00612518421661686,-0.303768560792547,-0.00108569675532719,0.149799517322997,-0.00108728112714524,-0.484728382112237,-0.000150344158256425
0.257754112242586,0.418389618828576,-0.00616794298061648,-0.303768488279254,-0.00109335396202093,0.149800329945788,-0.00109497100638549,-0.484732849338363,-0.000150841622062761
0.259541675265918,0.418389747788218,-0.00621100389868617,-0.303768415280935,-0.00110106687953058,0.149801153293789,-0.00110271726323187,-0.484737376945694,-0.000151331329966357
0.261341635304121,0.418389877073378,-0.00625436917565335,-0.303768341805159,-0.00110883594645165,0.149801987500371,-0.00111052034965511,-0.484741965725399,-0.000151813000877681
0.263154078332332,0.418390006649138,-0.00629804103364823,-0.303768267859986,-0.00111666160543424,0.149802832700339,-0.00111838072194115,-0.484746616478321,-0.000152286347251757
0.26497909092194,0.418390136479063,-0.00634202171225691,-0.303768193453986,-0.00112454430322968,0.149803689029935,-0.0011262988407427,-0.484751330015081,-0.000152751074957734
0.266816760244719,0.41839026652515,-0.00638631346867582,-0.303768118596252,-0.00113248449073769,0.149804556626852,-0.00113427517113129,-0.484756107156173,-0.000153206883146122
0.268667174076992,0.418390396747778,-0.0064309185778676,-0.303768043296425,-0.00114048262305426,0.149805435630236,-0.00114231018265016,-0.484760948732068,-0.000153653464113196
0.270530420803823,0.418390527105661,-0.00647583933271848,-0.303767967564703,-0.00114853915952011,0.149806326180703,-0.00115040434936778,-0.484765855583313,-0.000154090503163465
0.27240658942324,0.418390657555795,-0.00652107804419724,-0.303767891411869,-0.00115665456376978,0.14980722842034,-0.0011585581499322,-0.484770828560629,-0.000154517678469024
0.274295769550488,0.418390788053404,-0.00656663704151548,-0.303767814849307,-0.00116482930378145,0.149808142492715,-0.001166772067626,-0.484775868525017,-0.000154934660926927
0.276198051422303,0.418390918551893,-0.00661251867228963,-0.303767737889021,-0.0011730638519273,0.149809068542887,-0.00117504659042213,-0.484780976347857,-0.000155341114013392
0.278113525901229,0.418391049002781,-0.00665872530270423,-0.303767660543657,-0.00118135868502465,0.14981000671741,-0.00118338221104042,-0.484786152911009,-0.000155736693635833
0.280042284479955,0.418391179355655,-0.00670525931767696,-0.303767582826526,-0.00118971428438769,0.149810957164343,-0.00119177942700483,-0.484791399106919,-0.00015612104798185
0.281984419285683,0.418391309558106,-0.00675212312102494,-0.303767504751623,-0.0011981311358799,0.149811920033256,-0.00120023874070159,-0.484796715838717,-0.000156493817365683
0.283940023084533,0.418391439555668,-0.00679931913563287,-0.303767426333652,-0.00120660972996723,0.149812895475236,-0.00120876065943795,-0.484802104020322,-0.000156854634071855
0.285909189285972,0.418391569291762,-0.00684684980362248,-0.303767347588047,-0.00121515056177189,0.149813883642898,-0.00121734569550191,-0.484807564576547,-0.000157203122196033
0.287892011947275,0.418391698707628,-0.0068947175865237,-0.303767268530998,-0.00122375413112687,0.149814884690384,-0.00122599436622261,-0.484813098443199,-0.00015753889748276
0.289888585778017,0.418391827742259,-0.00694292496544709,-0.303767189179475,-0.0012324209426312,0.149815898773375,-0.00123470719403155,-0.484818706567184,-0.000157861567160841
0.291899006144599,0.418391956332342,-0.00699147444125844,-0.303767109551253,-0.0012411515057059,0.149816926049095,-0.0012434847065247,-0.484824389906612,-0.000158170729775121
0.293923369074803,0.418392084412182,-0.00704036853475407,-0.303767029664938,-0.00124994633465066,0.149817966676316,-0.00125232743652538,-0.484830149430898,-0.000158465975015759
0.295961771262377,0.418392211913634,-0.00708960978683854,-0.303766949539994,-0.00125880594870123,0.149819020815363,-0.00126123592214796,-0.484835986120869,-0.000158746883544406
0.298014310071653,0.418392338766034,-0.0071392007587035,-0.303766869196769,-0.00126773087208763,0.14982008862812,-0.00127021070686244,-0.484841900968866,-0.000159013026816916
0.300081083542203,0.418392464896124,-0.00718914403200811,-0.303766788656527,-0.00127672163409302,0.149821170278034,-0.00127925233955988,-0.48484789497885,-0.000159263966903529
0.302162190393513,0.418392590227973,-0.00723944220906129,-0.303766707941472,-0.00128577876911339,0.149822265930118,-0.0012883613746187,-0.484853969166504,-0.000159499256305366
0.304257730029708,0.418392714682905,-0.00729009791300538,-0.303766627074782,-0.00129490281671798,0.149823375750957,-0.00129753837197182,-0.484860124559339,-0.000159718437768006
0.306367802544292,0.418392838179416,-0.00734111378800134,-0.303766546080639,-0.00130409432171043,0.149824499908709,-0.00130678389717466,-0.484866362196799,-0.000159921044091738
0.308492508724934,0.418392960633094,-0.00739249249941586,-0.303766464984257,-0.00131335383419087,0.149825638573111,-0.00131609852147417,-0.484872683130361,-0.0001601065979384
0.31063195005828,0.418393081956535,-0.00744423673400969,-0.303766383811918,-0.00132268190961856,0.149826791915478,-0.00132548282187855,-0.484879088423644,-0.000160274611635036
0.312786228734801,0.418393202059256,-0.00749634920012786,-0.303766302591006,-0.00133207910887558,0.149827960108707,-0.00133493738122806,-0.484885579152509,-0.00016042458697392
0.314955447653674,0.418393320847609,-0.00754883262789127,-0.303766221350038,-0.00134154599833108,0.149829143327281,-0.00134446278826661,-0.484892156405165,-0.000160556015009541
0.317139710427697,0.418393438224692,-0.00760168976939022,-0.3037661401187,-0.00135108314990648,0.149830341747264,-0.0013540596377144,-0.484898821282272,-0.000160668375851492
0.319339121388238,0.418393554090252,-0.00765492339887909,-0.303766058927884,-0.00136069114114152,0.14983155554631,-0.00136372853034136,-0.484905574897043,-0.00016076113845441
0.321553785590219,0.418393668340598,-0.00770853631297307,-0.303765977809727,-0.00137037055526098,0.149832784903657,-0.00137347007304164,-0.484912418375347,-0.000160833760403975
0.323783808817133,0.418393780868495,-0.00776253133084615,-0.303765896797644,-0.00138012198124235,0.149834030000128,-0.00138328487890901,-0.484919352855815,-0.00016088568769923
0.326029297586097,0.418393891563073,-0.00781691129443093,-0.303765815926371,-0.00138994601388432,0.149835291018133,-0.0013931735673132,-0.484926379489936,-0.000160916354531637
0.328290359152942,0.418394000309719,-0.0078716790686199,-0.303765735232005,-0.00139984325387604,0.149836568141665,-0.00140313676397721,-0.484933499442164,-0.000160925183059796
0.330567101517332,0.418394106989975,-0.00792683754146846,-0.303765654752044,-0.00140981430786736,0.149837861556299,-0.00141317510105565,-0.484940713890017,-0.000160911583180948
0.332859633427924,0.418394211481435,-0.00798238962439925,-0.303765574525428,-0.00141985978853975,0.14983917144919,-0.00142328921721401,-0.484948024024176,-0.000160874952298093
0.335168064387565,0.418394313657627,-0.00803833825240841,-0.303765494592588,-0.00142998031467827,0.149840498009068,-0.00143347975770887,-0.484955431048589,-0.000160814675083845
0.337492504658521,0.418394413387909,-0.00809468638427315,-0.303765414995483,-0.00144017651124424,0.149841841426239,-0.00144374737446927,-0.484962936180566,-0.000160730123239736
0.339833065267741,0.418394510537349,-0.008151437002761,-0.303765335777653,-0.0014504490094489,0.149843201892575,-0.00145409272617887,-0.484970540650882,-0.000160620655252117
0.342189858012163,0.418394604966612,-0.00820859311484071,-0.303765256984263,-0.00146079844682789,0.149844579601512,-0.00146451647835936,-0.484978245703869,-0.000160485616143485
0.344562995464054,0.418394696531832,-0.00826615775189438,-0.303765178662147,-0.0014712254673166,0.149845974748046,-0.00147501930345465,-0.484986052597519,-0.000160324337220158
0.346952590976386,0.418394785084498,-0.00832413396993159,-0.303765100859868,-0.0014817307213265,0.149847387528723,-0.00148560188091629,-0.484993962603579,-0.000160136135815642
0.349358758688252,0.418394870471321,-0.00838252484980466,-0.303765023627759,-0.00149231486582224,0.149848818141633,-0.00149626489728977,-0.485001977007642,-0.00015992031502983
0.351781613530314,0.418394952534106,-0.00844133349742559,-0.30376494701798,-0.00150297856439972,0.149850266786405,-0.00150700904630196,-0.485010097109245,-0.000159676163464004
0.354221271230298,0.418395031109622,-0.00850056304398465,-0.303764871084572,-0.00151372248736505,0.149851733664195,-0.00151783502894959,-0.485018324221963,-0.000159402954951524
0.356677848318515,0.418395106029463,-0.00856021664617016,-0.30376479588351,-0.00152454731181446,0.149853218977678,-0.00152874355358868,-0.485026659673497,-0.000159099948284377
0.359151462133436,0.418395177119912,-0.00862029748638998,-0.303764721472761,-0.00153545372171499,0.149854722931037,-0.00153973533602518,-0.485035104805768,-0.000158766386934975
0.361642230827288,0.418395244201798,-0.00868080877299426,-0.30376464791234,-0.00154644240798626,0.149856245729954,-0.00155081109960654,-0.485043660975004,-0.000158401498774052
0.364150273371703,0.41839530709035,-0.00874175374049997,-0.303764575264372,-0.00155751406858303,0.149857787581594,-0.00156197157531445,-0.485052329551833,-0.000158004495783667
0.366675709563398,0.418395365595051,-0.00880313564981641,-0.303764503593154,-0.00156866940857877,0.149859348694598,-0.00157321750185859,-0.485061111921362,-0.000157574573765806
0.369218660029898,0.418395419519481,-0.0088649577884724,-0.303764432965213,-0.00157990914025005,0.149860929279065,-0.00158454962577146,-0.48507000948327,-0.00015711091204669
0.371779246235299,0.418395468661167,-0.00892722347084484,-0.303764363449375,-0.00159123398316197,0.149862529546537,-0.00159596870150433,-0.485079023651884,-0.00015661267317614
0.374357590486067,0.418395512811418,-0.00898993603838853,-0.303764295116826,-0.00160264466425443,0.149864149709985,-0.00160747549152428,-0.48508815585627,-0.00015607900262235
0.376953815936883,0.418395551755167,-0.00905309885986746,-0.303764228041184,-0.00161414191792941,0.149865789983793,-0.00161907076641232,-0.485097407540303,-0.000155509028462231
0.379568046596523,0.418395585270804,-0.00911671533158701,-0.30376416229857,-0.00162572648613906,0.149867450583739,-0.00163075530496251,-0.485106780162753,-0.000154901861066675
0.382200407333782,0.41839561313,-0.0091807888776281,-0.30376409796767,-0.00163739911847484,0.149869131726976,-0.00164252989428235,-0.485116275197358,-0.000154256592781371
0.384851023883439,0.418395635097541,-0.00924532295008194,-0.303764035129818,-0.00164916057225753,0.149870833632012,-0.00165439532989416,-0.4851258941329,-0.00015357229760235
0.387520022852263,0.418395650931143,-0.00931032102928643,-0.303763973869067,-0.00166101161262817,0.149872556518691,-0.00166635241583758,-0.485135638473275,-0.000152848030847155
0.390207531725059,0.418395660381275,-0.00937578662406339,-0.303763914272262,-0.00167295301263994,0.149874300608169,-0.00167840196477315,-0.485145509737564,-0.00015208282882069
0.392913678870758,0.418395663190968,-0.00944172327195742,-0.303763856429125,-0.001684985553351,0.149876066122889,-0.00169054479808709,-0.485155509460102,-0.000151275708476589
0.395638593548549,0.418395659095629,-0.00950813453947525,-0.30376380043233,-0.00169711002391818,0.149877853286562,-0.00170278174599703,-0.485165639190543,-0.000150425667072934
0.398382405914052,0.418395647822845,-0.00957502402232679,-0.303763746377591,-0.00170932722169166,0.149879662324136,-0.00171511364765905,-0.485175900493921,-0.000149531681823481
0.401145247025537,0.418395629092181,-0.00964239534566668,-0.303763694363743,-0.00172163795231054,0.14988149346177,-0.00172754135127558,-0.485186294950712,-0.000148592709543705
0.403927248850181,0.418395602614982,-0.00971025216433727,-0.303763644492828,-0.00173404302979932,0.149883346926807,-0.00174006571420463,-0.485196824156892,-0.000147607686291518
0.406728544270374,0.418395568094164,-0.00977859816311229,-0.303763596870187,-0.00174654327666535,0.149885222947744,-0.00175268760307001,-0.485207489723989,-0.000146575527003062
0.409549267090063,0.418395525223999,-0.00984743705694154,-0.303763551604549,-0.00175913952399711,0.149887121754201,-0.00176540789387266,-0.485218293279137,-0.000145495125123296
0.412389552041149,0.418395473689901,-0.00991677259119631,-0.303763508808128,-0.00177183261156341,0.149889043576886,-0.00177822747210307,-0.485229236465125,-0.000144365352231168
0.415249534789915,0.418395413168205,-0.00998660854191585,-0.303763468596713,-0.00178462338791356,0.149890988647565,-0.0017911472328549,-0.485240320940442,-0.000143185057659798
0.418129351943512,0.418395343325939,-0.0100569487160544,-0.30376343108977,-0.00179751271047833,0.149892957199023,-0.0018041680809395,-0.485251548379318,-0.000141953068111322
0.421029141056481,0.418395263820596,-0.0101277969517288,-0.303763396410542,-0.00181050144567181,0.14989494946503,-0.00181729093100172,-0.485262920471766,-0.000140668187266171
0.423949040637325,0.418395174299896,-0.0101991571184674,-0.303763364686151,-0.00182359046899426,0.149896965680302,-0.00183051670763668,-0.485274438923613,-0.000139329195387491
0.426889190155123,0.418395074401547,-0.0102710331174586,-0.303763336047705,-0.00183678066513562,0.149899006080457,-0.00184384634550764,-0.485286105456535,-0.000137934848919594
0.429849730046193,0.418394963752996,-0.0103434288818008,-0.303763310630406,-0.00185007292808005,0.149901070901978,-0.00185728078946499,-0.485297921808086,-0.000136483880081625
0.432830801720801,0.418394841971185,-0.0104163483767522,-0.303763288573656,-0.00186346816121122,0.14990316038217,-0.00187082099466619,-0.485309889731718,-0.000134974996455428
0.435832547569911,0.41839470866229,-0.0104897955999815,-0.303763270021179,-0.0018769672774185,0.149905274759109,-0.001884467926697,-0.485322010996804,-0.000133406880567899
0.438855110971994,0.418394563421458,-0.0105637745818185,-0.303763255121129,-0.00189057119920385,0.149907414271601,-0.00189822256169343,-0.485334287388654,-0.000131778189468398
0.441898636299867,0.418394405832549,-0.0106382893855054,-0.303763244026214,-0.00190428085878966,0.149909579159131,-0.00191208588646501,-0.485346720708525,-0.000130087554300065
0.444963268927599,0.418394235467854,-0.0107133441074479,-0.303763236893814,-0.00191809719822726,0.149911769661814,-0.00192605889861893,-0.485359312773627,-0.000128333579866191
0.448049155237445,0.418394051887826,-0.0107889428774666,-0.303763233886108,-0.00193202116950629,0.14991398602034,-0.00194014260668529,-0.485372065417129,-0.000126514844190462
0.451156442626847,0.418393854640794,-0.0108650898590488,-0.303763235170201,-0.00194605373466475,0.149916228475922,-0.00195433803024329,-0.485384980488156,-0.000124629898072479
0.454285279515466,0.418393643262671,-0.0109417892495996,-0.303763240918255,-0.00196019586589987,0.149918497270239,-0.00196864620004841,-0.485398059851777,-0.000122677264636994
0.457435815352278,0.418393417276668,-0.0110190452806934,-0.303763251307622,-0.00197444854567961,0.149920792645378,-0.00198306815816063,-0.485411305389001,-0.000120655438878167
0.46060820062271,0.418393176192987,-0.0110968622183251,-0.303763266520979,-0.00198881276685498,0.149923114843774,-0.00199760495807361,-0.485424718996751,-0.000118562887198012
0.463802586855826,0.418392919508519,-0.0111752443631606,-0.303763286746473,-0.00200328953277288,0.149925464108147,-0.00201225766484468,-0.485438302587848,-0.000116398046939303
0.467019126631568,0.418392646706531,-0.0112541960507879,-0.303763312177858,-0.00201787985738971,0.149927840681439,-0.00202702735522595,-0.485452058090977,-0.000114159325913202
0.470257973588042,0.418392357256348,-0.011333721651967,-0.303763343014646,-0.00203258476538565,0.149930244806745,-0.00204191511779624,-0.48546598745066,-0.00011184510192104
0.473519282428857,0.418392050613031,-0.0114138255728788,-0.303763379462257,-0.00204740529227936,0.149932676727248,-0.0020569220530939,-0.485480092627208,-0.000109453722270794
0.476803208930514,0.418391726217048,-0.011494512255375,-0.303763421732167,-0.0020623424845435,0.149935136686144,-0.00207204927375051,-0.48549437559668,-0.000106983503288
0.480109909949849,0.418391383493933,-0.0115757861772251,-0.303763470042073,-0.00207739739972059,0.149937624926571,-0.00208729790462542,-0.485508838350832,-0.000104432729821191
0.483439543431522,0.418391021853951,-0.0116576518523646,-0.303763524616048,-0.00209257110653955,0.149940141691533,-0.0021026690829412,-0.485523482897054,-0.00010179965474183
0.486792268415562,0.418390640691745,-0.0117401138311406,-0.303763585684706,-0.00210786468503264,0.149942687223823,-0.00211816395841979,-0.485538311258308,-9.90824984387767e-05
0.490168245044966,0.41839023938598,-0.0118231767005575,-0.303763653485371,-0.00212327922665288,0.149945261765939,-0.00213378369341949,-0.485553325473057,-9.62794483075208e-05
0.493567634573345,0.418389817298986,-0.0119068450845207,-0.303763728262248,-0.00213881583439191,0.149947865560006,-0.00214952946307272,-0.485568527595184,-9.3388658233523e-05
0.496990599372628,0.418389373776387,-0.0119911236440795,-0.303763810266599,-0.00215447562289828,0.149950498847685,-0.00216540245542444,-0.485583919693906,-9.04082480710222e-05
0.500437302940819,0.418388908146728,-0.0120760170776687,-0.303763899756922,-0.00217025971859598,0.149953161870092,-0.00218140387157135,-0.485599503853685,-8.73363031156094e-05
0.503907909909802,0.418388419721092,-0.0121615301213477,-0.303763996999136,-0.00218616925980337,0.1499558548677,-0.00219753492580171,-0.485615282174123,-8.41708735722368e-05
0.50740258605321,0.418387907792715,-0.0122476675490395,-0.303764102266765,-0.00220220539685246,0.149958578080252,-0.00221379684573586,-0.485631256769854,-8.09099740174957e-05
0.510921498294339,0.418387371636591,-0.0123344341727665,-0.303764215841134,-0.00221836929220818,0.149961331746658,-0.00223019087246726,-0.485647429770434,-7.75515828570217e-05
0.514464814714125,0.418386810509066,-0.0124218348428852,-0.303764338011562,-0.00223466212058811,0.149964116104905,-0.00224671826070412,-0.485663803320207,-7.40936417776977e-05
0.518032704559168,0.418386223647439,-0.0125098744483187,-0.303764469075563,-0.00225108506908223,0.149966931391949,-0.00226338027891172,-0.485680379578182,-7.05340551945821e-05
0.52162533824982,0.418385610269536,-0.0125985579167865,-0.303764609339052,-0.00226763933727269,0.149969777843612,-0.00228017820945496,-0.485697160717887,-6.68706896931603e-05
0.525242887388322,0.418384969573298,-0.0126878902150333,-0.303764759116552,-0.00228432613735381,0.149972655694475,-0.00229711334874167,-0.485714148927221,-6.31013734665176e-05
0.528885524767003,0.418384300736345,-0.0127778763490533,-0.303764918731408,-0.00230114669425187,0.14997556517777,-0.00231418700736607,-0.485731346408295,-5.92238957472513e-05
0.532553424376533,0.418383602915543,-0.0128685213643143,-0.303765088516007,-0.00231810224574506,0.149978506525263,-0.00233140051025285,-0.485748755377266,-5.523600623554e-05
0.536246761414231,0.418382875246559,-0.0129598303459769,-0.303765268811997,-0.00233519404258311,0.149981479967141,-0.00234875519680141,-0.485766378064157,-5.11354145214804e-05
0.539965712292437,0.418382116843415,-0.0130518084191125,-0.30376545997052,-0.00235242334860689,0.149984485731889,-0.00236625242103052,-0.485784216712678,-4.69197895036494e-05
0.543710454646936,0.418381326798022,-0.0131444607489167,-0.303765662352439,-0.00236979144086766,0.149987524046172,-0.00238389355172311,-0.485802273580022,-4.25867588024487e-05
0.547481167345445,0.418380504179726,-0.013237792540921,-0.303765876328579,-0.00238729960974621,0.149990595134708,-0.00240167997257144,-0.485820550936662,-3.81339081696325e-05
0.551278030496154,0.418379648034828,-0.0133318090412001,-0.303766102279967,-0.00240494915907144,0.149993699220136,-0.00241961308232225,-0.485839051066139,-3.35587808931587e-05
0.55510122545633,0.418378757386106,-0.013426515536576,-0.303766340598081,-0.00242274140623861,0.149996836522887,-0.00243769429492207,-0.485857776264829,-2.88588771980847e-05
0.558950934840979,0.418377831232333,-0.0135219173548187,-0.303766591685101,-0.00244067768232712,0.150000007261049,-0.00245592503966266,-0.485876728841713,-2.40316536432028e-05
0.56282734253157,0.418376868547779,-0.0136180198648424,-0.303766855954168,-0.00245875933221769,0.150003211650227,-0.00247430676132632,-0.485895911118124,-1.9074522514026e-05
0.566730633684818,0.418375868281711,-0.0137148284768984,-0.303767133829645,-0.00247698771470889,0.150006449903402,-0.0024928409203312,-0.485915325427491,-1.39848512116375e-05
0.570660994741526,0.418374829357884,-0.0138123486427635,-0.30376742574739,-0.00249536420263302,0.150009722230781,-0.00251152899287657,-0.485934974115067,-8.75996163811343e-06
0.574618613435493,0.418373750674027,-0.0139105858559236,-0.303767732155022,-0.0025138901829711,0.150013028839656,-0.00253037247108779,-0.485954859537652,-3.39712957826699e-06
0.578603678802477,0.418372631101318,-0.0140095456517538,-0.303768053512209,-0.00253256705696707,0.150016369934243,-0.00254937286316107,-0.485974984063295,2.10641592159055e-06
0.582616381189231,0.418371469483857,-0.0141092336076926,-0.303768390290945,-0.00255139624024103,0.150019745715533,-0.00256853169350801,-0.485995350070992,7.75349317867768e-06
0.586656912262587,0.418370264638122,-0.0142096553434123,-0.303768742975848,-0.00257037916290137,0.150023156381128,-0.00258785050289974,-0.486015959950368,1.35469685011297e-05
0.590725465018618,0.418369015352431,-0.0143108165209835,-0.303769112064448,-0.00258951726965582,0.150026602125076,-0.0026073308486105,-0.486036816101349,1.94897568187996e-05
0.594822233791852,0.418367720386383,-0.0144127228450347,-0.303769498067499,-0.00260881201992129,0.15003008313771,-0.00262697430456099,-0.486057920933815,2.55848223162658e-05
0.598947414264556,0.418366378470304,-0.0145153800629064,-0.303769901509278,-0.00262826488793236,0.150033599605473,-0.00264678246146091,-0.486079276867254,3.18351790686705e-05
0.603101203476082,0.418364988304677,-0.0146187939647997,-0.303770322927904,-0.00264787736284835,0.150037151710741,-0.00266675692695096,-0.486100886330385,3.82438916795291e-05
0.607283799832281,0.418363548559566,-0.0147229703839187,-0.303770762875659,-0.0026676509488589,0.150040739631651,-0.00268689932574411,-0.486122751760784,4.48140759206073e-05
0.611495403114975,0.41836205787404,-0.0148279151966075,-0.303771221919309,-0.00268758716528793,0.150044363541915,-0.00270721129976616,-0.486144875604485,5.1548899373921e-05
0.615736214491506,0.418360514855579,-0.0149336343224802,-0.303771700640445,-0.00270768754669587,0.150048023610632,-0.00272769450829526,-0.486167260315572,5.84515820749587e-05
0.620006436524339,0.41835891807948,-0.0150401337245454,-0.303772199635812,-0.00272795364298001,0.150051720002102,-0.00274835062810068,-0.486189908355761,6.55253971575676e-05
0.624306273180741,0.418357266088256,-0.0151474194093231,-0.303772719517662,-0.00274838701947305,0.150055452875631,-0.00276918135358039,-0.486212822193959,7.27736714996874e-05
0.628635929842521,0.418355557391024,-0.0152554974269559,-0.303773260914102,-0.00276898925703936,0.15005922238533,-0.00279018839689766,-0.486236004305816,8.01997863702081e-05
0.632995613315842,0.418353790462886,-0.0153643738713121,-0.303773824469453,-0.00278976195216932,0.150063028679916,-0.0028113734881164,-0.486259457173257,8.78071780763406e-05
0.637385531841099,0.418351963744311,-0.0154740548800827,-0.303774410844615,-0.00281070671707119,0.150066871902508,-0.00283273837533522,-0.486283183284005,9.55993386111825e-05
0.641805895102865,0.4183500756405,-0.0155845466348701,-0.303775020717437,-0.00283182517976055,0.15007075219041,-0.00285428482482012,-0.486307185131086,0.000103579816301574
0.646256914239905,0.418348124520748,-0.0156958553612699,-0.303775654783098,-0.00285311898414737,0.150074669674905,-0.00287601462113579,-0.486331465212317,0.000111752216455541
0.650738801855265,0.418346108717802,-0.0158079873289443,-0.303776313754489,-0.00287458979012016,0.150078624481031,-0.00289792956727527,-0.48635602602978,0.000120120202009244
0.655251772026422,0.418344026527211,-0.0159209488516882,-0.303776998362607,-0.00289623927362752,0.150082616727361,-0.002920031484788,-0.486380870089282,0.000128687494173302
0.659796040315516,0.418341876206666,-0.0160347462874864,-0.303777709356953,-0.00291806912675658,0.150086646525776,-0.00294232221390615,-0.486405999899801,0.000137457873077285
0.664371823779638,0.418339655975336,-0.0161493860385633,-0.303778447505937,-0.00294008105780848,0.150090713981234,-0.00296480361366913,-0.486431417972905,0.000146435178413784
0.668979340981204,0.418337364013204,-0.016264874551423,-0.303779213597292,-0.00296227679137049,0.150094819191537,-0.00298747756204604,-0.486457126822171,0.000155623310079483
0.673618811998395,0.418334998460383,-0.0163812183168815,-0.303780008438494,-0.00298465806838491,0.15009896224709,-0.00301034595605634,-0.486483128962576,0.000165026228815091
0.678290458435663,0.418332557416437,-0.0164984238700896,-0.303780832857187,-0.00300722664621432,0.150103143230657,-0.00303341071188807,-0.486509426909874,0.0001746479568418
0.682994503434323,0.418330038939696,-0.0166164977905464,-0.303781687701622,-0.0030299842987031,0.150107362217117,-0.00305667376501403,-0.486536023179958,0.000184492578495704
0.687731171683206,0.418327441046556,-0.0167354467021041,-0.303782573841091,-0.00305293281623536,0.150111619273208,-0.00308013707030561,-0.486562920288207,0.000194564240858147
0.692500689429393,0.418324761710786,-0.0168552772729625,-0.303783492166387,-0.00307607400578858,0.150115914457273,-0.00310380260214413,-0.486590120748808,0.000204867154383115
0.697303284489026,0.418321998862815,-0.0169759962156543,-0.303784443590248,-0.0030994096909833,0.150120247819003,-0.0031276723545295,-0.486617627074071,0.000215405593520096
0.70213918625818,0.418319150389032,-0.0170976102870207,-0.303785429047831,-0.0031229417121284,0.150124619399166,-0.00315174834118648,-0.486645441773717,0.000226183897332366
0.70700862572383,0.418316214131058,-0.0172201262881757,-0.303786449497179,-0.00314667192626186,0.150129029229344,-0.00317603259566785,-0.48667356735416,0.000237206470110829
0.71191183547488,0.418313187885036,-0.0173435510644619,-0.3037875059197,-0.00317060220718701,0.150133477331657,-0.00320052717145496,-0.486702006317756,0.000248477781982226
0.716849049713269,0.418310069400898,-0.0174678915053943,-0.303788599320652,-0.00319473444550364,0.150137963718488,-0.00322523414205503,-0.48673076116205,0.00026000236951168
0.721820504265165,0.418306856381642,-0.0175931545445946,-0.303789730729642,-0.00321907054863451,0.150142488392199,-0.00325015560109553,-0.486759834378994,0.000271784836298861
0.726826436592224,0.418303546482588,-0.0177193471597139,-0.303790901201124,-0.00324361244084622,0.150147051344848,-0.00327529366241518,-0.486789228454154,0.000283829853567563
0.731867085802933,0.418300137310649,-0.0178464763723448,-0.303792111814908,-0.00326836206326506,0.150151652557899,-0.00330065046015163,-0.486818945865892,0.000296142160748386
0.736942692664033,0.418296626423579,-0.0179745492479225,-0.30379336367668,-0.00329332137388704,0.150156292001927,-0.00332622814882572,-0.486848989084538,0.000308726566053324
0.742053499612018,0.418293011329233,-0.0181035728956146,-0.303794657918525,-0.00331849234758228,0.150160969636321,-0.00335202890342206,-0.486879360571535,0.000321587947042706
0.747199750764715,0.418289289484813,-0.0182335544681992,-0.30379599569946,-0.00334387697609339,0.15016568540898,-0.00337805491946594,-0.486910062778574,0.000334731251183135
0.752381691932944,0.418285458296113,-0.0183645011619315,-0.303797378205974,-0.00336947726802775,0.15017043925601,-0.00340430841309637,-0.486941098146707,0.000348161496396465
0.757599570632259,0.418281515116765,-0.0184964202163993,-0.30379880665258,-0.00339529524884337,0.150175231101411,-0.0034307916211352,-0.486972469105438,0.000361883771599208
0.762853636094773,0.418277457247478,-0.0186293189143656,-0.303800282282365,-0.00342133296082821,0.150180060856765,-0.00345750680115215,-0.487004178071801,0.000375903237231939
0.768144139281058,0.41827328193527,-0.0187632045816004,-0.303801806367557,-0.00344759246307272,0.150184928420915,-0.00348445623152556,-0.48703622744942,0.000390225125777299
0.773471332892138,0.418268986372712,-0.0188980845866993,-0.303803380210101,-0.00347407583143554,0.150189833679646,-0.00351164221149893,-0.487068619627544,0.00040485474226748
0.778835471381553,0.418264567697151,-0.0190339663408909,-0.303805005142229,-0.00350078515850173,0.150194776505356,-0.00353906706123294,-0.487101356980069,0.000419797464779798
0.784236810967519,0.418260022989948,-0.0191708572978311,-0.303806682527058,-0.00352772255353397,0.150199756756729,-0.00356673312185287,-0.487134441864542,0.000435058744919559
0.78967560964516,0.4182553492757,-0.0193087649533857,-0.303808413759177,-0.00355489014241573,0.150204774278398,-0.0035946427554913,-0.487167876621143,0.000450644108290155
0.795152127198837,0.418250543521473,-0.0194476968453997,-0.303810200265255,-0.00358229006758705,0.15020982890061,-0.00362279834532611,-0.487201663571651,0.000466559154949836
0.800666625214554,0.418245602636025,-0.019587660553455,-0.30381204350465,-0.00360992448797187,0.150214920438886,-0.00365120229561339,-0.487235805018392,0.000482809559854053
0.806219367092452,0.418240523469031,-0.0197286636986145,-0.303813944970027,-0.0036377955788973,0.150220048693671,-0.00367985703171534,-0.487270303243165,0.000499401073283584
0.811810618059391,0.418235302810309,-0.0198707139431543,-0.303815906187986,-0.0036659055320044,0.150225213449993,-0.00370876500012293,-0.487305160506159,0.00051633952125657
0.817440645181619,0.418229937389045,-0.0200138189902823,-0.303817928719695,-0.00369425655515004,0.150230414477106,-0.00373792866847324,-0.48734037904484,0.000533630805925667
0.823109717377527,0.418224423873015,-0.0201579865838451,-0.303820014161534,-0.00372285087229999,0.150235651528136,-0.0037673505255614,-0.487375961072828,0.000551280905957935
0.828818105430497,0.418218758867812,-0.0203032245080209,-0.30382216414574,-0.00375169072341277,0.150240924339724,-0.00379703308134692,-0.487411908778757,0.000569295876897552
0.834566082001833,0.41821293891607,-0.0204495405870002,-0.303824380341067,-0.00378077836431393,0.150246232631666,-0.00382697886695428,-0.48744822432511,0.000587681851511479
0.840353921643785,0.418206960496689,-0.0205969426846534,-0.303826664453451,-0.00381011606656088,0.150251576106542,-0.00385719043466784,-0.487484909847049,0.000606445040116199
0.846181900812664,0.418200820024066,-0.0207454387041858,-0.30382901822668,-0.00383970611729771,0.150256954449354,-0.00388767035792062,-0.487521967451211,0.000625591730885222
0.852050297882047,0.41819451384732,-0.0208950365877792,-0.303831443443074,-0.00386955081909978,0.150262367327155,-0.00391842123127722,-0.487559399214507,0.000645128290137464
0.857959393156072,0.418188038249525,-0.0210457443162212,-0.303833941924174,-0.00389965248980815,0.150267814388673,-0.00394944567041045,-0.487597207182883,0.000665061162605285
0.863909468882829,0.418181389446943,-0.0211975699085213,-0.303836515531432,-0.00393001346235324,0.150273295263934,-0.00398074631207173,-0.487635393370088,0.000685396871680982
0.86990080926784,0.418174563588257,-0.021350521421514,-0.303839166166913,-0.00396063608456757,0.150278809563888,-0.00401232581405501,-0.487673959756402,0.000706142019642281
0.875933700487633,0.418167556753813,-0.0215046069494497,-0.303841895774008,-0.00399152271898766,0.150284356880023,-0.0040441868551543,-0.487712908287367,0.000727303287855474
0.882008430703416,0.418160364954858,-0.0216598346235731,-0.303844706338142,-0.00402267574264429,0.150289936783983,-0.00407633213511449,-0.487752240872496,0.000748887436955503
0.888125290074835,0.418152984132784,-0.0218162126116879,-0.303847599887501,-0.00405409754684135,0.150295548827183,-0.00410876437457543,-0.48779195938396,0.00077090130700247
0.894284570773836,0.418145410158381,-0.0219737491177101,-0.30385057849376,-0.00408579053692283,0.150301192540418,-0.00414148631500921,-0.487832065655275,0.00079335181761428
0.900486566998624,0.418137638831084,-0.0221324523812084,-0.303853644272816,-0.00411775713202773,0.150306867433474,-0.00417450071865053,-0.487872561479958,0.000816245968074225
0.906731574987708,0.418129665878234,-0.0222923306769322,-0.303856799385535,-0.0041499997648326,0.150312572994741,-0.0042078103684199,-0.487913448610188,0.00083959083741264
0.913019893034057,0.418121486954337,-0.0224533923143283,-0.303860046038495,-0.00418252088128168,0.150318308690809,-0.00424141806783987,-0.487954728755432,0.000863393584463523
0.919351821499347,0.41811309764033,-0.022615645637044,-0.303863386484745,-0.00421532294030403,0.150324073966081,-0.00427532664094384,-0.48799640358108,0.000887661447893123
0.925727662828307,0.418104493442856,-0.0227790990224204,-0.303866823024565,-0.00424840841351788,0.150329868242376,-0.00430953893217779,-0.48803847470705,0.000912401746202163
0.932147721563161,0.418095669793539,-0.0229437608809718,-0.303870358006231,-0.00428177978492138,0.150335690918524,-0.00434405780629423,-0.48808094370639,0.000937621877699385
0.938612304358183,0.418086622048264,-0.0231096396558557,-0.30387399382679,-0.00431543955057018,0.150341541369974,-0.00437888614823905,-0.488123812103871,0.000963329320446321
0.945121719994339,0.418077345486475,-0.0232767438223297,-0.303877732932838,-0.00434939021824098,0.150347418948391,-0.00441402686303042,-0.48816708137456,0.000989531632173579
0.951676279394036,0.418067835310461,-0.0234450818871989,-0.303881577821305,-0.0043836343070813,0.150353322981254,-0.00444948287563037,-0.488210752942391,0.00101623645016627
0.958276295635973,0.418058086644665,-0.0236146623882508,-0.303885531040241,-0.00441817434724481,0.150359252771458,-0.00448525713080827,-0.488254828178724,0.00104345149111959
0.964922083970099,0.418048094534993,-0.0237854938936813,-0.303889595189616,-0.00445301287951247,0.150365207596907,-0.00452135259299685,-0.488299308400892,0.00107118455096278
0.971613961832666,0.418037853948127,-0.0239575850015088,-0.303893772922115,-0.00448815245489875,0.150371186710115,-0.0045577722461401,-0.488344194870749,0.00109944350465213
0.978352248861393,0.418027359770853,-0.0241309443389791,-0.303898066943944,-0.00452359563424308,0.150377189337802,-0.00459451909353328,-0.488389488793197,0.00112823630593062
0.985137266910738,0.418016606809394,-0.0243055805619601,-0.30390248001564,-0.00455934498778615,0.150383214680493,-0.00463159615765516,-0.488435191314722,0.00115757098705624
0.991969340067262,0.418005589788747,-0.024481502354327,-0.303907014952884,-0.00459540309473078,0.150389261912113,-0.00466900647999174,-0.488481303521909,0.00118745565849518
0.998848794665118,0.417994303352031,-0.0246587184273385,-0.303911674627317,-0.00463177254278739,0.150395330179589,-0.00470675312085245,-0.488527826439961,0.00121789850858278
1.00577595930163,0.417982742059849,-0.0248372375190036,-0.303916461967364,-0.00466845592770343,0.150401418602445,-0.00474483915917773,-0.488574761031214,0.00124890780314882
1.01275116485301,0.417970900389649,-0.0250170683934399,-0.303921379959057,-0.0047054558527771,0.150407526272405,-0.00478326769233881,-0.488622108193645,0.00128049188510879
1.01977474449012,0.417958772735101,-0.0251982198402243,-0.303926431646866,-0.00474277492835474,0.150413652252991,-0.00482204183592899,-0.488669868759376,0.00131265917401924
1.02684703369442,0.417946353405478,-0.0253807006737347,-0.303931620134529,-0.00478041577131172,0.150419795579126,-0.00486116472354692,-0.488718043493184,0.00134541816559736
1.033968370274,0.417933636625051,-0.025564519732485,-0.30393694858589,-0.0048183810045169,0.150425955256737,-0.00490063950657145,-0.488766633091,0.00137877743120446
1.04113909437969,0.417920616532492,-0.0257496858784524,-0.303942420225734,-0.0048566732562803,0.15043213026236,-0.00494046935392836,-0.488815638178418,0.00141274561729252
1.0483595485213,0.417907287180283,-0.0259362079963982,-0.303948038340628,-0.00489529515978365,0.150438319542747,-0.00498065745184877,-0.488865059309198,0.00144733144481377
1.05563007758401,0.417893642534138,-0.0261240949931823,-0.303953806279766,-0.00493424935249391,0.150444522014473,-0.00502120700361927,-0.488914896963775,0.00148254370859288
1.06295102884484,0.417879676472436,-0.0263133557970707,-0.30395972745581,-0.00497353847555946,0.15045073656355,-0.00506212122932376,-0.48896515154777,0.00151839127666117
1.07032275198921,0.417865382785659,-0.0265039993570394,-0.303965805345741,-0.00501316517318872,0.150456962045038,-0.00510340336557706,-0.489015823390506,0.00155488308955246
1.07774559912768,0.417850755175845,-0.0266960346420707,-0.303972043491703,-0.00505313209201107,0.150463197282659,-0.00514505666525031,-0.489066912743525,0.001592028159561
1.08521992481272,0.417835787256049,-0.0268894706404466,-0.303978445501852,-0.00509344188042017,0.150469441068422,-0.00518708439718807,-0.489118419779124,0.0016298355699603
1.0927460860557,0.417820472549812,-0.0270843163590372,-0.303985015051209,-0.00513409718789902,0.150475692162238,-0.00522948984591733,-0.489170344588879,0.00166831447418314
1.1003244423439,0.417804804490641,-0.027280580822585,-0.303991755882508,-0.00517510066432709,0.150481949291551,-0.00527227631134829,-0.489222687182196,0.00170747409496252
1.10795535565772,0.417788776421505,-0.0274782730729863,-0.303998671807047,-0.00521645495926906,0.150488211150963,-0.00531544710846707,-0.489275447484862,0.00174732372343292
1.11563919048792,0.417772381594328,-0.0276774021685692,-0.304005766705542,-0.00525816272124539,0.150494476401866,-0.00535900556702039,-0.48932862533761,0.00178787271819264
1.12337631385307,0.417755613169508,-0.0278779771833691,-0.304013044528972,-0.00530022659698404,0.150500743672081,-0.0054029550311922,-0.489382220494692,0.00182913050432637
1.13116709531708,0.41773846421543,-0.0280800072064026,-0.304020509299432,-0.0053426492306539,0.150507011555498,-0.00544729885927243,-0.489436232622477,0.00187110657238784
1.13901190700682,0.417720927708002,-0.028283501340939,-0.304028165110981,-0.00538543326307923,0.150513278611719,-0.00549204042331781,-0.489490661298047,0.0019138104773431
1.14691112362992,0.417702996530192,-0.0284884687037717,-0.304036016130491,-0.00542858133093542,0.150519543365707,-0.005537183108805,-0.489545506007823,0.00195725183747422
1.15486512249268,0.417684663471579,-0.028694918424488,-0.304044066598493,-0.00547209606592578,0.150525804307445,-0.00558273031427608,-0.489600766146202,0.00200144033324323
1.16287428351806,0.417665921227911,-0.0289028596447389,-0.304052320830018,-0.00551598009393919,0.150532059891588,-0.00562868545097611,-0.489656441014215,0.00204638570611634
1.17093898926384,0.417646762400673,-0.0291123015175099,-0.304060783215442,-0.00556023603418889,0.150538308537132,-0.0056750519424837,-0.489712529818197,0.00209209775734912
1.1790596249409,0.417627179496667,-0.0293232532063914,-0.304069458221326,-0.0056048664983319,0.150544548627084,-0.00572183322433376,-0.489769031668492,0.00213858634673239
1.18723657843162,0.417607164927594,-0.0295357238848508,-0.304078350391249,-0.00564987408956924,0.150550778508133,-0.00576903274363322,-0.48982594557817,0.00218586139129889
1.19547024030838,0.417586711009652,-0.0297497227355067,-0.304087464346644,-0.0056952614017271,0.150556996490335,-0.00581665395866955,-0.489883270461769,0.00223393286399132
1.20376100385228,0.417565809963136,-0.0299652589494044,-0.304096804787629,-0.00574103101831843,0.1505632008468,-0.00586470033851221,-0.489941005134065,0.00228281079229195
1.21210926507183,0.417544453912053,-0.0301823417252945,-0.304106376493829,-0.00578718551158521,0.150569389813383,-0.0059131753626073,-0.489999148308865,0.00233250525681411
1.22051542272196,0.417522634883733,-0.0304009802689136,-0.304116184325202,-0.00583372744152153,0.150575561588384,-0.00596208252036541,-0.490057698597836,0.00238302638985569
1.22897987832301,0.417500344808465,-0.0306211837922702,-0.304126233222853,-0.00588065935487711,0.150581714332256,-0.00601142531074302,-0.490116654509348,0.00243438437391585
1.23750303617991,0.417477575519119,-0.0308429615129323,-0.30413652820985,-0.00592798378414152,0.150587846167316,-0.00606120724181725,-0.490176014447364,0.00248658944017474
1.24608530340153,0.417454318750794,-0.0310663226533201,-0.304147074392027,-0.00597570324650882,0.150593955177466,-0.00611143183035465,-0.49023577671035,0.00253965186693653
1.25472708992008,0.417430566140458,-0.0312912764400045,-0.304157876958789,-0.00602382024282318,0.150600039407919,-0.00616210260137371,-0.490295939490223,0.00259358197803766
1.26342880851072,0.417406309226601,-0.0315178321030082,-0.304168941183907,-0.00607233725650465,0.150606096864934,-0.0062132230877015,-0.490356500871333,0.0026483901412194
1.27219087481126,0.417381539448891,-0.0317459988751143,-0.30418027242631,-0.00612125675245601,0.150612125515558,-0.00626479682952467,-0.490417458829482,0.00270408676646583
1.28101370734203,0.417356248147837,-0.0319757859911796,-0.304191876130864,-0.00617058117595005,0.150618123287373,-0.00631682737393495,-0.490478811230978,0.00276068230430943
1.28989772752585,0.417330426564448,-0.0322072026874544,-0.304203757829152,-0.00622031295149776,0.150624088068255,-0.00636931827446922,-0.490540555831728,0.0028181872441024
1.29884335970818,0.41730406583991,-0.032440258200908,-0.304215923140246,-0.00627045448169713,0.150630017706139,-0.00642227309064458,-0.49060269027637,0.00287661211225715
1.30785103117738,0.417277157015253,-0.0326749617685622,-0.304228377771462,-0.00632100814606296,0.150635910008791,-0.00647569538748859,-0.490665212097451,0.00293596747045521
1.31692117218509,0.417249691031025,-0.0329113226268302,-0.304241127519123,-0.00637197629983758,0.150641762743588,-0.00652958873506451,-0.490728118714639,0.00299626391382554
1.32605421596686,0.417221658726971,-0.0331493500108642,-0.3042541782693,-0.00642336127278242,0.15064757363731,-0.00658395670799266,-0.490791407433988,0.00305751206909519
1.33525059876274,0.41719305084171,-0.0333890531539096,-0.304267535998552,-0.00647516536795078,0.150653340375935,-0.00663880288496692,-0.490855075447239,0.00311972259271012
1.34451075983821,0.417163858012413,-0.033630441286667,-0.304281206774657,-0.00652739086044184,0.150659060604447,-0.00669413084826784,-0.490919119831173,0.00318290616893066
1.3538351415051,0.417134070774481,-0.0338735236366627,-0.304295196757332,-0.00658003999613574,0.15066473192665,-0.0067499441832715,-0.490983537547012,0.00324707350789968
1.36322418914273,0.417103679561223,-0.0341183094276265,-0.304309512198946,-0.00663311499041024,0.150670351904991,-0.00680624647795527,-0.491048325439861,0.00331223534368727
1.37267835121923,0.417072674703534,-0.0343648078788781,-0.30432415944522,-0.00668661802683875,0.150675918060395,-0.00686304132240013,-0.491113480238209,0.00337840243231155
1.38219807931287,0.417041046429566,-0.0346130282047223,-0.304339144935925,-0.00674055125587,0.150681427872103,-0.00692033230829,-0.491178998553477,0.00344558554973765
1.39178382813373,0.417008784864403,-0.0348629796138514,-0.30435447520556,-0.00679491679348945,0.150686878777524,-0.0069781230284084,-0.491244876879612,0.00351379548985561
1.40143605554534,0.416975880029724,-0.0351146713087577,-0.304370156884028,-0.00684971671986255,0.150692268172093,-0.00703641707613272,-0.491311111592745,0.00358304306243973
1.4111552225866,0.416942321843472,-0.0353681124851528,-0.304386196697296,-0.00690495307796004,0.15069759340914,-0.00709521804492601,-0.491377698950894,0.00365333909108925
1.42094179349378,0.416908100119511,-0.0356233123313969,-0.304402601468051,-0.00696062787216531,0.150702851799769,-0.00715452952782717,-0.491444635093727,0.00372469441115328
1.43079623572268,0.416873204567273,-0.0358802800279356,-0.30441937811634,-0.0070167430668641,0.150708040612741,-0.00721435511693927,-0.491511916042376,0.00379711986764084
1.440719019971,0.416837624791412,-0.0361390247467456,-0.304436533660197,-0.00707330058501662,0.150713157074372,-0.00727469840291652,-0.491579537699315,0.00387062631311755
1.45071062020079,0.416801350291435,-0.0363995556507884,-0.304454075216266,-0.00713030230671225,0.150718198368436,-0.00733556297445023,-0.491647495848286,0.0039452246055908
1.46077151366109,0.416764370461338,-0.0366618818934727,-0.304472010000408,-0.00718775006770694,0.150723161636083,-0.00739695241775378,-0.491715786154291,0.0040209256063857
1.47090218091073,0.416726674589222,-0.036926012618124,-0.304490345328297,-0.00724564565794352,0.150728043975757,-0.0074588703160471,-0.491784404163641,0.00409774017801154
1.48110310584131,0.416688251856905,-0.0371919569574623,-0.304509088616002,-0.00730399082005508,0.15073284244313,-0.00752132024904093,-0.491853345304064,0.00417567918202336
1.49137477570027,0.416649091339523,-0.0374597240330883,-0.304528247380564,-0.00736278724785157,0.150737554051046,-0.00758430579242109,-0.491922604884872,0.00425475347687829
1.50171768111418,0.416609182005117,-0.0377293229549752,-0.304547829240553,-0.0074220365847896,0.150742175769469,-0.00764783051733296,-0.491992178097193,0.00433497391578899
1.5121323161122,0.416568512714209,-0.0380007628209681,-0.304567841916619,-0.00748174042242605,0.150746704525441,-0.00771189798986637,-0.49206206001426,0.00441635134457649
1.52261917814963,0.416527072219365,-0.0382740527162915,-0.304588293232025,-0.00754190029885511,0.150751137203056,-0.00777651177054184,-0.492132245591768,0.00449889659952413
1.53317876813171,0.416484849164741,-0.0385492017130599,-0.304609191113174,-0.00760251769712916,0.150755470643429,-0.00784167541379736,-0.492202729668284,0.00458262050523472
1.54381159043753,0.416441832085617,-0.0388262188697976,-0.304630543590118,-0.00766359404366402,0.150759701644691,-0.0079073924674771,-0.492273506965733,0.00466753387249261
1.55451815294413,0.416398009407916,-0.0391051132309607,-0.304652358797056,-0.00772513070662769,0.150763826961977,-0.00797366647232122,-0.492344572089932,0.00475364749613208
1.56529896705074,0.416353369447703,-0.039385893826466,-0.304674644972823,-0.00778712899431395,0.150767843307434,-0.00804050096145818,-0.4924159195312,0.00484097215291573
1.57615454770323,0.416307900410664,-0.0396685696712238,-0.30469741046136,-0.00784959015350021,0.150771747350229,-0.00810789945989895,-0.492487543665024,0.00492951859942375
1.58708541341869,0.416261590391579,-0.0399531497646732,-0.304720663712176,-0.00791251536778984,0.150775535716574,-0.00817586548403374,-0.492559438752793,0.00501929756995564
1.5980920863102,0.416214427373757,-0.0402396430903214,-0.304744413280796,-0.00797590575593933,0.150779204989748,-0.00824440254113167,-0.49263159894259,0.00511031977444856
1.60917509211179,0.416166399228472,-0.0405280586152855,-0.304768667829194,-0.00803976237017013,0.150782751710143,-0.00831351412884302,-0.492704018270053,0.00520259589641131
1.62033496020352,0.416117493714358,-0.0408184052898349,-0.304793436126216,-0.00810408619446579,0.150786172375297,-0.00838320373470534,-0.492776690659299,0.00529613659087949
1.63157222363676,0.416067698476799,-0.041110692046936,-0.304818727047987,-0.00816887814285382,0.150789463439957,-0.00845347483565249,-0.492849609923906,0.00539095248239094
1.64288741915971,0.416017001047286,-0.0414049278017955,-0.30484454957831,-0.00823413905767275,0.150792621316131,-0.00852433089752775,-0.492922769767962,0.005487054162986
1.65428108724297,0.415965388842756,-0.041701121451404,-0.304870912809048,-0.00829986970782474,0.150795642373161,-0.00859577537460082,-0.492996163787176,0.00558445219023285
1.6657537721054,0.415912849164906,-0.0419992818740778,-0.304897825940492,-0.00836607078701341,0.150798522937791,-0.0086678117090891,-0.493069785470053,0.0056831570852813
1.67730602174008,0.415859369199484,-0.0422994179289978,-0.304925298281721,-0.00843274291196684,0.150801259294255,-0.00874044333068332,-0.493143628199125,0.00578317933094755
1.68893838794052,0.415804936015552,-0.0426015384557454,-0.304953339250943,-0.00849988662064649,0.150803847684361,-0.00881367365607781,-0.493217685252247,0.00588452936982931
1.70065142632699,0.415749536564725,-0.042905652273834,-0.304981958375833,-0.0085675023704414,0.150806284307587,-0.00888750608850571,-0.493291949803956,0.0059872176024576
1.71244569637308,0.415693157680385,-0.0432117681822345,-0.305011165293845,-0.00863559053634812,0.150808565321179,-0.00896194401727927,-0.493366414926881,0.00609125438548419
1.72432176143241,0.415635786076865,-0.0435198949588953,-0.305040969752521,-0.00870415140913608,0.150810686840263,-0.00903699081733518,-0.49344107359322,0.00619665002990757
1.73628018876552,0.415577408348611,-0.0438300413602536,-0.305071381609788,-0.00877318519349871,0.150812644937953,-0.00911264984878561,-0.493515918676275,0.00630341479934046
1.74832154956701,0.415518010969306,-0.044142216120739,-0.305102410834235,-0.00884269200619024,0.150814435645471,-0.00918892445647468,-0.493590942952033,0.00641155890831993
1.7604464189928,0.415457580290979,-0.0444564279522666,-0.305134067505381,-0.0089126718741479,0.150816054952271,-0.00926581796954062,-0.493666139100818,0.00652109252066241
1.77265537618758,0.415396102543073,-0.0447726855437198,-0.305166361813937,-0.00898312473259982,0.150817498806165,-0.00934333370098415,-0.493741499708988,0.00663202574786617
1.78494900431252,0.415333563831487,-0.0450909975604202,-0.305199304062045,-0.00905405042315843,0.150818763113459,-0.00942147494724262,-0.493817017270685,0.00674436864756289
1.79732789057308,0.415269950137598,-0.0454113726435841,-0.305232904663513,-0.00912544869189924,0.150819843739084,-0.0095002449877704,-0.493892684189646,0.00685813122201975
1.80979262624709,0.415205247317235,-0.0457338194097649,-0.305267174144032,-0.00919731918742499,0.150820736506747,-0.00957964708462559,-0.493968492781053,0.00697332341669532
1.82234380671297,0.415139441099637,-0.046058346450279,-0.305302123141389,-0.00926966145891514,0.150821437199066,-0.0096596844820633,-0.494044435273444,0.00708995511884974
1.83498203147818,0.415072517086376,-0.046384962330614,-0.305337762405658,-0.00934247495416023,0.150821941557725,-0.00974036040613508,-0.494120503810663,0.00720803615621246
1.84770790420785,0.415004460750243,-0.0467136755898191,-0.305374102799389,-0.00941575901758141,0.150822245283623,-0.00982167806429526,-0.494196690453861,0.00732757629570807
1.86052203275364,0.414935257434118,-0.0470444947398747,-0.305411155297777,-0.0094895128882349,0.150822344037027,-0.00990364064501384,-0.494272987183542,0.00744858524224282
1.87342502918271,0.414864892349787,-0.0473774282650407,-0.305448930988827,-0.00956373569780047,0.150822233437732,-0.0099862513173959,-0.494349385901647,0.00757107263755316
1.88641750980704,0.414793350576748,-0.047712484621182,-0.305487441073502,-0.0096384264685552,0.150821909065215,-0.0100695132308081,-0.494425878433689,0.00769504805911914
1.89950009521279,0.414720617060974,-0.0480496722350698,-0.305526696865862,-0.00971358411133054,0.150821366458802,-0.0101534295145117,-0.494502456530915,0.00782052101914163
1.91267341029,0.414646676613648,-0.0483889995036566,-0.305566709793191,-0.00978920742345389,0.150820601117821,-0.0102380032773024,-0.494579111872516,0.00794750096358859
1.92593808426241,0.414571513909864,-0.0487304747933243,-0.305607491396114,-0.00986529508667361,0.150819608501774,-0.0103232376071571,-0.49465583606787,0.00807599727130862
1.93929475071751,0.4144951134873,-0.0490741064391041,-0.305649053328703,-0.00994184566506735,0.150818384030494,-0.0104091355708875,-0.49473262065881,0.00820601925321521
1.95274404763682,0.41441745974486,-0.0494199027438645,-0.305691407358571,-0.0100188576029333,0.150816923084312,-0.0104957002137998,-0.494809457121939,0.00833757615154282
1.96628661742637,0.414338536941278,-0.0497678719774694,-0.305734565366954,-0.0100963292226647,0.150815221004222,-0.0105829345593623,-0.49488633687096,0.00847067713917496
1.97992310694735,0.414258329193702,-0.0501180223759017,-0.305778539348785,-0.0101742587226056,0.15081327309204,-0.0106708416088785,-0.494963251259041,0.00860533131904759
1.99365416754703,0.414176820476235,-0.0504703621403525,-0.305823341412757,-0.0102526441748896,0.150811074610573,-0.0107594243411676,-0.495040191581202,0.00874154772362701
2.00748045508988,0.414093994618459,-0.0508248994362739,-0.305868983781372,-0.0103314835232598,0.150808620783776,-0.0108486857122507,-0.495117149076725,0.00887933531446414
2.0214026299889,0.414009835303916,-0.0511816423923935,-0.305915478790981,-0.0104107745808694,0.150805906796914,-0.0109386286550443,-0.495194114931585,0.00901870298182714
2.03542135723711,0.41392432606857,-0.0515405990996902,-0.305962838891818,-0.0104905150280632,0.150802927796724,-0.0110292560790594,-0.495271080280899,0.00915965954441214
2.0495373064394,0.413837450299233,-0.0519017776103278,-0.306011076648014,-0.0105707024101396,0.150799678891567,-0.011120570870107,-0.495348036211388,0.00930221374913281
2.06375115184445,0.413749191231966,-0.0522651859365473,-0.306060204737607,-0.0106513341350918,0.150796155151583,-0.0112125758900098,-0.495424973763853,0.00944637427099126
2.07806357237695,0.413659531950451,-0.0526308320495137,-0.306110235952543,-0.0107324074713279,0.150792351608846,-0.0113052739763189,-0.495501883935664,0.0095921497130288
2.09247525167004,0.413568455384337,-0.0529987238781181,-0.306161183198656,-0.0108139195453704,0.150788263257509,-0.0113986679420376,-0.495578757683254,0.00973954860635926
2.10698687809795,0.413475944307552,-0.0533688693077324,-0.306213059495649,-0.010895867339533,0.150783885053951,-0.011492760575349,-0.495655585924619,0.00988857941028401
2.12159914480891,0.413381981336604,-0.0537412761789141,-0.306265877977059,-0.0109782476895744,0.150779211916918,-0.0115875546393506,-0.495732359541821,0.0100392505124892
2.1363127497582,0.413286548928842,-0.0541159522860624,-0.306319651890208,-0.0110610572823305,0.150774238727658,-0.0116830528717922,-0.495809069383491,0.0101915702293281
2.15112839574156,0.4131896293807,-0.0544929053760209,-0.306374394596144,-0.0111442926533207,0.150768960330056,-0.0117792579848199,-0.495885706267332,0.0103455468061835
2.1660467904287,0.413091204825916,-0.0548721431466277,-0.306430119569578,-0.011227950184331,0.150763371530763,-0.0118761726647245,-0.495962260982609,0.0105011884179172
2.18106864639712,0.412991257233729,-0.0552536732452103,-0.306486840398798,-0.0113120261009719,0.150757467099318,-0.0119737995716934,-0.496038724292645,0.0106585031694009
2.19619468116618,0.412889768407054,-0.0556375032670242,-0.306544570785579,-0.0113965164702096,0.150751241768265,-0.0120721413395672,-0.496115086937293,0.0108174990961322
2.21142561723131,0.412786719980638,-0.0560236407536331,-0.306603324545077,-0.0114814171978709,0.150744690233266,-0.0121712005756002,-0.496191339635401,0.0109781841649341
2.22676218209858,0.412682093419191,-0.0564120931912304,-0.306663115605712,-0.0115667240261219,0.150737807153211,-0.0122709798602238,-0.496267473087263,0.0111405662747378
2.24220510831939,0.412575870015508,-0.0568028680088988,-0.306723958009039,-0.0116524325309163,0.150730587150313,-0.0123714817468132,-0.496343477977049,0.0113046532574494
2.25775513352553,0.412468030888567,-0.0571959725768092,-0.306785865909605,-0.0117385381194172,0.150723024810206,-0.0124727087614569,-0.496419344975215,0.0114704528789
2.27341300046436,0.412358556981612,-0.057591414204354,-0.306848853574792,-0.0118250360273878,0.150715114682032,-0.0125746634027292,-0.496495064740888,0.011637972839878
2.28917945703428,0.412247429060223,-0.0579892001382165,-0.306912935384645,-0.011911921316552,0.15070685127852,-0.0126773481414633,-0.496570627924226,0.0118072207772444
2.30505525632052,0.412134627710375,-0.0583893375603739,-0.306978125831692,-0.0119991888719242,0.150698229076066,-0.0127807654205283,-0.496646025168751,0.0119782042651296
2.32104115663104,0.412020133336476,-0.0587918335860314,-0.307044439520739,-0.0120868333991063,0.150689242514792,-0.0128849176546051,-0.496721247113644,0.0121509308162111
2.33713792153279,0.41190392615941,-0.059196695261488,-0.307111891168658,-0.0121748494215524,0.150679885998611,-0.0129898072299657,-0.496796284396017,0.0123254078830725
2.35334631988814,0.411785986214555,-0.0596039295619321,-0.307180495604155,-0.0122632312777991,0.150670153895276,-0.013095436504251,-0.496871127653135,0.0125016428596409
2.36966712589169,0.411666293349803,-0.0600135433891639,-0.307250267767525,-0.0123519731186621,0.150660040536426,-0.0132018078062503,-0.496945767524613,0.0126796430827049
2.38610111910714,0.411544827223571,-0.060425543569247,-0.307321222710381,-0.0124410689043968,0.150649540217623,-0.0133089234356795,-0.497020194654558,0.0128594158335077
2.40264908450462,0.411421567302811,-0.0608399368500835,-0.307393375595379,-0.012530512401822,0.150638647198378,-0.013416785662959,-0.497094399693675,0.0130409683394203
2.41931181249812,0.411296492861012,-0.0612567298989156,-0.307466741695911,-0.0126202971814074,0.150627355702174,-0.0135253967289911,-0.497168373301327,0.0132243077756871
2.43609009898327,0.411169582976206,-0.0616759292997496,-0.307541336395784,-0.0127104166143226,0.150615659916476,-0.0136347588449344,-0.497242106147542,0.0134094412672484
2.45298474537537,0.411040816528972,-0.0620975415507025,-0.307617175188882,-0.0128008638694467,0.150603553992736,-0.0137448741919779,-0.497315588914967,0.0135963758906348
2.46999655864764,0.410910172200442,-0.06252157306127,-0.307694273678803,-0.0128916319103388,0.150591032046389,-0.0138557449211112,-0.497388812300781,0.0137851186759333
2.48712635136979,0.410777628470315,-0.0629480301495146,-0.307772647578469,-0.012982713492167,0.150578088156841,-0.0139673731528927,-0.497461767018534,0.0139756766088252
2.50437494174681,0.410643163614873,-0.0633769190391729,-0.307852312709725,-0.0130741011585963,0.150564716367446,-0.0140797609772139,-0.497534443799942,0.014168056632691
2.52174315365806,0.41050675570501,-0.0638082458566813,-0.307933285002905,-0.0131657872386336,0.150550910685475,-0.0141929104530605,-0.497606833396616,0.0143622656507846
2.53923181669665,0.410368382604265,-0.0642420166281186,-0.308015580496371,-0.0132577638434297,0.150536665082084,-0.014306823608268,-0.497678926581729,0.0145583105284712
2.55684176620901,0.41022802196687,-0.0646782372760651,-0.308099215336033,-0.0133500228630365,0.150521973492262,-0.0144215024392737,-0.497750714151623,0.014756198095532
2.57457384333485,0.410085651235817,-0.0651169136163778,-0.308184205774839,-0.0134425559631197,0.150506829814777,-0.0145369489108628,-0.49782218692734,0.0149559351485282
2.59242889504728,0.409941247640929,-0.0655580513548789,-0.308270568172233,-0.013535354581625,0.150491227912117,-0.0146531649559086,-0.497893335756097,0.0151575284532284
2.61040777419332,0.409794788196964,-0.0660016560839599,-0.308358318993584,-0.0136284099253977,0.150475161610412,-0.0147701524751069,-0.49796415151268,0.0153609847470927
2.6285113395346,0.409646249701724,-0.0664477332790971,-0.308447474809588,-0.0137217129667546,0.150458624699362,-0.0148879133367031,-0.498034625100776,0.0155663107418151
2.64674045578839,0.409495608734203,-0.0668962882952811,-0.308538052295631,-0.0138152544400073,0.150441610932143,-0.0150064493762123,-0.498104747454219,0.0157735131259194
2.6650959936689,0.40934284165274,-0.067347326363357,-0.308630068231123,-0.0139090248379367,0.150424114025316,-0.0151257623961318,-0.498174509538176,0.0159825985674101
2.68357882992886,0.409187924593219,-0.0678008525862759,-0.308723539498792,-0.0140030144082168,0.150406127658722,-0.015245854165645,-0.498243902350242,0.0161935737164717
2.70218984740145,0.409030833467284,-0.0682568719352573,-0.308818483083946,-0.014097213149788,0.150387645475371,-0.0153667264203169,-0.498312916921462,0.0164064452082191
2.72092993504239,0.408871543960587,-0.0687153892458614,-0.308914916073689,-0.0141916108091789,0.150368661081326,-0.0154883808617798,-0.498381544317278,0.0166212196654931
2.73979998797246,0.408710031531079,-0.0691764092139707,-0.309012855656104,-0.0142861968767756,0.150349168045576,-0.0156108191574103,-0.498449775638385,0.0168379037017015
2.75880090752022,0.408546271407323,-0.0696399363916809,-0.309112319119388,-0.0143809605830385,0.150329159899902,-0.0157340429399951,-0.49851760202151,0.0170565039237028
2.77793360126509,0.408380238586857,-0.0701059751831002,-0.309213323850949,-0.0144758908946647,0.150308630138743,-0.0158580538073865,-0.498585014640107,0.0172770269347287
2.79719898308069,0.408211907834591,-0.0705745298400573,-0.309315887336449,-0.0145709765106968,0.150287572219046,-0.015982853322147,-0.498652004704964,0.0174994793373461
2.81659797317847,0.408041253681251,-0.0710456044577173,-0.309420027158805,-0.0146662058585767,0.150265979560116,-0.0161084430111819,-0.498718563464724,0.0177238677364547
2.83613149815172,0.40786825042186,-0.0715192029701044,-0.309525760997145,-0.0147615670901435,0.150243845543458,-0.0162348243653599,-0.498784682206321,0.0179501987423171
2.85580049101974,0.407692872114284,-0.0719953291455343,-0.309633106625698,-0.0148570480775759,0.150221163512616,-0.0163619988391212,-0.498850352255326,0.0181784789736205
2.87560589127251,0.407515092577808,-0.0724739865819512,-0.309742081912646,-0.014952636409278,0.150197926773002,-0.016489967850073,-0.498915564976201,0.0184087150605686
2.89554864491548,0.407334885391779,-0.0729551787021742,-0.309852704818913,-0.0150483193857081,0.150174128591723,-0.0166187327785702,-0.498980311772464,0.0186409136479976
2.91562970451479,0.4071522238943,-0.0734389087490496,-0.309964993396892,-0.01514408401515,0.150149762197407,-0.0167482949672844,-0.499044584086769,0.0188750813985187
2.93585002924278,0.406967081180982,-0.0739251797805112,-0.310078965789124,-0.0152399170094266,0.150124820780014,-0.0168786557207564,-0.49910837340088,0.0191112249956811
2.95621058492378,0.406779430103756,-0.0744139946645464,-0.310194640226902,-0.0153358047795557,0.150099297490659,-0.0170098163049351,-0.49917167123557,0.0193493511471551
2.97671234408028,0.406589243269747,-0.0749053560740714,-0.310312035028818,-0.0154317334313469,0.150073185441417,-0.0171417779467014,-0.49923446915041,0.0195894665879326
2.99735628597932,0.406396493040224,-0.075399266481712,-0.310431168599243,-0.0155276887609405,0.150046477705133,-0.017274541833376,-0.499296758743477,0.0198315780835416
3.01814339667932,0.406201151529598,-0.0758957281544927,-0.310552059426731,-0.0156236562502869,0.150019167315229,-0.0174081091122116,-0.499358531650959,0.0200756924332741
3.03907466907719,0.406003190604513,-0.0763947431484336,-0.310674726082363,-0.0157196210625675,0.149991247265507,-0.0175424808898683,-0.499419779546674,0.0203218164734238
3.06015110295567,0.405802581882998,-0.0768963133030553,-0.310799187218003,-0.0158155680375566,0.149962710509952,-0.0176776582318733,-0.499480494141483,0.0205699570805316
3.08137370503119,0.405599296733699,-0.0774004402357915,-0.310925461564488,-0.0159114816869237,0.149933549962534,-0.0178136421620626,-0.499540667182617,0.0208201211746365
3.10274348900188,0.405393306275189,-0.0779071253363116,-0.311053567929735,-0.0160073461894776,0.149903758497009,-0.0179504336620058,-0.499600290452908,0.0210723157225301
3.12426147559604,0.405184581375363,-0.078416369760751,-0.311183525196762,-0.0161031453863513,0.14987332894672,-0.0180880336704131,-0.499659355769915,0.021326547741011
3.14592869262085,0.404973092650918,-0.0789281744258524,-0.311315352321631,-0.016198862776127,0.1498422541044,-0.0182264430825243,-0.499717854984966,0.0215828243001393
3.16774617501149,0.404758810466912,-0.0794425400030163,-0.3114490683313,-0.0162944815099045,0.149810526721975,-0.0183656627494795,-0.499775779982098,0.0218411525264858
3.18971496488059,0.404541704936428,-0.0799594669122635,-0.311584692321381,-0.0163899843863102,0.14977813951037,-0.0185056934776716,-0.499833122676903,0.0221015396063763
3.21183611156796,0.404321745920319,-0.0804789553161074,-0.311722243453814,-0.0164853538464476,0.149745085139316,-0.0186465360280787,-0.499889875015273,0.0223639927891271
3.23411067169074,0.404098903027054,-0.0810010051133405,-0.311861740954436,-0.0165805719687918,0.149711356237163,-0.0187881911155793,-0.49994602897206,0.0226285193902706
3.25653970919388,0.403873145612666,-0.0815256159327325,-0.312003204110456,-0.016675620464026,0.14967694539069,-0.0189306594082462,-0.50000157654963,0.0228951267947674
3.27912429540095,0.403644442780794,-0.0820527871266428,-0.312146652267826,-0.0167704806698221,0.149641845144928,-0.0190739415266227,-0.500056509776328,0.0231638224602046
3.30186550906528,0.403412763382836,-0.0825825177645479,-0.312292104828506,-0.0168651335455645,0.149606048002985,-0.0192180380429773,-0.500110820704846,0.0234346139199764
3.32476443642155,0.403178076018213,-0.0831148066264847,-0.312439581247628,-0.0169595596670211,0.149569546425869,-0.0193629494805397,-0.500164501410495,0.0237075087864456
3.3478221712376,0.402940349034729,-0.0836496521964095,-0.312589101030537,-0.0170537392209572,0.149532332832331,-0.0195086763127164,-0.500217543989384,0.0239825147540846
3.37103981486675,0.402699550529064,-0.0841870526554766,-0.312740683729728,-0.0171476519996987,0.149494399598706,-0.0196552189622855,-0.500269940556505,0.024259639602592
3.39441847630035,0.402455648347371,-0.0847270058752343,-0.312894348941662,-0.0172412773956416,0.14945573905876,-0.0198025778005721,-0.500321683243727,0.0245388911999847
3.41795927222076,0.402208610085992,-0.085269509410743,-0.313050116303457,-0.0173345943957102,0.149416343503553,-0.0199507531466024,-0.500372764197688,0.0248202775056625
3.44166332705473,0.401958403092304,-0.0858145604936124,-0.313208005489466,-0.0174275815757664,0.149376205181307,-0.0200997452662376,-0.500423175577605,0.0251038065734428
3.46553177302703,0.401704994465688,-0.0863621560249648,-0.313368036207716,-0.0175202170949685,0.149335316297281,-0.0202495543712873,-0.500472909552987,0.0253894865545645
3.48956575021462,0.401448351058623,-0.0869122925683199,-0.313530228196223,-0.0176124786900839,0.149293669013661,-0.0204001806186016,-0.500521958301253,0.0256773257006581
3.51376640660105,0.401188439477914,-0.0874649663424076,-0.313694601219172,-0.0177043436697555,0.149251255449463,-0.0205516241091434,-0.500570314005268,0.0259673323666814
3.53813489813128,0.400925226086056,-0.0880201732139066,-0.313861175062963,-0.0177957889087229,0.14920806768044,-0.0207038848870394,-0.500617968850777,0.0262595150138174
3.56267238876697,0.400658677002734,-0.0885779086901147,-0.31402996953211,-0.0178867908420018,0.14916409773901,-0.0208569629386105,-0.500664915023761,0.0265538822123333
3.58738005054197,0.400388758106467,-0.0891381679115465,-0.314201004444999,-0.0179773254590217,0.149119337614193,-0.0210108581913816,-0.500711144707693,0.0268504426443991
3.61225906361841,0.400115435036388,-0.0897009456444675,-0.314374299629505,-0.0180673682977245,0.149073779251563,-0.021165570513071,-0.500756650080715,0.0271492051068634
3.63731061634298,0.399838673194181,-0.09026623627336,-0.314549874918446,-0.0181568944386259,0.14902741455322,-0.0213210997105591,-0.500801423312723,0.0274501785139849
3.66253590530377,0.399558437746162,-0.0908340337933276,-0.314727750144894,-0.0182458784988418,0.148980235377768,-0.0214774455288364,-0.50084545656236,0.0277533719001179
3.68793613538733,0.399274693625515,-0.0914043318024371,-0.314907945137323,-0.0183342946260815,0.148932233540321,-0.0216346076499323,-0.500888741973935,0.0280587944223499
3.71351251983634,0.398987405534681,-0.0919771234940018,-0.315090479714598,-0.0184221164926098,0.148883400812514,-0.0217925856918224,-0.500931271674244,0.0283664553630901
3.73926628030746,0.398696537947915,-0.0925524016488081,-0.315275373680795,-0.0185093172891822,0.148833728922549,-0.0219513792073169,-0.500973037769315,0.0286763641326059
3.76519864692972,0.398402055113993,-0.0931301586272873,-0.31546264681986,-0.0185958697189524,0.148783209555241,-0.022110987682929,-0.501014032341062,0.0289885302715081
3.7913108583633,0.398103921059097,-0.0937103863616348,-0.315652318890092,-0.0186817459913584,0.148731834352098,-0.0222714105377235,-0.501054247443863,0.0293029634531802
3.81760416185865,0.39780209958986,-0.0942930763478807,-0.31584440961845,-0.0187669178159877,0.148679594911417,-0.0224326471221468,-0.501093675101052,0.0296196734861527
3.84407981331609,0.397496554296586,-0.0948782196379119,-0.316038938694685,-0.0188513563964244,0.148626482788399,-0.0225946967168368,-0.501132307301326,0.0299386703164199
3.87073907734582,0.397187248556644,-0.0954658068314516,-0.316235925765287,-0.0189350324240828,0.148572489495291,-0.0227575585314158,-0.50117013599508,0.0302599640296971
3.89758322732826,0.396874145538045,-0.0960558280679956,-0.316435390427249,-0.01901791607203,0.148517606501547,-0.0229212317032632,-0.501207153090655,0.0305835648536179
3.92461354547494,0.39655720820319,-0.096648273018711,-0.316637352221638,-0.0190999769887992,0.148461825234015,-0.0230857152962717,-0.501243350450506,0.0309094831598689
3.95183132288971,0.39623639931281,-0.0972431308782986,-0.316841830626981,-0.0191811842921996,0.148405137077149,-0.0232510082995849,-0.5012787198873,0.0312377294662615
3.97923785963041,0.395911681430092,-0.0978403903568237,-0.317048845052442,-0.0192615065631252,0.148347533373245,-0.0234171096263184,-0.501313253159928,0.0315683144387383
4.00683446477099,0.395583016924994,-0.0984400396715159,-0.317258414830817,-0.0193409118393657,0.148289005422704,-0.0235840181122632,-0.501346941969448,0.031901248893313
4.03462245646401,0.395250367978753,-0.0990420665385449,-0.317470559211311,-0.0194193676094246,0.14822954448432,-0.0237517325145739,-0.501379777954943,0.0322365437979432
4.06260316200361,0.394913696588587,-0.0996464581647717,-0.317685297352116,-0.0194968408063473,0.148169141775602,-0.02392025151044,-0.501411752689313,0.0325742102743327
4.09077791788892,0.394572964572606,-0.100253201239482,-0.317902648312778,-0.019573297801564,0.148107788473118,-0.0240895736957423,-0.501442857674991,0.0329142595996647
4.11914806988789,0.39422813357491,-0.100862281926105,-0.318122631046353,-0.0196487043987515,0.14804547571287,-0.0242596975836949,-0.501473084339579,0.0332567032082621
4.14771497310157,0.393879165070908,-0.101473685853917,-0.318345264391346,-0.0197230258277181,0.1479821945907,-0.0244306216034715,-0.501502424031426,0.0336015526931739
4.17647999202884,0.393526020372829,-0.10208739810974,-0.318570567063425,-0.0197962267383161,0.147917936162731,-0.0246023440988199,-0.501530868015116,0.0339488198076884
4.20544450063156,0.39316866063546,-0.10270340322964,-0.318798557646923,-0.0198682711943872,0.147852691445828,-0.024774863326662,-0.501558407466905,0.0342985164667691
4.23460988240025,0.392807046862086,-0.103321685190613,-0.319029254586106,-0.0199391226677449,0.147786451418105,-0.024948177455682,-0.50158503347007,0.034650654748413
4.26397753042013,0.392441139910651,-0.103942227402295,-0.319262676176214,-0.0200087440321993,0.147719207019459,-0.0251222845649023,-0.501610737010207,0.0350052468949315
4.29354884743766,0.392070900500137,-0.104565012698661,-0.319498840554272,-0.0200770975576291,0.147650949152133,-0.0252971826422492,-0.501635508970442,0.0353623053141494
4.32332524592758,0.391696289217169,-0.105190023329752,-0.319737765689668,-0.0201441449041067,0.147581668681323,-0.0254728695831074,-0.501659340126593,0.0357218425805237
4.35330814816033,0.391317266522836,-0.105817240953409,-0.319979469374485,-0.0202098471160813,0.147511356435816,-0.0256493431888652,-0.501682221142254,0.0360838714361791
4.38349898627002,0.390933792759749,-0.106446646627042,-0.320223969213601,-0.0202741646166257,0.14744000320866,-0.0258266011654505,-0.501704142563816,0.0364484047918593
4.41389920232282,0.390545828159324,-0.107078220799413,-0.320471282614543,-0.0203370572017526,0.147367599757879,-0.0260046411218599,-0.501725094815428,0.0368154557277931
4.44451024838583,0.390153332849292,-0.107711943302464,-0.320721426777092,-0.0203984840348068,0.147294136807218,-0.0261834605686787,-0.501745068193885,0.0371850374944733
4.47533358659646,0.389756266861457,-0.108347793343172,-0.320974418682647,-0.0204584036409384,0.147219605046931,-0.0263630569165966,-0.501764052863466,0.0375571635133474
4.50637068923228,0.389354590139678,-0.108985749495455,-0.321230275083326,-0.0205167739016644,0.147143995134601,-0.0265434274749161,-0.501782038850695,0.0379318473774193
4.53762303878129,0.388948262548094,-0.10962578969212,-0.321489012490826,-0.020573552049524,0.147067297696012,-0.0267245694500573,-0.501799016039056,0.0383091028517593
4.56909212801278,0.388537243879596,-0.110267891216874,-0.321750647165021,-0.0206286946628346,0.146989503326043,-0.0269064799440591,-0.501814974163634,0.0386889438739224
4.60077946004862,0.388121493864534,-0.11091203069638,-0.322015195102301,-0.0206821576605561,0.146910602589621,-0.0270891559530772,-0.501829902805704,0.0390713845542728
4.63268654843505,0.387700972179674,-0.111558184092396,-0.322282672023652,-0.0207338962972687,0.1468305860227,-0.0272725943658808,-0.501843791387263,0.0394564391762125
4.66481491721498,0.387275638457405,-0.112206326693968,-0.32255309336248,-0.0207838651582725,0.146749444133288,-0.0274567919623486,-0.501856629165498,0.0398441221963148
4.69716610100076,0.386845452295186,-0.112856433109714,-0.322826474252162,-0.0208320181548161,0.146667167402521,-0.0276417454119645,-0.5018684052272,0.040234448244359
4.72974164504755,0.386410373265252,-0.113508477260182,-0.323102829513335,-0.0208783085194602,0.146583746285768,-0.0278274512723161,-0.501879108483125,0.0406274321232656
4.76254310532705,0.385970360924573,-0.114162432370305,-0.323382173640925,-0.020922688801586,0.146499171213789,-0.0280139059875942,-0.501888727662295,0.0410230888089312
4.79557204860185,0.385525374825057,-0.114818270961946,-0.323664520790893,-0.0209651108630538,0.146413432593932,-0.028201105887097,-0.501897251306245,0.0414214334499604
4.82883005250031,0.385075374524022,-0.115475964846551,-0.323949884766728,-0.0210055258740216,0.146326520811377,-0.0283890471837384,-0.501904667763223,0.0418224813672949
4.86231870559183,0.384620319594911,-0.116135485117906,-0.324238279005657,-0.02104388430893,0.146238426230416,-0.0285777259725631,-0.50191096518233,0.042226248053736
4.89603960746281,0.384160169638273,-0.11679680214502,-0.32452971656459,-0.0210801359426628,0.146149139195792,-0.0287671382292677,-0.501916131507611,0.0426327491733615
4.92999436879299,0.383694884293001,-0.11745988556512,-0.324824210105789,-0.0211142298468911,0.146058650034071,-0.0289572798087311,-0.501920154472097,0.043042000560833
4.96418461143244,0.383224423247826,-0.118124704276783,-0.325121771882267,-0.0211461143866096,0.145966949055062,-0.0291481464435542,-0.501923021591799,0.0434540182205941
4.99861196847899,0.382748746253071,-0.118791226433206,-0.325422413722913,-0.0211757372168732,0.145874026553288,-0.0293397337426103,-0.501924720159646,0.0438688183259567
5.03327808435624,0.382267813132671,-0.119459419435623,-0.325726147017343,-0.0212030452797437,0.145779872809498,-0.029532037189608,-0.501925237239385,0.0442864172180732
5.06818461489212,0.381781583796446,-0.120129249926865,-0.326032982700477,-0.0212279848014544,0.145684478092224,-0.0297250521416675,-0.501924559659427,0.044706831404796
5.10333322739797,0.381290018252638,-0.120800683785096,-0.326342931236846,-0.0212505012898019,0.145587832659391,-0.029918773827911,-0.501922674006652,0.0451300775594176
5.13872560074817,0.380793076620709,-0.121473686117701,-0.326656002604626,-0.0212705395317757,0.145489926759966,-0.0301131973480707,-0.501919566620168,0.0455561725192946
5.17436342546036,0.380290719144395,-0.122148221255364,-0.326972206279394,-0.0212880435914329,0.14539075063566,-0.0303083176711132,-0.501915223585025,0.0459851332843508
5.21024840377617,0.379782906205029,-0.122824252746321,-0.32729155121762,-0.021302956808028,0.145290294522672,-0.030504129633883,-0.501909630725894,0.0464169770154585
5.24638224974252,0.379269598335111,-0.12350174335081,-0.327614045839892,-0.0213152217944095,0.145188548653482,-0.0307006279397666,-0.501902773600695,0.0468517210326967
5.2827666892935,0.378750756232145,-0.124180655035717,-0.327939698013857,-0.0213247804356895,0.145085503258692,-0.0308978071573788,-0.50189463749419,0.0472893828134835
5.31940346033281,0.378226340772731,-0.124860948969438,-0.328268515036917,-0.0213315738881993,0.144981148568912,-0.0310956617192712,-0.501885207411544,0.0477299799905817
5.35629431281677,0.377696313026911,-0.125542585516949,-0.328600503618644,-0.0213355425787391,0.144875474816692,-0.0312941859206661,-0.501874468071836,0.048173530349975
5.39344100883792,0.37716063427277,-0.126225524235114,-0.328935669862935,-0.0213366262041328,0.144768472238506,-0.0314933739182171,-0.501862403901546,0.0486200518286138
5.43084532270915,0.37661926601129,-0.12690972386821,-0.329274019249919,-0.0213347637310982,0.144660131076772,-0.0316932197287961,-0.501848999028,0.0490695625120277
5.4685090410485,0.376072169981457,-0.127595142343715,-0.329615556617587,-0.021329893396441,0.144550441581932,-0.0318937172283106,-0.501834237272784,0.0495220806318035
5.50643396286443,0.37551930817561,-0.128281736768332,-0.329960286143187,-0.0213219527075866,0.144439394014567,-0.0320948601505515,-0.501818102145133,0.0499776245629267
5.54462189964184,0.374960642855039,-0.128969463424283,-0.330308211324354,-0.0213108784434571,0.144326978647563,-0.0322966420860731,-0.501800576835277,0.050436212820984
5.58307467542852,0.374396136565832,-0.129658277765869,-0.330659334960003,-0.0212966066557045,0.144213185768322,-0.0324990564811069,-0.501781644207769,0.0508978640592252
5.6217941269223,0.373825752154947,-0.130348134416311,-0.33101365913097,-0.0212790726703129,0.144098005681015,-0.0327020966365109,-0.501761286794787,0.0513625970654826
5.66078210355879,0.373249452786537,-0.131038987164874,-0.331371185180424,-0.0212582110895773,0.143981428708886,-0.0329057557067561,-0.5017394867894,0.0518304307589457
5.70004046759971,0.372667201958496,-0.131730788964294,-0.331731913694036,-0.0212339557944728,0.143863445196593,-0.0331100266989512,-0.501716226038824,0.0523013841867886
5.73957109422183,0.372078963519239,-0.13242349192851,-0.332095844479925,-0.0212062399474223,0.143744045512601,-0.0333149024719077,-0.501691486037648,0.0527754765206494
5.77937587160657,0.371484701684706,-0.133117047330705,-0.332462976548376,-0.0211749959954758,0.143623220051606,-0.0335203757352468,-0.501665247921044,0.053252727052958
5.81945670103016,0.370884381055586,-0.133811405601683,-0.332833308091346,-0.0211401556739109,0.143500959237015,-0.0337264390485492,-0.501637492457957,0.053733155193111
5.85981549695445,0.370277966634756,-0.134506516328567,-0.33320683646175,-0.0211016500102661,0.14337725352346,-0.0339330848205508,-0.501608200044281,0.0542167804634915
5.90045418711838,0.36966542384493,-0.135202328253849,-0.333583558152549,-0.0210594093288168,0.143252093399353,-0.0341403053083837,-0.501577350696023,0.0547036224953314
5.94137471263004,0.369046718546514,-0.13589878927479,-0.333963468775636,-0.0210133632555073,0.143125469389484,-0.0343480926168661,-0.501544924042453,0.0551937010244144
5.9825790280594,0.368421817055657,-0.136595846443179,-0.334346563040529,-0.0209634407233465,0.142997372057659,-0.034556438697842,-0.501510899319244,0.0556870358866175
6.02406910153166,0.367790686162499,-0.137293445965469,-0.334732834732885,-0.0209095699782806,0.142867792009371,-0.0347653353495717,-0.501475255361609,0.0561836470132878
6.06584691482126,0.3671532931496,-0.137991533203281,-0.335122276692834,-0.0208516785855538,0.142736719894517,-0.0349747742161755,-0.501437970597435,0.0566835544264551
6.10791446344653,0.366509605810557,-0.138690052674314,-0.335514880793147,-0.0207896934365655,0.142604146410142,-0.0351847467871317,-0.501399023040403,0.0571867782338743
6.15027375676503,0.365859592468778,-0.139388948053636,-0.335910637917246,-0.0207235407562382,0.142470062303228,-0.0353952443968307,-0.501358390283125,0.0576933386238989
6.19292681806951,0.365203221996441,-0.140088162175395,-0.336309537937064,-0.0206531461109035,0.142334458373509,-0.0356062582241866,-0.501316049490277,0.0582032558601816
6.23587568468454,0.364540463833593,-0.140787637034939,-0.336711569690765,-0.0205784344167197,0.142197325476325,-0.035817779292308,-0.501271977391732,0.0587165502762
6.27912240806387,0.363871288007403,-0.141487313791363,-0.337116720960335,-0.0204993299486292,0.142058654525504,-0.0360297984682291,-0.501226150275713,0.059233242269606
6.32266905388835,0.363195665151561,-0.142187132770493,-0.337524978449054,-0.0204157563498687,0.141918436496276,-0.036242306462703,-0.501178543981951,0.0597533522963956
6.36651770216467,0.362513566525798,-0.142887033468305,-0.337936327758858,-0.0203276366420394,0.141776662428219,-0.0364552938300585,-0.501129133894861,0.0602769008648979
6.41067044732463,0.361824964035538,-0.143586954554802,-0.338350753367605,-0.0202348932357509,0.141633323428225,-0.0366687509681223,-0.501077894936731,0.0608039085295816
6.45512939832527,0.36112983025165,-0.144286833878348,-0.338768238606257,-0.0201374479418463,0.1414884106735,-0.0368826681182071,-0.501024801560941,0.0613343958846743
6.49989667874954,0.360428138430315,-0.144986608470467,-0.339188765635987,-0.0200352219832191,0.141341915414586,-0.0370970353651673,-0.500969827745196,0.0618683835575966
6.54497442690774,0.359719862532976,-0.145686214551122,-0.339612315425226,-0.0199281360072323,0.141193828978403,-0.0373118426375245,-0.500912946984795,0.0624058922022049
6.5903647959397,0.359004977246369,-0.146385587534475,-0.340038867726664,-0.019816110098749,0.141044142771317,-0.0375270797076637,-0.500854132285932,0.0629469424918441
6.63606995391757,0.358283458002629,-0.147084662035135,-0.340468401054217,-0.0196990637937826,0.140892848282222,-0.0377427361920996,-0.500793356159021,0.0634915551122058
6.68209208394941,0.357555280999451,-0.147783371874913,-0.34090089265997,-0.0195769160937773,0.140739937085647,-0.0379588015518182,-0.500730590612072,0.0640397507539914
6.72843338428345,0.35682042322029,-0.148481650090073,-0.341336318511121,-0.0194495854805281,0.140585400844872,-0.0381752650926908,-0.500665807144109,0.0645915501053781
6.77509606841313,0.35607886245461,-0.149179428939105,-0.341774653266931,-0.0193169899317454,0.140429231315061,-0.0383921159659647,-0.500598976738623,0.065146973844285
6.82208236518274,0.35533057731814,-0.149876639911007,-0.342215870255698,-0.0191790469372779,0.140271420346405,-0.0386093431688292,-0.500530069857089,0.0657060426304391
6.86939451889399,0.354575547273146,-0.150573213734104,-0.342659941451774,-0.019035673515997,0.140111959887281,-0.0388269355450603,-0.50045905643253,0.0662687770972368
6.91703478941313,0.35381375264869,-0.151269080385392,-0.343106837452634,-0.0188867862333531,0.139950841987408,-0.0390448817857433,-0.500385905863141,0.0668351978434031
6.96500545227891,0.353045174660884,-0.15196416910042,-0.343556527456024,-0.018732301219611,0.139788058801017,-0.0392631704300752,-0.500310587005983,0.0674053254244419
7.0133087988113,0.352269795433091,-0.152658408383718,-0.344008979237197,-0.0185721341887691,0.139623602590023,-0.0394817898662478,-0.500233068170732,0.067979180343881
7.06194713622089,0.351487598016099,-0.153351726019776,-0.344464159126251,-0.0184062004581728,0.139457465727195,-0.0397007283324113,-0.500153317113512,0.0685567830443052
7.11092278771915,0.350698566408215,-0.154044049084567,-0.344922031985603,-0.0182344149688252,0.139289640699325,-0.0399199739177213,-0.500071301030801,0.0691381538981812
7.16023809262934,0.349902685575292,-0.154735303957635,-0.345382561187598,-0.0180566923064024,0.139120120110401,-0.0401395145634672,-0.49998698655342,0.069723313198467
7.20989540649828,0.349099941470661,-0.155425416334749,-0.345845708592282,-0.0178729467229785,0.138948896684758,-0.0403593380642853,-0.499900339740604,0.0703122811490113
7.25989710120885,0.348290321054949,-0.156114311241108,-0.346311434525363,-0.0176830921594653,0.13877596327024,-0.0405794320694548,-0.499811326074171,0.070905077854735
7.31024556509332,0.347473812315781,-0.156801913045129,-0.34677969775636,-0.0174870422687712,0.138601312841333,-0.0407997840842793,-0.499719910452788,0.0715017233115986
7.36094320304735,0.346650404287332,-0.1574881454728,-0.347250455476988,-0.0172847104396839,0.138424938502296,-0.041020381471553,-0.499626057186333,0.0721022373963516
7.41199243664497,0.345820087069729,-0.158172931622606,-0.347723663279771,-0.0170760098214791,0.138246833490271,-0.0412412114531115,-0.499529729990372,0.0727066398560652
7.46339570425412,0.344982851848269,-0.158856193981031,-0.348199275136924,-0.0168608533492594,0.138066991178376,-0.0414622611114693,-0.499430891980742,0.0733149502974444
7.51515546115323,0.344138690912453,-0.159537854438637,-0.348677243379515,-0.0166391537700259,0.13788540507877,-0.0416835173915422,-0.49932950566826,0.0739271881759221
7.56727417964842,0.34328759767481,-0.160217834306725,-0.34915751867693,-0.0164108236694835,0.137702068845706,-0.041904967102456,-0.499225532953553,0.0745433727845326
7.61975434919166,0.342429566689485,-0.160896054334563,-0.349640050016664,-0.0161757754995819,0.137516976278543,-0.0421265969194406,-0.499118935122012,0.0751635232425642
7.67259847649959,0.341564593670593,-0.161572434727203,-0.35012478468446,-0.0159339216067936,0.137330121324737,-0.0423483933858104,-0.499009672838894,0.0757876584839908
7.72580908567334,0.340692675510307,-0.162246895163868,-0.350611668244813,-0.0156851742611271,0.137141498082796,-0.04257034291503,-0.498897706144556,0.0764157972456826
7.77938871831903,0.339813810296654,-0.162919354816915,-0.351100644521874,-0.015429445685878,0.136951100805199,-0.0427924317928651,-0.498782994449841,0.0770479580553951
7.83333993366922,0.338927997331031,-0.163589732371376,-0.351591655580757,-0.0151666480881134,0.136758923901278,-0.0430146461796182,-0.498665496531616,0.0776841592195364
7.8876653087051,0.338035237145381,-0.16425794604506,-0.352084641709294,-0.0148966936898901,0.136564961940058,-0.0432369721124492,-0.498545170528475,0.0783244188107139
7.94236743827963,0.337135531519048,-0.164923913609236,-0.352579541400243,-0.0146194947602038,0.136369209653048,-0.0434593955077794,-0.4984219739366,0.0789687546550593
7.99744893524145,0.336228883495267,-0.165587552409867,-0.353076291333984,-0.0143349636476658,0.136171661936995,-0.043681902163779,-0.498295863605805,0.0796171843193338
8.0529124305597,0.33531529739728,-0.166248779389413,-0.353574826361719,-0.0140430128139027,0.135972313856576,-0.0439044777629363,-0.498166795735751,0.0802697250978123
8.10876057344967,0.334394778844064,-0.16690751110918,-0.354075079489206,-0.0137435548676762,0.135771160647044,-0.0441271078747093,-0.498034725872355,0.0809263939989501
8.16499603149936,0.333467334765634,-0.167563663772225,-0.354576981861047,-0.0134365025997164,0.135568197716819,-0.0443497779582567,-0.49789960890438,0.0815872077318289
8.22162149079689,0.332532973417926,-0.1682171532468,-0.355080462745551,-0.0131217690182628,0.135363420650012,-0.0445724733652492,-0.49776139906024,0.0822521826923883
8.27863965605879,0.33159170439722,-0.168867895090327,-0.355585449520208,-0.0127992673853062,0.135156825208895,-0.0447951793427579,-0.497620049904996,0.0829213349494395
8.33605325075921,0.330643538654096,-0.169515804573909,-0.356091867657783,-0.012468911253525,0.134948407336303,-0.0450178810362203,-0.497475514337579,0.0835946802304647
8.39386501726,0.329688488506897,-0.17016079670735,-0.356599640713061,-0.0121306145039044,0.134738163157966,-0.0452405634924806,-0.497327744588217,0.0842722339072045
8.45207771694168,0.328726567654691,-0.170802786264694,-0.357108690310275,-0.0117842913840343,0.134526088984775,-0.0454632116629046,-0.497176692216106,0.0849540109810336
8.51069413033537,0.327757791189693,-0.171441687810255,-0.357618936131222,-0.0114298565470706,0.134312181314973,-0.0456858104065657,-0.497022308107302,0.0856400260681267
8.56971705725559,0.326782175609155,-0.172077415725143,-0.358130295904114,-0.0110672250913529,0.134096436836263,-0.0459083444935014,-0.49686454247286,0.0863302933844189
8.62914931693396,0.325799738826677,-0.172709884234263,-0.358642685393169,-0.0106963126006658,0.133878852427849,-0.0461307986080382,-0.496703344847219,0.0870248267303604
8.68899374815392,0.324810500182948,-0.173339007433782,-0.359156018388977,-0.0103170351851305,0.133659425162385,-0.0463531573521821,-0.496538664086844,0.0877236394754697
8.74925320938629,0.323814480455871,-0.173964699319051,-0.359670206699662,-0.00992930952271515,0.133438152307845,-0.0465754052490734,-0.496370448369129,0.0884267445426865
8.80993057892579,0.322811701870084,-0.174586873812958,-0.360185160142863,-0.00953305290134804,0.1332150313293,-0.0467975267465031,-0.496198645191567,0.0891341543925303
8.87102875502857,0.321802188105827,-0.175205444794719,-0.360700786538552,-0.00912818326162021,0.132990059890616,-0.0470195062204885,-0.496023201371205,0.089845881007064
8.93255065605059,0.320785964307172,-0.17582032612907,-0.361216991702733,-0.00871461924006087,0.132763235856045,-0.0472413279789051,-0.495844063044371,0.0905619358736684
8.99449922058705,0.319763057089563,-0.176431431695855,-0.361733679442014,-0.00829228021296907,0.132534557291734,-0.0474629762651738,-0.495661175666705,0.0912823299686307
9.05687740761275,0.318733494546682,-0.177038675419997,-0.3622507515491,-0.00786108634078442,0.132304022467131,-0.0476844352619979,-0.495474484013476,0.0920070737405506
9.11968819662343,0.3176973062566,-0.177641971301823,-0.362768107799223,-0.00742095861297831,0.13207162985629,-0.0479056890951496,-0.495283932180219,0.0927361770935684
9.18293458777804,0.316654523287213,-0.178241233447741,-0.36328564594752,-0.00697181889344636,0.13183737813908,-0.0481267218373015,-0.495089463583666,0.0934696493704179
9.2466196020421,0.315605178200939,-0.178836376101236,-0.363803261727398,-0.00651358996638299,0.131601266202282,-0.0483475175119009,-0.494891020963019,0.0942074993353118
9.31074628133199,0.314549305058662,-0.179427313674171,-0.364320848849897,-0.00604619558261529,0.131363293140591,-0.0485680600970829,-0.494688546381532,0.09494973515666
9.3753176886602,0.313486939422911,-0.180013960778384,-0.364838299004074,-0.00556956050637725,0.131123458257498,-0.0487883335296195,-0.494481981228437,0.0956963643896298
9.44033690828169,0.312418118360262,-0.180596232257534,-0.365355501858426,-0.00508361056249942,0.13088176106607,-0.0490083217089013,-0.494271266221211,0.0964473939585501
9.50580704584117,0.311342880442938,-0.181174043219211,-0.36587234506338,-0.00458827268399192,0.130638201289619,-0.0492280085009483,-0.494056341408187,0.0972028301391673
9.57173122852146,0.310261265749615,-0.181747309067251,-0.366388714254865,-0.00408347495999678,0.130392778862252,-0.0494473777424459,-0.493837146171527,0.0979626785407565
9.63811260519287,0.309173315865393,-0.182315945534264,-0.366904493058976,-0.00356914668408456,0.130145493929314,-0.0496664132448027,-0.493613619230554,0.0987269440880954
9.70495434656358,0.308079073880953,-0.182879868714332,-0.367419563097767,-0.00304521840286873,0.129896346847706,-0.0498850987982262,-0.493385698645452,0.0994956310033062
9.7722596453311,0.306978584390863,-0.183438995095865,-0.367933803996176,-0.00251162196491272,0.129645338186094,-0.050103418175813,-0.493153321821349,0.100268742787572
9.84003171633479,0.305871893491033,-0.183993241594587,-0.368447093390104,-0.00196829056990208,0.129392468724996,-0.0503213551376481,-0.492916425512775,0.101046282202735
9.90827379670937,0.304759048775315,-0.184542525586622,-0.368959306935662,-0.00141515881805343,0.129137739456747,-0.050538893434912,-0.492674945828518,0.10182825125278
9.97698914603959,0.303640099331225,-0.185086764941667,-0.369470318319615,-0.000852162759731212,0.128881151585352,-0.0507560168139879,-0.492428818236868,0.102614651165218
10.0461810465159,0.302515095734796,-0.185625878056211,-0.369979999271007,-0.000279239945244869,0.128622706526206,-0.0509727090205684,-0.492177977571277,0.103405482372364
10.1158528030912,0.301384090044543,-0.186159783886794,-0.370488219574025,0.000303670525205801,0.128362405905704,-0.051188953803755,-0.49192235803641,0.104200744492532
10.1860077436388,0.300247135794533,-0.186688401983254,-0.370994847082072,0.000896627951466833,0.128100251560723,-0.0514047349201472,-0.491661893214631,0.105000436311146
10.2566492191112,0.299104287986569,-0.187211652521958,-0.37149974773309,0.00149968998327796,0.127836245537981,-0.0516200361379167,-0.491396516072898,0.105804555761768
10.3277806037004,0.297955603081464,-0.18772945633898,-0.37200278556614,0.00211291257006618,0.127570390093277,-0.0518348412408622,-0.491126158970093,0.106613099907073
10.3994052949988,0.296801138989415,-0.188241734963189,-0.372503822739236,0.00273634991071581,0.127302687690609,-0.0520491340324406,-0.490850753664779,0.107426064919755
10.4715267141616,0.295640955059473,-0.188748410649244,-0.373002719548461,0.00337005440334831,0.127033141001167,-0.0522628983397698,-0.490570231323405,0.108243446063386
10.5441483060703,0.294475112068098,-0.18924940641044,-0.373499334448362,0.00401407659514574,0.126761752902206,-0.0524761180175995,-0.490284522528954,0.10906523767324
10.6172735394972,0.293303672206812,-0.189744646051391,-0.373993524073637,0.00466846513225175,0.126488526475797,-0.0526887769522437,-0.489993557290035,0.109891433137074
10.6909059072708,0.29212669906894,-0.190234054200524,-0.374485143262121,0.00533326670978376,0.126213465007465,-0.0529008590654729,-0.489697265050439,0.1107220248759
10.7650489264432,0.290944257635444,-0.190717556342348,-0.374974045079075,0.00600852602199298,0.125936571984693,-0.0531123483183594,-0.489395574699156,0.111557004324733
10.8397061384575,0.289756414259851,-0.191195078849467,-0.375460080842784,0.00669428571260455,0.125657851095324,-0.053323228715072,-0.489088414580856,0.112396361913341
10.9148811093176,0.288563236652283,-0.191666549014314,-0.37594310015147,0.0073905863253772,0.125377306225837,-0.0535334843066156,-0.488775712506837,0.113240087047004
10.9905774297578,0.287364793862586,-0.192131895080582,-0.376422950911521,0.00809746625491489,0.125094941459507,-0.0537430991945115,-0.488457395766459,0.11408816808728
11.0667987154147,0.286161156262566,-0.192591046274301,-0.376899479367036,0.00881496169776905,0.12481076107446,-0.0539520575344134,-0.488133391139049,0.114940592332815
11.1435486070002,0.284952395527349,-0.193043932834562,-0.377372530130693,0.0095431066038659,0.124524769541604,-0.0541603435396548,-0.487803624906296,0.11579734600017
11.2208307704748,0.28373858461585,-0.193490486043831,-0.377841946215935,0.0102819326282979,0.124236971522464,-0.0543679414847234,-0.487468022865128,0.116658414204716
11.2986488972231,0.282519797750381,-0.193930638257841,-0.378307569070467,0.0110314690835142,0.123947371866895,-0.054574835708659,-0.487126510341093,0.117523780941575
11.3770067042298,0.281296110395403,-0.19436432293503,-0.378769238611081,0.0117917428919475,0.123655975610706,-0.0547810106183687,-0.486779012202221,0.118393429066637
11.4559079342577,0.280067599235419,-0.19479147466549,-0.37922679325978,0.0125627785391152,0.123362787973165,-0.0549864506918578,-0.486425452873395,0.11926734027766
11.535356356026,0.278834342152039,-0.195212029199411,-0.379680069981217,0.013344598027232,0.123067814354418,-0.0551911404813695,-0.486065756351226,0.120145495095457
11.6153557643908,0.277596418200216,-0.195625923474968,-0.380128904321431,0.0141372208293692,0.122771060332804,-0.0553950646164313,-0.485699846219421,0.121027872845198
11.6959099805258,0.27635390758368,-0.196033095645662,-0.380573130447875,0.0149406638442013,0.122472531662081,-0.0555982078068037,-0.485327645664675,0.121914451637819
11.7770228521052,0.275106891629565,-0.196433485107043,-0.38101258119074,0.0157549413513733,0.122172234268553,-0.0558005548453266,-0.48494907749306,0.122805208351565
11.8586982534876,0.273855452762269,-0.196827032522822,-0.38144708808554,0.0165800649675291,0.121870174248126,-0.0560020906106603,-0.484564064146932,0.123700118613675
11.9409400859005,0.272599674476544,-0.19721367985033,-0.381876481416978,0.0174160436030345,0.121566357863264,-0.0562028000699174,-0.484172527722354,0.124599156782212
12.0237522776272,0.271339641309853,-0.1975933703653,-0.382300590264055,0.0182628834194355,0.121260791539878,-0.0564026682811814,-0.483774389987033,0.125502295928072
12.1071387841942,0.270075438813989,-0.197966048685947,-0.382719242546429,0.0191205877876842,0.120953481864133,-0.0566016803959098,-0.483369572398772,0.126409507817162
12.1911035885602,0.268807153526001,-0.198331660796323,-0.383132265071994,0.0199891572471723,0.120644435579191,-0.0567998216612173,-0.482957996124443,0.127320762892767
12.2756507013062,0.267534872938434,-0.198690154068917,-0.383539483585683,0.0208685894656042,0.120333659581877,-0.0569970774220361,-0.48253958205948,0.128236030258134
12.3607841608273,0.266258685468905,-0.199041477286486,-0.383940722819455,0.0217588791997502,0.120021160919296,-0.057193433123151,-0.48211425084789,0.129155277659253
12.4465080335254,0.264978680429047,-0.199385580663085,-0.384335806543469,0.0226600182571103,0.11970694678538,-0.0573888743111061,-0.481681922902784,0.130078471467892
12.5328264140034,0.263694947992834,-0.199722415864272,-0.384724557618424,0.0235719954585258,0.11939102451739,-0.0575833866359798,-0.481242518427428,0.131005576664853
12.6197434252612,0.262407579164322,-0.200051936026486,-0.385106798049026,0.0244947966017739,0.11907340159237,-0.0577769558530268,-0.480795957436814,0.131936556823499
12.7072632188919,0.261116665744819,-0.200374095775542,-0.385482349038595,0.025428404426176,0.118754085623554,-0.0579695678241839,-0.480342159779751,0.132871374093549
12.7953899752808,0.259822300299526,-0.200688851244266,-0.385851031044757,0.0263727985782573,0.118433084356739,-0.0581612085194377,-0.47988104516147,0.133809989185153
12.8841279038047,0.258524576123666,-0.200996160089211,-0.386212663836222,0.0273279555784863,0.118110405666625,-0.0583518640180524,-0.479412533166752,0.134752361353265
12.9734812430331,0.257223587208126,-0.201295981506467,-0.386567066550616,0.0282938487891296,0.117786057553126,-0.0585415205096562,-0.478936543283562,0.135698448382333
13.0634542609305,0.255919428204658,-0.201588276246529,-0.386914057753338,0.0292704483832517,0.117460048137664,-0.0587301642951839,-0.478452994927206,0.13664820657131
13.1540512550606,0.254612194390641,-0.201873006628216,-0.387253455497425,0.030257721314892,0.117132385659444,-0.0589177817876753,-0.477961807464995,0.137601590719003
13.2452765527909,0.253301981633466,-0.20215013655162,-0.387585077384396,0.0312556312904478,0.116803078471717,-0.0591043595129279,-0.477462900241411,0.138558554109779
13.3371345115004,0.251988886354541,-0.20241963151008,-0.387908740626044,0.0322641387412944,0.116472135038044,-0.0592898841100035,-0.476956192603789,0.139519048499636
13.4296295187868,0.250673005492982,-0.202681458601159,-0.388224262107152,0.0332832007976694,0.116139563928557,-0.0594743423315868,-0.476441603928497,0.140483024102656
13.5227659926764,0.249354436468995,-0.202935586536618,-0.388531458449102,0.0343127712638512,0.11580537381623,-0.059657721044197,-0.475919053647611,0.141450429577856
13.6165483818355,0.248033277146984,-0.203181985651375,-0.388830146074348,0.0353528005946561,0.115469573473161,-0.0598400072282516,-0.475388461276088,0.142421212016445
13.7109811657822,0.246709625798443,-0.203420627911435,-0.389120141271723,0.0364032358732843,0.115132171766875,-0.0600211879779824,-0.474849746439432,0.143395316929508
13.806068855101,0.245383581064627,-0.203651486920795,-0.389401260262548,0.0374640207905354,0.11479317765665,-0.0602012505012039,-0.474302828901843,0.144372688236128
13.9018159916578,0.244055241919067,-0.203874537927302,-0.389673319267508,0.0385350956254225,0.114452600189878,-0.0603801821189353,-0.473747628594845,0.145353268251965
13.998227148817,0.242724707629948,-0.204089757827467,-0.389936134574267,0.0396163972272057,0.114110448498459,-0.060557970264876,-0.473184065646396,0.146336997678294
14.0953069316601,0.24139207772238,-0.204297125170235,-0.390189522605787,0.0407078589988697,0.113766731795242,-0.0607346024847359,-0.472612060410458,0.147323815591533
14.1930599772055,0.240057451940614,-0.20449662015969,-0.390433299989315,0.0418094108820655,0.113421459370513,-0.0609100664354224,-0.472031533497045,0.148313659433262
14.2914909546299,0.238720930210216,-0.204688224656715,-0.390667283626003,0.0429209793435386,0.113074640588538,-0.0610843498840849,-0.471442405802715,0.149306465000759
14.3906045654914,0.237382612600248,-0.20487192217959,-0.390891290761131,0.0440424873630642,0.112726284884167,-0.0612574407070185,-0.47084459854152,0.150302166438054
14.4904055439544,0.236042599285487,-0.205047697903533,-0.391105139054888,0.0451738544229052,0.112376401759512,-0.0614293268884297,-0.4702380332764,0.151300696227526
14.5908986570152,0.234700990508713,-0.205215538659195,-0.391308646653687,0.0463149964988152,0.112025000780686,-0.061599996519066,-0.469622631951009,0.152301985182057
14.6920887047298,0.2333578865431,-0.205375432930089,-0.39150163226196,0.0474658260526005,0.111672091574631,-0.061769437794711,-0.468998316921975,0.153305962437751
14.7939805204436,0.232013387654757,-0.205527370848989,-0.391683915214417,0.0486262520262585,0.111317683826027,-0.0619376390145501,-0.468365010991572,0.154312555447233
14.8965789710218,0.23066759406543,-0.205671344193271,-0.391855315548712,0.0497961798377066,0.110961787274291,-0.0621045885794064,-0.467722637440814,0.155321689973553
14.999888957082,0.229320605915423,-0.205807346379233,-0.392015654078489,0.0509755113781167,0.110604411710673,-0.0622702749898544,-0.467071120062941,0.156333290084697
15.1039154132284,0.227972523226755,-0.205935372455378,-0.392164752466765,0.0521641450108665,0.110245566975449,-0.0624346868442101,-0.466410383197303,0.157347278148721
15.2086633082875,0.226623445866597,-0.206055419094685,-0.392302433299618,0.0533619755721215,0.109885262955232,-0.0625978128364062,-0.465740351763627,0.158363574829529
15.3141376455451,0.225273473511007,-0.20616748458587,-0.392428520160126,0.0545688943730573,0.10952350958038,-0.062759641753752,-0.465060951296656,0.159382099083305
15.4203434629857,0.223922705609025,-0.206271568823651,-0.392542837702542,0.0557847892037321,0.109160316822535,-0.0629201624745854,-0.464372107981149,0.160402768155609
15.5272858335329,0.222571241347116,-0.206367673298034,-0.392645211726635,0.0570095443386187,0.108795694692271,-0.0630793639658198,-0.463673748687231,0.161425497579162
15.6349698652918,0.221219179614043,-0.206455801082624,-0.39273546925219,0.0582430405438035,0.10842965323688,-0.0632372352803909,-0.462965801006088,0.162450201172314
15.7434007017931,0.219866618966156,-0.206535956821987,-0.392813438593598,0.059485155085859,0.108062202538284,-0.063393765554609,-0.46224819328598,0.163476791038239
15.8525835222385,0.21851365759316,-0.206608146718073,-0.392878949434516,0.0607357617423964,0.107693352711082,-0.0635489440054201,-0.461520854668581,0.164505177564836
15.9625235417481,0.217160393284373,-0.206672378515718,-0.392931832902553,0.0619947308143022,0.107323113900741,-0.0637027599275833,-0.460783715125609,0.165535269425376
16.07322601161,0.215806923395512,-0.206728661487249,-0.39297192164393,0.063261929139663,0.106951496281924,-0.0638552026907688,-0.460036705495752,0.166566973579901
16.1846962195303,0.214453344816032,-0.206777006416196,-0.392999049898092,0.0645372201093801,0.106578510056977,-0.0640062617365814,-0.459279757521873,0.167600195277376
16.2969394898867,0.213099753937049,-0.206817425580156,-0.393013053572223,0.0658204636844785,0.106204165454559,-0.064155926575518,-0.458512803888467,0.168634838058623
16.4099611839816,0.211746246619868,-0.206849932732805,-0.393013770315618,0.0671115164151072,0.105828472728427,-0.0643041867838612,-0.457735778259369,0.169670803760051
16.5237667002994,0.210392918165149,-0.206874543085103,-0.393001039593886,0.0684102314612343,0.105451442156384,-0.0644510320005199,-0.4569486153157,0.170707992518171
16.6383614747635,0.209039863282732,-0.206891273285693,-0.392974702762934,0.0697164586150326,0.10507308403939,-0.0645964519238182,-0.456151250794017,0.171746302774942
16.7537509809962,0.207687176062145,-0.20690014140054,-0.392934603142694,0.0710300443249557,0.104693408700825,-0.0647404363082442,-0.455343621524679,0.172785631283932
16.8699407305804,0.206334949943822,-0.206901166891818,-0.392880586090555,0.0723508317215019,0.104312426485933,-0.0648829749611607,-0.45452566547038,0.173825873117322
16.9869362733223,0.204983277691048,-0.206894370596083,-0.392812499074464,0.0736786606446591,0.103930147761427,-0.065024057739488,-0.453697321764865,0.174866921673764
17.1047431975172,0.203632251362659,-0.206879774701747,-0.392730191745647,0.0750133676730291,0.103546582915265,-0.0651636745463641,-0.452858530751789,0.175908668687092
17.2233671302159,0.202281962286512,-0.206857402725893,-0.392633516010921,0.0763547861546242,0.103161742356599,-0.0653018153277891,-0.452009234023707,0.176951004235915
17.3428137374936,0.200932501033742,-0.206827279490451,-0.39252232610455,0.0777027462393293,0.102775636515897,-0.0654384700692621,-0.451149374461183,0.177993816754089
17.4630887247206,0.199583957393837,-0.206789431097761,-0.392396478659615,0.0790570749130217,0.102388275845246,-0.0655736287924168,-0.450278896271991,0.179036993042088
17.5841978368348,0.198236420350529,-0.206743884905561,-0.39225583277885,0.0804175960333422,0.101999670818817,-0.0657072815516629,-0.449397745030399,0.180080418279279
17.7061468586161,0.196889978058535,-0.206690669501426,-0.392100250104915,0.0817841303671064,0.101609831933523,-0.0658394184308418,-0.448505867716499,0.18112397603711
17.8289416149627,0.19554471782115,-0.206629814676681,-0.391929594890056,0.0831564956293461,0.101218769709839,-0.065970029539903,-0.447603212755588,0.182167548293234
17.9525879711692,0.194200726068715,-0.206561351399834,-0.391743734065132,0.084534506523972,0.100826494692808,-0.0660991050116082,-0.446689730057555,0.183211015446553
18.0770918332073,0.19285808833796,-0.206485311789546,-0.39154253730795,0.0859179747860445,0.100433017453218,-0.0662266349982722,-0.445765371056266,0.184254256333222
18.2024591480069,0.191516889252254,-0.206401729087172,-0.391325877110895,0.0873067092256408,0.100038348588956,-0.0663526096685465,-0.444830088748929,0.185297148243595
18.3286959037413,0.190177212502743,-0.206310637628916,-0.391093628847789,0.0887005157733046,0.0996424987265392,-0.0664770192042537,-0.443883837735407,0.186339566940135
18.4558081301122,0.188839140830418,-0.206212072817614,-0.390845670839976,0.0900991975270658,0.0992454785228127,-0.0665998537972804,-0.442926574257457,0.187381386676303
18.5838018986386,0.18750275600909,-0.206106071094189,-0.390581884421566,0.0915025548010141,0.098847298666827,-0.0667211036465349,-0.441958256237885,0.188422480216406
18.7126833229461,0.186168138829301,-0.205992669908816,-0.390302154003826,0.0929103851754136,0.0984479698818798,-0.0668407589549793,-0.440978843319581,0.189462718856449
18.8424585590593,0.184835369083161,-0.205871907691809,-0.39000636713866,0.0943224835483376,0.0980475029277277,-0.066958809926741,-0.439988296904412,0.190501972445958
18.9731338056957,0.18350452555013,-0.205743823824279,-0.389694414581168,0.0957386421888134,0.0976459086029628,-0.0670752467643121,-0.438986580191956,0.191540109410818
19.1047153045619,0.182175685983729,-0.205608458608597,-0.389366190351227,0.0971586507914536,0.0972431977475519,-0.067190059665844,-0.437973658218041,0.192576996777099
19.2372093406515,0.180848927099202,-0.20546585323868,-0.38902159179407,0.0985822965325603,0.0968393812455353,-0.0673032388225443,-0.43694949789308,0.193612500195897
19.3706222425457,0.179524324562107,-0.205316049770146,-0.38866051963983,0.100009364127679,0.0964344700278813,-0.0674147744161822,-0.43591406804016,0.194646483969185
19.5049603827152,0.178201952977863,-0.205159091090362,-0.38828287806201,0.10143963589059,0.0960284750754938,-0.0675246566167112,-0.434867339432864,0.195678811076674
19.6402301778248,0.176881885882222,-0.204995020888425,-0.387888574734845,0.102872891793705,0.0956214074223675,-0.0676328755800134,-0.433809284832814,0.196709343203704
19.7764380890397,0.175564195732684,-0.204823883625097,-0.387477520889533,0.104308909529861,0.0952132781588888,-0.067739421445775,-0.432739879026878,0.197737940770142
19.9135906223344,0.17424895390084,-0.204645724502733,-0.387049631369287,0.105747464575485,0.0948040984352747,-0.0678442843354971,-0.431659098864052,0.198764462960316
20.0516943288031,0.17293623066564,-0.204460589435237,-0.386604824683189,0.107188330255102,0.0943938794651486,-0.0679474543506493,-0.430566923291955,0.199788767753968
20.1907558049731,0.171626095207585,-0.204268525018063,-0.386143023058801,0.108631277807171,0.0939826325292443,-0.0680489215709728,-0.429463333392927,0.200810711958227
20.3307816931193,0.170318615603826,-0.204069578498305,-0.38566415249352,0.110076076451227,0.0935703689792357,-0.0681486760529379,-0.428348312419705,0.201830151240618
20.4717786815819,0.169013858824165,-0.203863797744902,-0.385168142804622,0.111522493456291,0.0931571002416853,-0.0682467078283633,-0.427221845830635,0.202846940163084
20.6137535050858,0.167711890727954,-0.203651231218982,-0.384654927677985,0.112970294210545,0.0927428378221056,-0.0683430069032007,-0.426083921324399,0.203860932217039
20.756712945062,0.16641277606187,-0.203431927944384,-0.384124444715446,0.114419242292223,0.0923275933091277,-0.0684375632564926,-0.424934528874234,0.204871979859437
20.900663829972,0.165116578458568,-0.203205937478373,-0.383576635480772,0.115869099541715,0.0919113783787708,-0.0685303668395074,-0.423773660761594,0.205879934549857
21.0456130356336,0.163823360436185,-0.202973309882591,-0.383011445544208,0.117319626134841,0.0914942047988052,-0.0686214075750558,-0.422601311609253,0.206884646788602
21.1915674855492,0.162533183398689,-0.202734095694263,-0.382428824525577,0.118770580657269,0.0910760844332039,-0.0687106753569956,-0.42141747841379,0.207885966155808
21.338534151237,0.161246107637064,-0.20248834589768,-0.381828726135896,0.120221720180059,0.0906570292466734,-0.0687981600499277,-0.420222160577448,0.208883741351552
21.4865200525637,0.159962192331298,-0.202236111895998,-0.381211108217494,0.121672800336301,0.0902370513092584,-0.0688838514890876,-0.419015359939328,0.209877820236955
21.6355322580795,0.158681495553178,-0.20197744548336,-0.380575932782588,0.123123575398804,0.0898161628010117,-0.0689677394804379,-0.417797080805886,0.21086804987628
21.7855778853565,0.157404074269861,-0.201712398817391,-0.379923166050296,0.12457379835883,0.089394376016723,-0.0690498138009631,-0.416567329980699,0.211854276579996
21.9366641013278,0.156129984348206,-0.201441024392059,-0.379252778482062,0.126023221005821,0.0889717033706974,-0.0691300641991731,-0.415326116793488,0.212836345948828
22.0887981226306,0.154859280559854,-0.201163375010949,-0.378564744815462,0.127471594008101,0.0885481574015771,-0.0692084803958157,-0.414073453128338,0.213814102918753
22.2419872159503,0.153592016587029,-0.200879503760959,-0.377859044096368,0.128918666994517,0.088123750777197,-0.069285052084803,-0.41280935345111,0.214787391806954
22.396238698368,0.152328245029041,-0.200589463986448,-0.377135659709437,0.130364188636981,0.0876984962994667,-0.0693597689343531,-0.411533834835996,0.215756056358702
22.5515599377096,0.151068017409479,-0.200293309263847,-0.376394579406914,0.131807906733893,0.0872724069092705,-0.06943262058835,-0.4102469169912,0.216719939795167
22.7079583528983,0.14981138418406,-0.199991093376757,-0.375635795335708,0.133249568294395,0.086845495691377,-0.0695035966679229,-0.408948622283703,0.217678884862134
22.8654414143084,0.14855839474912,-0.199682870291554,-0.374859304062722,0.134688919623435,0.0864177758793487,-0.0695726867732476,-0.407638975763084,0.218632733879608
23.0240166441225,0.147309097450722,-0.199368694133518,-0.374065106598423,0.136125706407597,0.085989260860445,-0.06963988048557,-0.406318005184375,0.219581328792304
23.1836916166905,0.146063539594359,-0.199048619163494,-0.373253208418611,0.137559673801664,0.0855599641805079,-0.0697051673694534,-0.404985741029898,0.220524511220985
23.3444739588916,0.144821767455232,-0.198722699755118,-0.372423619484379,0.138990566515878,0.0851298995488226,-0.0697685369752501,-0.403642216530086,0.221462122514648
23.5063713504986,0.143583826289064,-0.198390990372603,-0.371576354260236,0.140418128903859,0.0846990808429437,-0.0698299788417973,-0.40228746768322,0.222394003803521
23.6693915245447,0.142349760343453,-0.198053545549114,-0.370711431730369,0.141842105051143,0.084267522113479,-0.0698894824993373,-0.400921533274082,0.223319996052869
23.8335422676926,0.141119612869711,-0.197710419865736,-0.369828875413027,0.143262238864301,0.0838352375888203,-0.0699470374726621,-0.399544454891483,0.224239940117568
23.9988314206069,0.139893426135183,-0.19736166793105,-0.368928713373007,0.144678274160604,0.0834022416798143,-0.07000263328448,-0.398156276944631,0.225153676797438
24.1652668783283,0.138671241436017,-0.197007344361326,-0.368010978232219,0.146089954758181,0.0829685489843629,-0.0700562594590056,-0.396757046678318,0.2260610468933
24.3328565906507,0.137453099110348,-0.196647503761344,-0.367075707178316,0.147497024566648,0.0825341742919454,-0.0701079055257691,-0.395346814186899,0.226961891263746
24.5016085625011,0.136239038551892,-0.196282200705853,-0.366122941971363,0.148899227678148,0.0820991325880523,-0.0701575610236448,-0.393925632427023,0.227856050882574
24.6715308543219,0.135029098223908,-0.195911489721671,-0.365152728948537,0.150296308458766,0.0816634390585233,-0.0702052155050958,-0.392493557229105,0.228743366896885
24.8426315824557,0.133823315673506,-0.195535425270437,-0.364165119026838,0.151688011640284,0.0812271090937798,-0.0702508585406329,-0.391050647307493,0.229623680685792
25.0149189195333,0.132621727546275,-0.19515406173202,-0.363160167703788,0.153074082412216,0.0807901582929435,-0.0702944797234839,-0.389596964269321,0.230496833919724
25.1884010948637,0.131424369601215,-0.194767453388589,-0.362137935056119,0.154454266514094,0.0803526024678321,-0.0703360686744713,-0.388132572622014,0.231362668620294
25.3630863948277,0.130231276725932,-0.194375654409341,-0.361098485736417,0.155828310327947,0.0799144576468244,-0.0703756150470935,-0.386657539779414,0.232221027220683
25.538983163273,0.129042482952078,-0.193978718835912,-0.360041888967726,0.157195960970936,0.0794757400785854,-0.0704131085328067,-0.385171936066518,0.233071752626535
25.7160998019135,0.127858021471014,-0.193576700568436,-0.358968218536092,0.158556966388092,0.0790364662356442,-0.070448538866503,-0.38367583472279,0.233914688277299
25.89444477073,0.126677924649666,-0.193169653352297,-0.357877552781032,0.159911075445112,0.0785966528178152,-0.0704818958321786,-0.382169311904028,0.234749678208007
26.0740265883745,0.125502224046546,-0.192757630765528,-0.356769974583925,0.161258038021169,0.0781563167554559,-0.0705131692687903,-0.380652446682773,0.235576567111432
26.2548538325773,0.124330950427924,-0.192340686206897,-0.35564557135432,0.162597605101679,0.0777154752125526,-0.0705423490762912,-0.37912532104722,0.236395200400606
26.4369351405564,0.123164133784111,-0.19191887288465,-0.354504435014136,0.163929528870977,0.0772741455896271,-0.0705694252218439,-0.377588019898636,0.237205424271645
26.6202792094301,0.122001803345841,-0.191492243805923,-0.353346661979768,0.165253562804866,0.0768323455264565,-0.0705943877462018,-0.376040631047245,0.238007085766853
26.8048947966327,0.120843987600728,-0.191060851766807,-0.352172353142078,0.166569461762961,0.0763900929045983,-0.0706172267702552,-0.374483245206566,0.238800032838059
26.9907907203326,0.119690714309759,-0.190624749343079,-0.350981613844278,0.167876982080805,0.0759474058497153,-0.0706379325017338,-0.372915955986205,0.239584114410145
27.1779758598533,0.118542010523821,-0.190183988881573,-0.349774553857692,0.169175881661693,0.0755043027336917,-0.0706564952420596,-0.371338859883054,0.240359180444724
27.3664591560979,0.117397902600221,-0.189738622492204,-0.348551287355405,0.170465920068142,0.0750608021765356,-0.0706729053933433,-0.369752056270913,0.241125082003932
27.556249611976,0.116258416219192,-0.189288702040621,-0.347311932883787,0.171746858612977,0.0746169230480605,-0.0706871534655165,-0.368155647388507,0.241881671314279
27.7473562928336,0.115123576400341,-0.188834279141493,-0.346056613331911,0.173018460449956,0.0741726844693393,-0.0706992300835921,-0.366549738325877,0.24262880183052
27.9397883268864,0.113993407519049,-0.188375405152416,-0.344785455898845,0.174280490663901,0.0737281058139274,-0.0707091259950461,-0.364934437009163,0.243366328299503
28.1335549056553,0.112867933322771,-0.187912131168429,-0.34349859205884,0.175532716360266,0.0732832067088458,-0.0707168320773104,-0.363309854183737,0.244094106823941
28.3286652844062,0.11174717694723,-0.187444508017133,-0.342196157524412,0.176774906754095,0.0728380070353231,-0.0707223393453715,-0.361676103395703,0.244811994926076
28.5251287825912,0.110631160932489,-0.1869725862544,-0.340878292207323,0.178006833258318,0.0723925269292881,-0.0707256389594636,-0.360033300971744,0.245519851611166
28.7229547842946,0.109519907238871,-0.186496416160655,-0.339545140177476,0.179228269571318,0.0719467867816103,-0.0707267222328491,-0.358381565997314,0.246217537430767
28.9221527386804,0.108413437262716,-0.186016047737739,-0.338196849619729,0.180438991763732,0.071500807238084,-0.0707255806396778,-0.356721020293182,0.246904914545751
29.1227321604441,0.107311771851951,-0.185531530706311,-0.336833572788634,0.181638778364415,0.0710546091991512,-0.070722205822914,-0.355051788390301,0.247581846789014
29.324702630267,0.106214931321459,-0.185042914503801,-0.335455465961133,0.182827410445522,0.070608213819361,-0.0707165896023237,-0.353373997503041,0.24824819972783
29.5280737952738,0.105122935468233,-0.184550248282889,-0.334062689387201,0.184004671706645,0.0701616425065609,-0.0707087239825131,-0.351687777500738,0.248903840725789
29.7328553694936,0.104035803586288,-0.184053580910493,-0.332655407238476,0.185170348557961,0.0697149169208189,-0.070698601161006,-0.349993260877617,0.249548639004283
29.9390571343235,0.102953554481329,-0.183552960967261,-0.331233787554874,0.186324230202317,0.0692680589730714,-0.0706862135363542,-0.348290582721038,0.250182465703483
30.1466889389963,0.101876206485152,-0.183048436747546,-0.329798002189225,0.187466108716223,0.0688210908234986,-0.0706715537162677,-0.346579880678125,0.250805193942755
30.3557607010504,0.100803777469759,-0.182540056259844,-0.32834822674994,0.188595779129674,0.0683740348796209,-0.0706546145257572,-0.344861294920737,0.251416698880475
30.566282406804,0.0997362848611911,-0.182027867227693,-0.326884640541738,0.189713039504757,0.0679269137941194,-0.0706353890152778,-0.343134968108834,0.252016857773176
30.7782641118319,0.0986737456530439,-0.181511917090997,-0.325407426504463,0.190817691012995,0.0674797504623763,-0.0706138704688642,-0.341401045352214,0.252605550033994
30.9917159414457,0.0976161764196751,-0.180992253007782,-0.323916771149999,0.191909538011357,0.0670325680197368,-0.0705900524122466,-0.33965967417066,0.253182657290352
31.2066480911777,0.096563593329076,-0.180468921856342,-0.322412864497341,0.1929883881169,0.0665853898384907,-0.0705639286209392,-0.337911004452497,0.253748063440839
31.4230708272674,0.0955160121554066,-0.179941970237777,-0.320895900005819,0.194054052279977,0.0661382395245744,-0.0705354931282879,-0.336155188411585,0.254301654711223
31.6409944871527,0.0944734482911794,-0.179411444478901,-0.319366074506536,0.195106344855959,0.0656911409139949,-0.0705047402334704,-0.334392380542757,0.254843319709565
31.8604294799627,0.0934359167590871,-0.178877390635495,-0.317823588132041,0.196145083675429,0.0652441180689746,-0.0704716645094367,-0.332622737575733,0.25537294948037
32.0813862870155,0.0924034322234606,-0.178339854495891,-0.316268644244262,0.197170090112785,0.0647971952738207,-0.0704362608107793,-0.330846418427528,0.255890437557736
32.3038754623189,0.0913760090013553,-0.177798881584881,-0.314701449360763,0.198181189153216,0.0643503970305185,-0.0703985242815255,-0.329063584153367,0.256395680017451
32.5279076330741,0.090353661073255,-0.177254517167909,-0.313122213079341,0.199178209457977,0.063903748054053,-0.0703584503628389,-0.327274397896159,0.256888575527978
32.7534935001834,0.0893364020933896,-0.176706806255554,-0.311531148001008,0.20016098342795,0.0634572732674593,-0.0703160348006223,-0.325479024834525,0.257369025400309
32.9806438387618,0.0883242453996598,-0.176155793608264,-0.309928469651415,0.20112934726541,0.0630109977966062,-0.0702712736530108,-0.323677632129434,0.257836933636611
33.2093694986511,0.0873172040231662,-0.175601523741335,-0.308314396400741,0.202083141033968,0.0625649469647157,-0.0702241632977463,-0.321870388869467,0.258292206977641
33.4396814049384,0.0863152906973367,-0.17504404093012,-0.306689149382108,0.203022208716642,0.0621191462866211,-0.0701747004394233,-0.320057466014745,0.25873475494887
33.6715905584778,0.0853185178666521,-0.174483389215433,-0.305052952408567,0.203946398272013,0.06167362146277,-0.0701228821165958,-0.318239036339546,0.259164489905282
33.9051080364161,0.0843268976949642,-0.173919612409153,-0.303406031888696,0.204855561688417,0.0612283983729736,-0.0700687057087379,-0.316415274373662,0.259581327074811
34.1402449927217,0.0833404420734078,-0.173352754099986,-0.301748616740872,0.205749555036136,0.0607835030699098,-0.0700121689430465,-0.314586356342523,0.259985184600349
34.3770126587175,0.0823591626279045,-0.172782857659391,-0.300080938306259,0.206628238517555,0.0603389617723833,-0.0699532699010789,-0.312752460106127,0.260375983580318
34.6154223436172,0.0813830707262574,-0.17220996624763,-0.298403230260575,0.20749147651523,0.0598948008583491,-0.0698920070252161,-0.310913765096821,0.260753648107743
34.8554854350656,0.0804121774848385,-0.171634122819948,-0.296715728524683,0.208339137637845,0.0594510468577042,-0.0698283791249419,-0.30907045225597,0.261118105307795
35.0972133996824,0.0794464937748699,-0.171055370132834,-0.295018671174074,0.209171094764015,0.0590077264448551,-0.0697623853829311,-0.30722270396956,0.26146928537377
35.3406177836102,0.0784860302282993,-0.170473750750389,-0.293312298347287,0.209987225083902,0.058564866431066,-0.0696940253609386,-0.305370704002782,0.261807121601471
35.5857102130658,0.0775307972432736,-0.169889307050738,-0.291596852153335,0.210787410138615,0.0581224937565948,-0.0696232990054791,-0.303514637433637,0.262131550421943
35.8325023948954,0.0765808049892137,-0.169302081232504,-0.289872576578197,0.211571535857357,0.0576806354826248,-0.0695502066532934,-0.301654690585609,0.262442511432553
36.081006117134,0.0756360634114931,-0.168712115321316,-0.288139717390427,0.212339492592303,0.0572393187829981,-0.0694747490365902,-0.299791050959471,0.262739947426369
36.3312332495683,0.0746965822357255,-0.168119451176326,-0.286398522045956,0.213091175151162,0.0567985709357591,-0.0693969272880596,-0.297923907164242,0.263023804419801
36.5831957443038,0.0737623709716668,-0.167524130496738,-0.284649239592143,0.213826482827427,0.0563584193145155,-0.069316742945649,-0.29605344884738,0.263294031678506
36.8369056363357,0.0728334389167341,-0.166926194828315,-0.282892120571139,0.214545319428256,0.0559188913796255,-0.0692341979570958,-0.294179866624237,0.263550581741493
37.0923750441235,0.0719097951591533,-0.166325685569868,-0.281127416922633,0.215247593299997,0.0554800146692186,-0.0691492946842115,-0.292303352006848,0.26379341044344
37.3496161701702,0.0709914485807343,-0.165722643979691,-0.279355381886047,0.21593321735131,0.0550418167900594,-0.0690620359069094,-0.290424097332085,0.264022476935171
37.6086413016048,0.0700784078592875,-0.165117111181953,-0.277576269902241,0.216602109073896,0.0546043254082627,-0.0689724248269727,-0.288542295689262,0.264237743702293
37.8694628107695,0.069170681470685,-0.164509128173006,-0.275790336514801,0.217254190560787,0.0541675682398688,-0.0688804650715553,-0.286658140847211,0.264439176581963
38.1320931558105,0.0682682776905758,-0.163898735827625,-0.273997838270979,0.217889388522222,0.0537315730412887,-0.0687861606964125,-0.284771827180914,0.264626744777778
38.3965448812729,0.067371204595763,-0.16328597490514,-0.272199032622347,0.218507634299065,0.0532963675996281,-0.0686895161888561,-0.282883549597733,0.264800420872759
38.6628306187004,0.0664794700652523,-0.162670886055466,-0.270394177825241,0.21910886387378,0.052861979722899,-0.0685905364704296,-0.280993503463297,0.264960180840432
38.9309630872381,0.06559308178098,-0.162053509825017,-0.268583532841066,0.219693017878947,0.0524284372301306,-0.0684892268993006,-0.279101884527106,0.265106004053984
39.2009550942403,0.0647120472282302,-0.16143388666248,-0.266767357236524,0.220260041603321,0.0519957679413865,-0.0683855932723652,-0.277208888847909,0.26523787329349
39.4728195358824,0.0638363736957517,-0.160812056924459,-0.264945911083835,0.220809884995423,0.0515639996677004,-0.0682796418270639,-0.275314712718917,0.265355774751204
39.7465693977764,0.0629660682755838,-0.160188060880958,-0.263119454861038,0.221342502664683,0.0511331602009388,-0.0681713792429039,-0.273419552592904,0.265459698034906
40.0222177555915,0.0621011378626016,-0.159561938720711,-0.261288249352416,0.221857853880122,0.0507032773036017,-0.068060812642687,-0.271523605007262,0.265549636169309
40.2997777756789,0.0612415891537922,-0.158933730556334,-0.259452555549137,0.222355902566582,0.0502743786985699,-0.0679479495934405,-0.269627066509058,0.265625585595516
40.5792627157,0.060387428647271,-0.158303476429307,-0.257612634550165,0.222836617298521,0.0498464920588118,-0.0678327981070495,-0.267730133580171,0.265687546168537
40.8606859252603,0.0595386626410512,-0.157671216314762,-0.255768747463529,0.223299971291372,0.0494196449970561,-0.0677153666405906,-0.265833002562544,0.265735521152862
41.1440608465467,0.0586952972315765,-0.157036990126079,-0.25392115530799,0.223745942390494,0.0489938650554442,-0.0675956640963643,-0.26393586958363,0.265769517216103
41.4294010149697,0.0578573383120285,-0.156400837719285,-0.252070118915211,0.224174513057708,0.0485691796951702,-0.0674736998216271,-0.262038930482079,0.265789544420708
41.7167200598098,0.057024791570421,-0.155762798897237,-0.25021589883247,0.224585670355462,0.0481456162861196,-0.0673494836080234,-0.260142380733723,0.265795616213752
42.0060317048688,0.0561976624874925,-0.1551229134136,-0.248358755225992,0.22497940592862,0.0477232020965166,-0.0672230256907166,-0.258246415377935,0.265787749414832
42.2973497691249,0.0553759563344086,-0.154481220976602,-0.246498947784971,0.225355715983914,0.0473019642825901,-0.0670943367472204,-0.256351228944388,0.265765964202056
42.5906881673929,0.0545596781702864,-0.153837761252564,-0.24463673562635,0.225714601267083,0.0468819298782688,-0.066963427895933,-0.254457015380301,0.265730284096162
42.8860609109892,0.0537488328395531,-0.153192573869204,-0.242772377200408,0.226056067037705,0.0464631257849146,-0.0668303106943726,-0.252563967978209,0.265680735942783
43.1834821084004,0.0529434249691496,-0.152545698418712,-0.240906130197239,0.22638012304178,0.0460455787611051,-0.0666949971371194,-0.250672279304321,0.265617349892856
43.4829659659579,0.0521434589655925,-0.151897174460586,-0.239038251454175,0.226686783482075,0.045629315412474,-0.0665574996534639,-0.248782141127519,0.265540159381223
43.7845267885158,0.051348939011906,-0.151247041524231,-0.23716899686421,0.226976066986264,0.0452143621816205,-0.0664178311047655,-0.246893744349051,0.265449201103436
44.0881789801347,0.0505598690644342,-0.150595339111319,-0.235298621285507,0.227247996572912,0.0448007453380954,-0.0662760047815234,-0.245007278932967,0.26534451499078
44.3939370447695,0.0497762528495482,-0.149942106697912,-0.233427378452013,0.227502599615322,0.0443884909684744,-0.0661320344001635,-0.243122933837361,0.265226144183565
44.701815586962,0.0489980938602571,-0.149287383736333,-0.231555520885283,0.227739907803294,0.0439776249665282,-0.0659859340995454,-0.241240896946458,0.26509413500269
45.0118293125388,0.0482253953527368,-0.148631209656803,-0.229683299807526,0.227959957102837,0.0435681730234972,-0.0658377184371921,-0.2393613550036,0.264948536919528
45.3239930293136,0.0474581603427863,-0.147973623868833,-0.227810965055967,0.228162787713869,0.0431601606184804,-0.0656874023852484,-0.237484493545182,0.264789402524152
45.6383216477945,0.046696391602224,-0.147314665762365,-0.22593876499855,0.228348444025955,0.0427536130089477,-0.0655350013261705,-0.235610496835586,0.264616787491941
45.954830181896,0.045940091655235,-0.146654374708683,-0.22406694645105,0.228516974572131,0.0423485552213828,-0.0653805310481539,-0.233739547803149,0.2644307505486
46.2735337496566,0.0451892627746802,-0.145992790061072,-0.22219575459564,0.228668431980845,0.041945012042066,-0.0652240077403025,-0.231871827977223,0.264231353433631
46.5944475739604,0.0444439069783779,-0.145329951155249,-0.220325432900959,0.228802872926092,0.0415430080080043,-0.0650654479875468,-0.230007517426362,0.264018660862287
46.9175869832646,0.0437040260253699,-0.144665897309543,-0.218456223043736,0.228920358075762,0.0411425673980172,-0.0649048687653138,-0.228146794697678,0.263792740486054
47.2429674123316,0.0429696214121799,-0.144000667824851,-0.216588364832003,0.22902095203828,0.0407437142239847,-0.064742287433958,-0.226289836757414,0.263553662851707
47.5706044029659,0.0422406943690777,-0.14333430198436,-0.214722096129952,0.229104723307567,0.0403464722222664,-0.0645777217329567,-0.22443681893276,0.26330150135896
47.9005136047569,0.0415172458563559,-0.142666839053034,-0.212857652784471,0.229171744206397,0.0399508648452967,-0.0644111897748777,-0.222587914854956,0.263036332216783
48.2327107758263,0.0407992765606315,-0.141998318276885,-0.210995268553399,0.229222090828191,0.0395569152533647,-0.0642427100391263,-0.220743296403727,0.2627582343984
48.5672117835806,0.0400867868911797,-0.141328778882016,-0.209135175035538,0.229255842977311,0.0391646463065841,-0.0640723013654762,-0.218903133653061,0.262467289595039
48.904032605469,0.0393797769763108,-0.14065826007345,-0.207277601602458,0.229273084107909,0.0387740805570594,-0.0638999829473948,-0.217067594818386,0.262163582168457
49.243189329747,0.038678246659797,-0.139986801033746,-0.205422775332125,0.229273901261389,0.0383852402412553,-0.0637257743251668,-0.215236846205159,0.261847199102305
49.5846981562442,0.0379821954973603,-0.139314440921409,-0.203570920944394,0.229258385002546,0.0379981472725729,-0.063549695378826,-0.213411052158905,0.261518229952368
49.9285753971387,0.0372916227532265,-0.138641218869096,-0.201722260738373,0.229226629354435,0.0376128232341405,-0.063371766320901,-0.211590375016732,0.261176766795737
50.2748374777359,0.036606527396756,-0.137967173981626,-0.199877014531714,0.229178731732034,0.0372292893718215,-0.063192007688984,-0.209774975060341,0.260822904178956
50.6235009372529,0.0359269080991574,-0.1372923453338,-0.198035399601834,0.229114792874762,0.0368475665874462,-0.0630104403381299,-0.207965010470565,0.260456739065194
50.974582429609,0.0352527632302916,-0.136616771968036,-0.196197630629097,0.229034916777915,0.0364676754322705,-0.062827085433093,-0.206160637283447,0.260078370780497
51.3280987242209,0.0345840908555724,-0.135940492891823,-0.194363919641974,0.22893921062308,0.0360896361006652,-0.0626419644404108,-0.204362009347881,0.259687900959165
51.6840667068035,0.0339208887329723,-0.135263547075005,-0.192534475964208,0.228827784707588,0.0357134684240418,-0.0624550991203417,-0.202569278284843,0.259285433488307
52.0425033801768,0.0332631543101369,-0.134585973446899,-0.190709506163989,0.228700752373074,0.035339191865016,-0.0622665115186661,-0.200782593448209,0.258871074451627
52.4034258650778,0.0326108847216154,-0.133907810893255,-0.188889214005155,0.228558229933201,0.0349668255118124,-0.0620762239583574,-0.199002101887195,0.258444932072487
52.7668514009784,0.0319640767862128,-0.133229098253059,-0.187073800400442,0.228400336600616,0.0345963880729141,-0.0618842590311339,-0.197227948310412,0.258007116656308
53.1327973469088,0.0313227270044675,-0.132549874315195,-0.185263463366774,0.228227194413196,0.0342278978719592,-0.0616906395888971,-0.195460275051563,0.257557740532349
53.5012811822866,0.0306868315562606,-0.131870177814969,-0.183458397982617,0.228038928159648,0.0338613728428858,-0.0614953887350668,-0.193699222036781,0.257096917994924
53.8723205077517,0.0300563862985599,-0.131190047430503,-0.181658796347393,0.227835665304535,0.0334968305253277,-0.0612985298158209,-0.191944926753616,0.256624765244109
54.2459330460073,0.029431386763304,-0.130509521779,-0.179864847542962,0.227617535912769,0.0331342880602631,-0.061100086411248,-0.190197524221681,0.256141400325981
54.6221366426659,0.0288118281554291,-0.129828639412899,-0.178076737597168,0.227384672573661,0.0327737621859158,-0.060900082326422,-0.188457146964952,0.255646943072456
55.0009492671021,0.0281977053510413,-0.129147438815919,-0.176294649449456,0.227137210324562,0.0324152692339116,-0.0606985415824055,-0.186723924985734,0.25514151504076
55.3823890133107,0.0275890128957398,-0.128465958399,-0.174518762918548,0.226875286574182,0.0320588251256888,-0.0604954884071927,-0.184997985740287,0.254625239452599
55.7664741007712,0.0269857450030905,-0.127784236496157,-0.172749254672179,0.226599041025622,0.0317044453691652,-0.0602909472265986,-0.183279454116102,0.254098241133064
56.1532228753178,0.0263878955532539,-0.127102311360236,-0.170986298198889,0.226308615599206,0.0313521450556585,-0.060084942655102,-0.181568452410847,0.253560646449337
56.5426538100157,0.0257954580917699,-0.126420221158604,-0.169230063781849,0.226004154355147,0.0310019388570636,-0.0598774994866532,-0.179865100312949,0.253012583249234
56.9347855060436,0.0252084258284988,-0.125738003968759,-0.16748071847473,0.225685803416125,0.030653841023283,-0.0596686426854516,-0.178169514883831,0.252454180799637
57.3296366935823,0.024626791636722,-0.12505569777388,-0.165738426079581,0.225353710889826,0.0303078653799106,-0.0594583973767031,-0.176481810541772,0.251885569724873
57.7272262327089,0.0240505480524018,-0.124373340458318,-0.164003347126728,0.225008026791496,0.0299640253261692,-0.0592467888373644,-0.174802099047404,0.25130688194507
58.1275731142982,0.0234796872736019,-0.123690969803043,-0.162275638856644,0.224648902966578,0.0296223338330971,-0.0590338424868826,-0.173130489490818,0.250718250614556
58.5306964609293,0.0229142011600676,-0.123008623481041,-0.160555455203809,0.224276493013476,0.0292828034419858,-0.058819583877937,-0.171467088280266,0.250119810060331
58.9366155277994,0.0223540812329675,-0.122326339052684,-0.15884294678251,0.223890952206501,0.0289454462630637,-0.0586040386871916,-0.169811999132462,0.249511695720674
59.3453497036433,0.0217993186747943,-0.121644153961067,-0.15713826087458,0.223492437419062,0.0286102739744258,-0.0583872327060648,-0.168165323064442,0.248894044083906
59.7569185116595,0.0212499043294257,-0.120962105527327,-0.155441541419048,0.22308110704714,0.0282772978212061,-0.0581691918315249,-0.166527158386986,0.24826699262738
60.1713416104428,0.0207058287023438,-0.120280230945945,-0.153752929003667,0.222657120933108,0.02794652861499,-0.057949942056917,-0.164897600699575,0.247630679756722
60.5886387949234,0.0201670819610113,-0.119598567280046,-0.152072560858311,0.222220640289937,0.0276179767334647,-0.057729509462829,-0.163276742886862,0.246985244745372
61.0088299973121,0.0196336539354048,-0.118917151456689,-0.150400570850203,0.221771827625844,0.0272916521203028,-0.0575079202080048,-0.161664675116645,0.246330827674457
61.4319352880526,0.019105534118701,-0.118236020262177,-0.148737089480947,0.221310846669426,0.0269675642852782,-0.0572852005203086,-0.160061484839309,0.245667569373058
61.8579748767801,0.0185827116681162,-0.117555210337359,-0.147082243885339,0.220837862295317,0.0266457223046088,-0.0570613766877493,-0.158467256788721,0.244995611358877
62.2869691132868,0.0180651754058957,-0.116874758172969,-0.145436157831925,0.220353040450432,0.0263261348215234,-0.0568364750495702,-0.156882072984558,0.244315095779369
62.7189384884933,0.0175529138204507,-0.116194700104976,-0.143798951725272,0.219856548080823,0.0260088100470489,-0.0566105219874101,-0.155306012736028,0.243626165353368
63.1539036354283,0.0170459150676405,-0.115515072309972,-0.142170742609925,0.219348553059193,0.0256937557610132,-0.0563835439165421,-0.15373915264698,0.242928963313228
63.5918853302131,0.0165441669721969,-0.114835910800583,-0.140551644176005,0.218829224113115,0.0253809793132606,-0.0561555672771955,-0.152181566622356,0.242223633347536
64.032904493055,0.0160476570292887,-0.114157251420935,-0.138941766766431,0.218298730753988,0.0250704876250743,-0.0559266185259665,-0.150633325875971,0.241510319544414
64.4769821892457,0.0155563724062207,-0.113479129842154,-0.137341217385717,0.217757243206761,0.0247622871908029,-0.0556967241273232,-0.149094498939581,0.240789166335444
64.9241396301678,0.0150702999442677,-0.11280158155792,-0.135750099710307,0.217204932340482,0.0244563840796849,-0.0554659105452097,-0.147565151673229,0.240060318440253
65.3743981743082,0.0145894261606356,-0.112124641880078,-0.134168514100425,0.216641969599681,0.0241527839378672,-0.0552342042347541,-0.146045347276814,0.239323920811782
65.827779328278,0.0141137372505498,-0.111448345934302,-0.132596557613387,0.216068526936634,0.0238514919906131,-0.0550016316340859,-0.144535146302876,0.238580118582262
66.2843047478397,0.0136432190894648,-0.110772728655831,-0.131034324018343,0.215484776744537,0.0235525130446944,-0.0547682191562663,-0.143034606670549,0.237829057009942
66.7439962389419,0.0131778572353916,-0.110097824785267,-0.129481903812412,0.214890891791618,0.0232558514909624,-0.0545339931813366,-0.141543783680659,0.237070881426568
67.2068757587607,0.0127176369313391,-0.109423668864443,-0.127939384238173,0.214287045156216,0.0229615113070932,-0.0542989800484875,-0.140062730031942,0.236305737185663
67.6729654167483,0.0122625431078659,-0.108750295232371,-0.126406849302458,0.213673410162848,0.022669496060502,-0.0540632060483552,-0.138591495838327,0.235533769611609
68.1422874756894,0.0118125603857363,-0.108077738021266,-0.124884379796426,0.2130501603193,0.022379808911421,-0.0538266974154458,-0.137130128647277,0.234755123949572
68.6148643527643,0.0113676730786792,-0.107406031152651,-0.123372053316864,0.21241746925476,0.0220924526161352,-0.0535894803206924,-0.13567867345914,0.233969945316278
69.0907186206199,0.0109278651962423,-0.106735208333547,-0.121869944288681,0.211775510659002,0.021807429530372,-0.0533515808641485,-0.134237172747483,0.233178378651657
69.5698730084476,0.01049312044674,-0.106065303052751,-0.120378123988551,0.21112445822267,0.0215247416128377,-0.05311302506782,-0.132805666480366,0.23238056867139
70.0523504030693,0.0100634222402882,-0.105396348577202,-0.118896660569664,0.210464485578655,0.0212443904288961,-0.0528738388686388,-0.131384192142539,0.231576659820351
70.5381738500302,0.00963875369192339,-0.104728377948437,-0.117425619087548,0.20979576624459,0.0209663771543842,-0.0526340481115807,-0.129972784758513,0.230766796226982
71.0273665547,0.00921909762479953,-0.10406142397915,-0.115965061526908,0.209118473566485,0.0206907025795587,-0.0523936785429297,-0.12857147691648,0.229951121658604
71.5199518833807,0.00880443657346036,-0.103395519249833,-0.114515046829464,0.208432780663513,0.0204173671131682,-0.0521527558036919,-0.127180298793039,0.229129779477673
72.0159533644237,0.00839475278718019,-0.102730696105528,-0.113075630922721,0.207738860373954,0.0201463707866455,-0.0519113054231583,-0.125799278178708,0.228302912599008
72.5153946893524,0.00799002823337071,-0.102066986652665,-0.111646866749646,0.207036885202317,0.0198777132584148,-0.0516693528126224,-0.124428440504177,0.227470663447983
73.0182997139948,0.00759024460104762,-0.10140442275601,-0.11022880429921,0.206327027267649,0.0196113938183076,-0.0514269232592498,-0.123067808867267,0.226633173919706
73.5246924596224,0.0071953833043533,-0.100743036035708,-0.108821490637742,0.205609458253033,0.0193474113920825,-0.0511840419201042,-0.121717404060576,0.22579058533919
74.0345971140979,0.00680542548613098,-0.100082857864429,-0.107424969941074,0.204884349356288,0.0190857645460434,-0.05094073381633,-0.120377244599757,0.224943038422521
74.5480380330304,0.00642035202154535,-0.0994239193646158,-0.106039283527421,0.204151871241884,0.0188264514917501,-0.0506970238274916,-0.119047346752411,0.224090673239028
75.0650397409388,0.00604014352174587,-0.0987662514058348,-0.104664469890957,0.203412193994056,0.0185694700908165,-0.050452936686072,-0.117727724567561,0.223233629174465
75.585626932423,0.00566478033756777,-0.0981098846022285,-0.103300564736059,0.202665487071148,0.0183148178597909,-0.0502084969721296,-0.116418389905663,0.222372044895207
76.1098244733437,0.0052942425632666,-0.0974548493100702,-0.101947601012172,0.201911919261165,0.0180624919751132,-0.0499637291081148,-0.115119352469131,0.221506058313458
76.6376574020103,0.00492851004028201,-0.0968011756254219,-0.100605608949249,0.201151658638548,0.0178124892781434,-0.0497186573538457,-0.113830619833346,0.220635806553481
77.1691509303763,0.00456756236102651,-0.0961488933818922,-0.099274616093745,0.200384872522171,0.0175648062802564,-0.0494733058016443,-0.112552197478101,0.219761425918846
77.7043304452438,0.00421137887269509,-0.095498032148497,-0.0979546473451103,0.199611727434555,0.0173194391679984,-0.0492276983716311,-0.111284088819475,0.218883051860695
78.2432215094763,0.00385993868109148,-0.0948486212276197,-0.0966457249927596,0.198832389062293,0.0170763838082993,-0.0489818588071803,-0.110026295242085,0.218000818947028
78.7858498632195,0.00351322065446727,-0.0942006896530707,-0.0953478687534687,0.198047022217698,0.0168356357537366,-0.0487358106705333,-0.108778816131691,0.217114860833004
79.3322414251308,0.00317120342736983,-0.0935542661882457,-0.0940610958091709,0.197255790801649,0.016597190247845,-0.0484895773385709,-0.107541648908131,0.216225310232254
79.8824222936175,0.00283386540449537,-0.0929093793243804,-0.092785420845114,0.196458857767649,0.0163610422304687,-0.0482431819987428,-0.106314789058543,0.215332298889201
80.436418748083,0.00250118476454333,-0.0922660572789017,-0.0915208560883434,0.195656385087073,0.0161271863431493,-0.0479966476451549,-0.105098230170858,0.214435957552399
80.9942572501823,0.00217313946406864,-0.0916243279938722,-0.0902674113464785,0.194848533715608,0.0158956169345467,-0.0477499970748117,-0.103891963967527,0.213536415948851
81.555964445086,0.00184970724132831,-0.0909842191345277,-0.0890250940467472,0.194035463560877,0.0156663280658879,-0.0475032528840136,-0.102695980339458,0.212633802759338
82.121567162753,0.00153086562011917,-0.0903457580879053,-0.0877939092752471,0.19321733345123,0.0154393135164381,-0.0472564374649089,-0.101510267380132,0.21172824559473
82.6910924192116,0.00121659191360326,-0.0897089719615599,-0.086573859816401,0.192394301105701,0.0152145667889918,-0.0470095730021967,-0.100334811419869,0.210819870973273
83.2645674178507,0.000906863228118115,-0.089073887582368,-0.0853649461925749,0.191566523105119,0.0149920811153777,-0.0467626814699815,-0.0991695970602348,0.209908804298856
83.8420195507184,0.000601656466968775,-0.0884405314954154,-0.0841671667038287,0.190734154864349,0.0147718494619749,-0.0465157846287767,-0.0980146072085311,0.20899516984023
84.423476399831,0.000300948334198754,-0.0878089299629682,-0.0829805174677694,0.189897350605674,0.0145538645352351,-0.0462689040226563,-0.0968698231123766,0.208079090711195
85.0089657384898,4.71533833741947e-06,-0.0871791089635226,-0.0818049924594789,0.189056263333286,0.0143381187872078,-0.0460220609765514,-0.0957352243943318,0.207160688851714
85.5985155326084,-0.000287066203879048,-0.0865510941909335,-0.0806405835514858,0.188211044808877,0.0141246044210642,-0.0457752765936917,-0.0946107890865546,0.206240085009977
86.1921539420481,-0.000574420163815165,-0.0859249110536174,-0.0794872805537573,0.187361845528319,0.0139133133966163,-0.0455285717531886,-0.0934964936654592,0.205317398725376
86.7899093219629,-0.000857370597274705,-0.0853005846738283,-0.0783450712536809,0.186508814699423,0.0137042374358272,-0.0452819671077578,-0.0923923130863572,0.20439274831239
87.3918102241541,-0.00113594174087212,-0.084678139887003,-0.0772139414560136,0.185652100220746,0.0134973680283105,-0.0450354830815811,-0.091298220818058,0.203466250845378
87.9978853984339,-0.00141015800843907,-0.0840576012411742,-0.0760938750227718,0.184791848661447,0.0132926964368132,-0.0447891398683023,-0.0902141888774078,0.202538022144252
88.6081637939989,-0.00168004398746762,-0.0834389929964479,-0.0749848539130374,0.183928205242164,0.0130902137026813,-0.0445429574291579,-0.0891401878637459,0.201608176761018
89.2226745608124,-0.00194562443559202,-0.0828223391245418,-0.0738868582226588,0.183061313816908,0.0128899106513029,-0.0442969554912376,-0.0880761869932585,0.200676827967189
89.8414470509972,-0.0022069242771104,-0.0822076633083835,-0.0727998662238224,0.182191316855938,0.0126917778975275,-0.044051153545875,-0.0870221541332107,0.199744087742032
90.4645108202374,-0.00246396859954776,-0.0815949889417643,-0.0717238544044743,0.181318355429622,0.0124958058510576,-0.0438055708471633,-0.0859780558360375,0.198810066761658
91.0918956291901,-0.0027167826502617,-0.0809843391290456,-0.0706587975075707,0.180442569193247,0.0123019847218098,-0.0435602264105955,-0.0849438573732771,0.19787487438892
91.7236314449071,-0.00296539183309166,-0.0803757366849161,-0.0696046685701379,0.17956409637277,0.0121103045252437,-0.0433151390118261,-0.0839195227693263,0.196938618664122
92.3597484422661,-0.00320982170505277,-0.079769204134196,-0.0685614389621218,0.178683073751493,0.0119207550876551,-0.0430703271855507,-0.0829050148350051,0.196001406296513
93.0002770054119,-0.00345009797307519,-0.0791647637116855,-0.067529078425009,0.177799636657635,0.0117333260514311,-0.0428258092245024,-0.08190029520091,0.195063342656554
93.645247729208,-0.00368624649078927,-0.0785624373620544,-0.0665075551102027,0.17691391895279,0.011548006880266,-0.0425816031785616,-0.0809053243505457,0.194124531768945
94.2946914206979,-0.00391829325535733,-0.0779622467397708,-0.0654968356171357,0.176026053021251,0.0113647868643343,-0.0423377268539768,-0.0799200616532148,0.193185076306393
94.9486391005764,-0.0041462644043523,-0.077364213209065,-0.0644968850311052,0.175136169760171,0.0111836551254198,-0.0420941978126928,-0.0789444653966561,0.192245077584108
95.6071220046713,-0.00437018621268329,-0.0767683578439254,-0.0635076669608145,0.174244398570563,0.0110046006219983,-0.0418510333717856,-0.077978492819415,0.191304635555006
96.2701715854358,-0.00459008508956849,-0.0761747014281256,-0.0625291435756066,0.17335086734909,0.0108276121542719,-0.0416082506029989,-0.0770221001429352,0.190363848805618
96.9378195134503,-0.00480598757555496,-0.0755832644552774,-0.0615612756423769,0.172455702480659,0.0106526783691544,-0.0413658663323815,-0.0760752426033569,0.189422814552666
97.6100976789355,-0.00501792033958539,-0.0749940671289079,-0.0606040225621524,0.171559028831769,0.0104797877652044,-0.0411238971400213,-0.0751378744830132,0.188481628640306
98.2870381932754,-0.0052259101761113,-0.0744071293625586,-0.0596573424063244,0.170660969744614,0.010308928697506,-0.0408823593598747,-0.0742099491416107,0.187540385538023
98.9686733905512,-0.00542998400225249,-0.0738224707799031,-0.0587211919525243,0.169761647031909,0.0101400893824949,-0.0406412690796873,-0.0732914190470854,0.186599178339152
99.6550358290861,-0.00563016885500181,-0.0732401107148802,-0.0577955267201319,0.168861180972432,0.00997325790272897,-0.0404006421410038,-0.0723822358061235,0.18565809876001
100.346158292999,-0.00582649188847474,-0.0726600682118411,-0.0568803010054064,0.16795969030725,0.00980842221160193,-0.0401604941392644,-0.0714823501943393,0.184717237139639
101.042073793774,-0.0060189803712032,-0.0720823620257067,-0.05597546791623,0.167057292236615,0.00964557013799919,-0.0399208404239852,-0.0705917121860979,0.183776682440114
101.742815571832,-0.00620766168347184,-0.0715070106221349,-0.0550809794064579,0.166154102417511,0.00948468939089476,-0.0396816960990193,-0.0697102709839801,0.182836522247433
102.448417098122,-0.0063925633146969,-0.0709340321776916,-0.0541967863098648,0.165250234961837,0.00932576756388811,-0.0394430760228962,-0.0688379750478764,0.181896842772944
103.15891207572,-0.00657371286084551,-0.0703634445800272,-0.0533228383736814,0.164345802435193,0.00916879213968061,-0.0392049948092376,-0.0679747721237066,0.180957728855316
103.874334441436,-0.00675113802189459,-0.0697952654280539,-0.0524590842917156,0.16344091585627,0.00901375049449046,-0.0389674668272452,-0.0671206092717576,0.18001926396302
104.594718367439,-0.00692486659932813,-0.0692295120321222,-0.0516054717370508,0.162535684696806,0.00886062990240565,-0.0387305062022601,-0.0662754328946325,0.179081530197317
105.320098262886,-0.00709492649367087,-0.0686662014141943,-0.050761947394318,0.161630216882101,0.0087094175396743,-0.0384941268163894,-0.0654391887648074,0.178144608295729
106.050508775566,-0.00726134570205751,-0.0681053503080135,-0.0499284569915354,0.160724618792074,0.00856010048893213,-0.0382583423091987,-0.0646118220517889,0.177208577635982
106.785984793556,-0.00742415231583522,-0.0675469751592662,-0.0491049453315121,0.15981899526283,0.0084126657433663,-0.0380231660784668,-0.063793277348869,0.176273516240402
107.526561446888,-0.00758337451819804,-0.0669910921257356,-0.0482913563228138,0.158913449588736,0.00826710021081581,-0.0377886112810015,-0.0629834986994739,0.175339500780758
108.272274109224,-0.00773904058185142,-0.0664377170774457,-0.047487633010285,0.158008083524979,0.00812339071780772,-0.0375546908335132,-0.0621824296231008,0.174406606583512
109.023158399549,-0.00789117886670472,-0.0658868655967922,-0.0466937176051277,0.15710299729059,0.00798152401352955,-0.0373214174135434,-0.0613900131408429,0.1734749076355
109.779250183872,-0.00803981781759019,-0.0653385529786622,-0.045909551514533,0.156198289571916,0.00784148677373731,-0.0370888034604478,-0.0606061918004967,0.172544476589992
110.540585576935,-0.00818498596200602,-0.064792794230537,-0.0451350753708661,0.155294057526523,0.00770326560459955,-0.0368568611764287,-0.0598309077012517,0.171615384773135
111.307200943943,-0.00832671190788161,-0.0642496040725812,-0.0443702290604016,0.154390396787521,0.00756684704647719,-0.0366256025276173,-0.0590641025179593,0.170687702190764
112.079132902301,-0.00846502434136298,-0.0637089969377129,-0.0436149517516104,0.153487401468278,0.00743221757763947,-0.0363950392452014,-0.0583057175249797,0.169761497535561
112.856418323356,-0.00859995202461619,-0.0631709869716569,-0.0428691819229976,0.152585164167527,0.00729936361791605,-0.0361651828265987,-0.0575556936196065,0.168836838194548
113.639094334169,-0.00873152379364625,-0.062635588032979,-0.042132857390492,0.151683775974835,0.0071682715322856,-0.0359360445366704,-0.0568139713450666,0.167913790256914
114.427198319278,-0.00885976855612988,-0.0621028136930998,-0.0414059153343877,0.150783326476423,0.00703892763440116,-0.0357076354089764,-0.0560804909130968,0.166992418522132
115.220767922492,-0.00898471528925929,-0.0615726772362886,-0.0406882923258391,0.149883903761328,0.00691131819005256,-0.0354799662470675,-0.0553551922260962,0.166072786508388
116.019841048683,-0.00910639303759513,-0.0610451916596358,-0.0399799243529116,0.148985594427882,0.00678542942056643,-0.0352530476258144,-0.0546380148988544,0.165154956461287
116.824455865599,-0.00922483091092598,-0.0605203696730048,-0.0392807468461894,0.148088483590502,0.0066612475061441,-0.0350268898927699,-0.053928898279857,0.164238989362821
117.634650805689,-0.00934005808213235,-0.0599982236989607,-0.038590694703942,0.147192654886774,0.00653875858913801,-0.0348015031695642,-0.0532277814721682,0.163324944940605
118.450464567934,-0.00945210378505259,-0.0594787658726784,-0.037909702316854,0.146298190484813,0.00641794877726716,-0.0345768973533299,-0.0525346033538931,0.162412881677348
119.271936119701,-0.00956099731234868,-0.0589620080418274,-0.0372377035923186,0.145405171090894,0.00629880414677204,-0.0343530821181564,-0.0518493025982199,0.161502856820562
120.099104698599,-0.00966676801336934,-0.0584479617664359,-0.0365746319783006,0.144513675957338,0.0061813107455099,-0.0341300669165702,-0.0511718176930443,0.160594926392483
120.932009814357,-0.0097694452920082,-0.0579366383187317,-0.0359204204867704,0.143623782890632,0.0060654545959908,-0.0339078609810414,-0.0505020869601782,0.159689145200207
121.77069125071,-0.00986905860455482,-0.0574280486829624,-0.0352750017167131,0.142735568259785,0.00595122169835519,-0.0336864733255138,-0.049840048574145,0.158785566846016
122.615189067297,-0.00996563745753618,-0.0569222035551946,-0.0346383078767182,0.141849107004901,0.00583859803329388,-0.0334659127469559,-0.0491856405805634,0.157884243737895
123.46554360158,-0.0100592114055464,-0.0564191133430914,-0.0340102708071517,0.140964472645948,0.00572756956491087,-0.0332461878269349,-0.0485388009141234,0.156985227100221
124.321795470765,-0.0101498100490626,-0.0559187881656709,-0.0333908220019169,0.140081737291735,0.00561812224353005,-0.033027306933207,-0.0478994674161562,0.156088566984608
125.183985573745,-0.0102374630322442,-0.055421237853045,-0.0327798926298075,0.139200971649062,0.00551024200844651,-0.0328092782213281,-0.0472675778518022,0.155194312280916
126.052155093052,-0.0103222000407143,-0.0549264719461401,-0.0321774135554587,0.138322245032048,0.00540391479062315,-0.0325921096362796,-0.0466430699267802,0.154302510728397
126.926345496825,-0.0104040507993206,-0.0544344996963997,-0.031583315359899,0.13744562537162,0.00529912651533355,-0.0323758089141095,-0.0460258813037602,0.153413208926971
127.806598540793,-0.0104830450698734,-0.0539453300654717,-0.0309975283607115,0.136571179225156,0.00519586310475203,-0.0321603835835879,-0.0454159496183453,0.152526452348628
128.692956270265,-0.0105592126488591,-0.0534589717248796,-0.0304199826318058,0.13569897178627,0.00509411048049143,-0.0319458409678752,-0.0448132124946644,0.151642285348946
129.585461022141,-0.0106325833651278,-0.0529754330556801,-0.0298506080228092,0.134829066894738,0.00499385456608992,-0.031732188186202,-0.0442176075605823,0.150760751178704
130.484155426934,-0.0107031870775521,-0.0524947221481088,-0.0292893341780796,0.133961527046539,0.00489508128944734,-0.0315194321555597,-0.0436290724625277,0.149881891995603
131.389082410804,-0.0107710536726554,-0.0520168468012142,-0.0287360905553489,0.133096413404028,0.00479777658521232,-0.0313075795924006,-0.0430475448799472,0.149005748876059
132.300285197614,-0.0108362130622087,-0.0515418145224828,-0.0281908064439988,0.132233785806202,0.00470192639712066,-0.0310966370143468,-0.0424729625393867,0.148132361827091
133.217807310988,-0.0108986951807939,-0.0510696325274561,-0.0276534109829785,0.131373702779086,0.00460751668028632,-0.0308866107419073,-0.0419052632282059,0.147261769798259
134.141692576393,-0.0109585299833315,-0.050600307739342,-0.0271238331783659,0.130516221546199,0.00451453340344555,-0.0306775069002012,-0.0413443848079304,0.146394010693684
135.071985123233,-0.0110157474425716,-0.0501338467886221,-0.0266020019205818,0.129661398039119,0.00442296255115535,-0.030469331420688,-0.0407902652272459,0.145529121384108
136.008729386957,-0.0110703775465471,-0.0496702560126566,-0.0260878460012605,0.128809286908118,0.00433279012594692,-0.0302620900429021,-0.0402428425346386,0.144667137719007
136.951970111177,-0.0111224502959871,-0.0492095414552893,-0.0255812941297825,0.127959941532885,0.00424400215043518,-0.0300557883161936,-0.0397020548906883,0.143808094538743
137.901752349813,-0.0111719957016899,-0.0487517088664546,-0.0250822749494772,0.127113414033304,0.00415658466938518,-0.0298504316014713,-0.0391678405800166,0.142952025686749
138.858121469236,-0.0112190437818539,-0.048296763701788,-0.0245907170534984,0.126269755280308,0.00407052375173626,-0.0296460250729502,-0.0386401380228974,0.142098964021739
139.821123150444,-0.0112636245593656,-0.0478447111222441,-0.0241065490003809,0.125429014906778,0.00398580549258493,-0.0294425737199017,-0.0381188857865327,0.141248941429938
140.790803391236,-0.0113057680590442,-0.0473955559937216,-0.0236296993292821,0.124591241318508,0.00390241601512721,-0.0292400823484054,-0.0376040225960013,0.140401988837327
141.767208508414,-0.0113455043048412,-0.0469493028867005,-0.0231600965749154,0.123756481705203,0.00382034147256141,-0.0290385555831035,-0.0370954873448815,0.139558136221894
142.750385139995,-0.0113828633169947,-0.046505956075892,-0.0226976692821802,0.122924782051531,0.00373956804995213,-0.0288379978689557,-0.0365932191055576,0.138717412625883
143.740380247435,-0.0114178751091382,-0.0460655195399042,-0.0222423460204952,0.12209618714821,0.00366008196605636,-0.0286384134729954,-0.0360971571392112,0.137879846168049
144.737241117876,-0.0114505696853622,-0.0456279969609256,-0.0217940553978385,0.121270740603127,0.00358186947511238,-0.0284398064860867,-0.0356072409055045,0.137045464055893
145.741015366405,-0.0114809770372296,-0.0451933917244299,-0.0213527260745026,0.120448484852491,0.00350491686859241,-0.0282421808246805,-0.0351234100719612,0.136214292597886
146.751750938323,-0.0115091271407442,-0.0447617069189034,-0.020918286776567,0.119629461172013,0.00342921047691979,-0.0280455402325714,-0.0346456045230478,0.135386357215678
147.769496111443,-0.011535049953271,-0.0443329453355984,-0.0204906663090958,0.118813709688105,0.00335473667115121,-0.0278498882826538,-0.0341737643689632,0.134561682456276
148.794299498388,-0.0115587754104107,-0.0439071094683143,-0.0200697935690644,0.118001269389105,0.00328148186462514,-0.0276552283786769,-0.0337078299541398,0.133740292004199
149.826210048919,-0.0115803334228259,-0.0434842015132105,-0.0196555975580199,0.117192178136519,0.00320943251457685,-0.0274615637569995,-0.0332477418654618,0.132922208693595
150.865277052271,-0.0115997538730209,-0.0430642233686518,-0.019248007394482,0.116386472676271,0.00313857512372084,-0.0272688974883433,-0.0327934409402066,0.132107454520323
151.911550139505,-0.0116170666120752,-0.0426471766350904,-0.0188469523260872,0.115584188649976,0.00306889624180148,-0.0270772324795442,-0.0323448682737124,0.131296050653999
152.965079285884,-0.01163230145633,-0.0422330626149857,-0.0184523617414824,0.114785360606214,0.00300038246711233,-0.0268865714753038,-0.0319019652267799,0.130488017449983
154.025914813254,-0.0116454881840303,-0.0418218823127664,-0.0180641651819726,0.113990022011817,0.0029330204479849,-0.0266969170599373,-0.0314646734328102,0.129683374461333
155.094107392451,-0.0116566565319214,-0.0414136364348351,-0.0176822923529255,0.113198205263159,0.00286679688424746,-0.0265082716591218,-0.0310329348046865,0.1288821404507
156.169708045722,-0.0116658361918017,-0.04100832538962,-0.0173066731349406,0.11240994169745,0.00280169852865451,-0.0263206375416411,-0.0306066915414021,0.128084333402163
157.25276814916,-0.0116730568070321,-0.040605949287675,-0.0169372375947833,0.111625261604036,0.00273771218828739,-0.0261340168211298,-0.0301858861344423,0.127289970533014
158.34333943516,-0.0116783479690043,-0.0402065079418308,-0.0165739159960918,0.110844194235692,0.00267482472592667,-0.0259484114578152,-0.0297704613739228,0.126499068305479
159.441473994887,-0.0116817392135668,-0.0398100008674,-0.0162166388098575,0.110066767819926,0.00261302306139692,-0.0257638232602574,-0.0293603603544909,0.125711642438369
160.547224280766,-0.0116832600174127,-0.0394164272824386,-0.015865336724686,0.109293009570267,0.00255229417288409,-0.0255802538870875,-0.0289555264809935,0.124927707918672
161.66064310899,-0.0116829397944288,-0.0390257861080649,-0.0155199406568392,0.108522945697561,0.00249262509822629,-0.025397704848744,-0.0285559034739174,0.124147279013073
162.781783662036,-0.0116808078920077,-0.0386380759688403,-0.0151803817600658,0.107756601421261,0.00243400293617824,-0.0252161775092075,-0.0281614353746058,0.123370369279397
163.910699491214,-0.0116768935873256,-0.0382532951932122,-0.0148465914352196,0.106994000980704,0.00237641484764986,-0.0250356730877333,-0.0277720665502563,0.122596991577988
165.047444519217,-0.0116712260835861,-0.0378714418140228,-0.014518501339673,0.106235167646393,0.00231984805691943,-0.0248561926605828,-0.0273877416987051,0.121827158083002
166.192073042701,-0.0116638345062332,-0.0374925135690847,-0.0141960433965255,0.105480123731265,0.00226428985282161,-0.0246777371627523,-0.027008405853001,0.121060880293626
167.344639734876,-0.0116547478991341,-0.037116507901826,-0.013879149803613,0.104728890601952,0.00220972758991089,-0.0245003073897012,-0.026634004385775,0.120298169045222
168.505199648122,-0.0116439952207348,-0.0367434219620071,-0.013567753042319,0.103981488690042,0.00215614868960052,-0.0243239039990779,-0.0262644830134089,0.119539034520376
169.673808216612,-0.0116316053401901,-0.0363732526065104,-0.0132617858861914,0.103237937503315,0.00210354064127743,-0.0241485275124442,-0.0258997878000081,0.118783486259881
170.850521258965,-0.011617607033471,-0.0360059964002049,-0.0129611814093679,0.10249825563699,0.00205189100339338,-0.0239741783169988,-0.0255398651611816,0.118031533173619
172.03539498091,-0.0116020289794501,-0.0356416496168881,-0.0126658729948111,0.101762460784945,0.00200118740453258,-0.0238008566672991,-0.0251846618676356,0.117283183551365
173.228485977972,-0.0115848997559692,-0.0352802082403065,-0.012375794342358,0.101030569750939,0.00195141754445603,-0.0236285626869813,-0.0248341250485826,0.116538445073507
174.429851238172,-0.0115662478358911,-0.0349216679652551,-0.012090879476584,0.100302598459814,0.00190256919512283,-0.0234572963704799,-0.0244882021949719,0.115797324821664
175.639548144754,-0.0115461015831367,-0.0345660241987595,-0.0118110627544855,0.0995785619686977,0.00185463020168862,-0.0232870575847456,-0.0241468411625439,0.11505982928923
176.857634478922,-0.0115244892487122,-0.0342132720613402,-0.0115362788729813,0.0988584744781808,0.00180758848348138,-0.0231178460709626,-0.0238099901747142,0.114325964391813
178.084168422602,-0.0115014389667278,-0.0338634063883611,-0.0112664628762368,0.0981423493434955,0.00176143203495468,-0.0229496614462641,-0.0234775978252894,0.113595735477592
179.319208561219,-0.0114769787504102,-0.0335164217314633,-0.011001550162811,0.0974301990856756,0.00171614892661864,-0.0227825032054475,-0.0231496130810201,0.112869147337575
180.562813886497,-0.0114511364881129,-0.033172312360085,-0.0107414764926295,0.0967220354027053,0.00167172730594855,-0.0226163707226886,-0.0228259852839937,0.11214620421577
181.815043799277,-0.0114239399393264,-0.0328310722630686,-0.010486177993784,0.0960178691806566,0.00162815539827142,-0.0224512632532543,-0.022506664153871,0.111426909819249
183.075958112354,-0.0113954167306912,-0.0324926951503561,-0.0102355911691609,0.0953177105048131,0.00158542150763052,-0.0222871799352154,-0.0221915997899715,0.110711267328137
184.345617053333,-0.011365594352017,-0.0321571744547721,-0.00998965290289962,0.0946215686707806,0.00154351401762783,-0.0221241197911577,-0.0218807426732086,0.109999279405482
185.624081267505,-0.0113345001523095,-0.0318245033338977,-0.00974830046668202,0.0939294521955846,0.00150242139224472,-0.0219620817298932,-0.0215740436678807,0.109290948207051
186.911411820748,-0.0113021613358109,-0.0314946746720326,-0.0095114715258551,0.0932413688287532,0.00146213217664066,-0.0218010645481696,-0.0212714540233198,0.108586275391012
188.207670202438,-0.0112686049580532,-0.0311676810822478,-0.00927910414538704,0.0925573255633859,0.00142263499793015,-0.0216410669323801,-0.0209729253754018,0.107885262127532
189.512918328392,-0.0112338579219306,-0.0308435149085291,-0.00905113679565821,0.0918773286472073,0.00138391856593778,-0.0214820874602712,-0.0206784097479226,0.107187909108266
190.827218543819,-0.0111979469737921,-0.0305221682280095,-0.00882750835808823,0.0912013835936054,0.00134597167393156,-0.0213241246026509,-0.020387859553841,0.106494216555762
192.150633626303,-0.0111608986995586,-0.0302036328532937,-0.00860815813059991,0.0905294951926546,0.00130878319933434,-0.0211671767250955,-0.0201012275963943,0.105804184232758
193.483226788801,-0.0111227395208661,-0.0298879003348714,-0.00839302583292077,0.0898616675221208,0.00127234210441351,-0.0210112420896552,-0.0198184670700877,0.10511781145138
194.82506168266,-0.0110834956912396,-0.0295749619636211,-0.00818205161172333,0.0891979039584505,0.00123663743694871,-0.0208563188565599,-0.0195395315615615,0.104435097082254
196.176202400658,-0.0110431932922999,-0.0292648087734032,-0.00797517604560481,0.0885382071877421,0.00120165833087781,-0.0207024050859229,-0.0192643750503394,0.103756039563508
197.536713480066,-0.0110018582300065,-0.0289574315437422,-0.00777234014990665,0.0878825792166976,0.00116739400692084,-0.0205494987394442,-0.0189929519094596,0.103080636909678
198.906659905733,-0.0109595162309395,-0.0286528208025974,-0.00757348538137496,0.087231021383556,0.00113383377318206,-0.0203975976821123,-0.018725216905993,0.102408886720521
200.286107113184,-0.0109161928386238,-0.0283509668292206,-0.00737855364266245,0.0865835343690063,0.00110096702572994,-0.0202466996839054,-0.0184611252014507,0.101740786189726
201.675120991751,-0.0108719134098984,-0.0280518596571017,-0.00718748728667207,0.0859401182070793,0.00106878324915511,-0.0200968024214905,-0.0182006323520831,0.101076332113529
203.073767887718,-0.0108267031113339,-0.0277554890769986,-0.00700022912074331,0.0853007722960177,0.00103727201710621,-0.0199479034799213,-0.0179436943090746,0.100415520899225
204.482114607491,-0.0107805869157005,-0.0274618446400529,-0.00681672241068164,0.0846654954091229,0.00100642299280347,-0.0198000003543348,-0.0176902674186353,0.0997583485735874
205.900228420788,-0.0107335895984904,-0.0271709156609883,-0.0066369108846313,0.0840342857055783,0.000976225929530175,-0.0196530904516457,-0.0174403084219925,0.0991048107911897
207.32817706385,-0.0106857357344969,-0.0268826912213919,-0.00646073873679244,0.0834071407412473,0.000946670671101709,-0.0195071710922392,-0.0171937744552862,0.0984549028426264
208.766028742684,-0.010637049694452,-0.026597160173075,-0.00628815063098256,0.0827840574794453,0.000917747152312297,-0.0193622395116611,-0.0169506230493679,0.0978086196626386
210.213852136311,-0.0105875556417276,-0.0263143111415143,-0.00611909170404312,0.0821650323016838,0.000889445399359302,-0.0192182928623063,-0.0167108121295088,0.0971659558381418
211.671716400053,-0.0105372775291002,-0.0260341325293698,-0.0059535075690916,0.0815500610183866,0.000861755530245039,-0.0190753282151047,-0.0164743000150168,0.0965269056161577
213.139691168835,-0.0104862390955838,-0.0257566125200783,-0.00579134431861949,0.0809391388795753,0.000834667755156042,-0.0189333425612036,-0.0162410454187667,0.0958914629116484
214.617846560511,-0.0104344638633326,-0.0254817390815216,-0.00563254852743681,0.0803322605855241,0.000808172376819748,-0.0187923328136477,-0.0160110074466445,0.0952596213152553
216.10625317921,-0.010381975134616,-0.0252094999697661,-0.00547706725546343,0.0797294202973814,0.00078225979083852,-0.0186522958090564,-0.0157841455969095,0.0946313741009406
217.604982118714,-0.0103287959888679,-0.0249398827328721,-0.00532484805036791,0.0791306116477573,0.000756920486001008,-0.0185132283092963,-0.0155604197594744,0.0940067142335348
219.114104965849,-0.0102749492798144,-0.0246728747147714,-0.00517583895005422,0.0785358277512755,0.000732145044570757,-0.018375127003151,-0.0153397902151081,0.093385634376188
220.633693803907,-0.0102204576326792,-0.0244084630592106,-0.00502998848499699,0.077945061215088,0.000707924142552089,-0.018237988507987,-0.0151222176345612,0.0927681268977257
222.163821216089,-0.0101653434414715,-0.024146634713757,-0.00488724568042575,0.0773583041493505,0.000684248549933179,-0.018101809371414,-0.0149076630776173,0.092154183879911
223.704560288971,-0.0101096288663571,-0.0238873764338662,-0.00474756005835877,0.0767755481776578,0.000661109130906344,-0.0179665860729424,-0.014696087992072,0.0915437971246123
225.255984615994,-0.0100533358311147,-0.0236306747870081,-0.00461088163948721,0.0761967844474364,0.000638496844065523,-0.0178323150256341,-0.0144874542126416,0.0909369581608766
226.818168300982,-0.00999648602067975,-0.0233765161568484,-0.0044771609449101,0.075622003640294,0.000616402742580945,-0.0176989925777497,-0.0142817239598034,0.0903336582519099
228.391185961678,-0.00993910087877748,-0.0231248867474844,-0.00434634899772096,0.0750511959823221,0.000594817974351005,-0.0175666150143888,-0.0140788598385696,0.0897338884019645
229.975112733314,-0.0098812016056462,-0.0228757725877313,-0.0042183973244467,0.0744843512543525,0.000573733782131349,-0.0174351785591254,-0.0138788248371966,0.0891376393631336
231.570024272191,-0.00982280915585337,-0.0226291595354565,-0.00409325795633957,0.0739214588021632,0.000553141503641216,-0.0173046793756362,-0.0136815823258321,0.0885449016420535
233.175996759301,-0.00976394423620517,-0.0223850332819594,-0.00397088343052315,0.0733625075466339,0.000533032571647051,-0.0171751135693236,-0.0134870960551006,0.0879556655065147
234.793106903962,-0.00970462730375127,-0.0221433793563943,-0.00385122679099294,0.0728074859938482,0.000513398514023474,-0.0170464771889299,-0.0132953301546307,0.0873699209919809
236.421431947482,-0.00964487856388607,-0.0219041831302329,-0.00373424158947274,0.0722563822451411,0.000494230953791625,-0.0169187662281464,-0.0131062491315245,0.0867876579080182
238.061049666849,-0.00958471796854739,-0.0216674298217635,-0.00361988188612763,0.071709184007089,0.00047552160913499,-0.016791976627213,-0.0129198178687722,0.0862088658446327
239.712038378445,-0.00952416521451375,-0.0214331045006249,-0.00350810225013469,0.0711658786014418,0.000457262293392784,-0.0166661042745109,-0.0127360016236118,0.085633534178519
241.374476941791,-0.00946323974180128,-0.0212011920923711,-0.00339885776011227,0.0706264529749934,0.000439444915030966,-0.0165411450081466,-0.012554766025838,0.0850616520792197
243.048444763306,-0.00940196073216091,-0.0209716773830646,-0.00329210400440933,0.0700908937093901,0.000422061477591036,-0.016417094617527,-0.0123760770760597,0.0844932085151948
244.734021800108,-0.00934034710767668,-0.0207445450238945,-0.00318779708125567,0.0695591870308743,0.000405104079616695,-0.0162939488449258,-0.0121999011439089,0.0839281922598034
246.431288563827,-0.00927841752946575,-0.0205197795358177,-0.00308589359877446,0.0690313188199611,0.000388564914558524,-0.0161717033870397,-0.0120262049662023,0.0833665918971978
248.140326124455,-0.00921619039648064,-0.0202973653142187,-0.00298635067485836,0.0685072746210468,0.000372436270656826,-0.0160503538965357,-0.0118549556450574,0.0828083958281294
249.861216114214,-0.00915368384441406,-0.0200772866335862,-0.00288912593691054,0.0679870396519471,0.000356710530802777,-0.0159298959835872,-0.011686120645964,0.0822535922756678
251.594040731461,-0.00909091574470665,-0.0198595276522029,-0.002794177521452,0.067470598813362,0.000341380172378081,-0.0158103252174002,-0.0115196677958135,0.0817021692908344
253.338882744608,-0.00902790370365787,-0.019644072416846,-0.00270146407359671,0.0669579366982669,0.000326437767073294,-0.0156916371277278,-0.0113555652808869,0.0811541147581489
255.09582549608,-0.00896466506163991,-0.0194309048674942,-0.00261094474639608,0.0664490376012275,0.000311875980685012,-0.0155738272063743,-0.0111937816448029,0.0806094164010914
256.864952906292,-0.00890121689241491,-0.0192200088420408,-0.0025225792000543,0.0659438855276357,0.000297687572892157,-0.0154568909086863,-0.0110342857864279,0.0800680617874789
258.646349477661,-0.0088375760025551,-0.019011368081006,-0.00243632760101622,0.0654424642028664,0.000283865397011554,-0.0153408236550332,-0.0108770469577492,0.0795300383347582
260.440100298641,-0.00877375893096575,-0.01880496623225,-0.00235215062092949,0.0649447570813514,0.000270402399733053,-0.0152256208322735,-0.0107220347617128,0.0789953333152148
262.246291047787,-0.00870978194851054,-0.01860078685568,-0.00227000943548272,0.0644507473555699,0.000257291620834435,-0.0151112777952099,-0.0105692191500272,0.0784639338610985
264.065007997846,-0.00864566105773901,-0.0183988134279508,-0.00218986572312137,0.0639604179649531,0.000244526192876365,-0.0149977898680301,-0.010418570420934,0.0779358269696664
265.896338019882,-0.00858141199271541,-0.0181990293471551,-0.0021116816636434,0.063473751604702,0.000232099340877657,-0.0148851523457343,-0.0102700592169478,0.077410999508144
267.740368587419,-0.00851705021894848,-0.0180014179375006,-0.00203541993667644,0.062990730734515,0.000220004381971144,-0.0147733604955495,-0.0101236565225656,0.0768894382186047
269.597187780627,-0.00845259093342135,-0.0178059624539717,-0.00196104372003856,0.0625113375872256,0.000208234725040423,-0.0146624095583284,-0.00997933366194789,0.0763711297227683
271.466884290521,-0.00838804906472077,-0.0176126460869722,-0.00188851668798457,0.0620355541773468,0.000196783870337821,-0.0145522947499348,-0.00983706229657152,0.0758560605267193
273.349547423206,-0.00832343927326474,-0.0174214519669477,-0.00181780300934004,0.061563362309522,0.000185645409083841,-0.0144430112626134,-0.00969681442285712,0.0753442170255451
275.245267104134,-0.0082587759516277,-0.0172323631689829,-0.00174886734552503,0.0610947435868795,0.000174813023048487,-0.014334554266345,-0.00955856236977106,0.0748355855078954
277.154133882404,-0.00819407322496196,-0.0170453627173732,-0.00168167484846973,0.0606296794192898,0.00016428048411471,-0.0142269189101855,-0.00942227879640374,0.0743301521604625
279.07623893509,-0.00812934495151442,-0.0168604335901677,-0.00161619115842432,0.060168151031525,0.000154041653824423,-0.0141201003235897,-0.0092879366895254,0.0738279030723846
281.011674071587,-0.00806460472323737,-0.0166775587236793,-0.00155238240166512,0.0597101394713166,0.000144090482907356,-0.0140140936177191,-0.00915550936112036,0.0733288242395701
282.960531738006,-0.0079998658664918,-0.0164967210169625,-0.00149021518809946,0.0592556256173125,0.000134421010793161,-0.0139088938867324,-0.00902497044590117,0.0728329015689468
284.922905021585,-0.00793514144284225,-0.0163179033362531,-0.00142965660877153,0.0588045901869312,0.000125027365107123,-0.0138044962090605,-0.00889629389880357,0.0723401208826335
286.898887655133,-0.00787044424994133,-0.016141088519371,-0.00137067423327164,0.0583570137441113,0.000115903761149865,-0.0137008956486639,-0.00876945399246355,0.0718504679220372
288.888574021513,-0.00780578682250274,-0.0159662593800808,-0.00131323610705114,0.0579128767069559,0.000107044501361423,-0.0135980872562729,-0.00864442531467749,0.0713639283518743
290.892059158146,-0.00774118143336099,-0.0157933987124096,-0.00125731074864563,0.0574721593552701,9.84439747701009e-05,-0.0134960660706114,-0.00852118276584656,0.0708804877641185
292.909438761552,-0.00767664009461634,-0.0156224892949201,-0.0012028671468087,0.0570348418379913,9.00966564264928e-05,-0.0133948271196012,-0.00839970155640644,0.0704001316818741
294.940809191919,-0.00761217455886305,-0.0154535138949358,-0.00114987475755894,0.0566009041805105,8.1997106823093e-05,-0.0132943654215506,-0.00827995720424336,0.0699228455631771
296.986267477709,-0.00754779632049949,-0.0152864552727168,-0.00109830350114243,0.0561703262918835,7.41399712998999e-05,-0.0131946759863235,-0.00816192553209757,0.0694486148047233
299.045911320291,-0.007483516617118,-0.0151212961855856,-0.0010481237589135,0.0557430879719329,6.65199794364362e-05,-0.0130957538164907,-0.00804558266495523,0.0689774247455247
301.119839098607,-0.00741934643097291,-0.0149580193919983,-0.000999306370136107,0.0553191689182365,5.91319444305993e-05,-0.0129975939084629,-0.00793090502742965,0.0685092606704956
303.208149873869,-0.00735529649052462,-0.0147966076555623,-0.000951822628708601,0.0548985487330058,5.19707624647996e-05,-0.0129001912536051,-0.00781786934113309,0.0680441078139669
305.310943394298,-0.00729137727205794,-0.0146370437489971,-0.000905644279814221,0.0544812069298498,4.50314120597737e-05,-0.0128035408393319,-0.00770645262203979,0.0675819513631321
307.428320099879,-0.00722759900137268,-0.0144793104580366,-0.000860743516500114,0.0540671229404261,3.8308953416549e-05,-0.0127076376501845,-0.00759663217784139,0.0671227764614231
309.560381127168,-0.00716397165554441,-0.0143233905852727,-0.000817092976187389,0.0536562761209778,3.17985277469759e-05,-0.0126124766688884,-0.00748838560529566,0.0666665682118184
311.707228314113,-0.00710050496475351,-0.0141692669539376,-0.000774665737114811,0.0532486457587555,2.54953565932776e-05,-0.0125180528773917,-0.00738169078756938,0.0662133116800828
313.868964204927,-0.00703720841418021,-0.014016922411623,-0.000733435314718756,0.0528442110783242,1.93947411370513e-05,-0.0124243612578844,-0.00727652589157628,0.065762991897941
316.045692054981,-0.00697409124596382,-0.0138663398339364,-0.000693375657952079,0.0524429512477549,1.34920614981741e-05,-0.0123313967937986,-0.00717286936531102,0.0653155938661837
318.237515835737,-0.00691116246122371,-0.0137175021280925,-0.00065446114554444,0.0520448453847004,7.78277602405861e-06,-0.012239154470789,-0.00707069993517997,0.0648711025577093
320.444540239715,-0.00684843082214015,-0.0135703922364378,-0.000616666582206771,0.0516498725623549,2.26242056968959e-06,-0.0121476292776938,-0.00696999660332969,0.0644295029204997
322.666870685493,-0.00678590485409273,-0.0134249931399087,-0.000579967194782435,0.0512580118152974,-3.07339223108347e-06,-0.012056816207476,-0.00687073864497398,0.0639907798805324
324.904613322743,-0.0067235928478543,-0.0132812878614216,-0.000544338628347709,0.050869242145219,-8.22897370259023e-06,-0.0119667102581459,-0.00677290560572023,0.0635549183446284
327.1578750373,-0.00666150286183808,-0.0131392594691934,-0.000509756942264163,0.0504835425265333,-1.32085598722397e-05,-0.0118773064336629,-0.00667647729889594,0.0631219032032384
329.426763456268,-0.00659964272439592,-0.0129988910799923,-0.000476198606185529,0.0501008919118712,-1.80163122228605e-05,-0.011788599744818,-0.00658143380287613,0.0626917193331655
331.711386953162,-0.00653802003616546,-0.0128601658623188,-0.000443640496021602,0.0497212692374589,-2.26563184520182e-05,-0.0117005852100973,-0.00648775545841255,0.0622643516002279
334.011854653082,-0.00647664217246399,-0.012723067039514,-0.000412059889861754,0.0493446534283796,-2.71325932378918e-05,-0.0116132578565249,-0.00639542286596524,0.0618397848618597
336.328276437929,-0.00641551628572682,-0.0125875778927972,-0.000381434463860535,0.0489710234037197,-3.14490790112468e-05,-0.0115266127204863,-0.00630441688303729,0.0614180039696525
338.660762951648,-0.00635464930798797,-0.0124536817642304,-0.000351742288087929,0.0486003580815993,-3.56096467331009e-05,-0.0114406448485332,-0.00621471862151356,0.0609989937718377
341.009425605519,-0.00629404795340103,-0.0123213620596104,-0.000322961822346721,0.0482326363840873,-3.96180966776214e-05,-0.0113553492981673,-0.00612630944500388,0.0605827391157098
343.374376583475,-0.00623371872079798,-0.012190602251287,-0.000295071911959446,0.047867837242001,-4.34781592198478e-05,-0.0112707211386054,-0.0060391709661917,0.0601692248499928
345.75572884746,-0.0061736678962838,-0.0120613858809081,-0.000268051783527322,0.0475059395995922,-4.71934956278129e-05,-0.0111867554515249,-0.00595328504418847,0.059758435827149
348.153596142828,-0.00611390155586477,-0.0119336965620906,-0.000241881040663649,0.0471469224191187,-5.07676988586345e-05,-0.0111034473317898,-0.00586863378189482,0.0593503569056312
350.568093003772,-0.00605442556810828,-0.0118075179830176,-0.000216539659703988,0.0467907646853023,-5.42042943581708e-05,-0.0110207918881576,-0.00578519952336882,0.0589449729520804
352.999334758797,-0.00599524559683202,-0.0116828339089612,-0.000192007985395481,0.0464374454096743,-5.75067408638363e-05,-0.0109387842439663,-0.00570296485120217,0.0585422688434676
355.44743753623,-0.00593636710382049,-0.0115596281847309,-0.000168266726567656,0.0460869436348085,-6.06784312101572e-05,-0.0108574195378034,-0.00562191258390477,0.0581422294691824
357.912518269762,-0.00587779535156679,-0.0114378847370483,-0.000145296951786963,0.0457392384384432,-6.37226931366874e-05,-0.0107766929241546,-0.00554202577329835,0.0577448397330676
360.39469470404,-0.00581953540603744,-0.0113175875768471,-0.000123080084997317,0.0453943089374919,-6.66427900978799e-05,-0.0106965995740347,-0.00546328770191965,0.0573500845554016
362.894085400285,-0.00576159213945851,-0.0111987208014996,-0.000101597901148825,0.0450521342919448,-6.94419220745319e-05,-0.010617134675599,-0.0053856818804338,0.056957948874829
365.410809741959,-0.00570397023312078,-0.0110812685969688,-8.08325218169103e-05,0.0447126937086609,-7.2123226386424e-05,-0.0105382934347366,-0.00530919204505831,0.05656841765024
367.944987940466,-0.00564667418020205,-0.0109652152398874,-6.07664108139266e-05,0.0443759664450517,-7.46897785057813e-05,-0.0104600710756443,-0.00523380215499825,0.0561814758625991
370.496741040893,-0.00558970828860474,-0.0108505450995636,-4.13823697953562e-05,0.044041931812659,-7.71445928711867e-05,-0.0103824628413835,-0.00515949638989314,0.0557971085167254
373.066190927794,-0.00553307668380674,-0.0107372426399131,-2.26635338626989e-05,0.0437105691806248,-7.94906237015906e-05,-0.0103054639944179,-0.00508625914727603,0.0554153006430221
375.653460331008,-0.0054767833117237,-0.0106252924213199,-4.59336716496402e-06,0.0433818579790573,-8.17307658100644e-05,-0.0102290698171335,-0.00501407504004513,0.05503603729916
378.258672831527,-0.00542083194158084,-0.0105146791024238,1.28443414991655e-05,0.0430557777022927,-8.38678554169465e-05,-0.0101532756123407,-0.00494292889394864,0.0546593035717119
380.881952867393,-0.00536522616879257,-0.0104053874418372,2.96654830766732e-05,0.0427323079120537,-8.59046709620621e-05,-0.0100780767037591,-0.00487280574508302,0.0542850845777414
383.523425739646,-0.00530996941784809,-0.0102974022997903,4.58856326510885e-05,0.0424114282405062,-8.78439339156609e-05,-0.0100034684364845,-0.00480369083740524,0.0539133654663458
386.183217618305,-0.00525506494520115,-0.0101907086397063,6.15200538271361e-05,0.0420931183932158,-8.96883095877754e-05,-0.00992944617743848,-0.0047355696202594,0.0535441314201528
388.861455548399,-0.00520051584216243,-0.0100852915297065,7.65837031073656e-05,0.0417773581520044,-9.14404079356726e-05,-0.00985600531580167,-0.00466842774591803,0.0531773676567742
391.558267456034,-0.00514632503779272,-0.0099811361440463,9.10912342589479e-05,0.0414641273777092,-9.31027843690954e-05,-0.0097831412634293,-0.00460225106713859,0.0528130594302148
394.273782154498,-0.00509249530179538,-0.00987822776448327,0.000105057002669076,0.0411534060128437,-9.46779405530025e-05,-0.00971084945525072,-0.00453702563473538,0.052451192032239
397.008129350424,-0.00503902924740648,-0.00977655178157676,0.000118495069687186,0.0408451740841649,-9.61683252075099e-05,-0.00963912534965232,-0.00447273769516726,0.0520917507936951
399.761439649975,-0.00498592933428092,-0.00967609369592127,0.000131419206952517,0.0405394117051438,-9.75763349047608e-05,-0.00956796442884419,-0.00440937368814159,0.0517347210857972
402.533844565089,-0.00493319787137338,-0.00957683911931352,0.000143842900705361,0.0402360990783454,-9.89043148624425e-05,-0.00949736219921106,-0.00434692024423454,0.0513800883213679
405.325476519761,-0.00488083701981215,-0.00947877377585434,0.000155779356080594,0.0399352164977152,-0.000100154559733695,-0.00942731419164724,-0.00428536418252824,0.0510278379560397
408.136468856361,-0.00482884879576497,-0.00938188350298628,0.000167241501381939,0.0396367443507765,-0.000101329314393151,-0.00935781596187636,-0.00422469250826493,0.0506779554894173
410.966955842014,-0.00477723507329493,-0.00928615425246772,0.000178241992335639,0.0393406631207386,-0.000102430774718866,-0.00928886309075563,-0.00416489241051846,0.0503304264662013
413.817072675003,-0.00472599758720565,-0.00919157209128459,0.000188793216322117,0.0390469533885174,-0.000103461088369883,-0.00922045118456531,-0.00410595125988335,0.0499852364772746
416.686955491232,-0.00467513793587397,-0.00909812320250051,0.000198907296584356,0.0387555958346706,-0.000104422355559229,-0.00915257587528328,-0.00404785660618166,0.0496423711607502
419.576741370729,-0.00462465758406927,-0.00900579388604637,0.000208596096411696,0.0384665712412477,-0.000105316629822095,-0.00908523282084524,-0.00399059617618798,0.0493018162029836
422.486568344193,-0.00457455786575795,-0.0089145705594504,0.000217871223297882,0.0381798604935572,-0.000106145918779007,-0.00901841770539059,-0.00393415787137258,0.048963557339549
425.416575399583,-0.00452483998689204,-0.00882443975850968,0.000226744033072129,0.0378954445818527,-0.000106912184893764,-0.00895212623949431,-0.00387852976566317,0.0486275803561801
428.366902488763,-0.00447550502818087,-0.0087353881379042,0.000235225634002148,0.037613304602938,-0.000107617346225964,-0.00888635416038524,-0.00382370010322522,0.0482938710896767
431.337690534184,-0.00442655394784449,-0.00864740247175443,0.000243326890868019,0.0373334217616943,-0.000108263277177921,-0.00882109723215073,-0.00376965729626118,0.0479624154287774
434.329081435613,-0.00437798758434813,-0.00856046965412359,0.000251058429005878,0.0370557773725296,-0.000108851809235787,-0.00875635124592818,-0.0037163899228287,0.047633199314999
437.341218076915,-0.00432980665911641,-0.00847457669946554,0.000258430638320472,0.0367803528607533,-0.000109384731704725,-0.00869211202008359,-0.00366388672467803,0.0473062087434437
440.374244332875,-0.00428201177922654,-0.00838971074301962,0.000265453677265607,0.036507129763876,-0.000109863792437952,-0.00862837540037747,-0.00361213660510873,0.0469814297635742
443.428305076071,-0.00423460344007949,-0.00830585904115321,0.000272137476791609,0.0362360897328368,-0.000110290698559501,-0.00856513726011825,-0.00356112862684577,0.0466588484799577
446.503546183793,-0.00418758202804838,-0.00822300897165349,0.000278491744258961,0.0359672145331595,-0.000110667117180562,-0.0085023935003036,-0.00351085200993534,0.0463384510529798
449.600114545014,-0.0041409478231031,-0.00814114803396922,0.000284525967317293,0.0357004860460394,-0.00011099467610925,-0.00844014004974985,-0.00346129612966014,0.0460202236995272
452.718158067401,-0.00409470100141054,-0.00806026384940382,0.000290249417748991,0.0354358862693616,-0.000111274964553678,-0.00837837286520968,-0.00341245051447459,0.0457041526936433
455.857825684385,-0.00404884163790956,-0.00798034416126087,0.000295671155276659,0.0351733973186528,-0.000111509533818203,-0.00831708793147859,-0.00336430484395982,0.0453902243671528
459.01926736227,-0.00400336970886008,-0.00790137683494308,0.000300800031333831,0.034913001427968,-0.000111699897992738,-0.00825628126149013,-0.00331684894679861,0.0450784251102602
462.202634107401,-0.00395828509436554,-0.00782334985800597,0.000305644692798207,0.0346546809507136,-0.000111847534634996,-0.00819594889640033,-0.00327007279877035,0.0447687413721195
465.408077973374,-0.00391358758086816,-0.00774625134016729,0.000310213585686909,0.0343984183604084,-0.000111953885445605,-0.00813608690566159,-0.00322396652076602,0.0444611596613784
468.635752068297,-0.00386927686361643,-0.00767006951327339,0.000314514958813142,0.0341441962513834,-0.000112020356935952,-0.00807669138708614,-0.00317852037682331,0.0441556665466949
471.885810562108,-0.00382535254910416,-0.00759479273122373,0.000318556867403756,0.0338919973394233,-0.000112048321088708,-0.00801775846689955,-0.00313372477218183,0.0438522486572295
475.158408693936,-0.0037818141574807,-0.00752040946985438,0.000322347176677256,0.0336418044623493,-0.000112039116010918,-0.0079592842997843,-0.00308957025135855,0.0435508926831116
478.453702779515,-0.00373866112493183,-0.0074469083267821,0.000325893565381799,0.033393600580546,-0.000111994046579614,-0.00790126506891392,-0.00304604749624336,0.043251585375882
481.771850218653,-0.00369589280603072,-0.00737427802120964,0.000329203529292771,0.0331473687774339,-0.000111914385079853,-0.0078436969859777,-0.00300314732421489,0.0429543135489108
485.113009502749,-0.00365350847605877,-0.00730250739369375,0.000332284384669599,0.0329030922598874,-0.000111801371835142,-0.00778657629119648,-0.00296086068627645,0.0426590640777931
488.477340222363,-0.00361150733329582,-0.00723158540587678,0.000335143271671446,0.032660754358602,-0.000111656215830177,-0.00772989925332953,-0.00291917866521224,0.0423658239007206
491.865003074839,-0.0035698885012794,-0.00716150114018309,0.000337787157731505,0.0324203385284097,-0.000111480095325862,-0.00767366216967293,-0.0028780924737637,0.042074580018832
495.276159871982,-0.00352865103103272,-0.00709224379948134,0.000340222840889622,0.032181828348546,-0.00011127415846655,-0.0076178613660496,-0.00283759345282599,0.0417853194965411
498.710973547785,-0.00348779390326107,-0.00702380270671374,0.000342456953083017,0.031945207522869,-0.000111039523879478,-0.00756249319679136,-0.00279767306966462,0.0414980294618445
502.169608166212,-0.00344731603051651,-0.00695616730449332,0.000344495963394902,0.0317104598800313,-0.000110777281266367,-0.00750755404471299,-0.00275832291615221,0.0412126971066077
505.652228929035,-0.00340721625933046,-0.00688932715467037,0.000346346181260842,0.0314775693736079,-0.000110488491987145,-0.00745304032107889,-0.00271953470702515,0.0409293096868316
509.159002183727,-0.00336749337231411,-0.00682327193786895,0.000348013759632693,0.0312465200821789,-0.000110174189635796,-0.00739894846556225,-0.00268130027816047,0.0406478545228996
512.690095431402,-0.00332814609022641,-0.00675799145299473,0.000349504698100028,0.0310172962093711,-0.000109835380608293,-0.00734527494619715,-0.00264361158487241,0.0403683189998051
516.245677334823,-0.00328917307400963,-0.00669347561671503,0.000350824845968987,0.0307898820838573,-0.00010947304466263,-0.00729201625932377,-0.00260646070022903,0.0400906905673608
519.825917726449,-0.00325057292679215,-0.00662971446291208,0.000351979905298433,0.0305642621593166,-0.000109088135470929,-0.00723916892952692,-0.00256983981338855,0.0398149567403896
523.430987616559,-0.00321234419585869,-0.00656669814211068,0.000352975433893474,0.0303404210143547,-0.000108681581163626,-0.0071867295095681,-0.00253374122795542,0.0395411050988978
527.061059201407,-0.00317448537458764,-0.00650441692088104,0.00035381684825628,0.0301183433523888,-0.000108254284865746,-0.00713469458031138,-0.00249815736035601,0.0392691232882315
530.716305871459,-0.00313699490435566,-0.00644286118121793,0.000354509426494252,0.0298980140014939,-0.00010780712522527,-0.00708306075064325,-0.00246308073823392,0.0389989990192157
534.396902219665,-0.00309987117640939,-0.00638202141989703,0.000355058311185584,0.0296794179142164,-0.000107340956933601,-0.00703182465738663,-0.00242850399886469,0.0387307200682778
538.103024049808,-0.00306311253370442,-0.00632188824780952,0.000355468512202287,0.0294625401673522,-0.000106856611238165,-0.00698098296520939,-0.0023944198875899,0.0384642742775545
541.834848384891,-0.00302671727271142,-0.00626245238927571,0.000355744909490769,0.029247365961693,-0.000106354896447137,-0.00693053236652736,-0.00236082125627053,0.0381996495549839
545.592553475602,-0.00299068364518955,-0.00620370468133877,0.000355892255810087,0.0290338806217409,-0.000105836598426351,-0.00688046958140226,-0.00232770106175949,0.0379368338743821
549.376318808822,-0.00295500985992726,-0.00614563607303938,0.000355915179428003,0.0288220695953928,-0.000105302481088395,-0.00683079135743464,-0.00229505236439316,0.0376758152755063
553.1863251162,-0.00291969408445047,-0.00608823762467229,0.000355818186775012,0.028611918453595,-0.000104753286873936,-0.00678149446965196,-0.00226286832650192,0.0374165818641021
557.022754382788,-0.00288473444669831,-0.00603150050702545,0.000355605665056484,0.0284034128899706,-0.000104189737225313,-0.00673257572039214,-0.0022311422109394,0.0371591218119385
560.885789855729,-0.00285012903666657,-0.00597541600060289,0.000355281884823167,0.028196538720419,-0.000103612533052421,-0.00668403193918274,-0.00219986737963056,0.0369034233568291
564.775616053012,-0.00281587590801897,-0.0059199754948319,0.000354851002500184,0.0279912818826893,-0.000103022355190944,-0.0066358599826158,-0.00216903729213815,0.0366494748026399
568.692418772287,-0.00278197307966637,-0.00586517048725548,0.000354317062874855,0.0277876284359294,-0.000102419864852978,-0.00658805673421877,-0.00213864550424776,0.0363972645192856
572.636385099737,-0.00274841853731419,-0.00581099258271087,0.000353684001543467,0.0275855645602106,-0.000101805704070085,-0.00654061910432146,-0.00210868566657109,0.0361467809427121
576.607703419018,-0.00271521023497821,-0.00575743349249487,0.000352955647317353,0.0273850765560291,-0.000101180496128829,-0.00649354402991944,-0.00207915152316741,0.0358980125748691
580.606563420252,-0.00268234609646886,-0.00570448503351687,0.000352135724588492,0.0271861508437855,-0.000100544845998857,-0.00644682847453377,-0.002050036910183,0.0356509479836699
584.633156109091,-0.00264982401684442,-0.00565213912744016,0.00035122785565494,0.0269887739632435,-9.98993407535719e-05,-0.00640046942806751,-0.00202133575450855,0.03540557580294
588.687673815838,-0.00261764186383311,-0.00560038779981237,0.000350235563006382,0.0267929325729681,-9.92445499834488e-05,-0.00635446390665893,-0.00199304207245419,0.0351618847323563
592.77031020464,-0.00258579747922459,-0.00554922317918584,0.000349162271570127,0.0265986134497445,-9.85810262020718e-05,-0.00630880895253181,-0.00196514996844225,0.0349198635373743
596.881260282727,-0.00255428868023086,-0.00549863749622845,0.000348011310917863,0.0264058034879785,-9.79093052449384e-05,-0.00626350163384274,-0.0019376536337173,0.034679501049146
601.020720409738,-0.00252311326081709,-0.00544862308282571,0.0003467859174335,0.0262144896990802,-9.7229906661099e-05,-0.00621853904452581,-0.00191054734507361,0.0344407861644283
605.188888307094,-0.00249226899300244,-0.00539917237117477,0.000345489236442467,0.0260246592108294,-9.65433340977019e-05,-0.00617391830413463,-0.00188382546359969,0.0342037078454812
609.385963067442,-0.00246175362813127,-0.00535027789287099,0.000344124324302792,0.0258362992667269,-9.58500756775051e-05,-0.00612963655768202,-0.0018574824334398,0.0339682551199574
613.612145164168,-0.00243156489811509,-0.00530193227798774,0.000342694150458347,0.0256493972253294,-9.51506043694282e-05,-0.00608569097547733,-0.00183151278057234,0.0337344170807828
617.867636460969,-0.00240170051664539,-0.00525412825414998,0.000341201599454634,0.0254639405595709,-9.44453783522127e-05,-0.00604207875296164,-0.00180591111160483,0.0335021828860288
622.152640221499,-0.00237215818037783,-0.00520685864560231,0.00033964947291747,0.0252799168560703,-9.37348413712632e-05,-0.00599879711054097,-0.00178067211258548,0.0332715417587759
626.467361119072,-0.00234293557008805,-0.00516011637227207,0.000338040491494979,0.025097313814426,-9.30194230887425e-05,-0.00595584329341756,-0.00175579054783102,0.0330424829869696
630.812005246445,-0.0023140303517994,-0.00511389444882793,0.000336377296763286,0.0249161192464988,-9.22995394269977e-05,-0.00591321457141943,-0.00173126125877084,0.0328149959232688
635.186780125658,-0.00228544017788297,-0.00506818598373476,0.00033466245309631,0.0247363210756836,-9.15755929053885e-05,-0.0058709082388283,-0.00170707916280696,0.0325890699848865
639.591894717946,-0.00225716268813025,-0.0050229841783051,0.00033289844950004,0.02455790733617,-9.08479729705951e-05,-0.00582892161420598,-0.00168323925219012,0.0323646946534231
644.027559433723,-0.00222919551079879,-0.0049782823257479,0.000331087701411771,0.024380866172193,-9.01170563204907e-05,-0.00578725204021937,-0.00165973659291128,0.0321418594746936
648.493986142629,-0.00220153626363115,-0.00493407381021495,0.00032923255246463,0.0242051858372749,-8.93832072216436e-05,-0.0057458968834642,-0.00163656632360889,0.0319205540585476
652.991388183652,-0.00217418255484758,-0.0048903521058455,0.000327335276217889,0.0240308546934576,-8.86467778205392e-05,-0.00570485353428758,-0.00161372365449139,0.0317007680786827
657.519980375318,-0.00214713198411269,-0.00484711077580969,0.000325398077853451,0.0238578612105279,-8.79081084485983e-05,-0.00566411940660949,-0.00159120386627493,0.0314824912724525
662.07997902595,-0.00212038214347662,-0.00480434347135097,0.000323423095838946,0.0236861939652344,-8.71675279210689e-05,-0.00562369193774331,-0.00156900230913617,0.0312657134406682
666.671601944003,-0.00209393061829092,-0.00476204393082828,0.000321412403557875,0.0235158416404977,-8.64253538298775e-05,-0.0055835685882155,-0.00154711440167989,0.0310504244473942
671.295068448464,-0.00206777498809961,-0.00472020597875811,0.000319368010907222,0.0233467930246151,-8.56818928305157e-05,-0.00554374684158452,-0.00152553562992133,0.0308366142197391
675.950599379332,-0.00204191282750579,-0.00467882352485717,0.000317291865863002,0.023179037010458,-8.4937440923051e-05,-0.00550422420425905,-0.00150426154628306,0.0306242727476407
680.638417108163,-0.00201634170701411,-0.00463789056308579,0.000315185856014138,0.0230125625946654,-8.41922837273342e-05,-0.00546499820531573,-0.0014832877686062,0.0304133900836466
685.358745548692,-0.00199105919384955,-0.0045974011706926,0.000313051810065148,0.022847358876832,-8.34466967524954e-05,-0.00542606639631628,-0.00146260997917586,0.0302039563426891
690.11181016753,-0.00196606285275284,-0.00455734950726086,0.000310891499308063,0.0226834150586922,-8.27009456608023e-05,-0.00538742635112438,-0.00144222392376062,0.0299959617018563
694.897837994932,-0.00194135024675295,-0.00451772981375673,0.000308706639064017,0.0225207204433004,-8.19552865259704e-05,-0.00534907566572207,-0.00142212541066584,0.0297893964001589
699.717057635642,-0.00191691893791694,-0.00447853641157988,0.000306498890094961,0.0223592644342075,-8.12099660860012e-05,-0.00531101195802609,-0.00140231030980069,0.0295842507382917
704.569699279812,-0.00189276648807768,-0.00443976370161675,0.000304269859985944,0.0221990365346354,-8.04652219906364e-05,-0.0052732328677039,-0.00138277455175877,0.0293805150783921
709.455994713995,-0.00186889045953964,-0.00440140616329681,0.000302021104498375,0.0220400263466487,-7.97212830435055e-05,-0.00523573605598974,-0.00136351412691198,0.0291781798437943
714.376177332221,-0.0018452884157634,-0.00436345835365208,0.000299754128894761,0.0218822235703238,-7.89783694390531e-05,-0.00519851920550063,-0.00134452508451774,0.02897723551878
719.33048214714,-0.00182195792202888,-0.00432591490638028,0.000297470389235296,0.0217256180029175,-7.82366929943236e-05,-0.00516158002005246,-0.00132580353183913,0.0287776726483252
724.31914580125,-0.00179889654607809,-0.00428877053091181,0.000295171293646813,0.0215701995380338,-7.74964573756904e-05,-0.00512491622447617,-0.001307345633278,0.0285794818378443
729.342406578201,-0.00177610185873745,-0.00425202001148086,0.000292858203564462,0.0214159581647896,-7.67578583206052e-05,-0.00508852556443414,-0.00128914760952078,0.0283826537529305
734.400504414174,-0.00175357143452018,-0.00421565820620102,0.000290532434946613,0.0212628839669805,-7.60210838544529e-05,-0.00505240580623688,-0.00127120573669677,0.0281871791190932
739.493680909344,-0.0017313028522092,-0.00417968004614538,0.000288195259463381,0.0211109671222465,-7.52863145025907e-05,-0.00501655473665999,-0.00125351634554897,0.0279930487214929
744.622179339418,-0.00170929369542077,-0.00414408053443167,0.000285847905659228,0.0209601979012375,-7.45537234976523e-05,-0.0049809701627615,-0.001236075820617,0.027800253404673
749.786244667259,-0.00168754155314933,-0.00410885474531242,0.000283491560090052,0.0208105666667795,-7.38234769821983e-05,-0.00494564991169965,-0.00121888059943221,0.0276087840722892
754.98612355458,-0.00166604402029392,-0.00407399782327047,0.00028112736843521,0.0206620638730421,-7.3095734206788e-05,-0.00491059183055118,-0.00120192717172465,0.0274186316868367
760.222064373731,-0.00164479869816649,-0.00403950498212006,0.000278756436584892,0.0205146800647064,-7.23706477235586e-05,-0.00487579378613011,-0.00118521207864184,0.0272297872693745
765.494317219563,-0.00162380319498248,-0.00400537150411358,0.000276379831703263,0.0203684058761354,-7.16483635753817e-05,-0.00484125366480711,-0.00116873191197911,0.0270422418992481
770.803133921369,-0.0016030551263341,-0.00397159273905428,0.000273998583267806,0.020223232030545,-7.09290214806832e-05,-0.00480696937232955,-0.00115248331342141,0.0268559867138101
776.148768054917,-0.00158255211564649,-0.00393816410341507,0.000271613684085269,0.0200791493391778,-7.02127550139971e-05,-0.00477293883364218,-0.00113646297379648,0.0266710129081388
781.531474954562,-0.00156229179461738,-0.00390508107946356,0.000269226091284641,0.0199361487004792,-6.94996917823324e-05,-0.00473915999270854,-0.00112066763233904,0.0264873117347544
786.951511725437,-0.00154227180364031,-0.0038723392143935,0.000266836727287556,0.0197942210992751,-6.87899535974304e-05,-0.00470563081233313,-0.00110509407596612,0.0263048745033352
792.40913725574,-0.00152248979221203,-0.00383993411946284,0.000264446480756539,0.0196533576059536,-6.80836566439853e-05,-0.0046723492739844,-0.00108973913856312,0.0261236925804304
797.904612229097,-0.00150294341932417,-0.0038078614691384,0.000262056207521492,0.019513549375649,-6.73809116439025e-05,-0.00463931337761854,-0.00107459970028066,0.0259437573891726
803.438199137013,-0.00148363035383976,-0.00377611700024745,0.000259666731484821,0.0193747876474286,-6.66818240166705e-05,-0.00460652114150415,-0.00105967268684192,0.0257650604089884
809.01016229141,-0.00146454827485476,-0.00374469651113622,0.000257278845505595,0.0192370637434838,-6.59864940359163e-05,-0.00457397060204787,-0.0010449550688604,0.0255875931753085
814.620767837254,-0.00144569487204501,-0.00371359586083543,0.000254893312263138,0.019100369068324,-6.52950169822212e-05,-0.00454165981362088,-0.00103044386116797,0.025411347279276
820.270283765263,-0.00142706784599891,-0.00368281096823305,0.000252510865100421,0.0189646951079749,-6.46074832922608e-05,-0.00450958684838638,-0.00101613612215302,0.0252363143674535
825.958979924714,-0.0014086649085362,-0.00365233781125433,0.000250132208847659,0.0188300334291801,-6.39239787043502e-05,-0.00447774979612809,-0.00100202895310855,0.0250624861415306
831.687128036326,-0.00139048378301308,-0.00362217242604913,0.000247758020626474,0.0186963756786074,-6.32445844004525e-05,-0.0044461467640798,-0.000988119497590147,0.0248898543580288
837.455001705243,-0.00137252220461407,-0.00359231090618679,0.000245388950635005,0.0185637135820587,-6.25693771447317e-05,-0.00441477587675589,-0.000974404940783657,0.0247184108280068
843.262876434102,-0.00135477792063084,-0.00356274940185841,0.000243025622914333,0.0184320389436852,-6.18984294187056e-05,-0.00438363527578299,-0.000960882508882363,0.0245481474167654
849.111029636188,-0.00133724869072845,-0.00353348411908687,0.000240668636096588,0.0183013436452065,-6.12318095530794e-05,-0.00435272311973272,-0.000947549468473637,0.0243790560435503
854.999740648693,-0.00131993228719913,-0.00350451131894434,0.000238318564135095,0.0181716196451345,-6.05695818563132e-05,-0.00432203758395555,-0.000934403125934853,0.0242111286812564
860.92929074605,-0.00130282649520406,-0.00347582731677768,0.00023597595701691,0.0180428589780022,-5.991180674e-05,-0.0042915768604158,-0.000921440826838464,0.0240443573561303
866.899963153375,-0.00128592911300334,-0.00344742848144147,0.00023364134145811,0.0179150537535977,-5.92585408411118e-05,-0.00426133915752778,-0.000908659955366088,0.0238787341474726
872.91204305999,-0.00126923795217453,-0.0034193112345389,0.000231315221582174,0.0177881961562026,-5.8609837141181e-05,-0.00423132269999313,-0.0008960579337315,0.023714251187341
878.965817633049,-0.00125275083781992,-0.00339147204967057,0.000228998079581797,0.0176622784438365,-5.79657450824799e-05,-0.00420152572863935,-0.000883632221612367,0.0235509006602517
885.061576031251,-0.00123646560876302,-0.0033639074516911,0.000226690376364474,0.0175372929475059,-5.7326310681258e-05,-0.00417194650025953,-0.000871380315590631,0.023388674802882
891.199609418655,-0.00122038011773427,-0.00333661401597372,0.000224392552182194,0.0174132320704586,-5.66915766381018e-05,-0.00414258328745327,-0.00085929974860139,0.023227565903772
897.380210978585,-0.00120449223154656,-0.00330958836768274,0.000222105027245556,0.0172900882874446,-5.6061582445475e-05,-0.00411343437846894,-0.000847388089390163,0.0230675663030265
903.603675927636,-0.00118879983126055,-0.00328282718105403,0.000219828202322649,0.0171678541439805,-5.5436364492499e-05,-0.00408449807704704,-0.000835642941978416,0.0229086683920177
909.870301529772,-0.00117330081234021,-0.00325632717868352,0.000217562459322996,0.0170465222556219,-5.4815956167033e-05,-0.0040557727022649,-0.000824061945137219,0.0227508646130867
916.18038711053,-0.00115799308479885,-0.00323008513082357,0.000215308161866884,0.0169260853072393,-5.420038795511e-05,-0.0040272565883827,-0.000812642771868927,0.0225941474592463
922.534234071309,-0.0011428745733358,-0.00320409785468741,0.000213065655840393,0.016806536052301,-5.35896875377874e-05,-0.00399894808469061,-0.000801383128896745,0.0224385094738837
928.932145903777,-0.00112794321746408,-0.00317836221376164,0.000210835269936415,0.0166878673121619,-5.29838798854659e-05,-0.00397084555535739,-0.00079028075616209,0.0222839432504635
935.374428204358,-0.00111319697162928,-0.00315287511712654,0.000208617316181973,0.0165700719753572,-5.23829873497331e-05,-0.00394294737928015,-0.000779333426329601,0.0221304414322309
941.861388688833,-0.00109863380531982,-0.00312763351878458,0.000206412090452127,0.0164531429969026,-5.1787029752785e-05,-0.00391525194993545,-0.000768538944299703,0.0219779967119156
948.39333720704,-0.00108425170316904,-0.00310263441699674,0.000204219872970762,0.0163370733976005,-5.11960244744805e-05,-0.00388775767523176,-0.00075789514672861,0.0218266018314358
954.970585757668,-0.00107004866504905,-0.00307787485362688,0.00020204092879854,0.0162218562633523,-5.06099865370778e-05,-0.00386046297736311,-0.000747399901555647,0.0216762495816034
961.593448503166,-0.0010560227061569,-0.00305335191349405,0.00019987550830829,0.016107484744476,-5.00289286877074e-05,-0.00383336629266416,-0.000737051107537786,0.0215269328018286
968.262241784745,-0.00104217185709298,-0.0030290627237327,0.000197723847648127,0.0159939520550305,-4.94528614786307e-05,-0.00380646607146651,-0.00072684669379129,0.0213786443798264
974.977284137491,-0.00102849416393211,-0.00300500445316077,0.000195586169192552,0.0158812514721458,-4.88817933453345e-05,-0.00377976077795637,-0.000716784619340348,0.0212313772513226
981.738896305574,-0.00101498768828748,-0.00298117431165577,0.000193462681981811,0.0157693763353594,-4.83157306825095e-05,-0.00375324889003356,-0.000706862872672607,0.0210851243997613
988.547401257578,-0.00100165050736754,-0.00295756954953855,0.000191353582149772,0.0156583200459585,-4.77546779179606e-05,-0.00372692889917173,-0.000697079471301488,0.0209398788560126
995.403124201917,-0.000988480714026164,-0.00293418745696498,0.000189259053340572,0.0155480760663285,-4.71986375844989e-05,-0.00370079931028004,-0.000687432461335186,0.0207956336980812
1002.30639260238,-0.00097547641680634,-0.00291102536332543,0.0001871792671143,0.0154386379193078,-4.66476103898573e-05,-0.00367485864156605,-0.000677919917052244,0.0206523820508159
1009.25753619375,-0.000962635739977393,-0.00288808063665191,0.000185114383341937,0.0153299991875487,-4.61015952846788e-05,-0.00364910542439999,-0.000668539940483627,0.0205101170856198
1016.2568869976,-0.000949956823566134,-0.00286535068303294,0.000183064550589831,0.015222153512884,-4.55605895286199e-05,-0.00362353820318031,-0.00065929066100115,0.0203688320201614
1023.30477933808,-0.000937437823382043,-0.00284283294603617,0.000181029906493919,0.0151150945957004,-4.5024588754615e-05,-0.00359815553520058,-0.000650170234912224,0.0202285201180864
1030.40154985798,-0.000925076911036643,-0.00282052490613845,0.000179010578123937,0.0150088161943178,-4.44935870313413e-05,-0.00357295599051761,-0.000641176845060748,0.0200891746887306
1037.5475375347,-0.000912872273957341,-0.00279842408016364,0.00017700668233786,0.0149033121243745,-4.39675769239321e-05,-0.00354793815182106,-0.000632308700434145,0.019950789086834
1044.74308369654,-0.000900822115395821,-0.0027765280207278,0.00017501832612678,0.0147985762582189,-4.34465495529722e-05,-0.00352310061430414,-0.000623564035776345,0.019813356712255
1051.98853203895,-0.000888924654431244,-0.00275483431569198,0.000173045606950463,0.0146946025243072,-4.29304946518247e-05,-0.00349844198553581,-0.000614941111206717,0.0196768710096866
1059.28422864097,-0.000877178125968366,-0.00273334058762231,0.000171088613063776,0.014591384906607,-4.24194006223202e-05,-0.00347396088533408,-0.000606438211844787,0.019541325468373
1066.63052198171,-0.0008655807807308,-0.00271204449325756,0.000169147423834232,0.0144889174440079,-4.19132545888558e-05,-0.0034496559456408,-0.000598053647440708,0.0194067136218273
1074.02776295709,-0.000854130885249523,-0.00269094372298394,0.000167222110050825,0.0143871942297364,-4.1412042450935e-05,-0.00342552581039757,-0.000589785752011338,0.0192730290475507
1081.4763048965,-0.000842826721846875,-0.00267003600031721,0.000165312734224399,0.0142862094107792,-4.09157489341914e-05,-0.0034015691354231,-0.000581632883481903,0.0191402653667521
1088.97650357974,-0.000831666588616104,-0.00264931908139194,0.000163419350879708,0.0141859571873103,-4.04243576399295e-05,-0.00337778458829161,-0.000573593423333091,0.0190084162440691
1096.52871725401,-0.000820648799396718,-0.00262879075445797,0.00016154200683941,0.0140864318121259,-3.99378510932208e-05,-0.00335417084821277,-0.000565665776253557,0.0188774753872907
1104.13330665098,-0.000809771683745701,-0.00260844883938387,0.00015968074150015,0.0139876275900843,-3.9456210789589e-05,-0.00333072660591272,-0.000557848369797691,0.0187474365470799
1111.79063500406,-0.000799033586904823,-0.00258829118716752,0.000157835587100951,0.0138895388775519,-3.89794172403206e-05,-0.00330745056351641,-0.000550139654048641,0.018618293516699
1119.50106806575,-0.000788432869764106,-0.00256831567945356,0.000156006568984066,0.0137921600818555,-3.85074500164326e-05,-0.00328434143443113,-0.000542538101286427,0.0184900401317343
1127.26497412507,-0.000777967908821677,-0.00254852022805779,0.000154193705848515,0.0136954856607404,-3.80402877913326e-05,-0.00326139794323145,-0.000535042205661149,0.0183626702698238
1135.0827240252,-0.000767637096140046,-0.00252890277449834,0.000152397009996445,0.0135995101218341,-3.75779083822026e-05,-0.00323861882554514,-0.00052765048287113,0.0182361778503847
1142.95469118117,-0.000757438839299049,-0.00250946128953372,0.00015061648757251,0.0135042280221161,-3.71202887901395e-05,-0.00321600282794056,-0.000520361469845997,0.0181105568343431
1150.8812515977,-0.000747371561345475,-0.00249019377270743,0.000148852138796434,0.0134096339673938,-3.66674052390807e-05,-0.00319354870781509,-0.000513173724434549,0.0179858012238641
1158.86278388715,-0.000737433700739618,-0.00247109825189932,0.000147103958188932,0.0133157226117832,-3.62192332135499e-05,-0.00317125523328488,-0.0005060858250974,0.0178619050620839
1166.89966928762,-0.000727623711298769,-0.00245217278288344,0.000145371934791143,0.0132224886571968,-3.57757474952483e-05,-0.00314912118307574,-0.000499096370604263,0.0177388624328425
1174.99229168114,-0.000717940062137872,-0.00243341544889246,0.000143656052377735,0.013129926852836,-3.53369221985238e-05,-0.0031271453464153,-0.000492203979735875,0.0176166674604183
1183.14103761204,-0.000708381237607368,-0.00241482436018845,0.000141956289663853,0.0130380319946896,-3.4902730804745e-05,-0.0031053265229262,-0.000485407290990404,0.0174953143092635
1191.34629630538,-0.000698945737228425,-0.00239639765364011,0.000140272620506051,0.0129467989250382,-3.44731461956081e-05,-0.00308366352252065,-0.000478704962294353,0.0173747971837411
1199.60845968555,-0.000689632075625589,-0.0023781334923062,0.000138605014097353,0.0128562225319635,-3.4048140685406e-05,-0.00306215516529602,-0.000472095670717819,0.0172551103278628
1207.92792239501,-0.000680438782457052,-0.0023600300650253,0.000136953435156614,0.0127662977488643,-3.36276860522834e-05,-0.00304080028143162,-0.000465578112194106,0.0171362480250288
1216.3050818131,-0.000671364402342542,-0.00234208558601164,0.000135317844112294,0.0126770195539765,-3.32117535685062e-05,-0.00301959771108665,-0.000459151001243549,0.0170182045977682
1224.74033807505,-0.000662407494789043,-0.00232429829445711,0.000133698197280814,0.0125883829699,-3.28003140297704e-05,-0.00299854630429929,-0.000452813070701564,0.0169009744074816
1233.23409409112,-0.000653566634114353,-0.00230666645413921,0.000132094447039607,0.0125003830631298,-3.23933377835751e-05,-0.00297764492088685,-0.00044656307145078,0.0167845518541843
1241.78675556577,-0.000644840409368661,-0.002289188353035,0.000130506541995026,0.0124130149435938,-3.1990794756685e-05,-0.00295689243034713,-0.000440399772157266,0.0166689313762508
1250.39873101711,-0.000636227424254153,-0.00227186230294089,0.000128934427145204,0.0123262737641944,-3.15926544817047e-05,-0.00293628771176083,-0.000434321959010708,0.0165541074501615
1259.07043179635,-0.000627726297042838,-0.00225468663909835,0.000127378044038041,0.0122401547203569,-3.11988861227905e-05,-0.00291582965369509,-0.000428328435468555,0.0164400745902498
1267.80227210752,-0.000619335660492583,-0.00223765971982521,0.000125837330924399,0.0121546530495818,-3.08094585005204e-05,-0.00289551715410809,-0.000422418022004004,0.0163268273484509
1276.5946690272,-0.000611054161761525,-0.00222077992615273,0.000124312222906657,0.0120697640310033,-3.04243401159461e-05,-0.00287534912025472,-0.000416589555857805,0.0162143603140521
1285.44804252445,-0.000602880462320913,-0.00220404566146829,0.000122802652082739,0.0119854829849526,-3.00434991738484e-05,-0.00285532446859342,-0.000410841890793825,0.0161026681134445
1294.36281548089,-0.000594813237866444,-0.00218745535116355,0.000121308547685726,0.011901805272526,-2.96669036052168e-05,-0.00283544212469387,-0.000405173896858274,0.0159917454098756
1303.33941371088,-0.000586851178228225,-0.00217100744228814,0.000119829836219177,0.0118187262951584,-2.92945210889756e-05,-0.002815701023146,-0.000399584460142593,0.0158815869032038
1312.37826598188,-0.000578992987279379,-0.00215470040320866,0.000118366441588263,0.0117362414942018,-2.8926319072975e-05,-0.00279610010746977,-0.000394072482549891,0.0157721873296538
1321.47980403488,-0.000571237382843431,-0.00213853272327313,0.000116918285226827,0.0116543463505086,-2.85622647942688e-05,-0.00277663833002619,-0.00038863688156493,0.015663541461574
1330.6444626051,-0.000563583096600496,-0.0021225029124806,0.000115485286220486,0.0115730363840199,-2.82023252986969e-05,-0.00275731465192919,-0.00038327659002754,0.0155556441071944
1339.87267944269,-0.000556028873992381,-0.00210660950115602,0.000114067361425854,0.0114923071533587,-2.78464674597921e-05,-0.00273812804295867,-0.000377990555909483,0.0154484901103869
1349.16489533366,-0.000548573474126638,-0.00209085103963014,0.000112664425586027,0.0114121542554276,-2.74946579970306e-05,-0.00271907748147433,-0.000372777742094634,0.015342074350426
1358.52155412096,-0.000541215669679675,-0.00207522609792461,0.000111276391442389,0.0113325733250117,-2.71468634934421e-05,-0.00270016195433075,-0.000367637126162504,0.0152363917417514
1367.94310272563,-0.000533954246798935,-0.00205973326544192,0.000109903169842871,0.0112535600343862,-2.68030504125991e-05,-0.00268138045679316,-0.000362567700174982,0.0151314372337321
1377.42999116818,-0.000526788005004276,-0.00204437115066039,0.000108544669846734,0.0111751100929279,-2.64631851150024e-05,-0.00266273199245444,-0.000357568470466313,0.0150272058104316
1386.98267259009,-0.000519715757088544,-0.0020291383808339,0.000107200798825983,0.0110972192467323,-2.61272338738786e-05,-0.00264421557315284,-0.000352638457436195,0.014923692490374
1396.60160327544,-0.000512736329017465,-0.00201403360169652,0.0001058714625635,0.011019883278235,-2.57951628904073e-05,-0.00262583021889089,-0.000347776695346009,0.0148208923263131
1406.2872426727,-0.000505848559828846,-0.00199905547717176,0.000104556565347977,0.0109430980058369,-2.54669383083924e-05,-0.00260757495775498,-0.000342982232118078,0.0147188004050005
1416.04005341668,-0.000499051301531215,-0.00198420268908657,0.00010325601006575,0.0108668592835348,-2.51425262283959e-05,-0.0025894488258361,-0.000338254129137955,0.0146174118469576
1425.86050135065,-0.000492343419001877,-0.00196947393688986,0.000101969698289604,0.0107911630005563,-2.48218927213455e-05,-0.00257145086715132,-0.000333591461059649,0.0145167218062466
1435.74905554856,-0.000485723789884521,-0.00195486793737563,0.000100697530364641,0.010716005080998,-2.45050038416356e-05,-0.00255358013356632,-0.000328993315613795,0.014416725470245
1445.70618833745,-0.000479191304486343,-0.00194038342441045,9.94394054912859e-05,0.0106413814834695,-2.41918256397307e-05,-0.00253583568471866,-0.000324458793418653,0.0143174180594195
1455.73237532004,-0.000472744865674818,-0.00192601914866546,9.81952218055188e-05,0.010567288200741,-2.38823241742919e-05,-0.00251821658794209,-0.000319987007793975,0.0142187948271031
1465.8280953974,-0.000466383388774096,-0.00191177387735263,9.69648764563912e-05,0.0104937212593946,-2.35764655238338e-05,-0.00250072191819158,-0.000315577084577609,0.0141208510592721
1475.99383079187,-0.000460105801461129,-0.00189764639396536,9.57482656809242e-05,0.0104206767194807,-2.327421579793e-05,-0.00248335075796939,-0.00031122816194488,0.0140235820743253
1486.23006707006,-0.000453911043661522,-0.00188363549802321,9.45452848764417e-05,0.010348150674178,-2.2975541147978e-05,-0.00246610219725178,-0.000306939390230632,0.0139269832228642
1496.53729316606,-0.0004477980674452,-0.00186974000482089,9.3355828670426e-05,0.0102761392494576,-2.2680407777537e-05,-0.00244897533341681,-0.000302709931753945,0.0138310498874747
1506.9160014048,-0.000441765836921879,-0.00185595874518121,9.21797909879491e-05,0.0102046386037513,-2.2388781952251e-05,-0.00243196927117271,-0.00029853896064545,0.01373577748251
1517.36668752555,-0.000435813328136446,-0.00184229056521224,9.10170651167643e-05,0.0101336449276239,-2.210063000937e-05,-0.00241508312248735,-0.000294425662677224,0.0136411614538754
1527.88985070559,-0.00042993952896422,-0.00182873432606823,8.98675437701096e-05,0.010063154443449,-2.18159183668789e-05,-0.00239831600651824,-0.000290369235095207,0.0135471972788131
1538.4859935841,-0.000424143439006187,-0.00181528890371466,8.87311191472972e-05,0.00999316340508944,-2.15346135322498e-05,-0.00238166704954361,-0.000286368886454119,0.0134538804656903
1549.15562228612,-0.000418424069484202,-0.00180195318869696,8.76076829921455e-05,0.00992366809758071,-2.12566821108239e-05,-0.00236513538489407,-0.000282423836454824,0.0133612065537866
1559.89924644673,-0.000412780443136237,-0.00178872608591314,8.6497126649321e-05,0.00985466483681897,-2.09820908138388e-05,-0.00234872015288518,-0.000278533315784113,0.0132691711130845
1570.71737923542,-0.000407211594111658,-0.00177560651439013,8.53993411186422e-05,0.00978614996925223,-2.07108064661077e-05,-0.00233242050075073,-0.000274696565956858,0.0131777697440596
1581.61053738059,-0.000401716567866617,-0.00176259340706382,8.43142171074114e-05,0.00971811987157555,-2.0442796013365e-05,-0.00231623558257687,-0.000270912839160519,0.0130869980774739
1592.57924119422,-0.000396294421059541,-0.00174968571056265,8.32416450808254e-05,0.00965057095042972,-2.01780265292839e-05,-0.00230016455923688,-0.000267181398101942,0.0129968517741686
1603.62401459674,-0.000390944221446791,-0.0017368823849949,8.21815153105244e-05,0.00958349964210373,-1.99164652221811e-05,-0.0022842065983268,-0.000263501515856435,0.0129073265248595
1614.74538514202,-0.00038566504777848,-0.00172418240373939,8.11337179213286e-05,0.00951690241224057,-1.9658079441413e-05,-0.00226836087410171,-0.000259872475719073,0.0128184180499332
1625.94388404263,-0.000380455989694524,-0.00171158475323969,8.0098142936221e-05,0.00945077575554684,-1.94028366834772e-05,-0.00225262656741284,-0.00025629357105821,0.0127301220992449
1637.22004619516,-0.000375316147620901,-0.00169908843280171,7.90746803196208e-05,0.00938511619550557,-1.91507045978246e-05,-0.00223700286564529,-0.000252764105171143,0.0126424344519167
1648.57441020578,-0.000370244632666188,-0.00168669245439473,7.80632200190043e-05,0.00931992028409266,-1.89016509923955e-05,-0.00222148896265656,-0.000249283391141925,0.0125553509161385
1660.00751841599,-0.000365240566518376,-0.00167439584245557,7.70636520049137e-05,0.00925518460149659,-1.86556438388831e-05,-0.00220608405871572,-0.000245850751701261,0.0124688673289687
1671.51991692849,-0.000360303081341998,-0.00166219763369623,7.60758663094104e-05,0.00919090575584163,-1.84126512777372e-05,-0.0021907873604433,-0.000242465519088487,0.0123829795561377
1683.11215563331,-0.000355431319675581,-0.00165009687691451,7.50997530630107e-05,0.00912708038291414,-1.81726416229141e-05,-0.00217559808075185,-0.000239127034915568,0.0122976834918513
1694.78478823403,-0.000350624434329466,-0.00163809263280795,7.41352025301544e-05,0.00906370514589236,-1.79355833663815e-05,-0.00216051543878725,-0.000235834650033116,0.0122129750585965
1706.53837227424,-0.000345881588283986,-0.00162618397379077,7.31821051432467e-05,0.00900077673507925,-1.77014451823856e-05,-0.00214553865987056,-0.000232587724398365,0.0121288502069476
1718.37346916419,-0.000341201954588057,-0.00161436998381392,7.22403515353181e-05,0.00893829186763867,-1.74701959314884e-05,-0.00213066697544064,-0.000229385626945106,0.0120453049153742
1730.2906442076,-0.000336584716258162,-0.00160264975818808,7.13098325713418e-05,0.00887624728733447,-1.72418046643826e-05,-0.00211589962299738,-0.000226227735455518,0.0119623351900503
1742.29046662864,-0.000332029066177794,-0.00159102240340967,7.03904393782524e-05,0.00881463976427298,-1.70162406254912e-05,-0.0021012358460456,-0.000223113436433896,0.0118799370646648
1754.37350959913,-0.000327534206997328,-0.00157948703698974,6.94820633737003e-05,0.00875346609464832,-1.67934732563581e-05,-0.00208667489403952,-0.000220042124982229,0.0117981066002325
1766.54035026596,-0.000323099351034367,-0.00156804278728569,6.85845962935839e-05,0.0086927231004908,-1.65734721988381e-05,-0.00207221602232794,-0.000217013204677601,0.0117168398849075
1778.79156977856,-0.000318723720174585,-0.00155668879333586,6.76979302183974e-05,0.00863240762941839,-1.63562072980913e-05,-0.00205785849210002,-0.000214026087451399,0.0116361330337969
1791.12775331676,-0.00031440654577304,-0.00154542420469686,6.68219575984252e-05,0.00857251655439097,-1.6141648605389e-05,-0.00204360157033161,-0.000211080193470281,0.0115559821887761
1803.54949011869,-0.000310147068556034,-0.00153424818128361,6.59565712778264e-05,0.00851304677346767,-1.59297663807372e-05,-0.0020294445297323,-0.0002081749510189,0.0114763835183053
1816.05737350894,-0.000305944538523473,-0.00152315989321209,6.51016645176349e-05,0.00845399520956687,-1.57205310953243e-05,-0.00201538664869291,-0.000205309796384336,0.011397333217247
1828.65200092687,-0.000301798214851787,-0.00151215852064473,6.42571310177169e-05,0.00839535881022927,-1.55139134337979e-05,-0.00200142721123375,-0.000202484173742224,0.0113188275066854
1841.33397395519,-0.000297707365797389,-0.00150124325363831,6.34228649377106e-05,0.00833713454738347,-1.53098842963776e-05,-0.00198756550695332,-0.000199697535044545,0.0112408626337457
1854.10389834867,-0.000293671268600714,-0.00149041329199453,6.25987609169878e-05,0.00827931941711459,-1.51084148008083e-05,-0.00197380083097766,-0.000196949339909063,0.0111634348714162
1866.9623840631,-0.000289689209390814,-0.00147966784511301,6.17847140936597e-05,0.00822191043943536,-1.49094762841604e-05,-0.0019601324839102,-0.000194239055510363,0.0110865405183701
1879.91004528435,-0.000285760483090567,-0.00146900613184679,6.09806201226655e-05,0.00816490465806012,-1.47130403044813e-05,-0.00194655977178229,-0.0001915661564725,0.0110101758987895
1892.94750045783,-0.000281884393322455,-0.00145842738036018,6.01863751929649e-05,0.00810829914018121,-1.4519078642304e-05,-0.0019330820060041,-0.000188930124763194,0.0109343373621902
1906.0753723179,-0.000278060252314976,-0.00144793082798915,5.94018760438699e-05,0.00805209097624828,-1.43275633020177e-05,-0.00191969850331629,-0.000186330449589587,0.0108590212832476
1919.29428791772,-0.000274287380809643,-0.0014375157211039,5.86270199805383e-05,0.00799627727974983,-1.41384665131044e-05,-0.00190640858574199,-0.000183766627295497,0.0107842240616238
1932.60487865912,-0.000270565107968638,-0.00142718131497383,5.78617048886592e-05,0.00794085518699764,-1.39517607312483e-05,-0.0018932115805395,-0.000181238161260192,0.010709942121796
1946.00778032282,-0.00026689277128307,-0.00141692687363475,5.71058292483533e-05,0.0078858218569134,-1.37674186393189e-05,-0.00188010682015538,-0.000178744561798619,0.0106361719128861
1959.50363309877,-0.000263269716481892,-0.00140675166975834,5.63592921473189e-05,0.0078311744708181,-1.35854131482375e-05,-0.00186709364217814,-0.000176285346063094,0.0105629099084909
1973.09308161673,-0.000259695297441455,-0.00139665498452377,5.56219932932402e-05,0.00777691023222354,-1.34057173977255e-05,-0.0018541713892924,-0.000173860037946418,0.0104901526065143
1986.77677497706,-0.000256168876095717,-0.00138663610749151,5.4893833025491e-05,0.00772302636662662,-1.32283047569435e-05,-0.00184133940923359,-0.000171468167986401,0.0104178965289997
2000.55536678172,-0.000252689822347109,-0.0013766943364792,5.41747123261486e-05,0.00766952012130565,-1.30531488250232e-05,-0.00182859705474309,-0.000169109273271772,0.0103461382219644
2014.42951516552,-0.000249257513978075,-0.00136682897743972,5.34645328303485e-05,0.0076163887651193,-1.28802234314952e-05,-0.00181594368352394,-0.000166782897349458,0.0102748742552346
2028.39988282751,-0.000245871336563259,-0.00135703934434115,5.27631968359945e-05,0.00756362958830764,-1.2709502636619e-05,-0.00180337865819695,-0.0001644885901332,0.0102041012222813
2042.46713706267,-0.000242530683382396,-0.0013473247590489,5.20706073128524e-05,0.00751123990229564,-1.25409607316167e-05,-0.00179090134625735,-0.000162225907813507,0.010133815740058
2056.63194979376,-0.000239234955333854,-0.00133768455120967,5.13866679110421e-05,0.00745921703949875,-1.23745722388147e-05,-0.0017785111200319,-0.000159994412768895,0.0100640144488391
2070.89499760343,-0.000235983560848878,-0.00132811805813753,5.07112829689551e-05,0.00740755835313089,-1.22103119116981e-05,-0.00176620735663644,-0.000157793673478434,0.00999469401205908
2085.25696176653,-0.000232775915806504,-0.0013186246247017,5.00443575206085e-05,0.00735626121701443,-1.20481547348788e-05,-0.00175398943793393,-0.000155623264435541,0.0099258511161534
2099.71852828265,-0.000229611443449178,-0.00130920360321643,4.93857973024635e-05,0.00730532302539258,-1.18880759239833e-05,-0.00174185675049295,-0.000153482766063032,0.00985748247040013
2114.2803879089,-0.000226489574299048,-0.00129985435333256,4.87355087597209e-05,0.0072547411927436,-1.17300509254609e-05,-0.00172980868554661,-0.000151371764629399,0.00978958480676253
2128.94323619287,-0.000223409746074973,-0.00129057624193097,4.80933990521143e-05,0.00720451315359744,-1.15740554163181e-05,-0.00171784463895192,-0.000149289852166293,0.00972215487973307
2143.7077735059,-0.000220371403610199,-0.0012813686430178,4.74593760592169e-05,0.00715463636235418,-1.14200653037787e-05,-0.00170596401114963,-0.000147236626387202,0.00965518946617811
2158.57470507649,-0.000217373998770766,-0.00127223093762146,4.68333483852824e-05,0.00710510829310477,-1.12680567248771e-05,-0.00169416620712446,-0.000145211690607305,0.009588685365184
2173.54474102402,-0.000214416990374585,-0.00126316251369129,4.62152253636304e-05,0.00705592643945354,-1.11180060459826e-05,-0.00168245063636574,-0.000143214653664474,0.00952263939790383
2188.61859639264,-0.000211499844111236,-0.00125416276599798,4.56049170606004e-05,0.00700708831434292,-1.09698898622622e-05,-0.00167081671282855,-0.000141245129841424,0.00945704840740568
2203.79699118545,-0.000208622032462455,-0.00124523109603562,4.5002334279081e-05,0.00695859144987995,-1.08236849970805e-05,-0.00165926385489521,-0.00013930273878898,0.00939190925852143
2219.08065039887,-0.000205783034623333,-0.00123636691192544,4.44073885616392e-05,0.00691043339716495,-1.06793685013428e-05,-0.00164779148533715,-0.000137387105450448,0.00932721883769703
2234.47030405729,-0.000202982336424209,-0.00122756962832103,4.38199921932542e-05,0.00686261172612179,-1.05369176527807e-05,-0.00163639903127728,-0.00013549785998708,0.00926297405284338
2249.9666872479,-0.000200219430253273,-0.00121883866631532,4.32400582036805e-05,0.00681512402533039,-1.03963099551857e-05,-0.00162508592415268,-0.000133634637704604,0.00919917183318865
2265.57054015586,-0.000197493814979864,-0.00121017345334897,4.26675003694437e-05,0.00676796790186083,-1.02575231375907e-05,-0.00161385159967772,-0.000131797078980816,0.00913580912913116
2281.28260809959,-0.000194804995878479,-0.00120157342312037,4.21022332154929e-05,0.00672114098110946,-1.01205351534028e-05,-0.00160269549780755,-0.000129984829194212,0.00907288291209371
2297.10364156645,-0.000192152484553478,-0.00119303801549705,4.15441720165126e-05,0.00667464090663664,-9.98532417948994e-06,-0.00159161706270198,-0.000128197538653642,0.00901039017437848
2313.0343962485,-0.000189535798864488,-0.00118456667642869,4.09932327979157e-05,0.00662846534000657,-9.85186861522255e-06,-0.00158061574268976,-0.000126434862528979,0.00894832792902332
2329.07563307866,-0.000186954462852515,-0.00117615885786148,4.04493323365228e-05,0.00658261196062848,-9.72014708147305e-06,-0.00156969099023317,-0.000124696460782774,0.00888669320965865
2345.22811826701,-0.000184408006666746,-0.00116781401765391,3.99123881609464e-05,0.00653707846559999,-9.59013841957531e-06,-0.00155884226189308,-0.000122981998102907,0.00882548307036564
2361.49262333744,-0.000181895966492052,-0.00115953161949401,3.93823185516832e-05,0.00649186256955182,-9.46182169024481e-06,-0.00154806901829428,-0.000121291143836185,0.00876469458553514
2377.86992516445,-0.00017941788447719,-0.00115131113281793,3.8859042540936e-05,0.00644696200449448,-9.33517617246344e-06,-0.00153737072409121,-0.000119623571922905,0.00870432484972777
2394.36080601029,-0.00017697330866369,-0.00114315203272986,3.83424799121659e-05,0.0064023745196664,-9.21018136232846e-06,-0.00152674684793405,-0.000117978960832348,0.00864437097753474
2410.96605356231,-0.000174561792915445,-0.00113505379992331,3.78325511993935e-05,0.00635809788138391,-9.08681697186955e-06,-0.00151619686243514,-0.0001163569934992,0.00858483010343985
2427.6864609706,-0.000172182896848978,-0.00112701592060365,3.73291776862539e-05,0.00631412987289269,-8.96506292783389e-06,-0.00150572024413579,-0.000114757357260878,0.00852569938168228
2444.52282688584,-0.000169836185764412,-0.00111903788641197,3.6832281404819e-05,0.00627046829422096,-8.84489937044227e-06,-0.00149531647347334,-0.000113179743795758,0.0084669759861204
2461.4759554975,-0.000167521230577109,-0.00111111919435018,3.63417851341938e-05,0.00622711096203414,-8.72630665211677e-06,-0.00148498503474868,-0.000111623849062282,0.00840865711009644
2478.54665657221,-0.000165237607750003,-0.00110325934670732,3.58576123988985e-05,0.00618405570949111,-8.60926533618244e-06,-0.00147472541609398,-0.000110089373238934,0.00835073996630215
2495.73574549243,-0.000162984899226611,-0.00109545785098717,3.53796874670447e-05,0.00614130038610211,-8.49375619554407e-06,-0.00146453710944087,-0.000108576020665083,0.00829322178664542
2513.04404329547,-0.000160762692364712,-0.00108771421983692,3.49079353483127e-05,0.00609884285758797,-8.37976021133916e-06,-0.00145441961048882,-0.000107083499782654,0.00823609982211765
2530.47237671259,-0.000158570579870716,-0.00108002797097715,3.44422817917415e-05,0.00605668100574107,-8.26725857156945e-06,-0.00144437241867394,-0.000105611523078648,0.00817937134266227
2548.02157820863,-0.000156408159734686,-0.00107239862713283,3.39826532833374e-05,0.00601481272828755,-8.15623266971116e-06,-0.00143439503713805,-0.000104159807028468,0.00812303363704386
2565.69248602162,-0.000154275035166045,-0.00106482571596561,3.35289770435104e-05,0.0059732359387512,-8.04666410330653e-06,-0.00142448697269807,-0.000102728072040066,0.00806708401271852
2583.48594420295,-0.00015217081452993,-0.00105730877000701,3.30811810243441e-05,0.00593194856631859,-7.93853467253669e-06,-0.0014146477358157,-0.000101316042398875,0.0080115197957048
2601.4028026576,-0.000150095111284226,-0.00104984732659295,3.26391939067113e-05,0.00589094855570583,-7.83182637877812e-06,-0.00140487684056746,-9.99234462135304e-05,0.00795633833045578
2619.4439171848,-0.000148047543917238,-0.00104244092779909,3.22029450972356e-05,0.00585023386702655,-7.72652142314314e-06,-0.00139517380461496,-9.8550015362364e-05,0.00790153697973181
2637.61014951883,-0.000146027735886037,-0.00103508912037748,3.17723647251131e-05,0.00580980247566143,-7.62260220500609e-06,-0.00138553814917551,-9.71954854406604e-05,0.00784711312447431
2655.90236737027,-0.000144035315555432,-0.00102779145569403,3.13473836387955e-05,0.0057696523721289,-7.52005132051587e-06,-0.00137596939899302,-9.58595957086597e-05,0.00779306416368032
2674.32144446737,-0.000142069916137617,-0.00102054748966713,3.09279334025447e-05,0.00572978156195745,-7.41885156109639e-06,-0.00136646708230918,-9.45420890403055e-05,0.00773938751427796
2692.86826059784,-0.000140131175632433,-0.00101335678270721,3.05139462928631e-05,0.00569018806555901,-7.31898591193534e-06,-0.00135703073083491,-9.32427118727154e-05,0.0076860806110027
2711.54370165082,-0.00013821873676829,-0.00100621889965732,3.0105355294808e-05,0.00565086991810388,-7.22043755046306e-06,-0.00134765987972214,-9.19612141563749e-05,0.00763314090627458
2730.34865965925,-0.000136332246943709,-0.000999133409734618,2.97020940981925e-05,0.00561182516939672,-7.12318984482156e-06,-0.00133835406753582,-9.06973493060342e-05,0.00758056587007616
2749.28403284242,-0.000134471358169505,-0.000992099886472876,2.93040970936837e-05,0.00557305188375409,-7.02722635232552e-06,-0.00132911283622622,-8.9450874152306e-05,0.00752835298983138
2768.35072564895,-0.000132635727011587,-0.000985117907665841,2.8911299368798e-05,0.005534548139883,-6.93253081791528e-06,-0.00131993573110152,-8.82215488939458e-05,0.00747649977028521
2787.54964879989,-0.000130825014534389,-0.000978187055311575,2.85236367038047e-05,0.00549631203076089,-6.83908717260359e-06,-0.00131082230080064,-8.70091370508149e-05,0.00742500373338423
2806.88171933232,-0.000129038886244913,-0.000971306915557645,2.81410455675379e-05,0.00545834166351672,-6.74687953191603e-06,-0.00130177209726637,-8.58134054175038e-05,0.00737386241815784
2826.34786064308,-0.000127277012037389,-0.000964477078647233,2.77634631131263e-05,0.00542063515931341,-6.65589219432675e-06,-0.0012927846757187,-8.46341240176195e-05,0.00732307338060051
2845.94900253294,-0.000125539066138537,-0.000957697138866074,2.73908271736414e-05,0.00538319065323132,-6.56610963968946e-06,-0.00128385959462851,-8.34710660587144e-05,0.00727263419355465
2865.68608125093,-0.000123824727053451,-0.000950966694490285,2.70230762576737e-05,0.00534600629415306,-6.47751652766532e-06,-0.00127499641569138,-8.23240078878596e-05,0.00722254244659446
2885.56003953913,-0.00012213367751206,-0.000944285347734988,2.66601495448358e-05,0.00530908024464935,-6.39009769614742e-06,-0.0012661947038018,-8.11927289478412e-05,0.00717279574591039
2905.57182667768,-0.000120465604416205,-0.000937652704703796,2.63019868812028e-05,0.00527241068086616,-6.30383815968369e-06,-0.00125745402702751,-8.00770117339825e-05,0.00712339171419461
2925.72239853012,-0.000118820198787295,-0.000931068375339064,2.5948528774689e-05,0.00523599579241285,-6.21872310789755e-06,-0.00124877395658414,-7.89766417515717e-05,0.00707432799052704
2946.01271758903,-0.000117197155714559,-0.000924531973372975,2.55997163903687e-05,0.00519983378225158,-6.13473790390845e-06,-0.0012401540668101,-7.78914074738965e-05,0.0070256022302624
2966.44375302203,-0.000115596174303869,-0.000918043116279362,2.52554915457429e-05,0.00516392286658768,-6.05186808275143e-06,-0.00123159393514167,-7.68211003008673e-05,0.00697721210491782
2987.01648071805,-0.000114016957627155,-0.000911601425226334,2.49157967059573e-05,0.00512826127476128,-5.97009934979744e-06,-0.00122309314208838,-7.576551451823e-05,0.00692915530206141
3007.73188333398,-0.000112459212672379,-0.000905206525029619,2.45805749789731e-05,0.00509284724913986,-5.88941757917426e-06,-0.00121465127120859,-7.47244472573509e-05,0.00688142952520145
3028.59095034155,-0.000110922650294088,-0.000898858044106672,2.42497701106978e-05,0.00505767904501202,-5.80980881218895e-06,-0.0012062679090853,-7.36976984555727e-05,0.00683403249367648
3049.59467807464,-0.000109406985164524,-0.000892555614431487,2.39233264800744e-05,0.00502275493048216,-5.73125925575208e-06,-0.00119794264530218,-7.26850708171272e-05,0.00678696194254598
3070.74406977686,-0.000107911935725297,-0.000886298871490139,2.36011890941383e-05,0.00498807318636635,-5.6537552808046e-06,-0.00118967507241989,-7.16863697746035e-05,0.00674021562248201
3092.04013564946,-0.00010643722413961,-0.000880087454237008,2.3283303583039e-05,0.00495363210608909,-5.57728342074723e-06,-0.00118146478595255,-7.07014034509554e-05,0.0066937912996614
3113.48389289956,-0.000104982576245037,-0.000873921005051709,2.29696161950352e-05,0.00491942999558119,-5.50183036987363e-06,-0.00117331138434443,-6.97299826220489e-05,0.00664768675565886
3135.07636578881,-0.000103547721506837,-0.000867799169696674,2.26600737914611e-05,0.00488546517317858,-5.42738298180686e-06,-0.00116521446894695,-6.87719206797338e-05,0.00660189978734063
3156.8185856822,-0.000102132392971824,-0.000861721597275427,2.23546238416728e-05,0.00485173596952222,-5.35392826794058e-06,-0.00115717364399578,-6.78270335954399e-05,0.00655642820675912
3178.71159109747,-0.000100736327222755,-0.000855687940191474,2.20532144179702e-05,0.0048182407274588,-5.28145339588419e-06,-0.00114918851658819,-6.68951398842817e-05,0.00651126984104796
3200.75642775457,-9.93592643332604e-05,-0.000849697854107874,2.17557941905047e-05,0.00478497780194263,-5.20994568791366e-06,-0.0011412586966607,-6.59760605696735e-05,0.00646642253231812
3222.9541486257,-9.80009478232946e-05,-0.000843750997907398,2.14623124221688e-05,0.00475194555993828,-5.13939261942707e-06,-0.00113338379696677,-6.50696191484376e-05,0.00642188413755445
3245.30581398558,-9.66611246151122e-05,-0.00083784703365334,2.11727189634753e-05,0.00471914238032434,-5.0697818174063e-06,-0.00112556343305486,-6.41756415564089e-05,0.0063776525285131
3267.81249146208,-9.53395449897547e-05,-0.000831985626550908,2.08869642474234e-05,0.00468656665379795,-5.00110105888442e-06,-0.00111779722324656,-6.32939561345188e-05,0.00633372559161962
3290.47525608724,-9.40359625440555e-05,-0.000826166444909236,2.06049992843593e-05,0.0046542167827804,-4.93333826941968e-06,-0.00111008478861504,-6.24243935953603e-05,0.00629010122786773
3313.29519034861,-9.27501341481451e-05,-0.000820389160103955,2.03267756568287e-05,0.0046220911813235,-4.86648152157587e-06,-0.00110242575296359,-6.15667869902194e-05,0.0062467773527188
3336.27338424092,-9.1481819903465e-05,-0.000814653446540366,2.00522455144272e-05,0.00459018827501695,-4.80051903340999e-06,-0.00109481974280443,-6.07209716765744e-05,0.00620375189600209
3359.41093531822,-9.02307831012729e-05,-0.000808958981617154,1.97813615686471e-05,0.00455850650089653,-4.73543916696668e-06,-0.00108726638733769,-5.98867852860471e-05,0.00616102280181552
3382.70894874623,-8.8996790181646e-05,-0.00080330544569068,1.95140770877264e-05,0.00452704430735323,-4.67123042678051e-06,-0.00107976531843056,-5.90640676928096e-05,0.00611858802842733
3406.16853735517,-8.77796106929672e-05,-0.000797692522039795,1.92503458914975e-05,0.00449580015404315,-4.60788145838571e-06,-0.00107231617059667,-5.82526609824294e-05,0.00607644554817824
3429.7908216929,-8.65790172519001e-05,-0.000792119896831218,1.8990122346242e-05,0.00446477251179837,-4.54538104683414e-06,-0.00106491858097562,-5.74524094211575e-05,0.00603459334738444
3453.57693007845,-8.53947855038365e-05,-0.000786587259085409,1.87333613595494e-05,0.00443395986253854,-4.48371811522106e-06,-0.00105757218931272,-5.66631594256428e-05,0.00599302942624106
3477.5279986559,-8.42266940838226e-05,-0.000781094300642987,1.84800183751835e-05,0.0044033606991834,-4.42288172321961e-06,-0.00105027663793892,-5.58847595330747e-05,0.00595175179872652
3501.64517144866,-8.30745245779533e-05,-0.000775640716131641,1.82300493679583e-05,0.00437297352556612,-4.36286106562386e-06,-0.00104303157175086,-5.51170603717444e-05,0.00591075849250741
3525.92960041413,-8.19380614852281e-05,-0.000770226202933545,1.79834108386227e-05,0.00434279685634735,-4.30364547090034e-06,-0.00103583663819119,-5.43599146320167e-05,0.00587004754884402
3550.38244549867,-8.08170921798722e-05,-0.000764850461153264,1.77400598087588e-05,0.00431282921693022,-4.24522439974895e-06,-0.001028691487229,-5.36131770377125e-05,0.00582961702249661
3575.00487469309,-7.97114068741071e-05,-0.000759513193586139,1.74999538156915e-05,0.00428306914337595,-4.18758744367263e-06,-0.00102159577134043,-5.28767043178887e-05,0.00578946498163222
3599.79806408833,-7.86207985813779e-05,-0.000754214105687156,1.72630509074143e-05,0.00425351518232052,-4.1307243235566e-06,-0.00101454914548949,-5.21503551790178e-05,0.00574958950773226
3624.76319793175,-7.75450630800204e-05,-0.00074895290554026,1.70293096375295e-05,0.00422416589089177,-4.07462488825675e-06,-0.00100755126710902,-5.14339902775529e-05,0.00570998869550057
3649.9014686836,-7.64839988773766e-05,-0.000743729303828156,1.67986890602067e-05,0.00419501983662759,-4.01927911319796e-06,-0.00100060179608184,-5.07274721928813e-05,0.00567066065277226
3675.21407707406,-7.54374071743401e-05,-0.000738543013802526,1.65711487251579e-05,0.0041660755973946,-3.96467709898166e-06,-0.000993700394722,-5.00306654006527e-05,0.0056316035004231
3700.7022321605,-7.44050918303413e-05,-0.00073339375125472,1.63466486726338e-05,0.0041373317613078,-3.91080907000378e-06,-0.000986846727756321,-4.93434362464853e-05,0.00559281537227957
3726.36715138533,-7.33868593287539e-05,-0.000728281234486854,1.61251494284384e-05,0.00410878692665078,-3.85766537308203e-06,-0.000980040462305974,-4.86656529200356e-05,0.0055542944150295
3752.21006063407,-7.23825187427305e-05,-0.000723205184283357,1.59066119989667e-05,0.00408043970179682,-3.80523647609379e-06,-0.000973281267868301,-4.79971854294348e-05,0.0055160387881334
3778.23219429398,-7.13918817014531e-05,-0.000718165323882912,1.56909978662636e-05,0.00405228870513051,-3.75351296662363e-06,-0.000966568816298747,-4.73379055760799e-05,0.00547804666373626
3804.43479531291,-7.0414762356802e-05,-0.000713161378950842,1.54782689831067e-05,0.00402433256497034,-3.70248555062155e-06,-0.000959902781792988,-4.668768692978e-05,0.00544031622658017
3830.81911525882,-6.94509773504311e-05,-0.000708193077551862,1.52683877681127e-05,0.00399656991949174,-3.65214505107106e-06,-0.000953282840869178,-4.60464048042476e-05,0.00540284567391728
3857.3864143794,-6.85003457812536e-05,-0.000703260150123266,1.50613171008692e-05,0.00396899941665104,-3.60248240666806e-06,-0.000946708672350391,-4.54139362329353e-05,0.00536563321542366
3884.13796166242,-6.75626891733245e-05,-0.000698362329448476,1.48570203170918e-05,0.00394161971410989,-3.55348867050984e-06,-0.000940179957347172,-4.47901599452075e-05,0.00532867707311346
3911.07503489621,-6.66378314441255e-05,-0.000693499350630993,1.46554612038082e-05,0.00391442947916063,-3.50515500879489e-06,-0.000933696379240282,-4.41749563428476e-05,0.0052919754812539
3938.19892073078,-6.57255988732375e-05,-0.000688670951068713,1.44566039945688e-05,0.00388742738865204,-3.457472699533e-06,-0.000927257623663549,-4.35682074768912e-05,0.0052555266862807
3965.51091473924,-6.48258200714072e-05,-0.00068387687042863,1.42604133646859e-05,0.00386061212891603,-3.41043313126625e-06,-0.000920863378486912,-4.29697970247854e-05,0.00521932894671418
3993.0123214797,-6.39383259499936e-05,-0.000679116850621882,1.40668544265006e-05,0.00383398239569477,-3.36402780180047e-06,-0.000914513333799566,-4.23796102678637e-05,0.00518338053307584
4020.70445455755,-6.30629496907984e-05,-0.000674390635779178,1.38758927246799e-05,0.00380753689406862,-3.31824831694751e-06,-0.000908207181893293,-4.17975340691395e-05,0.00514767972780569
4048.58863668828,-6.21995267162698e-05,-0.000669697972226556,1.36874942315419e-05,0.00378127433838459,-3.2730863892782e-06,-0.0009019446172459,-4.12234568514058e-05,0.00511222482517992
4076.66619976054,-6.13478946600806e-05,-0.000665038608461511,1.35016253424126e-05,0.00375519345218554,-3.2285338368861e-06,-0.000895725336504831,-4.06572685756433e-05,0.00507701413122936
4104.93848489989,-6.0507893338072e-05,-0.000660412295129434,1.33182528710124e-05,0.00372929296813992,-3.18458258216204e-06,-0.000889549038470884,-4.00988607197277e-05,0.00504204596365833
4133.40684253274,-5.96793647195637e-05,-0.000655818785000417,1.31373440448748e-05,0.00370357162797221,-3.14122465057948e-06,-0.000883415424082107,-3.95481262574362e-05,0.00500731865176418
4162.07263245095,-5.88621528990204e-05,-0.000651257832946356,1.29588665007949e-05,0.00367802818239385,-3.09845216949058e-06,-0.000877324196397787,-3.90049596377442e-05,0.00497283053635728
4190.93722387671,-5.80561040680785e-05,-0.000646729195918407,1.27827882803122e-05,0.00365266139103497,-3.05625736693331e-06,-0.000871275060582619,-3.84692567644139e-05,0.00493857996968169
4220.00199552799,-5.72610664879191e-05,-0.000642232632924733,1.26090778252234e-05,0.00362747002237653,-3.01463257044916e-06,-0.000865267723890964,-3.79409149758638e-05,0.00490456531533621
4249.26833568435,-5.64768904619948e-05,-0.000637767905008584,1.243770397313e-05,0.00360245285368318,-2.97357020591185e-06,-0.000859301895651286,-3.74198330253223e-05,0.00487078494819613
4278.73764225332,-5.57034283090942e-05,-0.000633334775226668,1.22686359530174e-05,0.00357760867093661,-2.93306279636678e-06,-0.000853377287250673,-3.69059110612553e-05,0.00483723725433543
4308.41132283705,-5.49405343367521e-05,-0.000628933008627838,1.2101843380868e-05,0.00355293626876961,-2.89310296088139e-06,-0.000847493612119535,-3.63990506080682e-05,0.00480392063094957
4338.2907947997,-5.41880648149906e-05,-0.000624562372232061,1.19372962553079e-05,0.00352843445040053,-2.85368341340611e-06,-0.000841650585716387,-3.58991545470751e-05,0.00477083348627874
4368.37748533501,-5.34458779503973e-05,-0.000620222635009695,1.17749649532876e-05,0.00350410202756852,-2.81479696164648e-06,-0.000835847925512796,-3.54061270977353e-05,0.00473797423953177
4398.67283153455,-5.27138338605272e-05,-0.000615913567861034,1.16148202257963e-05,0.00347993782046909,-2.77643650594564e-06,-0.000830085350978419,-3.49198737991485e-05,0.00470534132081037
4429.17828045629,-5.19917945486336e-05,-0.000611634943596154,1.14568331936107e-05,0.00345594065769048,-2.73859503817789e-06,-0.000824362583566208,-3.44403014918102e-05,0.00467293317103415
4459.89528919383,-5.12796238787163e-05,-0.000607386536915021,1.13009753430787e-05,0.00343210937615035,-2.70126564065277e-06,-0.000818679346697688,-3.39673182996184e-05,0.00464074824186589
4490.82532494586,-5.05771875508904e-05,-0.000603168124387882,1.11472185219375e-05,0.00340844282103318,-2.66444148502999e-06,-0.000813035365748405,-3.35008336121338e-05,0.00460878499563751
4521.96986508636,-4.98843530770648e-05,-0.000598979484435914,1.09955349351661e-05,0.00338493984572811,-2.62811583124492e-06,-0.000807430368033457,-3.30407580670837e-05,0.00457704190527648
4553.33039723509,-4.92009897569349e-05,-0.000594820397312148,1.08458971408735e-05,0.00336159931176737,-2.59228202644481e-06,-0.000801864082793173,-3.25870035331119e-05,0.0045455174542328
4584.90841932869,-4.85269686542775e-05,-0.00059069064508264,1.06982780462211e-05,0.0033384200887652,-2.55693350393554e-06,-0.000796336241178886,-3.21394830927667e-05,0.00451421013640633
4616.7054396922,-4.7862162573552e-05,-0.000586590011607909,1.05526509033812e-05,0.0033154010543573,-2.52206378213901e-06,-0.000790846576238847,-3.16981110257271e-05,0.00448311845607486
4648.72297711114,-4.72064460367975e-05,-0.000582518282524612,1.040898930553e-05,0.00329254109414081,-2.48766646356098e-06,-0.00078539482290423,-3.12628027922606e-05,0.00445224092782241
4680.96256090399,-4.65596952608286e-05,-0.000578475245227478,1.02672671828762e-05,0.00326983910161478,-2.45373523376947e-06,-0.00077998071797528,-3.08334750169127e-05,0.00442157607646831
4713.42573099534,-4.59217881347206e-05,-0.000574460688851477,1.01274587987244e-05,0.00324729397812116,-2.42026386038349e-06,-0.000774604000107541,-3.04100454724215e-05,0.00439112243699646
4746.11403798933,-4.52926041975863e-05,-0.000570474404254227,9.98953874557538e-06,0.00322490463278626,-2.38724619207236e-06,-0.000769264409798231,-2.99924330638573e-05,0.00436087855448537
4779.02904324382,-4.4672024616635e-05,-0.00056651618399864,9.85348194125933e-06,0.00320266998246276,-2.35467615756508e-06,-0.0007639616893727,-2.95805578129812e-05,0.00433084298403848
4812.17231894485,-4.40599321655162e-05,-0.000562585822335793,9.71926362510699e-06,0.00318058895167216,-2.32254776467031e-06,-0.000758695582971021,-2.9174340842823e-05,0.00430101429071507
4845.54544818188,-4.345621120294e-05,-0.000558683115188029,9.58685935415437e-06,0.00315866047254769,-2.29085509930634e-06,-0.000753465836534668,-2.87737043624707e-05,0.00427139104946159
4879.1500250233,-4.28607476515735e-05,-0.00055480786013228,9.45624499938361e-06,0.00313688348477779,-2.25959232454138e-06,-0.000748272197793319,-2.83785716520734e-05,0.00424197184504347
4912.98765459257,-4.227342897721e-05,-0.00055095985638361,9.32739674199918e-06,0.00311525693554998,-2.22875367964399e-06,-0.000743114416251766,-2.79888670480523e-05,0.00421275527197749
4947.05995314498,-4.16941441682045e-05,-0.00054713890477897,9.20029106973886e-06,0.00309377977949523,-2.19833347914341e-06,-0.000737992243176911,-2.76045159285154e-05,0.00418373993446443
4981.36854814472,-4.11227837151778e-05,-0.000543344807761173,9.07490477322066e-06,0.00307245097863278,-2.16832611190023e-06,-0.000732905431584898,-2.72254446988768e-05,0.00415492444632242
5015.91507834275,-4.05592395909799e-05,-0.000539577369363062,8.95121494232408e-06,0.00305126950231546,-2.13872604018663e-06,-0.000727853736228314,-2.6851580777674e-05,0.0041263074309205
5050.70119385496,-4.00034052309155e-05,-0.00053583639519191,8.8291989626072e-06,0.00303023432717539,-2.10952779877685e-06,-0.000722836913583529,-2.64828525825833e-05,0.00409788752111292
5085.72855624109,-3.94551755132222e-05,-0.000532121692413987,8.70883451175808e-06,0.0030093444370702,-2.08072599404726e-06,-0.000717854721838102,-2.6119189516628e-05,0.00406966335917357
5120.998838584,-3.89144467398053e-05,-0.00052843306973936,8.59009955608173e-06,0.00298859882302967,-2.05231530308634e-06,-0.000712906920878322,-2.57605219545796e-05,0.0040416335967312
5156.51372556965,-3.83811166172188e-05,-0.00052477033740686,8.47297234702111e-06,0.00296799648320277,-2.02429047281427e-06,-0.000707993272276817,-2.54067812295453e-05,0.00401379689470479
5192.27491356752,-3.78550842378963e-05,-0.000521133307169265,8.35743141771356e-06,0.00294753642280523,-1.99664631911228e-06,-0.00070311353928029,-2.50578996197447e-05,0.00398615192323958
5228.28411071172,-3.73362500616233e-05,-0.000517521792278649,8.24345557958105e-06,0.00292721765406741,-1.96937772596138e-06,-0.00069826748679733,-2.47138103354666e-05,0.00395869736164342
5264.54303698245,-3.68245158972526e-05,-0.00051393560747194,8.13102391895547e-06,0.00290703919618276,-1.94247964459083e-06,-0.000693454881386336,-2.43744475062094e-05,0.00393143189832361
5301.0534242883,-3.63197848846549e-05,-0.000510374568956641,8.02011579373772e-06,0.00288700007525651,-1.91594709263584e-06,-0.000688675491243529,-2.40397461679979e-05,0.00390435423072417
5337.81701654885,-3.58219614769076e-05,-0.000506838494396747,7.91071083009123e-06,0.002867099324255,-1.88977515330478e-06,-0.000683929086191063,-2.37096422508772e-05,0.00387746306526355
5374.83556977805,-3.53309514227121e-05,-0.000503327202898826,7.80278891916921e-06,0.00284733598295518,-1.86395897455562e-06,-0.000679215437665224,-2.3384072566579e-05,0.0038507571172727
5412.11085216805,-3.48466617490442e-05,-0.000499840514998287,7.69633021387613e-06,0.00282770909789473,-1.83849376828162e-06,-0.000674534318704735,-2.30629747963601e-05,0.00382423511093373
5449.64464417369,-3.43690007440272e-05,-0.000496378252645808,7.59131512566219e-06,0.00280821772232249,-1.81337480950616e-06,-0.000669885503939132,-2.27462874790076e-05,0.00379789577921877
5487.43873859751,-3.38978779400317e-05,-0.000492940239193942,7.48772432135204e-06,0.00278886091614928,-1.78859743558673e-06,-0.000665268769577262,-2.24339499990125e-05,0.00377173786382947
5525.49494067543,-3.34332040969941e-05,-0.000489526299383883,7.38553872000615e-06,0.00276963774589913,-1.76415704542779e-06,-0.000660683893395839,-2.21259025749049e-05,0.00374576011513678
5563.81506816292,-3.29748911859551e-05,-0.000486136259332403,7.28473948981586e-06,0.00275054728466097,-1.74004909870277e-06,-0.000656130654728116,-2.1822086247753e-05,0.00371996129212116
5602.40095142188,-3.25228523728115e-05,-0.000482769946518936,7.18530804503074e-06,0.0027315886120406,-1.71626911508473e-06,-0.000651608834452628,-2.15224428698196e-05,0.00369434016231328
5641.254433508,-3.20770020022831e-05,-0.000479427189772841,7.08722604291948e-06,0.00271276081411314,-1.69281267348604e-06,-0.000647118214982037,-2.1226915093377e-05,0.00366889550173506
5680.37737025889,-3.16372555820877e-05,-0.000476107819260799,6.99047538076256e-06,0.00269406298337578,-1.66967541130654e-06,-0.000642658580252051,-2.09354463596755e-05,0.00364362609484108
5719.77163038263,-3.12035297673251e-05,-0.000472811666474384,6.89503819287794e-06,0.00267549421870101,-1.64685302369061e-06,-0.000638229715710447,-2.06479808880664e-05,0.00361853073446056
5759.43909554709,-3.07757423450651e-05,-0.000469538564217766,6.8008968476783e-06,0.0026570536252901,-1.62434126279258e-06,-0.000633831408306157,-2.03644636652739e-05,0.00359360822173951
5799.38166046975,-3.03538122191386e-05,-0.000466288346595581,6.70803394476082e-06,0.0026387403146271,-1.60213593705085e-06,-0.000629463446478459,-2.00848404348163e-05,0.00356885736608351
5839.60123300829,-2.99376593951273e-05,-0.000463060849000931,6.6164323120282e-06,0.00262055340443304,-1.58023291047028e-06,-0.000625125620146243,-1.98090576865738e-05,0.00354427698510067
5880.09973425162,-2.9527204965553e-05,-0.000459855908103543,6.52607500284157e-06,0.00260249201862065,-1.55862810191302e-06,-0.000620817720697362,-1.95370626465005e-05,0.00351986590454517
5920.87909861173,-2.91223710952589e-05,-0.000456673361838055,6.43694529320434e-06,0.00258455528724933,-1.53731748439759e-06,-0.000616539540978062,-1.92688032664781e-05,0.00349562295826105
5961.94127391598,-2.87230810069857e-05,-0.000453513049392458,6.34902667897762e-06,0.00256674234648056,-1.51629708440625e-06,-0.000612290875282506,-1.90042282143116e-05,0.00347154698812651
6003.28822150028,-2.83292589671365e-05,-0.000450374811196659,6.26230287312597e-06,0.00254905233853356,-1.49556298120032e-06,-0.000608071519342356,-1.87432868638616e-05,0.00344763684399844
6044.92191630263,-2.79408302717296e-05,-0.000447258488911196,6.17675780299429e-06,0.00253148441164143,-1.47511130614377e-06,-0.000603881270316468,-1.84859292853145e-05,0.00342389138365752
6086.84434695757,-2.75577212325365e-05,-0.00044416392541607,6.09237560761464e-06,0.00251403772000754,-1.45493824203463e-06,-0.000599719926780632,-1.82321062355863e-05,0.00340030947275352
6129.05751589107,-2.71798591634031e-05,-0.000441090964799721,6.00914063504379e-06,0.00249671142376229,-1.43504002244444e-06,-0.00059558728871742,-1.79817691488604e-05,0.00337688998475112
6171.56343941625,-2.68071723667507e-05,-0.00043803945234813,5.92703743973012e-06,0.00247950468892023,-1.41541293106538e-06,-0.000591483157506089,-1.77348701272542e-05,0.00335363180087602
6214.36414782964,-2.64395901202568e-05,-0.000435009234534045,5.84605077991082e-06,0.00246241668733749,-1.39605330106537e-06,-0.000587407335912584,-1.74913619316175e-05,0.00333053381006142
6257.46168550822,-2.60770426637099e-05,-0.000432000159006332,5.76616561503812e-06,0.00244544659666957,-1.37695751445064e-06,-0.000583359628079593,-1.72511979724554e-05,0.00330759490889495
6300.85811100697,-2.57194611860402e-05,-0.000429012074579462,5.68736710323511e-06,0.00242859360032944,-1.35812200143607e-06,-0.000579339839516704,-1.70143323009789e-05,0.00328481400156585
6344.55549715731,-2.53667778125203e-05,-0.000426044831223096,5.60964059878027e-06,0.00241185688744597,-1.33954323982299e-06,-0.000575347777090614,-1.67807196002778e-05,0.00326218999981263
6388.55593116599,-2.50189255921364e-05,-0.00042309828005182,5.53297164962112e-06,0.00239523565282273,-1.32121775438447e-06,-0.000571383249015433,-1.65503151766164e-05,0.00323972182287101
6432.86151471492,-2.4675838485126e-05,-0.000420172273314965,5.45734599491606e-06,0.002378729096897,-1.30314211625802e-06,-0.000567446064843043,-1.63230749508488e-05,0.00321740839742222
6477.47436406142,-2.43374513506818e-05,-0.000417266664386575,5.38274956260477e-06,0.00236233642569925,-1.28531294234558e-06,-0.000563536035453549,-1.60989554499541e-05,0.00319524865754175
6522.39661013943,-2.4003699934817e-05,-0.000414381307755466,5.30916846700652e-06,0.00234605685081283,-1.26772689472075e-06,-0.000559652973045785,-1.58779137986869e-05,0.00317324154464833
6567.63039866118,-2.36745208583932e-05,-0.000411516059015411,5.23658900644638e-06,0.00232988958933397,-1.25038068004325e-06,-0.000555796691127912,-1.56599077113448e-05,0.00315138600745334
6613.17789021977,-2.33498516053062e-05,-0.000408670774855429,5.16499766090891e-06,0.00231383386383216,-1.2332710489804e-06,-0.000551967004508065,-1.54448954836484e-05,0.00312968100191053
6659.0412603923,-2.30296305108293e-05,-0.000405845313050189,5.09438108971935e-06,0.00229788890231081,-1.21639479563573e-06,-0.000548163729285093,-1.52328359847343e-05,0.00310812549116616
6705.22269984387,-2.27137967501106e-05,-0.000403039532450517,5.02472612925156e-06,0.00228205393816816,-1.19974875698441e-06,-0.000544386682839348,-1.50236886492581e-05,0.00308671844550932
6751.7244144321,-2.24022903268244e-05,-0.000400253292974015,4.95601979066333e-06,0.00226632821015856,-1.18332981231574e-06,-0.000540635683823567,-1.48174134696075e-05,0.00306545884232285
6798.54862531261,-2.20950520619721e-05,-0.000397486455595779,4.88824925765771e-06,0.00225071096235404,-1.16713488268227e-06,-0.000536910552153799,-1.46139709882213e-05,0.0030443456660343
6845.69756904508,-2.17920235828331e-05,-0.000394738882339219,4.8214018842711e-06,0.00223520144410613,-1.15116093035584e-06,-0.000533211109000418,-1.44133222900162e-05,0.00302337790806748
6893.17349769999,-2.14931473120627e-05,-0.000392010436266996,4.75546519268741e-06,0.00221979891000803,-1.13540495829014e-06,-0.000529537176779199,-1.42154289949173e-05,0.00300255456679422
6940.97867896634,-2.11983664569344e-05,-0.000389300981472036,4.69042687107776e-06,0.00220450261985704,-1.11986400958999e-06,-0.000525888579142456,-1.40202532504915e-05,0.00298187464748646
6989.11539625983,-2.09076249987264e-05,-0.000386610383068658,4.62627477146636e-06,0.00218931183861728,-1.10453516698708e-06,-0.000522265140970255,-1.38277577246837e-05,0.00296133716226871
7037.58594883204,-2.06208676822486e-05,-0.000383938507183801,4.56299690762119e-06,0.0021742258363827,-1.08941555232222e-06,-0.000518666688361684,-1.3637905598652e-05,0.00294094113007084
7086.39265188015,-2.03380400055106e-05,-0.000381285220948334,4.50058145297032e-06,0.00215924388834039,-1.07450232603394e-06,-0.0005150930486262,-1.34506605597026e-05,0.00292068557658116
7135.53783665763,-2.00590882095256e-05,-0.000378650392488472,4.43901673854275e-06,0.00214436527473411,-1.05979268665349e-06,-0.000511544050275029,-1.32659867943223e-05,0.00290056953419985
7185.02385058548,-1.97839592682523e-05,-0.000376033890917286,4.37829125093421e-06,0.00212958928082821,-1.04528387030602e-06,-0.000508019523012641,-1.30838489813066e-05,0.00288059204199271
7234.85305736446,-1.95126008786695e-05,-0.000373435586326292,4.31839363029711e-06,0.00211491519687171,-1.03097315021798e-06,-0.000504519297728278,-1.29042122849833e-05,0.00286075214564522
7285.02783708791,-1.92449614509842e-05,-0.000370855349777145,4.25931266835491e-06,0.00210034231806272,-1.01685783623067e-06,-0.000501043206487557,-1.2727042348529e-05,0.00284104889741692
7335.55058635552,-1.898099009897e-05,-0.000368293053293414,4.20103730644022e-06,0.0020858699445131,-1.00293527431983e-06,-0.000497591082524127,-1.25523052873785e-05,0.00282148135609609
7386.42371838768,-1.87206366304353e-05,-0.000365748569852449,4.14355663355681e-06,0.00207149738121342,-9.89202846121203e-07,-0.000494162760231393,-1.23799676827245e-05,0.00280204858695481
7437.64966314091,-1.84638515378175e-05,-0.000363221773377334,4.08685988446481e-06,0.00205722393799815,-9.75657968462037e-07,-0.000490758075154297,-1.22099965751074e-05,0.0027827496617042
7489.23086742376,-1.82105859889048e-05,-0.00036071253872892,4.03093643778951e-06,0.00204304892951115,-9.62298092898477e-07,-0.000487376863981168,-1.20423594580937e-05,0.00276358365845013
7541.16979501382,-1.79607918176807e-05,-0.000358220741697954,3.97577581415271e-06,0.00202897167517139,-9.4912070525868e-07,-0.000484018964535624,-1.18770242720411e-05,0.00274454966164909
7593.46892677528,-1.77144215152918e-05,-0.000355746258997278,3.92136767432727e-06,0.00201499149913894,-9.36123325191751e-07,-0.000480684215768544,-1.17139593979498e-05,0.00272564676206445
7646.13076077758,-1.74714282211362e-05,-0.00035328896825412,3.86770181741373e-06,0.00200110773028122,-9.23303505722254e-07,-0.000477372457750083,-1.15531336513991e-05,0.002706874056723
7699.15781241454,-1.72317657140717e-05,-0.000350848748002463,3.8147681790397e-06,0.00198731970213954,-9.1065883281042e-07,-0.000474083531661771,-1.13945162765669e-05,0.00268823064887181
7752.55261452471,-1.69953884037408e-05,-0.00034842547767549,3.76255682958085e-06,0.0019736267528958,-8.98186924917793e-07,-0.000470817279788647,-1.12380769403321e-05,0.00266971564793529
7806.31771751215,-1.67622513220131e-05,-0.000346019037598113,3.71105797240405e-06,0.00196002822533953,-8.85885432578453e-07,-0.000467573545511465,-1.10837857264587e-05,0.00265132816947274
7860.45568946846,-1.65323101145418e-05,-0.000343629308979576,3.66026194213196e-06,0.00194652346683514,-8.73752037975575e-07,-0.000464352173298953,-1.09316131298588e-05,0.00263306733513596
7914.96911629522,-1.63055210324338e-05,-0.000341256173906135,3.61015920292904e-06,0.00193311182928944,-8.617844545234e-07,-0.00046115300870013,-1.07815300509367e-05,0.00261493227262735
7969.86060182773,-1.60818409240307e-05,-0.000338899515333818,3.56074034680861e-06,0.00191979266911932,-8.49980426454445e-07,-0.000457975898336681,-1.06335077900091e-05,0.00259692211565815
8025.13276795918,-1.58612272268016e-05,-0.000336559217081252,3.51199609196102e-06,0.00190656534721985,-8.38337728412008e-07,-0.000454820689895387,-1.04875180418035e-05,0.0025790360039071
8080.78825476607,-1.56436379593429e-05,-0.000334235163822568,3.46391728110228e-06,0.00189342922893238,-8.26854165047775e-07,-0.000451687232120607,-1.03435328900317e-05,0.00256127308297928
8136.82972063413,-1.54290317134876e-05,-0.000331927241080378,3.41649487984336e-06,0.00188038368401311,-8.15527570624613e-07,-0.000448575374806827,-1.02015248020385e-05,0.00254363250436527
8193.25984238548,-1.52173676465183e-05,-0.000329635335218823,3.36971997507956e-06,0.00186742808660173,-8.0435580862434e-07,-0.00044548496879125,-1.00614666235243e-05,0.00252611342540062
8250.08131540631,-1.5008605473487e-05,-0.000327359333436691,3.32358377340014e-06,0.00185456181519038,-7.93336771360569e-07,-0.00044241586594645,-9.92333157334027e-06,0.00250871500922556
8307.29685377578,-1.48027054596365e-05,-0.000325099123760606,3.27807759951743e-06,0.0018417842525928,-7.82468379596414e-07,-0.000439367919173074,-9.78709323835468e-06,0.00249143642474499
8364.90919039556,-1.45996284129249e-05,-0.000322854595038284,3.23319289471592e-06,0.00182909478591376,-7.7174858216714e-07,-0.000436340982392605,-9.65272556839131e-06,0.0024742768465888
8422.92107712043,-1.43993356766493e-05,-0.000320625636931856,3.18892121532036e-06,0.00181649280651861,-7.61175355607582e-07,-0.000433334910540169,-9.52020287123636e-06,0.00245723545507235
8481.33528488963,-1.42017891221704e-05,-0.000318412139911263,3.14525423118335e-06,0.00180397771000325,-7.50746703784382e-07,-0.000430349559557405,-9.38949980771505e-06,0.00244031143615738
8540.15460385936,-1.40069511417334e-05,-0.000316213995247708,3.10218372419158e-06,0.00179154889616406,-7.40460657532878e-07,-0.000427384786385371,-9.26059138683538e-06,0.00242350398141304
8599.38184353586,-1.38147846413867e-05,-0.000314031095007185,3.05970158679111e-06,0.00177920576896835,-7.30315274298708e-07,-0.000424440448957527,-9.13345296099951e-06,0.00240681228797729
8659.01983290984,-1.3625253033995e-05,-0.000311863332044055,3.01779982053086e-06,0.00176694773652472,-7.20308637783962e-07,-0.000421516406192743,-9.00806022128042e-06,0.0023902355585185
8719.07142059136,-1.34383202323475e-05,-0.000309710599994707,2.97647053462474e-06,0.00175477421105392,-7.10438857597916e-07,-0.000418612517988375,-8.88438919276437e-06,0.00237377300119737
8779.53947494611,-1.32539506423581e-05,-0.000307572793271263,2.93570594453166e-06,0.00174268460885976,-7.00704068912235e-07,-0.000415728645213388,-8.76241622995682e-06,0.00235742382962908
8840.42688423224,-1.30721091563577e-05,-0.000305449807055357,2.8954983705536e-06,0.00173067835030024,-6.91102432120632e-07,-0.000412864649701524,-8.64211801225234e-06,0.00234118726284568
8901.73655673848,-1.28927611464764e-05,-0.000303341537291961,2.85584023645126e-06,0.00171875485975898,-6.81632132502885e-07,-0.000410020394244525,-8.52347153946633e-06,0.0023250625252588
8963.47142092288,-1.27158724581159e-05,-0.000301247880683292,2.81672406807736e-06,0.0017069135656168,-6.72291379893224e-07,-0.000407195742585407,-8.40645412742878e-06,0.00230904884662259
9025.63442555289,-1.25414094035085e-05,-0.000299168734682757,2.77814249202711e-06,0.0016951539002235,-6.63078408352957e-07,-0.000404390559411775,-8.29104340363832e-06,0.00229314546199686
9088.228539846,-1.23693387553647e-05,-0.000297103997488972,2.74008823430593e-06,0.00168347529986989,-6.53991475847375e-07,-0.000401604710349197,-8.17721730297658e-06,0.0022773516117106
9151.25675361174,-1.21996277406046e-05,-0.000295053568039826,2.70255411901394e-06,0.00167187720476,-6.45028863926775e-07,-0.000398838061954615,-8.06495406348104e-06,0.00226166654132558
9214.72207739435,-1.20322440341756e-05,-0.000293017346006619,2.6655330670473e-06,0.00166035905898349,-6.36188877411672e-07,-0.000396090481709816,-7.95423222217675e-06,0.00224608950160039
9278.6275426167,-1.18671557529525e-05,-0.000290995231788233,2.62901809481595e-06,0.00164892031048829,-6.27469844082039e-07,-0.000393361838014939,-7.84503061096481e-06,0.00223061974845456
9342.97620172496,-1.17043314497203e-05,-0.000288987126505387,2.59300231297785e-06,0.00163756041105341,-6.18870114370615e-07,-0.000390652000182038,-7.73732835256805e-06,0.00221525654293306
9407.77112833456,-1.15437401072384e-05,-0.000286992931994918,2.55747892518912e-06,0.00162627881626194,-6.10388061060164e-07,-0.000387960838428686,-7.63110485653204e-06,0.00219999915117094
9473.0154173768,-1.13853511323846e-05,-0.000285012550804142,2.52244122687045e-06,0.00161507498547435,-6.02022078984685e-07,-0.000385288223871629,-7.52633981528167e-06,0.00218484684435829
9538.71218524687,-1.12291343503786e-05,-0.000283045886185247,2.48788260398896e-06,0.0016039483818018,-5.93770584734493e-07,-0.000382634028520482,-7.4230132002316e-06,0.00216979889870538
9604.86456995261,-1.10750599990832e-05,-0.000281092842089755,2.45379653185588e-06,0.00159289847207984,-5.8563201636514e-07,-0.000379998125271473,-7.32110525795048e-06,0.00215485459540813
9671.47573126437,-1.09230987233831e-05,-0.000279153323163029,2.42017657393956e-06,0.00158192472684217,-5.77604833110142e-07,-0.000377380387901238,-7.22059650637813e-06,0.00214001322061368
9738.54885086602,-1.07732215696389e-05,-0.00027722723473883,2.3870163806936e-06,0.00157102662029462,-5.69687515097408e-07,-0.000374780691060647,-7.12146773109441e-06,0.00212527406538635
9806.08713250685,-1.06253999802167e-05,-0.000275314482833932,2.35430968840022e-06,0.00156020363028942,-5.6187856306942e-07,-0.00037219891026869,-7.02369998163989e-06,0.00211063642567373
9874.09380215466,-1.04796057880916e-05,-0.000273414974142779,2.32205031802832e-06,0.00154945523829946,-5.54176498107018e-07,-0.000369634921906393,-6.92727456788684e-06,0.00209609960227302
9942.57210814976,-1.03358112115241e-05,-0.000271528616032197,2.29023217410631e-06,0.00153878092939294,-5.46579861356821e-07,-0.000367088603210791,-6.83217305646046e-06,0.00208166290079764
10011.5253213603,-1.01939888488082e-05,-0.000269655316536155,2.25884924360938e-06,0.00152818019220807,-5.39087213762189e-07,-0.000364559832268933,-6.73837726720911e-06,0.00206732563164406
10080.9567353381,-1.00541116730915e-05,-0.000267794984350574,2.22789559486127e-06,0.00151765251892804,-5.3169713579773e-07,-0.000362048488011942,-6.64586926972342e-06,0.00205308710995881
10150.8696664767,-9.91615302726419e-06,-0.00026594752882818,2.19736537644997e-06,0.00150719740525608,-5.24408227207251e-07,-0.000359554450209103,-6.55463137990302e-06,0.00203894665560579
10221.267454169,-9.78008661891858e-06,-0.000264112859973411,2.16725281615764e-06,0.0014968143503908,-5.17219106745164e-07,-0.000357077599462011,-6.46464615657083e-06,0.00202490359313374
10292.1534609671,-9.64588651537556e-06,-0.000262290888437367,2.13755221990423e-06,0.00148650285700166,-5.10128411921268e-07,-0.000354617817198741,-6.37589639813363e-06,0.00201095725174398
10363.5310727429,-9.51352713877951e-06,-0.000260481525512807,2.10825797070479e-06,0.00147626243120459,-5.0313479874889e-07,-0.000352174985668085,-6.28836513928898e-06,0.00199710696525837
10435.4036988501,-9.38298326125887e-06,-0.000258684683129188,2.07936452764029e-06,0.00146609258253785,-4.9623694149631e-07,-0.000349748987933801,-6.20203564777705e-06,0.00198335207208744
10507.7747722864,-9.2542300001529e-06,-0.00025690027384776,2.05086642484178e-06,0.00145599282393803,-4.8943353244148e-07,-0.000347339707868931,-6.11689142117755e-06,0.00196969191519882
10580.647749858,-9.12724281330256e-06,-0.00025512821085669,2.02275827048769e-06,0.00144596267171622,-4.82723281629933e-07,-0.00034494703015014,-6.03291618375035e-06,0.00195612584208579
10654.0261123446,-9.00199749440576e-06,-0.000253368407966245,1.99503474581424e-06,0.00143600164553435,-4.76104916635906e-07,-0.000342570840252107,-5.95009388332003e-06,0.00194265320473615
10727.9133646656,-8.87847016843502e-06,-0.000251620779604008,1.9676906041385e-06,0.00142610926838175,-4.69577182326579e-07,-0.000340211024441949,-5.86840868820283e-06,0.00192927335960125
10802.3130360475,-8.75663728711791e-06,-0.000249885240810143,1.94072066989444e-06,0.00141628506655179,-4.63138840629444e-07,-0.000337867469773694,-5.78784498417632e-06,0.00191598566756521
10877.2286801926,-8.636475624478e-06,-0.000248161707232699,1.91411983768123e-06,0.00140652856961881,-4.56788670302707e-07,-0.000335540064082777,-5.70838737149039e-06,0.0019027894939144
10952.6638754485,-8.5179622724371e-06,-0.000246450095122959,1.88788307132419e-06,0.00139683931041505,-4.50525466708751e-07,-0.0003332286959806,-5.63002066191976e-06,0.00188968420830712
11028.6222249794,-8.40107463647648e-06,-0.00024475032133083,1.86200540294772e-06,0.00138721682500796,-4.44348041590555e-07,-0.000330933254849107,-5.55272987585661e-06,0.00187666918474346
11105.1073569377,-8.28579043135746e-06,-0.000243062303300269,1.83648193206059e-06,0.00137766065267744,-4.38255222851085e-07,-0.000328653630835412,-5.4765002394437e-06,0.00186374380153542
11182.1229246378,-8.17208767689967e-06,-0.000241385959064759,1.81130782465294e-06,0.00136817033589347,-4.32245854335593e-07,-0.00032638971484646,-5.40131718174642e-06,0.00185090744127716
11259.6726067303,-8.05994469381698e-06,-0.000239721207242817,1.78647831230521e-06,0.00135874542029371,-4.26318795616782e-07,-0.000324141398543728,-5.32716633196428e-06,0.00183815949081553
11337.7601073777,-7.9493400996096e-06,-0.000238067967033546,1.76198869130865e-06,0.00134938545466138,-4.20472921782818e-07,-0.000321908574337966,-5.25403351668025e-06,0.00182549934122078
11416.3891564316,-7.84025280451229e-06,-0.000236426158212226,1.73783432179739e-06,0.00134008999090328,-4.14707123228158e-07,-0.000319691135383968,-5.1819047571484e-06,0.00181292638775743
11495.5635096105,-7.73266200749724e-06,-0.000234795701125936,1.7140106268918e-06,0.00133085858402792,-4.09020305447113e-07,-0.000317488975575388,-5.1107662666185e-06,0.0018004400298554
11575.2869486794,-7.62654719233165e-06,-0.000233176516689234,1.69051309185315e-06,0.00132169079212386,-4.03411388830188e-07,-0.000315301989539593,-5.04060444769768e-06,0.00178803967108133
11655.5632816306,-7.52188812368834e-06,-0.000231568526379847,1.66733726324927e-06,0.00131258617633816,-3.97879308463075e-07,-0.000313130072632543,-4.97140588974818e-06,0.00177572471911004
11736.3963428651,-7.41866484330976e-06,-0.000229971652234426,1.6444787481312e-06,0.00130354430085504,-3.9242301392835e-07,-0.000310973120933722,-4.90315736632111e-06,0.00176349458569626
11817.7899933763,-7.31685766622358e-06,-0.000228385816844317,1.62193321322067e-06,0.00129456473287464,-3.87041469109761e-07,-0.00030883103124109,-4.83584583262528e-06,0.00175134868664651
11899.7481209338,-7.21644717701024e-06,-0.000226810943351384,1.59969638410819e-06,0.00128564704259199,-3.81733651999156e-07,-0.000306703701066087,-4.7694584230311e-06,0.00173928644179119
11982.2746402699,-7.11741422612064e-06,-0.000225246955443856,1.5777640444617e-06,0.00127679080317605,-3.76498554505929e-07,-0.000304591028628655,-4.70398244860852e-06,0.00172730727495686
12065.3734932659,-7.01973992624451e-06,-0.000223693777352217,1.55613203524566e-06,0.00126799559074896,-3.71335182269028e-07,-0.000302492912852313,-4.63940539469916e-06,0.00171541061393872
12149.0486491407,-6.92340564872753e-06,-0.000222151333845132,1.53479625395039e-06,0.00125926098436546,-3.66242554471448e-07,-0.000300409253359252,-4.57571491852153e-06,0.00170359589047325
12233.3041046402,-6.82839302003773e-06,-0.000220619550225404,1.51375265383153e-06,0.00125058656599237,-3.61219703657195e-07,-0.000298339950465474,-4.51289884680945e-06,0.00169186254021109
12318.1438842285,-6.73468391827944e-06,-0.000219098352325966,1.49299724315957e-06,0.0012419719204883,-3.56265675550671e-07,-0.000296284905175961,-4.45094517348271e-06,0.00168021000269001
12403.5720402798,-6.6422604697551e-06,-0.000217587666505912,1.47252608447925e-06,0.00123341663558348,-3.51379528878487e-07,-0.000294244019179886,-4.38984205735001e-06,0.00166863772130825
12489.5926532723,-6.5511050455734e-06,-0.000216087419646557,1.45233529387872e-06,0.0012249203018597,-3.46560335193617e-07,-0.000292217194845843,-4.32957781984324e-06,0.00165714514329778
12576.2098319827,-6.46120025830399e-06,-0.000214597539147532,1.43242104026836e-06,0.00121648251273047,-3.4180717870192e-07,-0.000290204335217128,-4.27014094278317e-06,0.00164573171969802
12663.427713683,-6.37252895867731e-06,-0.000213117952922914,1.41277954466909e-06,0.0012081028644212,-3.37119156090958e-07,-0.000288205344007041,-4.21152006617561e-06,0.00163439690532952
12751.2504643373,-6.28507423232965e-06,-0.000211648589397387,1.39340707951019e-06,0.00119978095594967,-3.324953763611e-07,-0.000286220125594228,-4.15370398603817e-06,0.00162314015876798
12839.6822788018,-6.19881939659222e-06,-0.000210189377502433,1.3742999679362e-06,0.00119151638910653,-3.27934960658876e-07,-0.000284248585018052,-4.09668165225656e-06,0.00161196094231831
12928.7273810244,-6.11374799732421e-06,-0.000208740246672563,1.35545458312326e-06,0.00118330876843596,-3.23437042112561e-07,-0.000282290627973999,-4.04044216647074e-06,0.00160085872198901
13018.3900242466,-6.02984380578863e-06,-0.000207301126841569,1.33686734760419e-06,0.00117515770121651,-3.19000765669938e-07,-0.000280346160809119,-3.9849747799898e-06,0.00158983296746662
13108.6744912069,-5.94709081557106e-06,-0.000205871948438821,1.31853473260282e-06,0.00116706279744204,-3.14625287938248e-07,-0.000278415090517492,-3.93026889173579e-06,0.00157888315209038
13199.5850943454,-5.86547323953993e-06,-0.000204452642385577,1.30045325737687e-06,0.00115902366980279,-3.10309777026252e-07,-0.000276497324735733,-3.87631404621558e-06,0.00156800875282709
13291.1261760091,-5.78497550684862e-06,-0.000203043140091345,1.2826194885697e-06,0.00115103993366661,-3.06053412388431e-07,-0.000274592771738526,-3.82309993152082e-06,0.0015572092502461
13383.3021086605,-5.70558225997799e-06,-0.000201643373450257,1.26503003957065e-06,0.00114311120706032,-3.01855384671243e-07,-0.000272701340434191,-3.77061637735526e-06,0.00154648412849451
13476.1172950852,-5.62727835181944e-06,-0.000200253274837483,1.24768156988372e-06,0.00113523711065118,-2.9771489556145e-07,-0.000270822940360279,-3.71885335308921e-06,0.0015358328752725
13569.576168603,-5.5500488427977e-06,-0.000198872777105674,1.2305707845049e-06,0.0011274172677285,-2.93631157636476e-07,-0.0002689574816792,-3.66780096584086e-06,0.00152525498180889
13663.6831932795,-5.4738789980326e-06,-0.000197501813581431,1.21369443330743e-06,0.00111965130418542,-2.8960339421675e-07,-0.000267104875173886,-3.6174494585838e-06,0.0015147499428368
13758.4428641392,-5.39875428453981e-06,-0.000196140318061809,1.19704931043558e-06,0.00111193884850076,-2.8563083922005e-07,-0.000265265032243478,-3.56778920828074e-06,0.00150431725656952
13853.8597073802,-5.32466036846941e-06,-0.000194788224810841,1.18063225370617e-06,0.00110427953172101,-2.81712737017772e-07,-0.000263437864899045,-3.51881072404274e-06,0.00149395642467654
13949.9382805904,-5.25158311238239e-06,-0.000193445468556101,1.16444014401832e-06,0.00109667298744253,-2.77848342293149e-07,-0.000261623285759339,-3.47050464531386e-06,0.00148366695225976
14046.6831729655,-5.17950857256395e-06,-0.000192111984485285,1.14846990477082e-06,0.00108911885179371,-2.74036919901346e-07,-0.000259821208046571,-3.42286174008064e-06,0.0014734483478298
14144.0990055278,-5.10842299637377e-06,-0.000190787708242832,1.13271850128748e-06,0.00108161676341747,-2.70277744731449e-07,-0.000258031545582225,-3.37587290310639e-06,0.00146330012328256
14242.190431347,-5.03831281963204e-06,-0.000189472575926561,1.1171829402499e-06,0.00107416636345365,-2.66570101570293e-07,-0.000256254212782894,-3.32952915418952e-06,0.00145322179387589
14340.9621357626,-4.96916466404145e-06,-0.000188166524084341,1.10186026913802e-06,0.00106676729552176,-2.62913284968128e-07,-0.000254489124656152,-3.28382163644601e-06,0.0014432128782064
14440.4188366077,-4.90096533464402e-06,-0.00018686948971079,1.08674757567797e-06,0.00105941920570365,-2.59306599106066e-07,-0.000252736196796451,-3.23874161461535e-06,0.00143327289818653
14540.5652844341,-4.83370181731291e-06,-0.000185581410243997,1.07184198729734e-06,0.00105212174252644,-2.55749357665338e-07,-0.00025099534538105,-3.19428047338987e-06,0.00142340137902163
14641.4062627396,-4.76736127627815e-06,-0.000184302223562273,1.05714067058774e-06,0.00104487455694549,-2.52240883698277e-07,-0.000249266487165967,-3.15042971576695e-06,0.00141359784918734
14742.946588196,-4.70193105168634e-06,-0.000183031867980926,1.04264083077446e-06,0.00103767730232757,-2.48780509501052e-07,-0.000247549539481967,-3.10718096142397e-06,0.00140386184040702
14845.1911108798,-4.63739865719344e-06,-0.000181770282249066,1.02833971119331e-06,0.00103052963443403,-2.45367576488102e-07,-0.000245844420230573,-3.06452594511548e-06,0.00139419288762939
14948.1447145032,-4.57375177759062e-06,-0.000180517405546435,1.01423459277436e-06,0.00102343121140422,-2.4200143506827e-07,-0.000244151047880108,-3.02245651509256e-06,0.00138459052900635
15051.8123166476,-4.51097826646217e-06,-0.000179273177480255,1.00032279353262e-06,0.00101638169373893,-2.38681444522582e-07,-0.000242469341461759,-2.9809646315437e-06,0.00137505430587084
15156.1988689989,-4.44906614387579e-06,-0.000178037538082116,9.86601668065523e-07,0.00100938074428401,-2.3540697288369e-07,-0.00024079922056568,-2.94004236505735e-06,0.001365583762715
15261.3093575835,-4.3880035941039e-06,-0.000176810427804872,9.73068607057127e-07,0.00100242802821405,-2.32177396816922e-07,-0.000239140605337109,-2.89968189510535e-06,0.00135617844716837
15367.1488030065,-4.32777896337654e-06,-0.00017559178751958,9.59721036788941e-07,0.000995523213016241,-2.28992101502941e-07,-0.000237493416472524,-2.85987550854747e-06,0.00134683790997629
15473.7222606918,-4.26838075766449e-06,-0.000174381558512445,9.46556418657305e-07,0.000988665968474286,-2.25850480521979e-07,-0.000235857575215818,-2.82061559815621e-06,0.00133756170497842
15581.0348211234,-4.209797640493e-06,-0.000173179682481806,9.33572248697237e-07,0.000981855966652465,-2.2275193573963e-07,-0.000234233003354503,-2.78189466116218e-06,0.00132834938908746
15689.0916100885,-4.15201843078503e-06,-0.000171986101535133,9.20766057112623e-07,0.000975092881879787,-2.19695877194182e-07,-0.000232619623215943,-2.74370529781919e-06,0.00131920052226795
15797.8977889225,-4.09503210073431e-06,-0.000170800758186058,9.08135407812764e-07,0.000968376390734287,-2.16681722985468e-07,-0.000231017357663614,-2.70604020998931e-06,0.00131011466751525
15907.4585547554,-4.038827773707e-06,-0.000169623595351421,8.9567789795506e-07,0.000961706172027391,-2.13708899165205e-07,-0.000229426130093381,-2.66889219974714e-06,0.0013010913908347
16017.7791407599,-3.9833947221724e-06,-0.00016845455634835,8.83391157493887e-07,0.000955081906788433,-2.10776839628831e-07,-0.000227845864429816,-2.63225416800348e-06,0.00129213026122084
16128.8648164017,-3.92872236566157e-06,-0.000167293584891348,8.71272848735467e-07,0.000948503278249245,-2.07884986008771e-07,-0.000226276485122531,-2.59611911314775e-06,0.00128323085063683
16240.720887691,-3.87480026875411e-06,-0.000166140625089425,8.59320665898774e-07,0.000941969971828887,-2.05032787569176e-07,-0.000224717917142536,-2.56048012970918e-06,0.00127439273399402
16353.352697436,-3.82161813909217e-06,-0.000164995621443231,8.47532334682254e-07,0.000935481675118454,-2.02219701102048e-07,-0.000223170085978632,-2.52533040703628e-06,0.00126561548913164
16466.765625498,-3.76916582542183e-06,-0.000163858518842224,8.35905611836451e-07,0.000929038077866024,-1.99445190824795e-07,-0.000221632917633823,-2.4906632279946e-06,0.00125689869679662
16580.9650890484,-3.71743331566097e-06,-0.000162729262561861,8.24438284742279e-07,0.000922638871961673,-1.96708728279145e-07,-0.000220106338621748,-2.45647196768226e-06,0.00124824194062354
16695.9565428276,-3.66641073499378e-06,-0.000161607798260802,8.13128170995037e-07,0.000916283751422635,-1.94009792231445e-07,-0.00021859027596315,-2.42275009216322e-06,0.0012396448071148
16811.7454794054,-3.61608834399105e-06,-0.000160494071978148,8.01973117993955e-07,0.000909972412378532,-1.91347868574287e-07,-0.000217084657182359,-2.38949115721787e-06,0.00123110688562081
16928.3374294433,-3.5664565367564e-06,-0.000159388030130687,7.909710025373e-07,0.000903704553056737,-1.88722450229478e-07,-0.000215589410303811,-2.3566888071109e-06,0.0012226277683204
17045.737961959,-3.51750583909752e-06,-0.000158289619510176,7.80119730422883e-07,0.000897479873767811,-1.8613303705231e-07,-0.000214104463848573,-2.32433677337595e-06,0.00121420705020132
17163.9526845917,-3.46922690672274e-06,-0.000157198787280631,7.69417236053995e-07,0.000891298076891073,-1.83579135737129e-07,-0.000212629746830915,-2.29242887361718e-06,0.00120584432904092
17282.9872438709,-3.42161052346191e-06,-0.000156115480975648,7.58861482050568e-07,0.000885158866860241,-1.81060259724176e-07,-0.000211165188754888,-2.26095901032701e-06,0.00119753920538688
17402.8473254854,-3.37464759951186e-06,-0.000155039648495742,7.48450458865646e-07,0.000879061950149204,-1.7857592910769e-07,-0.000209710719610935,-2.22992116972043e-06,0.00118929128253821
17523.5386545551,-3.32832916970558e-06,-0.000153971238105702,7.38182184406955e-07,0.000873007035257862,-1.76125670545253e-07,-0.000208266269872525,-2.19930942058505e-06,0.00118110016652621
17645.0669959044,-3.28264639180534e-06,-0.000152910198431972,7.28054703663618e-07,0.000866993832698099,-1.73709017168361e-07,-0.000206831770492804,-2.16911791314715e-06,0.00117296546609573
17767.4381543379,-3.23759054481883e-06,-0.000151856478460053,7.18066088337852e-07,0.000861022054979823,-1.713255084942e-07,-0.00020540715290128,-2.13934087795316e-06,0.0011648867926864
17890.6579749169,-3.19315302733855e-06,-0.00015081002753192,7.08214436481665e-07,0.000855091416597128,-1.68974690338622e-07,-0.000203992349000522,-2.10997262476663e-06,0.00115686376041415
18014.7323432395,-3.14932535590376e-06,-0.000149770795343463,6.98497872138413e-07,0.000849201634014537,-1.66656114730294e-07,-0.000202587291162888,-2.08100754148027e-06,0.0011488959860527
18139.667185721,-3.10609916338492e-06,-0.000148738731941947,6.88914544989231e-07,0.000843352425653355,-1.64369339826012e-07,-0.00020119191222727,-2.052440093043e-06,0.00114098308901531
18265.4684698776,-3.06346619739006e-06,-0.000147713787723491,6.79462630004171e-07,0.000837543511878103,-1.62113929827155e-07,-0.000199806145495869,-2.02426482040167e-06,0.00113312469133655
18392.1422046107,-3.02141831869315e-06,-0.000146695913430566,6.70140327098116e-07,0.000831774614983062,-1.59889454897281e-07,-0.000198429924730988,-1.99647633945742e-06,0.00112532041765431
18519.6944404947,-2.9799474996837e-06,-0.000145685060149513,6.6094586079126e-07,0.000826045459178895,-1.57695491080825e-07,-0.000197063184151846,-1.96906934003626e-06,0.00111756989519178
18648.1312700654,-2.93904582283783e-06,-0.000144681179308081,6.5187747987424e-07,0.000820355770579386,-1.5553162022291e-07,-0.000195705858431417,-1.94203858487389e-06,0.00110987275373972
18777.4588281112,-2.89870547921e-06,-0.000143684222672983,6.42933457077723e-07,0.000814705277188242,-1.53397429890238e-07,-0.000194357882693295,-1.91537890861444e-06,0.00110222862563875
18907.6832919665,-2.85891876694548e-06,-0.000142694142347469,6.34112088746499e-07,0.00080909370888601,-1.51292513293054e-07,-0.000193019192508568,-1.88908521682291e-06,0.00109463714576175
19038.810881806,-2.81967808981323e-06,-0.000141710890768919,6.25411694517963e-07,0.000803520797417087,-1.49216469208168e-07,-0.000191689723892731,-1.86315248501128e-06,0.00108709795149648
19170.8478609426,-2.78097595575862e-06,-0.000140734420706459,6.16830617004909e-07,0.000797986276376795,-1.47168901903019e-07,-0.000190369413302605,-1.83757575767791e-06,0.0010796106827282
19303.8005361258,-2.74280497547621e-06,-0.000139764685258584,6.08367221482658e-07,0.000792489881198582,-1.45149421060771e-07,-0.000189058197633288,-1.81235014736018e-06,0.00107217498182253
19437.6752578439,-2.7051578610018e-06,-0.000138801637850812,6.00019895580369e-07,0.000787031349141279,-1.43157641706421e-07,-0.000187756014215122,-1.78747083370013e-06,0.00106479049360828
19572.4784206263,-2.66802742432397e-06,-0.000137845232233346,5.91787048976557e-07,0.000781610419276479,-1.41193184133912e-07,-0.000186462800810684,-1.76293306252297e-06,0.00105745686536058
19708.2164633496,-2.63140657601438e-06,-0.00013689542247876,5.8366711309869e-07,0.000776226832475967,-1.39255673834232e-07,-0.000185178495611794,-1.73873214492817e-06,0.00105017374678395
19844.8958695448,-2.59528832387699e-06,-0.000135952162979698,5.75658540826886e-07,0.000770880331399279,-1.37344741424491e-07,-0.00018390303723655,-1.71486345639314e-06,0.0010429407899956
19982.5231677076,-2.55966577161564e-06,-0.000135015408446593,5.67759806201577e-07,0.000765570660481308,-1.35460022577958e-07,-0.000182636364726378,-1.69132243588912e-06,0.00103575764950884
20121.1049316092,-2.52453211751993e-06,-0.000134085113905407,5.59969404135169e-07,0.000760297565920031,-1.33601157955048e-07,-0.000181378417543104,-1.66810458500932e-06,0.0010286239822165
20260.6477806113,-2.48988065316902e-06,-0.000133161234695375,5.52285850127556e-07,0.000755060795664296,-1.31767793135248e-07,-0.000180129135566048,-1.64520546710894e-06,0.00102153944737463
20401.1583799816,-2.4557047621532e-06,-0.000132243726466787,5.44707679985536e-07,0.000749860099401711,-1.29959578549961e-07,-0.000178888459089141,-1.62262070645706e-06,0.00101450370658614
20542.6434412127,-2.42199791881293e-06,-0.000131332545178762,5.37233449545965e-07,0.000744695228546605,-1.28176169416268e-07,-0.000177656328818052,-1.60034598740018e-06,0.0010075164237847
20685.1097223421,-2.38875368699517e-06,-0.000130427647097064,5.29861734402718e-07,0.000739565936228091,-1.26417225671587e-07,-0.000176432685867344,-1.57837705353721e-06,0.00100057726521866
20828.5640282755,-2.35596571882662e-06,-0.000129528988791913,5.22591129637292e-07,0.000734471977278185,-1.24682411909218e-07,-0.000175217471757651,-1.55670970690582e-06,0.000993685899435069
20973.0132111114,-2.32362775350393e-06,-0.000128636527135825,5.1542024955311e-07,0.000729413108220038,-1.22971397314765e-07,-0.000174010628412865,-1.53533980718002e-06,0.000986841997263925
21118.464170469,-2.29173361610025e-06,-0.000127750219301465,5.08347727413367e-07,0.000724389087256228,-1.21283855603421e-07,-0.000172812098157353,-1.51426327087862e-06,0.000980045231802374
21264.923853817,-2.2602772163883e-06,-0.000126870022759515,5.01372215182481e-07,0.000719399674257143,-1.19619464958108e-07,-0.000171621823713187,-1.49347607058474e-06,0.000973295278399134
21412.3992568061,-2.22925254767939e-06,-0.00012599589527656,4.94492383271006e-07,0.000714444630749445,-1.17977907968448e-07,-0.000170439748197395,-1.47297423417588e-06,0.000966591814638972
21560.8974236026,-2.19865368567847e-06,-0.000125127794912988,4.87706920284034e-07,0.000709523719904615,-1.16358871570581e-07,-0.000169265815119233,-1.4527538440647e-06,0.000959934520327312
21710.4254472254,-2.16847478735473e-06,-0.000124265680020905,4.81014532772969e-07,0.000704636706527569,-1.14762046987777e-07,-0.000168099968377472,-1.43281103645009e-06,0.000953323077474925
21860.9904698845,-2.13871008982775e-06,-0.000123409509242071,4.74413944990714e-07,0.00069978335704537,-1.1318712967188e-07,-0.000166942152257707,-1.4131420005787e-06,0.000946757170282757
22012.599683322,-2.10935390926879e-06,-0.000122559241505844,4.67903898650131e-07,0.000694963439496001,-1.11633819245531e-07,-0.000165792311429685,-1.39374297801642e-06,0.000940236485126826
22165.260329156,-2.08040063981726e-06,-0.000121714836027143,4.61483152685812e-07,0.000690176723517231,-1.10101819445183e-07,-0.00016465039094465,-1.37461026193005e-06,0.000933760710543255
22318.9796992262,-2.05184475251187e-06,-0.000120876252304428,4.55150483019052e-07,0.000685422980335546,-1.08590838064889e-07,-0.000163516336232706,-1.35574019637867e-06,0.000927329537213379
22473.7651359423,-2.02368079423656e-06,-0.000120043450117692,4.48904682326042e-07,0.00068070198275517,-1.07100586900859e-07,-0.0001623900931002,-1.33712917561489e-06,0.000920942657948986
22629.6240326348,-1.99590338668071e-06,-0.000119216389526469,4.42744559809168e-07,0.000676013505147149,-1.05630781696763e-07,-0.000161271607727123,-1.3187736433956e-06,0.000914599767677626
22786.5638339077,-1.96850722531371e-06,-0.000118395030867855,4.36668940971461e-07,0.000671357323438523,-1.04181142089791e-07,-0.000160160826664527,-1.3006700923022e-06,0.000908300563428052
22944.592035995,-1.94148707837348e-06,-0.00011757933475455,4.30676667394055e-07,0.000666733215101564,-1.02751391557428e-07,-0.000159057696831963,-1.28281506307024e-06,0.000902044744315735
23103.7161871177,-1.91483778586892e-06,-0.000116769262072905,4.24766596516718e-07,0.000662140959143099,-1.01341257364972e-07,-0.000157962165514936,-1.26520514392815e-06,0.000895832011528502
23263.9438878451,-1.88855425859591e-06,-0.000115964773980991,4.18937601421315e-07,0.000657580336093895,-9.99504705137577e-08,-0.000156874180362372,-1.24783696994513e-06,0.000889662068312253
23425.2827914574,-1.86263147716692e-06,-0.000115165831906681,4.13188570618256e-07,0.00065305112799813,-9.85787656900812e-08,-0.000155793689384116,-1.23070722238804e-06,0.000883534619956795
23587.7406043117,-1.83706449105374e-06,-0.000114372397545743,4.07518407835803e-07,0.000648553118402927,-9.72258812148292e-08,-0.000154720640948432,-1.21381262808697e-06,0.000877449373781749
23751.3250862094,-1.81184841764352e-06,-0.000113584432859947,4.01926031812271e-07,0.000644086092347972,-9.58915589937868e-08,-0.000153654983779531,-1.19714995880967e-06,0.000871406039122589
23916.0440507678,-1.78697844130751e-06,-0.000112801900075195,3.9641037609103e-07,0.000639649836355189,-9.45755444686241e-08,-0.000152596666955108,-1.18071603064452e-06,0.00086540432731674
24081.9053657923,-1.76244981248275e-06,-0.00011202476167965,3.90970388818312e-07,0.000635244138418506,-9.3277586568552e-08,-0.000151545639903908,-1.16450770339196e-06,0.000859443951689798
24248.9169536531,-1.73825784676622e-06,-0.000111252980421891,3.85605032543737e-07,0.000630868787993672,-9.19974376626323e-08,-0.000150501852403294,-1.14852187996429e-06,0.000853524627541832
24417.0867916629,-1.71439792402143e-06,-0.000110486519309078,3.80313284023587e-07,0.000626523575988165,-9.07348535127426e-08,-0.000149465254576847,-1.13275550579373e-06,0.000847646072133789
24586.4229124585,-1.69086548749723e-06,-0.000109725341605125,3.75094134026719e-07,0.000622208294751149,-8.94895932271764e-08,-0.000148435796891965,-1.11720556824857e-06,0.000841808004673978
24756.933404384,-1.66765604295876e-06,-0.000108969410828896,3.69946587143144e-07,0.000617922738063524,-8.82614192148808e-08,-0.000147413430157501,-1.1018690960574e-06,0.000836010146304674
24928.6264118777,-1.64476515783014e-06,-0.000108218690752408,3.64869661595181e-07,0.00061366670112802,-8.70500971403115e-08,-0.000146398105521394,-1.08674315874114e-06,0.000830252220088776
25101.5101358603,-1.62218846034913e-06,-0.000107473145399048,3.59862389051214e-07,0.000609439980559387,-8.58553958789108e-08,-0.000145389774468335,-1.07182486605304e-06,0.000824533950996599
25275.5928341276,-1.59992163873311e-06,-0.000106732739041804,3.54923814441943e-07,0.000605242374374625,-8.46770874731834e-08,-0.000144388388817437,-1.05711136742619e-06,0.000818855065892719
25450.882821744,-1.57796044035676e-06,-0.000105997436201506,3.50052995779168e-07,0.00060107368198331,-8.35149470893788e-08,-0.00014339390071993,-1.04259985142874e-06,0.000813215293522938
25627.3884714405,-1.55630067094073e-06,-0.00010526720164509,3.45249003977013e-07,0.000596933704177961,-8.23687529747582e-08,-0.000142406262656866,-1.02828754522653e-06,0.000807614364501319
25805.1182140139,-1.53493819375165e-06,-0.000104542000383858,3.40510922675602e-07,0.000592822243124495,-8.12382864154489e-08,-0.000141425427436841,-1.01417171405318e-06,0.000802052011297323
25984.08053873,-1.51386892881295e-06,-0.000103821797671766,3.35837848067116e-07,0.000588739102352736,-8.01233316948681e-08,-0.000140451348193734,-1.00024966068735e-06,0.000796527968223027
26164.2839937291,-1.49308885212657e-06,-0.000103106559003717,3.3122888872423e-07,0.00058468408674699,-7.90236760527179e-08,-0.000139483978384464,-9.86518724937271e-07,0.000791041971420429
26345.7371864336,-1.47259399490531e-06,-0.000102396250113867,3.26683165430886e-07,0.000580657002536702,-7.79391096445379e-08,-0.000138523271786757,-9.72976283132335e-07,0.000785593758848854
26528.4487839603,-1.45238044281564e-06,-0.000101690836973945,3.2219981101535e-07,0.000576657657287146,-7.6869425501808e-08,-0.00013756918249693,-9.59619747621607e-07,0.000780183070272426
26712.4275135331,-1.43244433523104e-06,-0.000100990285791586,3.17777970185576e-07,0.000572685859890217,-7.58144194925978e-08,-0.000136621664927698,-9.46446566279316e-07,0.000774809647247645
26897.6821629011,-1.41278186449536e-06,-0.000100294563008669,3.13416799366771e-07,0.000568741420555255,-7.47738902827501e-08,-0.000135680673805983,-9.33454222017055e-07,0.000769473233111035
27084.2215807571,-1.39338927519644e-06,-9.96036352996828e-05,3.0911546654121e-07,0.000564824150799954,-7.37476392975975e-08,-0.00013474616417075,-9.20640232302748e-07,0.000764173572966891
27272.0546771616,-1.37426286344958e-06,-9.89174695700822e-05,3.04873151090196e-07,0.000560933863441324,-7.27354706841956e-08,-0.000133818091370848,-9.08002148686159e-07,0.000758910413675094
27461.1904239671,-1.35539897619094e-06,-9.82360329546762e-05,3.00689043638212e-07,0.00055707037258672,-7.17371912740784e-08,-0.00013289641106288,-8.95537556330983e-07,0.00075368350383903
27651.6378552475,-1.33679401048046e-06,-9.75592928160149e-05,2.96562345899157e-07,0.000553233493624923,-7.07526105465157e-08,-0.000131981079209067,-8.83244073553291e-07,0.000748492593793571
27843.4060677294,-1.31844441281446e-06,-9.68872167427947e-05,2.92492270524703e-07,0.000549423043217308,-6.9781540592276e-08,-0.000131072052075151,-8.71119351366389e-07,0.000743337435593157
28036.5042212264,-1.30034667844765e-06,-9.6219772548271e-05,2.88478040954707e-07,0.000545638839289038,-6.8823796077881e-08,-0.000130169286228289,-8.59161073031854e-07,0.000738217782999945
28230.9415390768,-1.28249735072436e-06,-9.5556928268686e-05,2.84518891269665e-07,0.000541880701020354,-6.78791942103512e-08,-0.000129272738534982,-8.473669536168e-07,0.000733133391472054
28426.7273085842,-1.26489302041898e-06,-9.48986521617048e-05,2.80614066045171e-07,0.000538148448837894,-6.69475547024281e-08,-0.000128382366159002,-8.35734739557169e-07,0.000728084018151878
28623.8708814609,-1.24753032508546e-06,-9.42449127048653e-05,2.76762820208369e-07,0.000534441904406104,-6.6028699738277e-08,-0.000127498126559348,-8.24262208227069e-07,0.000723069421854492
28822.3816742749,-1.23040594841565e-06,-9.35956785940372e-05,2.72964418896351e-07,0.000530760890618676,-6.51224539396517e-08,-0.000126619977488199,-8.12947167513973e-07,0.000718089363056118
29022.2691688993,-1.21351661960653e-06,-9.29509187418941e-05,2.69218137316494e-07,0.000527105231590074,-6.42286443325264e-08,-0.000125747876988902,-8.01787455399809e-07,0.000713143603882702
29223.5429129655,-1.19685911273604e-06,-9.23106022763944e-05,2.65523260608691e-07,0.000523474752647096,-6.3347100314179e-08,-0.000124881783393952,-7.90780939547745e-07,0.000708231908098533
29426.2125203191,-1.1804302461475e-06,-9.16746985392762e-05,2.61879083709475e-07,0.000519869280320515,-6.24776536207284e-08,-0.000124021655323005,-7.79925516894701e-07,0.000703354041094977
29630.2876714792,-1.16422688184241e-06,-9.10431770845594e-05,2.58284911217977e-07,0.000516288642336759,-6.16201382951091e-08,-0.000123167451680894,-7.6921911324941e-07,0.000698509769879249
29835.7781141006,-1.14824592488168e-06,-9.04160076770622e-05,2.54740057263729e-07,0.000512732667609662,-6.07743906554896e-08,-0.000122319131655658,-7.5865968289604e-07,0.000693698863063304
30042.6936634399,-1.13248432279494e-06,-8.9793160290925e-05,2.51243845376258e-07,0.000509201186232266,-5.99402492641165e-08,-0.000121476654716593,-7.48245208203222e-07,0.000688921090852772
30251.0442028234,-1.11693906499807e-06,-8.91746051081484e-05,2.47795608356466e-07,0.000505694029468683,-5.91175548965889e-08,-0.000120639980612309,-7.37973699238478e-07,0.000684176225035985
30460.8396841202,-1.10160718221858e-06,-8.85603125171375e-05,2.44394688149756e-07,0.00050221102974601,-5.83061505115476e-08,-0.000119809069368802,-7.27843193387916e-07,0.000679464038973072
30672.0901282168,-1.08648574592902e-06,-8.79502531112615e-05,2.41040435720902e-07,0.000498752020646303,-5.75058812207835e-08,-0.000118983881287543,-7.17851754981174e-07,0.000674784307585144
30884.8056254963,-1.07157186778798e-06,-8.73443976874192e-05,2.37732210930609e-07,0.000495316836898605,-5.67165942597496e-08,-0.000118164376943575,-7.07997474921488e-07,0.000670136807343527
31098.9963363199,-1.05686269908894e-06,-8.67427172446182e-05,2.34469382413774e-07,0.00049190531437103,-5.59381389584798e-08,-0.000117350517183625,-6.98278470320868e-07,0.0006655213162591
31314.6724915125,-1.0423554302165e-06,-8.61451829825615e-05,2.31251327459393e-07,0.000488517290062902,-5.51703667129013e-08,-0.000116542263124233,-6.88692884140245e-07,0.000660937613871676
31531.8443928511,-1.02804729011021e-06,-8.55517663002472e-05,2.2807743189212e-07,0.000485152602096949,-5.4413130956543e-08,-0.000115739576149889,-6.79238884834611e-07,0.000656385481239487
31750.5224135575,-1.01393554573562e-06,-8.49624387945754e-05,2.24947089955429e-07,0.000481811089711544,-5.36662871326264e-08,-0.000114942417911183,-6.69914666002975e-07,0.000651864700928712
31970.7169987928,-1.00001750156271e-06,-8.43771722589671e-05,2.21859704196388e-07,0.000478492593253019,-5.29296926665415e-08,-0.000114150750322973,-6.60718446043178e-07,0.000647375057003101
32192.4386661572,-9.86290499051353e-07,-8.37959386819917e-05,2.18814685351984e-07,0.000475196954168004,-5.22032069386957e-08,-0.000113364535562558,-6.516484678114e-07,0.000642916335013652
32415.6980061919,-9.72751916143924e-07,-8.3218710246006e-05,2.15811452237018e-07,0.000471924014995845,-5.14866912577369e-08,-0.00011258373606787,-6.42702998286389e-07,0.000638488321988375
32640.5056828852,-9.59399166764786e-07,-8.26454593257999e-05,2.12849431633523e-07,0.000468673619361059,-5.0780008834139e-08,-0.000111808314535674,-6.33880328238255e-07,0.000634090806422112
32866.8724341813,-9.46229700326714e-07,-8.20761584872562e-05,2.0992805818169e-07,0.000465445611965849,-5.00830247541525e-08,-0.000111038233919789,-6.25178771901856e-07,0.000629723578266442
33094.8090724944,-9.33241001244012e-07,-8.15107804860151e-05,2.07046774272285e-07,0.000462239838582663,-4.93956059541071e-08,-0.000110273457429305,-6.16596666654625e-07,0.000625386428919636
33324.3264852235,-9.20430588452378e-07,-8.09492982661528e-05,2.04205029940538e-07,0.000459056146046817,-4.87176211950692e-08,-0.00010951394852683,-6.08132372698862e-07,0.000621079151216709
33555.4356352742,-9.07796014935276e-07,-8.03916849588654e-05,2.01402282761476e-07,0.000455894382249152,-4.80489410378427e-08,-0.00010875967092674,-5.99784272748352e-07,0.000616801539419506
33788.1475615808,-8.95334867256878e-07,-7.98379138811662e-05,1.98637997746689e-07,0.000452754396128762,-4.73894378183147e-08,-0.000108010588593441,-5.91550771719317e-07,0.00061255338920689
34022.4733796346,-8.83044765101337e-07,-7.92879585345885e-05,1.95911647242501e-07,0.00044963603766575,-4.67389856231348e-08,-0.000107266665739642,-5.83430296425587e-07,0.000608334497664971
34258.4242820144,-8.70923360818444e-07,-7.87417926039009e-05,1.93222710829542e-07,0.000446539157874059,-4.60974602657308e-08,-0.00010652786682465,-5.75421295277977e-07,0.000604144663277425
34496.0115389212,-8.58968338975449e-07,-7.81993899558292e-05,1.90570675223675e-07,0.000443463608794326,-4.54647392626484e-08,-0.000105794156552661,-5.67522237987768e-07,0.000599983685915852
34735.2464987164,-8.47177415915095e-07,-7.76607246377894e-05,1.87955034178298e-07,0.000440409243486809,-4.48407018102184e-08,-0.000105065499871079,-5.59731615274289e-07,0.000595851366830235
34976.1405884643,-8.35548339319643e-07,-7.71257708766281e-05,1.85375288387958e-07,0.000437375916024349,-4.4225228761539e-08,-0.00010434186196883,-5.52047938576484e-07,0.000591747508639431
35218.7053144771,-8.2407888778094e-07,-7.65945030773735e-05,1.82830945393303e-07,0.000434363481485384,-4.36182026037765e-08,-0.000103623208274705,-5.44469739768466e-07,0.000587671915321754
35462.9522628655,-8.12766870376324e-07,-7.60668958219933e-05,1.80321519487311e-07,0.000431371795947013,-4.30195074357739e-08,-0.000102909504455698,-5.3699557087895e-07,0.000583624392205602
35708.8931000911,-8.01610126250395e-07,-7.5542923868164e-05,1.77846531622824e-07,0.000428400716478109,-4.24290289459675e-08,-0.000102200716415372,-5.29624003814571e-07,0.000579604745960166
35956.5395735246,-7.90606524202474e-07,-7.50225621480458e-05,1.75405509321322e-07,0.000425450101132471,-4.18466543906033e-08,-0.000101496810292217,-5.22353630086961e-07,0.00057561278458619
36205.9035120061,-7.79753962279768e-07,-7.45057857670696e-05,1.72997986582962e-07,0.000422519808942039,-4.12722725722549e-08,-0.00010079775245804,-5.15183060543615e-07,0.000571648317406805
36456.9968264106,-7.69050367376064e-07,-7.39925700027295e-05,1.70623503797837e-07,0.000419609699910139,-4.07057738186314e-08,-0.00010010350951635,-5.08110925102417e-07,0.000567711155058415
36709.831510217,-7.5849369483596e-07,-7.34828903033862e-05,1.68281607658449e-07,0.000416719635004789,-4.01470499616777e-08,-9.94140483007626e-05,-5.01135872489833e-07,0.000563801109481654
36964.4196400802,-7.48081928064522e-07,-7.2976722287078e-05,1.65971851073381e-07,0.000413849476152039,-3.95959943169606e-08,-9.87293358734128e-05,-4.94256569982693e-07,0.000559917993912408
37220.7733764093,-7.37813078142266e-07,-7.24740417403396e-05,1.63693793082146e-07,0.000410999086229368,-3.90525016633352e-08,-9.80493395233786e-05,-4.87471703153512e-07,0.000556061622872884
37478.9049639467,-7.2768518344546e-07,-7.19748246170308e-05,1.61446998771202e-07,0.000408168329059121,-3.85164682228919e-08,-9.73740267651176e-05,-4.8077997561932e-07,0.000552231812162763
37738.8267323548,-7.17696309271588e-07,-7.14790470371717e-05,1.59231039191116e-07,0.000405357069401988,-3.79877916411752e-08,-9.67033653369112e-05,-4.74180108793925e-07,0.000548428378850386
38000.5510968034,-7.07844547470002e-07,-7.09866852857881e-05,1.57045491274853e-07,0.000402565172950537,-3.7466370967676e-08,-9.60373231993232e-05,-4.67670841643596e-07,0.000544651141264033
38264.0905585636,-6.98128016077583e-07,-7.0497715811763e-05,1.54889937757197e-07,0.000399792506322783,-3.69521066365881e-08,-9.53758685336653e-05,-4.61250930446077e-07,0.000540899918983228
38529.4577056047,-6.88544858959454e-07,-7.00121152266983e-05,1.52763967095257e-07,0.000397038937055813,-3.64449004478301e-08,-9.47189697404767e-05,-4.54919148552943e-07,0.000537174532830137
38796.6652131954,-6.79093245454569e-07,-6.95298603037827e-05,1.50667173390071e-07,0.000394304333599434,-3.59446555483259e-08,-9.40665954380111e-05,-4.48674286155177e-07,0.000533474804860995
39065.7258445091,-6.69771370026209e-07,-6.90509279766695e-05,1.4859915630928e-07,0.000391588565309895,-3.54512764135418e-08,-9.34187144607371e-05,-4.42515150052007e-07,0.00052980055835762
39336.6524512341,-6.6057745191723e-07,-6.85752953383601e-05,1.46559521010854e-07,0.000388891502443619,-3.49646688292759e-08,-9.27752958578461e-05,-4.36440563422881e-07,0.000526151617818959
39609.4579741865,-6.51509734810078e-07,-6.81029396400977e-05,1.4454787806787e-07,0.000386213016151011,-3.44847398736981e-08,-9.21363088917731e-05,-4.30449365602606e-07,0.000522527808952714
39884.1554439296,-6.42566486491426e-07,-6.76338382902669e-05,1.42563843394308e-07,0.000383552978470281,-3.40113978996328e-08,-9.15017230367253e-05,-4.24540411859542e-07,0.000518928958667012
40160.7579813948,-6.33745998521455e-07,-6.71679688533029e-05,1.40607038171876e-07,0.000380911262321327,-3.35445525170889e-08,-9.08715079772233e-05,-4.1871257317687e-07,0.000515354895062139
40439.2787985098,-6.25046585907625e-07,-6.67053090486062e-05,1.3867708877782e-07,0.000378287741499655,-3.30841145760236e-08,-9.02456336066501e-05,-4.12964736036841e-07,0.000511805447422328
40719.7311988284,-6.16466586782968e-07,-6.62458367494673e-05,1.36773626713735e-07,0.000375682290670341,-3.26299961493468e-08,-8.96240700258123e-05,-4.07295802208003e-07,0.000508280446207607
41002.1285781671,-6.08004362088745e-07,-6.57895299819971e-05,1.34896288535338e-07,0.00037309478536203,-3.21821105161547e-08,-8.90067875415085e-05,-4.01704688535335e-07,0.000504779723045695
41286.4844252437,-5.996582952615e-07,-6.53363669240663e-05,1.33044715783213e-07,0.00037052510196099,-3.17403721451956e-08,-8.83937566651111e-05,-3.96190326733282e-07,0.000501303110723967
41572.812322323,-5.91426791924367e-07,-6.48863259042508e-05,1.31218554914496e-07,0.000367973117705191,-3.13046966785596e-08,-8.77849481111545e-05,-3.90751663181604e-07,0.000497850443181461
41861.1259458642,-5.8330827958265e-07,-6.44393854007863e-05,1.29417457235498e-07,0.000365438710678436,-3.08750009155938e-08,-8.71803327959355e-05,-3.85387658724061e-07,0.000494421555500947
42151.4390671752,-5.75301207323541e-07,-6.39955240405286e-05,1.27641078835244e-07,0.000362921759804524,-3.04512027970361e-08,-8.65798818361217e-05,-3.80097288469828e-07,0.000491016283901052
42443.7655530697,-5.67404045519987e-07,-6.35547205979225e-05,1.25889080519932e-07,0.000360422144841468,-3.00332213893676e-08,-8.59835665473709e-05,-3.74879541597669e-07,0.000487634465728437
42738.1193665299,-5.59615285538596e-07,-6.31169539939766e-05,1.24161127748278e-07,0.000357939746375731,-2.96209768693777e-08,-8.53913584429587e-05,-3.69733421162766e-07,0.000484275939450021
43034.5145673733,-5.51933439451573e-07,-6.26822032952473e-05,1.22456890567754e-07,0.000355474445816522,-2.92143905089423e-08,-8.4803229232417e-05,-3.64657943906237e-07,0.000480940544645274
43332.9653129246,-5.44357039752576e-07,-6.22504477128278e-05,1.20776043551693e-07,0.000353026125390121,-2.88133846600087e-08,-8.42191508201801e-05,-3.59652140067232e-07,0.000477628121998549
43633.4858586911,-5.36884639076508e-07,-6.18216666013459e-05,1.19118265737255e-07,0.000350594668134247,-2.84178827397877e-08,-8.36390953042424e-05,-3.54715053197644e-07,0.000474338513291475
43936.0905590448,-5.29514809923117e-07,-6.13958394579675e-05,1.17483240564247e-07,0.000348179957892459,-2.80278092161473e-08,-8.30630349748231e-05,-3.49845739979328e-07,0.000471071561395395
44240.7938679069,-5.22246144384415e-07,-6.09729459214088e-05,1.15870655814774e-07,0.000345781879308606,-2.7643089593207e-08,-8.24909423130422e-05,-3.45043270043868e-07,0.000467827110263866
44547.6103394389,-5.15077253875809e-07,-6.05529657709531e-05,1.14280203553722e-07,0.000343400317821305,-2.72636503971291e-08,-8.19227899896032e-05,-3.40306725794781e-07,0.000464605004925201
44856.5546287376,-5.08006768870957e-07,-6.01358789254774e-05,1.12711580070048e-07,0.000341035159658465,-2.68894191621056e-08,-8.13585508634882e-05,-3.35635202232195e-07,0.000461405091475072
45167.641492535,-5.01033338640215e-07,-5.97216654424826e-05,1.11164485818881e-07,0.000338686291831841,-2.65203244165348e-08,-8.07981979806581e-05,-3.31027806779906e-07,0.00045822721706915
45480.8857899031,-4.9415563099272e-07,-5.93103055171337e-05,1.09638625364414e-07,0.000336353602131636,-2.61562956693898e-08,-8.02417045727656e-05,-3.2648365911483e-07,0.000455071229915815
45796.3024829641,-4.87372332021967e-07,-5.89017794813044e-05,1.08133707323572e-07,0.000334036979121128,-2.57972633967722e-08,-7.96890440558738e-05,-3.22001890998786e-07,0.000451936979268892
46113.9066376045,-4.80682145854916e-07,-5.84960678026296e-05,1.0664944431046e-07,0.000331736312131349,-2.544315902865e-08,-7.91401900291863e-05,-3.17581646112592e-07,0.000448824315420467
46433.713424195,-4.74083794404504e-07,-5.8093151083564e-05,1.05185552881563e-07,0.000329451491255781,-2.50939149357779e-08,-7.85951162737842e-05,-3.13222079892437e-07,0.000445733089693721
46755.7381183149,-4.67576017125585e-07,-5.76930100604478e-05,1.03741753481701e-07,0.00032718240734511,-2.47494644167963e-08,-7.80537967513727e-05,-3.08922359368502e-07,0.000442663154435838
47079.9961014825,-4.6115757077419e-07,-5.72956256025784e-05,1.02317770390727e-07,0.000324928952002,-2.44097416855069e-08,-7.75162056030359e-05,-3.04681663005791e-07,0.000439614363010946
47406.5028618884,-4.54827229170115e-07,-5.69009787112893e-05,1.00913331670946e-07,0.000322691017575911,-2.40746818583229e-08,-7.69823171480014e-05,-3.00499180547158e-07,0.000436586569793118
47735.2739951367,-4.48583782962743e-07,-5.65090505190344e-05,9.95281691152602e-08,0.000320468497157951,-2.37442209418911e-08,-7.6452105882411e-05,-2.96374112858474e-07,0.000433579630159412
48066.3252049891,-4.42426039400097e-07,-5.61198222884804e-05,9.81620181960245e-08,0.000318261284575767,-2.34182958208834e-08,-7.59255464781028e-05,-2.92305671775937e-07,0.000430593400482966
48399.6723041153,-4.36352822101047e-07,-5.57332754116033e-05,9.68146180145974e-08,0.000316069274388459,-2.30968442459556e-08,-7.54026137813991e-05,-2.8829307995546e-07,0.000427627738126133
48735.331214848,-4.30362970830658e-07,-5.53493914087938e-05,9.54857112515895e-08,0.000313892361881547,-2.27798048218714e-08,-7.4883282811905e-05,-2.84335570724145e-07,0.000424682501433677
49073.317969944,-4.24455341278597e-07,-5.49681519279664e-05,9.41750441177869e-08,0.000311730443061959,-2.24671169957889e-08,-7.43675287613129e-05,-2.80432387933779e-07,0.000421757549725992
49413.6487133493,-4.18628804840609e-07,-5.45895387436771e-05,9.28823663057507e-08,0.000309583414653061,-2.21587210457075e-08,-7.38553269922177e-05,-2.76582785816357e-07,0.000418852743292399
49756.3397009709,-4.12882248402966e-07,-5.42135337562455e-05,9.1607430942078e-08,0.000307451174089712,-2.18545580690733e-08,-7.33466530369377e-05,-2.72786028841575e-07,0.000415967943384459
50101.4073014524,-4.07214574129888e-07,-5.38401189908839e-05,9.03499945403165e-08,0.00030533361951337,-2.15545699715408e-08,-7.28414825963463e-05,-2.6904139157629e-07,0.000413103012209354
50448.8679969571,-4.0162469925387e-07,-5.34692765968323e-05,8.91098169545236e-08,0.000303230649767213,-2.12586994558878e-08,-7.23397915387087e-05,-2.65348158545901e-07,0.0004102578129233
50798.7383839539,-3.96111555868901e-07,-5.31009888464998e-05,8.78866613334643e-08,0.000301142164391308,-2.09668900110836e-08,-7.18415558985303e-05,-2.61705624097641e-07,0.000407432209625016
51151.0351740109,-3.90674090726501e-07,-5.27352381346111e-05,8.66802940754312e-08,0.000299068063617802,-2.0679085901505e-08,-7.13467518754089e-05,-2.5811309226574e-07,0.000404626067349225
51505.7751945938,-3.85311265034569e-07,-5.237200697736e-05,8.54904847836887e-08,0.000297008248366155,-2.03952321563023e-08,-7.08553558328983e-05,-2.54569876638438e-07,0.000401839252060214
51862.9753898685,-3.80022054258992e-07,-5.20112780115686e-05,8.4317006222525e-08,0.000294962620238405,-2.01152745589096e-08,-7.03673442973786e-05,-2.51075300226835e-07,0.00039907163064543
52222.6528215118,-3.74805447927963e-07,-5.16530339938514e-05,8.31596342739049e-08,0.000292931081514457,-1.98391596366986e-08,-6.98826939569327e-05,-2.47628695335523e-07,0.000396323070909119
52584.8246695256,-3.69660449439002e-07,-5.12972577997867e-05,8.20181478947193e-08,0.000290913535147418,-1.95668346507757e-08,-6.94013816602335e-05,-2.44229403435015e-07,0.000393593441566016
52949.5082330576,-3.64586075868605e-07,-5.0943932423093e-05,8.08923290746172e-08,0.00028890988475895,-1.92982475859177e-08,-6.8923384415436e-05,-2.40876775035906e-07,0.000390882612235068
53316.7209312277,-3.59581357784526e-07,-5.05930409748109e-05,7.97819627944191e-08,0.00028692003463467,-1.90333471406455e-08,-6.84486793890791e-05,-2.37570169564775e-07,0.000388190453433214
53686.4803039601,-3.54645339060611e-07,-5.02445666824916e-05,7.86868369850954e-08,0.000284943889719566,-1.87720827174343e-08,-6.79772439049935e-05,-2.34308955241785e-07,0.000385516836569194
54058.8040128205,-3.49777076694197e-07,-4.98984928893901e-05,7.76067424873115e-08,0.000282981355613457,-1.85144044130577e-08,-6.75090554432185e-05,-2.31092508959966e-07,0.000382861633937408
54433.709841861,-3.44975640625995e-07,-4.95548030536648e-05,7.65414730115226e-08,0.000281032338566479,-1.82602630090643e-08,-6.70440916389245e-05,-2.2792021616615e-07,0.000380224718711818
54811.215698468,-3.4024011356246e-07,-4.92134807475824e-05,7.54908250986204e-08,0.000279096745474604,-1.80096099623848e-08,-6.65823302813453e-05,-2.2479147074355e-07,0.000377605964939889
55191.3396142186,-3.35569590800587e-07,-4.88745096567278e-05,7.44545980811133e-08,0.000277174483875187,-1.77623973960675e-08,-6.6123749312715e-05,-2.2170567489594e-07,0.000375005247536571
55574.0997457415,-3.30963180055123e-07,-4.8537873579221e-05,7.34325940448437e-08,0.000275265461942548,-1.75185780901414e-08,-6.56683268272151e-05,-2.18662239033434e-07,0.000372422442278328
55959.5143755845,-3.26420001288135e-07,-4.82035564249374e-05,7.24246177912252e-08,0.000273369588483576,-1.72781054726038e-08,-6.52160410699261e-05,-2.15660581659828e-07,0.000369857425797201
56347.6019130871,-3.21939186540928e-07,-4.7871542214736e-05,7.14304768000014e-08,0.000271486772933381,-1.70409336105327e-08,-6.47668704357889e-05,-2.12700129261492e-07,0.000367310075574917
56738.380895261,-3.17519879768267e-07,-4.75418150796901e-05,7.04499811925111e-08,0.000269616925350952,-1.68070172013188e-08,-6.43207934685709e-05,-2.09780316197782e-07,0.000364780269937035
57131.8699876742,-3.13161236674872e-07,-4.72143592603263e-05,6.94829436954611e-08,0.000267759956414868,-1.65763115640205e-08,-6.38777888598419e-05,-2.06900584592967e-07,0.000362267888047138
57528.0879853436,-3.08862424554151e-07,-4.68891591058665e-05,6.85291796051906e-08,0.000265915777419017,-1.6348772630835e-08,-6.34378354479541e-05,-2.04060384229622e-07,0.000359772809901055
57927.053813632,-3.04622622129163e-07,-4.65661990734767e-05,6.75885067524301e-08,0.000264084300268369,-1.61243569386877e-08,-6.30009122170319e-05,-2.01259172443507e-07,0.000357294916321137
58328.7865291527,-3.0044101939574e-07,-4.62454637275199e-05,6.66607454675386e-08,0.000262265437474751,-1.59030216209365e-08,-6.25669982959665e-05,-1.98496414019869e-07,0.000354834088950555
58733.3053206791,-2.96316817467783e-07,-4.59269377388155e-05,6.57457185462218e-08,0.000260459102152676,-1.56847243991896e-08,-6.21360729574194e-05,-1.95771581091181e-07,0.000352390210247656
59140.6295100621,-2.92249228424665e-07,-4.56106058839021e-05,6.48432512157156e-08,0.000258665208015183,-1.54694235752358e-08,-6.17081156168305e-05,-1.93084153036276e-07,0.000349963163480341
59550.7785531519,-2.88237475160739e-07,-4.52964530443077e-05,6.39531711014375e-08,0.000256883669369714,-1.52570780230856e-08,-6.12831058314355e-05,-1.90433616380876e-07,0.000347552832720494
59963.7720407286,-2.842807912369e-07,-4.49844642058225e-05,6.30753081940903e-08,0.000255114401114019,-1.50476471811205e-08,-6.08610232992877e-05,-1.8781946469947e-07,0.000345159102838441
60379.6296994364,-2.80378420734202e-07,-4.4674624457779e-05,6.22094948172219e-08,0.000253357318732089,-1.48410910443512e-08,-6.0441847858289e-05,-1.85241198518562e-07,0.000342781859497456
60798.3713927276,-2.76529618109455e-07,-4.43669189923356e-05,6.1355565595224e-08,0.000251612338290111,-1.46373701567808e-08,-6.00255594852247e-05,-1.82698325221224e-07,0.000340420989148293
61220.0171218097,-2.72733648052838e-07,-4.40613331037658e-05,6.05133574217748e-08,0.000249879376432462,-1.44364456038737e-08,-5.96121382948082e-05,-1.80190358952975e-07,0.000338076379023767
61644.5870266023,-2.68989785347433e-07,-4.37578521877523e-05,5.968270942871e-08,0.000248158350377722,-1.42382790051269e-08,-5.92015645387294e-05,-1.77716820528947e-07,0.000335747917133365
62072.1013866976,-2.65297314730715e-07,-4.34564617406862e-05,5.88634629553238e-08,0.000246449177914715,-1.40428325067436e-08,-5.87938186047116e-05,-1.75277237342326e-07,0.000333435492257901
62502.5806223305,-2.61655530757916e-07,-4.31571473589706e-05,5.8055461518087e-08,0.000244751777398586,-1.38500687744072e-08,-5.83888810155736e-05,-1.72871143274045e-07,0.000331138993944197
62936.0452953524,-2.58063737667293e-07,-4.28598947383294e-05,5.7258550780785e-08,0.00024306606774689,-1.36599509861544e-08,-5.79867324282996e-05,-1.70498078603728e-07,0.000328858312499811
63372.5161102152,-2.54521249247212e-07,-4.25646896731205e-05,5.64725785250595e-08,0.000241391968435724,-1.3472442825346e-08,-5.7587353633114e-05,-1.68157589921843e-07,0.000326593338987799
63812.0139149584,-2.5102738870509e-07,-4.2271518055655e-05,5.56973946213591e-08,0.000239729399495874,-1.32875084737338e-08,-5.71907255525642e-05,-1.65849230043075e-07,0.000324343965221509
64254.5597022062,-2.47581488538105e-07,-4.19803658755191e-05,5.49328510002848e-08,0.000238078281508992,-1.31051126046231e-08,-5.67968292406078e-05,-1.63572557920875e-07,0.000322110083759412
64700.1746101695,-2.44182890405704e-07,-4.16912192189029e-05,5.41788016243299e-08,0.000236438535603806,-1.29252203761288e-08,-5.64056458817084e-05,-1.61327138563191e-07,0.000319891587899974
65148.8799236562,-2.40830945003841e-07,-4.1404064267932e-05,5.34351024600059e-08,0.000234810083452342,-1.27477974245231e-08,-5.60171567899353e-05,-1.59112542949353e-07,0.000317688371676557
65600.697075087,-2.37525011940961e-07,-4.11188873000051e-05,5.2701611450353e-08,0.000233192847266188,-1.25728098576762e-08,-5.56313434080716e-05,-1.569283479481e-07,0.000315500329852358
66055.6476455202,-2.34264459615664e-07,-4.08356746871353e-05,5.19781884878237e-08,0.000231586749792771,-1.24002242485853e-08,-5.52481873067261e-05,-1.54774136236726e-07,0.000313327357915381
66513.7533656814,-2.3104866509607e-07,-4.0554412895297e-05,5.12646953875426e-08,0.000229991714311667,-1.2230007628993e-08,-5.48676701834541e-05,-1.52649496221352e-07,0.000311169352073447
66975.0361170023,-2.27877014000816e-07,-4.02750884837759e-05,5.05609958609283e-08,0.000228407664630933,-1.20621274830932e-08,-5.4489773861881e-05,-1.50554021958268e-07,0.000309026209249234
67439.5179326655,-2.24748900381713e-07,-3.99976881045248e-05,4.98669554896809e-08,0.000226834525083468,-1.18965517413236e-08,-5.41144802908355e-05,-1.48487313076384e-07,0.000306897827075358
67907.2209986571,-2.21663726607982e-07,-3.97221985015234e-05,4.91824417001229e-08,0.000225272220523393,-1.17332487742425e-08,-5.37417715434856e-05,-1.46448974700716e-07,0.000304784103889476
68378.167654826,-2.18620903252111e-07,-3.94486065101425e-05,4.85073237378944e-08,0.000223720676322462,-1.15721873864903e-08,-5.33716298164828e-05,-1.44438617376948e-07,0.000302684938729439
68852.3803959518,-2.15619848977254e-07,-3.91768990565123e-05,4.78414726429935e-08,0.000222179818366496,-1.14133368108339e-08,-5.30040374291105e-05,-1.42455856997012e-07,0.000300600231328458
69329.8818728181,-2.12659990426185e-07,-3.89070631568964e-05,4.71847612251597e-08,0.000220649573051838,-1.12566667022918e-08,-5.26389768224402e-05,-1.40500314725699e-07,0.000298529882110329
69810.6948932956,-2.09740762111777e-07,-3.8639085917068e-05,4.65370640395946e-08,0.000219129867281839,-1.11021471323412e-08,-5.22764305584911e-05,-1.38571616928272e-07,0.000296473792184664
70294.8424234306,-2.06861606308982e-07,-3.83729545316926e-05,4.58982573630162e-08,0.000217620628463362,-1.09497485832031e-08,-5.19163813193981e-05,-1.36669395099077e-07,0.000294431863342174
70782.3475885425,-2.04021972948291e-07,-3.81086562837136e-05,4.52682191700397e-08,0.000216121784503312,-1.07994419422071e-08,-5.15588119065834e-05,-1.34793285791133e-07,0.000292403998049976
71273.2336743282,-2.01221319510661e-07,-3.78461785437428e-05,4.46468291098845e-08,0.000214633263805195,-1.06511984962322e-08,-5.1203705239935e-05,-1.32942930546688e-07,0.000290390099446938
71767.5241279742,-1.9845911092388e-07,-3.75855087694546e-05,4.40339684833984e-08,0.000213154995265692,-1.05049899262249e-08,-5.08510443569902e-05,-1.31117975828724e-07,0.000288390071339045
72265.2425592773,-1.95734819460355e-07,-3.73266345049849e-05,4.34295202203987e-08,0.000211686908271261,-1.03607883017922e-08,-5.05008124121257e-05,-1.29318072953413e-07,0.000286403818194809
72766.4127417709,-1.93047924636308e-07,-3.70695433803344e-05,4.28333688573228e-08,0.000210228932694768,-1.02185660758683e-08,-5.0152992675752e-05,-1.2754287802349e-07,0.000284431245140709
73271.058613862,-1.90397913112342e-07,-3.68142231107751e-05,4.22454005151853e-08,0.000208780998892127,-1.00782960794548e-08,-4.98075685335141e-05,-1.25792051862543e-07,0.000282472257956652
73779.2042799737,-1.87784278595392e-07,-3.65606614962617e-05,4.16655028778388e-08,0.000207343037698979,-9.93995151643335e-09,-4.9464523485498e-05,-1.24065259950213e-07,0.000280526763071479
74290.8740116972,-1.85206521741999e-07,-3.63088464208468e-05,4.10935651705299e-08,0.000205914980427385,-9.80350595844885e-09,-4.91238411454418e-05,-1.22362172358268e-07,0.000278594667558489
74806.0922489501,-1.82664150062931e-07,-3.60587658521005e-05,4.05294781387528e-08,0.000204496758862541,-9.66893333986324e-09,-4.87855052399531e-05,-1.20682463687573e-07,0.000276675879131009
75324.8836011454,-1.80156677829098e-07,-3.58104078405332e-05,3.99731340273898e-08,0.000203088305259519,-9.53620795277822e-09,-4.84494996077309e-05,-1.19025813005908e-07,0.000274770306137977
75847.2728483651,-1.77683625978769e-07,-3.55637605190235e-05,3.94244265601404e-08,0.000201689552340034,-9.40530444212662e-09,-4.8115808198794e-05,-1.17391903786654e-07,0.00027287785755957
76373.2849425456,-1.75244522026056e-07,-3.5318812102249e-05,3.88832509192299e-08,0.000200300433289223,-9.27619780083067e-09,-4.77844150737133e-05,-1.1578042384831e-07,0.000270998443002854
76902.9450086679,-1.72838899970657e-07,-3.50755508861222e-05,3.8349503725399e-08,0.000198920881752454,-9.14886336502709e-09,-4.74553044028513e-05,-1.14191065294845e-07,0.000269131972697468
77436.2783459591,-1.70466300208837e-07,-3.48339652472291e-05,3.78230830181652e-08,0.000197550831832157,-9.02327680935719e-09,-4.71284604656043e-05,-1.12623524456873e-07,0.000267278357491334
77973.3104290997,-1.68126269445628e-07,-3.45940436422726e-05,3.73038882363573e-08,0.000196190218084674,-8.89941414232216e-09,-4.68038676496525e-05,-1.11077501833625e-07,0.000265437508846401
78514.0669094413,-1.65818360608239e-07,-3.43557746075192e-05,3.67918201989149e-08,0.000194838975517131,-8.77725170170156e-09,-4.64815104502133e-05,-1.09552702035727e-07,0.000263609338834412
79058.5736162311,-1.63542132760651e-07,-3.41191467582501e-05,3.62867810859525e-08,0.000193497039584332,-8.65676615003498e-09,-4.61613734693008e-05,-1.08048833728761e-07,0.00026179376013271
79606.8565578463,-1.61297151019385e-07,-3.38841487882154e-05,3.57886744200823e-08,0.000192164346185677,-8.53793447016543e-09,-4.58434414149897e-05,-1.06565609577597e-07,0.000259990686020062
80158.9419230357,-1.59082986470424e-07,-3.36507694690928e-05,3.52974050479947e-08,0.000190840831662097,-8.42073396084425e-09,-4.5527699100685e-05,-1.05102746191494e-07,0.000258200030372518
80714.8560821713,-1.56899216087281e-07,-3.34189976499493e-05,3.48128791222889e-08,0.00018952643279301,-8.3051422323957e-09,-4.52141314443963e-05,-1.03659964069954e-07,0.000256421707659298
81274.6255885071,-1.54745422650184e-07,-3.31888222567077e-05,3.43350040835559e-08,0.000188221086793306,-8.19113720244177e-09,-4.49027234680169e-05,-1.02236987549316e-07,0.000254655632938707
81838.2771794484,-1.52621194666375e-07,-3.29602322916154e-05,3.38636886427037e-08,0.00018692473131034,-8.07869709168484e-09,-4.45934602966083e-05,-1.00833544750085e-07,0.000252901721854077
82405.8377778279,-1.50526126291502e-07,-3.27332168327182e-05,3.33988427635288e-08,0.00018563730442096,-7.96780041974904e-09,-4.42863271576899e-05,-9.94493675249871e-08,0.000251159890629737
82977.3344931927,-1.48459817252088e-07,-3.25077650333368e-05,3.29403776455228e-08,0.00018435874462854,-7.85842600107778e-09,-4.39813093805323e-05,-9.8084191407733e-08,0.000249430056067011
83552.7946230977,-1.46421872769069e-07,-3.22838661215474e-05,3.2488205706918e-08,0.000183088990860047,-7.75055294088836e-09,-4.36783923954572e-05,-9.67377555624878e-08,0.000247712135540249
84132.2456544116,-1.44411903482372e-07,-3.2061509399666e-05,3.20422405679637e-08,0.000181827982463121,-7.64416063118147e-09,-4.33775617331405e-05,-9.54098027340317e-08,0.000246006046992873
84715.7152646274,-1.4242952537654e-07,-3.18406842437359e-05,3.16023970344325e-08,0.000180575659203177,-7.53922874680582e-09,-4.30788030239217e-05,-9.41000791986095e-08,0.000244311708933461
85303.2313231867,-1.40474359707368e-07,-3.16213801030188e-05,3.11685910813526e-08,0.000179331961260527,-7.43573724157645e-09,-4.27821019971167e-05,-9.28083347154492e-08,0.000242629040431856
85894.8218928089,-1.38546032929551e-07,-3.14035864994898e-05,3.07407398369643e-08,0.000178096829227522,-7.33366634444678e-09,-4.24874444803363e-05,-9.15343224789518e-08,0.000240957961115298
86490.5152308334,-1.36644176625325e-07,-3.11872930273353e-05,3.03187615668942e-08,0.00017687020410571,-7.2329965557324e-09,-4.21948163988091e-05,-9.02777990715317e-08,0.000239298391164588
87090.3397905676,-1.34768427434082e-07,-3.09724893524553e-05,2.99025756585494e-08,0.000175652027303024,-7.13370864338754e-09,-4.19042037747087e-05,-8.90385244171103e-08,0.000237650251310269
87694.3242226474,-1.3291842698296e-07,-3.0759165211968e-05,2.94921026057231e-08,0.000174442240630975,-7.03578363933188e-09,-4.16155927264863e-05,-8.78162617352424e-08,0.000236013462828848
88302.4973764047,-1.3109382181838e-07,-3.05473104137187e-05,2.90872639934138e-08,0.000173240786301877,-6.93920283582834e-09,-4.13289694682071e-05,-8.6610777495878e-08,0.00023438794753903
88914.8883012464,-1.29294263338517e-07,-3.03369148357915e-05,2.86879824828501e-08,0.00017204760692608,-6.84394778191004e-09,-4.10443203088918e-05,-8.54218413747392e-08,0.000232773627797985
89531.5262480405,-1.27519407726714e-07,-3.01279684260252e-05,2.82941817967237e-08,0.000170862645509237,-6.75000027985681e-09,-4.07616316518624e-05,-8.42492262093154e-08,0.00023117042649764
90152.440670515,-1.25768915885794e-07,-2.99204612015316e-05,2.79057867046224e-08,0.00016968584544957,-6.65734238171948e-09,-4.04808899940926e-05,-8.30927079554578e-08,0.000229578267060996
90777.661226663,-1.24042453373281e-07,-2.97143832482177e-05,2.75227230086653e-08,0.000168517150535174,-6.56595638589242e-09,-4.02020819255629e-05,-8.19520656445736e-08,0.00022799707343847
91407.217780161,-1.22339690337508e-07,-2.9509724720311e-05,2.71449175293324e-08,0.000167356504941326,-6.47582483373257e-09,-3.99251941286194e-05,-8.08270813414043e-08,0.000226426770104261
92041.1404017939,-1.20660301454605e-07,-2.93064758398885e-05,2.67722980914919e-08,0.000166203853227821,-6.3869305062254e-09,-3.9650213377338e-05,-7.97175401023875e-08,0.000224867282052746
92679.4593708925,-1.19003965866346e-07,-2.91046268964079e-05,2.64047935106154e-08,0.000165059140336321,-6.29925642069601e-09,-3.9377126536892e-05,-7.86232299345857e-08,0.000223318534794892
93322.2051767786,-1.17370367118858e-07,-2.89041682462438e-05,2.60423335791859e-08,0.000163922311587726,-6.21278582756599e-09,-3.91059205629254e-05,-7.75439417551842e-08,0.000221780454354705
93969.4085202226,-1.15759193102159e-07,-2.8705090312225e-05,2.56848490532887e-08,0.000162793312679559,-6.12750220715418e-09,-3.88365825009287e-05,-7.64794693515395e-08,0.000220252967265691
94621.1003149089,-1.14170135990539e-07,-2.8507383583177e-05,2.53322716393897e-08,0.000161672089683374,-6.04338926652178e-09,-3.85690994856205e-05,-7.54296093417812e-08,0.000218736000567347
95277.3116889132,-1.12602892183748e-07,-2.8311038613466e-05,2.49845339812924e-08,0.000160558589042177,-5.9604309363605e-09,-3.83034587403329e-05,-7.43941611359505e-08,0.000217229481801679
95938.0739861886,-1.11057162249e-07,-2.81160460225473e-05,2.46415696472752e-08,0.000159452757567869,-5.87861136792351e-09,-3.80396475764009e-05,-7.33729268976758e-08,0.000215733339009741
96603.4187680637,-1.09532650863765e-07,-2.79223964945161e-05,2.43033131174046e-08,0.000158354542438705,-5.7979149299984e-09,-3.77776533925561e-05,-7.23657115063709e-08,0.000214247500728194
97273.3778147489,-1.08029066759357e-07,-2.77300807776618e-05,2.39696997710231e-08,0.000157263891196769,-5.71832620592182e-09,-3.75174636743251e-05,-7.13723225199562e-08,0.000212771895985897
97947.983126856,-1.06546122665281e-07,-2.75390896840248e-05,2.36406658744075e-08,0.000156180751745466,-5.63982999063489e-09,-3.72590659934309e-05,-7.03925701380868e-08,0.000211306454300512
98627.2669269249,-1.0508353525436e-07,-2.73494140889575e-05,2.33161485685986e-08,0.000155105072347038,-5.56241128777928e-09,-3.70024480071998e-05,-6.94262671658904e-08,0.000209851105675145
99311.2616609643,-1.03641025088604e-07,-2.71610449306869e-05,2.2996085857395e-08,0.000154036801620086,-5.4860553068328e-09,-3.67475974579713e-05,-6.84732289781986e-08,0.000208405780594994
100000,-1.02218316565825e-07,-2.69739732098814e-05,2.26804165955145e-08,0.000152975888537121,-5.4107474602846e-09,-3.64945021725129e-05,-6.7533273484273e-08,0.000206970410024035
