Frequency_Hz,Y11_Real,Y11_Imag,Y12_Real,Y12_Imag,Y21_Real,Y21_Imag,Y22_Real,Y22_Imag
0.1,0.597634648032001,-0.0059495617344786,-0.341992940639252,-0.000493152840888335,0.111534537004066,-0.000493351585877536,-0.776725383289654,-3.65573305880634e-05
0.100693514841637,0.597634154588771,-0.00599084483130257,-0.341993057810952,-0.000496576962258631,0.111534597050646,-0.000496779865734132,-0.776726611096464,-3.67509731331109e-05
0.10139183931163,0.597633654220265,-0.00603241468956406,-0.341993176622577,-0.000500024914426255,0.111534657921665,-0.000500232063325411,-0.776727855913931,-3.69447076598792e-05
0.102095006765465,0.597633146828501,-0.00607427330743345,-0.341993297097205,-0.000503496864404149,0.111534719628281,-0.000503708347479252,-0.776729117976626,-3.71385087283294e-05
0.102803050789954,0.597632632314084,-0.00611642269713165,-0.341993419258243,-0.000506992980399415,0.111534782181802,-0.000507208888255508,-0.776730397522321,-3.73323501801914e-05
0.103516005204838,0.597632110576193,-0.00615886488503142,-0.341993543129432,-0.000510513431822355,0.11153484559368,-0.000510733856955804,-0.776731694792037,-3.75262051227829e-05
0.104233904064403,0.597631581512555,-0.00620160191175938,-0.341993668734848,-0.000514058389295533,0.111534909875521,-0.000514283426133415,-0.776733010030084,-3.77200459125773e-05
0.104956781659108,0.597631045019427,-0.00624463583229903,-0.341993796098913,-0.000517628024662963,0.11153497503908,-0.000517857769603272,-0.776734343484105,-3.79138441381835e-05
0.105684672517218,0.597630500991571,-0.00628796871609427,-0.341993925246395,-0.000521222510999349,0.111535041096267,-0.000521457062452023,-0.776735695405124,-3.81075706033102e-05
0.106417611406461,0.597629949322235,-0.00633160264715406,-0.341994056202415,-0.00052484202261941,0.111535108059149,-0.000525081481048225,-0.776737066047586,-3.83011953090373e-05
0.10715563333568,0.597629389903129,-0.00637553972415742,-0.341994188992453,-0.000528486735087288,0.111535175939948,-0.000528731203052608,-0.776738455669409,-3.84946874359623e-05
0.107898773556513,0.597628822624401,-0.00641978206055985,-0.341994323642352,-0.000532156825226037,0.111535244751048,-0.000532406407428457,-0.776739864532023,-3.86880153258398e-05
0.108647067565072,0.597628247374617,-0.00646433178469991,-0.341994460178321,-0.000535852471127195,0.111535314504992,-0.00053610727445208,-0.776741292900422,-3.88811464628394e-05
0.109400551103639,0.597627664040733,-0.00650919103990722,-0.341994598626946,-0.000539573852160432,0.111535385214489,-0.000539833985723394,-0.776742741043212,-3.90740474545126e-05
0.110159260162376,0.597627072508074,-0.00655436198461087,-0.341994739015192,-0.000543321148983293,0.111535456892412,-0.000543586724176595,-0.776744209232654,-3.92666840122111e-05
0.11092323098104,0.597626472660311,-0.00659984679244892,-0.341994881370406,-0.000547094543551022,0.1115355295518,-0.000547365674090948,-0.776745697744717,-3.94590209312554e-05
0.111692500050717,0.597625864379433,-0.00664564765237855,-0.341995025720328,-0.000550894219126454,0.111535603205863,-0.000551171021101669,-0.776747206859128,-3.96510220705068e-05
0.112467104115564,0.597625247545724,-0.00669176676878728,-0.341995172093094,-0.000554720360290028,0.111535677867983,-0.00055500295221093,-0.776748736859416,-3.98426503316757e-05
0.113247080174565,0.597624622037735,-0.0067382063616049,-0.341995320517242,-0.000558573152949864,0.111535753551713,-0.000558861655798954,-0.776750288032972,-4.00338676381159e-05
0.114032465483296,0.597623987732264,-0.00678496866641639,-0.341995471021716,-0.000562452784351932,0.111535830270783,-0.000562747321635237,-0.776751860671089,-4.02246349132176e-05
0.114823297555707,0.597623344504322,-0.00683205593457551,-0.341995623635876,-0.00056635944309031,0.111535908039101,-0.000566660140889867,-0.776753455069024,-4.04149120582439e-05
0.115619614165913,0.597622692227112,-0.00687947043331956,-0.341995778389501,-0.000570293319117537,0.111535986870753,-0.000570600306144961,-0.776755071526044,-4.0604657929863e-05
0.116421453349997,0.597622030771999,-0.00692721444588478,-0.341995935312796,-0.000574254603755056,0.111536066780008,-0.000574568011406222,-0.776756710345482,-4.07938303170624e-05
0.117228853407829,0.597621360008484,-0.0069752902716229,-0.341996094436398,-0.000578243489703748,0.111536147781318,-0.000578563452114597,-0.77675837183479,-4.09823859177094e-05
0.118041852904894,0.597620679804175,-0.0070237002261183,-0.341996255791384,-0.000582260171054563,0.111536229889321,-0.000582586825158059,-0.776760056305592,-4.11702803145425e-05
0.118860490674132,0.597619990024761,-0.00707244664130641,-0.341996419409275,-0.000586304843299232,0.111536313118844,-0.000586638328883522,-0.776761764073743,-4.13574679506423e-05
0.1196848058178,0.597619290533977,-0.00712153186559274,-0.341996585322042,-0.000590377703341102,0.111536397484904,-0.000590718163108844,-0.776763495459381,-4.15439021044725e-05
0.120514837709331,0.597618581193581,-0.00717095826397317,-0.341996753562118,-0.000594478949506045,0.11153648300271,-0.000594826529134982,-0.776765250786987,-4.17295348643862e-05
0.12135062599522,0.597617861863324,-0.00722072821815483,-0.341996924162399,-0.000598608781553457,0.111536569687667,-0.00059896362975825,-0.776767030385436,-4.19143171024802e-05
0.122192210596917,0.597617132400914,-0.00727084412667819,-0.341997097156251,-0.00060276740068739,0.111536657555375,-0.000603129669282709,-0.776768834588064,-4.20981984481233e-05
0.123039631712731,0.597616392661991,-0.00732130840503999,-0.341997272577521,-0.000606955009567752,0.111536746621635,-0.000607324853532686,-0.776770663732719,-4.22811272607487e-05
0.123892929819754,0.597615642500093,-0.00737212348581723,-0.341997450460543,-0.000611171812321626,0.111536836902449,-0.000611549389865414,-0.776772518161825,-4.24630506021054e-05
0.124752145675793,0.597614881766624,-0.00742329181879208,-0.341997630840142,-0.000615418014554677,0.111536928414024,-0.000615803487183807,-0.776774398222438,-4.26439142080792e-05
0.125617320321316,0.597614110310824,-0.0074748158710777,-0.341997813751643,-0.000619693823362675,0.11153702117277,-0.000620087355949364,-0.776776304266312,-4.2823662459758e-05
0.126488495081411,0.597613327979733,-0.00752669812724523,-0.34199799923088,-0.000623999447343117,0.11153711519531,-0.000624401208195199,-0.776778236649957,-4.30022383539758e-05
0.127365711567764,0.597612534618161,-0.00757894108945162,-0.341998187314202,-0.000628335096606957,0.111537210498473,-0.000628745257539219,-0.776780195734701,-4.31795834732324e-05
0.128249011680643,0.597611730068653,-0.00763154727756868,-0.341998378038481,-0.000632700982790434,0.111537307099306,-0.000633119719197433,-0.776782181886755,-4.33556379550171e-05
0.129138437610901,0.59761091417145,-0.0076845192293128,-0.341998571441118,-0.000637097319067024,0.111537405015068,-0.000637524809997387,-0.776784195477277,-4.35303404604723e-05
0.130034031841991,0.597610086764463,-0.00773785950037616,-0.341998767560055,-0.000641524320159488,0.111537504263239,-0.000641960748391766,-0.776786236882435,-4.37036281423636e-05
0.130935837151994,0.59760924768323,-0.00779157066455865,-0.341998966433778,-0.000645982202352033,0.111537604861516,-0.000646427754472103,-0.776788306483473,-4.38754366125713e-05
0.131843896615665,0.597608396760884,-0.00784565531390079,-0.34199916810133,-0.000650471183502583,0.111537706827822,-0.000650926049982662,-0.776790404666778,-4.4045699908582e-05
0.132758253606487,0.597607533828112,-0.00790011605881815,-0.341999372602315,-0.000654991483055182,0.111537810180303,-0.000655455858334452,-0.776792531823949,-4.4214350459662e-05
0.133678951798747,0.597606658713122,-0.00795495552823629,-0.341999579976908,-0.000659543322052476,0.111537914937335,-0.000660017404619386,-0.776794688351857,-4.43813190520934e-05
0.134606035169616,0.597605771241606,-0.00801017636972718,-0.341999790265866,-0.000664126923148345,0.111538021117524,-0.000664610915624601,-0.776796874652725,-4.45465347937643e-05
0.135539548001256,0.597604871236694,-0.00806578124964659,-0.342000003510531,-0.000668742510620638,0.111538128739707,-0.000669236619846927,-0.776799091134188,-4.47099250779556e-05
0.136479534882933,0.597603958518924,-0.00812177285327235,-0.342000219752844,-0.000673390310383994,0.111538237822957,-0.000673894747507485,-0.776801338209368,-4.48714155465921e-05
0.137426040713143,0.597603032906196,-0.00817815388494427,-0.342000439035353,-0.000678070550002876,0.111538348386587,-0.000678585530566489,-0.776803616296943,-4.50309300525156e-05
0.138379110701763,0.597602094213734,-0.00823492706820447,-0.342000661401219,-0.000682783458704595,0.111538460450148,-0.000683309202738157,-0.776805925821224,-4.51883906210232e-05
0.139338790372205,0.597601142254045,-0.00829209514593951,-0.342000886894227,-0.00068752926739258,0.111538574033435,-0.00068806599950581,-0.776808267212218,-4.53437174107937e-05
0.140305125563594,0.597600176836875,-0.00834966088052316,-0.342001115558799,-0.000692308208659678,0.111538689156488,-0.000692856158137128,-0.776810640905713,-4.54968286737467e-05
0.141278162432955,0.597599197769171,-0.00840762705396061,-0.342001347439995,-0.000697120516801651,0.111538805839596,-0.000697679917699557,-0.776813047343345,-4.56476407143386e-05
0.14225794745742,0.597598204855032,-0.00846599646803378,-0.342001582583532,-0.000701966427830739,0.111538924103299,-0.000702537519075917,-0.776815486972676,-4.57960678477282e-05
0.143244527436446,0.59759719789567,-0.00852477194444764,-0.342001821035786,-0.000706846179489394,0.11153904396839,-0.00070742920498012,-0.77681796024727,-4.59420223574633e-05
0.14423794949405,0.597596176689362,-0.00858395632497801,-0.34200206284381,-0.00071176001126413,0.111539165455916,-0.000712355219973121,-0.776820467626771,-4.60854144519601e-05
0.145238261081064,0.597595141031409,-0.00864355247162024,-0.342002308055333,-0.000716708164399492,0.111539288587187,-0.000717315810479001,-0.776823009576981,-4.62261522202398e-05
0.146245509977397,0.597594090714082,-0.00870356326673937,-0.342002556718784,-0.00072169088191218,0.11153941338377,-0.000722311224801252,-0.776825586569938,-4.63641415868327e-05
0.147259744294318,0.597593025526586,-0.00876399161322129,-0.342002808883288,-0.000726708408605289,0.1115395398675,-0.000727341713139211,-0.776828199083997,-4.6499286265593e-05
0.148281012476756,0.597591945255002,-0.00882484043462522,-0.34200306459869,-0.000731760991082686,0.111539668060476,-0.000732407527604698,-0.77683084760391,-4.66314877127227e-05
0.149309363305612,0.597590849682245,-0.00888611267533747,-0.342003323915556,-0.000736848877763543,0.111539797985067,-0.000737508922238833,-0.77683353262091,-4.6760645078768e-05
0.150344845900091,0.597589738588013,-0.00894781130072633,-0.342003586885188,-0.000741972318896976,0.111539929663915,-0.000742646153029031,-0.776836254632792,-4.68866551595545e-05
0.151387509720044,0.597588611748734,-0.00900993929729837,-0.342003853559635,-0.000747131566576866,0.111540063119935,-0.000747819477926185,-0.776839014143995,-4.70094123464423e-05
0.152437404568337,0.597587468937522,-0.00907249967285579,-0.342004123991704,-0.000752326874756776,0.111540198376322,-0.000753029156862043,-0.776841811665691,-4.71288085750893e-05
0.153494580593225,0.597586309924117,-0.00913549545665542,-0.34200439823497,-0.00075755849926506,0.11154033545655,-0.000758275451766797,-0.776844647715869,-4.72447332735756e-05
0.154559088290748,0.597585134474839,-0.00919892969956847,-0.342004676343792,-0.00076282669782006,0.111540474384375,-0.000763558626586809,-0.776847522819419,-4.73570733093634e-05
0.155630978507143,0.59758394235253,-0.00926280547424222,-0.342004958373317,-0.000768131730045521,0.111540615183842,-0.000768878947302622,-0.776850437508223,-4.74657129350131e-05
0.156710302441275,0.597582733316502,-0.00932712587526255,-0.342005244379502,-0.000773473857486091,0.11154075787928,-0.000774236681947085,-0.776853392321243,-4.75705337331239e-05
0.15779711164708,0.597581507122482,-0.00939189401931781,-0.342005534419118,-0.000778853343622983,0.111540902495313,-0.000779632100623744,-0.776856387804609,-4.76714145596982e-05
0.158891458036027,0.597580263522554,-0.00945711304536459,-0.342005828549765,-0.00078427045388986,0.111541049056859,-0.000785065475525415,-0.776859424511711,-4.77682314870137e-05
0.159993393879601,0.5975790022651,-0.00952278611479393,-0.342006126829888,-0.000789725455688738,0.111541197589129,-0.000790537080952954,-0.77686250300329,-4.78608577446221e-05
0.161102971811794,0.597577723094749,-0.00958891641159982,-0.342006429318783,-0.000795218618406201,0.111541348117638,-0.000796047193334281,-0.776865623847533,-4.79491636596607e-05
0.162220244831628,0.597576425752309,-0.00965550714254841,-0.342006736076618,-0.000800750213429629,0.111541500668201,-0.000801596091243566,-0.776868787620161,-4.80330165957832e-05
0.163345266305675,0.597575109974713,-0.00972256153734899,-0.34200704716444,-0.000806320514163717,0.111541655266939,-0.000807184055420677,-0.776871994904532,-4.81122808908899e-05
0.164478089970617,0.597573775494954,-0.00979008284882606,-0.34200736264419,-0.000811929796047026,0.11154181194028,-0.00081281136879082,-0.776875246291728,-4.81868177935121e-05
0.165618769935804,0.597572422042027,-0.00985807435309324,-0.342007682578719,-0.000817578336568816,0.111541970714963,-0.000818478316484431,-0.776878542380658,-4.82564853980724e-05
0.166767360685846,0.59757104934086,-0.00992653934972815,-0.342008007031799,-0.000823266415285963,0.111542131618041,-0.000824185185857259,-0.776881883778154,-4.83211385787219e-05
0.167923917083208,0.597569657112254,-0.00999548116194909,-0.34200833606814,-0.000828994313840078,0.111542294676884,-0.000829932266510719,-0.77688527109907,-4.83806289219291e-05
0.169088494370839,0.597568245072817,-0.0100649031367929,-0.3420086697534,-0.000834762315974782,0.111542459919178,-0.000835719850312448,-0.77688870496638,-4.84348046576807e-05
0.170261148174801,0.597566812934895,-0.0101348086452945,-0.342009008154206,-0.000840570707553159,0.111542627372933,-0.000841548231417119,-0.776892186011283,-4.84835105891909e-05
0.171441934506935,0.597565360406505,-0.0102052010826679,-0.342009351338162,-0.000846419776575396,0.111542797066483,-0.000847417706287479,-0.776895714873302,-4.85265880215136e-05
0.172630909767531,0.59756388719127,-0.0102760838684882,-0.342009699373869,-0.000852309813196548,0.111542969028489,-0.000853328573715638,-0.776899292200388,-4.85638746883094e-05
0.173828130748022,0.597562392988341,-0.0103474604468763,-0.342010052330938,-0.000858241109744544,0.111543143287942,-0.000859281134844611,-0.776902918649025,-4.85952046775234e-05
0.1750336546337,0.597560877492334,-0.0104193342866835,-0.342010410280006,-0.000864213960738334,0.111543319874166,-0.000865275693190097,-0.776906594884335,-4.86204083554181e-05
0.176247539006444,0.597559340393252,-0.0104917088816791,-0.342010773292754,-0.000870228662906207,0.111543498816819,-0.000871312554662518,-0.776910321580185,-4.86393122889617e-05
0.177469841847474,0.597557781376412,-0.0105645877507385,-0.342011141441917,-0.000876285515204339,0.111543680145899,-0.00087739202758933,-0.776914099419294,-4.86517391668911e-05
0.178700621540116,0.597556200122372,-0.0106379744380336,-0.34201151480131,-0.00088238481883547,0.111543863891743,-0.000883514422737562,-0.776917929093342,-4.8657507719152e-05
0.179939936872594,0.597554596306853,-0.0107118725132244,-0.342011893445834,-0.00088852687726782,0.111544050085033,-0.000889680053336647,-0.776921811303079,-4.86564326346722e-05
0.181187847040838,0.597552969600662,-0.010786285571652,-0.342012277451502,-0.000894711996254146,0.111544238756794,-0.00089588923510151,-0.776925746758439,-4.86483244774294e-05
0.182444411651309,0.59755131966961,-0.0108612172345337,-0.342012666895451,-0.000900940483851021,0.111544429938404,-0.000902142286255937,-0.776929736178648,-4.86329896010607e-05
0.183709690723849,0.597549646174436,-0.0109366711491594,-0.342013061855959,-0.000907212650438311,0.111544623661588,-0.000908439527556208,-0.776933780292341,-4.86102300616409e-05
0.184983744694544,0.597547948770722,-0.0110126509890894,-0.342013462412467,-0.000913528808738824,0.111544819958429,-0.000914781282315,-0.776937879837675,-4.85798435287677e-05
0.186266634418617,0.597546227108812,-0.0110891604543548,-0.342013868645595,-0.000919889273838184,0.111545018861361,-0.000921167876425614,-0.776942035562442,-4.85416231948699e-05
0.187558421173328,0.597544480833725,-0.0111662032716581,-0.342014280637157,-0.000926294363204866,0.111545220403182,-0.000927599638386438,-0.77694624822419,-4.84953576827124e-05
0.188859166660905,0.597542709585069,-0.0112437831945767,-0.342014698470187,-0.000932744396710486,0.111545424617049,-0.000934076899325738,-0.776950518590341,-4.84408309510687e-05
0.190168933011491,0.597540912996954,-0.0113219040037674,-0.34201512222895,-0.000939239696650262,0.111545631536482,-0.000940599993026731,-0.776954847438305,-4.83778221986725e-05
0.191487782786108,0.597539090697904,-0.0114005695071732,-0.342015551998968,-0.00094578058776368,0.111545841195369,-0.000947169255952945,-0.776959235555604,-4.83061057660467e-05
0.192815778979652,0.597537242310763,-0.0114797835402308,-0.342015987867034,-0.000952367397255384,0.111546053627966,-0.000953785027273907,-0.776963683739994,-4.8225451035569e-05
0.194152985023894,0.597535367452604,-0.011559549966081,-0.342016429921238,-0.000959000454816284,0.1115462688689,-0.000960447648891113,-0.776968192799587,-4.8135622329526e-05
0.195499464790516,0.597533465734637,-0.0116398726757802,-0.342016878250982,-0.000965680092644845,0.111546486953172,-0.000967157465464333,-0.776972763552971,-4.80363788061267e-05
0.196855282594159,0.597531536762108,-0.0117207555885136,-0.342017332947002,-0.00097240664546864,0.111546707916156,-0.000973914824438217,-0.77697739682934,-4.79274743535041e-05
0.198220503195496,0.597529580134208,-0.0118022026518102,-0.342017794101393,-0.000979180450566094,0.111546931793607,-0.000980720076069222,-0.776982093468619,-4.78086574817044e-05
0.199595191804325,0.597527595443967,-0.0118842178417601,-0.342018261807624,-0.00098600184778842,0.111547158621658,-0.000987573573452856,-0.776986854321589,-4.76796712124278e-05
0.200979414082682,0.59752558227816,-0.0119668051632328,-0.342018736160564,-0.000992871179581857,0.111547388436826,-0.000994475672551278,-0.776991680250016,-4.75402529668129e-05
0.202373236147981,0.597523540217198,-0.0120499686500979,-0.342019217256505,-0.000999788791010068,0.111547621276009,-0.00100142673222121,-0.776996572126783,-4.73901344506533e-05
0.203776724576168,0.597521468835028,-0.0121337123654475,-0.342019705193179,-0.00100675502977678,0.111547857176494,-0.00100842711424217,-0.777001530836018,-4.72290415379634e-05
0.205189946404906,0.597519367699023,-0.0122180404018199,-0.342020200069788,-0.00101377024624869,0.111548096175955,-0.00101547718334509,-0.777006557273228,-4.70566941516981e-05
0.206612969136771,0.597517236369875,-0.0123029568814263,-0.342020701987021,-0.00102083479347855,0.111548338312457,-0.00102257730724125,-0.777011652345431,-4.68728061424756e-05
0.208045860742482,0.597515074401487,-0.0123884659563781,-0.342021211047081,-0.00102794902722853,0.111548583624455,-0.00102972785665157,-0.77701681697129,-4.66770851648701e-05
0.209488689664142,0.597512881340856,-0.0124745718089169,-0.342021727353711,-0.00103511330599382,0.111548832150799,-0.00103692920533626,-0.777022052081251,-4.6469232551416e-05
0.210941524818514,0.597510656727964,-0.0125612786516462,-0.342022251012212,-0.00104232799102642,0.111549083930735,-0.00104418173012482,-0.777027358617676,-4.62489431837382e-05
0.212404435600306,0.597508400095657,-0.0126485907277647,-0.342022782129474,-0.00104959344635928,0.111549339003905,-0.00105148581094646,-0.777032737534983,-4.60159053618792e-05
0.21387749188549,0.597506110969528,-0.0127365123113022,-0.342023320814001,-0.00105691003883055,0.111549597410348,-0.00105884183086077,-0.777038189799786,-4.57698006705448e-05
0.215360764034637,0.597503788867799,-0.0128250477073564,-0.342023867175931,-0.00106427813810819,0.111549859190505,-0.00106625017608893,-0.777043716391032,-4.55103038429355e-05
0.21685432289628,0.597501433301196,-0.0129142012523329,-0.34202442132707,-0.00107169811671481,0.111550124385219,-0.00107371123604513,-0.777049318300147,-4.52370826220516e-05
0.218358239810298,0.597499043772821,-0.0130039773141862,-0.342024983380913,-0.00107917035005267,0.111550393035732,-0.00108122540336854,-0.777054996531172,-4.49497976191815e-05
0.21987258661132,0.597496619778033,-0.013094380292663,-0.342025553452673,-0.00108669521642911,0.111550665183693,-0.0010887930739555,-0.777060752100915,-4.46481021699474e-05
0.22139743563216,0.597494160804309,-0.0131854146195474,-0.34202613165931,-0.00109427309708206,0.111550940871155,-0.00109641464699228,-0.777066586039088,-4.43316421870205e-05
0.222932859707273,0.597491666331119,-0.0132770847589086,-0.342026718119558,-0.00110190437620596,0.111551220140576,-0.00110409052498812,-0.77707249938846,-4.40000560107401e-05
0.224478932176229,0.597489135829789,-0.0133693952073495,-0.342027312953951,-0.00110958944097784,0.111551503034821,-0.00111182111380869,-0.777078493204996,-4.36529742563474e-05
0.22603572688722,0.597486568763365,-0.013462350494259,-0.342027916284857,-0.00111732868158369,0.111551789597163,-0.00111960682271001,-0.777084568558012,-4.3290019658429e-05
0.227603318200585,0.597483964586472,-0.0135559551820645,-0.342028528236505,-0.00112512249124519,0.111552079871282,-0.00112744806437277,-0.777090726530324,-4.29108069125994e-05
0.229181780992365,0.597481322745177,-0.0136502138664876,-0.342029148935014,-0.00113297126624655,0.111552373901268,-0.00113534525493703,-0.777096968218395,-4.25149425139076e-05
0.230771190657875,0.597478642676837,-0.013745131176802,-0.342029778508426,-0.00114087540596177,0.111552671731619,-0.0011432988140374,-0.777103294732488,-4.21020245922332e-05
0.23237162311531,0.597475923809962,-0.0138407117760925,-0.342030417086737,-0.00114883531288211,0.111552973407242,-0.00115130916483866,-0.777109707196818,-4.16716427446978e-05
0.233983154809368,0.597473165564056,-0.0139369603615171,-0.342031064801925,-0.00115685139264384,0.111553278973454,-0.00115937673407172,-0.77711620674971,-4.12233778648019e-05
0.235605862714901,0.597470367349471,-0.0140338816645706,-0.342031721787989,-0.00116492405405631,0.111553588475982,-0.00116750195207017,-0.777122794543749,-4.0756801968217e-05
0.237239824340596,0.597467528567247,-0.0141314804513504,-0.342032388180975,-0.00117305370913024,0.11155390196096,-0.00117568525280716,-0.777129471745937,-4.027147801558e-05
0.238885117732672,0.597464648608961,-0.0142297615228249,-0.342033064119014,-0.00118124077310638,0.111554219474933,-0.00118392707393279,-0.77713623953785,-3.97669597316519e-05
0.240541821478611,0.597461726856559,-0.0143287297151033,-0.342033749742355,-0.00118948566448443,0.111554541064854,-0.00119222785681198,-0.777143099115801,-3.92427914211874e-05
0.242210014710909,0.597458762682196,-0.0144283898997081,-0.342034445193399,-0.00119778880505216,0.111554866778082,-0.00120058804656274,-0.777150051690989,-3.86985077814733e-05
0.24388977711086,0.597455755448069,-0.0145287469838493,-0.342035150616735,-0.00120615061991499,0.111555196662387,-0.00120900809209495,-0.777157098489668,-3.8133633711121e-05
0.24558118891236,0.597452704506245,-0.0146298059107016,-0.342035866159173,-0.00121457153752578,0.111555530765941,-0.00121748844614967,-0.777164240753303,-3.75476841154437e-05
0.247284330905736,0.597449609198491,-0.0147315716596827,-0.342036591969786,-0.00122305198971491,0.111555869137323,-0.00122602956533882,-0.777171479738738,-3.69401637082545e-05
0.24899928444161,0.597446468856097,-0.0148340492467347,-0.342037328199943,-0.00123159241172064,0.111556211825515,-0.00123463191018547,-0.777178816718348,-3.6310566809597e-05
0.250726131434783,0.597443282799695,-0.0149372437246072,-0.342038075003349,-0.00124019324221989,0.111556558879901,-0.00124329594516453,-0.777186252980215,-3.56583771402574e-05
0.252464954368146,0.597440050339078,-0.0150411601831425,-0.342038832536082,-0.00124885492335924,0.111556910350265,-0.00125202213874399,-0.777193789828286,-3.49830676120988e-05
0.254215836296621,0.597436770773015,-0.0151458037495637,-0.342039600956632,-0.00125757790078621,0.11155726628679,-0.00126081096342665,-0.77720142858254,-3.42841001144956e-05
0.25597886085113,0.597433443389056,-0.0152511795887643,-0.342040380425944,-0.00126636262368093,0.111557626740054,-0.00126966289579244,-0.777209170579153,-3.35609252971047e-05
0.257754112242586,0.597430067463348,-0.0153572929036004,-0.342041171107454,-0.00127520954478811,0.11155799176103,-0.00127857841654108,-0.777217017170671,-3.28129823483209e-05
0.259541675265918,0.59742664226043,-0.0154641489351851,-0.342041973167134,-0.0012841191204493,0.111558361401082,-0.00128755801053549,-0.777224969726171,-3.20396987697341e-05
0.261341635304121,0.597423167033039,-0.0155717529631851,-0.342042786773535,-0.00129309181063545,0.11155873571196,-0.00129660216684553,-0.777233029631435,-3.12404901466612e-05
0.263154078332332,0.5974196410219,-0.0156801103061195,-0.342043612097824,-0.00130212807897986,0.111559114745803,-0.00130571137879243,-0.777241198289118,-3.0414759914138e-05
0.26497909092194,0.597416063455525,-0.0157892263216612,-0.342044449313835,-0.00131122839281144,0.111559498555129,-0.00131488614399371,-0.777249477118919,-2.95618991187491e-05
0.266816760244719,0.597412433549998,-0.01589910640694,-0.342045298598108,-0.00132039322318821,0.111559887192834,-0.00132412696440858,-0.777257867557752,-2.86812861763353e-05
0.268667174076992,0.597408750508759,-0.0160097559988484,-0.342046160129937,-0.00132962304493124,0.11156028071219,-0.00133343434638404,-0.777266371059917,-2.77722866249275e-05
0.270530420803823,0.597405013522386,-0.0161211805743495,-0.342047034091417,-0.00133891833665886,0.111560679166836,-0.00134280880070137,-0.777274989097276,-2.68342528733645e-05
0.27240658942324,0.597401221768372,-0.0162333856507876,-0.342047920667486,-0.00134827958082123,0.111561082610781,-0.00135225084262341,-0.777283723159422,-2.58665239454697e-05
0.274295769550488,0.597397374410896,-0.0163463767862002,-0.342048820045979,-0.00135770726373521,0.111561491098391,-0.00136176099194216,-0.777292574753854,-2.48684252192877e-05
0.276198051422303,0.597393470600591,-0.016460159579633,-0.342049732417672,-0.00136720187561958,0.111561904684389,-0.00137133977302719,-0.777301545406154,-2.38392681619487e-05
0.278113525901229,0.59738950947431,-0.0165747396714573,-0.342050657976335,-0.00137676391063065,0.111562323423847,-0.00138098771487447,-0.777310636660157,-2.27783500594964e-05
0.280042284479955,0.597385490154884,-0.0166901227436889,-0.34205159691878,-0.00138639386689811,0.111562747372184,-0.00139070535115588,-0.777319850078131,-2.16849537421626e-05
0.281984419285683,0.597381411750875,-0.0168063145203101,-0.342052549444912,-0.00139609224656131,0.111563176585155,-0.00140049322026933,-0.777329187240951,-2.0558347304217e-05
0.283940023084533,0.597377273356333,-0.0169233207675936,-0.342053515757784,-0.00140585955580583,0.111563611118849,-0.00141035186538942,-0.777338649748272,-1.93977838195414e-05
0.285909189285972,0.597373074050534,-0.0170411472944286,-0.342054496063649,-0.00141569630490043,0.111564051029677,-0.00142028183451876,-0.77734823921871,-1.8202501051362e-05
0.287892011947275,0.597368812897725,-0.0171597999526495,-0.342055490572013,-0.0014256030082343,0.111564496374371,-0.00143028368053992,-0.777357957290018,-1.69717211573744e-05
0.289888585778017,0.597364488946861,-0.0172792846373669,-0.342056499495691,-0.00143558018435469,0.111564947209972,-0.00144035796126797,-0.777367805619259,-1.5704650389331e-05
0.291899006144599,0.597360101231336,-0.0173996072872999,-0.342057523050864,-0.00144562835600491,0.111565403593823,-0.0014505052395036,-0.777377785882987,-1.44004787876878e-05
0.293923369074803,0.597355648768708,-0.0175207738851123,-0.342058561457136,-0.00145574805016262,0.111565865583562,-0.00146072608308708,-0.777387899777424,-1.30583798702705e-05
0.295961771262377,0.597351130560418,-0.01764279045775,-0.342059614937593,-0.00146593979807847,0.111566333237112,-0.00147102106495259,-0.777398149018634,-1.16775103160965e-05
0.298014310071653,0.597346545591514,-0.0177656630767804,-0.342060683718859,-0.00147620413531519,0.111566806612672,-0.00148139076318339,-0.777408535342706,-1.02570096431748e-05
0.300081083542203,0.597341892830356,-0.0178893978587352,-0.342061768031161,-0.0014865416017869,0.111567285768706,-0.0014918357610676,-0.777419060505924,-8.79599988104496e-06
0.302162190393513,0.59733717122832,-0.0180140009654542,-0.342062868108389,-0.00149695274179884,0.111567770763936,-0.00150235664715457,-0.777429726284952,-7.29358523741952e-06
0.304257730029708,0.597332379719503,-0.0181394786044321,-0.342063984188157,-0.00150743810408746,0.111568261657328,-0.00151295401531205,-0.777440534477005,-5.7488517589549e-06
0.306367802544292,0.597327517220414,-0.0182658370291673,-0.34206511651187,-0.00151799824186081,0.111568758508084,-0.00152362846478387,-0.777451486900029,-4.16086698622198e-06
0.308492508724934,0.597322582629664,-0.0183930825395129,-0.342066265324786,-0.00152863371283935,0.111569261375628,-0.00153438060024848,-0.777462585392876,-2.52867960306991e-06
0.31063195005828,0.597317574827648,-0.0185212214820297,-0.342067430876086,-0.001539345079297,0.111569770319594,-0.00154521103187799,-0.777473831815482,-8.51319079134272e-07
0.312786228734801,0.597312492676224,-0.0186502602503415,-0.342068613418939,-0.00155013290810272,0.111570285399815,-0.00155612037539801,-0.77748522804904,8.72204692720091e-07
0.314955447653674,0.597307335018383,-0.018780205285493,-0.342069813210569,-0.00156099777076225,0.111570806676308,-0.00156710925214821,-0.777496775996178,2.64290176610338e-06
0.317139710427697,0.597302100677913,-0.0189110630763088,-0.34207103051233,-0.00157194024346029,0.111571334209262,-0.00157817828914347,-0.777508477581133,4.46180251653661e-06
0.319339121388238,0.597296788459059,-0.0190428401597557,-0.342072265589775,-0.00158296090710305,0.111571868059023,-0.00158932811913582,-0.777520334749924,6.32995802365977e-06
0.321553785590219,0.597291397146173,-0.019175543121306,-0.342073518712727,-0.00159406034736112,0.111572408286077,-0.00160055938067706,-0.777532349470526,8.24844045914375e-06
0.323783808817133,0.597285925503367,-0.0193091785953037,-0.342074790155356,-0.00160523915471261,0.111572954951038,-0.00161187271818213,-0.777544523733043,1.02183434823738e-05
0.326029297586097,0.597280372274143,-0.0194437532653321,-0.342076080196253,-0.00161649792448682,0.11157350811463,-0.00162326878199313,-0.777556859549878,1.22407826415039e-05
0.328290359152942,0.597274736181031,-0.019579273864584,-0.342077389118506,-0.00162783725690801,0.111574067837668,-0.00163474822844411,-0.777569358955907,1.431689578206e-05
0.330567101517332,0.597269015925215,-0.0197157471762335,-0.34207871720978,-0.00163925775713975,0.111574634181046,-0.00164631171992665,-0.777582024008643,1.64478434619419e-05
0.332859633427924,0.597263210186153,-0.0198531800338097,-0.342080064762399,-0.00165076003532943,0.111575207205713,-0.00165795992495604,-0.777594856788411,1.86348093737521e-05
0.335168064387565,0.597257317621184,-0.0199915793215724,-0.34208143207342,-0.00166234470665315,0.111575786972658,-0.00166969351823828,-0.77760785939851,2.08790007732162e-05
0.337492504658521,0.597251336865137,-0.0201309519748899,-0.342082819444724,-0.00167401239136101,0.111576373542889,-0.00168151318073788,-0.77762103396538,2.31816489158765e-05
0.339833065267741,0.597245266529931,-0.0202713049806186,-0.342084227183094,-0.00168576371482265,0.111576966977413,-0.00169341959974624,-0.777634382638767,2.55440094999448e-05
0.342189858012163,0.597239105204156,-0.0204126453774837,-0.342085655600306,-0.00169759930757314,0.111577567337214,-0.00170541346895099,-0.777647907591886,2.79673631169014e-05
0.344562995464054,0.597232851452667,-0.0205549802564626,-0.342087105013214,-0.0017095198053592,0.111578174683233,-0.00171749548850588,-0.777661611021582,3.04530157091837e-05
0.346952590976386,0.597226503816149,-0.0206983167611697,-0.342088575743837,-0.00172152584918568,0.111578789076343,-0.0017296663651016,-0.777675495148486,3.30022990354534e-05
0.349358758688252,0.597220060810692,-0.0208426620882428,-0.342090068119454,-0.0017336180853625,0.111579410577327,-0.00174192681203724,-0.777689562217178,3.56165711431489e-05
0.351781613530314,0.597213520927343,-0.0209880234877306,-0.342091582472697,-0.00174579716555168,0.111580039246856,-0.00175427754929258,-0.777703814496337,3.82972168490314e-05
0.354221271230298,0.597206882631666,-0.0211344082634832,-0.342093119141639,-0.00175806374681485,0.111580675145457,-0.00176671930360115,-0.777718254278896,4.10456482267119e-05
0.356677848318515,0.597200144363273,-0.0212818237735421,-0.342094678469897,-0.00177041849166097,0.111581318333496,-0.00177925280852399,-0.777732883882195,4.3863305102837e-05
0.359151462133436,0.59719330453537,-0.0214302774305338,-0.342096260806728,-0.00178286206809436,0.111581968871143,-0.00179187880452427,-0.777747705648125,4.6751655559979e-05
0.361642230827288,0.597186361534278,-0.0215797767020631,-0.342097866507125,-0.00179539514966302,0.111582626818347,-0.00180459803904264,-0.777762721943278,4.9712196448809e-05
0.364150273371703,0.597179313718947,-0.0217303291111086,-0.342099495931923,-0.0018080184155072,0.111583292234812,-0.00181741126657334,-0.77777793515909,5.27464539070155e-05
0.366675709563398,0.597172159420471,-0.0218819422364195,-0.342101149447903,-0.00182073255040825,0.111583965179959,-0.00183031924874117,-0.777793347711976,5.5855983887132e-05
0.369218660029898,0.597164896941585,-0.0220346237129127,-0.342102827427892,-0.00183353824483775,0.111584645712899,-0.00184332275437908,-0.777808962043473,5.90423726921085e-05
0.371779246235299,0.597157524556155,-0.0221883812320726,-0.342104530250877,-0.00184643619500688,0.111585333892404,-0.00185642255960675,-0.777824780620377,6.2307237519349e-05
0.374357590486067,0.597150040508658,-0.0223432225423504,-0.342106258302109,-0.001859427102916,0.11158602977687,-0.00186961944790975,-0.777840805934863,6.56522270130744e-05
0.376953815936883,0.597142443013658,-0.0224991554495653,-0.34210801197322,-0.00187251167640447,0.111586733424284,-0.00188291421021962,-0.777857040504625,6.90790218249859e-05
0.379568046596523,0.597134730255265,-0.0226561878173063,-0.342109791662331,-0.0018856906292008,0.111587444892189,-0.00189630764499467,-0.777873486872993,7.25893351834761e-05
0.382200407333782,0.597126900386591,-0.0228143275673351,-0.342111597774171,-0.0018989646809728,0.11158816423765,-0.00190980055830155,-0.777890147609055,7.61849134714998e-05
0.384851023883439,0.597118951529187,-0.022973582679989,-0.342113430720195,-0.00191233455737815,0.111588891517214,-0.00192339376389765,-0.777907025307775,7.98675368130775e-05
0.387520022852263,0.597110881772484,-0.0231339611945858,-0.342115290918704,-0.00192580099011502,0.111589626786874,-0.00193708808331424,-0.777924122590103,8.36390196683467e-05
0.390207531725059,0.59710268917321,-0.0232954712098274,-0.342117178794965,-0.0019393647169729,0.111590370102024,-0.00195088434594036,-0.777941442103088,8.75012114376073e-05
0.392913678870758,0.597094371754804,-0.0234581208842057,-0.34211909478134,-0.00195302648188364,0.111591121517426,-0.00196478338910758,-0.777958986519975,9.14559970740803e-05
0.395638593548549,0.597085927506818,-0.0236219184364076,-0.342121039317409,-0.00196678703497253,0.111591881087162,-0.00197878605817539,-0.777976758540309,9.55052977058279e-05
0.398382405914052,0.59707735438431,-0.0237868721457206,-0.342123012850102,-0.00198064713260968,0.111592648864592,-0.00199289320661752,-0.777994760890031,9.96510712668042e-05
0.401145247025537,0.597068650307223,-0.023952990352439,-0.34212501583383,-0.00199460753746134,0.11159342490231,-0.00200710569610887,-0.778012996321563,0.000103895313135982
0.403927248850181,0.597059813159753,-0.0241202814582691,-0.34212704873062,-0.00200866901854144,0.111594209252096,-0.00202142439661332,-0.778031467613895,0.00010824005678739
0.406728544270374,0.597050840789712,-0.0242887539267357,-0.342129112010249,-0.00202283235126322,0.111595001964871,-0.00203585018647223,-0.778050177572664,0.000112687374447501
0.409549267090063,0.597041731007871,-0.0244584162835868,-0.342131206150389,-0.00203709831749083,0.111595803090648,-0.00205038395249369,-0.778069129030229,0.000117239377763284
0.412389552041149,0.597032481587296,-0.0246292771171996,-0.342133331636745,-0.00205146770559111,0.111596612678477,-0.0020650265900426,-0.778088324845735,0.00012189821847905
0.415249534789915,0.597023090262678,-0.0248013450789844,-0.342135488963198,-0.00206594131048528,0.111597430776398,-0.00207977900313133,-0.778107767905178,0.000126666089122235
0.418129351943512,0.597013554729636,-0.0249746288837892,-0.342137678631959,-0.00208051993370073,0.111598257431388,-0.00209464210451128,-0.77812746112146,0.000131545223699764
0.421029141056481,0.597003872644027,-0.025149137310303,-0.342139901153712,-0.00209520438342281,0.111599092689302,-0.00210961681576508,-0.778147407434438,0.000136537898402678
0.423949040637325,0.596994041621224,-0.0253248792014582,-0.342142157047772,-0.00210999547454651,0.111599936594819,-0.00212470406739947,-0.778167609810966,0.000141646432321146
0.426889190155123,0.596984059235404,-0.025501863464832,-0.342144446842238,-0.00212489402872811,0.111600789191384,-0.00213990479893903,-0.778188071244932,0.000146873188168722
0.429849730046193,0.596973923018798,-0.0256800990730466,-0.342146771074155,-0.00213990087443683,0.111601650521148,-0.00215521995902041,-0.778208794757286,0.000152220573016199
0.432830801720801,0.596963630460955,-0.0258595950641683,-0.34214913028967,-0.00215501684700628,0.111602520624905,-0.00217065050548743,-0.77822978339606,0.000157691039035457
0.435832547569911,0.59695317900797,-0.0260403605421044,-0.342151525044203,-0.00217024278868581,0.111603399542033,-0.00218619740548673,-0.778251040236385,0.000163287084252561
0.438855110971994,0.596942566061715,-0.026222404677,-0.342153955902613,-0.00218557954869182,0.111604287310424,-0.00220186163556422,-0.778272568380493,0.000169011253311008
0.441898636299867,0.596931788979048,-0.0264057367056302,-0.342156423439364,-0.00220102798325865,0.111605183966421,-0.002217644181762,-0.778294370957718,0.000174866138244384
0.444963268927599,0.596920845071012,-0.0265903659317935,-0.342158928238707,-0.00221658895568952,0.111606089544747,-0.00223354603971611,-0.778316451124484,0.000180854379259104
0.448049155237445,0.596909731602019,-0.0267763017267003,-0.342161470894853,-0.002232263336407,0.111607004078437,-0.0022495682147548,-0.778338812064283,0.000186978665526943
0.451156442626847,0.596898445789027,-0.0269635535293608,-0.342164052012151,-0.00224805200300342,0.111607927598766,-0.0022657117219974,-0.778361456987656,0.000193241735987143
0.454285279515466,0.596886984800688,-0.0271521308469688,-0.34216667220528,-0.00226395584029079,0.11160886013517,-0.00228197758645386,-0.778384389132143,0.000199646380158486
0.457435815352278,0.5968753457565,-0.0273420432552848,-0.342169332099426,-0.00227997574035051,0.111609801715176,-0.00229836684312487,-0.778407611762247,0.000206195438961471
0.46060820062271,0.596863525725931,-0.027533300399013,-0.342172032330483,-0.00229611260258262,0.111610752364321,-0.00231488053710243,-0.778431128169372,0.000212891805550119
0.463802586855826,0.596851521727536,-0.0277259119921785,-0.342174773545239,-0.00231236733375473,0.111611712106072,-0.0023315197236711,-0.77845494167176,0.000219738426153276
0.467019126631568,0.596839330728058,-0.0279198878184983,-0.34217755640158,-0.00232874084805037,0.111612680961743,-0.00234828546840971,-0.77847905561441,0.000226738300926621
0.470257973588042,0.596826949641511,-0.0281152377317503,-0.342180381568688,-0.00234523406711702,0.111613658950412,-0.00236517884729362,-0.778503473368994,0.000233894484813646
0.473519282428857,0.596814375328253,-0.0283119716561377,-0.342183249727246,-0.00236184792011347,0.111614646088833,-0.00238220094679738,-0.77852819833376,0.000241210088416904
0.476803208930514,0.596801604594042,-0.0285100995866491,-0.342186161569649,-0.00237858334375666,0.111615642391351,-0.00239935286399793,-0.778553233933419,0.000248688278879028
0.480109909949849,0.596788634189075,-0.0287096315894152,-0.342189117800217,-0.00239544128236792,0.111616647869806,-0.00241663570667828,-0.778578583619026,0.000256332280773264
0.483439543431522,0.596775460807012,-0.0289105778020592,-0.342192119135409,-0.00241242268791858,0.11161766253344,-0.00243405059343144,-0.778604250867845,0.000264145377003894
0.486792268415562,0.596762081083991,-0.0291129484340445,-0.342195166304046,-0.00242952852007474,0.111618686388808,-0.00245159865376496,-0.77863023918321,0.000272130909716423
0.490168245044966,0.596748491597613,-0.0293167537670152,-0.342198260047535,-0.0024467597462415,0.111619719439671,-0.00246928102820567,-0.77865655209436,0.000280292281217176
0.493567634573345,0.596734688865929,-0.029522004155132,-0.342201401120097,-0.00246411734160613,0.111620761686902,-0.00248709886840483,-0.778683193156275,0.00028863295490264
0.496990599372628,0.596720669346396,-0.0297287100254029,-0.342204590289001,-0.00248160228918062,0.111621813128381,-0.00250505333724352,-0.778710165949487,0.0002971564561981
0.500437302940819,0.596706429434827,-0.0299368818780074,-0.3422078283348,-0.00249921557984318,0.11162287375889,-0.00252314560893847,-0.778737474079889,0.00030586637350577
0.503907909909802,0.596691965464315,-0.0301465302866145,-0.342211116051571,-0.00251695821237879,0.111623943570004,-0.00254137686914795,-0.778765121178519,0.000314766359162777
0.50740258605321,0.596677273704151,-0.0303576658986936,-0.342214454247165,-0.00253483119351879,0.111625022549984,-0.00255974831507801,-0.778793110901339,0.000323860130407472
0.510921498294339,0.596662350358719,-0.0305702994358198,-0.342217843743452,-0.00255283553797929,0.111626110683658,-0.00257826115558879,-0.778821446928992,0.000333151470355592
0.514464814714125,0.596647191566374,-0.0307844416939711,-0.34222128537658,-0.00257097226849853,0.111627207952312,-0.00259691661130113,-0.778850132966549,0.000342644228985362
0.518032704559168,0.596631793398308,-0.031000103543818,-0.342224779997229,-0.00258924241587299,0.111628314333567,-0.00261571591470313,-0.778879172743242,0.00035234232413156
0.52162533824982,0.59661615185739,-0.0312172959310061,-0.342228328470879,-0.00260764701899222,0.11162942980126,-0.00263466031025689,-0.778908570012175,0.000362249742487913
0.525242887388322,0.596600262877001,-0.0314360298764297,-0.342231931678076,-0.00262618712487232,0.11163055432532,-0.00265375105450531,-0.778938328550022,0.000372370540619282
0.528885524767003,0.596584122319839,-0.0316563164764973,-0.342235590514706,-0.00264486378868805,0.11163168787164,-0.00267298941617873,-0.778968452156714,0.000382708845981322
0.532553424376533,0.59656772597672,-0.0318781669033886,-0.342239305892272,-0.00266367807380349,0.111632830401949,-0.00269237667630173,-0.778998944655099,0.000393268857948881
0.536246761414231,0.596551069565346,-0.0321015924053017,-0.342243078738176,-0.002682631051801,0.111633981873678,-0.00271191412829969,-0.779029809890596,0.000404054848853197
0.539965712292437,0.596534148729068,-0.032326604306691,-0.342246909996009,-0.00270172380250872,0.111635142239825,-0.0027316030781053,-0.779061051730819,0.000415071165026398
0.543710454646936,0.596516959035626,-0.0325532140084951,-0.342250800625842,-0.00272095741402623,0.11163631144882,-0.00275144484426481,-0.779092674065197,0.000426322227854242
0.547481167345445,0.596499495975873,-0.0327814329883557,-0.342254751604523,-0.00274033298274855,0.111637489444375,-0.00277144075804425,-0.779124680804563,0.000437812534836823
0.551278030496154,0.596481754962476,-0.0330112728008229,-0.342258763925983,-0.00275985161338813,0.111638676165351,-0.00279159216353504,-0.779157075880733,0.00044954666065633
0.55510122545633,0.596463731328607,-0.033242745077553,-0.342262838601539,-0.00277951441899497,0.111639871545598,-0.00281190041775966,-0.779189863246063,0.000461529258252186
0.558950934840979,0.596445420326607,-0.0334758615274921,-0.342266976660212,-0.00279932252097468,0.111641075513816,-0.00283236689077666,-0.779223046872983,0.000473765059903819
0.56282734253157,0.596426817126641,-0.0337106339370495,-0.342271179149043,-0.00281927704910438,0.111642287993392,-0.00285299296578536,-0.779256630753517,0.000486258878319296
0.566730633684818,0.596407916815325,-0.0339470741702579,-0.34227544713342,-0.00283937914154635,0.111643508902246,-0.00287378003923005,-0.779290618898782,0.000499015607731329
0.570660994741526,0.596388714394343,-0.0341851941689218,-0.342279781697404,-0.00285962994485946,0.111644738152672,-0.00289472952090365,-0.779325015338461,0.000512040224999621
0.574618613435493,0.596369204779041,-0.0344250059527522,-0.342284183944068,-0.00288003061400803,0.111645975651173,-0.00291584283405081,-0.779359824120258,0.000525337790718228
0.578603678802477,0.596349382797,-0.0346665216194877,-0.342288654995832,-0.0029005823123683,0.111647221298291,-0.00293712141547024,-0.779395049309334,0.000538913450330414
0.582616381189231,0.596329243186601,-0.0349097533450027,-0.342293195994819,-0.00292128621173211,0.11164847498844,-0.00295856671561644,-0.779430694987719,0.000552772435246984
0.586656912262587,0.596308780595554,-0.0351547133833996,-0.342297808103197,-0.00294214349230802,0.111649736609732,-0.0029801801987006,-0.779466765253699,0.000566920063971854
0.590725465018618,0.596287989579429,-0.0354014140670881,-0.342302492503546,-0.00296315534271948,0.111651006043797,-0.00300196334279065,-0.779503264221187,0.000581361743230396
0.594822233791852,0.596266864600149,-0.0356498678068472,-0.342307250399215,-0.00298432296000003,0.111652283165603,-0.00302391763991037,-0.779540196019061,0.000596102969103757
0.598947414264556,0.596245400024478,-0.0359000870918734,-0.342312083014699,-0.00300564754958546,0.111653567843271,-0.00304604459613758,-0.779577564790488,0.000611149328166777
0.603101203476082,0.596223590122482,-0.0361520844898114,-0.342316991596008,-0.00302713032530281,0.111654859937889,-0.00306834573170128,-0.779615374692221,0.000626506498629442
0.607283799832281,0.596201429065976,-0.0364058726467683,-0.342321977411056,-0.00304877250935595,0.111656159303318,-0.0030908225810775,-0.779653629893867,0.000642180251481883
0.611495403114975,0.596178910926952,-0.0366614642873117,-0.342327041750044,-0.00307057533230782,0.111657465785996,-0.00311347669308427,-0.779692334577135,0.000658176451642983
0.615736214491506,0.596156029675984,-0.0369188722144486,-0.342332185925858,-0.00309254003305903,0.111658779224741,-0.00313630963097493,-0.779731492935062,0.000674501059109822
0.620006436524339,0.596132779180619,-0.0371781093095877,-0.342337411274471,-0.00311466785882283,0.111660099450547,-0.00315932297253047,-0.779771109171204,0.000691160130111501
0.624306273180741,0.596109153203744,-0.0374391885324818,-0.342342719155346,-0.00313696006509614,0.111661426286378,-0.00318251831015014,-0.779811187498807,0.000708159818262832
0.628635929842521,0.596085145401944,-0.0377021229211524,-0.342348110951853,-0.00315941791562675,0.111662759546957,-0.00320589725094073,-0.779851732139955,0.00072550637571972
0.632995613315842,0.596060749323831,-0.0379669255917936,-0.342353588071691,-0.00318204268237623,0.111664099038551,-0.00322946141680419,-0.779892747324681,0.000743206154336262
0.637385531841099,0.596035958408359,-0.0382336097386562,-0.342359151947312,-0.00320483564547872,0.111665444558755,-0.00325321244452357,-0.779934237290063,0.000761265606820216
0.641805895102865,0.596010765983121,-0.0385021886339121,-0.342364804036353,-0.0032277980931953,0.111666795896269,-0.00327715198584725,-0.77997620627928,0.000779691287889989
0.646256914239905,0.595985165262625,-0.0387726756274961,-0.342370545822083,-0.00325093132186376,0.111668152830674,-0.00330128170757123,-0.780018658540656,0.000798489855429657
0.650738801855265,0.59595914934656,-0.0390450841469269,-0.342376378813842,-0.00327423663584355,0.111669515132199,-0.0033256032916196,-0.780061598326654,0.000817668071643129
0.655251772026422,0.595932711218027,-0.0393194276971062,-0.342382304547501,-0.00329771534745613,0.11167088256149,-0.00335011843512288,-0.780105029892863,0.000837232804206167
0.659796040315516,0.595905843741772,-0.0395957198600945,-0.34238832458592,-0.00332136877692003,0.111672254869372,-0.00337482885049429,-0.780148957496945,0.000857191027416132
0.664371823779638,0.595878539662388,-0.0398739742948638,-0.342394440519415,-0.00334519825228081,0.111673631796606,-0.00339973626550377,-0.780193385397551,0.000877549823338569
0.668979340981204,0.5958507916025,-0.0401542047370271,-0.342400653966234,-0.00336920510933574,0.111675013073648,-0.00342484242334975,-0.780238317853212,0.000898316382949432
0.673618811998395,0.595822592060942,-0.0404364249985428,-0.342406966573037,-0.00339339069155271,0.111676398420395,-0.00345014908272842,-0.7802837591212,0.0009194980072742
0.678290458435663,0.595793933410901,-0.040720648967395,-0.342413380015387,-0.0034177563499837,0.111677787545931,-0.00347565801790058,-0.780329713456358,0.000941102108520775
0.682994503434323,0.59576480789806,-0.0410068906072476,-0.342419895998243,-0.00344230344317204,0.111679180148275,-0.00350137101875576,-0.780376185109893,0.000963136211207472
0.687731171683206,0.595735207638715,-0.0412951639570742,-0.342426516256464,-0.00346703333705395,0.111680575914115,-0.00352728989087381,-0.78042317832815,0.000985607953284257
0.692500689429393,0.595705124617871,-0.041585483130759,-0.342433242555319,-0.00349194740485348,0.111681974518542,-0.0035534164555834,-0.780470697351346,0.00100852508724678
0.697303284489026,0.595674550687337,-0.0418778623166739,-0.342440076691005,-0.00351704702697123,0.111683375624786,-0.00357975255001797,-0.780518746412272,0.00103189548124324
0.70213918625818,0.595643477563784,-0.0421723157772246,-0.342447020491169,-0.00354233359086622,0.111684778883934,-0.00360630002716823,-0.780567329734971,0.00105572712017196
0.70700862572383,0.595611896826807,-0.0424688578483718,-0.342454075815442,-0.00356780849093107,0.11168618393466,-0.0036330607559318,-0.780616451533375,0.00108002810676991
0.71191183547488,0.595579799916955,-0.0427675029391218,-0.342461244555978,-0.00359347312836003,0.111687590402939,-0.00366003662115953,-0.780666116009914,0.0011048066626915
0.716849049713269,0.595547178133754,-0.0430682655309889,-0.342468528637999,-0.00361932891100979,0.111688997901763,-0.00368722952369843,-0.780716327354094,0.0011300711295758
0.721820504265165,0.595514022633715,-0.0433711601774278,-0.342475930020348,-0.0036453772532528,0.111690406030849,-0.00371464138043108,-0.780767089741039,0.00115582997010258
0.726826436592224,0.595480324428322,-0.0436762015032363,-0.342483450696054,-0.00367161957582287,0.111691814376351,-0.00374227412431159,-0.78081840733,0.0011820917690355
0.731867085802933,0.595446074382009,-0.0439834042039265,-0.342491092692897,-0.003698057305653,0.111693222510552,-0.00377012970439768,-0.780870284262836,0.00120886523425215
0.736942692664033,0.595411263210122,-0.0442927830450651,-0.342498858073984,-0.00372469187570483,0.111694629991575,-0.003798210085879,-0.780922724662452,0.00123615919775941
0.742053499612018,0.595375881476868,-0.044604352861582,-0.342506748938335,-0.00375152472479006,0.111696036363066,-0.00382651725010155,-0.780975732631215,0.00126398261669414
0.747199750764715,0.595339919593245,-0.0449181285570477,-0.34251476742147,-0.00377855729738312,0.111697441153889,-0.00385505319458803,-0.781029312249328,0.00129234457430752
0.752381691932944,0.595303367814968,-0.045234125102915,-0.342522915696011,-0.00380579104342485,0.111698843877815,-0.0038838199330539,-0.781083467573175,0.00132125428093258
0.757599570632259,0.595266216240372,-0.0455523575377305,-0.342531195972285,-0.00383322741811762,0.1117002440332,-0.00391281949541919,-0.781138202633627,0.00135072107493286
0.762853636094773,0.595228454808313,-0.0458728409663103,-0.342539610498938,-0.00386086788171068,0.111701641102664,-0.00394205392781594,-0.781193521434323,0.00138075442363411
0.768144139281058,0.595190073296047,-0.0461955905588828,-0.342548161563557,-0.00388871389927625,0.111703034552768,-0.00397152529259102,-0.781249427949907,0.00141136392423388
0.773471332892138,0.595151061317101,-0.0465206215501948,-0.342556851493293,-0.00391676694047573,0.111704423833683,-0.00400123566830424,-0.781305926124238,0.00144255930469223
0.778835471381553,0.59511140831914,-0.0468479492385842,-0.342565682655503,-0.003945028479316,0.111705808378859,-0.00403118714972171,-0.781363019868566,0.00147435042459909
0.784236810967519,0.595071103581808,-0.0471775889850158,-0.342574657458386,-0.00397349999389523,0.111707187604686,-0.00406138184780426,-0.781420713059669,0.00150674727601963
0.78967560964516,0.595030136214575,-0.0475095562120812,-0.342583778351639,-0.00400218296613844,0.111708560910153,-0.00409182188969076,-0.781479009537962,0.00153975998431483
0.795152127198837,0.594988495154564,-0.047843866402962,-0.342593047827111,-0.00403107888152205,0.11170992767651,-0.00412250941867633,-0.781537913105567,0.00157339880893859
0.800666625214554,0.59494616916437,-0.0481805351003553,-0.342602468419465,-0.00406018922878741,0.111711287266911,-0.0041534465941851,-0.781597427524358,0.00160767414420676
0.806219367092452,0.594903146829874,-0.0485195779053622,-0.342612042706857,-0.00408951549964309,0.111712639026072,-0.00418463559173767,-0.781657556513963,0.00164259652004112
0.811810618059391,0.594859416558045,-0.0488610104763382,-0.342621773311607,-0.00411905918845551,0.111713982279908,-0.00421607860291296,-0.781718303749736,0.00167817660268343
0.817440645181619,0.594814966574737,-0.0492048485277045,-0.34263166290089,-0.00414882179192766,0.111715316335185,-0.00424777783530425,-0.781779672860701,0.00171442519538145
0.823109717377527,0.594769784922475,-0.0495511078287206,-0.342641714187428,-0.00417880480876584,0.111716640479146,-0.00427973551246954,-0.781841667427456,0.00175135323904346
0.828818105430497,0.594723859458243,-0.0498998042022184,-0.342651929930188,-0.00420900973933379,0.111717953979158,-0.00431195387387592,-0.78190429098005,0.00178897181286225
0.834566082001833,0.594677177851251,-0.0502509535232955,-0.342662312935095,-0.00423943808529423,0.111719256082338,-0.00434443517483774,-0.781967546995822,0.00182729213490573
0.840353921643785,0.594629727580712,-0.0506045717179686,-0.342672866055736,-0.00427009134923735,0.111720546015181,-0.0043771816864487,-0.782031438897215,0.00186632556267408
0.846181900812664,0.594581495933606,-0.0509606747617865,-0.342683592194089,-0.0043009710342961,0.11172182298319,-0.0044101956955075,-0.782095970049557,0.00190608359362138
0.852050297882047,0.594532470002441,-0.0513192786784028,-0.342694494301247,-0.00433207864374785,0.111723086170497,-0.00444347950443713,-0.782161143758804,0.00194657786564195
0.857959393156072,0.594482636683007,-0.0516803995381074,-0.342705575378153,-0.0043634156806023,0.111724334739482,-0.00447703543119747,-0.782226963269262,0.00198782015751892
0.863909468882829,0.594431982672139,-0.0520440534563146,-0.342716838476338,-0.00439498364717497,0.111725567830391,-0.00451086580919114,-0.782293431761272,0.00202982238933441
0.86990080926784,0.594380494465458,-0.0524102565920122,-0.34272828669867,-0.00442678404464668,0.111726784560951,-0.00454497298716263,-0.782360552348871,0.00207259662283971
0.875933700487633,0.594328158355132,-0.0527790251461666,-0.342739923200104,-0.00445881837260787,0.111727984025982,-0.00457935932909031,-0.782428328077419,0.00211615506178514
0.882008430703416,0.594274960427617,-0.053150375360086,-0.342751751188446,-0.0044910881285881,0.111729165297006,-0.00461402721407145,-0.782496761921199,0.00216051005220802
0.888125290074835,0.594220886561407,-0.0535243235137413,-0.342763773925113,-0.00452359480757024,0.111730327421854,-0.00464897903620003,-0.782565856780994,0.00220567408267691
0.894284570773836,0.594165922424788,-0.0539008859240429,-0.342775994725905,-0.00455633990148881,0.11173146942427,-0.00468421720443703,-0.782635615481628,0.00225165978449221
0.900486566998624,0.59411005347358,-0.054280078943076,-0.342788416961782,-0.0045893248987126,0.111732590303516,-0.00471974414247351,-0.782706040769489,0.00229847993184007
0.906731574987708,0.594053264948893,-0.054661918956291,-0.342801044059649,-0.00462255128351088,0.111733689033972,-0.00475556228858598,-0.782777135310022,0.00234614744190126
0.913019893034057,0.593995541874877,-0.0550464223806511,-0.342813879503136,-0.00465602053550305,0.111734764564732,-0.00479167409548401,-0.782848901685198,0.0023946753749105
0.919351821499347,0.593936869056481,-0.055433605662736,-0.3428269268334,-0.00468973412909155,0.111735815819203,-0.00482808203015021,-0.782921342390961,0.00244407693416832
0.925727662828307,0.593877231077208,-0.0558234852768011,-0.342840189649912,-0.00472369353287751,0.111736841694701,-0.00486478857367211,-0.78299445983465,0.00249436546600135
0.932147721563161,0.593816612296882,-0.0562160777227934,-0.34285367161127,-0.00475790020905884,0.111737841062045,-0.00490179622106619,-0.783068256332397,0.00254555445967203
0.938612304358183,0.593754996849415,-0.0566113995243224,-0.342867376435999,-0.00479235561281057,0.111738812765146,-0.00493910748109355,-0.783142734106511,0.00259765754723595
0.945121719994339,0.593692368640578,-0.057009467226587,-0.342881307903364,-0.00482706119164725,0.111739755620602,-0.00497672487606755,-0.783217895282836,0.00265068850334493
0.951676279394036,0.593628711345788,-0.0574102973942575,-0.342895469854189,-0.00486201838476662,0.111740668417285,-0.00501465094165299,-0.783293741888089,0.00270466124499663
0.958276295635973,0.593564008407885,-0.057813906609314,-0.34290986619167,-0.00489722862237491,0.111741549915935,-0.00505288822665684,-0.783370275847187,0.00275958983122671
0.964922083970099,0.593498243034935,-0.0582203114688382,-0.342924500882207,-0.00493269332499272,0.111742398848742,-0.00509143929281046,-0.783447498980552,0.00281548846274521
0.971613961832666,0.593431398198029,-0.0586295285827627,-0.342939377956226,-0.00496841390274199,0.111743213918939,-0.00513030671454315,-0.783525413001402,0.00287237148151526
0.978352248861393,0.593363456629091,-0.0590415745715742,-0.342954501509008,-0.00500439175461289,0.111743993800384,-0.00516949307874704,-0.783604019513029,0.00293025337027164
0.985137266910738,0.593294400818706,-0.0594564660639714,-0.342969875701526,-0.00504062826771113,0.111744737137154,-0.00520900098453306,-0.78368332000606,0.00298914875198075
0.991969340067262,0.593224213013943,-0.0598742196944804,-0.342985504761281,-0.00507712481648481,0.111745442543127,-0.00524883304297807,-0.783763315855718,0.00304907238923841
0.998848794665118,0.593152875216204,-0.0602948521010223,-0.343001392983139,-0.00511388276193073,0.111746108601568,-0.00528899187686297,-0.783844008319055,0.00311003918360636
1.00577595930163,0.593080369179073,-0.0607183799224379,-0.343017544730171,-0.0051509034507798,0.111746733864722,-0.00532948012040178,-0.783925398532194,0.0031720641748858
1.01275116485301,0.593006676406185,-0.0611448197959683,-0.3430339644345,-0.00518818821466156,0.111747316853395,-0.00537030041896164,-0.784007487507556,0.00323516254032752
1.01977474449012,0.592931778149099,-0.0615741883546878,-0.343050656598142,-0.00522573836924679,0.111747856056547,-0.00541145542877334,-0.78409027613108,0.00329934959377592
1.02684703369442,0.592855655405194,-0.0620065022248965,-0.343067625793852,-0.00526355521336895,0.111748349930878,-0.00545294781663299,-0.784173765159443,0.00336464078474974
1.033968370274,0.592778288915574,-0.0624417780234638,-0.343084876665975,-0.00530164002812281,0.111748796900421,-0.005494780259594,-0.784257955217277,0.00343105169745467
1.04113909437969,0.592699659162989,-0.0628800323551314,-0.343102413931286,-0.0053399940759416,0.111749195356129,-0.00553695544464984,-0.784342846794386,0.00349859804973002
1.0483595485213,0.592619746369767,-0.0633212818097699,-0.343120242379845,-0.00537861859965094,0.111749543655474,-0.00557947606840742,-0.784428440242959,0.00356729569192715
1.05563007758401,0.592538530495767,-0.0637655429595906,-0.343138366875844,-0.00541751482150016,0.111749840122032,-0.00562234483675064,-0.784514735774799,0.00363716060571889
1.06295102884484,0.592455991236349,-0.0642128323563156,-0.343156792358449,-0.00545668394217024,0.111750083045088,-0.00566556446449493,-0.78460173345854,0.00370820890284151
1.07032275198921,0.592372108020354,-0.064663166528302,-0.343175523842655,-0.00549612713975859,0.111750270679227,-0.00570913767503172,-0.784689433216884,0.00378045682376521
1.07774559912768,0.592286860008111,-0.0651165619776227,-0.343194566420125,-0.00553584556873981,0.111750401243941,-0.00575306719996363,-0.784777834823843,0.00385392073629531
1.08521992481272,0.59220022608945,-0.065573035177104,-0.34321392526004,-0.00557584035890273,0.111750472923221,-0.00579735577872983,-0.784866937901989,0.00392861713410314
1.0927460860557,0.592112184881745,-0.0660326025673205,-0.343233605609935,-0.005616112614263,0.111750483865175,-0.00584200615822193,-0.784956741919718,0.00400456263518439
1.1003244423439,0.592022714727972,-0.0664952805535441,-0.343253612796549,-0.00565666341195128,0.111750432181623,-0.00588702109238995,-0.785047246188534,0.00408177398024784
1.10795535565772,0.591931793694781,-0.0669610855026532,-0.343273952226652,-0.00569749380107675,0.111750315947719,-0.00593240334183881,-0.785138449860337,0.0041602680310302
1.11563919048792,0.591839399570593,-0.0674300337399966,-0.343294629387888,-0.00573860480156544,0.111750133201557,-0.00597815567341498,-0.785230351924749,0.00424006176854053
1.12337631385307,0.591745509863721,-0.067902141546216,-0.343315649849602,-0.0057799974029735,0.11174988194379,-0.00602428085978358,-0.785322951206439,0.00432117229123186
1.13116709531708,0.591650101800501,-0.0683774251540256,-0.343337019263669,-0.00582167256327499,0.111749560137257,-0.00607078167899562,-0.785416246362493,0.00440361681309986
1.13901190700682,0.591553152323456,-0.0688559007449493,-0.343358743365316,-0.00586363120762382,0.111749165706601,-0.00611766091404563,-0.78551023587979,0.00448741266170943
1.14691112362992,0.591454638089469,-0.0693375844460158,-0.343380827973942,-0.00590587422708992,0.111748696537899,-0.00616492135241963,-0.785604918072421,0.0045725772761494
1.15486512249268,0.59135453546799,-0.0698224923264121,-0.34340327899393,-0.00594840247736936,0.111748150478301,-0.0062125657856334,-0.785700291079129,0.00465912820491321
1.16287428351806,0.591252820539258,-0.0703106403940952,-0.343426102415455,-0.00599121677746786,0.111747525335662,-0.00626059700876119,-0.785796352860785,0.00474708310370886
1.17093898926384,0.591149469092546,-0.070802044592362,-0.343449304315282,-0.00603431790835804,0.111746818878186,-0.00630901781995479,-0.785893101197894,0.00483645973319624
1.1790596249409,0.59104445662443,-0.071296720796378,-0.343472890857568,-0.00607770661160979,0.111746028834078,-0.00635783101995297,-0.785990533688148,0.00492727595665249
1.18723657843162,0.59093775833708,-0.0717946848096654,-0.343496868294641,-0.00612138358799372,0.111745152891191,-0.00640703941158165,-0.786088647744004,0.00501954973756602
1.19547024030838,0.590829349136577,-0.0722959523605494,-0.343521242967787,-0.00616534949605761,0.111744188696688,-0.00645664579924428,-0.786187440590317,0.00511329913715941
1.20376100385228,0.590719203631249,-0.0728005390985642,-0.343546021308017,-0.00620960495067554,0.111743133856705,-0.00650665298840308,-0.786286909262008,0.0052085423118427
1.21210926507183,0.590607296130036,-0.0733084605908183,-0.343571209836833,-0.0062541505215695,0.111741985936023,-0.00655706378505079,-0.786387050601782,0.00530529751059516
1.22051542272196,0.590493600640872,-0.0738197323183188,-0.343596815166982,-0.00629898673180354,0.111740742457738,-0.0066078809951732,-0.786487861257896,0.00540358307228017
1.22897987832301,0.590378090869099,-0.0743343696722569,-0.343622844003199,-0.00634411405625025,0.111739400902951,-0.00665910742420259,-0.786589337681972,0.0055034174228894
1.23750303617991,0.590260740215898,-0.074852387950251,-0.343649303142945,-0.00638953292002908,0.111737958710453,-0.00671074587646168,-0.786691476126874,0.00560481907272092
1.24608530340153,0.590141521776751,-0.0753738023525505,-0.343676199477126,-0.00643524369691691,0.111736413276417,-0.00676279915459896,-0.786794272644628,0.00570780661349057
1.25472708992008,0.59002040833992,-0.0758986279782006,-0.343703539990808,-0.00648124670773043,0.111734761954109,-0.0068152700590149,-0.786897723084415,0.00581239871537725
1.26342880851072,0.58989737238496,-0.0764268798211657,-0.343731331763922,-0.00652754221868024,0.11173300205359,-0.0068681613872793,-0.78700182309061,0.00591861412400402
1.27219087481126,0.589772386081244,-0.0769585727664131,-0.343759581971944,-0.00657413043969665,0.111731130841434,-0.00692147593353985,-0.787106568100893,0.00602647165735648
1.28101370734203,0.589645421286528,-0.077493721585957,-0.343788297886578,-0.00662101152272696,0.111729145540459,-0.00697521648792217,-0.787211953344427,0.00613599020263822
1.28989772752585,0.589516449545526,-0.0780323409348624,-0.343817486876418,-0.00666818556000426,0.111727043329451,-0.00702938583592128,-0.787317973840095,0.0062471887130674
1.29884335970818,0.589385442088522,-0.0785744453472096,-0.343847156407592,-0.00671565258228774,0.111724821342908,-0.00708398675778461,-0.787424624394816,0.00636008620461176
1.30785103117738,0.589252369829997,-0.0791200492320171,-0.3438773140444,-0.00676341255707401,0.111722476670789,-0.00713902202788685,-0.78753189960193,0.00647470175266929
1.31692117218509,0.589117203367288,-0.0796691668691257,-0.343907967449934,-0.00681146538677995,0.11172000635827,-0.00719449441409648,-0.787639793839656,0.00659105448869024
1.32605421596686,0.588979912979267,-0.080221812405042,-0.343939124386678,-0.00685981090689661,0.111717407405509,-0.00725040667713451,-0.787748301269628,0.00670916359674745
1.33525059876274,0.58884046862505,-0.0807779998487411,-0.343970792717098,-0.00690844888411448,0.11171467676742,-0.00730676156992515,-0.787857415835513,0.00682904831005282
1.34451075983821,0.588698839942723,-0.0813377430674291,-0.344002980404211,-0.00695737901441947,0.111711811353456,-0.00736356183693885,-0.787967131261708,0.00695072790742424
1.3538351415051,0.588554996248102,-0.0819010557822645,-0.344035695512141,-0.00700660092116055,0.111708808027402,-0.00742081021352775,-0.788077441052118,0.00707422170970484
1.36322418914273,0.58840890653351,-0.0824679515640382,-0.344068946206651,-0.00705611415308785,0.111705663607175,-0.00747850942525372,-0.788188338489024,0.00719954907613529
1.37267835121923,0.588260539466584,-0.0830384438288132,-0.344102740755662,-0.00710591818236236,0.111702374864635,-0.00753666218720914,-0.788299816632037,0.00732672940068291
1.38219807931287,0.588109863389105,-0.0836125458335207,-0.344137087529751,-0.00715601240253644,0.111698938525406,-0.0075952712033305,-0.788411868317139,0.00745578210832853
1.39178382813373,0.587956846315848,-0.0841902706715163,-0.344171995002628,-0.00720639612650535,0.111695351268706,-0.00765433916570519,-0.788524486155821,0.00758672665131527
1.40143605554534,0.587801455933466,-0.0847716312680915,-0.344207471751595,-0.00725706858442998,0.111691609727186,-0.00771386875387147,-0.788637662534307,0.00771958250535987
1.4111552225866,0.587643659599393,-0.0853566403759442,-0.344243526457983,-0.00730802892163077,0.111687710486781,-0.00777386263411189,-0.78875138961288,0.00785436916583032
1.42094179349378,0.587483424340769,-0.0859453105706039,-0.344280167907569,-0.00735927619645258,0.111683650086568,-0.00783432345874015,-0.788865659325298,0.00799110614389126
1.43079623572268,0.587320716853394,-0.0865376542458143,-0.344317404990966,-0.00741080937810092,0.111679425018642,-0.00789525386538206,-0.788980463378318,0.00812981296262272
1.440719019971,0.587155503500709,-0.0871336836088709,-0.344355246703998,-0.00746262734444919,0.11167503172799,-0.00795665647625014,-0.789095793251306,0.00827050915311028
1.45071062020079,0.586987750312791,-0.0877334106759124,-0.344393702148048,-0.00751472887981763,0.111670466612388,-0.00801853389741247,-0.789211640195966,0.00841321425051372
1.46077151366109,0.586817422985387,-0.0883368472671677,-0.344432780530378,-0.00756711267272306,0.111665726022303,-0.00808088871805599,-0.789327995236154,0.00855794779011648
1.47090218091073,0.586644486878962,-0.0889440050021551,-0.344472491164435,-0.00761977731360051,0.111660806260802,-0.00814372350974418,-0.789444849167808,0.00870472930335592
1.48110310584131,0.586468907017773,-0.089554895294835,-0.344512843470119,-0.00767272129249611,0.11165570358348,-0.00820704082566958,-0.789562192558981,0.00885357831384176
1.49137477570027,0.586290648088973,-0.0901695293487133,-0.344553846974039,-0.00772594299673169,0.111650414198395,-0.00827084319990111,-0.789680015749977,0.00900451433336225
1.50171768111418,0.58610967444174,-0.0907879181518968,-0.344595511309731,-0.00777944070854081,0.111644934266014,-0.00833513314662667,-0.789798308853598,0.00915755685788466
1.5121323161122,0.585925950086421,-0.0914100724720978,-0.344637846217857,-0.007833212602677,0.111639259899168,-0.00839991315939092,-0.789917061755498,0.00931272536354938
1.52261917814963,0.585739438693713,-0.0920360028515886,-0.344680861546371,-0.00788725674399343,0.111633387163027,-0.00846518571032864,-0.790036264114648,0.00947003930266543
1.53317876813171,0.585550103593868,-0.0926657196021023,-0.344724567250664,-0.00794157108499469,0.111627312075075,-0.00853095324939378,-0.790155905363906,0.00962951809970686
1.54381159043753,0.585357907775915,-0.0932992327996838,-0.344768973393674,-0.00799615346336091,0.111621030605104,-0.00859721820358456,-0.790275974710704,0.00979118114731659
1.55451815294413,0.585162813886919,-0.0939365522794822,-0.344814090145967,-0.00805100159944378,0.111614538675216,-0.0086639829761644,-0.790396461137841,0.00995504780231887
1.56529896705074,0.584964784231261,-0.0945776876304933,-0.344859927785797,-0.00810611309373506,0.111607832159843,-0.00873124994587961,-0.79051735340439,0.0101211373817455
1.57615454770323,0.584763780769945,-0.0952226481902401,-0.34490649669912,-0.00816148542430753,0.111600906885767,-0.00879902146617315,-0.790638640046717,0.0102894691588791
1.58708541341869,0.584559765119934,-0.0958714430394008,-0.344953807379592,-0.00821711594422848,0.111593758632164,-0.0088672998643954,-0.790760309379607,0.0104600623593148
1.5980920863102,0.584352698553514,-0.0965240809963739,-0.34500187042853,-0.00827300187894625,0.111586383130651,-0.00893608744101188,-0.790882349497508,0.0106329361570501
1.60917509211179,0.584142541997683,-0.0971805706117858,-0.345050696554835,-0.00832914032364913,0.11157877606535,-0.00900538646880788,-0.791004748275884,0.0108081096705976
1.62033496020352,0.583929256033574,-0.0978409201629345,-0.345100296574892,-0.00838552824059778,0.111570933072961,-0.00907519919209054,-0.791127493372676,0.0109856019591327
1.63157222363676,0.583712800895906,-0.0985051376481729,-0.345150681412427,-0.00844216245643061,0.111562849742849,-0.00914552782588852,-0.791250572229879,0.0111654320186755
1.64288741915971,0.583493136472464,-0.0991732307812254,-0.345201862098342,-0.00849903965944248,0.11155452161714,-0.00921637455514922,-0.791373972075228,0.0113476187783111
1.65428108724297,0.583270222303611,-0.0998452069854399,-0.3452538497705,-0.00855615639683701,0.111545944190835,-0.00928774153393406,-0.791497679923988,0.0115321810964535
1.6657537721054,0.583044017581832,-0.100521073387972,-0.345306655673489,-0.00861350907195251,0.111537112911924,-0.00935963088461162,-0.791621682580863,0.0117191377571548
1.67730602174008,0.582814481151317,-0.101200836813902,-0.34536029115834,-0.00867109394146177,0.111528023181527,-0.0094320446970494,-0.791745966642005,0.0119085074664663
1.68893838794052,0.582581571507564,-0.101884503780276,-0.345414767682214,-0.00872890711254559,0.111518670354038,-0.00950498502780364,-0.791870518497132,0.0121003088488518
1.70065142632699,0.582345246797035,-0.102572080490084,-0.34547009680805,-0.00878694454004093,0.111509049737276,-0.0095784538993081,-0.791995324331751,0.0122945604436598
1.71244569637308,0.582105464816835,-0.103263572826155,-0.345526290204176,-0.00884520202356313,0.111499156592666,-0.00965245329906139,-0.79212037012949,0.0124912807016561
1.72432176143241,0.581862183014435,-0.103958986344984,-0.345583359643879,-0.00890367520460236,0.111488986135409,-0.00972698517881352,-0.792245641674523,0.0126904879816223
1.73628018876552,0.581615358487434,-0.104658326270476,-0.345641317004938,-0.00896235956359541,0.111478533534682,-0.00980205145375143,-0.792371124554108,0.0128922005470225
1.74832154956701,0.581364947983361,-0.105361597487619,-0.345700174269121,-0.00902125041697173,0.111467793913842,-0.0098776540016838,-0.792496804161214,0.0130964365627428
1.7604464189928,0.581110907899516,-0.106068804536069,-0.345759943521632,-0.00908034291417497,0.11145676235064,-0.00995379466222552,-0.792622665697254,0.0133032140919059
1.77265537618758,0.580853194282862,-0.106779951603656,-0.345820636950527,-0.00913963203465929,0.111445433877455,-0.0100304752359815,-0.792748694174903,0.0135125510927654
1.78494900431252,0.580591762829956,-0.107495042519809,-0.34588226684608,-0.00919911258486172,0.111433803481528,-0.0101076974837307,-0.792874874421024,0.0137244654156836
1.79732789057308,0.580326568886931,-0.108214080748892,-0.345944845600116,-0.00925877919514933,0.11142186610522,-0.0101854631256092,-0.793001191079669,0.0139389748001951
1.80979262624709,0.580057567449529,-0.108937069383454,-0.34600838570529,-0.00931862631674291,0.111409616646275,-0.0102637738402946,-0.79312762861518,0.0141560968721598
1.82234380671297,0.579784713163178,-0.109664011137391,-0.34607289975433,-0.00937864821861628,0.111397049958092,-0.0103426312641895,-0.793254171315373,0.0143758491410091
1.83498203147818,0.579507960323135,-0.110394908339019,-0.346138400439235,-0.0094388389843717,0.111384160850018,-0.0104220369906054,-0.7933808032948,0.0145982489970885
1.84770790420785,0.579227262874672,-0.111129762924046,-0.346204900550422,-0.00949919250909201,0.111370944087642,-0.010501992568948,-0.7935075084981,0.0148233137090996
1.86052203275364,0.578942574413333,-0.111868576428467,-0.346272412975834,-0.00955970249616903,0.111357394393111,-0.0105824995039017,-0.793634270703422,0.0150510604216429
1.87342502918271,0.578653848185239,-0.112611349981345,-0.346340950699999,-0.00962036245410886,0.111343506445445,-0.010663559254616,-0.793761073525923,0.0152815061528686
1.88641750980704,0.578361037087468,-0.113358084297508,-0.346410526803039,-0.00968116569331415,0.11132927488088,-0.0107451732338913,-0.793887900421337,0.0155146677922326
1.89950009521279,0.578064093668496,-0.114108779670141,-0.346481154459635,-0.00974210532284393,0.111314694293203,-0.0108273428073673,-0.794014734689615,0.0157505620983661
1.91267341029,0.577762970128707,-0.114863435963283,-0.346552846937937,-0.00980317424714991,0.111299759234118,-0.0109100692927104,-0.794141559478626,0.0159892056970563
1.92593808426241,0.577457618320977,-0.115622052604213,-0.346625617598436,-0.00986436516279168,0.111284464213608,-0.0109933539588039,-0.794268357787923,0.0162306150793454
1.93929475071751,0.577147989751331,-0.116384628575744,-0.346699479892769,-0.00992567055512883,0.111268803700314,-0.0110771980249378,-0.794395112472559,0.0164748065997468
1.95274404763682,0.576834035579681,-0.117151162408404,-0.346774447362489,-0.00998708269499162,0.11125277212193,-0.0111616026600014,-0.794521806246966,0.0167217964745825
1.96628661742637,0.576515706620645,-0.117921652172516,-0.346850533637772,-0.0100485936353298,0.111236363865602,-0.0112465689816754,-0.794648421688876,0.0169716007804436
1.97992310694735,0.576192953344449,-0.118696095470165,-0.346927752436074,-0.0101101952078401,0.11121957327834,-0.0113320980556268,-0.794774941243295,0.0172242354527768
1.99365416754703,0.575865725877925,-0.119474489427066,-0.347006117560735,-0.0101718790195729,0.111202394667448,-0.0114181908947045,-0.794901347226511,0.0174797162845957
2.00748045508988,0.575533974005589,-0.120256830684308,-0.34708564289953,-0.0102336364495168,0.111184822300949,-0.0115048484581362,-0.795027621830148,0.0177380589253241
2.0214026299889,0.575197647170829,-0.121043115390003,-0.34716634242316,-0.0102954586451645,0.111166850408045,-0.0115920716507273,-0.795153747125247,0.0179992788797672
2.03542135723711,0.574856694477187,-0.121833339190811,-0.347248230183689,-0.0103573365190567,0.111148473179562,-0.0116798613220607,-0.795279705066383,0.0182633915072167
2.0495373064394,0.57451106468974,-0.122627497223355,-0.347331320312924,-0.0104192607453063,0.111129684768428,-0.0117682182656989,-0.795405477495799,0.0185304120206878
2.06375115184445,0.574160706236601,-0.123425584105527,-0.347415627020736,-0.0104812217561036,0.11111047929015,-0.0118571432183873,-0.795531046147571,0.0188003554862935
2.07806357237695,0.573805567210525,-0.124227593927674,-0.34750116459332,-0.0105432097382013,0.111090850823305,-0.0119466368592585,-0.795656392651778,0.019073236822751
2.09247525167004,0.573445595370634,-0.125033520243668,-0.347587947391398,-0.0106052146293805,0.111070793410042,-0.0120366998090399,-0.795781498538697,0.0193490708010288
2.10698687809795,0.573080738144266,-0.125843356061867,-0.347675989848355,-0.0106672261148982,0.111050301056595,-0.012127332629261,-0.795906345242993,0.0196278720441286
2.12159914480891,0.572710942628944,-0.126657093835953,-0.347765306468321,-0.0107292336239166,0.111029367733812,-0.0122185358214639,-0.79603091410792,0.0199096550270064
2.1363127497582,0.572336155594488,-0.127474725455652,-0.347855911824181,-0.0107912263259133,0.111007987377684,-0.0123103098264147,-0.79615518638952,0.0201944340766329
2.15112839574156,0.571956323485248,-0.128296242237348,-0.347947820555523,-0.0108531931270755,0.110986153889899,-0.012402655023317,-0.796279143260811,0.0204822233721919
2.1660467904287,0.571571392422494,-0.129121634914567,-0.348041047366523,-0.0109151226666759,0.110963861138395,-0.0124955717290269,-0.796402765815969,0.020773036945418
2.18106864639712,0.571181308206937,-0.129950893628348,-0.348135607023763,-0.0109770033134315,0.110941102957931,-0.0125890601972696,-0.796526035074493,0.0210668886810751
2.19619468116618,0.570786016321413,-0.130784007917506,-0.348231514353973,-0.0110388231618477,0.110917873150671,-0.0126831206178582,-0.796648931985351,0.0213637923175706
2.21142561723131,0.570385461933719,-0.131620966708761,-0.348328784241716,-0.0111005700285449,0.110894165486771,-0.0127777531159138,-0.796771437431096,0.0216637614477128
2.22676218209858,0.56997958989961,-0.13246175830677,-0.348427431626993,-0.0111622314485707,0.110869973704988,-0.0128729577510873,-0.796893532231964,0.0219668095196025
2.24220510831939,0.569568344765963,-0.13330637038403,-0.348527471502779,-0.0112237946716971,0.110845291513292,-0.0129687345167837,-0.797015197149926,0.0222729498376649
2.25775513352553,0.569151670774121,-0.134154789970668,-0.34862891891249,-0.0112852466587036,0.110820112589495,-0.0130650833393866,-0.797136412892709,0.0225821955638163
2.27341300046436,0.568729511863407,-0.135007003444126,-0.348731788947369,-0.0113465740776465,0.11079443058189,-0.0131620040774864,-0.797257160117772,0.0228945597187695
2.28917945703428,0.568301811674827,-0.135862996518723,-0.348836096743799,-0.0114077633001155,0.1107682391099,-0.0132594965211083,-0.797377419436234,0.0232100551834709
2.30505525632052,0.567868513554965,-0.136722754235111,-0.348941857480546,-0.0114688003974776,0.110741531764741,-0.0133575603909436,-0.797497171416748,0.0235286947006729
2.32104115663104,0.567429560560069,-0.137586260949618,-0.34904908637591,-0.0115296711371099,0.110714302110099,-0.0134561953375818,-0.797616396589324,0.0238504908766385
2.33713792153279,0.566984895460344,-0.138453500323486,-0.349157798684808,-0.0115903609786212,0.110686543682814,-0.013555400940745,-0.797735075449088,0.0241754561829761
2.35334631988814,0.566534460744454,-0.139324455312002,-0.349268009695772,-0.0116508550700632,0.110658249993584,-0.0136551767085237,-0.79785318845997,0.0245036029586022
2.36966712589169,0.566078198624234,-0.140199108153518,-0.349379734727863,-0.0117111382441334,0.110629414527672,-0.0137555220766146,-0.797970716058333,0.0248349434118327
2.38610111910714,0.565616051039628,-0.141077440358382,-0.349492989127502,-0.0117711950143683,0.110600030745633,-0.0138564364075599,-0.798087638656521,0.0251694896225986
2.40264908450462,0.565147959663847,-0.141959432697751,-0.349607788265219,-0.0118310095713303,0.110570092084054,-0.0139579189899895,-0.79820393664633,0.0255072535447839
2.41931181249812,0.56467386590877,-0.142845065192328,-0.34972414753231,-0.0118905657787866,0.110539591956301,-0.0140599690378635,-0.798319590402396,0.0258482470086847
2.43609009898327,0.564193710930578,-0.143734317100984,-0.349842082337405,-0.0119498471698843,0.110508523753286,-0.0141625856897179,-0.798434580285503,0.0261924817235859
2.45298474537537,0.563707435635635,-0.144627166909304,-0.349961608102954,-0.0120088369433191,0.110476880844244,-0.0142657680079115,-0.798548886645789,0.0265399692804544
2.46999655864764,0.563214980686621,-0.145523592318036,-0.350082740261614,-0.012067517959502,0.110444656577523,-0.0143695149778756,-0.798662489825871,0.0268907211547435
2.48712635136979,0.562716286508928,-0.14642357023146,-0.350205494252542,-0.012125872736723,0.110411844281393,-0.014473825507365,-0.798775370163861,0.0272447487093087
2.50437494174681,0.562211293297318,-0.147327076745676,-0.350329885517603,-0.0121838834473137,0.110378437264861,-0.0145786984257114,-0.798887507996289,0.0276020631974303
2.52174315365806,0.561699941022853,-0.148234087136812,-0.350455929497468,-0.0122415319138104,0.110344428818512,-0.0146841324830797,-0.798998883660916,0.0279626757659396
2.53923181669665,0.561182169440105,-0.149144575849163,-0.350583641627624,-0.0122987996051186,0.11030981221535,-0.0147901263497257,-0.799109477499441,0.028326597458446
2.55684176620901,0.560657918094647,-0.15005851648326,-0.350713037334285,-0.0123556676326802,0.110274580711667,-0.0148966786152567,-0.799219269860093,0.028693839218662
2.57457384333485,0.560127126330846,-0.150975881783877,-0.350844132030193,-0.012412116746645,0.110238727547922,-0.0150037877878952,-0.799328241100109,0.0290644118938224
2.59242889504728,0.559589733299939,-0.151896643627976,-0.350976941110323,-0.0124681273320488,0.110202245949635,-0.0151114522937441,-0.799436371588099,0.0294383262381936
2.61040777419332,0.559045677968427,-0.152820773012609,-0.351111479947484,-0.0125236794049978,0.110165129128298,-0.0152196704760558,-0.799543641706282,0.0298155929166704
2.6285113395346,0.558494899126769,-0.153748240042755,-0.35124776388781,-0.012578752608863,0.110127370282302,-0.0153284405945044,-0.799650031852602,0.0301962225084568
2.64674045578839,0.557937335398403,-0.154679013919134,-0.351385808246145,-0.0126333262104849,0.11008896259788,-0.0154377608244599,-0.799755522442715,0.0305802255108244
2.6650959936689,0.557372925249083,-0.155613062925971,-0.351525628301319,-0.012687379096391,0.11004989925007,-0.0155476292562671,-0.79986009391185,0.0309676123429501
2.68357882992886,0.556801606996553,-0.156550354418739,-0.351667239291312,-0.0127408897690281,0.11001017340369,-0.0156580438945278,-0.799963726716534,0.0313583933498222
2.70218984740145,0.556223318820548,-0.157490854811873,-0.351810656408303,-0.0127938363430103,0.109969778214331,-0.0157690026573859,-0.800066401336186,0.031752578806216
2.72092993504239,0.555637998773148,-0.158434529566471,-0.351955894793611,-0.0128461965413861,0.109928706829377,-0.0158805033758182,-0.800168098274569,0.0321501789207344
2.73979998797246,0.555045584789473,-0.159381343177986,-0.352102969532512,-0.0128979476919257,0.109886952389028,-0.0159925437929279,-0.800268798061111,0.0325512038399055
2.75880090752022,0.554446014698736,-0.160331259163916,-0.352251895648939,-0.0129490667234312,0.109844508027357,-0.0161051215632437,-0.800368481252078,0.0329556636523383
2.77793360126509,0.553839226235658,-0.161284240051497,-0.352402688100074,-0.0129995301620719,0.109801366873372,-0.0162182342520238,-0.800467128431611,0.0333635683929287
2.79719898308069,0.553225157052241,-0.162240247365412,-0.352555361770797,-0.0130493141277468,0.109757522052108,-0.0163318793345645,-0.80056472021261,0.0337749280471124
2.81659797317847,0.552603744729929,-0.163199241615525,-0.352709931468038,-0.0130983943304768,0.109712966685733,-0.0164460541955151,-0.800661237237481,0.0341897525551614
2.83613149815172,0.551974926792129,-0.164161182284638,-0.352866411914979,-0.0131467460668295,0.109667693894675,-0.016560756128198,-0.800756660178735,0.0346080518165184
2.85580049101974,0.551338640717129,-0.165126027816296,-0.353024817745153,-0.0131943442163789,0.109621696798772,-0.0166759823339361,-0.800850969739427,0.0350298356941656
2.87560589127251,0.550694823951396,-0.166093735602631,-0.353185163496398,-0.0132411632382025,0.109574968518436,-0.0167917299213857,-0.800944146653464,0.0354551140190224
2.89554864491548,0.550043413923274,-0.167064261972273,-0.353347463604692,-0.013287177167419,0.109527502175846,-0.0169079959058775,-0.801036171685745,0.0358838965943708
2.91562970451479,0.549384348057075,-0.168037562178319,-0.353511732397854,-0.0133323596117698,0.109479290896158,-0.0170247772087651,-0.801127025632159,0.0363161932002981
2.93585002924278,0.548717563787581,-0.16901359038639,-0.353677984089113,-0.0133766837482455,0.109430327808736,-0.0171420706567808,-0.80121668931943,0.0367520135981598
2.95621058492378,0.548042998574945,-0.169992299662759,-0.353846232770544,-0.0134201223197632,0.10938060604841,-0.0172598729814011,-0.801305143604807,0.0371913675350516
2.97671234408028,0.547360589920014,-0.170973641962599,-0.354016492406368,-0.0134626476318956,0.109330118756747,-0.0173781808182202,-0.801392369375599,0.0376342647482914
2.99735628597932,0.546670275380063,-0.171957568118315,-0.354188776826122,-0.0135042315496557,0.109278859083358,-0.0174969907063341,-0.801478347548563,0.0380807149699021
3.01814339667932,0.545971992584956,-0.172944027828018,-0.354363099717681,-0.0135448454943414,0.109226820187215,-0.0176162990877342,-0.80156305906913,0.0385307279310959
3.03907466907719,0.545265679253723,-0.173932969644112,-0.354539474620151,-0.0135844604404418,0.109173995238003,-0.0177361023067123,-0.801646484910483,0.0389843133667508
3.06015110295567,0.544551273211577,-0.174924340962036,-0.354717914916618,-0.0136230469126104,0.109120377417483,-0.017856396609276,-0.801728606072479,0.0394414810198775
3.08137370503119,0.543828712407354,-0.17591808800915,-0.354898433826754,-0.0136605749827072,0.109065959920893,-0.0179771781425776,-0.801809403580417,0.0399022406460742
3.10274348900188,0.543097934931392,-0.176914155833798,-0.355081044399288,-0.0136970142669156,0.109010735958362,-0.0180984429543549,-0.801888858483656,0.0403666020179584
3.12426147559604,0.54235887903385,-0.177912488294541,-0.35526575950433,-0.0137323339229347,0.108954698756355,-0.0182201869923851,-0.801966951854071,0.0408345749295808
3.14592869262085,0.541611483143462,-0.178913028049584,-0.355452591825548,-0.0137665026472553,0.10889784155914,-0.0183424061039538,-0.802043664784372,0.0413061692008074
3.16774617501149,0.540855685886741,-0.179915716546411,-0.355641553852206,-0.0137994886725186,0.108840157630282,-0.0184650960353382,-0.802118978386255,0.0417813946816734
3.18971496488059,0.54009142610762,-0.180920494011631,-0.355832657871055,-0.0138312597649664,0.108781640254162,-0.0185882524313062,-0.802192873788416,0.0422602612567002
3.21183611156796,0.539318642887548,-0.181927299441063,-0.35602591595808,-0.0138617832219833,0.108722282737518,-0.0187118708346323,-0.802265332134403,0.0427427788491727
3.23411067169074,0.538537275566024,-0.182936070590054,-0.356221339970093,-0.0138910258697381,0.108662078411019,-0.0188359466856299,-0.80233633458033,0.0432289574253715
3.25653970919388,0.53774726376159,-0.18394674396407,-0.356418941536191,-0.0139189540609265,0.108601020630856,-0.0189604753217031,-0.802405862292437,0.0437188069987612
3.27912429540095,0.536948547393266,-0.184959254809548,-0.356618732049057,-0.0139455336726204,0.108539102780368,-0.019085451976916,-0.802473896444502,0.0442123376341211
3.30186550906528,0.536141066702437,-0.185973537105038,-0.356820722656118,-0.0139707301042299,0.108476318271689,-0.0192108717815836,-0.802540418215116,0.0447095594516256
3.32476443642155,0.535324762275191,-0.186989523552652,-0.357024924250552,-0.0139945082755798,0.108412660547421,-0.0193367297618818,-0.802605408784804,0.0452104826308605
3.3478221712376,0.534499575065104,-0.188007145569821,-0.357231347462158,-0.0140168326251071,0.108348123082337,-0.0194630208394805,-0.802668849333014,0.0457151174147794
3.37103981486675,0.533665446416471,-0.189026333281391,-0.357440002648059,-0.0140376671081845,0.108282699385106,-0.019589739831199,-0.802730721034956,0.0462234741135903
3.39441847630035,0.532822318087994,-0.19004701551206,-0.357650899883279,-0.0140569751955741,0.108216383000048,-0.0197168814486849,-0.802791005058307,0.0467355631085729
3.41795927222076,0.531970132276897,-0.191069119779181,-0.35786404895116,-0.0140747198720163,0.108149167508916,-0.0198444402981183,-0.802849682559782,0.0472513948558201
3.44166332705473,0.531108831643507,-0.192092572285939,-0.358079459333634,-0.0140908636349591,0.108081046532701,-0.0199724108799414,-0.802906734681561,0.0477709798899037
3.46553177302703,0.530238359336249,-0.193117297914926,-0.358297140201353,-0.0141053684934336,0.108012013733467,-0.020100787588615,-0.802962142547595,0.0482943288274558
3.48956575021462,0.529358659017103,-0.194143220222122,-0.358517100403673,-0.0141181959670792,0.107942062816207,-0.0202295647124031,-0.803015887259766,0.0488214523706672
3.51376640660105,0.528469674887478,-0.1951702614313,-0.358739348458493,-0.0141293070853259,0.107871187530733,-0.0203587364331861,-0.80306794989393,0.0493523613106974
3.53813489813128,0.52757135171452,-0.196198342428879,-0.358963892541948,-0.0141386623867373,0.107799381673589,-0.020488296826305,-0.803118311495831,0.049887066530993
3.56267238876697,0.526663634857851,-0.197227382759228,-0.359190740477966,-0.0141462219185207,0.107726639089984,-0.0206182398604357,-0.803166953076884,0.0504255790105113
3.58738005054197,0.525746470296715,-0.198257300620447,-0.359419899727682,-0.0141519452362092,0.107652953675758,-0.0207485593974965,-0.803213855609842,0.0509679098268465
3.61225906361841,0.524819804657552,-0.199288012860643,-0.359651377378711,-0.0141557914035215,0.107578319379371,-0.0208792491925892,-0.803259000024341,0.0515140701592554
3.63731061634298,0.523883585241971,-0.200319434974704,-0.359885180134286,-0.014157718992405,0.107502730203918,-0.0210103028939743,-0.803302367202327,0.0520640712915792
3.66253590530377,0.522937760055128,-0.201351481101607,-0.360121314302262,-0.0141576860832677,0.107426180209166,-0.0211417140430827,-0.803343937973366,0.0526179246150588
3.68793613538733,0.521982277834501,-0.202384064022266,-0.360359785783982,-0.014155650265405,0.107348663513615,-0.0212734760745643,-0.80338369310985,0.053175641631042
3.71351251983634,0.521017088079041,-0.203417095157927,-0.360600600063018,-0.0141515686376255,0.107270174296589,-0.0214055823163751,-0.80342161332208,0.0537372339535769
3.73926628030746,0.520042141078716,-0.204450484569155,-0.360843762193777,-0.0141453978090838,0.107190706800341,-0.0215380259899035,-0.803457679253249,0.0543027133118923
3.76519864692972,0.519057387944413,-0.205484140955395,-0.361089276789989,-0.0141370939003243,0.107110255332189,-0.0216708002101377,-0.803491871474325,0.0548720915527606
3.7913108583633,0.518062780638206,-0.206517971655159,-0.361337148013062,-0.0141266125445423,0.107028814266672,-0.0218038979858751,-0.80352417047882,0.0554453806427412
3.81760416185865,0.517058272003968,-0.207551882646822,-0.361587379560326,-0.0141139088890678,0.106946378047722,-0.0219373122199745,-0.803554556677468,0.0560225926703024
3.84407981331609,0.516043815798328,-0.208585778550068,-0.361839974653155,-0.0140989375970789,0.106862941190864,-0.0220710357096537,-0.803583010392806,0.0566037398478181
3.87073907734582,0.515019366721951,-0.209619562628,-0.362094936024974,-0.014081652849549,0.106778498285434,-0.0222050611468317,-0.80360951185366,0.0571888345134397
3.89758322732826,0.513984880451137,-0.210653136789911,-0.362352265909164,-0.014062008347434,0.106693043996815,-0.0223393811185187,-0.803634041189535,0.0577778891328384
3.92461354547494,0.512940313669722,-0.211686401594761,-0.362611966026849,-0.0140399573141067,0.106606573068692,-0.0224739881072541,-0.803656578424926,0.0583709163008171
3.95183132288971,0.511885624101265,-0.212719256255356,-0.362874037574593,-0.0140154524980417,0.106519080325324,-0.0226088744915934,-0.803677103473539,0.0589679287427897
3.97923785963041,0.510820770541516,-0.213751598643249,-0.36313848121199,-0.0139884461757581,0.106430560673839,-0.0227440325466471,-0.803695596132426,0.0595689393161268
4.00683446477099,0.509745712891146,-0.214783325294388,-0.363405297049166,-0.0139588901550257,0.106341009106533,-0.0228794544446694,-0.803712036076049,0.0601739610113639
4.03462245646401,0.508660412188717,-0.215814331415514,-0.363674484634189,-0.0139267357783386,0.106250420703192,-0.0230151322557024,-0.803726402850259,0.0607830069532721
4.06260316200361,0.50756483064389,-0.216844510891339,-0.363946042940399,-0.013891933926665,0.106158790633429,-0.0231510579482726,-0.803738675866205,0.0613960904017893
4.09077791788892,0.506458931670839,-0.217873756292503,-0.364219970353653,-0.0138544350234752,0.106066114159025,-0.0232872233901439,-0.803748834394175,0.0620132247528096
4.11914806988789,0.505342679921869,-0.218901958884339,-0.364496264659508,-0.0138141890390543,0.105972386636291,-0.0234236203491271,-0.803756857557362,0.0626344235388294
4.14771497310157,0.504216041321209,-0.219929008636459,-0.36477492303032,-0.0137711454951078,0.105877603518431,-0.023560240493947,-0.803762724325575,0.0632597004294509
4.17647999202884,0.503078983098966,-0.22095479423316,-0.365055942012298,-0.0137252534696607,0.10578176035792,-0.0236970753951685,-0.803766413508876,0.0638890692317369
4.20544450063156,0.501931473825223,-0.221979203084694,-0.365339317512491,-0.0136764616022585,0.105684852808887,-0.023834116526183,-0.803767903751167,0.0645225438904216
4.23460988240025,0.500773483444252,-0.223002121339383,-0.365625044785728,-0.013624718099475,0.105586876629504,-0.0239713552642553,-0.803767173523723,0.0651601384879698
4.26397753042013,0.499604983308833,-0.224023433896618,-0.365913118421518,-0.0135699707407296,0.105487827684378,-0.0241087828916331,-0.803764201118659,0.0658018672444893
4.29354884743766,0.498425946214654,-0.225043024420738,-0.36620353233091,-0.0135121668844223,0.105387701946945,-0.02424639059672,-0.80375896464236,0.0664477445174902
4.32332524592758,0.497236346434766,-0.226060775355817,-0.366496279733326,-0.0134512534743885,0.105286495501872,-0.0243841694753116,-0.803751442008862,0.0670977848014942
4.35330814816033,0.496036159754074,-0.227076567941357,-0.366791353143369,-0.0133871770466794,0.105184204547448,-0.0245221105318981,-0.803741610933177,0.0677520027274883
4.38349898627002,0.494825363503839,-0.228090282228904,-0.36708874435762,-0.0133198837366722,0.10508082539798,-0.0246602046810317,-0.803729448924597,0.0684104130622281
4.41389920232282,0.493603936596175,-0.229101797099602,-0.367388444441425,-0.0132493192865146,0.104976354486183,-0.0247984427487618,-0.803714933279939,0.0690730307073826
4.44451024838583,0.492371859558501,-0.230110990282694,-0.367690443715681,-0.0131754290529073,0.104870788365566,-0.0249368154741374,-0.803698041076767,0.0697398706985262
4.47533358659646,0.491129114567941,-0.231117738374972,-0.367994731743638,-0.0130981580152293,0.104764123712803,-0.0250753135107786,-0.803678749166582,0.070410948203972
4.50637068923228,0.489875685485633,-0.2321219168612,-0.368301297317707,-0.0130174507840089,0.104656357330105,-0.0252139274285167,-0.803657034167975,0.0710862785234491
4.53762303878129,0.488611557890924,-0.233123400135502,-0.368610128446306,-0.0129332516097445,0.104547486147571,-0.025352647715105,-0.803632872459757,0.0717658770866206
4.56909212801278,0.487336719115432,-0.23412206152374,-0.368921212340726,-0.0128455043920785,0.104437507225532,-0.0254914647779994,-0.80360624017407,0.0724497594514448
4.60077946004862,0.486051158276933,-0.235117773306873,-0.369234535402055,-0.0127541526893278,0.104326417756873,-0.0256303689462114,-0.80357711318947,0.0731379413023749
4.63268654843505,0.484754866313062,-0.236110406745323,-0.369550083208142,-0.0126591397283733,0.104214215069342,-0.0257693504722314,-0.803545467123993,0.0738304384484003
4.66481491721498,0.483447836014784,-0.237099832104329,-0.36986784050063,-0.0125604084149114,0.10410089662784,-0.0259083995340254,-0.803511277328215,0.0745272668209267
4.69716610100076,0.482130062059615,-0.238085918680319,-0.370187791172057,-0.01245790134407,0.103986460036681,-0.0260475062371035,-0.803474518878284,0.0752284424714957
4.72974164504755,0.480801541044565,-0.239068534828287,-0.370509918253036,-0.0123515608113923,0.103870903041832,-0.0261866606166621,-0.803435166568957,0.0759339815693433
4.76254310532705,0.479462271518762,-0.240047547990189,-0.370834203899531,-0.0122413288241875,0.103754223533131,-0.0263258526397983,-0.803393194906625,0.0766439003987955
4.79557204860185,0.478112254015738,-0.241022824724351,-0.371160629380228,-0.0121271471132539,0.103636419546466,-0.0264650722077988,-0.80334857810233,0.0773582153565031
4.82883005250031,0.476751491085347,-0.241994230735903,-0.371489175064017,-0.0120089571449724,0.10351748926593,-0.0266043091585015,-0.80330129006479,0.0780769429485136
4.86231870559183,0.475379987325265,-0.242961630908223,-0.371819820407604,-0.0118867001337754,0.103397431025935,-0.0267435532687313,-0.803251304393418,0.07880009978718
4.89603960746281,0.473997749412069,-0.243924889335416,-0.372152543943239,-0.0117603170549863,0.103276243313297,-0.0268827942568086,-0.803198594371351,0.0795277025879076
4.92999436879299,0.472604786131837,-0.244883869355791,-0.372487323266602,-0.0116297486580373,0.103153924769276,-0.0270220217851327,-0.803143132958482,0.0802597681657366
4.96418461143244,0.471201108410252,-0.245838433586375,-0.372824135024831,-0.011494935480059,0.103030474191576,-0.0271612254628367,-0.803084892784505,0.0809963134317625
4.99861196847899,0.469786729342171,-0.246788443958427,-0.37316295490472,-0.0113558178598469,0.102905890536303,-0.027300394848517,-0.803023846141976,0.0817373553893916
5.03327808435624,0.468361664220628,-0.247733761753961,-0.37350375762109,-0.0112123359522006,0.102780172919872,-0.0274395194530341,-0.80295996497938,0.0824829111304345
5.06818461489212,0.466925930565237,-0.248674247643287,-0.373846516905344,-0.0110644297426384,0.102653320620865,-0.0275785887423867,-0.802893220894227,0.0832329978310352
5.10333322739797,0.465479548149964,-0.249609761723529,-0.374191205494226,-0.0109120390624823,0.102525333081844,-0.0277175921406566,-0.802823585126162,0.0839876327474361
5.13872560074817,0.464022539030226,-0.250540163558147,-0.37453779511878,-0.0107551036043163,0.102396209911099,-0.0278565190330252,-0.802751028550102,0.0847468332115804
5.17436342546036,0.462554927569296,-0.25146531221744,-0.374886256493535,-0.0105935629378121,0.102265950884346,-0.0279953587688598,-0.8026755216694,0.0855106166265497
5.21024840377617,0.461076740463971,-0.25238506632001,-0.37523655930592,-0.0104273565259234,0.10213455594636,-0.0281341006648698,-0.802597034609036,0.0862790004618387
5.24638224974252,0.459588006769471,-0.253299284075201,-0.375588672205921,-0.0102564237414439,0.102002025212552,-0.0282727340083313,-0.802515537108837,0.0870520022484665
5.2827666892935,0.458088757923533,-0.254207823326473,-0.375942562795994,-0.0100807038839275,0.10186835897047,-0.0284112480603789,-0.80243099851674,0.0878296395739231
5.31940346033281,0.456579027769675,-0.255110541595723,-0.37629819762124,-0.00990013619696659,0.101733557681246,-0.0285496320593646,-0.802343387782087,0.0886119300769542
5.35629431281677,0.455058852579585,-0.256007296128515,-0.376655542159865,-0.00971465988582532,0.101597621980957,-0.0286878752242811,-0.802252673448953,0.0893988914421817
5.39344100883792,0.453528271074606,-0.256897943940228,-0.377014560813921,-0.0095242141354237,0.101460552681924,-0.0288259667582499,-0.802158823649529,0.0901905413945619
5.43084532270915,0.451987324446284,-0.257782341863078,-0.377375216900354,-0.00932873812866725,0.101322350773932,-0.0289638958520707,-0.802061806097542,0.0909868976936793
5.4685090410485,0.450436056375946,-0.258660346594021,-0.377737472642357,-0.00912817106511882,0.101183017425368,-0.0291016516878331,-0.801961588081724,0.0917879781278808
5.50643396286443,0.448874513053276,-0.259531814743501,-0.378101289161053,-0.00892245218000576,0.101042553984281,-0.0292392234425862,-0.801858136459329,0.0925938005082431
5.54462189964184,0.447302743193842,-0.260396602885025,-0.378466626467513,-0.00871152076355799,0.100900961979357,-0.0293766002920667,-0.801751417649707,0.0934043826623826
5.58307467542852,0.445720798055574,-0.261254567605553,-0.378833443455112,-0.00849531618067043,0.100758243120808,-0.0295137714144826,-0.801641397627928,0.0942197424280995
5.6217941269223,0.444128731454117,-0.262105565556663,-0.37920169789225,-0.00827377789088277,0.100614399301171,-0.0296507259943501,-0.801528041918469,0.0950398976468628
5.66078210355879,0.442526599777069,-0.262949453506482,-0.37957134641544,-0.00804684546867068,0.100469432596019,-0.0297874532263828,-0.801411315588957,0.095864866157133
5.70004046759971,0.440914461997045,-0.263786088392348,-0.379942344522774,-0.00781445862404082,0.100323345264572,-0.0299239423194302,-0.801291183243974,0.0966946657875236
5.73957109422183,0.439292379683545,-0.26461532737418,-0.380314646567776,-0.00757655722342099,0.100176139750215,-0.0300601825004634,-0.801167609018933,0.0975293143498028
5.77937587160657,0.437660417013604,-0.265437027888523,-0.380688205753664,-0.00733308131083954,0.10002781868092,-0.0301961630186061,-0.801040556574016,0.0983688296317341
5.81945670103016,0.436018640781178,-0.266251047703246,-0.381062974128013,-0.00708397112938272,0.0998783848695654,-0.0303318731492071,-0.800909989088182,0.0992132293897576
5.85981549695445,0.434367120405252,-0.267057244972857,-0.381438902577848,-0.00682916714292367,0.099727841314145,-0.030467302197954,-0.800775869253256,0.100062531341511
5.90045418711838,0.432705927936634,-0.267855478294399,-0.381815940825166,-0.00656861005811171,0.0995761911978836,-0.0306024395050227,-0.800638159268078,0.100916753158194
5.94137471263004,0.431035138063415,-0.268645606763907,-0.382194037422891,-0.00630224084661377,0.0994234378892368,-0.0307372744492624,-0.800496820832748,0.101775912456769
5.9825790280594,0.429354828115052,-0.269427490033376,-0.382573139751298,-0.00603000076759685,0.099269584941784,-0.0308717964524112,-0.800351815142936,0.10264002679201
6.02406910153166,0.427665078065078,-0.270200988368216,-0.382953194014878,-0.00575183139044175,0.0991146360940093,-0.0310059949833407,-0.800203102884284,0.103509113648387
6.06584691482126,0.425965970532379,-0.270965962705152,-0.383334145239683,-0.005467674617677,0.0989585952689695,-0.0311398595623263,-0.800050644226886,0.1043831904318
6.10791446344653,0.424257590781045,-0.271722274710527,-0.383715937271149,-0.00517747270812124,0.0988014665738462,-0.0312733797653387,-0.799894398819863,0.105262274461152
6.15027375676503,0.422540026718758,-0.272469786838989,-0.384098512772401,-0.00488116830022373,0.0986432542993814,-0.0314065452283558,-0.799734325786024,0.106146382959764
6.19292681806951,0.420813368893689,-0.273208362392486,-0.384481813223055,-0.00457870443559011,0.0984839629191949,-0.0315393456516893,-0.799570383716616,0.107035533046639
6.23587568468454,0.419077710489908,-0.27393786557957,-0.384865778918522,-0.0042700245826815,0.0983235970889805,-0.0316717708043237,-0.79940253066618,0.107929741727569
6.27912240806387,0.417333147321257,-0.274658161574932,-0.385250348969826,-0.00395507266067413,0.098162161645582,-0.0318038105282641,-0.799230724147489,0.108829025886083
6.32266905388835,0.415579777823696,-0.27536911657915,-0.385635461303929,-0.00363379306346756,0.0979996616059456,-0.0319354547428891,-0.799054921126604,0.10973340227425
6.36651770216467,0.41381770304609,-0.27607059787859,-0.386021052664592,-0.00330613068382704,0.0978361021659486,-0.032066693449305,-0.798875078018012,0.110642887503315
6.41067044732463,0.412047026639421,-0.276762473905428,-0.386407058613754,-0.00297203093764739,0.0976714886991033,-0.0321975167346976,-0.798691150679891,0.111557498034198
6.45512939832527,0.410267854844423,-0.277444614297732,-0.386793413533457,-0.00263143978832442,0.0975058267551343,-0.0323279147766785,-0.798503094409461,0.112477250167825
6.49989667874954,0.40848029647762,-0.278116889959579,-0.387180050628306,-0.00228430377121958,0.0973391220584292,-0.0324578778476197,-0.79831086393846,0.11340216003532
6.54497442690774,0.406684462915753,-0.278779173121136,-0.387566901928478,-0.00193057001820487,0.097171380506362,-0.0325873963189762,-0.798114413428729,0.114332243588034
6.5903647959397,0.404880468078594,-0.279431337398676,-0.387953898293278,-0.00157018628227107,0.0970026081674881,-0.0327164606655893,-0.797913696467903,0.115267516587433
6.63606995391757,0.403068428410139,-0.28007325785447,-0.388340969415256,-0.00120310096218737,0.0968328112796104,-0.0328450614699678,-0.797708666065233,0.11620799459483
6.68209208394941,0.401248462858167,-0.280704811056511,-0.38872804382488,-0.00082926312719564,0.096661996247717,-0.0329731894265437,-0.797499274647518,0.11715369296097
6.72843338428345,0.399420692852167,-0.281325875138018,-0.389115048895767,-0.000448622541724841,0.0964901696417895,-0.0331008353458969,-0.797285474055159,0.118104626815465
6.77509606841313,0.397585242279628,-0.281936329856672,-0.389501910850481,-6.11296901103786e-05,0.096317338194482,-0.0332279901589459,-0.797067215538349,0.119060811056079
6.82208236518274,0.395742237460692,-0.282536056653526,-0.389888554766903,0.000333264198697197,0.0961435087986715,-0.0333546449210986,-0.796844449753374,0.120022260337873
6.86939451889399,0.393891807121171,-0.283124938711556,-0.39027490458516,0.000734607126448961,0.0959686885048787,-0.0334807908163615,-0.796617126759056,0.120988989062188
6.91703478941313,0.392034082363926,-0.28370286101378,-0.390660883115128,0.0011429463009574,0.0957928845185619,-0.0336064191614006,-0.796385196013323,0.121961011365501
6.96500545227891,0.390169196638618,-0.284269710400909,-0.391046412044503,0.00155832811151135,0.0956161041972808,-0.0337315214095509,-0.796148606369916,0.122938341108118
7.0133087988113,0.388297285709833,-0.284825375628471,-0.391431411947447,0.00198079810436691,0.0954383550477355,-0.0338560891547696,-0.795907306075234,0.123920991862733
7.06194713622089,0.386418487623592,-0.285369747423362,-0.391815802293796,0.00241040095832487,0.0952596447226778,-0.0339801141355298,-0.795661242765316,0.124908976902835
7.11092278771915,0.384532942672249,-0.285902718539769,-0.39219950145884,0.00284718046041413,0.0950799810176974,-0.0341035882386485,-0.795410363462965,0.125902309190981
7.16023809262934,0.382640793357803,-0.286424183814409,-0.392582426733673,0.00329117948169613,0.0948993718678845,-0.034226503503047,-0.795154614575028,0.126901001366914
7.20989540649828,0.380742184353615,-0.286934040221046,-0.3929644943361,0.00374243995320483,0.094717825344369,-0.0343488521234364,-0.794893941889805,0.127905065735549
7.25989710120885,0.378837262464565,-0.28743218692422,-0.393345619422113,0.00420100284203989,0.0945353496507393,-0.0344706264539271,-0.794628290574629,0.128914514254812
7.31024556509332,0.376926176585656,-0.287918525332145,-0.393725716097926,0.00466690812762727,0.0943519531193402,-0.0345918190115556,-0.794357605173583,0.129929358523337
7.36094320304735,0.375009077659085,-0.288392959148724,-0.394104697432557,0.00514019477816402,0.0941676442074542,-0.0347124224797254,-0.794081829605386,0.13094960976803
7.41199243664497,0.373086118629807,-0.288855394424635,-0.394482475470971,0.00562090072726221,0.0939824314933663,-0.0348324297115579,-0.793800907161423,0.131975278831486
7.46339570425412,0.371157454399601,-0.289305739607422,-0.394858961247765,0.00610906285080701,0.0937963236723149,-0.0349518337331486,-0.793514780503954,0.133006376159267
7.51515546115323,0.369223241779682,-0.289743905590573,-0.395234064801387,0.0066047169440453,0.0936093295523315,-0.0350706277467246,-0.793223391664472,0.134042911787052
7.56727417964842,0.367283639441863,-0.290169805761495,-0.395607695188905,0.00710789769891895,0.0934214580499716,-0.0351888051337005,-0.792926682042238,0.135084895327637
7.61975434919166,0.365338807868315,-0.29058335604838,-0.395979760501288,0.0076186386816581,0.0932327181859386,-0.0353063594576261,-0.792624592402981,0.136132335957809
7.67259847649959,0.363388909299941,-0.290984474965886,-0.39635016787922,0.00813697231064853,0.093043119080604,-0.0354232844670251,-0.792317062877772,0.137185242405075
7.72580908567334,0.3614341076834,-0.291373083659593,-0.396718823529422,0.00866292983458841,0.0928526699494273,-0.0355395740981188,-0.792004032962077,0.138243622934265
7.77938871831903,0.359474568616815,-0.291749105949205,-0.397085632741481,0.00919654131094821,0.0926613800982777,-0.0356552224774311,-0.791685441514984,0.139307485333996
7.83333993366922,0.357510459294195,-0.292112468370429,-0.397450499905178,0.00973783558474661,0.092469258918661,-0.0357702239242725,-0.791361226758615,0.140376836903003
7.8876653087051,0.355541948448621,-0.292463100215502,-0.397813328528305,0.0102868402676581,0.0922763158828557,-0.0358845729530987,-0.791031326277719,0.141451684436337
7.94236743827963,0.353569206294208,-0.29280093357233,-0.398174021254955,0.0108435817174638,0.0920825605389612,-0.0359982642757391,-0.790695677019462,0.142532034211437
7.99744893524145,0.351592404466916,-0.293125903362176,-0.398532479884292,0.0114080850178583,0.0918880025058614,-0.0361112928034944,-0.790354215293399,0.143617891974063
8.0529124305597,0.349611715964219,-0.293437947375887,-0.39888860538977,0.0119803739586267,0.0916926514681082,-0.0362236536490976,-0.79000687677164,0.144709262924106
8.10876057344967,0.347627315083698,-0.293737006308592,-0.399242297938806,0.012560471016202,0.0914965171707284,-0.0363353421285363,-0.789653596489226,0.145806151701263
8.16499603149936,0.345639377360593,-0.294023023792858,-0.399593456912887,0.0131483973346161,0.0912996094139581,-0.0364463537627335,-0.789294308844689,0.146908562370593
8.22162149079689,0.343648079504358,-0.294295946430253,-0.399941980928106,0.0137441727068546,0.0911019380479082,-0.0365566842790834,-0.788928947600827,0.148016498407936
8.27863965605879,0.341653599334264,-0.294555723821293,-0.400287767856105,0.014347815556627,0.0909035129671666,-0.0366663296128395,-0.788557445885689,0.149129962685211
8.33605325075921,0.339656115714113,-0.294802308593732,-0.400630714845429,0.0149593429205621,0.0907043441053396,-0.0367752859083522,-0.78817973619376,0.150248957455592
8.39386501726,0.337655808486087,-0.295035656429167,-0.40097071834326,0.01557877043084,0.0905044414295386,-0.0368835495201543,-0.787795750387369,0.151373484338553
8.45207771694168,0.335652858403813,-0.295255726087935,-0.401307674117533,0.0162061122982675,0.0903038149348157,-0.0369911170138907,-0.787405419698319,0.152503544304797
8.51069413033537,0.333647447064664,-0.295462479432267,-0.401641477279406,0.0168413812958083,0.0901024746385534,-0.0370979851670911,-0.787008674729726,0.153639137661056
8.56971705725559,0.331639756841373,-0.295655881447673,-0.401972022306091,0.0174845887425759,0.0899004305748125,-0.0372041509697828,-0.786605445458096,0.154780264034781
8.62914931693396,0.329629970813004,-0.295835900262543,-0.402299203064012,0.0181357444882956,0.0896976927886445,-0.0373096116249424,-0.786195661235627,0.155926922358701
8.68899374815392,0.327618272695336,-0.296002507165935,-0.402622912832283,0.0187948568982456,0.0894942713303711,-0.0374143645487843,-0.785779250792744,0.15707911085527
8.74925320938629,0.32560484677071,-0.296155676623529,-0.4029430443265,0.0194619328386813,0.0892901762498383,-0.0375184073708846,-0.785356142240871,0.158236827021
8.80993057892579,0.323589877817401,-0.296295386291734,-0.40325948972282,0.0201369776627516,0.0890854175906485,-0.0376217379341386,-0.784926263075449,0.159400067610672
8.87102875502857,0.321573551038579,-0.296421617029932,-0.40357214068232,0.0208199951969106,0.0888800053843764,-0.0377243542945508,-0.784489540179191,0.16056882862144
8.93255065605059,0.319556051990896,-0.296534352910835,-0.403880888375619,0.0215109877278324,0.0886739496447736,-0.0378262547208566,-0.784045899825597,0.161743105276811
8.99449922058705,0.317537566512777,-0.296633581228963,-0.404185623507748,0.0222099559898304,0.0884672603619679,-0.037927437693975,-0.783595267682714,0.162922892010533
9.05687740761275,0.31551828065246,-0.296719292507204,-0.404486236343256,0.0229168991527891,0.0882599474966612,-0.0380279019062899,-0.783137568817163,0.164108182450352
9.11968819662343,0.313498380595855,-0.296791480501483,-0.404782616731531,0.0236318148106079,0.0880520209743331,-0.0381276462607624,-0.782672727698417,0.165298969401679
9.18293458777804,0.311478052594269,-0.296850142203498,-0.40507465413233,0.0243546989701624,0.0878434906794539,-0.0382266698698708,-0.782200668203359,0.16649524483114
9.2466196020421,0.309457482892067,-0.29689527784155,-0.40536223764149,0.0250855460407849,0.0876343664497133,-0.0383249720543798,-0.781721313621107,0.167696999850027
9.31074628133199,0.307436857654317,-0.296926890879445,-0.405645256016821,0.0258243488242648,0.0874246580702707,-0.0384225523419385,-0.78123458665811,0.168904224697647
9.3753176886602,0.305416362894493,-0.296944988013477,-0.405923597704151,0.0265710985053718,0.0872143752680307,-0.0385194104655076,-0.780740409443534,0.17011690872457
9.44033690828169,0.303396184402284,-0.296949579167496,-0.406197150863522,0.0273257846429004,0.0870035277059513,-0.0386155463616155,-0.780238703534928,0.171335040375774
9.50580704584117,0.301376507671566,-0.296940677486055,-0.406465803395507,0.0280883951612373,0.0867921249773889,-0.0387109601684445,-0.779729389924188,0.172558607173705
9.57173122852146,0.299357517828608,-0.296918299325655,-0.406729442967649,0.0288589163424516,0.0865801766004858,-0.0388056522237477,-0.779212389043806,0.173787595701236
9.63811260519287,0.297339399560562,-0.296882464244093,-0.406987957040994,0.0296373328189034,0.086367692012606,-0.0388996230625976,-0.778687620773434,0.175021991584534
9.70495434656358,0.295322337044296,-0.296833194987917,-0.407241232896716,0.0304236275663738,0.0861546805648241,-0.0389928734149669,-0.778155004446741,0.176261779475846
9.7722596453311,0.293306513875631,-0.296770517478009,-0.407489157662805,0.0312177818977097,0.0859411515164727,-0.0390854042031436,-0.777614458858595,0.177506943036189
9.84003171633479,0.291292112999035,-0.296694460793306,-0.407731618340823,0.0320197754569846,0.0857271140297544,-0.0391772165389817,-0.777065902272548,0.178757464917968
9.90827379670937,0.289279316637834,-0.29660505715268,-0.407968501832695,0.0328295862141687,0.0855125771644218,-0.0392683117209888,-0.776509252428658,0.180013326747508
9.97698914603959,0.287268306224996,-0.296502341894989,-0.408199694967535,0.0336471904603065,0.0852975498725335,-0.0393586912312524,-0.775944426551628,0.181274509107506
10.0461810465159,0.285259262334542,-0.296386353457323,-0.40842508452849,0.0344725628031976,0.0850820409932879,-0.0394483567322075,-0.775371341359284,0.182540991519419
10.1158528030912,0.283252364613638,-0.296257133351476,-0.408644557279584,0.0353056761635751,0.0848660592479431,-0.0395373100632469,-0.774789913071392,0.183812752425775
10.1860077436388,0.281247791715421,-0.296114726138648,-0.408857999992559,0.0361465017717771,0.0846496132348252,-0.0396255532371776,-0.774200057418819,0.185089769172418
10.2566492191112,0.279245721232616,-0.295959179402426,-0.409065299473695,0.0369950091649055,0.084432711424432,-0.0397130884365244,-0.773601689653046,0.186372017990691
10.3277806037004,0.277246329631992,-0.295790543720052,-0.409266342590594,0.037851166184466,0.0842153621546355,-0.0397999180096847,-0.772994724556037,0.187659473979564
10.3994052949988,0.275249792189701,-0.295608872632027,-0.409461016298929,0.038714938974483,0.0839975736259886,-0.0398860444669364,-0.772379076450477,0.1889521110877
10.4715267141616,0.273256282927568,-0.29541422261006,-0.409649207669125,0.0395862919800818,0.0837793538971407,-0.0399714704763024,-0.771754659210364,0.190249902095477
10.5441483060703,0.271265974550352,-0.29520665302342,-0.409830803912996,0.0404651879465331,0.0835607108803665,-0.040056198859275,-0.771121386271999,0.19155281859696
10.6172735394972,0.269279038384058,-0.294986226103698,-0.410005692410283,0.0413515879187485,0.0833416523372125,-0.0401402325864028,-0.770479170645335,0.192860830981834
10.6909059072708,0.267295644315312,-0.294753006908046,-0.410173760735126,0.0422454512412229,0.0831221858742661,-0.0402235747727441,-0.769827924925728,0.194173908417303
10.7650489264432,0.265315960731867,-0.294507063280897,-0.410334896682437,0.0431467355584143,0.08290231893905,-0.0403062286731903,-0.76916756130608,0.195492018829951
10.8397061384575,0.263340154464276,-0.294248465814234,-0.410488988294162,0.0440553968155502,0.0826820588160478,-0.0403881976776631,-0.768497991589375,0.196815128887582
10.9148811093176,0.261368390728761,-0.293977287806427,-0.410635923885446,0.0449713892598569,0.0824614126228642,-0.0404694853061889,-0.767819127201632,0.198143203981043
10.9905774297578,0.25940083307134,-0.293693605219696,-0.410775592070671,0.0458946654421974,0.0822403873065227,-0.0405500952038546,-0.767130879205266,0.199476208206026
11.0667987154147,0.257437643313226,-0.293397496636229,-0.410907881789368,0.0468251762191128,0.082018989639906,-0.0406300311356497,-0.766433158312866,0.200814104344865
11.1435486070002,0.255478981497554,-0.293089043213006,-0.411032682331999,0.0477628707552556,0.0817972262183413,-0.0407092969811974,-0.76572587490141,0.202156853848334
11.2208307704748,0.253525005837457,-0.29276832863537,-0.411149883365604,0.0487076965262067,0.0815751034563354,-0.0407878967293803,-0.765008939026897,0.203504416817443
11.2986488972231,0.251575872665528,-0.292435439069399,-0.411259374959295,0.0496595993216656,0.0813526275844613,-0.0408658344728641,-0.764282260439435,0.204856751985252
11.3770067042298,0.249631736384706,-0.292090463113111,-0.411361047609607,0.0506185232490049,0.0811298046464008,-0.0409431144025251,-0.763545748598764,0.206213816698704
11.4559079342577,0.247692749420602,-0.291733491746566,-0.411454792265693,0.0515844107371787,0.0809066404961456,-0.0410197408017848,-0.762799312690234,0.207575566900476
11.535356356026,0.245759062175303,-0.291364618280898,-0.411540500354363,0.0525572025409758,0.0806831407953594,-0.0410957180408574,-0.762042861641246,0.208941957110877
11.6153557643908,0.24383082298268,-0.290983938306339,-0.411618063804958,0.0535368377456072,0.0804593110109041,-0.0411710505709139,-0.761276304138153,0.210312940409778
11.6959099805258,0.241908178065213,-0.290591549639278,-0.411687375074061,0.0545232537716185,0.080235156412533,-0.0412457429181688,-0.760499548643638,0.211688468418593
11.7770228521052,0.239991271492367,-0.2901875522684,-0.411748327170045,0.0555163863801172,0.0800106820707525,-0.0413197996778933,-0.759712503414566,0.213068491282327
11.8586982534876,0.238080245140537,-0.289772048299973,-0.41180081367744,0.0565161696783059,0.0797858928548551,-0.0413932255083612,-0.758915076520328,0.214452957651686
11.9409400859005,0.236175238654577,-0.289345141902309,-0.411844728781149,0.0575225361253106,0.0795607934311258,-0.0414660251247314,-0.758107175861667,0.215841814665263
12.0237522776272,0.234276389410928,-0.288906939249478,-0.411879967290473,0.0585354165382951,0.0793353882612237,-0.0415382032928722,-0.75728870919001,0.217235007931816
12.1071387841942,0.232383832482366,-0.288457548464301,-0.41190642466298,0.0595547400988534,0.0791096816007405,-0.0416097648231341,-0.7564595841273,0.218632481512638
12.1911035885602,0.230497700604382,-0.287997079560695,-0.411923997028192,0.0605804343596677,0.078883677497937,-0.0416807145640743,-0.755619708186339,0.220034177904041
12.2756507013062,0.228618124143198,-0.287525644385403,-0.411932581211109,0.0616124252514276,0.0786573797926608,-0.0417510573961391,-0.754768988791646,0.221440038019951
12.3607841608273,0.22674523106544,-0.287043356559183,-0.411932074755558,0.0626506370899969,0.0784307921154437,-0.0418207982253099,-0.75390733330084,0.222850001174634
12.4465080335254,0.22487914690946,-0.286550331417481,-0.411922375947378,0.0636949925838231,0.0782039178867824,-0.0418899419767169,-0.753034649026549,0.224264005065567
12.5328264140034,0.223019994758331,-0.28604668595067,-0.411903383837439,0.0647454128415789,0.0779767603166018,-0.0419584935882275,-0.752150843258849,0.225681985756453
12.6197434252612,0.221167895214507,-0.285532538743876,-0.411874998264492,0.0658018173800302,0.077749322403903,-0.042026458004013,-0.75125582328825,0.227103877660407
12.7072632188919,0.219322966376146,-0.285008009916472,-0.411837119877871,0.0668641241321193,0.0775216069365951,-0.0420938401680999,-0.75034949642922,0.228529613523314
12.7953899752808,0.217485323815115,-0.284473221061264,-0.411789650160022,0.0679322494552602,0.0772936164915122,-0.0421606450179112,-0.749431770044261,0.22995912440738
12.8841279038047,0.215655080556654,-0.283928295183447,-0.411732491448894,0.0690061081398355,0.0770653534346163,-0.0422268774778032,-0.748502551568539,0.231392339674883
12.9734812430331,0.213832347060709,-0.283373356639351,-0.411665546960173,0.0700856134178897,0.076836819921385,-0.0422925424526018,-0.747561748535074,0.232829186972138
13.0634542609305,0.212017231204934,-0.282808531075062,-0.411588720809373,0.0711706769720133,0.0766080178973846,-0.0423576448211455,-0.746609268600495,0.234269592213698
13.1540512550606,0.210209838269334,-0.282233945364932,-0.411501918033786,0.0722612089444104,0.0763789490990287,-0.0424221894298398,-0.745645019571357,0.235713479566797
13.2452765527909,0.208410270922567,-0.281649727550055,-0.411405044614304,0.0733571179461452,0.0761496150545219,-0.042486181086227,-0.74466890943104,0.237160771436045
13.3371345115004,0.20661862920988,-0.281056006776742,-0.411298007497103,0.074458311066563,0.0759200170849867,-0.0425496245525789,-0.743680846367219,0.238611388448406
13.4296295187868,0.204835010542673,-0.28045291323505,-0.411180714615212,0.0755646938828794,0.0756901563057755,-0.0426125245395157,-0.742680738799908,0.240065249438465
13.5227659926764,0.203059509689674,-0.279840578097402,-0.411053074909961,0.0766761704699356,0.0754600336279649,-0.0426748856996581,-0.741668495410101,0.241522271433991
13.6165483818355,0.201292218769724,-0.27921913345736,-0.410914998352317,0.0777926434101153,0.0752296497600317,-0.0427367126213157,-0.740644025168983,0.242982369641833
13.7109811657822,0.199533227246136,-0.27858871226858,-0.410766395964122,0.0789140138034203,0.07499900520971,-0.0427980098222189,-0.73960723736774,0.244445457434143
13.806068855101,0.197782621922633,-0.277949448284002,-0.410607179839223,0.080040181277702,0.0747681002860281,-0.0428587817432978,-0.738558041647953,0.245911446334964
13.9018159916578,0.196040486940836,-0.277301475995323,-0.410437263164523,0.0811710439990473,0.0745369351015235,-0.0429190327425146,-0.737496348032591,0.247380246007185
13.998227148817,0.194306903779274,-0.27664493057278,-0.410256560240938,0.082306498682317,0.0743055095746346,-0.0429787670887529,-0.736422066957591,0.24885176423988
14.0953069316601,0.192581951253926,-0.2759799478053,-0.410064986504281,0.0834464406018361,0.0740738234322673,-0.0430379889557702,-0.735335109304033,0.250325906936068
14.1930599772055,0.190865705520234,-0.275306664041051,-0.409862458546082,0.0845907636022349,0.0738418762125356,-0.0430967024162177,-0.734235386430916,0.251802578100886
14.2914909546299,0.189158240076592,-0.274625216128436,-0.409648894134331,0.0857393601094427,0.0736096672676729,-0.0431549114357326,-0.733122810208526,0.253281679830215
14.3906045654914,0.187459625769284,-0.27393574135756,-0.409424212234181,0.0868921211418321,0.0733771957671127,-0.0432126198671074,-0.731997293052393,0.254763112299766
14.4904055439544,0.185769930798836,-0.273238377402221,-0.409188333028591,0.0880489363215178,0.073144460700737,-0.0432698314445414,-0.730858747957854,0.256246773754649
14.5908986570152,0.18408922072776,-0.272533262262451,-0.408941177938936,0.0892096938858106,0.0729114608822894,-0.0433265497779775,-0.729707088535199,0.257732560499448
14.6920887047298,0.182417558489672,-0.271820534207647,-0.408682669645577,0.0903742806988284,0.0726781949529506,-0.0433827783475319,-0.728542229045412,0.259220366888813
14.7939805204436,0.180755004399744,-0.271100331720317,-0.408412732108404,0.0915425822632683,0.0724446613850736,-0.0434385204980169,-0.727364084436502,0.260710085318601
14.8965789710218,0.179101616166477,-0.270372793440494,-0.408131290587365,0.0927144827323428,0.0722108584860773,-0.0434937794335656,-0.726172570380415,0.262201606217577
14.999888957082,0.177457448904744,-0.269638058110821,-0.407838271662972,0.0938898649218836,0.0719767844024934,-0.0435485582123593,-0.72496760331053,0.263694818039699
15.1039154132284,0.175822555150096,-0.268896264522366,-0.407533603256805,0.0950686103226191,0.0717424371241666,-0.043602859741464,-0.723749100459739,0.265189607257014
15.2086633082875,0.174196984874289,-0.268147551461169,-0.407217214652019,0.0962505991126284,0.0715078144886018,-0.0436566867717791,-0.722516979899087,0.266685858353169
15.3141376455451,0.172580785502003,-0.267392057655577,-0.406889036513844,0.0974357101699803,0.0712729141854589,-0.0437100418931028,-0.721271160576995,0.268183453817587
15.4203434629857,0.170974001928718,-0.266629921724365,-0.406549000910107,0.0986238210855615,0.0710377337611891,-0.0437629275293178,-0.72001156235903,0.269682274140297
15.5272858335329,0.169376676539723,-0.265861282125689,-0.406197041331767,0.0998148081761008,0.0708022706238109,-0.0438153459337016,-0.718738106068243,0.27118219780747
15.6349698652918,0.167788849230218,-0.265086277106892,-0.405833092713473,0.101008546497398,0.0705665220478222,-0.0438672991843648,-0.717450713526044,0.27268310129766
15.7434007017931,0.166210557426484,-0.26430504465517,-0.405457091454139,0.102204909857765,0.0703304851792448,-0.0439187891798218,-0.716149307593623,0.274184859078786
15.8525835222385,0.164641836108077,-0.263517722449144,-0.405068975437567,0.103403770831684,0.0700941570407985,-0.0439698176346956,-0.7148338122139,0.275687343605874
15.9625235417481,0.163082717831019,-0.262724447811338,-0.404668684053087,0.104605000773695,0.0698575345371998,-0.0440203860755636,-0.713504152453993,0.277190425319581
16.07322601161,0.161533232751959,-0.261925357661593,-0.404256158216253,0.105808469832526,0.0696206144605833,-0.044070495836944,-0.712160254548199,0.278693972645523
16.1846962195303,0.159993408653253,-0.26112058847143,-0.403831340389562,0.107014046965462,0.0693833934960407,-0.0441201480574288,-0.710802045941474,0.28019785199443
16.2969394898867,0.158463270968945,-0.260310276219384,-0.403394174603236,0.108221599952979,0.0691458682272739,-0.0441693436759653,-0.709429455333399,0.281701927763156
16.4099611839816,0.156942842811602,-0.259494556347317,-0.402944606476035,0.109430995413638,0.0689080351423585,-0.0442180834282902,-0.708042412722624,0.283206062336559
16.5237667002994,0.155432144999983,-0.258673563717728,-0.402482583236134,0.110642098819267,0.0686698906396133,-0.0442663678435178,-0.706640849451766,0.284710116090279
16.6383614747635,0.153931196087492,-0.257847432572074,-0.402008053742032,0.111854774510422,0.068431431033573,-0.0443141972408872,-0.70522469825276,0.286213947394436
16.7537509809962,0.15244001239139,-0.257016296490118,-0.401520968503528,0.113068885712161,0.0681926525610571,-0.0443615717266691,-0.703793893292638,0.287717412618274
16.8699407305804,0.15095860802273,-0.256180288350298,-0.401021279702738,0.114284294550118,0.0679535513873347,-0.0444084911912372,-0.702348370219724,0.289220366135762
16.9869362733223,0.149486994916978,-0.25533954029115,-0.40050894121516,0.115500862066912,0.0677141236123774,-0.0444549553063045,-0.700888066210222,0.290722660332195
17.1047431975172,0.148025182865289,-0.254494183673774,-0.399983908630797,0.116718448238892,0.0674743652771983,-0.0445009635223292,-0.699412920015194,0.292224145611799
17.2233671302159,0.146573179546403,-0.253644349045361,-0.399446139275315,0.117936911993226,0.0672342723702714,-0.0445465150660908,-0.697922872007887,0.293724670406369
17.3428137374936,0.145130990559123,-0.252790166103781,-0.398895592231258,0.119156111225363,0.0669938408340281,-0.0445916089384393,-0.696417864231408,0.295224081184971
17.4630887247206,0.143698619455348,-0.251931763663248,-0.398332228359288,0.120375902816857,0.0667530665714249,-0.0446362439122205,-0.694897840446716,0.29672222246471
17.5841978368348,0.142276067773623,-0.251069269621046,-0.39775601031948,0.121596142653599,0.0665119454525788,-0.0446804185303783,-0.693362746180918,0.298218936822612
17.7061468586161,0.140863335073175,-0.250202810925345,-0.397166902592633,0.122816685644431,0.066270473321466,-0.044724131104236,-0.691812528775835,0.299714064908616
17.8289416149627,0.139460418968397,-0.249332513544083,-0.396564871501622,0.124037385740192,0.066028646002678,-0.0447673797119595,-0.690247137436819,0.301207445459717
17.9525879711692,0.138067315163754,-0.248458502434937,-0.39594988523276,0.125258095953183,0.0657864593082315,-0.0448101621972033,-0.688666523281805,0.302698915315268
18.0770918332073,0.136684017489079,-0.24758090151637,-0.395321913857181,0.126478668377084,0.0655439090444272,-0.0448524761679406,-0.687070639390563,0.30418830943347
18.2024591480069,0.135310517935217,-0.246699833639758,-0.39468092935223,0.127698954207316,0.0653009910187525,-0.0448943189954802,-0.685459440854117,0.305675460909063
18.3286959037413,0.133946806689998,-0.245815420562591,-0.394026905622847,0.128918803761883,0.0650577010468228,-0.0449356878136705,-0.68383288482433,0.307160200992246
18.4558081301122,0.132592872174501,-0.244927782922757,-0.393359818522946,0.130138066502692,0.0648140349593578,-0.0449765795182922,-0.682190930563589,0.308642359108835
18.5838018986386,0.13124870107958,-0.244037040213888,-0.392679645876769,0.131356591057371,0.0645699886091869,-0.0450169907666412,-0.680533539494598,0.310121762881687
18.7126833229461,0.129914278402618,-0.243143310761779,-0.391986367500214,0.132574225241596,0.0643255578782783,-0.0450569179773027,-0.678860675250221,0.311598238153401
18.8424585590593,0.12858958748449,-0.242246711701871,-0.391279965222117,0.133790816081941,0.0640807386847892,-0.0450963573301162,-0.677172303723357,0.31307160901032
18.9731338056957,0.12727461004669,-0.241347358957786,-0.390560422905479,0.135006209839263,0.0638355269901284,-0.0451353047663348,-0.675468393116817,0.314541697807842
19.1047153045619,0.125969326228615,-0.240445367220913,-0.389827726468634,0.136220252032638,0.0635899188060302,-0.0451737559889768,-0.673748913993154,0.316008325197064
19.2372093406515,0.124673714624945,-0.23954084993104,-0.389081863906324,0.137432787463851,0.0633439102016311,-0.0452117064633716,-0.672013839324437,0.317471310152772
19.3706222425457,0.123387752323133,-0.238633919258019,-0.388322825310689,0.138643660242467,0.063097497310547,-0.0452491514179001,-0.670263144541906,0.318930470002789
19.5049603827152,0.122111414940941,-0.237724686084457,-0.387550602892141,0.139852713811477,0.0628506763379438,-0.0452860858449307,-0.668496807585499,0.320385620458695
19.6402301778248,0.120844676664015,-0.236813259989425,-0.386765191000115,0.141059790973548,0.062603443567597,-0.0453225045019488,-0.66671480895319,0.321836575647934
19.7764380890397,0.119587510283473,-0.235899749233175,-0.38596658614367,0.14226473391787,0.062355795368936,-0.0453584019128828,-0.664917131750124,0.323283148147323
19.9135906223344,0.118339887233469,-0.234984260742855,-0.385154787011943,0.143467384247629,0.062107728204066,-0.0453937723696247,-0.663103761737484,0.324725149017959
20.0516943288031,0.117101777628722,-0.234066900099206,-0.384329794494406,0.144667583008096,0.0618592386347644,-0.0454286099337454,-0.661274687381077,0.326162387841558
20.1907558049731,0.115873150301976,-0.233147771524237,-0.383491611700945,0.145865170715362,0.0616103233294448,-0.0454629084384054,-0.659429899899585,0.327594672758209
20.3307816931193,0.114653972841371,-0.232226977869866,-0.382640243981703,0.147059987385712,0.0613609790700845,-0.0454966614904587,-0.657569393312436,0.32902181050557
20.4717786815819,0.113444211627705,-0.231304620607503,-0.381775698946698,0.148251872565648,0.0611112027591102,-0.0455298624727514,-0.655693164487263,0.330443606459501
20.6137535050858,0.112243831871556,-0.230380799818579,-0.380897986485182,0.149440665362583,0.0608609914262355,-0.0455625045466127,-0.65380121318691,0.33185986467615
20.756712945062,0.111052797650257,-0.229455614185992,-0.380007118784708,0.150626204476192,0.0606103422352471,-0.0455945806545383,-0.651893542115928,0.333270387935483
20.900663829972,0.109871071944684,-0.228529160986468,-0.379103110349913,0.15180832823044,0.0603592524907321,-0.0456260835230654,-0.649970156966534,0.334674977786271
21.0456130356336,0.108698616675853,-0.227601536083818,-0.378185978020956,0.152986874606292,0.0601077196447431,-0.0456570056658369,-0.648031066463976,0.33607343459253
21.1915674855492,0.107535392741297,-0.226672833923072,-0.377255740991624,0.1541616812751,0.059855741303395,-0.0456873393868559,-0.646076282411267,0.337465557581425
21.338534151237,0.106381360051207,-0.225743147525488,-0.376312420827056,0.155332585632683,0.0596033152333882,-0.045717076783927,-0.644105819733235,0.338851144892614
21.4865200525637,0.105236477564319,-0.224812568484404,-0.37535604148107,0.156499424834094,0.0593504393684536,-0.0457462097522839,-0.642119696519853,0.340229993629059
21.6355322580795,0.104100703323525,-0.223881186961934,-0.374386629313072,0.157662035829084,0.0590971118157134,-0.0457747299884015,-0.640117934068797,0.341601899909272
21.7855778853565,0.102973994491197,-0.222949091686479,-0.373404213104513,0.15882025539825,0.0588433308619537,-0.0458026289939911,-0.638100556927174,0.342966658921014
21.9366641013278,0.101856307384201,-0.222016369951046,-0.372408824074875,0.159973920189893,0.0585890949798023,-0.0458298980801762,-0.6360675929324,0.344324064976425
22.0887981226306,0.100747597508587,-0.221083107612353,-0.371400495897154,0.161122866757552,0.0583344028338082,-0.0458565283718467,-0.63401907325215,0.345673911568577
22.2419872159503,0.0996478195939457,-0.220149389090712,-0.370379264712819,0.162266931598245,0.0580792532864163,-0.0458825108121909,-0.631955032423353,0.34701599142945
22.396238698368,0.0985569276274021,-0.219215297370659,-0.369345169146212,0.163405951191389,0.057823645403833,-0.0459078361674004,-0.629875508390174,0.348350096589314
22.5515599377096,0.0974748748872506,-0.218280914002331,-0.368298250318376,0.164539762038413,0.0575675784617776,-0.0459324950315481,-0.627780542540939,0.349676018437492
22.7079583528983,0.0964016139762012,-0.217346319103557,-0.36723855186026,0.165668200703045,0.0573110519511148,-0.045956477831634,-0.625670179743952,0.350993547784513
22.8654414143084,0.0953370968542345,-0.216411591362663,-0.366166119925302,0.166791103852285,0.0570540655833625,-0.0459797748327993,-0.623544468382153,0.352302474925615
23.0240166441225,0.0942812748710473,-0.215476808041957,-0.365081003201334,0.167908308298034,0.056796619296071,-0.0460023761437021,-0.621403460386579,0.353602589705597
23.1836916166905,0.0932340987980793,-0.214542044981889,-0.363983252921799,0.169019651039393,0.0565387132580681,-0.0460242717220548,-0.619247211268563,0.35489368158498
23.3444739588916,0.0921955188601094,-0.213607376605863,-0.362872922876251,0.170124969305608,0.0562803478745661,-0.0460454513803186,-0.617075780150641,0.356175539707482
23.5063713504986,0.0911654847664097,-0.212672875925683,-0.361750069420095,0.171224100599663,0.0560215237921248,-0.0460659047915516,-0.614889229796097,0.357447952968756
23.6693915245447,0.090143945741447,-0.211738614547624,-0.360614751483558,0.172316882742493,0.055762241903467,-0.0460856214954078,-0.612687626637128,0.358710710086386
23.8335422676926,0.0891308505551235,-0.21080466267909,-0.359467030579845,0.173403153917826,0.0555025033521419,-0.0461045909042822,-0.610471040801545,0.359963599671098
23.9988314206069,0.0881261475525465,-0.209871089135874,-0.358306970812464,0.174482752717616,0.0552423095370306,-0.0461228023096,-0.608239546137994,0.361206410299167
24.1652668783283,0.0871297846833175,-0.208937961349966,-0.357134638881693,0.175555518188077,0.0549816621166912,-0.0461402448882438,-0.605993220239635,0.362438930585989
24.3328565906507,0.0861417095303352,-0.208005345377923,-0.355950104090142,0.17662128987628,0.0547205630135375,-0.0461569077091167,-0.603732144466232,0.36366094926078
24.5016085625011,0.0851618693381014,-0.207073305909759,-0.354753438347413,0.177679907877309,0.054459014417848,-0.046172779739836,-0.601456403964616,0.364872255242364
24.6715308543219,0.0841902110405264,-0.206141906278356,-0.353544716173796,0.178731212881956,0.0541970187916016,-0.0461878498535528,-0.599166087687465,0.366072637716029
24.8426315824557,0.0832266812882244,-0.205211208469366,-0.352324014703011,0.179775046224926,0.0539345788721338,-0.0462021068358948,-0.596861288410378,0.367261886211391
25.0149189195333,0.0822712264752935,-0.204281273131593,-0.351091413683931,0.180811249933546,0.0536716976756121,-0.0462155393920252,-0.594542102747165,0.368439790681252
25.1884010948637,0.0813237927655766,-0.203352159587834,-0.349846995481293,0.18183966677694,0.0534083785003253,-0.0462281361538154,-0.592208631163346,0.369606141581379
25.3630863948277,0.0803843261183948,-0.202423925846166,-0.348590845075348,0.182860140315659,0.0531446249297832,-0.0462398856871241,-0.589860977987795,0.370760729951192
25.538983163273,0.0794527723137521,-0.201496628611661,-0.347323050060438,0.183872514951739,0.0528804408356231,-0.0462507764991807,-0.587499251422497,0.371903347495286
25.7160998019135,0.0785290769770041,-0.200570323298501,-0.346043700642471,0.184876635979147,0.0526158303803204,-0.0462607970460645,-0.585123563550378,0.373033786665771
25.89444477073,0.0776131856029898,-0.199645064042496,-0.344752889635265,0.185872349634618,0.0523507980196986,-0.0462699357402779,-0.582734030341164,0.374151840745347
26.0740265883745,0.0767050435796208,-0.19872090371397,-0.343450712455753,0.18685950314882,0.0520853485052371,-0.0462781809584046,-0.580330771655244,0.375257303931089
26.2548538325773,0.0758045962109266,-0.197797893931008,-0.342137267118002,0.187837944797848,0.0518194868861723,-0.0462855210488511,-0.577913911245489,0.376349971418888
26.4369351405564,0.0749117887395534,-0.196876085073044,-0.340812654226053,0.188807523954995,0.0515532185113905,-0.0462919443396619,-0.575483576756998,0.377429639488471
26.6202792094301,0.0740265663687138,-0.195955526294776,-0.339476976965534,0.189768091142779,0.0512865490311088,-0.0462974391464063,-0.573039899724742,0.378496105588973
26.8048947966327,0.0731488742835864,-0.195036265540381,-0.338130341094051,0.190719498085195,0.0510194843983416,-0.0463019937801278,-0.57058301556907,0.379549168424993
26.9907907203326,0.0722786576721635,-0.194118349558036,-0.336772854930311,0.191661597760155,0.0507520308701512,-0.0463055965553529,-0.568113063589043,0.380588628043062
27.1779758598533,0.0714158617455479,-0.193201823914701,-0.335404629341988,0.192594244452075,0.0504841950086789,-0.0463082357981508,-0.565630186953586,0.381614285918488
27.3664591560979,0.0705604317576947,-0.192286733011174,-0.334025777732292,0.19351729380459,0.0502159836819556,-0.0463098998542394,-0.563134532690407,0.382625945042499
27.556249611976,0.0697123130246038,-0.191373120097377,-0.332636416025234,0.194430602873342,0.0499474040644897,-0.0463105770971311,-0.560626251672685,0.38362341000962
27.7473562928336,0.0688714509429569,-0.190461027287886,-0.331236662649577,0.195334030178824,0.04967846363763,-0.0463102559363108,-0.558105498603479,0.384606487105238
27.9397883268864,0.0680377910082057,-0.18955049557766,-0.32982663852145,0.196227435759216,0.0494091701897037,-0.046308924825442,-0.555572431997862,0.385574984393267
28.1335549056553,0.0672112788321081,-0.188641564857975,-0.328406467025621,0.197110681223202,0.0491395318159256,-0.0463065722705921,-0.553027214162745,0.386528711803863
28.3286652844062,0.0663918601597166,-0.187734273932538,-0.326976273995408,0.197983629802706,0.0488695569180802,-0.0463031868384719,-0.550470011174383,0.387467481221109
28.5251287825912,0.0655794808858191,-0.18682866053377,-0.325536187691235,0.198846146405521,0.0485992542039737,-0.0462987571646818,-0.547900992853541,0.38839110657062
28.7229547842946,0.0647740870708348,-0.185924761339242,-0.324086338777803,0.199698097667779,0.0483286326866563,-0.0462932719619588,-0.545320332738326,0.38929940390697
28.9221527386804,0.0639756249561681,-0.185022611988246,-0.322626860299889,0.200539352006233,0.0480577016834134,-0.0462867200284161,-0.542728208054651,0.390192191500903
29.1227321604441,0.0631840409790225,-0.184122247098492,-0.321157887656755,0.201369779670291,0.0477864708145264,-0.0462790902557711,-0.540124799684348,0.391069289926229
29.324702630267,0.0623992817866779,-0.183223700282918,-0.319679558575169,0.202189252793778,0.0475149500018024,-0.0462703716375515,-0.537510292130903,0.391930522146353
29.5280737952738,0.0616212942502353,-0.182327004166589,-0.31819201308103,0.202997645446367,0.0472431494668724,-0.0462605532772758,-0.534884873482835,0.392775713600346
29.7328553694936,0.0608500254778314,-0.181432190403687,-0.316695393469603,0.20379483368465,0.0469710797292597,-0.0462496243965993,-0.532248735374696,0.393604692288512
29.9390571343235,0.0600854228273285,-0.180539289694557,-0.315189844274363,0.204580695602788,0.0466987516042179,-0.04623757434342,-0.529602072945711,0.394417288857343
30.1466889389963,0.0593274339184823,-0.179648331802823,-0.313675512234439,0.205355111382709,0.0464261762003398,-0.0462243925999361,-0.526945084796052,0.395213336683814
30.3557607010504,0.058576006644594,-0.178759345572538,-0.312152546260684,0.206117963343804,0.046153364916938,-0.0462100687906495,-0.524277972940766,0.395992671958941
30.566282406804,0.0578310891836506,-0.177872358945364,-0.31062109740035,0.206869135992078,0.0458803294411981,-0.046194592690308,-0.521600942761355,0.396755133770511
30.7782641118319,0.0570926300089574,-0.176987398977772,-0.309081318800402,0.207608516068705,0.0456070817451074,-0.0461779542317785,-0.518914202955033,0.397500564184934
30.9917159414457,0.056360577899271,-0.176104491858243,-0.307533365669454,0.208335992597952,0.0453336340821585,-0.0461601435138458,-0.51621796548166,0.398228808328116
31.2066480911777,0.0556348819484346,-0.175223662924472,-0.305977395238354,0.209051456934421,0.0450599989838318,-0.0461411508089288,-0.51351244550839,0.398939714465306
31.4230708272674,0.0549154915745243,-0.174344936680535,-0.304413566719431,0.209754802809557,0.0447861892558579,-0.0461209665707083,-0.510797861352042,0.399633134079821
31.6409944871527,0.0542023565285119,-0.173468336814046,-0.3028420412644,0.210445926377399,0.0445122179742622,-0.0460995814416591,-0.508074434419215,0.400308921950593
31.8604294799627,0.0534954269024492,-0.172593886213259,-0.301262981920965,0.211124726259503,0.0442380984811954,-0.0460769862604798,-0.505342389144188,0.400966936228443
32.0813862870155,0.0527946531371816,-0.17172160698412,-0.299676553588116,0.211791103589009,0.0439638443805511,-0.0460531720694139,-0.502601952924618,0.40160703851104
32.3038754623189,0.0520999860295968,-0.170851520467259,-0.298082922970149,0.212444962053807,0.0436894695333751,-0.0460281301214554,-0.499853356055073,0.402229093916441
32.5279076330741,0.0514113767394167,-0.169983647254908,-0.29648225852943,0.213086207938754,0.0434149880530685,-0.0460018518874331,-0.497096831658443,0.402832971155166
32.7534935001834,0.0507287767955382,-0.169118007207729,-0.294874730437918,0.213714750166896,0.0431404143003887,-0.0459743290629658,-0.494332615615252,0.403418542600725
32.9806438387618,0.0500521381019308,-0.168254619471556,-0.293260510527481,0.214330500339666,0.0428657628782523,-0.0459455535752836,-0.491560946490917,0.403985684358527
33.2093694986511,0.0493814129430989,-0.167393502494028,-0.291639772239021,0.214933372776,0.042591048626342,-0.045915517589909,-0.488782065460996,0.404534276333114
33.4396814049384,0.0487165539891153,-0.166534674041113,-0.290012690570437,0.215523284550343,0.042316286615525,-0.0458842135171905,-0.485996216234473,0.405064202293638
33.6715905584778,0.0480575143002352,-0.165678151213506,-0.288379442023458,0.216100155529495,0.0420414921420837,-0.0458516340186843,-0.48320364497512,0.405575349937531
33.9051080364161,0.0474042473310968,-0.1648239504629,-0.286740204549377,0.216663908408265,0.0417666807217652,-0.0458177720133773,-0.480404600220984,0.40606761095229
34.1402449927217,0.0467567069345185,-0.163972087608115,-0.285095157493706,0.217214468743886,0.0414918680836544,-0.0457826206837466,-0.477599332802066,0.406540881075325
34.3770126587175,0.0461148473648992,-0.163122577851083,-0.283444481539804,0.217751764989169,0.0412170701638749,-0.045746173481649,-0.474788095756226,0.4069950601518
34.6154223436172,0.0454786232812318,-0.162275435792671,-0.281788358651497,0.218275728524334,0.0409423030991228,-0.0457084241340363,-0.471971144243386,0.407430052190417
34.8554854350656,0.0448479897497361,-0.16143067544835,-0.280126972014727,0.218786293687513,0.0406675832200398,-0.0456693666484905,-0.469148735458083,0.407845765417077
35.0972133996824,0.0442229022461227,-0.160588310263684,-0.278460505978286,0.219283397803864,0.0403929270444297,-0.0456289953185739,-0.466321128540428,0.408242112326368
35.3406177836102,0.0436033166574933,-0.159748353129651,-0.276789145993639,0.219766981213281,0.040118351270325,-0.04558730472899,-0.463488584485551,0.408619009730824
35.5857102130658,0.0429891892838892,-0.15891081639777,-0.275113078553919,0.220236987296658,0.0398438727689091,-0.0455442897605492,-0.460651366051577,0.408976378807906
35.8325023948954,0.0423804768394943,-0.158075711895045,-0.273432491132094,0.22069336250068,0.0395695085772999,-0.0454999455949372,-0.457809737666212,0.409314145144647
36.081006117134,0.0417771364535041,-0.157243050938708,-0.271747572118379,0.221136056361117,0.0392952758912015,-0.0454542677192791,-0.454963965332004,0.409632238779929
36.3312332495683,0.0411791256706677,-0.156412844350761,-0.270058510756921,0.221565021524577,0.0390211920574295,-0.0454072519304973,-0.452114316530353,0.409930594244333
36.5831957443038,0.0405864024515125,-0.155585102472308,-0.268365497081808,0.221980213768721,0.0387472745663175,-0.0453588943394583,-0.449261060124342,0.410209150597526
36.8369056363357,0.0399989251722615,-0.154759835177674,-0.266668721852445,0.222381592020878,0.0384735410440096,-0.0453091913749056,-0.446404466260448,0.410467851463149
37.0923750441235,0.039416652624452,-0.153937051888304,-0.26496837648834,0.222769118375071,0.0382000092446483,-0.0452581397871744,-0.443544806269243,0.410706645061154
37.3496161701702,0.0388395440142642,-0.153116761586443,-0.263264653003365,0.22314275810741,0.0379266970424614,-0.0452057366516859,-0.44068235256512,0.410925484237578
37.6086413016048,0.0382675589615703,-0.152298972828579,-0.261557743939514,0.223502479689849,0.0376536224237577,-0.0451519793722176,-0.437817378545158,0.411124326491696
37.8694628107695,0.0377006574987129,-0.151483693758667,-0.259847842300228,0.223848254802267,0.0373808034788362,-0.0450968656839477,-0.434950158487178,0.411303134000549
38.1320931558105,0.0371388000690211,-0.150670932121102,-0.258135141483335,0.224180058342886,0.0371082583938182,-0.0450403936562702,-0.432080967447094,0.411461873640798
38.3965448812729,0.0365819475250759,-0.149860695273464,-0.256419835213641,0.224497868436983,0.0368360054424067,-0.0449825616953792,-0.429210081155623,0.411600517007894
38.6628306187004,0.0360300611267317,-0.149052990199018,-0.254702117475242,0.224801666443902,0.0365640629775837,-0.0449233685466206,-0.426337775914444,0.411719040432544
38.9309630872381,0.0354831025389053,-0.148247823518963,-0.252982182443599,0.225091436962347,0.0362924494232494,-0.0448628132966095,-0.423464328491886,0.41181742499444
39.2009550942403,0.0349410338291405,-0.147445201504437,-0.251260224417426,0.225367167833952,0.0360211832658132,-0.0448008953751104,-0.42059001601824,0.411895656533256
39.4728195358824,0.0344038174649583,-0.146645130088276,-0.249536437750453,0.225628850145113,0.035750283045742,-0.0447376145566823,-0.417715115880756,0.411953725656887
39.7465693977764,0.0338714163110013,-0.145847614876504,-0.247811016783107,0.225876478227081,0.0354797673490755,-0.0446729709620839,-0.414839905618438,0.411991627746922
40.0222177555915,0.0333437936259832,-0.145052661159588,-0.246084155774171,0.22611004965432,0.0352096547989132,-0.0446069650594413,-0.411964662816705,0.41200936296135
40.2997777756789,0.0328209130594495,-0.144260273923426,-0.244356048832472,0.226329565241114,0.0349399640468828,-0.0445395976651765,-0.409089665001996,0.412006936234496
40.5792627157,0.0323027386483625,-0.143470457860075,-0.242626889848649,0.226535029036432,0.0346707137645962,-0.0444708699446966,-0.406215189536434,0.411984357274182
40.8606859252603,0.0317892348135165,-0.142683217378225,-0.240896872427061,0.226726448317052,0.0344019226351019,-0.0444007834128436,-0.4033415135126,0.411941640556113
41.1440608465467,0.0312803663557934,-0.141898556613417,-0.239166189817878,0.226903833578949,0.0341336093443388,-0.0443293399341066,-0.400468913648527,0.411878805315506
41.4294010149697,0.0307760984522685,-0.141116479437992,-0.237435034849419,0.227067198526953,0.033865792572602,-0.044256541722595,-0.397597666182986,0.411795875535963
41.7167200598098,0.0302763966521738,-0.140336989470787,-0.235703599860783,0.227216560062676,0.0335984909860255,-0.0441823913417753,-0.394728046771151,0.411692879935592
42.0060317048688,0.0297812268727286,-0.139560090086567,-0.233972076634829,0.227351938270736,0.0333317232280897,-0.0441068917039715,-0.391860330380736,0.411569851950411
42.2973497691249,0.0292905553948461,-0.138785784425201,-0.232240656331549,0.22747335640327,0.0330655079111625,-0.0440300460696312,-0.388994791188669,0.411426829715032
42.5906881673929,0.0288043488587234,-0.138014075400572,-0.230509529421903,0.227580840862762,0.0327998636080782,-0.043951858046359,-0.386131702478406,0.411263856040654
42.8860609109892,0.028322574259326,-0.137244965709236,-0.228778885622146,0.2276744211832,0.0325348088437647,-0.0438723315877188,-0.38327133653795,0.411080978390399
43.1834821084004,0.0278451989417715,-0.136478457838819,-0.227048913828716,0.22775413000957,0.0322703620869233,-0.043791470991807,-0.380413964558668,0.410878248851991
43.4829659659579,0.0273721905966239,-0.135714554076155,-0.225319802053718,0.227820003075717,0.03200654174177,-0.0437092808995995,-0.37755985653498,0.410655724107838
43.7845267885158,0.0269035172551053,-0.134953256515175,-0.223591737361065,0.227872079180591,0.0317433661398433,-0.0436257662930753,-0.374709281164991,0.410413465402523
44.0881789801347,0.0264391472842328,-0.134194567064542,-0.221864905803316,0.22791040016289,0.0314808535318875,-0.0435409324931179,-0.371862505752167,0.410151538507756
44.3939370447695,0.0259790493818885,-0.133438487455024,-0.220139492359264,0.227935010874136,0.0312190220798154,-0.0434547851572002,-0.369019796108098,0.409870013684812
44.701815586962,0.0255231925718314,-0.132685019246634,-0.218415680872314,0.227945959150211,0.0309578898487598,-0.0433673302768537,-0.366181416456454,0.409568965644507
45.0118293125388,0.0250715461986565,-0.131934163835508,-0.216693653989706,0.227943295781362,0.0306974747992171,-0.0432785741749268,-0.36334762933818,0.409248473504735
45.3239930293136,0.0246240799227114,-0.131185922460549,-0.214973593102621,0.227927074480728,0.0304377947792921,-0.0431885235026358,-0.360518695518023,0.408908620745638
45.6383216477945,0.0241807637149746,-0.13044029620982,-0.213255678287205,0.227897351851396,0.0301788675170477,-0.0430971852364124,-0.357694873892442,0.408549495162425
45.954830181896,0.0237415678519046,-0.129697286026704,-0.211540088246579,0.22785418735204,0.0299207106129669,-0.0430045666745511,-0.354876421398982,0.408171188815916
46.2735337496566,0.0233064629102669,-0.128956892715824,-0.209827000253843,0.227797643261151,0.0296633415325321,-0.0429106754336618,-0.352063592927173,0.407773797980843
46.5944475739604,0.0228754197619429,-0.128219116948733,-0.208116590096139,0.227727784639918,0.029406777598927,-0.0428155194449319,-0.349256641231009,0.407357423091975
46.9175869832646,0.0224484095687312,-0.127483959269369,-0.206409032019804,0.227644679293772,0.0291510359858679,-0.0427191069502017,-0.346455816843086,0.406922168688113
47.2429674123316,0.0220254037771444,-0.12675142009929,-0.204704498676638,0.227548397732649,0.0288961337105672,-0.0426214464978588,-0.343661367990442,0.406468143354015
47.5706044029659,0.0216063741132089,-0.12602149974268,-0.203003161071341,0.227439013129997,0.0286420876268364,-0.0425225469385559,-0.34087354051216,0.405995459660313
47.9005136047569,0.0211912925772743,-0.125294198391141,-0.201305188510146,0.227316601280567,0.0283889144183319,-0.0424224174207569,-0.338092577778796,0.405504234101482
48.2327107758263,0.0207801314388363,-0.124569516128264,-0.19961074855067,0.227181240557043,0.0281366305919491,-0.0423210673861181,-0.335318720613676,0.404994587031919
48.5672117835806,0.0203728632313811,-0.123847452933996,-0.197920006953032,0.227033011865524,0.0278852524713684,-0.042218506564707,-0.332552207216115,0.404466642600201
48.904032605469,0.019969460747255,-0.123128008688795,-0.196233127632256,0.226871998599928,0.0276347961907579,-0.042114744970067,-0.329793273086606,0.403920528681586
49.243189329747,0.0195698970325646,-0.12241118317758,-0.194550272611988,0.226698286595346,0.0273852776886365,-0.0420097928941323,-0.32704215095402,0.403356376808826
49.5846981562442,0.0191741453821137,-0.121696976093489,-0.192871601979557,0.226511964080388,0.0271367127019007,-0.0419036609019978,-0.324299070704868,0.402774322101348
49.9285753971387,0.0187821793343802,-0.12098538704144,-0.191197273842403,0.226313121628572,0.0268891167600202,-0.0417963598265524,-0.321564259314655,0.402174503192899
50.2748374777359,0.0183939726665395,-0.120276415541497,-0.189527444285895,0.226101852108801,0.0266425051794034,-0.0416879007629784,-0.318837940781369,0.401557062157686
50.6235009372529,0.0180094993895365,-0.119570061032062,-0.187862267332555,0.225878250634963,0.0263968930579378,-0.0415782950631258,-0.316120336061139,0.400922144435127
50.974582429609,0.0176287337432128,-0.118866322872875,-0.186201894902722,0.225642414514713,0.0261522952697068,-0.0414675543297652,-0.313411663006096,0.400269898753241
51.3280987242209,0.0172516501914915,-0.118165200347846,-0.184546476776661,0.225394443197478,0.0259087264598866,-0.0413556904107273,-0.310712136304454,0.399600477050786
51.6840667068035,0.0168782234176239,-0.117466692667712,-0.18289616055813,0.225134438221727,0.0256662010398249,-0.0412427153929338,-0.308021967422862,0.398914034398193
52.0425033801768,0.0165084283195024,-0.116770798972534,-0.181251091639444,0.224862503161558,0.0254247331823042,-0.0411286415963263,-0.305341364551027,0.398210728917382
52.4034258650778,0.0161422400050414,-0.116077518334021,-0.179611413168013,0.224578743572652,0.0251843368169909,-0.0410134815677,-0.30267053254864,0.397490721700535
52.7668514009784,0.015779633787632,-0.115386849757712,-0.1779772660144,0.224283266937634,0.0249450256260726,-0.040897248074447,-0.300009672894626,0.396754176727886
53.1327973469088,0.0154205851816705,-0.114698792184995,-0.176348788741882,0.223976182610894,0.0247068130400851,-0.0407799540982171,-0.297358983638732,0.396001260784627
53.5012811822866,0.0150650698981661,-0.114013344494987,-0.174726117577542,0.223657601762912,0.0244697122339295,-0.0406616128285016,-0.294718659355458,0.395232143376978
53.8723205077517,0.014713063840429,-0.113330505506265,-0.17310938638488,0.22332763732414,0.0242337361230822,-0.0405422376561458,-0.292088891100361,0.394446996647513
54.2459330460073,0.014364543099842,-0.112650273978471,-0.171498726637967,0.222986403928476,0.0239988973599971,-0.0404218421667971,-0.28946986636872,0.39364599528981
54.6221366426659,0.0140194839517177,-0.111972648613777,-0.169894267397128,0.222634017856401,0.0237652083307008,-0.0403004401342958,-0.286861769056578,0.392829316462502
55.0009492671021,0.013677862851243,-0.111297628058226,-0.168296135286164,0.222270596977791,0.0235326811515824,-0.0401780455140122,-0.284264779424166,0.391997139702799
55.3823890133107,0.0133396564295138,-0.110625210902949,-0.16670445447111,0.221896260694492,0.023301327666377,-0.0400546724361393,-0.281679074061707,0.391149646839557
55.7664741007712,0.0130048414896604,-0.109955395685272,-0.165119346640536,0.221511129882661,0.0230711594433431,-0.0399303351989447,-0.279104825857589,0.390287021905964
56.1532228753178,0.0126733950030662,-0.109288180889706,-0.163540930987367,0.221115326834962,0.0228421877726339,-0.0398050482619898,-0.276542203968924,0.38940945105192
56.5426538100157,0.01234529410568,-0.108623564948828,-0.161969324192243,0.220708975202627,0.022614423663862,-0.0396788262393197,-0.273991373794462,0.388517122456182
56.9347855060436,0.0120205160944248,-0.107961546244067,-0.160404640408392,0.220292199937446,0.0223878778438577,-0.0395516838926336,-0.271452496949874,0.387610226238333
57.3296366935823,0.0116990384237014,-0.107302123106389,-0.158846991248022,0.21986512723373,0.0221625607546177,-0.0394236361244373,-0.268925731245373,0.386688954370668
57.7272262327089,0.0113808387019909,-0.106645293816887,-0.15729648577021,0.21942788447028,0.0219384825514466,-0.0392946979711869,-0.266411230665669,0.385753500590042
58.1275731142982,0.0110658946885543,-0.105991056607288,-0.155753230470291,0.218980600152422,0.0217156531012873,-0.0391648845964281,-0.26390914535225,0.384804060309762
58.5306964609293,0.0107541842902304,-0.105339409660375,-0.154217329270726,0.218523403854131,0.0214940819812402,-0.0390342112839361,-0.261419621587951,0.383840830531589
58.9366155277994,0.0104456855583335,-0.104690351110332,-0.152688883513437,0.218056426160301,0.0212737784772695,-0.0389026934308633,-0.25894280178381,0.38286400975791
59.3453497036433,0.0101403766856491,-0.10404387904301,-0.151167991953602,0.2175797986092,0.0210547515830947,-0.0387703465408991,-0.256478824468182,0.381873797904146
59.7569185116595,0.00983823600353013,-0.103399991496136,-0.149654750754877,0.21709365363514,0.0208370099992657,-0.0386371862174466,-0.254027824278086,0.380870396211467
60.1713416104428,0.00953924197909076,-0.102758686459439,-0.14814925348605,0.216598124511415,0.0206205621324193,-0.0385032281568236,-0.251589931952755,0.379854007159867
60.5886387949234,0.0092433732125006,-0.102119961874733,-0.146651591119091,0.216093345293536,0.0204054160947151,-0.0383684881414902,-0.249165274329381,0.378824834381659
61.0088299973121,0.00895060843437674,-0.101483815635933,-0.145161852028592,0.215579450762805,0.0201915797034483,-0.0382329820333108,-0.246753974340996,0.377783082575456
61.4319352880526,0.0086609265032742,-0.100850245589023,-0.143680121992564,0.215056576370264,0.0199790604808369,-0.0380967257668523,-0.244356151016485,0.376728957420695
61.8579748767801,0.00837430640327395,-0.100219249531978,-0.142206484194581,0.21452485818105,0.0197678656539812,-0.0379597353427268,-0.241971919482685,0.375662665492753
62.2869691132868,0.00809072724166783,-0.0995908252146317,-0.140741019227241,0.213984432819201,0.0195580021549921,-0.03782202682098,-0.239601390968534,0.374584414178712
62.7189384884933,0.0078101682467396,-0.0989649703385222,-0.139283805096931,0.213435437412937,0.0193494766212859,-0.0376836163145323,-0.237244672811245,0.373494411593833
63.1539036354283,0.00753260876564112,-0.0983416825566839,-0.137834917229854,0.212878009540448,0.019142295396043,-0.0375445199826753,-0.234901868464462,0.372392866498785
63.5918853302131,0.00725802826236269,-0.0977209594734175,-0.136394428479311,0.212312287176236,0.018936464528826,-0.0374047540246288,-0.232573077508355,0.371279988217671
64.032904493055,0.00698640631579633,-0.0971027986440278,-0.134962409134211,0.211738408638012,0.0187319897763556,-0.0372643346731624,-0.230258395661624,0.370155986556913
64.4769821892457,0.00671772261789097,-0.096487197574537,-0.133538926928762,0.211156512534213,0.0185288766034407,-0.0371232781882847,-0.227957914795372,0.369021071725034
64.9241396301678,0.00645195697189804,-0.0958741537213754,-0.132124047053347,0.210566737712138,0.0183271301840578,-0.0369816008510053,-0.225671722948788,0.367875454253384
65.3743981743082,0.00618908929070603,-0.0952636644910553,-0.130717832166532,0.209969223206742,0.0181267554025791,-0.0368393189571714,-0.223399904346625,0.366719344917845
65.827779328278,0.00592909959526284,-0.094655727239828,-0.129320342408194,0.209364108190114,0.0179277568551425,-0.0366964488113841,-0.221142539418405,0.365552954661567
66.2843047478397,0.00567196801308398,-0.0940503392733306,-0.127931635413724,0.208751531921668,0.017730138851163,-0.0365530067209975,-0.218899704819321,0.364376494518774
66.7439962389419,0.00541767477684518,-0.0934474978462222,-0.1265517663293,0.208131633699053,0.0175339054149796,-0.0364090089902021,-0.216671473452789,0.363190175539657
67.2068757587607,0.00516620022305774,-0.0928472001618156,-0.12518078782817,0.207504552809829,0.0173390602876344,-0.0362644719141981,-0.214457914494592,0.36199420871642
67.6729654167483,0.00491752479082473,-0.0922494433717045,-0.123818750127943,0.206870428483907,0.0171456069287815,-0.0361194117734593,-0.212259093418592,0.360788804910489
68.1422874756894,0.00467162902067633,-0.0916542245753917,-0.12246570100884,0.20622939984679,0.0169535485187201,-0.0359738448280916,-0.210075072023944,0.359574174780925
68.6148643527643,0.00442849355348232,-0.0910615408199179,-0.121121685832881,0.205581605873624,0.0167628879605486,-0.0358277873122877,-0.207905908463771,0.358350528714066
69.0907186206199,0.00418809912943988,-0.0904713890994967,-0.119786747563971,0.204927185344083,0.0165736278824364,-0.0356812554288816,-0.205751657275254,0.357118076754436
69.5698730084476,0.00395042658713473,-0.0898837663551558,-0.11846092678887,0.204266276798097,0.0163857706400083,-0.035534265344004,-0.203612369411086,0.355877028536939
70.0523504030693,0.00371545686267345,-0.0892986694743878,-0.117144261738991,0.203599018492447,0.0161993183188388,-0.0353868331818413,-0.201488092272246,0.354627593220357
70.5381738500302,0.00348317098888512,-0.0887160952908132,-0.115836788313015,0.202925548358235,0.0160142727370508,-0.0352389750195003,-0.199378869742034,0.353369979422191
71.0273665547,0.00325355009459009,-0.0881360405838559,-0.114538540100283,0.202246003959244,0.0158306354480165,-0.0350907068819798,-0.197284742221338,0.352104395154851
71.5199518833807,0.00302657540393376,-0.0875585020784359,-0.113249548404938,0.201560522451201,0.0156484077431548,-0.0349420447372512,-0.195205746665056,0.350831047763223
72.0159533644237,0.00280222823578304,-0.0869834764446784,-0.11196984227077,0.200869240541951,0.0154675906548222,-0.0347930044914499,-0.193141916619648,0.349550143863624
72.5153946893524,0.00258049000318398,-0.086410960297643,-0.110699448506761,0.200172294452559,0.0152881849592935,-0.0346436019841784,-0.191093282261767,0.348261889284167
73.0182997139948,0.00236134221287745,-0.0858409501970737,-0.10943839171327,0.199469819879335,0.0151101911798264,-0.0344938529839222,-0.189059870437898,0.346966489006546
73.5246924596224,0.00214476646487136,-0.0852734426471717,-0.10818669430884,0.198761951956806,0.0149336095898089,-0.0343437731835801,-0.187041704704988,0.345664147109249
74.0345971140979,0.00193074445206699,-0.0847084340963921,-0.106944376557602,0.198048825221629,0.0147584402159826,-0.0341933781961101,-0.185038805371994,0.34435506671223
74.5480380330304,0.00171925795993716,-0.0841459209372661,-0.105711456597225,0.197330573577458,0.0145846828417404,-0.0340426835502904,-0.183051189542313,0.343039449923013
75.0650397409388,0.00151028886625408,-0.0835858995062508,-0.104487950467404,0.196607330260762,0.0144123370104926,-0.033891704686598,-0.181078871157041,0.341717497784275
75.585626932423,0.00130381914086468,-0.0830283660836059,-0.103273872138839,0.195879227807612,0.0142414020290992,-0.0337404569532041,-0.179121861039023,0.340389410222889
76.1098244733437,0.00109983084551105,-0.0824733168933007,-0.102069233542682,0.195146398021418,0.0140718769713635,-0.033588955602087,-0.177180166937626,0.339055386000434
76.6376574020103,0.000898306133694005,-0.0819207481029498,-0.100874044600418,0.194408971941638,0.0139037606815834,-0.033437215785264,-0.175253793574218,0.337715622665188
77.1691509303763,0.000699227250577339,-0.0813706558237816,-0.099688313254158,0.193667079813452,0.0137370517781568,-0.0332852525511407,-0.17334274268828,0.336370316505594
77.7043304452438,0.000502576532930673,-0.0808230361106372,-0.0985120454973002,0.192920851058391,0.013571748657237,-0.0331330808409785,-0.171447013084117,0.335019662505197
78.2432215094763,0.000308336409108736,-0.0802778849620031,-0.0973452454055484,0.192170414245943,0.013407849496435,-0.032980715485482,-0.169566600678133,0.333663854299065
78.7858498632195,0.000116489399064746,-0.0797351983200765,-0.0961879151682432,0.19141589706611,0.013245352258564,-0.0328281712015022,-0.1677014985466,0.33230308413168
79.3322414251308,-7.29818856040464e-05,-0.0791949720708648,-0.0950400551199877,0.190657426302927,0.0130842546954238,-0.0326754625888603,-0.165851696973904,0.330937542816294
79.8824222936175,-0.000260094741580966,-0.0786572020443197,-0.0939016637725349,0.189895127808937,0.0129245543516203,-0.0325226041272868,-0.164017183501211,0.329567419695757
80.436418748083,-0.000444866373726762,-0.0781218840145059,-0.0927727378469121,0.189129126480622,0.0127662485684176,-0.0323696101734793,-0.162197942975506,0.328192902604796
80.9942572501823,-0.000627313894950679,-0.077589013699805,-0.091653272305754,0.188359546234769,0.0126093344876188,-0.0322164949582768,-0.160393957598983,0.326814177833751
81.555964445086,-0.000807454326058039,-0.0770585867631555,-0.0905432603858186,0.187586509985787,0.0124538090554715,-0.0320632725839492,-0.158605206978721,0.325431430093752
82.121567162753,-0.000985304595576128,-0.0765305988123274,-0.0894426936306605,0.186810139623954,0.0122996690265969,-0.0319099570216029,-0.156831668176625,0.324044842483325
82.6910924192116,-0.00116088153956055,-0.0760050454002339,-0.0883515619234356,0.186030555994593,0.0121469109679358,-0.0317565621087008,-0.155073315759584,0.322654596456429
83.2645674178507,-0.00133420190138412,-0.0754819220252781,-0.0872698535198128,0.185247878878167,0.0119955312627116,-0.0316031015466956,-0.153330121849805,0.321260871791896
83.8420195507184,-0.00150528233150995,-0.0749612241317361,-0.0861975550809681,0.184462226971284,0.0118455261144056,-0.031449588898776,-0.151602056175297,0.319863846564277
84.423476399831,-0.00167413938725099,-0.074442947110176,-0.0851346517066384,0.183673717868605,0.0116968915507411,-0.0312960375877245,-0.149889086120453,0.318463697116069
85.0089657384898,-0.00184078953251772,-0.0739270862979122,-0.0840811269682105,0.182882468045653,0.0115496234276754,-0.0311424608938854,-0.148191176776709,0.317060598031317
85.5985155326084,-0.00200524913755576,-0.073413636979496,-0.0830369629418244,0.18208859284249,0.0114037174333937,-0.0309888719532425,-0.146508290993235,0.31565472211057
86.1921539420481,-0.00216753447867553,-0.0729025943872412,-0.0820021402414667,0.181292206448283,0.0112591690923056,-0.0308352837556048,-0.144840389427623,0.314246240347177
86.7899093219629,-0.00232766173797538,-0.0723939537017844,-0.0809766380520358,0.180493421886721,0.0111159737690383,-0.0306817091428983,-0.143187430596554,0.312835321904912
87.3918102241541,-0.00248564700306018,-0.0718877100526808,-0.0799604341623556,0.179692351002291,0.0109741266724263,-0.030528160807564,-0.141549370926394,0.311422134096902
87.9978853984339,-0.00264150626675688,-0.071383858519034,-0.0789535049981182,0.178889104447387,0.0108336228594929,-0.0303746512910595,-0.139926164803689,0.310006842365846
88.6081637939989,-0.00279525542682887,-0.0708823941301595,-0.0779558256547378,0.178083791670246,0.0106944572394234,-0.0302211929824628,-0.138317764625553,0.308589610265505
89.2226745608124,-0.00294691028569067,-0.0703833118662821,-0.0769673699300934,0.177276520903708,0.0105566245775247,-0.0300677981171772,-0.136724120849879,0.307170599443442
89.8414470509972,-0.00309648655012447,-0.0698866066592659,-0.0759881103571461,0.176467399154764,0.0104201194991716,-0.0299144787757357,-0.135145182045387,0.305749969624998
90.4645108202374,-0.00324399983100022,-0.0693922733933767,-0.07501801823641,0.175656532194903,0.0102849364937359,-0.029761246882703,-0.133580894941447,0.304327878598475
91.0918956291901,-0.00338946564300055,-0.0689003069060762,-0.0740570636682612,0.17484402455123,0.0101510699184967,-0.0296081142056734,-0.132031204477673,0.302904482201518
91.7236314449071,-0.00353289940435219,-0.0684107019888472,-0.0731052155850683,0.174029979498345,0.0100185140025296,-0.0294550923543629,-0.130496053853253,0.301479934308661
92.3597484422661,-0.00367431643656507,-0.0679234533880497,-0.0721624417831283,0.17321449905097,0.00988726285057274,-0.029302192779795,-0.128975384575995,0.300054386820023
93.0002770054119,-0.00381373196418076,-0.0674385558058058,-0.0712287089543929,0.172397683957314,0.00975731044686817,-0.0291494267735757,-0.127469136511053,0.298627989651138
93.645247729208,-0.00395116111453115,-0.0669560039009144,-0.0703039827179696,0.171579633693148,0.00962865065897587,-0.0289968054672592,-0.125977247929332,0.297200890723884
94.2946914206979,-0.00408661891750912,-0.0664757922897936,-0.0693882276513855,0.17076044645659,0.00950127724155925,-0.0288443398317997,-0.124499655555532,0.2957732359585
94.9486391005764,-0.00422012030535204,-0.0659979155474503,-0.0684814073215982,0.169940219163578,0.00937518384014013,-0.0286920406770893,-0.123036294615814,0.294345169266658
95.6071220046713,-0.00435168011243956,-0.0655223682084774,-0.0675834843157427,0.169119047444022,0.00925036399482158,-0.0285399186515791,-0.121587098885078,0.292916832545581
96.2701715854358,-0.00448131307510666,-0.0650491447680752,-0.0666944202716004,0.168297025638607,0.00912681114397704,-0.0283879842419827,-0.120152000733818,0.291488365673172
96.9378195134503,-0.00460903383147318,-0.0645782396830984,-0.0658141759077799,0.167474246796245,0.00900451862790423,-0.0282362477730584,-0.118730931174552,0.290059906504131
97.6100976789355,-0.00473485692129082,-0.0641096473731269,-0.0649427110535979,0.166650802672161,0.00888347969244235,-0.0280847194074704,-0.117323819907793,0.288631590867052
98.2870381932754,-0.00485879678580866,-0.0636433622215597,-0.0640799846786495,0.165826783726586,0.00876368749255131,-0.0279334091457254,-0.115930595367567,0.287203552562452
98.9686733905512,-0.00498086776765817,-0.0631793785767303,-0.063225954922058,0.16500227912405,0.00864513509585156,-0.0277823268261839,-0.114551184766433,0.285775923361733
99.6550358290861,-0.00510108411075863,-0.0627176907530431,-0.0623805791213947,0.164177376733262,0.00852781548612341,-0.0276314821251427,-0.113185514140022,0.28434883300704
100.346158292999,-0.00521945996024383,-0.062258293032131,-0.0615438138412606,0.163352163127554,0.00841172156676464,-0.0274808845569891,-0.111833508391055,0.282922409211986
101.042073793774,-0.00533600936241107,-0.0618011796640302,-0.0607156149015194,0.162526723585882,0.00829684616420527,-0.027330543474422,-0.110495091332845,0.281496777663241
101.742815571832,-0.00545074626469289,-0.0613463448683745,-0.059895937405177,0.16170114209436,0.0081831820312786,-0.0271804680687403,-0.109170185732257,0.280072062022943
102.448417098122,-0.00556368451565268,-0.060893782835606,-0.0590847357658977,0.160875501348318,0.00807072185054741,-0.0270306673701959,-0.107858713352128,0.278648383931912
103.15891207572,-0.00567483786500477,-0.0604434877282018,-0.0582819637351509,0.160049882754866,0.00795945823758446,-0.0268811502484086,-0.106560594993128,0.277225863013651
103.874334441436,-0.00578421996365952,-0.0599954536819155,-0.0574875744289832,0.159224366435952,0.00784938374420664,-0.0267319254128424,-0.105275750535048,0.275804616879099
104.594718367439,-0.00589184436379433,-0.059549674807033,-0.0567015203544076,0.158399031231896,0.00774049086166169,-0.0265830014133404,-0.10400409897752,0.274384761132126
105.320098262886,-0.00599772451895093,-0.0591061451896404,-0.0559237534354066,0.157573954705378,0.0076327720237671,-0.0264343866407161,-0.102745558480152,0.272966409375733
106.050508775566,-0.00610187378415966,-0.0586648588929041,-0.0551542250385437,0.156749213145886,0.00752621961000036,-0.0262860893274006,-0.101500046402061,0.271549673218948
106.785984793556,-0.00620430541609122,-0.0582258099583614,-0.0543928859981775,0.155924881574585,0.00742082594853996,-0.0261381175481422,-0.100267479340819,0.270134662284387
107.526561446888,-0.00630503257323635,-0.0577889924072208,-0.0536396866412763,0.155101033749605,0.0073165833192567,-0.0259904792207578,-0.0990477731707903,0.268721484216453
108.272274109224,-0.00640406831611401,-0.0573544002416701,-0.0528945768118282,0.154277742171733,0.00721348395665487,-0.0258431821069336,-0.0978408430808503,0.267310244690168
109.023158399549,-0.0065014256075082,-0.0569220274461928,-0.0521575058948444,0.153455078090495,0.00711152005276266,-0.0256962338130734,-0.0966466036114993,0.265901047420593
109.779250183872,-0.0065971173127342,-0.0564918679888899,-0.0514284228399514,0.152633111510605,0.00701068375997168,-0.0255496417911929,-0.0954649686913489,0.264493994172841
110.540585576935,-0.00669115619993417,-0.0560639158228078,-0.050707276184572,0.151811911198778,0.0069109671938251,-0.0254034133398579,-0.0942958516729871,0.263089184772626
111.307200943943,-0.00678355494040262,-0.0556381648872689,-0.0499940140766911,0.150991544690892,0.00681236243575423,-0.0252575556051652,-0.0931391653682155,0.261686717117372
112.079132902301,-0.00687432610894208,-0.0552146091092068,-0.0492885842972055,0.150172078299468,0.0067148615357633,-0.0251120755817633,-0.0919948220826574,0.260286687187812
112.856418323356,-0.006963482184249,-0.0547932424045018,-0.0485909342818558,0.149353577121486,0.00661845651506216,-0.024966980113913,-0.090862733649733,0.258889189060098
113.639094334169,-0.00705103554933019,-0.0543740586793185,-0.0479010111427412,0.14853610504649,0.00652313936864696,-0.0248222758965843,-0.0897428114640031,0.257494314918377
114.427198319278,-0.00713699849195002,-0.0539570518314422,-0.0472187616894136,0.147719724764995,0.00642890206782855,-0.024677969476589,-0.0886349665138771,0.256102155067818
115.220767922492,-0.00722138320510836,-0.0535422157516142,-0.0465441324495538,0.146904497777164,0.00633573656270865,-0.0245340672537477,-0.0875391094136872,0.254712797948076
116.019841048683,-0.00730420178754957,-0.0531295443248645,-0.0458770696892279,0.146090484401755,0.00624363478460371,-0.0243905754820882,-0.0864551504351278,0.253326330147168
116.824455865599,-0.00738546624430229,-0.0527190314318412,-0.0452175194327248,0.145277743785318,0.00615258864841661,-0.024247500271075,-0.0853829995380606,0.251942836415737
117.634650805689,-0.00746518848725042,-0.0523106709501348,-0.0445654274819757,0.144466333911636,0.00606259005495608,-0.0241048475868675,-0.0843225664006868,0.250562399681707
118.450464567934,-0.00754338033573502,-0.051904456755597,-0.0439207394355559,0.143656311611388,0.0059736308932042,-0.0239626232536064,-0.0832737604490875,0.249185101065274
119.271936119701,-0.00762005351718725,-0.0515003827236527,-0.043283400707271,0.142847732572032,0.00588570304253185,-0.0238208329547252,-0.0822364908861338,0.24781101989425
120.099104698599,-0.00769521966779217,-0.0510984427306044,-0.042653356544328,0.142040651347889,0.00579879837486256,-0.0236794822342871,-0.0812106667197694,0.246440233719725
120.932009814357,-0.00776889033318343,-0.0506986306549267,-0.0420305520450936,0.141235121370423,0.00571290875678469,-0.0235385764983439,-0.0801961967906678,0.245072818332022
121.77069125071,-0.00784107696916862,-0.050300940378552,-0.0414149321764417,0.140431194958697,0.00562802605161243,-0.0233981210163172,-0.0791929897992669,0.243708847776957
122.615189067297,-0.00791179094248523,-0.0499053657881445,-0.0408064417906916,0.139628923330004,0.00554414212139572,-0.0232581209224001,-0.0782009543321853,0.242348394372342
123.46554360158,-0.00798104353158691,-0.0495119007763625,-0.0402050256421402,0.138828356610652,0.00546124882887946,-0.0231185812169766,-0.0772199988880223,0.240991528724768
124.321795470765,-0.00804884592745992,-0.0491205392431073,-0.0396106284031906,0.138029543846901,0.00537933803941236,-0.0229795067680597,-0.076250031902547,0.239638319746602
125.183985573745,-0.00811520923446957,-0.048731275096758,-0.0390231946800789,0.137232533016036,0.00529840162280569,-0.0228409023127448,-0.0752909617732802,0.238288834673213
126.052155093052,-0.00818014447123615,-0.0483441022553919,-0.038442669028204,0.136437371037565,0.0052184314551424,-0.0227027724586782,-0.0743426968834727,0.236943139080409
126.926345496825,-0.0082436625715404,-0.0479590146479877,-0.0378689959670618,0.135644103784542,0.00513941942053695,-0.0225651216855394,-0.073405145625487,0.235601296902052
127.806598540793,-0.00830577438525784,-0.0475760062156129,-0.0373021199947892,0.134852776094985,0.00506135741284634,-0.0224279543465355,-0.0724782164235853,0.234263370447856
128.692956270265,-0.00836649067932194,-0.0471950709125919,-0.0367419856023183,0.134063431783408,0.00498423733733267,-0.022291274669907,-0.07156181775613,0.232929420421345
129.585461022141,-0.00842582213871546,-0.046816202707656,-0.0361885372871486,0.133276113652428,0.00490805111227783,-0.0221550867604434,-0.0706558581772023,0.231599505937955
130.484155426934,-0.00848377936748974,-0.0464393955850732,-0.0356417195667375,0.132490863504458,0.0048327906705507,-0.0220193946010077,-0.0697602463376448,0.230273684543274
131.389082410804,-0.00854037288981147,-0.0460646435457568,-0.035101476991515,0.131707722153475,0.00475844796112746,-0.0218842020540687,-0.0688748910055333,0.228952012231396
132.300285197614,-0.00859561315103646,-0.0456919406083529,-0.0345677541575259,0.130926729436836,0.00468501495056536,-0.0217495128632397,-0.0679997010860852,0.227634543463389
133.217807310988,-0.00864951051880991,-0.0453212808103043,-0.0340404957187041,0.130147924227168,0.00461248362443072,-0.0216153306548233,-0.0671345856410087,0.22632133118585
134.141692576393,-0.00870207528419272,-0.0449526582088913,-0.033519646398784,0.129371344444286,0.00454084598868152,-0.0214816589393603,-0.0662794539073028,0.225012426849553
135.071985123233,-0.00875331766281327,-0.0445860668822483,-0.0330051510028512,0.128597027067159,0.00447009407100523,-0.0213485011131825,-0.0654342153155107,0.223707880428154
136.008729386957,-0.00880324779604416,-0.0442215009303541,-0.0324969544285404,0.127825008145901,0.00440021992211241,-0.0212158604599673,-0.0645987795074362,0.222407740436969
136.951970111177,-0.0088518757522032,-0.0438589544759971,-0.031995001676882,0.127055322813789,0.00433121561698681,-0.0210837401522955,-0.0637730563533292,0.22111205395179
137.901752349813,-0.00889921152777826,-0.0434984216657123,-0.0314992378628044,0.126288005299292,0.00426307325609229,-0.0209521432532081,-0.0629569559685475,0.219820866627741
138.858121469236,-0.00894526504867514,-0.0431398966706913,-0.0310096082252954,0.125523088938113,0.00419578496653751,-0.020821072717764,-0.0621503887297011,0.218534222718164
139.821123150444,-0.00899004617148784,-0.0427833736876632,-0.0305260581372286,0.124760606185227,0.00412934290319878,-0.0206905313945967,-0.0613532652902882,0.21725216509352
140.790803391236,-0.00903356468479074,-0.0424288469397463,-0.0300485331148595,0.124000588626916,0.00406373924980178,-0.0205605220274685,-0.0605654965958281,0.21597473526029
141.767208508414,-0.00907583031045173,-0.042076310677269,-0.0295769788269951,0.123243066992798,0.00399896621996271,-0.0204310472568226,-0.0597869938984999,0.214701973379887
142.750385139995,-0.00911685270496567,-0.0417257591785602,-0.0291113411038449,0.122488071167827,0.00393501605818978,-0.0203021096213316,-0.0590176687712947,0.21343391828754
143.740380247435,-0.00915664146080752,-0.041377186750708,-0.0286515659455555,0.12173563020428,0.00387188104084533,-0.0201737115594419,-0.058257433121687,0.212170607511173
144.737241117876,-0.00919520610780422,-0.0410305877302856,-0.0281975995304358,0.120985772333709,0.00380955347706944,-0.0200458554109129,-0.0575061992048352,0.210912077290244
145.741015366405,-0.00923255611452462,-0.0406859564840441,-0.0277493882228768,0.120238524978857,0.00374802570966578,-0.0199185434183511,-0.0567638796363176,0.209658362594549
146.751750938323,-0.00926870088968661,-0.0403432874095715,-0.0273068785809735,0.119493914765539,0.00368729011595014,-0.0197917777287372,-0.0560303874044117,0.208409497142983
147.769496111443,-0.00930364978358063,-0.0400025749359179,-0.0268700173638504,0.11875196753447,0.00362733910856248,-0.019665560394947,-0.0553056358819248,0.207165513422246
148.794299498388,-0.00933741208950872,-0.0396638135241839,-0.0264387515387006,0.118012708353047,0.00356816513624316,-0.0195398933772645,-0.0545895388375839,0.205926442705489
149.826210048919,-0.00936999704523813,-0.0393269976680751,-0.0260130282875396,0.117276161527077,0.00350976068457402,-0.0194147785448862,-0.0538820104469921,0.204692315070892
150.865277052271,-0.00940141383446871,-0.0389921218944194,-0.0255927950136819,0.11654235061244,0.00345211827668488,-0.0192902176774179,-0.0531829653031598,0.203463159420169
151.911550139505,-0.00943167158831318,-0.038659180763647,-0.0251779993479448,0.115811298426689,0.00339523047392639,-0.019166212466361,-0.0524923184266179,0.202239003496993
152.965079285884,-0.00946077938678916,-0.038328168870234,-0.0247685891545844,0.115083027060586,0.00333908987650965,-0.0190427645165895,-0.0518099852751217,0.201019873905329
154.025914813254,-0.00948874626032217,-0.0379990808431069,-0.0243645125369705,0.114357557889555,0.0032836891241135,-0.0189198753478168,-0.0511358817529528,0.199805796127683
155.094107392451,-0.00951558119125859,-0.0376719113460098,-0.0239657178430044,0.113634911585071,0.00322902089646003,-0.0187975463960513,-0.0504699242198259,0.198596794543243
156.169708045722,-0.00954129311538754,-0.0373466550778312,-0.0235721536702854,0.112915108125958,0.00317507791385904,-0.0186757790150411,-0.0498120294994103,0.197392892445922
157.25276814916,-0.00956589092347068,-0.0370233067728933,-0.0231837688710319,0.112198166809607,0.00312185293772221,-0.0185545744777066,-0.0491621148874717,0.19619411206229
158.34333943516,-0.00958938346277889,-0.0367018612011995,-0.0228005125567621,0.111484106263108,0.00306933877104752,-0.0184339339775611,-0.0485200981596434,0.19500047456939
159.441473994887,-0.00961177953863486,-0.0363823131686433,-0.0224223341027397,0.110772944454287,0.00301752825887476,-0.0183138586301187,-0.0478858975788343,0.19381200011244
160.547224280766,-0.00963308791596039,-0.0360646575171756,-0.0220491831521894,0.110064698702655,0.00296641428871263,-0.0181943494742896,-0.0472594319022798,0.192628707822407
161.66064310899,-0.00965331732082739,-0.0357488891249318,-0.0216810096202886,0.109359385690257,0.00291598979093838,-0.0180754074737619,-0.0466406203882464,0.191450615833454
162.781783662036,-0.00967247644201152,-0.0354350029063169,-0.0213177636979402,0.108657021472416,0.00286624773917036,-0.0179570335183695,-0.0460293828023943,0.190277741300256
163.910699491214,-0.00969057393254728,-0.0351229938120503,-0.0209593958553308,0.107957621488392,0.00281718115061437,-0.0178392284254464,-0.0454256394238067,0.189110100415183
165.047444519217,-0.00970761841128344,-0.0348128568291673,-0.0206058568452814,0.107261200571913,0.00276878308638442,-0.0177219929411668,-0.0448293110506943,0.187947708425338
166.192073042701,-0.00972361846443776,-0.0345045869809804,-0.0202570977063936,0.106567772961622,0.00272104665179852,-0.01760532774187,-0.0442403190057801,0.18679057964946
167.344639734876,-0.00973858264714965,-0.0341981793269969,-0.0199130697659992,0.105877352311396,0.00267396499665026,-0.0174892334353712,-0.0436585851413741,0.185638727494673
168.505199648122,-0.00975251948502983,-0.0338936289627949,-0.0195737246429156,0.105189951700569,0.00262753131545673,-0.0173737105622572,-0.0430840318441432,0.184492164473094
169.673808216612,-0.00976543747570566,-0.0335909310198576,-0.0192390142500138,0.104505583644033,0.00258173884768358,-0.017258759597166,-0.0425165820395851,0.183350902218284
170.850521258965,-0.00977734509036098,-0.0332900806653632,-0.0189088907966038,0.103824260102227,0.00253658087794763,-0.0171443809500519,-0.0419561591962118,0.182214951501547
172.03539498091,-0.00978825077526936,-0.0329910731019345,-0.0185833067906421,0.103145992491011,0.00249205073619802,-0.0170305749674344,-0.0414026873294505,0.181084322248073
173.228485977972,-0.00979816295331933,-0.0326939035673442,-0.0182622150407666,0.102470791691418,0.00244814179787619,-0.016917341933631,-0.0408560910052697,0.179959023552922
174.429851238172,-0.00980709002553065,-0.0323985673341784,-0.0179455686581638,0.101798668059296,0.00240484748405558,-0.0168046820719747,-0.040316295343535,0.178839063696843
175.639548144754,-0.0098150403725602,-0.032105059709458,-0.0176333210582729,0.101129631434817,0.00236216126156153,-0.0166925955460142,-0.0397832260211034,0.177724450161936
176.857634478922,-0.00982202235619631,-0.0318133760342162,-0.0173254259623324,0.100463691151874,0.00232007664307209,-0.016581082460699,-0.039256809274663,0.176615189647148
178.084168422602,-0.00982804432084035,-0.0315235116830357,-0.0170218373987728,0.0998008560473515,0.0022785871872003,-0.016470142863547,-0.0387369719033221,0.175511288083597
179.319208561219,-0.00983311459497429,-0.0312354620635422,-0.0167225097044619,0.0991411344702768,0.00223768649855862,-0.0163597767457962,-0.0382236412709579,0.174412750649737
180.562813886497,-0.00983724149261291,-0.0309492226158568,-0.0164273975258056,0.0984845342908391,0.00219736822780598,-0.0162499840435396,-0.0377167453083278,0.173319581786344
181.815043799277,-0.00984043331473971,-0.0306647888120063,-0.0161364558197096,0.0978310629092911,0.00215762607167824,-0.0161407646388431,-0.0372162125149526,0.172231785211344
183.075958112354,-0.00984269835072482,-0.0303821561552926,-0.0158496398544078,0.0971807272647218,0.00211845377300245,-0.0160321183608473,-0.036721971960775,0.171149363934456
184.345617053333,-0.00984404487972408,-0.0301013201796203,-0.0155669052101591,0.0965335338437041,0.00207984512069569,-0.0159240449868515,-0.0362339532876024,0.170072320271671
185.624081267505,-0.00984448117205782,-0.0298222764487844,-0.0152882077798206,0.0958894886888158,0.00204179394974886,-0.0158165442433819,-0.0357520867103377,0.169000655859558
186.911411820748,-0.00984401549056819,-0.0295450205557169,-0.0150135037692983,0.0952485974070344,0.00200429414119618,-0.0157096158072422,-0.0352763030180059,0.167934371669393
188.207670202438,-0.00984265609195373,-0.0292695481216941,-0.0147427496978823,0.0946108651780047,0.00196733962207084,-0.0156032593065475,-0.034806533574581,0.166873468021116
189.512918328392,-0.00984041122808,-0.028995854795504,-0.0144759023984689,0.09397629676218,0.00193092436534736,-0.0154974743217417,-0.0343427103196198,0.165817944597108
190.827218543819,-0.00983728914726513,-0.0287239362525754,-0.0142129190176755,0.0933448965088362,0.00189504238987131,-0.0153922603865971,-0.0338847657687081,0.164767800455804
192.150633626303,-0.00983329809553876,-0.028453788194068,-0.0139537570158509,0.0927166683639596,0.00185968776027675,-0.0152876169891984,-0.0334326330137254,0.163723034045117
193.483226788801,-0.00982844631787366,-0.0281854063459252,-0.0136983741669863,0.0920916158780076,0.00182485458689214,-0.0151835435729089,-0.0329862457229321,0.162683643215699
194.82506168266,-0.0098227420593883,-0.0279187864578897,-0.0134467285585306,0.0914697422135432,0.00179053702563499,-0.0150800395373207,-0.0325455381408867,0.161649625234015
196.176202400658,-0.00981619356651962,-0.0276539243024826,-0.0131987785911138,0.0908510501527449,0.00175672927789602,-0.0149771042391873,-0.0321104450881969,0.160620976795255
197.536713480066,-0.0098088090881645,-0.0273908156739471,-0.012954482978183,0.0902355421047891,0.00172342559041312,-0.0148747369933407,-0.0316809019611102,0.159597694036056
198.906659905733,-0.00980059687678908,-0.0271294563871566,-0.0127138007455541,0.0896232201131091,0.00169062025513572,-0.014772937073591,-0.0312568447309487,0.15857977254706
200.286107113184,-0.00979156518950442,-0.0268698422764896,-0.0124766912308839,0.0890140858625297,0.00165830760908003,-0.0146717037136104,-0.0308382099433951,0.157567207385295
201.675120991751,-0.00978172228910781,-0.0266119691946707,-0.0122431140830655,0.0884081406862773,0.00162648203417567,-0.0145710361078,-0.030424934717632,0.156559993086378
203.073767887718,-0.00977107644508821,-0.0263558330115792,-0.0120130292615511,0.0878053855728677,0.00159513795710406,-0.014470933412141,-0.030016956745341,0.155558123676549
204.482114607491,-0.00975963593459507,-0.0261014296130269,-0.0117863970356055,0.0872058211728719,0.00156426984912906,-0.0143713947450297,-0.0296142142895665,0.15456159268453
205.900228420788,-0.00974740904336919,-0.0258487548995041,-0.0115631779834944,0.0866094478055604,0.00153387222592046,-0.0142724191880961,-0.0292166461834486,0.153570393153208
207.32817706385,-0.0097344040666349,-0.0255978047848978,-0.0113433329916101,0.0860162654654272,0.00150393964737054,-0.0141740057870076,-0.0288241918288286,0.152584517651156
208.766028742684,-0.00972062930995219,-0.0253485751951802,-0.0111268232535389,0.0854262738285946,0.00147446671740424,-0.0140761535522555,-0.0284367911947341,0.151603958283974
210.213852136311,-0.00970609309002812,-0.02510106206707,-0.0109136102690723,0.0848394722591001,0.00144544808378338,-0.0139788614599274,-0.0280543848157449,0.150628706705459
211.671716400053,-0.00969080373548637,-0.024855261346668,-0.0107036558431669,0.0842558598150656,0.00141687843790533,-0.0138821284524638,-0.0276769137902468,0.149658754128619
213.139691168835,-0.00967476958759407,-0.0246111689880674,-0.0104969220848544,0.083675435254751,0.00138875251459651,-0.0137859534393988,-0.0273043197785761,0.1486940913365
214.617846560511,-0.00965799900094501,-0.0243687809519398,-0.010293371406106,0.0830981970424932,0.0013610650919011,-0.0136903352980864,-0.0269365450010591,0.147734708692861
216.10625317921,-0.0096405003440984,-0.024128093204099,-0.0100929665206536,0.0825241433545319,0.00133381099086543,-0.0135952728744122,-0.0265735322359506,0.146780596152678
217.604982118714,-0.00962228200017226,-0.0238891017140434,-0.00989567044277142,0.0819532720847225,0.0013069850753183,-0.0135007649834898,-0.0262152248172756,0.145831743272477
219.114104965849,-0.00960335236739082,-0.0236518024534781,-0.00970144648601954,0.0813855808501392,0.00128058225164775,-0.0134068104103427,-0.0258615666325785,0.144888139220516
220.633693803907,-0.00958371985958495,-0.023416191394818,-0.00951025826195401,0.0808210669965687,0.00125459746857444,-0.0133134079105727,-0.0255125021205819,0.143949772786789
222.163821216089,-0.0095633929066452,-0.0231822645096746,-0.00932206967880467,0.0802597276038955,0.00122902571692221,-0.0132205562110132,-0.0251679762687608,0.143016632392885
223.704560288971,-0.00954237995492644,-0.0229500177673251,-0.00913684494012406,0.0797015594913817,0.00120386202938598,-0.0131282540103696,-0.0248279346108342,0.142088706101671
225.255984615994,-0.00952068946760381,-0.0227194471331685,-0.00895454854340993,0.0791465592228417,0.00117910148029734,-0.0130364999798453,-0.0244923232241788,0.141165981626827
226.818168300982,-0.00949832992497914,-0.0224905485671676,-0.00877514527870369,0.0785947231117139,0.00115473918538827,-0.0129452927637549,-0.0241610887271669,0.140248446342224
228.391185961678,-0.00947530982473744,-0.0222633180222798,-0.00859860022716728,0.0780460472260307,0.00113077030155317,-0.0128546309801235,-0.0238341782764335,0.139336087291135
229.975112733314,-0.00945163768215289,-0.0220377514428775,-0.00842487875964082,0.0775005273932888,0.00110719002660951,-0.0127645132212737,-0.0235115395640742,0.138428891195305
231.570024272191,-0.00942732203024396,-0.02181384476316,-0.00825394653518323,0.0769581592052217,0.00108399359905744,-0.0126749380543996,-0.0231931208147783,0.137526844463859
233.175996759301,-0.00940237141987718,-0.0215915939055582,-0.00808576949959815,0.076418938022475,0.00106117629783861,-0.0125859040221282,-0.0228788707829,0.136629933202062
234.793106903962,-0.00937679441981928,-0.0213709947791342,-0.00792031388394706,0.0758828589791877,0.00103873344209445,-0.0124974096430688,-0.0225687387494699,0.135738143219928
236.421431947482,-0.00935059961673734,-0.0211520432779763,-0.00775754620305181,0.0753499169874804,0.0010166603909242,-0.01240945341235,-0.0222626745191509,0.134851460040679
238.061049666849,-0.00932379561514677,-0.0209347352795922,-0.00759743325398848,0.074820106741852,0.000994952543142863,-0.0123220338021457,-0.0219606284171407,0.133969868909061
239.712038378445,-0.00929639103730685,-0.0207190666433014,-0.00743994211457438,0.074293422723488,0.000973605337039442,-0.0122351492621886,-0.021662551286024,0.133093354799508
241.374476941791,-0.00926839452306379,-0.0205050332086285,-0.00728504014185006,0.0737698592044801,0.000952614250135554,-0.0121487982202732,-0.0213683944825768,0.13222190242417
243.048444763306,-0.00923981472964111,-0.0202926307936989,-0.00713269497055812,0.0732494102519614,0.00093197479894473,-0.0120629790827478,-0.0210781098745259,0.131355496240791
244.734021800108,-0.00921066033137738,-0.0200818551936392,-0.0069828745116203,0.0727320697321569,0.00091168253873255,-0.0119776902349948,-0.0207916498372656,0.130494120460454
246.431288563827,-0.00918094001941136,-0.019872702178983,-0.00683554695061464,0.0722178313143527,0.000891733063277852,-0.0118929300419022,-0.0205089672505349,0.129637759055177
248.140326124455,-0.00915066250131455,-0.0196651674940845,-0.0066906807462541,0.0717066884747851,0.000872122004635159,-0.0118086968483233,-0.0202300154950572,0.128786395765381
249.861216114214,-0.00911983650067132,-0.0194592468555414,-0.00654824462886807,0.0711986345004515,0.000852845032898537,-0.0117249889795272,-0.0199547484491444,0.127940014107218
251.594040731461,-0.00908847075660688,-0.0192549359506284,-0.0064082075988882,0.070693662492845,0.000833897855967026,-0.0116418047416398,-0.0196831204852688,0.127098597379765
253.338882744608,-0.00905657402326325,-0.0190522304357441,-0.00627053892533979,0.0701917653716151,0.00081527621931181,-0.0115591424220747,-0.0194150864666041,0.126262128672086
255.09582549608,-0.00902415506922355,-0.0188511259348708,-0.00613520814434,0.0696929358781557,0.000796975905745267,-0.0114770002899554,-0.0191506017435383,0.12543059087016
256.864952906292,-0.00899122267688505,-0.0186516180380516,-0.00600218505760397,0.069197166579123,0.000778992735192049,-0.0113953765965288,-0.0188896221501599,0.124603966663688
258.646349477661,-0.00895778564178134,-0.0184537022998841,-0.00587143973095993,0.0687044498698842,0.000761322564462299,-0.0113142695755693,-0.0186321040007207,0.123782238552761
260.440100298641,-0.00892385277185411,-0.0182573742380339,-0.00574294249287439,0.0682147779779003,0.000743961287027139,-0.0112336774437754,-0.0183780040860754,0.122965388854414
262.246291047787,-0.00888943288667517,-0.0180626293317686,-0.00561666393298826,0.0677281429660439,0.000726904832796533,-0.0111535984011574,-0.0181272796701021,0.122153399709047
264.065007997846,-0.0088545348166191,-0.0178694630205145,-0.00549257490066476,0.0672445367358538,0.000710149167899624,-0.011074030631418,-0.0178798884861031,0.121346253086725
265.896338019882,-0.00881916740198751,-0.0176778707024373,-0.00537064650354997,0.0667639510307294,0.00069369029446763,-0.0109949723023247,-0.0176357887331902,0.120543930793363
267.740368587419,-0.00878333949208526,-0.0174878477330485,-0.00525085010614675,0.066286377439065,0.000677524250419395,-0.010916421566075,-0.0173949390726545,0.119746414476785
269.597187780627,-0.00874705994424973,-0.0172993894238391,-0.00513315732840264,0.065811807397328,0.000661647109249649,-0.0108383765596548,-0.0171572986243237,0.118953685632669
271.466884290521,-0.00871033762283376,-0.0171124910409416,-0.00501754004431243,0.065340232193081,0.000646054979820052,-0.0107608354051896,-0.016922826962907,0.118165725610374
273.349547423206,-0.00867318139814325,-0.0169271478038234,-0.00490397038053574,0.0648716429679503,0.000630744006153072,-0.0106837962102894,-0.0166914841143311,0.117382515618656
275.245267104134,-0.00863560014533031,-0.0167433548840106,-0.00479242071503046,0.0644060307205431,0.000615710367228753,-0.0106072570683871,-0.0164632305520673,0.116604036731269
277.154133882404,-0.00859760274324291,-0.016561107403846,-0.00468286367570197,0.0639433863093145,0.000600950276784389,-0.0105312160590708,-0.0162380271934515,0.115830269892456
279.07623893509,-0.00855919807323226,-0.0163804004352817,-0.00457527213906894,0.0634837004553866,0.000586459983117169,-0.0104556712484105,-0.0160158353959995,0.115061195922329
281.011674071587,-0.00852039501791874,-0.0162012289987074,-0.00446961922894573,0.0630269637453205,0.000572235768889771,-0.0103806206892787,-0.0157966169537176,0.114296795522146
282.960531738006,-0.00848120245991776,-0.0160235880618163,-0.00436587831514166,0.0625731666338448,0.000558273950938967,-0.0103060624216662,-0.0155803340934107,0.113537049279475
284.922905021585,-0.00844162928052659,-0.0158474725385098,-0.00426402301217745,0.0621222994465395,0.000544570880087194,-0.0102319944729924,-0.0153669494709891,0.112781937673263
286.898887655133,-0.00840168435837355,-0.0156728772878421,-0.00416402717801885,0.0616743523824803,0.000531122940957145,-0.0101584148584107,-0.0151564261677748,0.112031441078791
288.888574021513,-0.00836137656803066,-0.0154997971130065,-0.00406586491282748,0.0612293155168416,0.000517926551789323,-0.0100853215811094,-0.0149487276868092,0.111285539772539
290.892059158146,-0.0083207147785913,-0.0153282267603633,-0.00396951055772907,0.0607871788034628,0.000504978164262576,-0.0100127126326081,-0.0147438179491627,0.110544213936944
292.909438761552,-0.00827970785221403,-0.0151581609185124,-0.00387493869359886,0.0603479320773771,0.000492274263317572,-0.00994058599304953,-0.0145416612902475,0.109807443665059
294.940809191919,-0.00823836464263422,-0.0149895942174097,-0.00378212413986424,0.0599115650573059,0.000479811366983198,-0.00986893963148766,-0.0143422224561351,0.109075208965126
296.986267477709,-0.00819669399364474,-0.0148225212275296,-0.00369104195332441,0.0594780673481195,0.000467586026205837,-0.00979777150617196,-0.0141454665998787,0.108347489765038
299.045911320291,-0.00815470473754734,-0.0146569364590746,-0.00360166742698691,0.059047428443266,0.000455594824681494,-0.0097270795648278,-0.0139513592778425,0.107624265916727
301.119839098607,-0.00811240569357625,-0.014492834361232,-0.00351397608892073,0.0586196377271695,0.000443834378690707,-0.00965686174493364,-0.0137598664460375,0.106905517200437
303.208149873869,-0.00806980566629542,-0.0143302093214796,-0.00342794370112595,0.0581946844775991,0.000432301336936213,-0.00958711597399476,-0.0135709544564665,0.106191223328932
305.310943394298,-0.00802691344397119,-0.0141690556649409,-0.00334354625841925,0.0577725578680105,0.000420992380383285,-0.00951784016981405,-0.0133845900534771,0.105481363951592
307.428320099879,-0.00798373779692191,-0.0140093676537902,-0.00326075998733533,0.0573532469698611,0.000409904222102705,-0.0094490322407599,-0.0132007403701257,0.104775918658438
309.560381127168,-0.00794028747584622,-0.0138511394867089,-0.00317956134504352,0.0569367407548991,0.000399033607116271,-0.00938069008603121,-0.0130193729245513,0.104074866984063
311.707228314113,-0.00789657121013151,-0.0136943652983934,-0.00309992701827946,0.0565230280974299,0.000388377312244801,-0.00931281159592008,-0.012840455616361,0.103378188411481
313.868964204927,-0.00785259770614453,-0.0135390391591155,-0.00302183392229112,0.0561120977765591,0.000377932145958527,-0.00924539465207189,-0.0126639567230281,0.102685862375893
316.045692054981,-0.00780837564550567,-0.0133851550743348,-0.00294525919979893,0.0557039384784136,0.000367694948229816,-0.00917843712774324,-0.0124898448963026,0.101997868268368
318.237515835737,-0.0077639136833487,-0.0132327069843652,-0.00287018021996932,0.0552985387983434,0.000357662590388117,-0.00911193688805781,-0.0123180891586355,0.101314185439451
320.444540239715,-0.00771922044656773,-0.0130816887640945,-0.00279657457740119,0.0548958872431026,0.000347831974977062,-0.00904589179026019,-0.0121486588996173,0.100634793202683
322.666870685493,-0.00767430453205325,-0.0129320942227586,-0.00272442009112483,0.0544959722330127,0.000338200035613619,-0.00898029968396794,-0.0119815238724308,0.0999596708380541
324.904613322743,-0.00762917450491882,-0.0127839171037697,-0.00265369480361254,0.054098782104109,0.000328763736849191,-0.00891515841142198,-0.0118166541903203,0.0992887975953676
327.1578750373,-0.00758383889672043,-0.0126371510845987,-0.00258437697980046,0.0537043051102695,0.000319520074032584,-0.00885046580773536,-0.0116540203230756,0.0986221526975412
329.426763456268,-0.00753830620367019,-0.0124917897767135,-0.00251644510612091,0.053312529425329,0.000310466073174727,-0.0087862197011406,-0.0114935930935332,0.0979597153438275
331.711386953162,-0.0074925848848462,-0.0123478267255706,-0.00244987788954468,0.0529234431451779,0.000301598790815045,-0.00872241791323573,-0.011335343674094,0.0973014647129649
334.011854653082,-0.0074466833604003,-0.0122052554106632,-0.00238465425663242,0.0525370342898479,0.000292915313889374,-0.00865905825922903,-0.0111792435832586,0.096647379966257
336.328276437929,-0.00740061000976571,-0.0120640692456228,-0.00232075335259465,0.0521532908055835,0.000284412759599329,-0.00859613854818269,-0.0110252646821804,0.0959974402505822
338.660762951648,-0.00735437316986612,-0.0119242615783765,-0.00225815454035959,0.0517722005669016,0.000276088275282979,-0.00853365658325537,-0.0108733791712367,0.0953516247013351
341.009425605519,-0.00730798113332817,-0.0117858256913585,-0.00219683739964809,0.0513937513786393,0.000267939038286768,-0.00847161016194382,-0.0107235595866191,0.0947099124453001
343.374376583475,-0.00726144214669899,-0.0116487548017763,-0.00213678172605497,0.0510179309779902,0.000259962255838524,-0.00840999707632366,-0.0105757787969421,0.0940722826034599
345.75572884746,-0.00721476440867071,-0.0115130420619306,-0.00207796753013609,0.0506447270365306,0.000252155164921471,-0.00834881511328924,-0.0104300099998717,0.0934387142937384
348.153596142828,-0.0071679560683135,-0.0113786805595895,-0.00202037503650033,0.0502741271622347,0.000244515032149128,-0.00828806205479286,-0.0102862267187731,0.0928091866336797
350.568093003772,-0.00712102522331907,-0.011245663318416,-0.00196398468290582,0.049906118901481,0.000237039153640965,-0.00822773567808324,-0.0101444027993793,0.0921836787430658
352.999334758797,-0.00707397991825616,-0.011113983298448,-0.00190877711935962,0.0495406897410494,0.00022972485489873,-0.00816783375594336,-0.010004512406479,0.0915621697464714
355.44743753623,-0.0070268281428399,-0.0109836333966317,-0.00185473320722022,0.0491778271101088,0.000222569490683313,-0.00810835405692772,-0.00986653002062554,0.0909446387757594
357.912518269762,-0.00697957783021652,-0.0108546064474055,-0.00180183401830203,0.0488175183821971,0.000215570444892037,-0.00804929434559907,-0.00973043043486694,0.0903310649725171
360.39469470404,-0.00693223685526523,-0.0107268952233365,-0.00175006083398108,0.0484597508771929,0.000208725130436273,-0.00799065238276457,-0.00959618875149635,0.089721427490434
362.894085400285,-0.0068848130329188,-0.0106004924358065,-0.00169939514430145,0.0481045118632785,0.000202030989119264,-0.00793242592571153,-0.00946378037882424,0.0891157054976225
365.410809741959,-0.00683731411650437,-0.0104753907357484,-0.00164981864708136,0.0477517885588968,0.000195485491514046,-0.00787461272844268,-0.00933318102797188,0.0885138781788834
367.944987940466,-0.00678974779610617,-0.0103515827144314,-0.00160131324701851,0.0474015681346991,0.00018908613684135,-0.00781721054191089,-0.00920436670968644,0.0879159247379153
370.496741040893,-0.00674212169695162,-0.010229060904294,-0.00155386105479382,0.0470538377154866,0.000182830452847403,-0.00776021711425366,-0.00907731373117807,0.0873218243994711
373.066190927794,-0.00669444337782222,-0.0101078177798247,-0.00150744438617286,0.0467085843821448,0.000176715995681492,-0.00770363019102699,-0.00895199869297873,0.086731556411461
375.653460331008,-0.0066467203294908,-0.00998784575848893,-0.00146204576110437,0.0463657951735699,0.000170740349773204,-0.00764744751543893,-0.00882839848582331,0.0861451000470035
378.258672831527,-0.00659895997318649,-0.00986913720170084,-0.00141764790281516,0.0460254570885889,0.000164901127709246,-0.00759166682858269,-0.00870649028755299,0.0855624346064256
380.881952867393,-0.00655116965908868,-0.00975168441583976,-0.00137423373690074,0.0456875570878726,0.000159195970109727,-0.00753628586966932,-0.00858625156004078,0.0849835394192133
383.523425739646,-0.00650335666485146,-0.00963547965330958,-0.00133178639041101,0.0453520820958409,0.000153622545503821,-0.00748130237625991,-0.00846766004613979,0.0844083938459119
386.183217618305,-0.00645552819415973,-0.00952051511364025,-0.0012902891909305,0.0450190190025613,0.000148178550204719,-0.00742671408449737,-0.00835069376665382,0.0838369772799794
388.861455548399,-0.00640769137531813,-0.00940678294462995,-0.00124972566565236,0.0446883546656405,0.000142861708183753,-0.00737251872933766,-0.00823533101733068,0.0832692691495915
391.558267456034,-0.00635985325987422,-0.00929427524352719,-0.00121007954044578,0.0443600759121078,0.000137669770943646,-0.0073187140447806,-0.00812155036587824,0.082705248919401
394.273782154498,-0.00631202082127671,-0.00918298405825098,-0.00117133473891601,0.0440341695402916,0.000132600517390758,-0.0072652977641001,-0.00800933064900322,0.0821448960922512
397.008129350424,-0.00626420095357016,-0.00907290138864834,-0.00113347538145661,0.043710622321688,0.00012765175370628,-0.00721226762007373,-0.00789865096947272,0.0815881902108444
399.761439649975,-0.00621640047012695,-0.00896401918778749,-0.00109648578429336,0.0433894210028211,0.000122821313216276,-0.00715962134521181,-0.00778949069319869,0.0810351108593671
402.533844565089,-0.0061686261024176,-0.00885632936328556,-0.00106035045851934,0.0430705523070958,0.000118107056260505,-0.00710735667198577,-0.00768182944634523,0.080485637665072
405.325476519761,-0.00612088449882039,-0.0087498237786694,-0.00102505410912065,0.0427540029366416,0.000113506870059956,-0.00705547133305581,-0.00757564711245881,0.0799397502998169
408.136468856361,-0.00607318222347114,-0.00864449425476807,-0.00099058163399241,0.0424397595741478,0.000109018668583013,-0.00700396306149784,-0.00747092382962143,0.0793974284815638
410.966955842014,-0.0060255257551539,-0.00854033257113564,-0.00095691812294452,0.0421278088846899,0.000104640392410204,-0.00695282959102957,-0.00736763998762658,0.0788586519758355
413.817072675003,-0.0059779214862335,-0.00843733046750288,-0.00092404885669687,0.0418181375175466,0.00010037000859745,-0.00690206865623586,-0.00726577622517831,0.0783234005971337
416.686955491232,-0.00593037572163047,-0.0083354796452563,-0.000891959305863548,0.0415107321080068,9.62055105377771e-05,-0.00685167799279302,-0.00716531342711305,0.0777916542103173
419.576741370729,-0.00588289467783915,-0.00823477176894316,-0.000860635129925727,0.041205579279167,9.21449178214315e-05,-0.00680165533769221,-0.0070662327216444,0.0772633927319422
422.486568344193,-0.00583548448198952,-0.00813519846780096,-0.000830062176192893,0.0409026656437182,8.81862760943366e-05,-0.00675199842946189,-0.00696851547763081,0.0767385961315638
425.416575399583,-0.00578815117095333,-0.00803675133730982,-0.000800226478752163,0.0406019778057215,8.43276569148642e-05,-0.00670270500838901,-0.00687214330186603,0.0762172444330021
428.366902488763,-0.00574090069049499,-0.00793942194076641,-0.000771114257405342,0.0403035023623735,8.05671576088638e-05,-0.00665377281673921,-0.00677709803639249,0.0756993177155707
431.337690534184,-0.00569373889446774,-0.00784320181087775,-0.000742711916593537,0.0400072259057591,7.6902901122919e-05,-0.00660519959897571,-0.00668336175583732,0.0751847961152701
434.329081435613,-0.00564667154405536,-0.00774808245137344,-0.000715006044309104,0.0397131350245929,7.33330358757968e-05,-0.00655698310197693,-0.00659091676477128,0.0746736598259462
437.341218076915,-0.0055997043070599,-0.00765405533863487,-0.0006879834109947,0.0394212163059475,6.98557356080549e-05,-0.00650912107525279,-0.00649974559509018,0.0741658891004144
440.374244332875,-0.00555284275723554,-0.00756111192333974,-0.000661630968429326,0.03913145633697,6.64691992297881e-05,-0.00646161127115953,-0.0064098310034191,0.0736614642515502
443.428305076071,-0.00550609237366899,-0.00746924363212046,-0.000635935848601175,0.038843841706584,6.31716506664838e-05,-0.00641445144511307,-0.00632115596853906,0.0731603656533462
446.503546183793,-0.0054594585402064,-0.00737844186923496,-0.000610885362567237,0.0385583590071783,5.99613387029769e-05,-0.00636763935580082,-0.00623370368883633,0.0726625737419378
449.600114545014,-0.00541294654492708,-0.00728869801824828,-0.000586466999299511,0.0382749948362814,5.68365368254818e-05,-0.00632117276539183,-0.00614745757977409,0.072168069016596
452.718158067401,-0.00536656157966387,-0.00720000344372352,-0.000562668424517822,0.0379937357982213,5.37955430616991e-05,-0.0062750494397452,-0.00606240127138652,0.0716768320406899
455.857825684385,-0.00532030873957049,-0.00711234949292062,-0.000539477479509182,0.0377145685057699,5.08366798189817e-05,-0.0062292671486168,-0.00597851860579518,0.0711888434426179
459.01926736227,-0.00527419302273542,-0.00702572749750156,-0.000516882179933703,0.037437479581772,4.79582937205668e-05,-0.00618382366586403,-0.00589579363474767,0.0707040839167099
462.202634107401,-0.00522821932984261,-0.00694012877524037,-0.000494870714617093,0.037162455660758,4.51587554398675e-05,-0.00613871676964875,-0.00581421061717844,0.0702225342240984
465.408077973374,-0.00518239246387861,-0.00685554463173662,-0.000473431444329753,0.0368894833905404,4.24364595328337e-05,-0.00609394424263817,-0.00573375401679159,0.0697441751935628
468.635752068297,-0.00513671712988605,-0.00677196636213093,-0.000452552900552577,0.0366185494337928,3.97898242683869e-05,-0.00604950387220366,-0.00565440849966582,0.0692689877223437
471.885810562108,-0.0050911979347632,-0.00668938525282103,-0.00043222378422954,0.036349640469612,3.72172914569452e-05,-0.00600539345061748,-0.00557615893188118,0.0687969527769301
475.158408693936,-0.0050458393871093,-0.00660779258317698,-0.000412432964507183,0.0360827431950618,3.47173262770478e-05,-0.00596161077524722,-0.00549899037716765,0.0683280513938194
478.453702779515,-0.00500064589711545,-0.00652717962725423,-0.000393169477461164,0.0358178443266986,3.22884171001062e-05,-0.00591815364874811,-0.00542288809457554,0.0678622646802506
481.771850218653,-0.0049556217765005,-0.00644753765550313,-0.000374422524809994,0.0355549306020783,2.99290753132936e-05,-0.00587501987925279,-0.00534783753616741,0.067399573814911
485.113009502749,-0.00491077123849166,-0.00636885793647348,-0.000356181472616215,0.0352939887812443,2.76378351406097e-05,-0.00583220728055889,-0.00527382434473163,0.0669399600486173
488.477340222363,-0.0048660983978494,-0.00629113173851297,-0.000338435849975155,0.0350350056481947,2.54132534621376e-05,-0.00578971367231396,-0.00520083435151736,0.066483404704972
491.865003074839,-0.00482160727093594,-0.00621435033145812,-0.000321175347691539,0.0347779680123315,2.32539096315347e-05,-0.00574753688019798,-0.00512885357399086,0.0660298891809941
495.276159871982,-0.00477730177582712,-0.00613850498831645,-0.000304389816944175,0.0345228627098874,2.11584052917812e-05,-0.00570567473610323,-0.0050578682136131,0.0655793949477263
498.710973547785,-0.00473318573246672,-0.00606358698693877,-0.000288069267939024,0.034269676605333,1.91253641892379e-05,-0.00566412507831153,-0.00498786465363849,0.0651319035508177
502.169608166212,-0.00468926286286294,-0.00598958761168027,-0.000272203868550882,0.0340183965927628,1.71534319860354e-05,-0.00562288575166874,-0.00491882945693469,0.0646873966110845
505.652228929035,-0.0046455367913262,-0.00591649815504937,-0.000256783942954025,0.0337690095972589,1.52412760708514e-05,-0.00558195460775647,-0.00485074936382332,0.0642458558250456
509.159002183727,-0.00460201104474761,-0.00584430991934308,-0.000241799970242124,0.033521502576234,1.33875853681148e-05,-0.00554132950506109,-0.00478361128994161,0.0638072629654381
512.690095431402,-0.00455868905291754,-0.00577301421826788,-0.000227242583037767,0.0332758625207509,1.15910701456853e-05,-0.00550100830913967,-0.00471740232412465,0.0633715998817089
516.245677334823,-0.00451557414888335,-0.005702602378545,-0.00021310256609193,0.0330320764568209,9.85046182105606e-06,-0.00546098889278318,-0.0046521097263084,0.0629388485004861
519.825917726449,-0.00447266956934573,-0.00563306574149909,-0.000199370854873789,0.032790131446678,8.16451276613496e-06,-0.0054212691361766,-0.0045877209254532,0.0625089908260285
523.430987616559,-0.0044299784550927,-0.00556439566462925,-0.000186038534151219,0.0325500145900312,6.53199611065289e-06,-0.00538184692705604,-0.00452422351748758,0.0620820089406541
527.061059201407,-0.0043875038514705,-0.00549658352316159,-0.000173096836562416,0.0323117130252927,4.95170554426114e-06,-0.00534272016086285,-0.00446160526327259,0.0616578850051495
530.716305871459,-0.00434524870889064,-0.00542962071158218,-0.000160537141179011,0.0320752139307823,3.42245511736767e-06,-0.00530388674089452,-0.00439985408658609,0.0612366012591576
534.396902219665,-0.00430321588337208,-0.00536349864514973,-0.000148350972061102,0.0318405045259091,1.94307904077774e-06,-0.00526534457845254,-0.00433895807212733,0.0608181400215473
538.103024049808,-0.00426140813711778,-0.00529820876138706,-0.000136529996804656,0.0316075720723274,5.12431484195851e-07,-0.00522709159298704,-0.00427890546354137,0.0604024836907634
541.834848384891,-0.00421982813912473,-0.00523374252155045,-0.000125066025081672,0.0313764038750698,-8.7061362634861e-07,-0.00518912571223818,-0.00421968466146342,0.0599896147451576
545.592553475602,-0.00417847846582642,-0.0051700914120763,-0.000113951007173589,0.031146987283655,-2.20716281208949e-06,-0.00515144487237436,-0.0041612842215829,0.0595795157433012
549.376318808822,-0.00413736160176706,-0.00510724694600424,-0.000103177032498386,0.030919309693171,-3.49830324605695e-06,-0.00511404701812712,-0.00410369285272718,0.0591721693242803
553.1863251162,-0.0040964799403063,-0.00504520066437595,-9.27363281318073e-05,0.030693358545334,-4.74510295849937e-06,-0.00507693010292277,-0.00404689941496479,0.0587675582079724
557.022754382788,-0.00405583578435382,-0.00498394413760917,-8.26212573232085e-05,0.0304691213295212,-5.94861104311777e-06,-0.0050400920890106,-0.00399089291772804,0.0583656651953066
560.885789855729,-0.00401543134713252,-0.00492346896684618,-7.28243180064879e-05,0.03024658558378,-7.10985786405192e-06,-0.00500353094758793,-0.00393566251795497,0.0579664731685062
564.775616053012,-0.0039752687529696,-0.00486376678527613,-6.33381413065702e-05,0.0300257388958108,-8.22985526354819e-06,-0.0049672446589216,-0.00388119751825045,0.0575699650913152
568.692418772287,-0.00393535003811438,-0.00480482925943086,-5.415549004193e-05,0.0298065689039251,-9.30959677024253e-06,-0.00493123121246617,-0.00382748736506629,0.0571761240092082
572.636385099737,-0.00389567715158191,-0.00474664809045343,-4.52692572236366e-05,0.0295890632979778,-1.0350057807987e-05,-0.00489548860697876,-0.00377452164690039,0.0567849330495845
576.607703419018,-0.00385625195602145,-0.00468921501533914,-3.66724645514136e-05,0.0293732098202751,-1.13521959051519e-05,-0.00486001485063043,-0.00372229009251462,0.0563963754219466
580.606563420252,-0.00381707622860872,-0.00463252180814839,-2.83582609071713e-05,0.0291589962664555,-1.23169509043363e-05,-0.00482480796111414,-0.00367078256917146,0.0560104344180637
584.633156109091,-0.00377815166196098,-0.00457656028119124,-2.03199208465535e-05,0.0289464104863463,-1.32452451724132e-05,-0.00478986596574933,-0.00361998908088918,0.0556270934121197
588.687673815838,-0.00373947986507392,-0.00452132228618295,-1.25508430889243e-05,0.0287354403847947,-1.41379838108427e-05,-0.00475518690158303,-0.00356989976671556,0.0552463358608472
592.77031020464,-0.00370106236427941,-0.00446679971537054,-5.04454900632396e-06,0.0285260739224728,-1.49960548661841e-05,-0.00472076881548762,-0.00352050489901986,0.0548681453036468
596.881260282727,-0.00366290060422302,-0.00441298450262983,2.20531888812155e-06,0.0283182991166578,-1.58203295407333e-05,-0.00468660976425507,-0.00347179488180312,0.0544925053626927
601.020720409738,-0.00362499594886037,-0.0043598686245328,9.20499845188114e-06,0.0281121040419863,-1.66116624032226e-05,-0.00465270781468782,-0.00342376024902649,0.0541193997430239
605.188888307094,-0.00358734968247141,-0.00430744410138501,1.59606094242756e-05,0.0279074768311838,-1.7370891599507e-05,-0.00461906104368621,-0.0033763916629576,0.0537488122326232
609.385963067442,-0.00354996301069136,-0.00425570299823291,2.24781549368485e-05,0.0277044056757684,-1.8098839063175e-05,-0.00458566753833257,-0.00332967991253476,0.0533807267024823
613.612145164168,-0.00351283706155772,-0.00420463742584089,2.87635230223735e-05,0.02750287882673,-1.87963107260118e-05,-0.0045525253959718,-0.00328361591174894,0.0530151271066536
617.867636460969,-0.00347597288657207,-0.00415423954163795,3.48224881220273e-05,0.027302884595184,-1.94640967282487e-05,-0.00451963272428867,-0.00323819069804336,0.052651997482291
622.152640221499,-0.00343937146177576,-0.00410450155063375,4.06607125902497e-05,0.0271044113529998,-2.01029716285316e-05,-0.0044869876413817,-0.00319339543073057,0.0522913219496769
626.467361119072,-0.00340303368883871,-0.00405541570630428,4.62837481968585e-05,0.0269074475334056,-2.07136946135448e-05,-0.00445458827583367,-0.00314922138942695,0.0519330847122384
630.812005246445,-0.00336696039616006,-0.00400697431144677,5.16970376259272e-05,0.0267119816315675,-2.12970097072211e-05,-0.00442243276677885,-0.00310565997250447,0.0515772700565507
635.186780125658,-0.00333115233998009,-0.0039591697190041,5.69059159710031e-05,0.0265180022051444,-2.18536459794771e-05,-0.00439051926396686,-0.00306270269555951,0.0512238623523302
639.591894717946,-0.00329561020550216,-0.00391199433285858,6.19156122262144e-05,0.026325497874819,-2.23843177544083e-05,-0.00435884592782327,-0.00302034118989881,0.0508728460524156
644.027559433723,-0.00326033460802398,-0.00386544060859519,6.67312507728289e-05,0.0261344573248043,-2.28897248178833e-05,-0.00432741092950691,-0.00297856720104222,0.0505242056927384
648.493986142629,-0.00322532609407723,-0.0038195010542344,7.13578528608386e-05,0.0259448693033265,-2.33705526244749e-05,-0.00429621245096398,-0.0029373725872423,0.0501779258922831
652.991388183652,-0.0031905851425746,-0.0037741682309346,7.58003380851484e-05,0.0257567226230838,-2.38274725036658e-05,-0.00426524868497888,-0.00289674931802047,0.0498339913530362
657.519980375318,-0.00315611216596351,-0.00372943475366433,8.00635258559616e-05,0.0255700061616821,-2.42611418652755e-05,-0.0042345178352219,-0.00285668947271979,0.0494923868599256
662.07997902595,-0.00312190751138549,-0.00368529329184442,8.41521368629503e-05,0.0253847088620474,-2.46722044040428e-05,-0.00420401811629378,-0.00281718523907403,0.0491530972807505
666.671601944003,-0.00308797146184054,-0.00364173656996022,8.80707945328267e-05,0.0252008197328151,-2.50612903033158e-05,-0.00417374775376707,-0.00277822891179313,0.0488161075661004
671.295068448464,-0.00305430423735547,-0.00359875736814415,9.18240264799169e-05,0.025018327848697,-2.54290164377851e-05,-0.0041437049842245,-0.00273981289116469,0.048481402749266
675.950599379332,-0.00302090599615564,-0.00355634852272874,9.54162659493724e-05,0.0248372223508248,-2.57759865752141e-05,-0.00411388805529422,-0.00270192968167159,0.04814896794614
680.638417108163,-0.00298777683583908,-0.00351450292677047,9.88518532526513e-05,0.0246574924470731,-2.61027915771094e-05,-0.00408429522568207,-0.00266457189062543,0.0478187883551098
685.358745548692,-0.00295491679455234,-0.00347321353054451,0.000102135037194904,0.0244791274123586,-2.64100095982805e-05,-0.00405492476520088,-0.00262773222681582,0.0474908492569402
690.11181016753,-0.00292232585216734,-0.00343247334201094,0.000105269976493925,0.0243021165889192,-2.66982062852411e-05,-0.00402577495479676,-0.00259140349917525,0.047165136014649
694.897837994932,-0.00289000393145837,-0.00339227542725235,0.000108260741190333,0.0241264493865712,-2.69679349733996e-05,-0.00399684408657265,-0.00255557861545953,0.0468416340733732
699.717057635642,-0.00285795089927866,-0.00335261291088351,0.000111111314048647,0.0239521152829455,-2.72197368829976e-05,-0.00396813046380882,-0.00252025058094365,0.0465203289602279
704.569699279812,-0.0028261665677357,-0.00331347897643316,0.000113825591948957,0.0237791038237028,-2.74541413137459e-05,-0.00393963240098073,-0.00248541249713282,0.046201206284157
709.455994713995,-0.00279465069536467,-0.00327486686669844,0.000116407387268867,0.0236074046227294,-2.76716658381161e-05,-0.00391134822377404,-0.0024510575604888,0.045884251735776
714.376177332221,-0.00276340298829939,-0.00323676988407223,0.000118860429255423,0.023437007362312,-2.78728164932462e-05,-0.00388327626909686,-0.0024171790611711,0.045569451087208
719.33048214714,-0.00273242310144003,-0.00319918139084382,0.000121188365386753,0.0232679017932932,-2.80580879714184e-05,-0.00385541488508946,-0.00238377038179325,0.0452567901919117
724.31914580125,-0.00270171063961705,-0.00316209480947322,0.000123394762723129,0.0231000777352078,-2.82279638090695e-05,-0.0038277624311312,-0.00235082499619368,0.0449462549845032
729.342406578201,-0.00267126515875071,-0.00312550362283967,0.000125483109247199,0.0229335250763995,-2.83829165742978e-05,-0.00380031727784497,-0.00231833646822133,0.0446378314805699
734.400504414174,-0.00264108616700557,-0.00308940137446455,0.000127456815193133,0.0227682337741198,-2.8523408052828e-05,-0.00377307780709906,-0.00228629845053581,0.044331505776479
739.493680909344,-0.00261117312593951,-0.00305378166870927,0.000129319214364459,0.0226041938546078,-2.86498894324016e-05,-0.00374604241200654,-0.00225470468342186,0.0440272640491784
744.622179339418,-0.00258152545164659,-0.00301863817094856,0.000131073565440327,0.0224413954131523,-2.87628014855581e-05,-0.00371920949692223,-0.0022235489936182,0.0437250925559921
749.786244667259,-0.00255214251589325,-0.00298396460771942,0.000132723053270022,0.0222798286141364,-2.8862574750778e-05,-0.00369257747743725,-0.00219282529316038,0.0434249776344089
754.98612355458,-0.00252302364724753,-0.00294975476684648,0.000134270790155486,0.0221194836910646,-2.89496297119528e-05,-0.00366614478037124,-0.00216252757823783,0.0431269057018657
760.222064373731,-0.00249416813220051,-0.00291600249754396,0.000135719817121677,0.0219603509465736,-2.90243769761601e-05,-0.00363990984376228,-0.0021326499280646,0.0428308632555248
765.494317219563,-0.00246557521627977,-0.00288270171049478,0.000137073105174559,0.0218024207524254,-2.90872174497113e-05,-0.00361387111685459,-0.00210318650376403,0.0425368368720459
770.803133921369,-0.00243724410515429,-0.0028498463779074,0.000138333556546563,0.0216456835494857,-2.91385425124491e-05,-0.00358802706008405,-0.00207413154726702,0.0422448132073518
776.148768054917,-0.00240917396573047,-0.00281743053355063,0.000139504005929347,0.0214901298476852,-2.91787341902711e-05,-0.00356237614506152,-0.00204547938022372,0.0419547789963906
781.531474954562,-0.00238136392723866,-0.00278544827276716,0.000140587221693702,0.0213357502259665,-2.92081653258562e-05,-0.00353691685455416,-0.00201722440292879,0.041666721052891
786.951511725437,-0.0023538130823101,-0.002753893752466,0.000141585907096463,0.0211825353322148,-2.92271997475736e-05,-0.00351164768246462,-0.00198936109325975,0.0413806262691137
792.40913725574,-0.00232652048804359,-0.00272276119109464,0.000142502701474286,0.0210304758831756,-2.92361924365544e-05,-0.00348656713380833,-0.00196188400562857,0.0410964816155982
797.904612229097,-0.00229948516706183,-0.00269204486859106,0.000143340181424172,0.0208795626643559,-2.9235489691908e-05,-0.0034616737246888,-0.00193478776994631,0.0408142741409043
803.438199137013,-0.00227270610855685,-0.00266173912631647,0.000144100861970627,0.0207297865299133,-2.92254292940678e-05,-0.00343696598227103,-0.00190806709060052,0.0405339909713497
809.01016229141,-0.00224618226932441,-0.00263183836696886,0.000144787197719345,0.0205811384025307,-2.92063406662485e-05,-0.00341244244475315,-0.00188171674544553,0.0402556193107433
814.620767837254,-0.00221991257478689,-0.00260233705447824,0.00014540158399733,0.0204336092732776,-2.91785450340044e-05,-0.0033881016613362,-0.00185573158480535,0.0399791464401141
820.270283765263,-0.00219389592000459,-0.00257322971388377,0.000145946357979366,0.0202871902014588,-2.91423555828742e-05,-0.00336394219219221,-0.00183010653048909,0.0397045597174364
825.958979924714,-0.00216813117067497,-0.00254451093119344,0.000146423799800765,0.0201418723144508,-2.90980776141009e-05,-0.00333996260843062,-0.00180483657481873,0.0394318465773511
831.687128036326,-0.00214261716411977,-0.00251617535322673,0.000146836133656326,0.0199976468075256,-2.90460086984196e-05,-0.00331616149206301,-0.00177991677966926,0.0391609945308828
837.455001705243,-0.00211735271025963,-0.00248821768744075,0.000147185528885431,0.0198545049436629,-2.89864388279014e-05,-0.00329253743596632,-0.0017553422755209,0.0388919911651544
843.262876434102,-0.00209233659257611,-0.00246063270174032,0.000147474101043272,0.0197124380533509,-2.89196505658478e-05,-0.00326908904384449,-0.00173110826052337,0.0386248241430971
849.111029636188,-0.0020675675690608,-0.00243341522427263,0.000147703912958118,0.0195714375343761,-2.88459191947316e-05,-0.0032458149301886,-0.00170720999957204,0.038359481203158
854.999740648693,-0.00204304437315148,-0.00240656014320667,0.000147876975774628,0.0194314948516021,-2.87655128621745e-05,-0.0032227137202356,-0.00168364282339597,0.0380959501590041
860.92929074605,-0.00201876571465504,-0.00238006240649822,0.00014799524998317,0.0192926015367382,-2.86786927249628e-05,-0.00319978404992569,-0.00166040212765746,0.0378342188992232
866.899963153375,-0.00199473028065703,-0.00235391702164074,0.000148060646435133,0.0191547491880981,-2.85857130910956e-05,-0.00317702456585828,-0.00163748337206326,0.0375742753870219
872.91204305999,-0.00197093673641777,-0.00232811905540258,0.000148075027344235,0.019017929470348,-2.84868215598659e-05,-0.00315443392524669,-0.00161488207948718,0.0373161076599214
878.965817633049,-0.00194738372625482,-0.00230266363355109,0.000148040207273808,0.0188821341142471,-2.83822591599723e-05,-0.00313201079587164,-0.00159259383510396,0.0370597038294497
885.061576031251,-0.00192406987441177,-0.00227754594056411,0.000147957954110086,0.018747354916377,-2.82722604856648e-05,-0.0031097538560335,-0.00157061428553439,0.0368050520808319
891.199609418655,-0.00190099378591313,-0.00225276121932912,0.0001478299900215,0.0186135837388639,-2.81570538309238e-05,-0.00308766179450338,-0.00154893913800141,0.0365521406726776
897.380210978585,-0.00187815404740544,-0.00222830477083077,0.000147657992404008,0.0184808125090916,-2.8036861321677e-05,-0.00306573331047315,-0.00152756415949729,0.0363009579366665
903.603675927636,-0.00185554922798431,-0.00220417195382708,0.000147443594812483,0.0183490332194069,-2.79118990460562e-05,-0.00304396711350435,-0.00150648517596149,0.0360514922772313
909.870301529772,-0.00183317788000748,-0.0021803581845147,0.000147188387878198,0.0182182379268168,-2.77823771827012e-05,-0.00302236192347609,-0.0014856980714693,0.0358037321712386
916.18038711053,-0.00181103853989382,-0.00215685893618394,0.000146893920212443,0.0180884187526787,-2.76485001271129e-05,-0.00300091647053203,-0.00146519878743115,0.0355576661676682
922.534234071309,-0.00178912972890818,-0.00213366973886366,0.000146561699296336,0.0179595678823832,-2.75104666160659e-05,-0.00297962949502633,-0.00144498332180223,0.0353132828872895
928.932145903777,-0.00176744995393211,-0.00211078617895674,0.000146193192356863,0.0178316775650301,-2.73684698500844e-05,-0.00295849974746877,-0.00142504772830264,0.0350705710223374
935.374428204358,-0.00174599770822053,-0.00208820389886637,0.000145789827229213,0.0177047401130975,-2.72226976139918e-05,-0.00293752598846902,-0.00140538811564769,0.0348295193361855
941.861388688833,-0.00172477147214411,-0.00206591859661372,0.000145352993205485,0.0175787479021057,-2.7073332395542e-05,-0.00291670698868006,-0.00138600064678834,0.0345901166630179
948.39333720704,-0.00170376971391761,-0.00204392602544724,0.000144884041869809,0.017453693370274,-2.69205515021422e-05,-0.00289604152874083,-0.00136688153816172,0.0343523519074998
954.970585757668,-0.00168299089031411,-0.00202222199344414,0.000144384287919982,0.0173295690181721,-2.67645271756767e-05,-0.00287552839921823,-0.00134802705895152,0.0341162140444463
961.593448503166,-0.00166243344736504,-0.0020008023631044,0.000143855009975689,0.0172063674083669,-2.66054267054452e-05,-0.00285516640054831,-0.00132943353035813,0.0338816921184904
968.262241784745,-0.00164209582104631,-0.00197966305093766,0.000143297451373378,0.0170840811650626,-2.64434125392233e-05,-0.00283495434297688,-0.00131109732487854,0.0336487752437487
974.977284137491,-0.00162197643795029,-0.00195880002704342,0.000142712820947915,0.0169627029737378,-2.62786423924617e-05,-0.00281489104649949,-0.00129301486559579,0.0334174526034872
981.738896305574,-0.00160207371594391,-0.00193820931468492,0.000142102293801061,0.0168422255807764,-2.61112693556343e-05,-0.0027949753408008,-0.00127518262547783,0.0331877134497851
988.547401257578,-0.00158238606481287,-0.00191788698985703,0.000141467012056912,0.0167226417930948,-2.59414419997497e-05,-0.00277520606519342,-0.00125759712668581,0.0329595471031981
995.403124201917,-0.00156291188689192,-0.00189782918084863,0.000140808085604382,0.0166039444777654,-2.57693044800396e-05,-0.00275558206855627,-0.00124025493989157,0.0327329429524205
1002.30639260238,-0.00154364957768156,-0.00187803206779964,0.000140126592826829,0.0164861265616355,-2.55949966378397e-05,-0.0027361022092724,-0.00122315268360425,0.0325078904539464
1009.25753619375,-0.00152459752645092,-0.00185849188225322,0.000139423581318946,0.016369181030943,-2.5418654100677e-05,-0.00271676535516642,-0.00120628702350597,0.032284379131731
1016.2568869976,-0.00150575411682711,-0.00183920490670341,0.000138700068591013,0.0162531009309284,-2.52404083805796e-05,-0.00269757038344148,-0.00118965467179638,0.0320623985768493
1023.30477933808,-0.00148711772737114,-0.00182016747413857,0.000137957042760634,0.0161378793654443,-2.50603869706253e-05,-0.00267851618061592,-0.00117325238654611,0.0318419384471568
1030.40154985798,-0.00146868673214038,-0.00180137596758083,0.000137195463232075,0.0160235094965611,-2.48787134397443e-05,-0.00265960164245948,-0.00115707697105881,0.0316229884669469
1037.5475375347,-0.00145045950123782,-0.00178282681962209,0.000136416261363311,0.015909984544171,-2.46955075257937e-05,-0.00264082567392933,-0.0011411252732419,0.0314055384266103
1044.74308369654,-0.0014324344013481,-0.00176451651195662,0.000135620341120923,0.015797297785588,-2.4510885226921e-05,-0.00262218718910567,-0.00112539418498575,0.0311895781822919
1051.98853203895,-0.00141460979626055,-0.00174644157491081,0.000134808579722949,0.0156854425551477,-2.43249588912335e-05,-0.00260368511112716,-0.00110988064155132,0.030975097655549
1059.28422864097,-0.00139698404737931,-0.00172859858697012,0.00013398182826983,0.0155744122438027,-2.41378373047913e-05,-0.00258531837212608,-0.00109458162096606,0.030762086833008
1066.63052198171,-0.00137955551422065,-0.00171098417430376,0.000133140912363576,0.0154642002987183,-2.3949625777943e-05,-0.00256708591316334,-0.00107949414342799,0.0305505357660221
1074.02776295709,-0.00136232255489761,-0.00169359501028714,0.000132286632715273,0.0153548002228646,-2.37604262300208e-05,-0.00254898668416322,-0.00106461527071792,0.030340434570327
1081.4763048965,-0.00134528352659218,-0.00167642781502261,0.000131419765741083,0.0152462055746087,-2.35703372724163e-05,-0.00253101964384803,-0.00104994210561963,0.0301317734256988
1088.97650357974,-0.00132843678601501,-0.00165947935485847,0.000130541064146848,0.0151384099673043,-2.33794542900516e-05,-0.00251318375967264,-0.00103547179134798,0.02992454257561
1096.52871725401,-0.00131178068985297,-0.0016427464419068,0.000129651257501449,0.0150314070688808,-2.31878695212698e-05,-0.0024954780077589,-0.0010212015109848,0.0297187323268863
1104.13330665098,-0.00129531359520458,-0.00162622593356012,0.000128751052799047,0.0149251906014317,-2.29956721361601e-05,-0.00247790137282994,-0.00100712848692242,0.0295143330493635
1111.79063500406,-0.00127903386000349,-0.00160991473200727,0.000127841135010357,0.0148197543408013,-2.28029483133387e-05,-0.0024604528481445,-0.000993249980314995,0.0293113351755443
1119.50106806575,-0.00126293984343015,-0.00159380978374867,0.000126922167623074,0.0147150921161714,-2.26097813152048e-05,-0.00244313143543117,-0.000979563290537088,0.0291097292002553
1127.26497412507,-0.00124702990631194,-0.00157790807911123,0.000125994793171603,0.0146111978096476,-2.24162515616916e-05,-0.00242593614482261,-0.000966065754649885,0.0289095056803043
1135.0827240252,-0.00123130241151166,-0.00156220665176308,0.000125059633756239,0.0145080653558448,-2.22224367025315e-05,-0.00240886599478986,-0.000952754746874594,0.0287106552341379
1142.95469118117,-0.0012157557243049,-0.00154670257822839,0.000124117291551921,0.0144056887414728,-2.20284116880558e-05,-0.00239192001207656,-0.000939627678073168,0.0285131685414992
1150.8812515977,-0.00120038821274604,-0.00153139297740244,0.000123168349306716,0.0143040620049219,-2.18342488385486e-05,-0.00237509723163336,-0.000926681995236085,0.0283170363430859
1158.86278388715,-0.00118519824802346,-0.00151627501006719,0.000122213370830165,0.0142031792358484,-2.1640017912176e-05,-0.0023583966965523,-0.000913915180977252,0.0281222494402094
1166.89966928762,-0.00117018420480372,-0.00150134587840746,0.000121252901471644,0.0141030345747604,-2.14457861715083e-05,-0.0023418174580013,-0.000901324753035796,0.0279287986944533
1174.99229168114,-0.00115534446156526,-0.00148660282552802,0.000120287468588871,0.0140036222126043,-2.12516184486583e-05,-0.0023253585751588,-0.000888908263784797,0.0277366750273332
1183.14103761204,-0.00114067740092144,-0.00147204313497161,0.000119317582006712,0.0139049363903511,-2.10575772090535e-05,-0.00230901911514848,-0.000876663299746719,0.0275458694199566
1191.34629630538,-0.00112618140993335,-0.00145766413023829,0.000118343734466414,0.0138069713985838,-2.08637226138635e-05,-0.00229279815297416,-0.000864587481115615,0.0273563729126839
1199.60845968555,-0.00111185488041243,-0.00144346317430602,0.000117366402065431,0.0137097215770855,-2.06701125811024e-05,-0.00227669477145479,-0.000852678461285868,0.0271681766047892
1207.92792239501,-0.00109769620921306,-0.00142943766915288,0.000116386044687959,0.0136131813144284,-2.0476802845426e-05,-0.00226070806115974,-0.000840933926387514,0.0269812716541224
1216.3050818131,-0.00108370379851538,-0.00141558505528086,0.000115403106426337,0.0135173450475631,-2.02838470166447e-05,-0.00224483712034411,-0.000829351594827936,0.0267956492767717
1224.74033807505,-0.00106987605609838,-0.00140190281124157,0.00011441801599346,0.0134222072614102,-2.00912966369713e-05,-0.0022290810548844,-0.000817929216839978,0.026611300746727
1233.23409409112,-0.00105621139560359,-0.00138838845316386,0.000113431187126332,0.0133277624884515,-1.98992012370243e-05,-0.00221343897821429,-0.000806664574036262,0.0264282173955438
1241.78675556577,-0.00104270823678938,-0.00137503953428359,0.000112443018980901,0.0132340053083239,-1.97076083906055e-05,-0.00219791001126074,-0.000795555478969746,0.0262463906120079
1250.39873101711,-0.00102936500577613,-0.00136185364447557,0.000111453896518337,0.0131409303474137,-1.95165637682735e-05,-0.00218249328238021,-0.000784599774700342,0.0260658118418014
1259.07043179635,-0.00101618013528244,-0.00134882840978791,0.000110464190882862,0.0130485322784525,-1.93261111897313e-05,-0.0021671879272953,-0.000773795334367601,0.0258864725871686
1267.80227210752,-0.00100315206485253,-0.00133596149197885,0.000109474259771292,0.0129568058201152,-1.91362926750483e-05,-0.00215199308903146,-0.000763140060769296,0.0257083644065839
1276.5946690272,-0.000990279241074913,-0.00132325058805613,0.000108484447794423,0.0128657457366188,-1.89471484947353e-05,-0.00213690791785419,-0.000752631885945908,0.0255314789144195
1285.44804252445,-0.000977560117792765,-0.00131069342981917,0.000107495086830399,0.0127753468373233,-1.87587172186945e-05,-0.00212193157120635,-0.000742268770770894,0.0253558077806149
1294.36281548089,-0.000964993156305795,-0.00129828778340389,0.000106506496370195,0.0126856039763344,-1.85710357640599e-05,-0.00210706321364588,-0.000732048704546638,0.0251813427303467
1303.33941371088,-0.000952576825564113,-0.00128603144883059,0.000105518983855355,0.0125965120521076,-1.83841394419509e-05,-0.00209230201678377,-0.000721969704606079,0.0250080755437003
1312.37826598188,-0.000940309602354037,-0.00127392225955475,0.000104532845008115,0.0125080660070551,-1.81980620031553e-05,-0.00207764715922239,-0.000712029815919859,0.0248359980553411
1321.47980403488,-0.000928189971476149,-0.00126195808202092,0.000103548364154056,0.0124202608271535,-1.80128356827629e-05,-0.00206309782649411,-0.000702227110708987,0.0246651021541883
1330.6444626051,-0.000916216425915643,-0.00125013681521978,0.000102565814537395,0.0123330915415543,-1.78284912437664e-05,-0.00204865321100028,-0.000692559688062887,0.0244953797830885
1339.87267944269,-0.000904387467005243,-0.00123845639024846,0.000101585458629077,0.0122465532221964,-1.76450580196495e-05,-0.00203431251195055,-0.000683025673562814,0.0243268229384918
1349.16489533366,-0.000892701604580739,-0.0012269147698742,0.000100607548427768,0.0121606409834205,-1.74625639559804e-05,-0.00202007493530255,-0.000673623218910505,0.0241594236701269
1358.52155412096,-0.000881157357129407,-0.00121550994810137,9.96323257539046e-05,0.0120753499815859,-1.72810356510277e-05,-0.00200593969370188,-0.000664350501562052,0.0239931740806797
1367.94310272563,-0.000869753251931368,-0.00120423994974193,9.86600225369005e-05,0.0119906754146892,-1.71004983954187e-05,-0.00199190600642252,-0.00065520572436688,0.0238280663254711
1377.42999116818,-0.000858487825194152,-0.00119310282998953,9.7690861095666e-05,0.011906612521986,-1.69209762108566e-05,-0.00197797309930764,-0.0006461871152118,0.0236640926121371
1386.98267259009,-0.000847359622180502,-0.00118209667399703,9.67250544125372e-05,0.011823156583614,-1.67424918879146e-05,-0.00196414020471064,-0.000637292926670021,0.0235012452003093
1396.60160327544,-0.000836367197329693,-0.00117121959645779,9.57628064007592e-05,0.0117403029202194,-1.65650670229243e-05,-0.00195040656143678,-0.000628521435655122,0.0233395164012976
1406.2872426727,-0.000825509114372406,-0.00116046974119055,9.48043121656351e-05,0.011658046892585,-1.6388722053976e-05,-0.00193677141468501,-0.000619870943079827,0.0231788985777729
1416.04005341668,-0.000814783946439406,-0.00114984528072815,9.38497582594673e-05,0.0115763839012614,-1.62134762960482e-05,-0.00192323401599035,-0.000611339773519613,0.0230193841434517
1425.86050135065,-0.000804190276164087,-0.00113934441590989,9.28993229304043e-05,0.0114953093861996,-1.60393479752819e-05,-0.0019097936231665,-0.000602926274880998,0.0228609655627822
1435.74905554856,-0.000793726695779109,-0.00112896537547786,9.19531763653198e-05,0.0114148188263879,-1.58663542624188e-05,-0.00189644950024907,-0.000594628818074523,0.0227036353506309
1445.70618833745,-0.000783391807207186,-0.00111870641567698,9.10114809268312e-05,0.0113349077394895,-1.56945113054164e-05,-0.00188320091743898,-0.000586445796692282,0.0225473860719707
1455.73237532004,-0.00077318422214627,-0.00110856581985904,9.00743913845832e-05,0.0112555716814839,-1.55238342612608e-05,-0.00187004715104644,-0.000578375626690033,0.0223922103415711
1465.8280953974,-0.000763102562149165,-0.0010985418980906,8.91420551409e-05,0.0111768062463103,-1.53543373269887e-05,-0.00185698748343529,-0.000570416746073719,0.0222381008236882
1475.99383079187,-0.000753145458697811,-0.00108863298676482,8.82146124509276e-05,0.0110986070655143,-1.51860337699378e-05,-0.00184402120296774,-0.000562567614590453,0.0220850502317576
1486.23006707006,-0.000743311553272281,-0.00107883744821734,8.72921966373677e-05,0.0110209698078963,-1.50189359572402e-05,-0.00183114760394952,-0.000554826713423787,0.0219330513280868
1496.53729316606,-0.000733599497414722,-0.00106915367034605,8.63749342999238e-05,0.0109438901791634,-1.4853055384573e-05,-0.00181836598657554,-0.000547192544893324,0.0217820969235512
1506.9160014048,-0.000724007952788276,-0.00105958006623493,8.54629455195563e-05,0.0108673639215836,-1.46884027041839e-05,-0.00180567565687582,-0.000539663632158504,0.0216321798772891
1517.36668752555,-0.000714535591231208,-0.00105011507378191,8.45563440576603e-05,0.0107913868136429,-1.45249877522043e-05,-0.00179307592666203,-0.000532238518926598,0.0214832930963997
1527.88985070559,-0.000705181094806281,-0.00104075715533072,8.36552375502671e-05,0.0107159546697051,-1.43628195752667e-05,-0.00178056611347429,-0.000524915769164779,0.0213354295356415
1538.4859935841,-0.000695943155845592,-0.0010315047973069,8.27597276973771e-05,0.0106410633396741,-1.42019064564393e-05,-0.0017681455405285,-0.000517693966816271,0.0211885821971332
1549.15562228612,-0.000686820476990907,-0.00102235650985769,8.18699104475175e-05,0.0105667087086592,-1.40422559404936e-05,-0.00175581353666408,-0.000510571715520469,0.0210427441300539
1559.89924644673,-0.000677811771229712,-0.00101331082649617,8.09858761776367e-05,0.0104928866966434,-1.38838748585185e-05,-0.00174356943629212,-0.000503547638337028,0.0208979084303474
1570.71737923542,-0.000668915761927003,-0.00100436630374935,8.01077098684226e-05,0.0104195932581536,-1.37267693518945e-05,-0.00173141257934401,-0.000496620377473803,0.0207540682404255
1581.61053738059,-0.000660131182853034,-0.000995521520810356,7.9235491275151e-05,0.0103468243819348,-1.35709448956428e-05,-0.00171934231122041,-0.000489788594018658,0.020611216748874
1592.57924119422,-0.000651456778207045,-0.000986775079194693,7.8369295094153e-05,0.0102745760906262,-1.34164063211614e-05,-0.00170735798274078,-0.000483050967675015,0.0204693471901596
1603.62401459674,-0.000642891302637174,-0.000978125602400573,7.75091911250022e-05,0.0102028444404401,-1.3263157838363e-05,-0.00169545895009324,-0.000476406196501163,0.0203284528443389
1614.74538514202,-0.000634433521256589,-0.000969571735573289,7.66552444285064e-05,0.0101316255208444,-1.31112030572266e-05,-0.00168364457478491,-0.000469852996653212,0.0201885270367673
1625.94388404263,-0.000626082209656019,-0.000961112145173668,7.58075154806042e-05,0.0100609154542468,-1.29605450087764e-05,-0.0016719142235927,-0.000463390102131691,0.0200495631378114
1637.22004619516,-0.000617836153912733,-0.000952745518650542,7.4966060322246e-05,0.00999071039568265,-1.28111861654996e-05,-0.00166026726851447,-0.000457016264531694,0.0199115545625608
1648.57441020578,-0.000609694150596128,-0.000944470564117287,7.41309307053586e-05,0.00992100653250512,-1.26631284612181e-05,-0.00164870308672071,-0.000450730252796578,0.0197744947705427
1660.00751841599,-0.000601655006769984,-0.000936286010032357,7.33021742349693e-05,0.00985180008407844,-1.25163733104224e-05,-0.00163722106050657,-0.000444530852975092,0.0196383772654374
1671.51991692849,-0.000593717539991538,-0.000928190604883863,7.24798345075823e-05,0.00978308730147383,-1.23709216270835e-05,-0.00162582057724438,-0.000438416867981977,0.0195031955947951
1683.11215563331,-0.000585880578307424,-0.000920183116878118,7.16639512458879e-05,0.00971486446716807,-1.22267738429523e-05,-0.00161450102933657,-0.000432387117361891,0.0193689433497546
1694.78478823403,-0.000578142960246637,-0.000912262333632196,7.08545604298885e-05,0.00964712789474514,-1.20839299253588e-05,-0.00160326181416904,-0.00042644043705671,0.019235614164763
1706.53837227424,-0.000570503534810561,-0.000904427061870429,7.00516944245184e-05,0.00957987392860035,-1.19423893945233e-05,-0.00159210233406494,-0.000420575679176063,0.0191032017172971
1718.37346916419,-0.000562961161460212,-0.00089667612712488,6.92553821038429e-05,0.00951309894364753,-1.18021513403886e-05,-0.00158102199623889,-0.000414791711771148,0.0189716997275859
1730.2906442076,-0.000555514710100734,-0.000889008373439713,6.84656489719084e-05,0.00944679934502861,-1.16632144389874e-05,-0.00157002021275163,-0.000409087418611694,0.0188411019583352
1742.29046662864,-0.000548163061063297,-0.000881422663079504,6.76825172803246e-05,0.00938097156782643,-1.15255769683525e-05,-0.00155909640046509,-0.000403461698966105,0.0187114022144528
1754.37350959913,-0.000540905105084434,-0.000873917876241405,6.69060061426518e-05,0.00931561207677979,-1.13892368239825e-05,-0.00154824998099786,-0.000397913467384673,0.0185825943427761
1766.54035026596,-0.00053373974328294,-0.000866492910771188,6.61361316456673e-05,0.0092507173660016,-1.12541915338726e-05,-0.00153748038068111,-0.000392441653485864,0.0184546722318001
1778.79156977856,-0.000526665887134417,-0.000859146681883138,6.53729069575837e-05,0.00918628395869968,-1.11204382731213e-05,-0.00152678703051496,-0.000387045201745626,0.0183276298114076
1791.12775331676,-0.000519682458443516,-0.000851878121883727,6.461634243329e-05,0.00912230840690006,-1.09879738781216e-05,-0.00151616936612515,-0.000381723071289635,0.0182014610526008
1803.54949011869,-0.000512788389314014,-0.000844686179899111,6.38664457166858e-05,0.0090587872911733,-1.08567948603488e-05,-0.00150562682772031,-0.000376474235688511,0.0180761599672342
1816.05737350894,-0.000505982622116743,-0.000837569821606359,6.31232218401731e-05,0.00899571722036319,-1.07268974197516e-05,-0.00149515886004942,-0.000371297682755885,0.0179517206077482
1828.65200092687,-0.000499264109455512,-0.000830528028968443,6.23866733213821e-05,0.00893309483131843,-1.05982774577598e-05,-0.00148476491235991,-0.00036619241434934,0.0178281370669062
1841.33397395519,-0.000492631814131047,-0.000823559799972903,6.16568002571826e-05,0.00887091678862663,-1.04709305899131e-05,-0.00147444443835598,-0.000361157446174138,0.0177054034775306
1854.10389834867,-0.000486084709103065,-0.000816664148374224,6.0933600415062e-05,0.0088091797843513,-1.03448521581252e-05,-0.00146419689615744,-0.000356191807589731,0.0175835140122421
1866.9623840631,-0.000479621777450516,-0.000809840103439821,6.02170693219163e-05,0.00874788053777113,-1.02200372425875e-05,-0.00145402174825892,-0.000351294541418982,0.0174624628831998
1879.91004528435,-0.000473242012330114,-0.000803086709699677,5.95072003503307e-05,0.00868701579512223,-1.00964806733242e-05,-0.00144391846148946,-0.000346464703760096,0.0173422443418427
1892.94750045783,-0.000466944416933169,-0.00079640302669954,5.88039848024001e-05,0.00862658232934261,-9.97417704140666e-06,-0.00143388650697254,-0.000341701363801174,0.0172228526786324
1906.0753723179,-0.000460728004440846,-0.000789788128757695,5.81074119911551e-05,0.00856657693981957,-9.85312070983389e-06,-0.00142392536008647,-0.000337003603637413,0.0171042822227983
1919.29428791772,-0.000454591797977869,-0.000783241104725235,5.74174693196487e-05,0.00850699645213939,-9.73330582408985e-06,-0.00141403450042521,-0.000332370518090851,0.0169865273420828
1932.60487865912,-0.000448534830564777,-0.000776761057749858,5.67341423577617e-05,0.00844783771783979,-9.61472632238351e-06,-0.00140421341175954,-0.00032780121453268,0.0168695824424891
1946.00778032282,-0.000442556145068754,-0.000770347105043078,5.60574149167825e-05,0.00838909761416468,-9.49737594558061e-06,-0.00139446158199865,-0.000323294812708035,0.0167534419680296
1959.50363309877,-0.000436654794153142,-0.000763998377650904,5.53872691218178e-05,0.0083307730438217,-9.38124824683474e-06,-0.0013847785031521,-0.000318850444563281,0.0166381004004765
1973.09308161673,-0.000430829840225644,-0.000757714020227876,5.47236854820841e-05,0.00827286093474192,-9.26633660092478e-06,-0.00137516367129217,-0.000314467254075702,0.0165235522591132
1986.77677497706,-0.000425080355385338,-0.000751493190814486,5.40666429591371e-05,0.00821535823984241,-9.15263421330691e-06,-0.00136561658651658,-0.000310144397085619,0.0164097921004874
2000.55536678172,-0.000419405421368486,-0.000745335060617893,5.34161190330855e-05,0.00815826193679084,-9.04013412888739e-06,-0.00135613675291161,-0.000305881041130846,0.0162968145181656
2014.42951516552,-0.000413804129493278,-0.000739238813795965,5.27720897668447e-05,0.00810156902777291,-8.92882924052437e-06,-0.00134672367851557,-0.000301676365283504,0.0161846141424895
2028.39988282751,-0.000408275580603482,-0.000733203647244537,5.2134529868475e-05,0.00804527653926186,-8.81871229726449e-06,-0.00133737687528261,-0.000297529559989101,0.0160731856403323
2042.46713706267,-0.000402818885011122,-0.000727228770387922,5.15034127516559e-05,0.00798938152179067,-8.70977591232214e-06,-0.00132809585904702,-0.000293439826907914,0.0159625237148585
2056.63194979376,-0.000397433162438186,-0.000721313404972576,5.08787105943409e-05,0.00793388104972637,-8.60201257080697e-06,-0.00131888014948773,-0.000289406378758572,0.0158526231052837
2070.89499760343,-0.00039211754195746,-0.000715456784863949,5.02603943956426e-05,0.00787877222104698,-8.49541463720715e-06,-0.00130972927009328,-0.000285428439163864,0.0157434785866359
2085.25696176653,-0.000386871161932475,-0.000709658155846413,4.96484340309875e-05,0.00782405215712049,-8.38997436263375e-06,-0.00130064274812714,-0.000281505242498699,0.015635084969519
2099.71852828265,-0.000381693169956697,-0.000703916775426305,4.90427983055926e-05,0.00776971800248645,-8.28568389183342e-06,-0.00129162011459334,-0.000277636033740226,0.0155274370998768
2114.2803879089,-0.00037658272279192,-0.000698231912637982,4.84434550062981e-05,0.00771576692463962,-8.18253526997443e-06,-0.0012826609042025,-0.000273820068320039,0.0154205298587591
2128.94323619287,-0.000371538986305982,-0.000692602847852914,4.78503709518064e-05,0.00766219611381608,-8.08052044921308e-06,-0.00127376465533817,-0.000270056611978487,0.0153143581620887
2143.7077735059,-0.000366561135409785,-0.000687028872591724,4.72635120413623e-05,0.00760900278278141,-7.97963129504513e-06,-0.00126493091002353,-0.000266344940621009,0.0152089169604298
2158.57470507649,-0.000361648353993725,-0.000681509289339193,4.66828433019205e-05,0.00755618416662135,-7.87985959244916e-06,-0.00125615921388846,-0.000262684340176513,0.0151042012387586
2173.54474102402,-0.000356799834863499,-0.000676043411362138,4.61083289338339e-05,0.00750373752253438,-7.78119705182609e-06,-0.00124744911613693,-0.000259074106457724,0.015000206016234
2188.61859639264,-0.000352014779675412,-0.000670630562530188,4.55399323551078e-05,0.00745166012962677,-7.68363531474156e-06,-0.00123880016951467,-0.00025551354502352,0.0148969263459706
2203.79699118545,-0.000347292398871146,-0.000665270077139361,4.49776162442505e-05,0.00739994928870959,-7.58716595947534e-06,-0.0012302119302773,-0.000252001971043177,0.0147943573148127
2219.08065039887,-0.000342631911612092,-0.000659961299738465,4.44213425817649e-05,0.00734860232209809,-7.49178050638393e-06,-0.00122168395815867,-0.000248538709162551,0.0146924940431099
2234.47030405729,-0.000338032545713227,-0.000654703584958238,4.38710726903097e-05,0.00729761657341289,-7.39747042308045e-06,-0.00121321581633956,-0.000245123093372111,0.0145913316844939
2249.9666872479,-0.000333493537576629,-0.000649496297343233,4.33267672735714e-05,0.0072469894073837,-7.30422712943767e-06,-0.00120480707141679,-0.000241754466876856,0.0144908654256566
2265.57054015586,-0.000329014132124603,-0.000644338811186374,4.27883864538773e-05,0.00719671820965473,-7.2120420024182e-06,-0.0011964572933725,-0.000238432181968035,0.0143910904861297
2281.28260809959,-0.00032459358273251,-0.000639230510366189,4.22558898085861e-05,0.00714680038659246,-7.12090638073726e-06,-0.00118816605554387,-0.000235155599896689,0.0142920021180654
2297.10364156645,-0.000320231151161288,-0.000634170788186644,4.17292364052854e-05,0.00709723336509527,-7.03081156936187e-06,-0.00117993293459308,-0.000231924090748952,0.0141935956060191
2313.0343962485,-0.00031592610748972,-0.000629159047219584,4.12083848358335e-05,0.00704801459240525,-6.94174884385191e-06,-0.00117175751047767,-0.000228737033323121,0.0140958662667324
2329.07563307866,-0.000311677730046469,-0.000624194699149704,4.06932932492701e-05,0.00699914153592185,-6.85370945454626e-06,-0.00116363936642107,-0.000225593815008434,0.0139988094489182
2345.22811826701,-0.000307485305341925,-0.00061927716462206,4.01839193836324e-05,0.0069506116830177,-6.76668463059954e-06,-0.00115557808888358,-0.000222493831665568,0.0139024205330474
2361.49262333744,-0.000303348127999859,-0.000614405873092045,3.96802205967028e-05,0.00690242254085622,-6.68066558387254e-06,-0.00114757326753354,-0.000219436487508799,0.0138066949311355
2377.86992516445,-0.000299265500688961,-0.000609580262677831,3.91821538957187e-05,0.00685457163621136,-6.59564351268117e-06,-0.00113962449521891,-0.000216421194989829,0.0137116280865324
2394.36080601029,-0.000295236734054242,-0.000604799780015209,3.86896759660722e-05,0.00680705651528902,-6.51160960540752e-06,-0.00113173136793898,-0.000213447374683231,0.013617215473712
2410.96605356231,-0.000291261146648355,-0.000600063880114834,3.82027431990293e-05,0.00675987474355069,-6.42855504397713e-06,-0.00112389348481659,-0.000210514455173517,0.0135234525980638
2427.6864609706,-0.000287338064862849,-0.000595372026221796,3.77213117184922e-05,0.00671302390553864,-6.34647100720597e-06,-0.00111611044807042,-0.00020762187294377,0.0134303349956857
2444.52282688584,-0.000283466822859384,-0.000590723689677526,3.72453374068344e-05,0.00666650160470327,-6.26534867402133e-06,-0.00110838186298775,-0.00020476907226586,0.0133378582331783
2461.4759554975,-0.000279646762500929,-0.000586118349783974,3.67747759298331e-05,0.00662030546323207,-6.18517922655957e-06,-0.00110070733789735,-0.00020195550509218,0.0132460179074399
2478.54665657221,-0.000275877233282962,-0.000581555493670042,3.63095827607238e-05,0.00657443312188055,-6.10595385314478e-06,-0.00109308648414279,-0.000199180630948915,0.0131548096454632
2495.73574549243,-0.000272157592264705,-0.000577034616160243,3.58497132034024e-05,0.00652888223980494,-6.02766375115169e-06,-0.00108551891605592,-0.000196443916830803,0.0130642291041336
2513.04404329547,-0.000268487204000401,-0.000572555219645527,3.53951224147977e-05,0.00648365049439663,-5.95030012975581e-06,-0.00107800425093068,-0.000193744837097361,0.0129742719700279
2530.47237671259,-0.000264865440470664,-0.000568116813956286,3.49457654264391e-05,0.00643873558111845,-5.8738542125746e-06,-0.00107054210899714,-0.000191082873370586,0.012884933959215
2548.02157820863,-0.000261291681013918,-0.000563718916237461,3.45015971652409e-05,0.00639413521334255,-5.79831724020238e-06,-0.00106313211339588,-0.000188457514434068,0.0127962108170575
2565.69248602162,-0.000257765312257942,-0.000559361050825763,3.40625724735263e-05,0.00634984712219027,-5.72368047264255e-06,-0.00105577389015256,-0.000185868256133532,0.0127080983180151
2583.48594420295,-0.00025428572805154,-0.000555042749128927,3.36286461283129e-05,0.00630586905637337,-5.64993519163955e-06,-0.00104846706815275,-0.000183314601278763,0.012620592265448
2601.4028026576,-0.000250852329396365,-0.00055076354950703,3.31997728598794e-05,0.0062621987820373,-5.57707270291421e-06,-0.00104121127911715,-0.000180796059546914,0.0125336884914231
2619.4439171848,-0.000247464524378885,-0.000546522997155777,3.27759073696366e-05,0.0062188340826058,-5.50508433830467e-06,-0.00103400615757685,-0.00017831214738716,0.0124473828565204
2637.61014951883,-0.000244121728102546,-0.000542320643991784,3.23570043473202e-05,0.00617577275862748,-5.43396145781632e-06,-0.00102685134084904,-0.000175862387926691,0.0123616712496409
2655.90236737027,-0.000240823362620113,-0.000538156048539782,3.19430184875268e-05,0.00613301262762371,-5.36369545158285e-06,-0.00101974646901286,-0.000173446310878018,0.0122765495878157
2674.32144446737,-0.000237568856866228,-0.000534028775821745,3.15339045056118e-05,0.00609055152393841,-5.29427774174176e-06,-0.00101269118488556,-0.000171063452447581,0.0121920138160167
2692.86826059784,-0.000234357646590184,-0.000529938397247888,3.11296171529662e-05,0.00604838729858919,-5.22569978422614e-06,-0.00100568513399884,-0.000168713355245633,0.0121080599069677
2711.54370165082,-0.000231189174288938,-0.000525884490509534,3.07301112316943e-05,0.00600651781912027,-5.1579530704761e-06,-0.000998727964575498,-0.000166395568197383,0.0120246838609575
2730.34865965925,-0.000228062889140373,-0.000521866639473785,3.03353416087048e-05,0.00596494096945676,-5.0910291290715e-06,-0.000991819327506258,-0.000164109646455387,0.0119418817056537
2749.28403284242,-0.000224978246936826,-0.00051788443408001,2.99452632292374e-05,0.00592365464976068,-5.02491952728907e-06,-0.000984958876326906,-0.00016185515131316,0.0118596494959182
2768.35072564895,-0.000221934710018879,-0.000513937470238082,2.9559831129838e-05,0.00588265677628831,-4.9596158725856e-06,-0.000978146267195587,-0.000159631650119996,0.011777983313623
2787.54964879989,-0.00021893174720945,-0.000510025349728376,2.91790004508021e-05,0.00584194528124921,-4.89510981401018e-06,-0.00097138115887039,-0.000157438716196985,0.0116968792674683
2806.88171933232,-0.000215968833748169,-0.000506147680103459,2.88027264480981e-05,0.00580151811266656,-4.83139304354696e-06,-0.000964663212687119,-0.000155275928754194,0.011616333492801
2826.34786064308,-0.000213045451226077,-0.000502304074591482,2.8430964504792e-05,0.00576137323423917,-4.76845729739136e-06,-0.000957992092537334,-0.000153142872809018,0.0115363421514343
2845.94900253294,-0.000210161087520621,-0.000498494152001227,2.8063670141981e-05,0.00572150862520467,-4.70629435716099e-06,-0.000951367464846565,-0.000151039139105657,0.0114569014314694
2865.68608125093,-0.000207315236731003,-0.000494717536628786,2.77007990292594e-05,0.00568192228020448,-4.64489605104421e-06,-0.000944788998552806,-0.000148964324035734,0.011378007547117
2885.56003953913,-0.00020450739911384,-0.000490973858165845,2.73423069947228e-05,0.0056426122091498,-4.58425425488742e-06,-0.000938256365085167,-0.000146918029560011,0.011299656738521
2905.57182667768,-0.000201737081019195,-0.000487262751609563,2.69881500345307e-05,0.00560357643708938,-4.52436089322393e-06,-0.0009317692383428,-0.0001448998631312,0.0112218452715833
2925.72239853012,-0.000199003794826941,-0.000483583857173982,2.66382843220378e-05,0.00556481300407839,-4.46520794024541e-06,-0.000925327294673985,-0.000142909437617856,0.0111445694377887
2946.01271758903,-0.000196307058883503,-0.000479936820203002,2.62926662165092e-05,0.00552631996504882,-4.40678742071852e-06,-0.000918930212855475,-0.000140946371229334,0.0110678255540322
2966.44375302203,-0.00019364639743896,-0.000476321291084825,2.59512522714299e-05,0.00548809538968113,-4.34909141084788e-06,-0.000912577674072011,-0.000139010287441781,0.0109916099624469
2987.01648071805,-0.000191021340584531,-0.000472736925167917,2.56139992424243e-05,0.00545013736227735,-4.29211203908765e-06,-0.000906269361896077,-0.000137100814925178,0.0109159190302329
3007.73188333398,-0.000188431424190439,-0.000469183382678398,2.52808640947952e-05,0.00541244398163533,-4.23584148690293e-06,-0.000900004962267822,-0.00013521758747139,0.010840749149487
3028.59095034155,-0.000185876189844174,-0.00046566032863889,2.49518040106962e-05,0.00537501336092452,-4.18027198948307e-06,-0.000893784163475227,-0.000133360243923223,0.010766096737035
3049.59467807464,-0.000183355184789138,-0.000462167432788751,2.46267763959467e-05,0.00533784362756277,-4.12539583640805e-06,-0.000887606656134427,-0.000131528428104466,0.0106919582342627
3070.74406977686,-0.000180867961863715,-0.000458704369505728,2.43057388865044e-05,0.00530093292309466,-4.07120537226991e-06,-0.000881472133170267,-0.00012972178875092,0.0106183301069505
3092.04013564946,-0.000178414079440721,-0.000455270817728937,2.39886493546016e-05,0.00526427940307089,-4.01769299725036e-06,-0.000875380289797027,-0.000127939979442377,0.0105452088451072
3113.48389289956,-0.000175993101367292,-0.000451866460883222,2.36754659145611e-05,0.00522788123692904,-3.96485116765642e-06,-0.000869330823499357,-0.000126182658535555,0.0104725909628058
3135.07636578881,-0.000173604596905173,-0.000448490986804802,2.33661469282963e-05,0.00519173660787546,-3.91267239641503e-06,-0.000863323434013386,-0.000124449489097962,0.0104004729980204
3156.8185856822,-0.000171248140671438,-0.000445144087668242,2.30606510105119e-05,0.00515584371276848,-3.86114925352868e-06,-0.000857357823308038,-0.000122740138842691,0.0103288515124635
3178.71159109747,-0.000168923312579627,-0.000441825459914676,2.27589370336095e-05,0.00512020076200269,-3.81027436649267e-06,-0.000851433695566508,-0.000121054280064112,0.0102577230914251
3200.75642775457,-0.000166629697781327,-0.000438534804181309,2.24609641323109e-05,0.00508480597939453,-3.76004042067598e-06,-0.000845550757167955,-0.000119391589574475,0.0101870843436127
3222.9541486257,-0.000164366886608169,-0.000435271825232129,2.21666917080073e-05,0.00504965760206894,-3.71044015966653e-06,-0.00083970871666934,-0.000117751748641377,0.010116931900992
3245.30581398558,-0.000162134474514279,-0.000432036231889854,2.18760794328436e-05,0.00501475388034725,-3.66146638558243e-06,-0.000833907284787476,-0.000116134442926124,0.0100472624186287
3267.81249146208,-0.000159932062019155,-0.000428827736969051,2.15890872535465e-05,0.00498009307763614,-3.61311195935012e-06,-0.000828146174381229,-0.000114539362422925,0.009978072574532
3290.47525608724,-0.000157759254650995,-0.000425646057210444,2.13056753950051e-05,0.0049456734703178,-3.56536980095087e-06,-0.000822425100433914,-0.000112966201398958,0.0099093590694982
3313.29519034861,-0.000155615662890465,-0.000422490913216365,2.10258043636115e-05,0.00491149334764113,-3.51823288963647e-06,-0.000816743780035847,-0.000111414658335255,0.00984111862695596
3336.27338424092,-0.000153500902114919,-0.000419362029387343,2.07494349503716e-05,0.0048775510116141,-3.4716942641156e-06,-0.000811101932367088,-0.000109884435868411,0.00977334799281244
3359.41093531822,-0.000151414592543064,-0.000416259133859799,2.0476528233791e-05,0.00484384477689715,-3.42574702271143e-06,-0.000805499278680326,-0.000108375240733112,0.00970604393530025
3382.70894874623,-0.000149356359180079,-0.000413181958444846,2.02070455825457e-05,0.00481037297069773,-3.38038432349215e-06,-0.000799935542283965,-0.00010688678370546,0.00963920324482573
3406.16853735517,-0.000147325831763187,-0.000410130238568157,1.99409486579447e-05,0.00477713393266579,-3.33559938437473e-06,-0.000794410448525337,-0.000105418779547079,0.0095728227338179
3429.7908216929,-0.000145322644707676,-0.000407103713210894,1.96781994161914e-05,0.00474412601479044,-3.29138548320364e-06,-0.000788923724774115,-0.000103970946950013,0.00950689923657879
3453.57693007845,-0.000143346437053385,-0.000404102124851676,1.94187601104496e-05,0.00471134758129757,-3.24773595780465e-06,-0.000783475100405857,-0.000102543008482376,0.00944142960913434
3477.5279986559,-0.000141396852411636,-0.000401125219409563,1.91625932927241e-05,0.00467879700854851,-3.20464420601553e-06,-0.000778064306785727,-0.000101134690534769,0.00937641072908662
3501.64517144866,-0.000139473538912629,-0.000398172746188058,1.89096618155593e-05,0.00464647268493973,-3.16210368569385e-06,-0.000772691077252375,-9.97457232674373e-05,0.00931183949546692
3525.92960041413,-0.000137576149153297,-0.000395244457820073,1.86599288335629e-05,0.00461437301080345,-3.12010791470305e-06,-0.000767355147101953,-9.83758405581626e-05,0.00924771282858972
3550.38244549867,-0.000135704340145611,-0.000392340110213891,1.84133578047632e-05,0.00458249639830939,-3.0786504708777e-06,-0.000762056253572312,-9.70247799508823e-05,0.00918402766990781
3575.00487469309,-0.00013385777326535,-0.000389459462500053,1.81699124918027e-05,0.00455084127136733,-3.03772499196848e-06,-0.000756794135827324,-9.5692282605019e-05,0.00912078098186815
3599.79806408833,-0.00013203611420133,-0.000386602276979208,1.79295569629761e-05,0.00451940606553073,-2.99732517556813e-06,-0.000751568534941381,-9.43780932455194e-05,0.00905796974776895
3624.76319793175,-0.000130239032905086,-0.000383768319070857,1.7692255593118e-05,0.00448818922790129,-2.95744477901859e-06,-0.000746379193884013,-9.30819601135823e-05,0.00899559097161745
3649.9014686836,-0.000128466203541018,-0.000380957357263022,1.74579730643454e-05,0.00445718921703443,-2.91807761930062e-06,-0.000741225857504688,-9.18036349180769e-05,0.00893364167798886
3675.21407707406,-0.000126717304436991,-0.000378169163062786,1.72266743666604e-05,0.00442640450284571,-2.87921757290623e-06,-0.000736108272517718,-9.05428727876303e-05,0.00887211891188602
3700.7022321605,-0.000124992018035396,-0.00037540351094772,1.69983247984192e-05,0.00439583356651814,-2.84085857569489e-06,-0.000731026187487342,-8.92994322233862e-05,0.00881101973860021
3726.36715138533,-0.000123290030844663,-0.000372660178318154,1.67728899666709e-05,0.00436547490041046,-2.802994622734e-06,-0.000725979352812929,-8.80730750524151e-05,0.00875034124357274
3752.21006063407,-0.000121611033391235,-0.000369938945450301,1.65503357873728e-05,0.00433532700796627,-2.7656197681245e-06,-0.000720967520714336,-8.6863566381776e-05,0.00869008053225756
3778.23219429398,-0.000119954720171994,-0.000367239595450196,1.63306284854853e-05,0.004305388403624,-2.72872812481199e-06,-0.000715990445217387,-8.5670674553211e-05,0.00863023472998464
3804.43479531291,-0.000118320789607146,-0.00036456191420846,1.61137345949531e-05,0.00427565761272788,-2.69231386438437e-06,-0.000711047882139511,-8.44941710984752e-05,0.00857080098182452
3830.81911525882,-0.000116708943993548,-0.000361905690355854,1.58996209585739e-05,0.00424613317143966,-2.65637121685613e-06,-0.000706139589075491,-8.333383069528e-05,0.00851177645245342
3857.3864143794,-0.000115118889458502,-0.000359270715219619,1.56882547277633e-05,0.00421681362665122,-2.62089447044038e-06,-0.000701265325383373,-8.21894311238547e-05,0.00845315832601961
3884.13796166242,-0.000113550335913983,-0.000356656782780588,1.54796033622159e-05,0.00418769753589805,-2.58587797130873e-06,-0.000696424852170476,-8.10607532241045e-05,0.00839494380601036
3911.07503489621,-0.000112002997011336,-0.000354063689631053,1.52736346294701e-05,0.00415878346727353,-2.55131612333994e-06,-0.00069161793227957,-7.99475808533696e-05,0.00833713011512005
3938.19892073078,-0.000110476590096397,-0.000351491234933372,1.50703166043778e-05,0.00413006999934401,-2.51720338785757e-06,-0.000686844330275141,-7.88497008447644e-05,0.00827971449511887
3965.51091473924,-0.000108970836165079,-0.000348939220379315,1.48696176684855e-05,0.00410155572106484,-2.48353428335749e-06,-0.000682103812429828,-7.77669029661e-05,0.00822269420672278
3993.0123214797,-0.000107485459819394,-0.000346407450150116,1.4671506509328e-05,0.00407323923169696,-2.45030338522532e-06,-0.000677396146710943,-7.66989798793718e-05,0.00816606652946387
4020.70445455755,-0.000106020189223918,-0.000343895730877235,1.44759521196405e-05,0.00404511914072456,-2.41750532544474e-06,-0.000672721102767151,-7.56457271008139e-05,0.0081098287615621
4048.58863668828,-0.000104574756062694,-0.000341403871603813,1.42829237964906e-05,0.00401719406777329,-2.38513479229675e-06,-0.000668078451915251,-7.46069429615027e-05,0.00805397821979741
4076.66619976054,-0.00010314889549658,-0.000338931683746804,1.40923911403364e-05,0.00398946264252944,-2.35318653005067e-06,-0.000663467967127094,-7.35824285685114e-05,0.0079985122393831
4104.93848489989,-0.000101742346121029,-0.000336478981059767,1.39043240540099e-05,0.0039619235046597,-2.32165533864697e-06,-0.000658889423016602,-7.2571987766599e-05,0.00794342817383973
4133.40684253274,-0.0001003548499243,-0.000334045579596331,1.37186927416336e-05,0.00393457530373188,-2.29053607337274e-06,-0.000654342595826933,-7.15754271004347e-05,0.00788872339487019
4162.07263245095,-9.8986152246107e-05,-0.000331631297674284,1.35354677074693e-05,0.00390741669913616,-2.25982364452984e-06,-0.000649827263417737,-7.05925557773411e-05,0.00783439529223523
4190.93722387671,-9.76360017366986e-05,-0.000329235955840307,1.33546197547053e-05,0.0038804463600073,-2.22951301709646e-06,-0.00064534320525255,-6.96231856305596e-05,0.0077804412736302
4220.00199552799,-9.6304150316356e-05,-0.000326859376835319,1.3176119984182e-05,0.00385366296514739,-2.19959921038216e-06,-0.000640890202386283,-6.86671310830188e-05,0.00772685876456234
4249.26833568435,-9.49903531353269e-05,-0.000324501385560442,1.29999397930617e-05,0.00382706520294947,-2.17007729767712e-06,-0.000636468037452848,-6.77242091116108e-05,0.00767364520822911
4278.73764225332,-9.36943685341741e-05,-0.000322161809043554,1.28260508734426e-05,0.00380065177132174,-2.14094240589555e-06,-0.000632076494652873,-6.67942392119577e-05,0.00762079806539709
4308.41132283705,-9.24159580045502e-05,-0.000319840476406437,1.26544252109219e-05,0.00377442137761262,-2.112189715214e-06,-0.000627715359741547,-6.58770433636702e-05,0.00756831481428199
4338.2907947997,-9.1154886150384e-05,-0.000317537218832494,1.24850350831089e-05,0.00374837273853633,-2.08381445870464e-06,-0.00062338442001656,-6.49724459960838e-05,0.00751619295042918
4368.37748533501,-8.99109206494886e-05,-0.000315251869535046,1.23178530580913e-05,0.00372250458009935,-2.05581192196396e-06,-0.000619083464306171,-6.40802739544738e-05,0.00746442998659528
4398.67283153455,-8.86838322155746e-05,-0.000312984263726168,1.2152851992857e-05,0.00369681563752741,-2.02817744273713e-06,-0.000614812282957356,-6.32003564667335e-05,0.00741302345263032
4429.17828045629,-8.74733945606809e-05,-0.000310734238586088,1.19900050316745e-05,0.00367130465519324,-2.00090641053843e-06,-0.000610570667824093,-6.2332525110519e-05,0.00736197089536091
4459.89528919383,-8.62793843580046e-05,-0.000308501633233108,1.18292856044315e-05,0.00364597038654492,-1.97399426626793e-06,-0.000606358412255724,-6.14766137808436e-05,0.00731126987847394
4490.82532494586,-8.51015812051428e-05,-0.000306286288694062,1.16706674249386e-05,0.003620811594035,-1.94743650182479e-06,-0.000602175311085448,-6.06324586581266e-05,0.00726091798240141
4521.96986508636,-8.39397675877287e-05,-0.000304088047875287,1.15141244891942e-05,0.00359582704905013,-1.92122865971733e-06,-0.000598021160618889,-5.97998981766788e-05,0.00721091280420563
4553.33039723509,-8.27937288434735e-05,-0.000301906755534104,1.13596310736184e-05,0.00357101553184145,-1.89536633267038e-06,-0.000593895758622794,-5.89787729936293e-05,0.00716125195746558
4584.90841932869,-8.16632531265973e-05,-0.00029974225825079,1.12071617332534e-05,0.00354637583145552,-1.86984516322985e-06,-0.000589798904313804,-5.81689259582782e-05,0.00711193307216375
4616.7054396922,-8.0548131372659e-05,-0.000297594404401052,1.10566912999357e-05,0.003521906745666,-1.844660843365e-06,-0.000585730398347349,-5.73702020818772e-05,0.00706295379457393
4648.72297711114,-7.94481572637715e-05,-0.00029546304412897,1.09081948804387e-05,0.00349760708090581,-1.81980911406854e-06,-0.000581690042806623,-5.65824485078249e-05,0.00701431178714958
4680.96256090399,-7.83631271942081e-05,-0.000293348029320422,1.07616478545908e-05,0.00347347565220001,-1.79528576495486e-06,-0.000577677641191669,-5.58055144822781e-05,0.0069660047284132
4713.42573099534,-7.72928402363889e-05,-0.00029124921357696,1.0617025873368e-05,0.00344951128309925,-1.77108663385649e-06,-0.00057369299840855,-5.50392513251659e-05,0.00691803031284617
4746.11403798933,-7.62370981072534e-05,-0.000289166452190154,1.04743048569638e-05,0.00342571280561383,-1.74720760641919e-06,-0.000569735920758624,-5.42835124016092e-05,0.00687038625077959
4779.02904324382,-7.51957051350058e-05,-0.000287099602116372,1.03334609928384e-05,0.00340207906014833,-1.72364461569561e-06,-0.000565806215927906,-5.35381530937307e-05,0.0068230702682856
4812.17231894485,-7.41684682262415e-05,-0.000285048521952009,1.01944707337484e-05,0.00337860889543689,-1.70039364173809e-06,-0.000561903692976532,-5.28030307728599e-05,0.00677608010706974
4845.54544818188,-7.31551968334398e-05,-0.000283013071909132,1.0057310795757e-05,0.00335530116847893,-1.6774507111903e-06,-0.000558028162328303,-5.20780047721177e-05,0.0067294135243637
4879.1500250233,-7.21557029228308e-05,-0.000280993113791563,9.92195815622906e-06,0.00333215474447566,-1.65481189687843e-06,-0.000554179435760328,-5.13629363593841e-05,0.00668306829281909
4912.98765459257,-7.11698009426266e-05,-0.000278988510971367,9.78839005181043e-06,0.00330916849676698,-1.63247331740168e-06,-0.000550357326392761,-5.06576887106378e-05,0.00663704220040178
4947.05995314498,-7.01973077916138e-05,-0.000276999128365749,9.65658397639244e-06,0.00328634130676898,-1.61043113672247e-06,-0.000546561648678614,-4.9962126883664e-05,0.00659133305028692
4981.36854814472,-6.92380427881101e-05,-0.000275024832414354,9.52651767906489e-06,0.00326367206391206,-1.58868156375643e-06,-0.000542792218393677,-4.92761177921277e-05,0.00654593866075484
5015.91507834275,-6.82918276392732e-05,-0.000273065491056955,9.39816916205662e-06,0.00324115966557955,-1.5672208519623e-06,-0.0005390488526265,-4.85995301800029e-05,0.00650085686508743
5050.70119385496,-6.73584864107684e-05,-0.000271120973711534,9.2715166786666e-06,0.00321880301704684,-1.54604529893204e-06,-0.000535331369768489,-4.79322345963581e-05,0.00645608551146546
5085.72855624109,-6.64378454967821e-05,-0.00026919115125273,9.14653873118522e-06,0.00319660103142112,-1.5251512459811e-06,-0.000531639589504064,-4.7274103370487e-05,0.00641162246286635
5120.998838584,-6.55297335903883e-05,-0.000267275895990667,9.02321406880827e-06,0.00317455262958165,-1.50453507773911e-06,-0.000527973332800924,-4.66250105873871e-05,0.00636746559696289
5156.51372556965,-6.46339816542542e-05,-0.000265375081650146,8.90152168554336e-06,0.00315265674012042,-1.48419322174112e-06,-0.000524332421900365,-4.59848320635724e-05,0.00632361280602239
5192.27491356752,-6.37504228916931e-05,-0.000263488583350192,8.78144081811114e-06,0.00313091229928355,-1.46412214801944e-06,-0.00052071668030772,-4.5353445323225e-05,0.00628006199680677
5228.28411071172,-6.28788927180502e-05,-0.000261616277583951,8.66295094384094e-06,0.00310931825091299,-1.44431836869628e-06,-0.000517125932782841,-4.47307295746724e-05,0.00623681109047306
5264.54303698245,-6.20192287324287e-05,-0.000259758042198941,8.54603177856316e-06,0.0030878735463889,-1.42477843757729e-06,-0.000513560005330694,-4.41165656871929e-05,0.00619385802247485
5301.0534242883,-6.11712706897444e-05,-0.000257913756377628,8.43066327449809e-06,0.00306657714457241,-1.40549894974606e-06,-0.000510018725192014,-4.35108361681386e-05,0.00615120074246415
5337.81701654885,-6.03348604731122e-05,-0.000256083300618344,8.31682561814302e-06,0.00304542801174894,-1.38647654115982e-06,-0.000506501920834049,-4.29134251403771e-05,0.00610883721419414
5374.83556977805,-5.95098420665569e-05,-0.000254266556716532,8.20449922815786e-06,0.00302442512157198,-1.36770788824621e-06,-0.000503009421941376,-4.23242183200426e-05,0.00606676541542239
5412.11085216805,-5.86960615280487e-05,-0.000252463407746307,8.09366475325045e-06,0.00300356745500742,-1.34918970750148e-06,-0.000499541059406805,-4.17431029945965e-05,0.00602498333781494
5449.64464417369,-5.78933669628565e-05,-0.000250673738042327,7.98430307006204e-06,0.00298285400027825,-1.33091875509003e-06,-0.000496096665322343,-4.11699680011881e-05,0.00598348898685078
5487.43873859751,-5.71016084972212e-05,-0.000248897433181989,7.87639528105418e-06,0.00296228375280986,-1.31289182644552e-06,-0.000492676072970257,-4.06047037053177e-05,0.00594228038172724
5525.49494067543,-5.63206382523394e-05,-0.000247134379967908,7.76992271239698e-06,0.00294185571517571,-1.29510575587342e-06,-0.000489279116814187,-4.00472019797908e-05,0.00590135555526581
5563.81506816292,-5.55503103186615e-05,-0.000245384466410711,7.6648669118604e-06,0.00292156889704354,-1.27755741615538e-06,-0.000485905632490352,-3.94973561839662e-05,0.00586071255381876
5602.40095142188,-5.47904807304936e-05,-0.000243647581712108,7.56120964670824e-06,0.00290142231512197,-1.26024371815519e-06,-0.000482555456798821,-3.89550611432874e-05,0.00582034943717626
5641.254433508,-5.40410074409087e-05,-0.000241923616248265,7.45893290159641e-06,0.00288141499310765,-1.24316161042673e-06,-0.000479228427694866,-3.84202131290999e-05,0.00578026427847428
5680.37737025889,-5.33017502969554e-05,-0.000240212461553441,7.3580188764752e-06,0.00286154596163273,-1.22630807882358e-06,-0.000475924384280368,-3.78927098387439e-05,0.00574045516410295
5719.77163038263,-5.25725710151685e-05,-0.00023851401030392,7.25844998449705e-06,0.00284181425821295,-1.20968014611078e-06,-0.000472643166795319,-3.73724503759245e-05,0.00570092019361568
5759.43909554709,-5.18533331573729e-05,-0.000236828156302199,7.16020884992933e-06,0.00282221892719598,-1.19327487157851e-06,-0.000469384616609375,-3.68593352313511e-05,0.00566165747963882
5799.38166046975,-5.11439021067828e-05,-0.00023515479446145,7.06327830607395e-06,0.00280275901971037,-1.17708935065783e-06,-0.000466148576213493,-3.63532662636448e-05,0.00562266514778198
5839.60123300829,-5.04441450443879e-05,-0.000233493820790243,6.96764139319289e-06,0.00278343359361479,-1.16112071453862e-06,-0.000462934889211623,-3.58541466805091e-05,0.00558394133654892
5880.09973425162,-4.97539309256293e-05,-0.000231845132377522,6.8732813564415e-06,0.00276424171344782,-1.14536612978962e-06,-0.000459743400312484,-3.53618810201607e-05,0.00554548419724909
5920.87909861173,-4.90731304573561e-05,-0.000230208627377838,6.78018164380892e-06,0.00274518245037807,-1.12982279798082e-06,-0.000456573955321396,-3.48763751330157e-05,0.00550729189390972
5961.94127391598,-4.84016160750667e-05,-0.000228584204996822,6.6883259040669e-06,0.00272625488215477,-1.11448795530801e-06,-0.000453426401132188,-3.43975361636303e-05,0.00546936260318859
6003.28822150028,-4.7739261920424e-05,-0.00022697176547691,6.59769798472677e-06,0.00270745809305875,-1.09935887221974e-06,-0.00045030058571916,-3.39252725328879e-05,0.00543169451428728
6044.92191630263,-4.70859438190498e-05,-0.0002253712100833,6.50828193000571e-06,0.00268879117385385,-1.08443285304668e-06,-0.00044719635812913,-3.34594939204351e-05,0.00539428582886513
6086.84434695757,-4.64415392585879e-05,-0.000223782441090141,6.42006197880186e-06,0.00267025322173874,-1.06970723563329e-06,-0.000444113568473524,-3.30001112473574e-05,0.00535713476095367
6129.05751589107,-4.58059273670395e-05,-0.000222205361766964,6.33302256267946e-06,0.00265184334029911,-1.05517939097204e-06,-0.000441052067920553,-3.25470366590958e-05,0.00532023953687177
6171.56343941625,-4.51789888913624e-05,-0.000220639876365317,6.24714830386362e-06,0.00263356063946027,-1.04084672284009e-06,-0.000438011708687433,-3.21001835085973e-05,0.00528359839514122
6214.36414782964,-4.45606061763373e-05,-0.000219085890105647,6.1624240132459e-06,0.00261540423544019,-1.0267066674385e-06,-0.000434992344032684,-3.16594663396995e-05,0.005247209586403
6257.46168550822,-4.39506631436905e-05,-0.000217543309164374,6.07883468839987e-06,0.00259737325070285,-1.01275669303394e-06,-0.000431993828248481,-3.12248008707431e-05,0.00521107137333406
6300.85811100697,-4.33490452714798e-05,-0.000216012040661204,5.99636551160837e-06,0.00257946681391204,-9.98994299603097e-07,-0.000429016016653081,-3.07961039784114e-05,0.00517518203056471
6344.55549715731,-4.27556395737308e-05,-0.000214491992646625,5.91500184790139e-06,0.00256168405988552,-9.8541701847954e-07,-0.000426058765583287,-3.03732936817913e-05,0.00513953984459648
6388.55593116599,-4.21703345803297e-05,-0.00021298307408963,5.83472924310586e-06,0.00254402412954957,-9.72022412003379e-07,-0.000423121932387005,-2.9956289126656e-05,0.00510414311372074
6432.86151471492,-4.15930203171628e-05,-0.00021148519486563,5.75553342190684e-06,0.00252648616989384,-9.58808073173443e-07,-0.000420205375415827,-2.95450105699625e-05,0.00506899014793759
6477.47436406142,-4.10235882865062e-05,-0.000209998265744572,5.67740028592119e-06,0.00250906933392673,-9.45771625302248e-07,-0.000417308954017709,-2.91393793645643e-05,0.00503407926887557
6522.39661013943,-4.04619314476559e-05,-0.000208522198379242,5.60031591178281e-06,0.00249177278063095,-9.32910721673567e-07,-0.000414432528529673,-2.87393179441339e-05,0.00499940880971176
6567.63039866118,-3.99079441978039e-05,-0.000207056905293773,5.52426654924104e-06,0.0024745956749196,-9.20223045202798e-07,-0.000411575960270597,-2.83447498082941e-05,0.00496497711509249
6613.17789021977,-3.93615223531496e-05,-0.000205602299872325,5.44923861927103e-06,0.00245753718759249,-9.07706308100001e-07,-0.000408739111534041,-2.7955599507953e-05,0.00493078254105454
6659.0412603923,-3.88225631302502e-05,-0.000204158296347965,5.3752187121975e-06,0.00244059649529291,-8.95358251535728e-07,-0.000405921845581149,-2.75717926308426e-05,0.00489682345494696
6705.22269984387,-3.82909651276027e-05,-0.00020272480979171,5.30219358583096e-06,0.00242377278046469,-8.83176645309556e-07,-0.000403124026633588,-2.71932557872556e-05,0.00486309823535332
6751.7244144321,-3.77666283074592e-05,-0.000201301756101767,5.2301501636176e-06,0.00240706523130962,-8.71159287521461e-07,-0.000400345519866565,-2.68199165959796e-05,0.0048296052720146
6798.54862531261,-3.72494539778685e-05,-0.00019988905199293,5.15907553280209e-06,0.00239047304174526,-8.59304004245896e-07,-0.000397586191401879,-2.64517036704247e-05,0.00479634296575251
6845.69756904508,-3.67393447749448e-05,-0.000198486614986157,5.08895694260404e-06,0.00237399541136301,-8.47608649208707e-07,-0.000394845908301041,-2.60885466049419e-05,0.00476330972839337
6893.17349769999,-3.62362046453606e-05,-0.000197094363398316,5.01978180240808e-06,0.00235763154538661,-8.36071103466836e-07,-0.000392124538558451,-2.57303759613317e-05,0.00473050398269259
6940.97867896634,-3.5739938829058e-05,-0.00019571221633209,4.95153767996736e-06,0.00234138065463092,-8.24689275090784e-07,-0.000389421951094613,-2.53771232555362e-05,0.00469792416225947
6989.11539625983,-3.52504538421815e-05,-0.000194340093666049,4.8842122996213e-06,0.00232524195546101,-8.13461098849946e-07,-0.000386738015749423,-2.50287209445169e-05,0.00466556871148276
7037.58594883204,-3.47676574602234e-05,-0.000192977916044877,4.8177935405268e-06,0.00230921466975167,-8.02384535900677e-07,-0.000384072603275497,-2.46851024133114e-05,0.00463343608545651
7086.39265188015,-3.42914587013857e-05,-0.000191625604869759,4.75226943490381e-06,0.00229329802484713,-7.91457573477238e-07,-0.000381425585331559,-2.43462019622705e-05,0.00460152474990659
7135.53783665763,-3.38217678101499e-05,-0.000190283082288919,4.68762816629481e-06,0.00227749125352121,-7.80678224585495e-07,-0.000378796834475872,-2.40119547944684e-05,0.00456983318111756
7185.02385058548,-3.33584962410586e-05,-0.00018895027118831,4.6238580678385e-06,0.00226179359393771,-7.70044527699467e-07,-0.000376186224159737,-2.36822970032894e-05,0.00453835986586024
7234.85305736446,-3.29015566426998e-05,-0.000187627095182445,4.56094762055766e-06,0.00224620428961115,-7.59554546460651e-07,-0.00037359362872102,-2.33571655601832e-05,0.00450710330131952
7285.02783708791,-3.2450862841898e-05,-0.000186313478605388,4.49888545166145e-06,0.00223072258936784,-7.49206369380193e-07,-0.000371018923377757,-2.30364983025905e-05,0.00447606199502295
7335.55058635552,-3.20063298281039e-05,-0.000185009346501869,4.43766033286188e-06,0.00221534774730721,-7.3899810954381e-07,-0.000368461984221782,-2.27202339220335e-05,0.00444523446476952
7386.42371838768,-3.15678737379861e-05,-0.000183714624618556,4.37726117870479e-06,0.00220007902276351,-7.28927904319572e-07,-0.000365922688212426,-2.24083119523719e-05,0.00441461923855921
7437.64966314091,-3.1135411840216e-05,-0.000182429239395449,4.31767704491516e-06,0.00218491568026774,-7.18993915068422e-07,-0.000363400913170252,-2.21006727582194e-05,0.0043842148545228
7489.23086742376,-3.07088625204506e-05,-0.000181153117957423,4.25889712675693e-06,0.00216985698950998,-7.09194326857522e-07,-0.000360896537770848,-2.1797257523521e-05,0.00435401986085228
7541.16979501382,-3.02881452665048e-05,-0.000179886188105892,4.20091075740728e-06,0.00215490222530189,-6.99527348176369e-07,-0.000358409441538659,-2.14980082402861e-05,0.00432403281573172
7593.46892677528,-2.98731806537151e-05,-0.000178628378310611,4.1437074063454e-06,0.00214005066753967,-6.89991210655688e-07,-0.000355939504840878,-2.12028676974785e-05,0.00429425228726857
7646.13076077758,-2.94638903304894e-05,-0.000177379617701599,4.08727667775573e-06,0.00212530160116712,-6.80584168789079e-07,-0.000353486608881374,-2.09117794700577e-05,0.00426467685342546
7699.15781241454,-2.90601970040446e-05,-0.000176139836061198,4.03160830894581e-06,0.00211065431613918,-6.71304499657458e-07,-0.000351050635694675,-2.06246879081725e-05,0.00423530510195252
7752.55261452471,-2.86620244263246e-05,-0.000174908963816239,3.97669216877849e-06,0.0020961081073856,-6.62150502656199e-07,-0.00034863146813999,-2.03415381265025e-05,0.00420613563032002
7806.31771751215,-2.82692973801015e-05,-0.000173686932030346,3.92251825611877e-06,0.00208166227477502,-6.53120499225062e-07,-0.000346228989895286,-2.00622759937471e-05,0.00417716704565162
7860.45568946846,-2.78819416652541e-05,-0.000172473672396347,3.86907669829507e-06,0.00206731612307921,-6.4421283258081e-07,-0.000343843085451404,-1.97868481222583e-05,0.00414839796465799
7914.96911629522,-2.74998840852249e-05,-0.000171269117228808,3.81635774957505e-06,0.00205306896193775,-6.35425867452582e-07,-0.000341473640106224,-1.95152018578172e-05,0.00411982701357095
7969.86060182773,-2.71230524336495e-05,-0.000170073199456678,3.76435178965569e-06,0.00203892010582278,-6.26757989819928e-07,-0.000339120539958872,-1.92472852695506e-05,0.00409145282807795
8025.13276795918,-2.67513754811607e-05,-0.000168885852616049,3.71304932216814e-06,0.00202486887400425,-6.18207606653587e-07,-0.000336783671903974,-1.89830471399871e-05,0.00406327405325715
8080.78825476607,-2.63847829623612e-05,-0.000167707010843023,3.66244097319661e-06,0.00201091459051522,-6.097731456589e-07,-0.000334462923625955,-1.87224369552489e-05,0.00403528934351279
8136.82972063413,-2.60232055629667e-05,-0.000166536608866695,3.61251748981193e-06,0.00199705658411763,-6.01453055021931e-07,-0.000332158183593379,-1.84654048953804e-05,0.00400749736251115
8193.25984238548,-2.56665749071128e-05,-0.000165374582002232,3.5632697386192e-06,0.00198329418826819,-5.93245803158201e-07,-0.000329869341053331,-1.82119018248078e-05,0.0039798967831168
8250.08131540631,-2.53148235448293e-05,-0.000164220866144068,3.51468870432e-06,0.00196962674108461,-5.85149878464112e-07,-0.000327596286025852,-1.79618792829323e-05,0.00395248628732945
8307.29685377578,-2.49678849396738e-05,-0.000163075397759193,3.46676548828853e-06,0.00195605358531206,-5.7716378907094e-07,-0.000325338909298399,-1.77152894748506e-05,0.00392526456622104
8364.90919039556,-2.46256934565283e-05,-0.000161938113880547,3.4194913071623e-06,0.00194257406828993,-5.69286062601496e-07,-0.000323097102420368,-1.74720852622051e-05,0.00389823031987346
8422.92107712043,-2.42881843495524e-05,-0.000160808952100512,3.3728574914466e-06,0.00192918754191877,-5.61515245929328e-07,-0.000320870757697639,-1.72322201541585e-05,0.00387138225731656
8481.33528488963,-2.39552937502943e-05,-0.000159687850564507,3.3268554841335e-06,0.0019158933626276,-5.5384990494056e-07,-0.00031865976818718,-1.69956482984937e-05,0.00384471909646661
8540.15460385936,-2.36269586559553e-05,-0.000158574747964666,3.28147683933441e-06,0.00190269089134131,-5.46288624298236e-07,-0.000316464027691677,-1.67623244728351e-05,0.00381823956406525
8599.38184353586,-2.33031169178084e-05,-0.000157469583533627,3.23671322092705e-06,0.00188957949344853,-5.38830007209264e-07,-0.000314283430754217,-1.65322040759921e-05,0.00379194239561875
8659.01983290984,-2.29837072297657e-05,-0.000156372297038398,3.19255640121602e-06,0.00187655853876951,-5.31472675193854e-07,-0.000312117872653003,-1.63052431194204e-05,0.00376582633533778
8719.07142059136,-2.26686691170976e-05,-0.000155282828774322,3.14899825960747e-06,0.00186362740152443,-5.24215267857498e-07,-0.000309967249396115,-1.60813982188019e-05,0.00373989013607757
8779.53947494611,-2.23579429252959e-05,-0.000154201119559132,3.1060307812973e-06,0.00185078546030187,-5.17056442665426e-07,-0.000307831457716304,-1.58606265857396e-05,0.0037141325592784
8840.42688423224,-2.20514698090856e-05,-0.000153127110727089,3.06364605597332e-06,0.00183803209802752,-5.09994874719563e-07,-0.000305710395065833,-1.56428860195672e-05,0.00368855237490664
8901.73655673848,-2.17491917215772e-05,-0.00015206074412321,3.02183627653087e-06,0.00182536670193316,-5.03029256537927e-07,-0.000303603959611351,-1.54281348992716e-05,0.00366314836139606
8963.47142092288,-2.14510514035632e-05,-0.000151001962097578,2.98059373780214e-06,0.00181278866352585,-4.96158297836495e-07,-0.00030151205022881,-1.52163321755259e-05,0.00363791930558966
9025.63442555289,-2.11569923729529e-05,-0.000149950707499735,2.9399108352988e-06,0.00180029737855739,-4.89380725313479e-07,-0.000299434566498417,-1.50074373628329e-05,0.00361286400268177
9088.228539846,-2.08669589143471e-05,-0.000148906923673159,2.89978006396831e-06,0.00178789224699398,-4.82695282436026e-07,-0.000297371408699626,-1.48014105317759e-05,0.00358798125616068
9151.25675361174,-2.05808960687473e-05,-0.000147870554449822,2.86019401696327e-06,0.00177557267298609,-4.7610072922929e-07,-0.000295322477806165,-1.45982123013765e-05,0.00356326987775155
9214.72207739435,-2.02987496234023e-05,-0.000146841544144822,2.82114538442423e-06,0.00176333806483865,-4.69595842067905e-07,-0.000293287675481107,-1.43978038315578e-05,0.00353872868735979
9278.6275426167,-2.00204661017857e-05,-0.000145819837551095,2.78262695227557e-06,0.00175118783498136,-4.63179413469786e-07,-0.000291266904071968,-1.42001468157102e-05,0.0035143565130148
9342.97620172496,-1.97459927537064e-05,-0.000144805379934207,2.7446316010345e-06,0.00173912139993932,-4.56850251892283e-07,-0.000289260066605853,-1.40052034733613e-05,0.00349015219081407
9407.77112833456,-1.94752775455484e-05,-0.000143798117027212,2.70715230463297e-06,0.00172713818030375,-4.50607181530637e-07,-0.000287267066784626,-1.38129365429448e-05,0.00346611456486773
9473.0154173768,-1.9208269150639e-05,-0.000142797995025595,2.67018212925268e-06,0.00171523760070312,-4.44449042118762e-07,-0.000285287808980129,-1.362330927467e-05,0.0034422424872434
9538.71218524687,-1.89449169397439e-05,-0.000141804960582276,2.63371423217263e-06,0.00170341908977434,-4.38374688732268e-07,-0.000283322198229428,-1.3436285423489e-05,0.00341853481791146
9604.86456995261,-1.86851709716867e-05,-0.00014081896080269,2.59774186062965e-06,0.0016916820801342,-4.32382991593779e-07,-0.000281370140230096,-1.32518292421606e-05,0.00339499042469072
9671.47573126437,-1.84289819840927e-05,-0.000139839943239942,2.56225835069144e-06,0.00168002600835114,-4.26472835880476e-07,-0.000279431541335533,-1.30699054744101e-05,0.00337160818319443
9738.54885086602,-1.81763013842543e-05,-0.000138867855890019,2.52725712614214e-06,0.00166845031491701,-4.20643121533861e-07,-0.00027750630855032,-1.28904793481823e-05,0.00334838697677664
9806.08713250685,-1.79270812401167e-05,-0.00013790264718708,2.49273169738045e-06,0.00165695444421931,-4.14892763071733e-07,-0.000275594349525612,-1.27135165689881e-05,0.00332532569647897
9874.09380215466,-1.76812742713825e-05,-0.000136944265998804,2.45867566032998e-06,0.0016455378445134,-4.09220689402341e-07,-0.000273695572554553,-1.25389833133423e-05,0.00330242324097773
9942.57210814976,-1.74388338407343e-05,-0.000135992661621812,2.425082695362e-06,0.00163419996789508,-4.0362584364071e-07,-0.000271809886567739,-1.23668462222915e-05,0.00327967851653142
10011.5253213603,-1.71997139451721e-05,-0.000135047783777141,2.39194656623019e-06,0.00162294027027327,-3.98107182927095e-07,-0.000269937201128708,-1.21970723950315e-05,0.00325709043692851
10080.9567353381,-1.69638692074665e-05,-0.000134109582605797,2.35926111901762e-06,0.00161175821134302,-3.92663678247586e-07,-0.000268077426429463,-1.20296293826119e-05,0.00323465792343572
10150.8696664767,-1.67312548677234e-05,-0.000133178008664351,2.32702028109565e-06,0.00160065325455855,-3.87294314256798e-07,-0.000266230473286029,-1.18644851817276e-05,0.00321237990474652
10221.267454169,-1.65018267750617e-05,-0.000132253012920613,2.29521806009463e-06,0.00158962486710666,-3.81998089102665e-07,-0.000264396253134048,-1.17016082285957e-05,0.00319025531693007
10292.1534609671,-1.62755413794001e-05,-0.000131334546749352,2.26384854288649e-06,0.00157867251988022,-3.76774014253288e-07,-0.000262574678024394,-1.15409673929167e-05,0.00316828310338044
10363.5310727429,-1.60523557233532e-05,-0.000130422561928087,2.23290589457897e-06,0.00156779568745193,-3.71621114325845e-07,-0.000260765660618838,-1.13825319719182e-05,0.00314646221476629
10435.4036988501,-1.58322274342348e-05,-0.000129517010632924,2.20238435752138e-06,0.00155699384804823,-3.66538426917524e-07,-0.000258969114185728,-1.12262716844811e-05,0.00312479160898072
10507.7747722864,-1.56151147161671e-05,-0.000128617845434458,2.17227825032193e-06,0.00154626648352344,-3.61525002438462e-07,-0.00025718495259571,-1.10721566653467e-05,0.00310327025109166
10580.647749858,-1.54009763422944e-05,-0.000127725019293727,2.1425819668764e-06,0.00153561307933408,-3.56579903946689e-07,-0.000255413090317482,-1.09201574594024e-05,0.00308189711329246
10654.0261123446,-1.5189771647101e-05,-0.000126838485558223,2.11328997540807e-06,0.00152503312451334,-3.51702206985032e-07,-0.000253653442413573,-1.07702450160474e-05,0.00306067117485289
10727.9133646656,-1.49814605188297e-05,-0.000125958197957955,2.0843968175189e-06,0.00151452611164582,-3.46890999419975e-07,-0.000251905924536159,-1.06223906836348e-05,0.00303959142207042
10802.3130360475,-1.4776003392002e-05,-0.000125084110601565,2.05589710725173e-06,0.00150409153684239,-3.4214538128246e-07,-0.000250170452922903,-1.04765662039907e-05,0.00301865684822192
10877.2286801926,-1.45733612400372e-05,-0.0001242161779725,2.02778553016352e-06,0.00149372889971526,-3.37464464610589e-07,-0.000248446944392834,-1.0332743707008e-05,0.00299786645351557
10952.6638754485,-1.43734955679702e-05,-0.000123354354925227,2.00005684240946e-06,0.00148343770335326,-3.32847373294238e-07,-0.00024673531634225,-1.01908957053158e-05,0.00297721924504325
11028.6222249794,-1.41763684052649e-05,-0.000122498596681509,1.9727058698378e-06,0.00147321745429724,-3.28293242921536e-07,-0.000245035486740652,-1.00509950890206e-05,0.0029567142367331
11105.1073569377,-1.39819422987251e-05,-0.000121648858826721,1.94572750709553e-06,0.00146306766251573,-3.23801220627208e-07,-0.000243347374126712,-9.91301512052065e-06,0.00293635044930256
11182.1229246378,-1.37901803054976e-05,-0.000120805097306221,1.91911671674442e-06,0.00145298784138071,-3.19370464942757e-07,-0.000241670897604264,-9.77692942939159e-06,0.00291612691021156
11259.6726067303,-1.36010459861705e-05,-0.000119967268421767,1.8928685283878e-06,0.00144297750764359,-3.15000145648466e-07,-0.000240005976838328,-9.64271200734218e-06,0.00289604265361623
11337.7601073777,-1.34145033979616e-05,-0.000119135328827977,1.86697803780751e-06,0.0014330361814114,-3.10689443627196e-07,-0.000238352532051166,-9.51033720323927e-06,0.00287609672032274
11416.3891564316,-1.32305170879996e-05,-0.000118309235528847,1.84144040611126e-06,0.0014231633861231,-3.06437550719989e-07,-0.00023671048401836,-9.37977971820163e-06,0.00285628815774159
11495.5635096105,-1.30490520866927e-05,-0.000117488945874299,1.81625085889017e-06,0.00141335864852604,-3.02243669583405e-07,-0.000235079754064924,-9.25101460076061e-06,0.00283661601984214
11575.2869486794,-1.28700739011874e-05,-0.000116674417556786,1.79140468538634e-06,0.00140362149865275,-2.98107013548632e-07,-0.000233460264061442,-9.12401724208799e-06,0.0028170793671075
11655.5632816306,-1.26935485089136e-05,-0.000115865608607935,1.7668972376705e-06,0.00139395146979767,-2.94026806482309e-07,-0.000231851936420236,-8.99876337128878e-06,0.00279767726648968
11736.3963428651,-1.25194423512164e-05,-0.000115062477395236,1.74272392982947e-06,0.00138434809849427,-2.90002282649074e-07,-0.000230254694091559,-8.8752290507593e-06,0.00277840879136511
11817.7899933763,-1.23477223270727e-05,-0.000114264982618774,1.7188802371635e-06,0.00137481092449216,-2.86032686575785e-07,-0.000228668460559818,-8.75339067160857e-06,0.00275927302149039
11899.7481209338,-1.21783557868917e-05,-0.000113473083308,1.69536169539322e-06,0.00136533949073451,-2.82117272917434e-07,-0.000227093159839828,-8.63322494914318e-06,0.00274026904295842
11982.2746402699,-1.20113105263983e-05,-0.000112686738818543,1.67216389987625e-06,0.00135593334333553,-2.78255306324706e-07,-0.000225528716473079,-8.51470891841354e-06,0.00272139594815477
12065.3734932659,-1.18465547805985e-05,-0.000111905908829071,1.64928250483333e-06,0.00134659203155817,-2.74446061313183e-07,-0.000223975055524054,-8.39781992982214e-06,0.00270265283571441
12149.0486491407,-1.16840572178252e-05,-0.000111130553338181,1.62671322258377e-06,0.00133731510779199,-2.70688822134165e-07,-0.000222432102576548,-8.28253564479142e-06,0.00268403881047864
12233.3041046402,-1.15237869338639e-05,-0.000110360632661332,1.60445182279034e-06,0.00132810212753116,-2.669828826471e-07,-0.000220899783730032,-8.16883403149182e-06,0.00266555298345248
12318.1438842285,-1.13657134461569e-05,-0.000109596107427823,1.58249413171324e-06,0.00131895264935259,-2.6332754619359e-07,-0.000219378025596038,-8.05669336062799e-06,0.00264719447176213
12403.5720402798,-1.12098066880851e-05,-0.000108836938577798,1.5608360314733e-06,0.00130986623489436,-2.59722125472984e-07,-0.000217866755294565,-7.94609220128348e-06,0.00262896239861296
12489.5926532723,-1.10560370033263e-05,-0.000108083087359297,1.53947345932415e-06,0.00130084244883411,-2.56165942419501e-07,-0.000216365900450519,-7.83700941682195e-06,0.00261085589324757
12576.2098319827,-1.09043751402898e-05,-0.000107334515325342,1.51840240693333e-06,0.00129188085886776,-2.52658328080904e-07,-0.000214875389190173,-7.72942416084531e-06,0.00259287409090435
12663.427713683,-1.07547922466241e-05,-0.000106591184331057,1.49761891967222e-06,0.00128298103568826,-2.49198622498684e-07,-0.000213395150137657,-7.62331587320685e-06,0.00257501613277609
12751.2504643373,-1.06072598637999e-05,-0.000105853056530824,1.47711909591478e-06,0.00127414255296459,-2.45786174589753e-07,-0.00021192511241147,-7.51866427607967e-06,0.00255728116596913
12839.6822788018,-1.04617499217649e-05,-0.000105120094375476,1.45689908634489e-06,0.00126536498732084,-2.42420342029604e-07,-0.000210465205621017,-7.41544937007868e-06,0.00253966834346255
12928.7273810244,-1.03182347336701e-05,-0.000104392260609526,1.43695509327219e-06,0.00125664791831551,-2.39100491136961e-07,-0.000209015359863175,-7.31365143043635e-06,0.00252217682406783
13018.3900242466,-1.01766869906675e-05,-0.000103669518268423,1.41728336995654e-06,0.00124799092842086,-2.35825996759865e-07,-0.000207575505718878,-7.21325100323054e-06,0.00250480577238864
13108.6744912069,-1.00370797567774e-05,-0.000102951830675851,1.39788021994072e-06,0.00123939360300255,-2.32596242163199e-07,-0.000206145574249736,-7.11422890166469e-06,0.00248755435878106
13199.5850943454,-9.89938646382428e-06,-0.000102239161441052,1.37874199639148e-06,0.00123085553029928,-2.29410618917632e-07,-0.000204725496994662,-7.01656620239859e-06,0.00247042175931392
13291.1261760091,-9.76358090644133e-06,-0.000101531474456189,1.35986510144875e-06,0.00122237630140271,-2.26268526789966e-07,-0.000203315205966544,-6.92024424193008e-06,0.00245340715572949
13383.3021086605,-9.62963723714163e-06,-0.000100828733893735,1.34124598558301e-06,0.00121395551023741,-2.2316937363487e-07,-0.000201914633648924,-6.82524461302607e-06,0.00243650973540446
13476.1172950852,-9.4975299614558e-06,-0.000100130904203896,1.3228811469606e-06,0.00120559275354104,-2.20112575287981e-07,-0.000200523712992708,-6.7315491612028e-06,0.00241972869131114
13569.576168603,-9.36723393313507e-06,-9.94379501120675e-05,1.30476713081706e-06,0.00119728763084464,-2.17097555460369e-07,-0.000199142377412903,-6.63913998125458e-06,0.00240306322197894
13663.6831932795,-9.23872434941854e-06,-9.87498366163157e-05,1.28690052883818e-06,0.00118903974445306,-2.14123745634328e-07,-0.000197770560785368,-6.54799941382984e-06,0.00238651253145613
13758.4428641392,-9.11197674636464e-06,-9.80665289848932e-05,1.26927797854896e-06,0.00118084869942552,-2.11190584960506e-07,-0.000196408197443597,-6.45811004205475e-06,0.00237007582927188
13853.8597073802,-8.98696699424484e-06,-9.73879927537822e-05,1.25189616271007e-06,0.00117271410355637,-2.0829752015633e-07,-0.000195055222175521,-6.36945468820273e-06,0.00235375233039847
13949.9382805904,-8.86367129299994e-06,-9.67141937242684e-05,1.23475180872207e-06,0.00116463556735591,-2.0544400540574e-07,-0.000193711570220336,-6.28201641041015e-06,0.00233754125521388
14046.6831729655,-8.74206616775695e-06,-9.60450979605408e-05,1.21784168803696e-06,0.00115661270403136,-2.02629502260187e-07,-0.000192377177265345,-6.19577849943679e-06,0.00232144182946458
14144.0990055278,-8.62212846440699e-06,-9.53806717873233e-05,1.20116261557726e-06,0.00114864512946808,-1.99853479540902e-07,-0.000191051979442839,-6.1107244754712e-06,0.00230545328422853
14242.190431347,-8.50383534524206e-06,-9.47208817875299e-05,1.18471144916236e-06,0.00114073246221073,-1.97115413242414e-07,-0.000189735913326981,-6.02683808497952e-06,0.00228957485587853
14340.9621357626,-8.38716428465135e-06,-9.40656947999518e-05,1.16848508894214e-06,0.00113287432344475,-1.94414786437301e-07,-0.00018842891593073,-5.94410329759804e-06,0.00227380578604577
14440.4188366077,-8.27209306487484e-06,-9.34150779169666e-05,1.15248047683776e-06,0.00112507033697786,-1.91751089182162e-07,-0.000187130924702772,-5.86250430306807e-06,0.00225814532158359
14540.5652844341,-8.15859977181483e-06,-9.27689984822785e-05,1.13669459598953e-06,0.00111732012922174,-1.89123818424795e-07,-0.000185841877524485,-5.78202550821323e-06,0.00224259271453159
14641.4062627396,-8.0466627909033e-06,-9.21274240886808e-05,1.1211244702117e-06,0.00110962332917383,-1.86532477912561e-07,-0.000184561712706917,-5.70265153395803e-06,0.00222714722207991
14742.946588196,-7.93626080302565e-06,-9.14903225758475e-05,1.10576716345435e-06,0.00110197956839923,-1.83976578101934e-07,-0.000183290368987791,-5.62436721238765e-06,0.00221180810653374
14845.1911108798,-7.82737278049885e-06,-9.08576620281466e-05,1.09061977927193e-06,0.00109438848101283,-1.81455636069206e-07,-0.00018202778552853,-5.54715758384783e-06,0.00219657463527817
14948.1447145032,-7.71997798310442e-06,-9.02294107724822e-05,1.07567946029868e-06,0.00108684970366142,-1.78969175422351e-07,-0.000180773901911301,-5.47100789408493e-06,0.00218144608074319
15051.8123166476,-7.61405595417443e-06,-8.96055373761575e-05,1.06094338773068e-06,0.00107936287550607,-1.76516726214009e-07,-0.000179528658136083,-5.39590359142498e-06,0.00216642172036895
15156.1988689989,-7.50958651673083e-06,-8.89860106447654e-05,1.04640878081457e-06,0.00107192763820454,-1.74097824855611e-07,-0.000178291994617754,-5.32183032399174e-06,0.0021515008365713
15261.3093575835,-7.40654976967653e-06,-8.83707996200995e-05,1.03207289634268e-06,0.00106454363589385,-1.71712014032599e-07,-0.000177063852183201,-5.24877393696277e-06,0.00213668271670751
15367.1488030065,-7.30492608403827e-06,-8.77598735780922e-05,1.01793302815476e-06,0.00105721051517299,-1.69358842620745e-07,-0.000175844172068449,-5.1767204698634e-06,0.0021219666530423
15473.7222606918,-7.20469609925988e-06,-8.71532020267722e-05,1.00398650664593e-06,0.00104992792508575,-1.67037865603557e-07,-0.000174632895915806,-5.10565615389762e-06,0.00210735194271398
15581.0348211234,-7.10584071954606e-06,-8.65507547042485e-05,9.90230698281113e-07,0.00104269551710361,-1.64748643990747e-07,-0.000173429965771043,-5.03556740931599e-06,0.00209283788770099
15689.0916100885,-7.00834111025517e-06,-8.59525015767135e-05,9.76663005115513e-07,0.00103551294510886,-1.62490744737759e-07,-0.000172235324080571,-4.96644084281929e-06,0.00207842379478851
15797.8977889225,-6.91217869434115e-06,-8.5358412836471e-05,9.6328086432138e-07,0.00102837986537775,-1.6026374066634e-07,-0.000171048913688663,-4.89826324499828e-06,0.0020641089755354
15907.4585547554,-6.81733514884322e-06,-8.47684588999838e-05,9.50081747720773e-07,0.00102129593656381,-1.58067210386142e-07,-0.000169870677834675,-4.83102158780821e-06,0.00204989274624135
16017.7791407599,-6.72379240142345e-06,-8.41826104059446e-05,9.37063161324416e-07,0.00101426081968127,-1.55900738217343e-07,-0.000168700560150303,-4.76470302207838e-06,0.00203577442791421
16128.8648164017,-6.63153262695068e-06,-8.36008382133666e-05,9.24222644876379e-07,0.0010072741780886,-1.53763914114268e-07,-0.000167538504656844,-4.69929487505567e-06,0.00202175334623759
16240.720887691,-6.54053824413122e-06,-8.30231133996963e-05,9.1155777140475e-07,0.00100033567747218,-1.51656333590016e-07,-0.000166384455762493,-4.63478464798196e-06,0.00200782883153872
16353.352697436,-6.45079191218463e-06,-8.24494072589452e-05,8.99066146777988e-07,0.000993444985830044,-1.4957759764205e-07,-0.000165238358259644,-4.57116001370471e-06,0.00199400021875638
16466.765625498,-6.36227652756493e-06,-8.18796912998442e-05,8.86745409267112e-07,0.000986601773455824,-1.4752731267878e-07,-0.00016410015732222,-4.50840881432052e-06,0.00198026684740925
16580.9650890484,-6.27497522072586e-06,-8.1313937244015e-05,8.74593229113443e-07,0.000979805712922709,-1.45505090447079e-07,-0.000162969798503018,-4.44651905885085e-06,0.00196662806156433
16695.9565428276,-6.18887135293024e-06,-8.07521170241643e-05,8.62607308102037e-07,0.000973056479067591,-1.43510547960762e-07,-0.000161847227731075,-4.38547892094993e-06,0.00195308320980564
16811.7454794054,-6.10394851310225e-06,-8.01942027822944e-05,8.50785379140543e-07,0.000966353748975287,-1.41543307429994e-07,-0.000160732391309049,-4.32527673664386e-06,0.00193963164520312
16928.3374294433,-6.02019051472266e-06,-7.96401668679357e-05,8.39125205843612e-07,0.000959697201962895,-1.39602996191618e-07,-0.000159625235910623,-4.26590100210109e-06,0.00192627272528176
17045.737961959,-5.93758139276584e-06,-7.90899818363959e-05,8.27624582122609e-07,0.000953086519564239,-1.37689246640394e-07,-0.000158525708577924,-4.20734037143316e-06,0.0019130058119909
17163.9526845917,-5.85610540067857e-06,-7.85436204470293e-05,8.16281331780727e-07,0.000946521385514446,-1.35801696161145e-07,-0.00015743375671896,-4.14958365452608e-06,0.00189983027167379
17282.9872438709,-5.77574700739945e-06,-7.80010556615233e-05,8.05093308113294e-07,0.000940001485734617,-1.33939987061783e-07,-0.000156349328105082,-4.092619814901e-06,0.00188674547503735
17402.8473254854,-5.69649089441914e-06,-7.74622606422043e-05,7.9405839351333e-07,0.00093352650831662,-1.32103766507219e-07,-0.000155272370868453,-4.03643796760481e-06,0.00187375079712212
17523.5386545551,-5.61832195288004e-06,-7.69272087503596e-05,7.83174499082195e-07,0.000927096143507972,-1.30292686454132e-07,-0.000154202833499542,-3.98102737712918e-06,0.00186084561727239
17645.0669959044,-5.54122528071563e-06,-7.63958735445792e-05,7.72439564245341e-07,0.000920710083696854,-1.28506403586607e-07,-0.000153140664844636,-3.92637745535866e-06,0.00184802931910662
17767.4381543379,-5.46518617982839e-06,-7.58682287791123e-05,7.61851556373034e-07,0.000914368023397207,-1.26744579252602e-07,-0.000152085814103368,-3.87247775954656e-06,0.001835301290488
17890.6579749169,-5.39019015330622e-06,-7.5344248402244e-05,7.51408470406072e-07,0.000908069659233956,-1.25006879401265e-07,-0.000151038230826259,-3.81931799031898e-06,0.00182266092349521
18014.7323432395,-5.31622290267634e-06,-7.48239065546851e-05,7.41108328486324e-07,0.000901814689928315,-1.23292974521064e-07,-0.000149997864912283,-3.76688798970594e-06,0.00181010761439339
18139.667185721,-5.24327032519679e-06,-7.43071775679827e-05,7.30949179592169e-07,0.000895602816283224,-1.21602539578739e-07,-0.000148964666606447,-3.71517773919987e-06,0.00179764076360536
18265.4684698776,-5.17131851118438e-06,-7.37940359629433e-05,7.20929099178622e-07,0.000889433741168859,-1.19935253959049e-07,-0.000147938586497388,-3.66417735784044e-06,0.00178525977568294
18392.1422046107,-5.10035374137919e-06,-7.32844564480752e-05,7.11046188822234e-07,0.000883307169508274,-1.18290801405324e-07,-0.000146919575514984,-3.61387710032601e-06,0.00177296405927858
18519.6944404947,-5.03036248434458e-06,-7.27784139180447e-05,7.01298575870594e-07,0.000877222808263118,-1.16668869960789e-07,-0.000145907584927991,-3.56426735515075e-06,0.00176075302711708
18648.1312700654,-4.96133139390279e-06,-7.22758834521495e-05,6.91684413096458e-07,0.000871180366419478,-1.15069151910672e-07,-0.000144902566341682,-3.51533864276754e-06,0.00174862609596755
18777.4588281112,-4.89324730660512e-06,-7.17768403128063e-05,6.82201878356372e-07,0.000865179554973797,-1.13491343725067e-07,-0.000143904471695519,-3.46708161377602e-06,0.00173658268661562
18907.6832919665,-4.82609723923658e-06,-7.1281259944055e-05,6.72849174253802e-07,0.000859220086918911,-1.11935146002556e-07,-0.000142913253260828,-3.41948704713547e-06,0.00172462222383572
19038.810881806,-4.75986838635453e-06,-7.07891179700776e-05,6.63624527806693e-07,0.000853301677230185,-1.1040026341458e-07,-0.000141928863638499,-3.37254584840241e-06,0.00171274413636367
19170.8478609426,-4.69454811786053e-06,-7.03003901937311e-05,6.54526190119346e-07,0.000847424042851721,-1.08886404650537e-07,-0.000140951255756697,-3.32624904799221e-06,0.00170094785686935
19303.8005361258,-4.63012397660547e-06,-6.98150525950967e-05,6.45552436058668e-07,0.000841586902682703,-1.07393282363609e-07,-0.000139980382868592,-3.28058779946471e-06,0.00168923282192967
19437.6752578439,-4.56658367602697e-06,-6.9333081330042e-05,6.36701563934636e-07,0.000835789977563803,-1.05920613117309e-07,-0.000139016198550104,-3.2355533778333e-06,0.00167759847200164
19572.4784206263,-4.50391509781913e-06,-6.88544527287991e-05,6.27971895184984e-07,0.000830032990263706,-1.04468117332734e-07,-0.000138058656697665,-3.19113717789732e-06,0.00166604425139566
19708.2164633496,-4.44210628963378e-06,-6.83791432945548e-05,6.19361774064035e-07,0.000824315665465716,-1.03035519236515e-07,-0.000137107711525993,-3.14733071259723e-06,0.00165456960824896
19844.8958695448,-4.38114546281315e-06,-6.79071297020571e-05,6.10869567335644e-07,0.00081863772975447,-1.01622546809456e-07,-0.000136163317565889,-3.10412561139255e-06,0.00164317399449932
19982.5231677076,-4.32102099015318e-06,-6.74383887962334e-05,6.02493663970165e-07,0.000812998911602727,-1.00228931735861e-07,-0.000135225429662038,-3.06151361866185e-06,0.00163185686585883
20121.1049316092,-4.26172140369746e-06,-6.6972897590824e-05,5.9423247484545e-07,0.000807398941358274,-9.8854409353526e-08,-0.00013429400297084,-3.01948659212495e-06,0.00162061768178795
20260.6477806113,-4.20323539256096e-06,-6.65106332670269e-05,5.86084432451751e-07,0.000801837551230899,-9.74987186043935e-08,-0.000133368992958242,-2.97803650128659e-06,0.00160945590546966
20401.1583799816,-4.14555180078361e-06,-6.60515731721588e-05,5.78047990600567e-07,0.000796314475279479,-9.61616019858739e-08,-0.000132450355397598,-2.93715542590164e-06,0.00159837100378389
20542.6434412127,-4.08865962521277e-06,-6.55956948183262e-05,5.70121624137287e-07,0.000790829449399137,-9.4842805502798e-08,-0.000131538046367532,-2.89683555446124e-06,0.00158736244728199
20685.1097223421,-4.03254801341491e-06,-6.51429758811113e-05,5.62303828657686e-07,0.000785382211308514,-9.35420786200218e-08,-0.000130632022249824,-2.85706918269988e-06,0.00157642971016151
20828.5640282755,-3.97720626161526e-06,-6.46933941982695e-05,5.54593120228113e-07,0.000779972500537104,-9.22591742156507e-08,-0.000129732239727311,-2.8178487121228e-06,0.00156557227024107
20973.0132111114,-3.92262381266595e-06,-6.42469277684411e-05,5.46988035109444e-07,0.0007746000584127,-9.0993848534896e-08,-0.000128838655781798,-2.77916664855383e-06,0.00155478960893543
21118.464170469,-3.86879025404141e-06,-6.38035547498729e-05,5.39487129484625e-07,0.000769264628048915,-8.97458611445363e-08,-0.000127951227691986,-2.74101560070297e-06,0.00154408121123071
21264.923853817,-3.81569531586138e-06,-6.33632534591544e-05,5.3208897918989e-07,0.000763965954332799,-8.85149748879927e-08,-0.000127069913031414,-2.70338827875381e-06,0.00153344656565985
21412.3992568061,-3.76332886894057e-06,-6.29260023699648e-05,5.24792179449479e-07,0.000758703783912534,-8.73009558409969e-08,-0.00012619466966642,-2.66627749297018e-06,0.00152288516427812
21560.8974236026,-3.71168092286514e-06,-6.24917801118328e-05,5.17595344613934e-07,0.000753477865185231,-8.61035732678557e-08,-0.000125325455754106,-2.62967615232215e-06,0.00151239650263894
21710.4254472254,-3.66074162409509e-06,-6.20605654689065e-05,5.10497107901812e-07,0.000748287948284788,-8.49225995782922e-08,-0.000124462229740329,-2.59357726313064e-06,0.00150198007976971
21860.9904698845,-3.61050125409281e-06,-6.1632337378738e-05,5.03496121144871e-07,0.000743133785069863,-8.37578102848693e-08,-0.0001236049503577,-2.55797392773092e-06,0.00149163539814798
22012.599683322,-3.56095022747678e-06,-6.12070749310755e-05,4.96591054536611e-07,0.000738015129111904,-8.26089839609755e-08,-0.000122753576623593,-2.52285934315417e-06,0.00148136196367762
22165.260329156,-3.51207909020076e-06,-6.0784757366671e-05,4.89780596384175e-07,0.000732931735683286,-8.14759021993768e-08,-0.000121908067838178,-2.48822679982746e-06,0.00147115928566526
22318.9796992262,-3.46387851775748e-06,-6.03653640760952e-05,4.83063452863529e-07,0.000727883361745511,-8.03583495713168e-08,-0.000121068383582461,-2.4540696802913e-06,0.00146102687679685
22473.7651359423,-3.41633931340709e-06,-5.99488745985674e-05,4.7643834777793e-07,0.00072286976593751,-7.92561135861698e-08,-0.000120234483716336,-2.42038145793498e-06,0.00145096425311442
22629.6240326348,-3.36945240642945e-06,-5.95352686207922e-05,4.69904022319556e-07,0.00071789070856401,-7.81689846516248e-08,-0.000119406328376659,-2.38715569574921e-06,0.00144097093399292
22786.5638339077,-3.32320885040055e-06,-5.91245259758111e-05,4.63459234834375e-07,0.000712945951583995,-7.7096756034411e-08,-0.000118583877975327,-2.35438604509592e-06,0.0014310464421173
22944.592035995,-3.27759982149217e-06,-5.87166266418615e-05,4.57102760590078e-07,0.000708035258599238,-7.60392238215406e-08,-0.000117767093197371,-2.32206624449488e-06,0.00142119030345973
23103.7161871177,-3.23261661679488e-06,-5.83115507412484e-05,4.50833391547164e-07,0.00070315839484293,-7.49961868820762e-08,-0.000116955934999073,-2.29019011842712e-06,0.00141140204725693
23263.9438878451,-3.18825065266376e-06,-5.79092785392251e-05,4.44649936133029e-07,0.000698315127168359,-7.39674468294057e-08,-0.000116150364606079,-2.25875157615459e-06,0.00140168120598772
23425.2827914574,-3.14449346308687e-06,-5.75097904428853e-05,4.38551219019098e-07,0.000693505224037708,-7.29528079840256e-08,-0.000115350343511542,-2.22774461055628e-06,0.0013920273153507
23587.7406043117,-3.1013366980757e-06,-5.71130670000645e-05,4.32536080900912e-07,0.000688728455510888,-7.19520773368197e-08,-0.000114555833474265,-2.19716329698001e-06,0.00138243991424202
23751.3250862094,-3.05877212207786e-06,-5.67190888982521e-05,4.26603378281167e-07,0.000683984593234494,-7.09650645128332e-08,-0.000113766796516865,-2.16700179211033e-06,0.00137291854473346
23916.0440507678,-3.01679161241117e-06,-5.6327836963513e-05,4.20751983255626e-07,0.000679273410430794,-6.99915817355293e-08,-0.000112983194923947,-2.13725433285165e-06,0.00136346275205048
24081.9053657923,-2.97538715771928e-06,-5.59392921594192e-05,4.1498078330192e-07,0.000674594681886835,-6.90314437915277e-08,-0.000112204991240291,-2.10791523522695e-06,0.00135407208455053
24248.9169536531,-2.93455085644822e-06,-5.55534355859909e-05,4.09288681071138e-07,0.000669948183943592,-6.80844679958132e-08,-0.000111432148269049,-2.07897889329144e-06,0.00134474609370149
24417.0867916629,-2.89427491534386e-06,-5.51702484786478e-05,4.03674594182239e-07,0.000665333694485223,-6.71504741574149e-08,-0.000110664629069961,-2.05043977806127e-06,0.00133548433406025
24586.4229124585,-2.85455164796974e-06,-5.47897122071685e-05,3.98137455019172e-07,0.000660750992928367,-6.62292845455413e-08,-0.000109902396957577,-2.02229243645686e-06,0.00132628636325145
24756.933404384,-2.81537347324527e-06,-5.44118082746614e-05,3.92676210530755e-07,0.000656199860211552,-6.53207238561751e-08,-0.000109145415499496,-1.99453149026077e-06,0.00131715174194632
24928.6264118777,-2.77673291400369e-06,-5.40365183165423e-05,3.87289822033188e-07,0.000651680078784643,-6.44246191791125e-08,-0.000108393648514613,-1.96715163508989e-06,0.00130808003384173
25101.5101358603,-2.73862259556992e-06,-5.36638240995236e-05,3.81977265015246e-07,0.000647191432598394,-6.35407999654483e-08,-0.000107647060071383,-1.94014763938174e-06,0.00129907080563935
25275.5928341276,-2.7010352443576e-06,-5.32937075206103e-05,3.76737528946055e-07,0.000642733707094045,-6.26690979954954e-08,-0.000106905614486093,-1.91351434339466e-06,0.00129012362702496
25450.882821744,-2.66396368648548e-06,-5.29261506061071e-05,3.71569617085461e-07,0.000638306689193019,-6.18093473471383e-08,-0.000106169276321149,-1.88724665822181e-06,0.0012812380706479
25627.3884714405,-2.62740084641253e-06,-5.25611355106322e-05,3.66472546296921e-07,0.000633910167286666,-6.09613843646089e-08,-0.000105438010383371,-1.86133956481856e-06,0.00127241371210064
25805.1182140139,-2.59133974559181e-06,-5.21986445161415e-05,3.6144534686293e-07,0.000629543931226102,-6.01250476276861e-08,-0.000104711781722308,-1.83578811304342e-06,0.00126365012989857
25984.08053873,-2.55577350114261e-06,-5.18386600309607e-05,3.56487062302892e-07,0.000625207772312094,-5.9300177921306e-08,-0.000103990555628552,-1.810587420712e-06,0.00125494690545979
26164.2839937291,-2.52069532454077e-06,-5.14811645888255e-05,3.51596749193453e-07,0.000620901483285039,-5.84866182055837e-08,-0.000103274297632077,-1.785732672664e-06,0.00124630362308521
26345.7371864336,-2.48609852032693e-06,-5.11261408479315e-05,3.46773476991247e-07,0.000616624858315003,-5.76842135862382e-08,-0.000102562973500582,-1.76121911984306e-06,0.00123771986993863
26528.4487839603,-2.4519764848323e-06,-5.0773571589991e-05,3.42016327858005e-07,0.000612377692991819,-5.6892811285414e-08,-0.000101856549237847,-1.73704207838915e-06,0.00122919523602707
26712.4275135331,-2.41832270492195e-06,-5.04234397192992e-05,3.37324396488031e-07,0.000608159784315279,-5.61122606128984e-08,-0.000101154991082099,-1.71319692874354e-06,0.00122072931418115
26897.6821629011,-2.38513075675515e-06,-5.00757282618076e-05,3.32696789937979e-07,0.000603970930685368,-5.53424129377233e-08,-0.000100458265504394,-1.68967911476592e-06,0.00121232170003568
27084.2215807571,-2.35239430456276e-06,-4.97304203642065e-05,3.28132627458932e-07,0.000599810931892585,-5.45831216601538e-08,-9.97663392070047e-05,-1.6664841428638e-06,0.00120397199201035
27272.0546771616,-2.3201070994412e-06,-4.93874992930139e-05,3.23631040330721e-07,0.000595679589108322,-5.38342421840495e-08,-9.90791791218246e-05,-1.64360758113369e-06,0.00119567979129051
27461.1904239671,-2.28826297816302e-06,-4.90469484336746e-05,3.19191171698491e-07,0.000591576704875314,-5.30956318896034e-08,-9.83967524087787e-05,-1.62104505851428e-06,0.00118744470180819
27651.6378552475,-2.25685586200357e-06,-4.87087512896642e-05,3.14812176411443e-07,0.000587502083098153,-5.23671501064444e-08,-9.77190264542474e-05,-1.59879226395101e-06,0.00117926633022312
27843.4060677294,-2.22587975558383e-06,-4.83728914816038e-05,3.1049322086377e-07,0.000583455529033871,-5.16486580871056e-08,-9.70459688695026e-05,-1.57684494557233e-06,0.00117114428590401
28036.5042212264,-2.19532874572896e-06,-4.80393527463798e-05,3.06233482837705e-07,0.000579436849282585,-5.09400189808482e-08,-9.63775474891514e-05,-1.55519890987712e-06,0.00116307818090983
28230.9415390768,-2.16519700034255e-06,-4.77081189362731e-05,3.02032151348711e-07,0.000575445851778214,-5.02410978078415e-08,-9.57137303695944e-05,-1.53385002093335e-06,0.00115506762997133
28426.7273085842,-2.13547876729607e-06,-4.7379174018094e-05,2.97888426492725e-07,0.00057148234577925,-4.9551761433688e-08,-9.50544857874909e-05,-1.5127941995877e-06,0.00114711225047262
28623.8708814609,-2.10616837333374e-06,-4.70525020723267e-05,2.93801519295492e-07,0.000567546141859605,-4.8871878544296e-08,-9.43997822382388e-05,-1.49202742268605e-06,0.00113921166243293
28822.3816742749,-2.07726022299212e-06,-4.67280872922785e-05,2.89770651563894e-07,0.00056363705189951,-4.82013196210886e-08,-9.37495884344611e-05,-1.47154572230466e-06,0.0011313654884884
29022.2691688993,-2.04874879753466e-06,-4.64059139832386e-05,2.8579505573931e-07,0.000559754889076492,-4.75399569165501e-08,-9.31038733045063e-05,-1.45134518499195e-06,0.00112357335387414
29223.5429129655,-2.02062865390069e-06,-4.60859665616422e-05,2.81873974752938e-07,0.000555899467856397,-4.68876644301007e-08,-9.24626059909567e-05,-1.43142195102061e-06,0.00111583488640625
29426.2125203191,-1.99289442366883e-06,-4.57682295542431e-05,2.78006661883072e-07,0.00055207060398449,-4.62443178842989e-08,-9.18257558491491e-05,-1.41177221365008e-06,0.00110814971646411
29630.2876714792,-1.96554081203455e-06,-4.5452687597292e-05,2.741923806143e-07,0.000548268114476606,-4.56097947013644e-08,-9.11932924457035e-05,-1.39239221839903e-06,0.00110051747697269
29835.7781141006,-1.93856259680174e-06,-4.51393254357229e-05,2.70430404498608e-07,0.000544491817610373,-4.49839739800199e-08,-9.05651855570652e-05,-1.373278262328e-06,0.00109293780338505
30042.6936634399,-1.91195462738798e-06,-4.48281279223454e-05,2.66720017018347e-07,0.000540741532916486,-4.43667364726435e-08,-8.99414051680533e-05,-1.35442669333169e-06,0.00108541033366491
30251.0442028234,-1.88571182384354e-06,-4.45190800170442e-05,2.63060511451063e-07,0.000537017081170048,-4.3757964562734e-08,-8.93219214704224e-05,-1.33583390944114e-06,0.00107793470826936
30460.8396841202,-1.85982917588365e-06,-4.42121667859853e-05,2.59451190736136e-07,0.00053331828438197,-4.31575422426768e-08,-8.87067048614326e-05,-1.31749635813537e-06,0.00107051057013168
30672.0901282168,-1.83430174193412e-06,-4.39073734008287e-05,2.55891367343235e-07,0.000529644965790431,-4.25653550918145e-08,-8.80957259424301e-05,-1.29941053566257e-06,0.00106313756464434
30884.8056254963,-1.80912464818993e-06,-4.36046851379478e-05,2.52380363142534e-07,0.000525996949852394,-4.19812902548113e-08,-8.7488955517437e-05,-1.28157298637051e-06,0.001055815339642
31098.9963363199,-1.78429308768676e-06,-4.3304087377655e-05,2.48917509276699e-07,0.000522374062235189,-4.14052364203131e-08,-8.68863645917524e-05,-1.26398030204626e-06,0.00104854354538471
31314.6724915125,-1.75980231938514e-06,-4.30055656034342e-05,2.45502146034583e-07,0.000518776129808143,-4.08370837998932e-08,-8.62879243705607e-05,-1.24662912126481e-06,0.00104132183454124
31531.8443928511,-1.73564766726719e-06,-4.27091054011792e-05,2.42133622726648e-07,0.000515202980634281,-4.02767241072868e-08,-8.56936062575525e-05,-1.22951612874686e-06,0.00103414986217245
31750.5224135575,-1.71182451944567e-06,-4.24146924584382e-05,2.38811297562056e-07,0.000511654443962072,-3.97240505379036e-08,-8.51033818535527e-05,-1.21263805472518e-06,0.00102702728571485
31970.7169987928,-1.68832832728528e-06,-4.21223125636659e-05,2.35534537527431e-07,0.000508130350217247,-3.91789577486208e-08,-8.45172229551595e-05,-1.19599167431989e-06,0.00101995376496421
32192.4386661572,-1.66515460453586e-06,-4.18319516054793e-05,2.32302718267253e-07,0.000504630530994655,-3.86413418378467e-08,-8.39351015533917e-05,-1.17957380692212e-06,0.00101292896205934
32415.6980061919,-1.64229892647759e-06,-4.15435955719224e-05,2.29115223965881e-07,0.000501154819050196,-3.81111003258579e-08,-8.33569898323477e-05,-1.16338131558636e-06,0.00100595254146594
32640.5056828852,-1.61975692907776e-06,-4.12572305497345e-05,2.25971447231155e-07,0.000497703048292793,-3.75881321354007e-08,-8.27828601678698e-05,-1.14741110643087e-06,0.000999024169960565
32866.8724341813,-1.59752430815917e-06,-4.09728427236264e-05,2.22870788979589e-07,0.000494275053776434,-3.70723375725561e-08,-8.22126851262227e-05,-1.13166012804661e-06,0.000992143516614736
33094.8090724944,-1.57559681857983e-06,-4.06904183755608e-05,2.19812658323108e-07,0.000490870671692256,-3.65636183078647e-08,-8.16464374627767e-05,-1.11612537091408e-06,0.000985310252779119
33324.3264852235,-1.55397027342394e-06,-4.04099438840402e-05,2.16796472457321e-07,0.000487489739360694,-3.60618773577074e-08,-8.10840901207031e-05,-1.10080386682825e-06,0.000978524052067836
33555.4356352742,-1.5326405432039e-06,-4.01314057233992e-05,2.1382165655131e-07,0.000484132095223678,-3.5567019065938e-08,-8.05256162296768e-05,-1.08569268833137e-06,0.00097178459034287
33788.1475615808,-1.51160355507328e-06,-3.98547904631033e-05,2.10887643638904e-07,0.000480797578836892,-3.50789490857665e-08,-7.99709891045896e-05,-1.07078894815361e-06,0.000965091545698596
34022.4733796346,-1.4908552920505e-06,-3.95800847670534e-05,2.07993874511432e-07,0.000477486030862075,-3.4597574361886e-08,-7.94201822442702e-05,-1.05608979866126e-06,0.000958444598446393
34258.4242820144,-1.47039179225318e-06,-3.93072753928955e-05,2.05139797611927e-07,0.000474197293059392,-3.41228031128449e-08,-7.88731693302155e-05,-1.04159243131269e-06,0.000951843431099391
34496.0115389212,-1.45020914814296e-06,-3.90363491913361e-05,2.02324868930758e-07,0.000470931208279834,-3.36545448136555e-08,-7.83299242253287e-05,-1.02729407612157e-06,0.000945287728357296
34735.2464987164,-1.43030350578066e-06,-3.87672931054636e-05,1.99548551902692e-07,0.000467687620457702,-3.31927101786419e-08,-7.77904209726678e-05,-1.01319200112765e-06,0.000938777177091341
34976.1405884643,-1.41067106409158e-06,-3.85000941700744e-05,1.96810317305325e-07,0.000464466374603112,-3.27372111445168e-08,-7.72546337942008e-05,-9.99283511874684e-07,0.000932311466329322
35218.7053144771,-1.39130807414093e-06,-3.82347395110049e-05,1.94109643158921e-07,0.000461267316794574,-3.22879608536925e-08,-7.67225370895723e-05,-9.85565950895558e-07,0.000925890287240758
35462.9522628655,-1.37221083841913e-06,-3.79712163444686e-05,1.9144601462758e-07,0.000458090294171612,-3.18448736378148e-08,-7.61941054348753e-05,-9.72036697204493e-07,0.000919513333122128
35708.8931000911,-1.35337571013693e-06,-3.77095119763989e-05,1.88818923921771e-07,0.000454935154927439,-3.14078650015233e-08,-7.56693135814349e-05,-9.58693165796229e-07,0.000913180299382238
35956.5395735246,-1.33479909253011e-06,-3.74496138017963e-05,1.86227870202165e-07,0.000451801748301682,-3.09768516064304e-08,-7.51481364545974e-05,-9.45532807152045e-07,0.000906890883527657
36205.9035120061,-1.31647743817378e-06,-3.71915093040823e-05,1.83672359484791e-07,0.000448689924573156,-3.05517512553195e-08,-7.46305491525304e-05,-9.32553106752618e-07,0.00090064478514829
36456.9968264106,-1.29840724830601e-06,-3.69351860544563e-05,1.81151904547466e-07,0.00044559953505269,-3.01324828765566e-08,-7.41165269450292e-05,-9.19751584597512e-07,0.000894441705903011
36709.831510217,-1.28058507216071e-06,-3.66806317112596e-05,1.78666024837502e-07,0.000442530432076002,-2.9718966508715e-08,-7.36060452723321e-05,-9.07125794731301e-07,0.000888281349505426
36964.4196400802,-1.26300750630976e-06,-3.64278340193437e-05,1.76214246380664e-07,0.000439482468996625,-2.93111232854083e-08,-7.30990797439455e-05,-8.94673324776201e-07,0.000882163421709723
37220.7733764093,-1.24567119401393e-06,-3.61767808094429e-05,1.73796101691359e-07,0.000436455500178878,-2.89088754203295e-08,-7.25956061374739e-05,-8.82391795471084e-07,0.000876087630296611
37478.9049639467,-1.22857282458291e-06,-3.5927459997553e-05,1.71411129684052e-07,0.000433449380990892,-2.85121461924941e-08,-7.20956003974611e-05,-8.70278860216865e-07,0.000870053685059375
37738.8267323548,-1.21170913274396e-06,-3.56798595843144e-05,1.69058875585879e-07,0.000430463967797675,-2.81208599316832e-08,-7.15990386342377e-05,-8.58332204628087e-07,0.000864061297790002
38000.5510968034,-1.19507689801926e-06,-3.54339676543999e-05,1.66738890850453e-07,0.00042749911795424,-2.77349420040854e-08,-7.11058971227772e-05,-8.46549546090708e-07,0.000858110182265431
38264.0905585636,-1.17867294411178e-06,-3.51897723759071e-05,1.64450733072828e-07,0.00042455468979876,-2.73543187981331e-08,-7.06161523015595e-05,-8.34928633325907e-07,0.000852200054233869
38529.4577056047,-1.16249413829952e-06,-3.49472619997568e-05,1.62193965905638e-07,0.000421630542645792,-2.69789177105324e-08,-7.01297807714436e-05,-8.23467245959937e-07,0.000846330631401227
38796.6652131954,-1.14653739083813e-06,-3.47064248590945e-05,1.59968158976353e-07,0.000418726536779531,-2.66086671324822e-08,-6.96467592945456e-05,-8.12163194099825e-07,0.000840501633417629
39065.7258445091,-1.13079965437161e-06,-3.44672493686977e-05,1.57772887805681e-07,0.000415842533447123,-2.62434964360816e-08,-6.91670647931278e-05,-8.0101431791495e-07,0.000834712781864031
39336.6524512341,-1.11527792335116e-06,-3.42297240243872e-05,1.55607733727058e-07,0.000412978394852015,-2.58833359609215e-08,-6.86906743484922e-05,-7.90018487224319e-07,0.000828963800238911
39609.4579741865,-1.09996923346195e-06,-3.39938374024436e-05,1.53472283807253e-07,0.000410133984147358,-2.55281170008598e-08,-6.82175651998844e-05,-7.79173601089556e-07,0.000823254413945079
39884.1554439296,-1.08487066105773e-06,-3.37595781590275e-05,1.51366130768034e-07,0.000407309165429447,-2.51777717909753e-08,-6.77477147434028e-05,-7.68477587413423e-07,0.000817584350276548
40160.7579813948,-1.06997932260323e-06,-3.35269350296053e-05,1.49288872908912e-07,0.000404503803731223,-2.48322334947002e-08,-6.72811005309174e-05,-7.57928402543921e-07,0.000811953338405521
40439.2787985098,-1.05529237412412e-06,-3.32958968283784e-05,1.47240114030928e-07,0.000401717765015798,-2.44914361911276e-08,-6.68177002689941e-05,-7.47524030883753e-07,0.000806361109369446
40719.7311988284,-1.04080701066463e-06,-3.30664524477175e-05,1.45219463361481e-07,0.000398950916170043,-2.41553148624916e-08,-6.63574918178286e-05,-7.37262484505215e-07,0.000800807396058178
41002.1285781671,-1.02652046575243e-06,-3.2838590857601e-05,1.43226535480173e-07,0.00039620312499821,-2.38238053818177e-08,-6.59004531901853e-05,-7.27141802770323e-07,0.000795291933201216
41286.4844252437,-1.01243001087099e-06,-3.26123011050581e-05,1.41260950245674e-07,0.000393474260215605,-2.34968445007424e-08,-6.54465625503461e-05,-7.17160051956193e-07,0.000789814457355042
41572.812322323,-9.98532954939075e-07,-3.23875723136151e-05,1.39322332723564e-07,0.000390764191442299,-2.31743698374973e-08,-6.49957982130637e-05,-7.0731532488553e-07,0.000784374706890524
41861.1259458642,-9.84826643797443e-07,-3.2164393682748e-05,1.37410313115175e-07,0.000388072789196887,-2.28563198650587e-08,-6.45481386425251e-05,-6.97605740562229e-07,0.000778972421980439
42151.4390671752,-9.71308459702476e-07,-3.19427544873369e-05,1.35524526687388e-07,0.000385399924890284,-2.25426338994562e-08,-6.41035624513193e-05,-6.88029443811935e-07,0.000773607344587046
42443.7655530697,-9.57975820826857e-07,-3.17226440771267e-05,1.33664613703399e-07,0.000382745470819576,-2.22332520882435e-08,-6.3662048399415e-05,-6.7858460492758e-07,0.000768279218449776
42738.1193665299,-9.44826180766994e-07,-3.15040518761906e-05,1.31830219354407e-07,0.000380109300161896,-2.19281153991235e-08,-6.32235753931428e-05,-6.69269419319747e-07,0.000762987789072982
43034.5145673733,-9.31857028057271e-07,-3.12869673823982e-05,1.30020993692256e-07,0.000377491286968363,-2.16271656087308e-08,-6.27881224841866e-05,-6.60082107171877e-07,0.000757732803713793
43332.9653129246,-9.1906588569088e-07,-3.10713801668876e-05,1.28236591562973e-07,0.000374891306158043,-2.13303452915653e-08,-6.235566886858e-05,-6.5102091310016e-07,0.000752514011370032
43633.4858586911,-9.06450310647291e-07,-3.08572798735418e-05,1.2647667254123e-07,0.000372309233511966,-2.10375978090782e-08,-6.19261938857119e-05,-6.42084105818145e-07,0.000747331162768243
43936.0905590448,-8.9400789342612e-07,-3.06446562184685e-05,1.24740900865675e-07,0.000369744945667178,-2.07488672989051e-08,-6.14996770173362e-05,-6.33269977805909e-07,0.000742184010351768
44240.7938679069,-8.81736257587463e-07,-3.04334989894845e-05,1.23028945375174e-07,0.000367198320110838,-2.04640986642477e-08,-6.10760978865917e-05,-6.24576844983813e-07,0.00073707230826894
44547.6103394389,-8.69633059298449e-07,-3.02237980456037e-05,1.2134047944589e-07,0.000364669235174347,-2.01832375633986e-08,-6.0655436257025e-05,-6.16003046390689e-07,0.000731995812361325
44856.5546287376,-8.5769598688608e-07,-3.00155433165292e-05,1.19675180929244e-07,0.000362157570027532,-1.99062303994105e-08,-6.02376720316238e-05,-6.07546943866496e-07,0.000726954280152077
45167.641492535,-8.45922760396132e-07,-2.98087248021485e-05,1.18032732090705e-07,0.000359663204672856,-1.96330243099047e-08,-5.98227852518539e-05,-5.99206921739278e-07,0.000721947470834341
45480.8857899031,-8.34311131158155e-07,-2.96033325720341e-05,1.16412819549423e-07,0.00035718601993968,-1.93635671570202e-08,-5.94107560967053e-05,-5.90981386516475e-07,0.000716975145259767
45796.3024829641,-8.22858881356394e-07,-2.93993567649462e-05,1.14815134218683e-07,0.000354725897478552,-1.90978075174987e-08,-5.90015648817427e-05,-5.82868766580423e-07,0.000712037065927071
46113.9066376045,-8.11563823606618e-07,-2.91967875883403e-05,1.13239371247166e-07,0.000352282719755553,-1.88356946729054e-08,-5.85951920581645e-05,-5.74867511888074e-07,0.000707132996970712
46433.713424195,-8.0042380053872e-07,-2.89956153178778e-05,1.11685229961016e-07,0.000349856370046658,-1.85771785999831e-08,-5.81916182118667e-05,-5.66976093674804e-07,0.000702262704149606
46755.7381183149,-7.89436684385073e-07,-2.8795830296941e-05,1.10152413806694e-07,0.000347446732432164,-1.83222099611382e-08,-5.77908240625147e-05,-5.59193004162321e-07,0.000697425954835954
47079.9961014825,-7.78600376574483e-07,-2.8597422936151e-05,1.08640630294611e-07,0.000345053691791131,-1.80707400950555e-08,-5.73927904626201e-05,-5.5151675627055e-07,0.000692622518004121
47406.5028618884,-7.67912807331755e-07,-2.84003837128902e-05,1.07149590943531e-07,0.00034267713379588,-1.78227210074428e-08,-5.69974983966252e-05,-5.43945883333503e-07,0.000687852164219611
47735.2739951367,-7.57371935282698e-07,-2.82047031708269e-05,1.05679011225728e-07,0.000340316944906516,-1.75781053619001e-08,-5.66049289799929e-05,-5.36478938819023e-07,0.000683114665628099
48066.3252049891,-7.46975747064594e-07,-2.80103719194454e-05,1.04228610512901e-07,0.000337973012365502,-1.73368464709143e-08,-5.62150634583033e-05,-5.29114496052405e-07,0.000678409795944559
48399.6723041153,-7.36722256941951e-07,-2.78173806335779e-05,1.02798112022809e-07,0.000335645224192254,-1.70988982869769e-08,-5.58278832063562e-05,-5.21851147943773e-07,0.000673737330442442
48735.331214848,-7.26609506427579e-07,-2.76257200529411e-05,1.01387242766653e-07,0.000333333469177792,-1.68642153938226e-08,-5.54433697272811e-05,-5.14687506719247e-07,0.00066909704594296
49073.317969944,-7.16635563908803e-07,-2.74353809816752e-05,9.99957334971638e-08,0.00033103763687941,-1.66327529977875e-08,-5.50615046516506e-05,-5.07622203655749e-07,0.000664488720804412
49413.6487133493,-7.06798524278858e-07,-2.7246354287888e-05,9.86233186573999e-08,0.0003287576176154,-1.64044669192857e-08,-5.46822697366034e-05,-5.00653888819501e-07,0.000659912134911607
49756.3397009709,-6.97096508573276e-07,-2.70586309032001e-05,9.72697363302455e-08,0.000326493302459795,-1.61793135844015e-08,-5.430564686497e-05,-4.93781230808064e-07,0.000655367069665343
50101.4073014524,-6.87527663611314e-07,-2.68722018222959e-05,9.59347281885997e-08,0.000324244583237165,-1.59572500165977e-08,-5.39316180444077e-05,-4.87002916495965e-07,0.000650853307971978
50448.8679969571,-6.78090161642247e-07,-2.6687058102476e-05,9.46180394462382e-08,0.000322011352517435,-1.57382338285352e-08,-5.35601654065384e-05,-4.80317650783773e-07,0.000646370634233045
50798.7383839539,-6.68782199996552e-07,-2.65031908632144e-05,9.3319418809354e-08,0.00031979350361075,-1.55222232140069e-08,-5.3191271206095e-05,-4.73724156350657e-07,0.000641918834334972
51151.0351740109,-6.59602000741839e-07,-2.63205912857178e-05,9.20386184287527e-08,0.000317590930562367,-1.53091769399787e-08,-5.28249178200718e-05,-4.67221173410312e-07,0.000637497695638843
51505.7751945938,-6.50547810343516e-07,-2.61392506124892e-05,9.07753938527041e-08,0.000315403528147588,-1.50990543387422e-08,-5.24610877468819e-05,-4.60807459470251e-07,0.000633107006970242
51862.9753898685,-6.41617899330119e-07,-2.5959160146894e-05,8.95295039804369e-08,0.000313231191866727,-1.48918153001725e-08,-5.20997636055205e-05,-4.54481789094408e-07,0.00062874655860918
52222.6528215118,-6.32810561963186e-07,-2.57803112527297e-05,8.83007110162651e-08,0.000311073817940104,-1.46874202640924e-08,-5.17409281347326e-05,-4.48242953668974e-07,0.000624416142280061
52584.8246695256,-6.24124115911713e-07,-2.56026953537988e-05,8.70887804243457e-08,0.000308931303303091,-1.44858302127417e-08,-5.13845641921882e-05,-4.42089761171479e-07,0.000620115551141746
52949.5082330576,-6.15556901931022e-07,-2.54263039334846e-05,8.58934808840486e-08,0.00030680354560117,-1.42870066633478e-08,-5.10306547536619e-05,-4.36021035943017e-07,0.00061584457977767
53316.7209312277,-6.0710728354607e-07,-2.52511285343306e-05,8.47145842459415e-08,0.000304690443185047,-1.40909116607993e-08,-5.06791829122193e-05,-4.30035618463623e-07,0.000611603024186031
53686.4803039601,-5.98773646739072e-07,-2.5077160757622e-05,8.35518654883698e-08,0.000302591895105783,-1.38975077704189e-08,-5.03301318774074e-05,-4.24132365130706e-07,0.000607390681770044
54058.8040128205,-5.90554399641429e-07,-2.49043922629722e-05,8.24051026746346e-08,0.000300507801109965,-1.37067580708354e-08,-4.99834849744526e-05,-4.18310148040556e-07,0.00060320735132827
54433.709841861,-5.82447972229855e-07,-2.47328147679101e-05,8.12740769107524e-08,0.000298438061634915,-1.35186261469526e-08,-4.96392256434626e-05,-4.12567854772815e-07,0.000599052833045002
54811.215698468,-5.74452816026704e-07,-2.4562420047472e-05,8.01585723037934e-08,0.000296382577803923,-1.33330760830152e-08,-4.92973374386346e-05,-4.06904388177941e-07,0.000594926928480721
55191.3396142186,-5.66567403804361e-07,-2.4393199933796e-05,7.90583759207861e-08,0.000294341251421519,-1.31500724557685e-08,-4.89578040274687e-05,-4.01318666167561e-07,0.000590829440562621
55574.0997457415,-5.58790229293737e-07,-2.42251463157196e-05,7.79732777481879e-08,0.00029231398496878,-1.29695803277123e-08,-4.86206091899873e-05,-3.95809621507724e-07,0.000586760173575193
55959.5143755845,-5.51119806896711e-07,-2.40582511383794e-05,7.69030706519039e-08,0.000290300681598655,-1.27915652404468e-08,-4.82857368179586e-05,-3.90376201614977e-07,0.00058271893315088
56347.6019130871,-5.43554671402559e-07,-2.38925064028154e-05,7.58475503378569e-08,0.000288301245131348,-1.2615993208109e-08,-4.79531709141272e-05,-3.85017368355253e-07,0.000578705526260794
56738.380895261,-5.36093377708232e-07,-2.37279041655764e-05,7.48065153130912e-08,0.000286315580049703,-1.24428307108997e-08,-4.76228955914481e-05,-3.79732097845503e-07,0.000574719761205488
57131.8699876742,-5.28734500542503e-07,-2.35644365383295e-05,7.37797668474134e-08,0.000284343591494646,-1.22720446886985e-08,-4.72948950723281e-05,-3.74519380258076e-07,0.000570761447605816
57528.0879853436,-5.21476634193871e-07,-2.3402095687472e-05,7.27671089355511e-08,0.000282385185260642,-1.21036025347658e-08,-4.69691536878704e-05,-3.69378219627756e-07,0.000566830396393821
57927.053813632,-5.14318392242215e-07,-2.32408738337467e-05,7.17683482598348e-08,0.000280440267791195,-1.19374720895317e-08,-4.66456558771258e-05,-3.64307633661473e-07,0.000562926419803722
58328.7865291527,-5.0725840729411e-07,-2.30807632518585e-05,7.0783294153384e-08,0.000278508746174367,-1.17736216344689e-08,-4.63243861863484e-05,-3.59306653550606e-07,0.000559049331362933
58733.3053206791,-5.00295330721793e-07,-2.2921756270096e-05,6.98117585638022e-08,0.000276590528138341,-1.16120198860505e-08,-4.60053292682571e-05,-3.54374323785886e-07,0.000555198945883165
59140.6295100621,-4.93427832405681e-07,-2.27638452699541e-05,6.88535560173619e-08,0.000274685522047001,-1.14526359897891e-08,-4.56884698813009e-05,-3.49509701974808e-07,0.000551375079451572
59550.7785531519,-4.86654600480456e-07,-2.260702268576e-05,6.7908503583686e-08,0.00027279363689556,-1.12954395143586e-08,-4.53737928889312e-05,-3.44711858661586e-07,0.00054757754942198
59963.7720407286,-4.79974341084592e-07,-2.24512810043023e-05,6.69764208409043e-08,0.000270914782306195,-1.11404004457958e-08,-4.50612832588771e-05,-3.39979877149546e-07,0.000543806174406148
60379.6296994364,-4.73385778113353e-07,-2.2296612764462e-05,6.60571298412941e-08,0.000269048868523738,-1.09874891817815e-08,-4.47509260624271e-05,-3.35312853325986e-07,0.000540060774265117
60798.3713927276,-4.66887652975148e-07,-2.21430105568468e-05,6.51504550773832e-08,0.000267195806411374,-1.08366765259994e-08,-4.44427064737152e-05,-3.30709895489417e-07,0.000536341170100595
61220.0171218097,-4.60478724351253e-07,-2.19904670234281e-05,6.42562234485232e-08,0.000265355507446383,-1.06879336825732e-08,-4.41366097690122e-05,-3.26170124179193e-07,0.000532647184246427
61644.5870266023,-4.54157767958808e-07,-2.18389748571797e-05,6.33742642279134e-08,0.000263527883715905,-1.05412322505781e-08,-4.38326213260216e-05,-3.21692672007465e-07,0.00052897864026009
62072.1013866976,-4.47923576317079e-07,-2.1688526801721e-05,6.25044090300805e-08,0.00026171284791274,-1.03965442186296e-08,-4.35307266231803e-05,-3.1727668349346e-07,0.000525335362914285
62502.5806223305,-4.4177495851691e-07,-2.15391156509604e-05,6.16464917788e-08,0.000259910313331167,-1.02538419595441e-08,-4.32309112389647e-05,-3.12921314900011e-07,0.000521717178188551
62936.0452953524,-4.35710739993358e-07,-2.13907342487437e-05,6.08003486754584e-08,0.000258120193862804,-1.01130982250743e-08,-4.29331608512009e-05,-3.08625734072359e-07,0.000518123913260967
63372.5161102152,-4.29729762301421e-07,-2.12433754885027e-05,5.99658181678452e-08,0.000256342403992486,-9.97428614071513e-09,-4.263746123638e-05,-3.04389120279141e-07,0.000514555396499885
63812.0139149584,-4.2383088289487e-07,-2.10970323129088e-05,5.91427409193754e-08,0.00025457685879418,-9.83737920058252e-09,-4.23437982689783e-05,-3.00210664055585e-07,0.000511011457455744
64254.5597022062,-4.1801297490808e-07,-2.09516977135267e-05,5.83309597787291e-08,0.000252823473926921,-9.70235126236046e-09,-4.20521579207817e-05,-2.96089567048834e-07,0.000507491926852919
64700.1746101695,-4.12274926940895e-07,-2.08073647304726e-05,5.75303197499099e-08,0.00025108216563078,-9.56917654231835e-09,-4.17625262602153e-05,-2.92025041865417e-07,0.000503996636581642
65148.8799236562,-4.06615642846399e-07,-2.06640264520735e-05,5.67406679627094e-08,0.000249352850722861,-9.43782961039605e-09,-4.14748894516771e-05,-2.88016311920793e-07,0.000500525419689972
65600.697075087,-4.01034041521639e-07,-2.05216760145299e-05,5.59618536435789e-08,0.000247635446593322,-9.30828538535641e-09,-4.1189233754877e-05,-2.84062611290978e-07,0.000497078110375817
66055.6476455202,-3.95529056701183e-07,-2.03803066015802e-05,5.51937280868968e-08,0.000245929871201426,-9.18051913000398e-09,-4.09055455241792e-05,-2.80163184566193e-07,0.000493654543979018
66513.7533656814,-3.90099636753539e-07,-2.0239911444168e-05,5.44361446266316e-08,0.000244236043071618,-9.05450644646937e-09,-4.06238112079507e-05,-2.76317286706537e-07,0.000490254556973484
66975.0361170023,-3.84744744480344e-07,-2.01004838201118e-05,5.36889586083896e-08,0.000242553881289629,-8.93022327155784e-09,-4.03440173479129e-05,-2.72524182899623e-07,0.000486877986959381
67439.5179326655,-3.79463356918322e-07,-1.99620170537767e-05,5.29520273618487e-08,0.00024088330549861,-8.80764587216189e-09,-4.00661505784985e-05,-2.68783148420191e-07,0.000483524672655375
67907.2209986571,-3.74254465143948e-07,-1.98245045157488e-05,5.22252101735651e-08,0.000239224235895287,-8.68675084073631e-09,-3.97901976262123e-05,-2.65093468491624e-07,0.000480194453890928
68378.167654826,-3.69117074080802e-07,-1.96879396225122e-05,5.15083682601565e-08,0.000237576593226149,-8.56751509083553e-09,-3.95161453089971e-05,-2.61454438149384e-07,0.000476887171598651
68852.3803959518,-3.64050202309552e-07,-1.95523158361272e-05,5.08013647418482e-08,0.000235940298783654,-8.44991585271176e-09,-3.92439805356032e-05,-2.57865362106311e-07,0.0004736026678067
69329.8818728181,-3.59052881880559e-07,-1.94176266639127e-05,5.01040646163846e-08,0.000234315274402473,-8.33393066897359e-09,-3.89736903049629e-05,-2.54325554619784e-07,0.000470340785631239
69810.6948932956,-3.54124158129036e-07,-1.92838656581286e-05,4.94163347332942e-08,0.000232701442455746,-8.21953739030376e-09,-3.87052617055684e-05,-2.50834339360685e-07,0.000467101369268939
70294.8424234306,-3.49263089492761e-07,-1.91510264156627e-05,4.87380437685108e-08,0.000231098725851377,-8.10671417123601e-09,-3.84386819148558e-05,-2.47391049284184e-07,0.000463884263989542
70782.3475885425,-3.44468747332269e-07,-1.90191025777183e-05,4.80690621993381e-08,0.000229507048028344,-7.99543946598916e-09,-3.81739381985909e-05,-2.43995026502284e-07,0.000460689316128467
71273.2336743282,-3.39740215753531e-07,-1.88880878295045e-05,4.74092622797602e-08,0.000227926332953044,-7.88569202435887e-09,-3.79110179102612e-05,-2.40645622158121e-07,0.000457516373079473
71767.5241279742,-3.35076591433051e-07,-1.87579758999293e-05,4.67585180160873e-08,0.00022635650511565,-7.77745088766502e-09,-3.76499084904713e-05,-2.37342196301987e-07,0.000454365283287366
72265.2425592773,-3.30476983445366e-07,-1.86287605612938e-05,4.61167051429366e-08,0.00022479748952651,-7.67069538475505e-09,-3.73905974663425e-05,-2.34084117769057e-07,0.000451235896240764
72766.4127417709,-3.25940513092923e-07,-1.85004356289896e-05,4.54837010995416e-08,0.000223249211712559,-7.56540512806192e-09,-3.71330724509166e-05,-2.30870764058794e-07,0.000448128062464909
73271.058613862,-3.21466313738267e-07,-1.83729949611977e-05,4.48593850063847e-08,0.000221711597713755,-7.46156000971575e-09,-3.68773211425639e-05,-2.27701521216008e-07,0.000445041633514522
73779.2042799737,-3.17053530638557e-07,-1.82464324585901e-05,4.42436376421512e-08,0.000220184574079551,-7.35914019770926e-09,-3.66233313243953e-05,-2.24575783713553e-07,0.00044197646196672
74290.8740116972,-3.12701320782328e-07,-1.8120742064033e-05,4.36363414209968e-08,0.000218668067865376,-7.25812613211509e-09,-3.63710908636778e-05,-2.21492954336624e-07,0.000438932401413966
74806.0922489501,-3.08408852728515e-07,-1.79959177622925e-05,4.30373803701293e-08,0.000217162006629156,-7.15849852135552e-09,-3.61205877112556e-05,-2.18452444068654e-07,0.000435909306457085
75324.8836011454,-3.04175306447664e-07,-1.78719535797422e-05,4.24466401076932e-08,0.000215666318427844,-7.06023833852281e-09,-3.58718099009731e-05,-2.1545367197877e-07,0.000432907032698311
75847.2728483651,-2.99999873165342e-07,-1.77488435840731e-05,4.18640078209614e-08,0.000214180931813986,-6.96332681775025e-09,-3.56247455491038e-05,-2.12496065110798e-07,0.000429925436734398
76373.2849425456,-2.95881755207671e-07,-1.76265818840055e-05,4.12893722448215e-08,0.000212705775832303,-6.86774545063266e-09,-3.53793828537817e-05,-2.09579058373784e-07,0.000426964376149764
76902.9450086679,-2.91820165849012e-07,-1.75051626290025e-05,4.07226236405598e-08,0.000211240780016301,-6.77347598269625e-09,-3.51357100944381e-05,-2.06702094434035e-07,0.000424023709509691
77436.2783459591,-2.87814329161703e-07,-1.73845800089864e-05,4.01636537749336e-08,0.000209785874384901,-6.68050040991638e-09,-3.48937156312399e-05,-2.03864623608617e-07,0.000421103296353569
77973.3104290997,-2.83863479867892e-07,-1.72648282540566e-05,3.96123558995319e-08,0.000208340989439097,-6.58880097528347e-09,-3.46533879045352e-05,-2.01066103760341e-07,0.000418202997188193
78514.0669094413,-2.79966863193379e-07,-1.71459016342093e-05,3.90686247304167e-08,0.000206906056158631,-6.49836016541561e-09,-3.44147154342991e-05,-1.98306000194168e-07,0.000415322673481087
79058.5736162311,-2.76123734723476e-07,-1.70277944590598e-05,3.85323564280452e-08,0.000205481005998694,-6.40916070721786e-09,-3.41776868195861e-05,-1.95583785555057e-07,0.000412462187653901
79606.8565578463,-2.72333360260833e-07,-1.69105010775662e-05,3.80034485774649e-08,0.000204065770886653,-6.32118556458697e-09,-3.39422907379847e-05,-1.92898939727195e-07,0.000409621403075833
80158.9419230357,-2.68595015685233e-07,-1.67940158777558e-05,3.74818001687819e-08,0.000202660283218795,-6.23441793516159e-09,-3.37085159450766e-05,-1.90250949734627e-07,0.000406800184057102
80714.8560821713,-2.64907986815288e-07,-1.66783332864523e-05,3.69673115778947e-08,0.000201264475857093,-6.14884124711677e-09,-3.3476351273899e-05,-1.87639309643242e-07,0.000403998395842471
81274.6255885071,-2.61271569272052e-07,-1.65634477690062e-05,3.6459884547494e-08,0.000199878282126005,-6.06443915600252e-09,-3.32457856344112e-05,-1.85063520464102e-07,0.000401215904604807
81838.2771794484,-2.57685068344492e-07,-1.64493538290262e-05,3.59594221683205e-08,0.000198501635809277,-5.98119554162547e-09,-3.30168080129642e-05,-1.82523090058107e-07,0.000398452577438691
82405.8377778279,-2.54147798856811e-07,-1.63360460081129e-05,3.54658288606814e-08,0.000197134471146786,-5.8990945049736e-09,-3.27894074717749e-05,-1.80017533041962e-07,0.000395708282354069
82977.3344931927,-2.5065908503759e-07,-1.62235188855945e-05,3.49790103562184e-08,0.000195776722831395,-5.8181203651827e-09,-3.25635731484026e-05,-1.77546370695433e-07,0.000392982888269948
83552.7946230977,-2.47218260390726e-07,-1.61117670782643e-05,3.44988736799269e-08,0.00019442832600583,-5.73825765654474e-09,-3.23392942552309e-05,-1.75109130869885e-07,0.000390276265008135
84132.2456544116,-2.43824667568138e-07,-1.60007852401193e-05,3.402532713242e-08,0.000193089216259581,-5.65949112555698e-09,-3.21165600789509e-05,-1.72705347898068e-07,0.000387588283287019
84715.7152646274,-2.40477658244225e-07,-1.58905680621024e-05,3.35582802724371e-08,0.000191759329625824,-5.58180572801174e-09,-3.18953599800506e-05,-1.70334562505144e-07,0.000384918814715396
85303.2313231867,-2.37176592992037e-07,-1.57811102718444e-05,3.30976438995903e-08,0.000190438602578364,-5.50518662612572e-09,-3.16756833923051e-05,-1.67996321720932e-07,0.000382267731786337
85894.8218928089,-2.33920841161158e-07,-1.56724066334095e-05,3.26433300373491e-08,0.000189126972028598,-5.42961918570916e-09,-3.14575198222728e-05,-1.65690178793366e-07,0.000379634907871098
86490.5152308334,-2.30709780757252e-07,-1.55644519470413e-05,3.21952519162561e-08,0.000187824375322501,-5.35508897337317e-09,-3.12408588487931e-05,-1.63415693103131e-07,0.000377020217213069
87090.3397905676,-2.27542798323272e-07,-1.54572410489117e-05,3.17533239573749e-08,0.000186530750237632,-5.28158175377592e-09,-3.10256901224888e-05,-1.61172430079481e-07,0.000374423534921772
87694.3242226474,-2.24419288822287e-07,-1.53507688108708e-05,3.13174617559622e-08,0.000185246034980155,-5.2090834869061e-09,-3.08120033652713e-05,-1.58959961117201e-07,0.000371844736966891
88302.4973764047,-2.21338655521932e-07,-1.52450301401991e-05,3.08875820653666e-08,0.000183970168181896,-5.13758032540395e-09,-3.05997883698497e-05,-1.5677786349472e-07,0.000369283700172352
88914.8883012464,-2.18300309880429e-07,-1.51400199793609e-05,3.04636027811447e-08,0.000182703088897399,-5.06705861191874e-09,-3.03890349992429e-05,-1.5462572029334e-07,0.000366740302210435
89531.5262480405,-2.15303671434183e-07,-1.50357333057599e-05,3.00454429253979e-08,0.000181444736601022,-4.99750487650272e-09,-3.01797331862951e-05,-1.52503120317579e-07,0.000364214421595938
90152.440670515,-2.12348167686908e-07,-1.49321651314963e-05,2.96330226313214e-08,0.000180195051184039,-4.92890583404048e-09,-2.99718729331945e-05,-1.50409658016606e-07,0.000361705937680364
90777.661226663,-2.09433234000293e-07,-1.4829310503126e-05,2.92262631279669e-08,0.000178953972951771,-4.86124838171394e-09,-2.97654443109964e-05,-1.48344933406752e-07,0.000359214730646171
91407.217780161,-2.06558313486143e-07,-1.47271645014207e-05,2.88250867252118e-08,0.000177721442620731,-4.79451959650157e-09,-2.95604374591474e-05,-1.46308551995088e-07,0.000356740681501037
92041.1404017939,-2.03722856900027e-07,-1.46257222411307e-05,2.84294167989374e-08,0.000176497401315791,-4.72870673271249e-09,-2.93568425850156e-05,-1.44300124704052e-07,0.000354283672072187
92679.4593708925,-2.00926322536363e-07,-1.45249788707486e-05,2.80391777764065e-08,0.000175281790567369,-4.66379721955373e-09,-2.91546499634216e-05,-1.42319267797108e-07,0.000351843585000738
93322.2051767786,-1.98168176124959e-07,-1.44249295722747e-05,2.76542951218451e-08,0.000174074552308636,-4.59977865873145e-09,-2.89538499361743e-05,-1.40365602805428e-07,0.000349420303736103
93969.4085202226,-1.95447890728957e-07,-1.4325569560985e-05,2.72746953222187e-08,0.000172875628872738,-4.53663882208453e-09,-2.87544329116092e-05,-1.38438756455578e-07,0.000347013712530419
94621.1003149089,-1.92764946644197e-07,-1.42268940851993e-05,2.69003058732053e-08,0.000171684962990044,-4.4743656492509e-09,-2.85563893641303e-05,-1.36538360598202e-07,0.000344623696433018
95277.3116889132,-1.90118831299944e-07,-1.41288984260525e-05,2.65310552653601e-08,0.000170502497785405,-4.41294724536576e-09,-2.83597098337543e-05,-1.34664052137676e-07,0.00034225014128494
95938.0739861886,-1.87509039160989e-07,-1.40315778972662e-05,2.61668729704694e-08,0.000169328176775442,-4.3523718787914e-09,-2.81643849256594e-05,-1.32815472962739e-07,0.000339892933713477
96603.4187680637,-1.84935071631088e-07,-1.39349278449229e-05,2.58076894280923e-08,0.000168161943865838,-4.29262797887797e-09,-2.79704053097358e-05,-1.30992269878065e-07,0.000337551961126759
97273.3778147489,-1.82396436957726e-07,-1.38389436472412e-05,2.54534360322862e-08,0.000167003743348667,-4.23370413375527e-09,-2.77777617201401e-05,-1.29194094536785e-07,0.000335227111708376
97947.983126856,-1.79892650138191e-07,-1.37436207143528e-05,2.51040451185144e-08,0.000165853519899726,-4.17558908815443e-09,-2.75864449548524e-05,-1.27420603373922e-07,0.000332918274412037
98627.2669269249,-1.77423232826934e-07,-1.36489544880809e-05,2.47594499507336e-08,0.000164711218575892,-4.11827174125977e-09,-2.73964458752368e-05,-1.25671457540757e-07,0.000330625338956269
99311.2616609643,-1.74987713244199e-07,-1.35549404417206e-05,2.44195847086573e-08,0.000163576784812498,-4.06174114458993e-09,-2.72077554056044e-05,-1.2394632284008e-07,0.000328348195819142
100000,-1.72585626085915e-07,-1.34615740798204e-05,2.40843844751956e-08,0.000162450164420727,-4.0059864999081e-09,-2.70203645327801e-05,-1.2224486966234e-07,0.000326086736233047
