Frequency_Hz,Y11_Real,Y11_Imag,Y12_Real,Y12_Imag,Y21_Real,Y21_Imag,Y22_Real,Y22_Imag
0.1,0.730349983499608,-0.0091562635455337,0.952336318510527,0.000251897024385463,-0.047700158903122,0.000252557221332878,-1.02637405689118,-9.00649576189572e-07
0.100693514841637,0.730348787033255,-0.00921978229687108,0.95233681184136,0.000253637573090455,-0.0477001730374261,0.000254311588092693,-1.02637577972238,-8.22214800029475e-07
0.10139183931163,0.730347573842568,-0.00928374194687046,0.952337312036836,0.000255390058874769,-0.0477001873634324,0.000256078180961793,-1.02637752642173,-7.41467217381386e-07
0.102095006765465,0.730346343692785,-0.00934814556114989,0.952337819192454,0.000257154561721786,-0.0477002018836689,0.000257857085962689,-1.02637929731835,-6.58353914176346e-07
0.102803050789954,0.730345096345817,-0.00941299622674757,0.952338333405038,0.000258931162110961,-0.0477002166006949,0.000259648389739952,-1.02638109274582,-5.72820843168509e-07
0.103516005204838,0.730343831560208,-0.00947829705227347,0.952338854772759,0.000260719941020044,-0.0477002315171012,0.000261452179565032,-1.02638291304232,-4.8481280049556e-07
0.104233904064403,0.730342549091082,-0.0095440511680622,0.952339383395153,0.000262520979927345,-0.0477002466355108,0.00026326854334115,-1.02638475855061,-3.9427340130932e-07
0.104956781659108,0.730341248690095,-0.00961026172632689,0.952339919373139,0.000264334360813821,-0.0477002619585788,0.000265097569608218,-1.02638662961814,-3.01145055121854e-07
0.105684672517218,0.730339930105384,-0.00967693190131417,0.952340462809042,0.000266160166165362,-0.047700277488993,0.000266939347547809,-1.02638852659711,-2.05368940638107e-07
0.106417611406461,0.730338593081517,-0.0097440648894603,0.952341013806605,0.000267998478974915,-0.047700293229474,0.000268793966988165,-1.0263904498445,-1.06884980241584e-07
0.10715563333568,0.730337237359446,-0.00981166390954868,0.952341572471019,0.000269849382744646,-0.0477003091827757,0.000270661518409268,-1.02639239972217,-5.63181347390529e-09
0.107898773556513,0.730335862676446,-0.00987973220286811,0.952342138908932,0.000271712961488079,-0.0477003253516858,0.000272542092947944,-1.02639437659692,9.84532295689178e-08
0.108647067565072,0.730334468766069,-0.00994827303337256,0.952342713228479,0.000273589299732252,-0.0477003417390257,0.000274435782403013,-1.02639638084053,2.05434155499395e-07
0.109400551103639,0.730333055358087,-0.0100172896878418,0.952343295539296,0.000275478482519803,-0.0477003583476512,0.000276342679240496,-1.02639841282985,3.15376335650874e-07
0.110159260162376,0.730331622178439,-0.0100867854760436,0.952343885952544,0.000277380595411117,-0.0477003751804528,0.000278262876598866,-1.02640047294686,4.2834653441598e-07
0.11092323098104,0.730330168949177,-0.0101567637308967,0.952344484580928,0.000279295724486343,-0.0477003922403558,0.000280196468294345,-1.02640256157876,5.44412938369154e-07
0.111692500050717,0.730328695388405,-0.0102272278086353,0.952345091538723,0.000281223956347524,-0.0477004095303209,0.000282143548826255,-1.026404679118,6.63645185784711e-07
0.112467104115564,0.730327201210226,-0.0102981810889746,0.95234570694179,0.000283165378120634,-0.0477004270533444,0.000284104213382416,-1.02640682596235,7.86114397029192e-07
0.113247080174565,0.730325686124685,-0.0103696269752777,0.952346330907601,0.000285120077457589,-0.0477004448124586,0.000286078557844597,-1.02640900251503,9.11893205231273e-07
0.114032465483296,0.730324149837706,-0.0104415688947233,0.952346963555262,0.000287088142538264,-0.0477004628107322,0.000288066678794016,-1.02641120918472,1.04105578794395e-06
0.114823297555707,0.730322592051036,-0.0105140102984755,0.952347605005535,0.000289069662072513,-0.0477004810512704,0.000290068673516898,-1.02641344638566,1.17367789916056e-06
0.115619614165913,0.730321012462184,-0.0105869546618538,0.952348255380857,0.000291064725302102,-0.0477004995372156,0.000292084640010069,-1.0264157145377,1.30983690217745e-06
0.116421453349997,0.730319410764356,-0.0106604054845051,0.952348914805373,0.0002930734220027,-0.0477005182717476,0.000294114676986627,-1.02641801406643,1.44961180308795e-06
0.117228853407829,0.730317786646399,-0.0107343662905767,0.952349583404948,0.000295095842485773,-0.0477005372580836,0.000296158883881649,-1.02642034540317,1.59308328474828e-06
0.118041852904894,0.730316139792734,-0.0108088406288906,0.952350261307201,0.000297132077600506,-0.0477005564994792,0.000298217360857957,-1.02642270898514,1.74033374191612e-06
0.118860490674132,0.730314469883289,-0.0108838320731191,0.952350948641522,0.000299182218735664,-0.0477005759992281,0.000300290208811942,-1.02642510525545,1.89144731661817e-06
0.1196848058178,0.730312776593442,-0.0109593442219619,0.9523516455391,0.000301246357821467,-0.047700595760663,0.000302377529379443,-1.02642753466326,2.04650993447519e-06
0.120514837709331,0.730311059593946,-0.0110353806993239,0.952352352132949,0.000303324587331417,-0.0477006157871554,0.000304479424941678,-1.02642999766379,2.20560934178354e-06
0.12135062599522,0.730309318550866,-0.0111119451544948,0.952353068557931,0.000305417000284077,-0.0477006360821164,0.000306595998631237,-1.02643249471844,2.36883514325575e-06
0.122192210596917,0.730307553125512,-0.0111890412623304,0.952353794950781,0.000307523690244855,-0.047700656648997,0.000308727354338131,-1.02643502629486,2.53627884056612e-06
0.123039631712731,0.730305762974369,-0.0112666727234341,0.952354531450136,0.000309644751327741,-0.0477006774912879,0.000310873596715899,-1.02643759286702,2.70803387183299e-06
0.123892929819754,0.730303947749024,-0.011344843264341,0.95235527819656,0.000311780278197043,-0.0477006986125207,0.000313034831187783,-1.02644019491534,2.88419565164927e-06
0.124752145675793,0.730302107096099,-0.0114235566377025,0.95235603533257,0.000313930366069012,-0.0477007200162673,0.000315211163952939,-1.02644283292671,3.06486161202185e-06
0.125617320321316,0.730300240657174,-0.0115028166224727,0.952356803002663,0.000316095110713545,-0.0477007417061412,0.00031740270199274,-1.0264455073946,3.25013124437279e-06
0.126488495081411,0.73029834806872,-0.0115826270240956,0.952357581353346,0.000318274608455769,-0.0477007636857969,0.000319609553077116,-1.02644821881919,3.44010614197754e-06
0.127365711567764,0.730296428962016,-0.0116629916746949,0.952358370533161,0.000320468956177607,-0.0477007859589311,0.000321831825770973,-1.02645096770738,3.63489004362449e-06
0.128249011680643,0.730294482963082,-0.0117439144332638,0.952359170692714,0.000322678251319354,-0.0477008085292823,0.00032406962944066,-1.02645375457293,3.83458887803778e-06
0.129138437610901,0.730292509692596,-0.011825399185857,0.952359981984705,0.000324902591881161,-0.0477008314006316,0.000326323074260516,-1.02645657993655,4.03931080912578e-06
0.130034031841991,0.730290508765818,-0.0119074498457842,0.952360804563954,0.000327142076424473,-0.0477008545768029,0.000328592271219463,-1.02645944432597,4.24916628234684e-06
0.130935837151994,0.730288479792511,-0.0119900703538044,0.952361638587435,0.000329396804073505,-0.047700878061663,0.000330877332127683,-1.02646234827603,4.46426807168554e-06
0.131843896615665,0.73028642237686,-0.0120732646783223,0.952362484214303,0.000331666874516589,-0.0477009018591223,0.00033317836962335,-1.0264652923288,4.68473132804459e-06
0.132758253606487,0.730284336117393,-0.012157036815586,0.952363341605922,0.000333952388007527,-0.047700925973135,0.00033549549717943,-1.02646827703365,4.91067362821951e-06
0.133678951798747,0.730282220606893,-0.0122413907898857,0.952364210925901,0.00033625344536686,-0.0477009504076991,0.000337828829110554,-1.02647130294734,5.14221502505297e-06
0.134606035169616,0.730280075432318,-0.0123263306537546,0.952365092340121,0.000338570147983178,-0.0477009751668571,0.000340178480579954,-1.02647437063414,5.37947809853279e-06
0.135539548001256,0.730277900174717,-0.0124118604881708,0.952365986016768,0.000340902597814254,-0.0477010002546962,0.000342544567606473,-1.02647748066592,5.62258800813897e-06
0.136479534882933,0.730275694409136,-0.0124979844027606,0.952366892126366,0.00034325089738823,-0.0477010256753486,0.000344927207071643,-1.02648063362224,5.87167254578747e-06
0.137426040713143,0.730273457704539,-0.0125847065360042,0.952367810841807,0.000345615149804735,-0.0477010514329915,0.000347326516726835,-1.02648383009045,6.1268621903976e-06
0.138379110701763,0.730271189623711,-0.0126720310554416,0.952368742338385,0.000347995458735897,-0.0477010775318481,0.000349742615200484,-1.02648707066579,6.3882901632506e-06
0.139338790372205,0.730268889723173,-0.0127599621578809,0.952369686793831,0.000350391928427406,-0.047701103976187,0.000352175622005379,-1.02649035595151,6.6560924844028e-06
0.140305125563594,0.730266557553087,-0.0128485040696083,0.952370644388344,0.000352804663699378,-0.0477011307703234,0.00035462565754604,-1.02649368655895,6.93040803047273e-06
0.141278162432955,0.730264192657162,-0.012937661046599,0.952371615304628,0.000355233769947297,-0.0477011579186184,0.000357092843126161,-1.02649706310766,7.21137859353849e-06
0.14225794745742,0.73026179457256,-0.0130274373747299,0.952372599727922,0.000357679353142838,-0.0477011854254802,0.000359577300956122,-1.0265004862255,7.49914894104808e-06
0.143244527436446,0.730259362829801,-0.0131178373699943,0.952373597846043,0.000360141519834604,-0.0477012132953637,0.000362079154160608,-1.02650395654875,7.79386687715933e-06
0.14423794949405,0.730256896952661,-0.0132088653787177,0.952374609849412,0.00036262037714889,-0.0477012415327711,0.000364598526786263,-1.0265074747222,8.09568330516208e-06
0.145238261081064,0.730254396458078,-0.0133005257777755,0.952375635931101,0.000365116032790269,-0.0477012701422521,0.000367135543809461,-1.02651104139931,8.40475229124671e-06
0.146245509977397,0.730251860856045,-0.0133928229748118,0.952376676286858,0.000367628595042201,-0.0477012991284041,0.000369690331144132,-1.02651465724225,8.72123112970191e-06
0.147259744294318,0.730249289649512,-0.0134857614084612,0.952377731115156,0.000370158172767546,-0.0477013284958723,0.000372263015649687,-1.02651832292206,9.04528040888974e-06
0.148281012476756,0.730246682334282,-0.0135793455485699,0.95237880061722,0.000372704875408979,-0.0477013582493502,0.000374853725139006,-1.02652203911876,9.37706407930228e-06
0.149309363305612,0.730244038398902,-0.0136735798964211,0.952379884997073,0.000375268812989403,-0.0477013883935796,0.000377462588386535,-1.02652580652146,9.71674952243706e-06
0.150344845900091,0.730241357324555,-0.0137684689849602,0.952380984461571,0.000377850096112221,-0.047701418933351,0.000380089735136435,-1.02652962582846,1.00645076211298e-05
0.151387509720044,0.730238638584959,-0.0138640173790223,0.952382099220444,0.000380448835961538,-0.0477014498735035,0.000382735296110848,-1.02653349774737,1.04205128316909e-05
0.152437404568337,0.730235881646245,-0.0139602296755617,0.952383229486332,0.000383065144302318,-0.0477014812189255,0.000385399403018228,-1.02653742299527,1.07849432569029e-05
0.153494580593225,0.730233085966854,-0.0140571105038823,0.952384375474833,0.000385699133480518,-0.0477015129745541,0.000388082188561766,-1.02654140229878,1.1157980721016e-05
0.154559088290748,0.730230250997416,-0.014154664525871,0.952385537404535,0.00038835091642294,-0.0477015451453763,0.000390783786447909,-1.0265454363942,1.15398108457843e-05
0.155630978507143,0.73022737618064,-0.0142528964362311,0.952386715497065,0.000391020606637229,-0.0477015777364281,0.000393504331394963,-1.02654952602763,1.1930623128556e-05
0.156710302441275,0.730224460951189,-0.0143518109627191,0.952387909977125,0.000393708318211655,-0.0477016107527953,0.000396243959141781,-1.02655367195511,1.2330611021294e-05
0.15779711164708,0.730221504735569,-0.0144514128663825,0.95238912107254,0.000396414165814821,-0.0477016441996136,0.000399002806456568,-1.02655787494272,1.27399720118437e-05
0.158891458036027,0.730218506951999,-0.014551706941799,0.952390349014298,0.000399138264695332,-0.0477016780820684,0.000401781011145741,-1.02656213576672,1.31589077062705e-05
0.159993393879601,0.730215467010296,-0.0146526980173184,0.952391594036593,0.000401880730681297,-0.0477017124053951,0.000404578712062919,-1.0265664552137,1.35876239131388e-05
0.161102971811794,0.730212384311741,-0.0147543909553055,0.952392856376874,0.000404641680179757,-0.0477017471748793,0.000407396049117991,-1.02657083408066,1.40263307295413e-05
0.162220244831628,0.73020925824896,-0.0148567906523851,0.952394136275885,0.000407421230176088,-0.0477017823958566,0.000410233163286281,-1.02657527317518,1.44752426284867e-05
0.163345266305675,0.730206088205787,-0.0149599020396894,0.952395433977714,0.000410219498233194,-0.047701818073713,0.000413090196617825,-1.02657977331555,1.49345785484256e-05
0.164478089970617,0.730202873557139,-0.015063730083106,0.952396749729836,0.000413036602490657,-0.0477018542138845,0.000415967292246722,-1.02658433533088,1.54045619843723e-05
0.165618769935804,0.730199613668879,-0.0151682797835287,0.952398083783166,0.000415872661663756,-0.0477018908218577,0.000418864594400617,-1.02658896006126,1.58854210808856e-05
0.166767360685846,0.730196307897684,-0.0152735561771099,0.952399436392098,0.000418727795042397,-0.0477019279031692,0.000421782248410265,-1.02659364835789,1.63773887267987e-05
0.167923917083208,0.7301929555909,-0.015379564335515,0.952400807814561,0.000421602122489918,-0.047701965463406,0.000424720400719203,-1.02659840108323,1.68807026520723e-05
0.169088494370839,0.730189556086413,-0.0154863093661782,0.952402198312065,0.000424495764441792,-0.0477020035082054,0.000427679198893529,-1.02660321911109,1.73956055262298e-05
0.170261148174801,0.730186108712499,-0.0155937964125612,0.952403608149748,0.000427408841904172,-0.0477020420432548,0.000430658791631794,-1.02660810332685,1.79223450591376e-05
0.171441934506935,0.73018261278768,-0.0157020306544124,0.952405037596432,0.000430341476452357,-0.0477020810742918,0.000433659328774981,-1.02661305462755,1.84611741034235e-05
0.172630909767531,0.730179067620584,-0.0158110173080294,0.952406486924669,0.000433293790229102,-0.0477021206071041,0.000436680961316623,-1.02661807392202,1.90123507592538e-05
0.173828130748022,0.730175472509786,-0.0159207616265226,0.952407956410793,0.000436265905942854,-0.0477021606475292,0.000439723841413002,-1.0266231621311,1.95761384808729e-05
0.1750336546337,0.730171826743669,-0.0160312689000809,0.952409446334976,0.000439257946865761,-0.0477022012014546,0.000442788122393486,-1.02662832018769,2.01528061855166e-05
0.176247539006444,0.730168129600259,-0.0161425444562399,0.952410956981278,0.00044227003683164,-0.047702242274817,0.000445873958770954,-1.026633549037,2.07426283644341e-05
0.177469841847474,0.730164380347077,-0.016254593660151,0.952412488637703,0.00044530230023378,-0.0477022838736031,0.000448981506252358,-1.02663884963661,2.13458851957005e-05
0.178700621540116,0.730160578240976,-0.0163674219148539,0.952414041596249,0.000448354862022542,-0.0477023260038485,0.000452110921749389,-1.02664422295668,2.19628626600687e-05
0.179939936872594,0.730156722527982,-0.0164810346615496,0.952415616152972,0.000451427847702874,-0.0477023686716378,0.000455262363389266,-1.02664966998009,2.25938526583341e-05
0.181187847040838,0.730152812443131,-0.0165954373798768,0.952417212608031,0.00045452138333173,-0.0477024118831045,0.000458435990525643,-1.02665519170258,2.32391531313908e-05
0.182444411651309,0.730148847210299,-0.0167106355881893,0.952418831265756,0.000457635595515208,-0.0477024556444304,0.000461631963749635,-1.02666078913294,2.38990681826201e-05
0.183709690723849,0.73014482604204,-0.0168266348438359,0.952420472434696,0.000460770611405557,-0.0477024999618455,0.000464850444900972,-1.02666646329312,2.45739082026797e-05
0.184983744694544,0.730140748139406,-0.0169434407434426,0.952422136427683,0.000463926558698185,-0.0477025448416274,0.000468091597079266,-1.02667221521845,2.52639899964852e-05
0.186266634418617,0.730136612691779,-0.0170610589231962,0.952423823561893,0.00046710356562827,-0.0477025902901013,0.000471355584655423,-1.02667804595773,2.59696369131757e-05
0.187558421173328,0.730132418876694,-0.0171794950591305,0.952425534158899,0.000470301760967344,-0.0477026363136392,0.000474642573283163,-1.02668395657347,2.66911789783969e-05
0.188859166660905,0.730128165859653,-0.0172987548674147,0.952427268544738,0.000473521274019693,-0.0477026829186596,0.000477952729910682,-1.02668994814201,2.74289530288879e-05
0.190168933011491,0.73012385279395,-0.0174188441046431,0.952429027049971,0.000476762234618497,-0.047702730111627,0.000481286222792434,-1.02669602175368,2.81833028501766e-05
0.191487782786108,0.730119478820478,-0.017539768568128,0.952430810009744,0.000480024773121906,-0.0477027778990513,0.00048464322150106,-1.026702178513,2.89545793167034e-05
0.192815778979652,0.730115043067547,-0.0176615340961942,0.952432617763855,0.00048330902040887,-0.0477028262874876,0.000488023896939438,-1.02670841953882,2.97431405347492e-05
0.194152985023894,0.730110544650688,-0.0177841465684754,0.952434450656814,0.000486615107874708,-0.0477028752835349,0.000491428421352873,-1.02671474596452,3.05493519881517e-05
0.195499464790516,0.730105982672457,-0.0179076119062131,0.952436309037912,0.000489943167426642,-0.047702924893836,0.000494856968341425,-1.02672115893815,3.13735866868808e-05
0.196855282594159,0.730101356222241,-0.0180319360725575,0.952438193261284,0.000493293331478992,-0.0477029751250768,0.000498309712872381,-1.02672765962264,3.22162253183489e-05
0.198220503195496,0.730096664376056,-0.0181571250728712,0.952440103685978,0.00049666573294823,-0.0477030259839853,0.000501786831292862,-1.02673424919595,3.30776564020085e-05
0.199595191804325,0.730091906196339,-0.0182831849550339,0.952442040676025,0.000500060505247767,-0.0477030774773309,0.000505288501342576,-1.02674092885125,3.39582764466717e-05
0.200979414082682,0.730087080731743,-0.0184101218097502,0.9524440046005,0.000503477782282657,-0.0477031296119237,0.000508814902166708,-1.02674769979714,3.48584901109089e-05
0.202373236147981,0.730082187016927,-0.0185379417708596,0.952445995833602,0.000506917698443934,-0.0477031823946135,0.000512366214328976,-1.02675456325776,3.57787103666268e-05
0.203776724576168,0.730077224072338,-0.0186666510156485,0.952448014754719,0.000510380388602717,-0.0477032358322889,0.000515942619824819,-1.02676152047303,3.67193586660458e-05
0.205189946404906,0.730072190903996,-0.0187962557651639,0.952450061748497,0.000513865988104267,-0.0477032899318765,0.00051954430209473,-1.0267685726988,3.76808651111615e-05
0.206612969136771,0.730067086503271,-0.0189267622845309,0.952452137204922,0.000517374632761629,-0.0477033447003395,0.000523171446037768,-1.02677572120709,3.86636686275227e-05
0.208045860742482,0.730061909846658,-0.0190581768832703,0.952454241519385,0.000520906458849064,-0.047703400144677,0.000526824238025192,-1.0267829672862,3.96682171404789e-05
0.209488689664142,0.730056659895546,-0.0191905059156207,0.95245637509276,0.000524461603095293,-0.0477034562719227,0.000530502865914277,-1.02679031224097,4.06949677554114e-05
0.210941524818514,0.730051335595991,-0.019323755780861,0.95245853833148,0.000528040202676414,-0.0477035130891435,0.000534207519062278,-1.02679775739291,4.17443869410034e-05
0.212404435600306,0.730045935878475,-0.0194579329236367,0.952460731647615,0.000531642395208705,-0.0477035706034386,0.000537938388340545,-1.02680530408045,4.28169507162846e-05
0.21387749188549,0.730040459657665,-0.0195930438342871,0.952462955458946,0.000535268318740876,-0.047703628821938,0.000541695666148818,-1.0268129536591,4.39131448414093e-05
0.215360764034637,0.73003490583217,-0.0197290950491762,0.952465210189049,0.000538918111746355,-0.0477036877518012,0.000545479546429677,-1.02682070750166,4.50334650115986e-05
0.21685432289628,0.730029273284297,-0.0198660931510248,0.952467496267371,0.000542591913115079,-0.0477037474002154,0.000549290224683161,-1.02682856699841,4.61784170554813e-05
0.218358239810298,0.730023560879792,-0.0200040447692454,0.952469814129313,0.000546289862145225,-0.0477038077743946,0.000553127897981539,-1.02683653355729,4.73485171363364e-05
0.21987258661132,0.730017767467587,-0.0201429565802795,0.952472164216312,0.000550012098534326,-0.0477038688815775,0.000556992764984282,-1.02684460860417,4.85442919581219e-05
0.22139743563216,0.73001189187954,-0.0202828353079371,0.952474546975924,0.000553758762370377,-0.0477039307290258,0.000560885025953188,-1.02685279358296,4.97662789749748e-05
0.222932859707273,0.730005932930167,-0.0204236877237386,0.952476962861909,0.000557529994122504,-0.0477039933240231,0.000564804882767677,-1.02686108995587,5.10150266044979e-05
0.224478932176229,0.729999889416378,-0.0205655206472591,0.952479412334318,0.000561325934631339,-0.0477040566738722,0.00056875253894028,-1.02686949920364,5.22910944455862e-05
0.22603572688722,0.729993760117197,-0.020708340946475,0.952481895859574,0.000565146725099067,-0.0477041207858939,0.000572728199632291,-1.02687802282566,5.35950534999718e-05
0.227603318200585,0.729987543793488,-0.0208521555381126,0.95248441391057,0.000568992507079175,-0.0477041856674247,0.000576732071669609,-1.02688666234026,5.49274863983207e-05
0.229181780992365,0.72998123918767,-0.0209969713880001,0.952486966966749,0.000572863422465809,-0.0477042513258148,0.000580764363558757,-1.02689541928489,5.62889876302847e-05
0.230771190657875,0.729974845023432,-0.0211427955114209,0.9524895555142,0.000576759613482889,-0.0477043177684258,0.000584825285503094,-1.02690429521633,5.76801637790364e-05
0.23237162311531,0.729968360005438,-0.0212896349734698,0.952492180045748,0.000580681222672692,-0.0477043850026289,0.000588915049419213,-1.0269132917109,5.91016337605638e-05
0.233983154809368,0.729961782819032,-0.0214374968894116,0.952494841061045,0.000584628392884288,-0.0477044530358021,0.00059303386895352,-1.02692241036471,6.05540290668644e-05
0.235605862714901,0.729955112129935,-0.0215863884250421,0.952497539066669,0.000588601267261513,-0.0477045218753277,0.000597181959499014,-1.02693165279381,6.20379940139276e-05
0.237239824340596,0.729948346583937,-0.0217363167970508,0.952500274576215,0.000592599989230457,-0.0477045915285905,0.000601359538212255,-1.02694102063446,6.35541859948796e-05
0.238885117732672,0.729941484806588,-0.0218872892733874,0.952503048110395,0.000596624702486725,-0.0477046620029742,0.000605566824030542,-1.02695051554335,6.510327573718e-05
0.240541821478611,0.729934525402876,-0.0220393131736299,0.952505860197134,0.00060067555098231,-0.0477047333058594,0.000609804037689277,-1.02696013919779,6.66859475649262e-05
0.242210014710909,0.72992746695691,-0.022192395869354,0.952508711371672,0.000604752678911878,-0.0477048054446205,0.00061407140173952,-1.02696989329596,6.83028996661811e-05
0.24388977711086,0.729920308031587,-0.0223465447845074,0.95251160217666,0.000608856230698861,-0.0477048784266226,0.000618369140565779,-1.0269797795571,6.99548443651166e-05
0.24558118891236,0.729913047168263,-0.0225017673957843,0.95251453316227,0.000612986350980955,-0.0477049522592187,0.000622697480403977,-1.02698979972178,7.16425083992084e-05
0.247284330905736,0.729905682886411,-0.0226580712330033,0.952517504886292,0.000617143184595333,-0.0477050269497463,0.000627056649359643,-1.0269999555521,7.33666332018018e-05
0.24899928444161,0.729898213683277,-0.0228154638794878,0.952520517914243,0.000621326876563244,-0.0477051025055242,0.000631446877426299,-1.02701024883191,7.51279751895484e-05
0.250726131434783,0.729890638033529,-0.0229739529724478,0.952523572819471,0.000625537572074328,-0.0477051789338491,0.000635868396504076,-1.02702068136705,7.69273060557546e-05
0.252464954368146,0.729882954388906,-0.0231335462033658,0.952526670183264,0.000629775416470399,-0.0477052562419919,0.000640321440418543,-1.02703125498559,7.87654130684629e-05
0.254215836296621,0.729875161177847,-0.0232942513183833,0.952529810594962,0.000634040555228671,-0.0477053344371942,0.000644806244939732,-1.02704197153804,8.06430993745832e-05
0.25597886085113,0.729867256805131,-0.0234560761186909,0.952532994652063,0.000638333133944714,-0.0477054135266645,0.000649323047801413,-1.02705283289761,8.25611843092433e-05
0.257754112242586,0.729859239651499,-0.0236190284609202,0.952536222960341,0.000642653298314637,-0.0477054935175737,0.000653872088720568,-1.02706384096039,8.45205037111607e-05
0.259541675265918,0.72985110807327,-0.0237831162575384,0.952539496133955,0.000647001194117015,-0.0477055744170518,0.000658453609417103,-1.02707499764567,8.65219102436088e-05
0.261341635304121,0.729842860401964,-0.0239483474772449,0.952542814795568,0.000651376967194126,-0.0477056562321832,0.000663067853633781,-1.02708630489609,8.85662737211135e-05
0.263154078332332,0.729834494943897,-0.0241147301453709,0.952546179576465,0.000655780763432805,-0.0477057389700022,0.000667715067156389,-1.02709776467793,9.06544814426591e-05
0.26497909092194,0.729826009979789,-0.0242822723442803,0.952549591116667,0.000660212728744544,-0.0477058226374886,0.000672395497834122,-1.02710937898133,9.27874385301952e-05
0.266816760244719,0.729817403764354,-0.024450982213774,0.952553050065058,0.000664673009045331,-0.0477059072415632,0.000677109395600225,-1.02712114982053,9.49660682740272e-05
0.268667174076992,0.729808674525887,-0.024620867951496,0.9525565570795,0.00066916175023464,-0.0477059927890825,0.000681857012492847,-1.02713307923411,9.71913124839796e-05
0.270530420803823,0.729799820465844,-0.0247919378133419,0.952560112826964,0.000673679098173965,-0.0477060792868338,0.000686638602676157,-1.02714516928523,9.94641318473044e-05
0.27240658942324,0.729790839758412,-0.0249642001138693,0.952563717983651,0.000678225198664888,-0.0477061667415301,0.000691454422461673,-1.02715742206189,0.000101785506292557
0.274295769550488,0.72978173055008,-0.0251376632267116,0.952567373235118,0.000682800197426219,-0.0477062551598046,0.000696304730329867,-1.02716983967712,0.000104156435360603
0.276198051422303,0.729772490959189,-0.0253123355849926,0.952571079276413,0.000687404240070889,-0.0477063445482051,0.000701189786951985,-1.02718242426929,0.000106577938581903
0.278113525901229,0.729763119075487,-0.0254882256817445,0.952574836812199,0.00069203747208188,-0.0477064349131881,0.000706109855212132,-1.02719517800231,0.000109051055860759
0.280042284479955,0.729753612959676,-0.0256653420703275,0.95257864655689,0.000696700038787815,-0.0477065262611133,0.000711065200229617,-1.02720810306588,0.000111576847866418
0.281984419285683,0.729743970642938,-0.0258436933648518,0.952582509234785,0.000701392085337524,-0.0477066185982368,0.000716056089381517,-1.02722120167575,0.000114156396430865
0.283940023084533,0.729734190126468,-0.0260232882406018,0.952586425580204,0.000706113756674349,-0.0477067119307052,0.000721082792325529,-1.02723447607394,0.000116790804954303
0.285909189285972,0.729724269380995,-0.0262041354344625,0.952590396337625,0.000710865197509417,-0.0477068062645486,0.000726145581023069,-1.02724792852902,0.000119481198817245
0.287892011947275,0.729714206346289,-0.0263862437453475,0.952594422261827,0.000715646552294266,-0.0477069016056744,0.000731244729762613,-1.02726156133632,0.000122228725800255
0.289888585778017,0.729703998930667,-0.0265696220346303,0.952598504118026,0.000720457965193072,-0.0477069979598597,0.000736380515183336,-1.02727537681821,0.000125034556510889
0.291899006144599,0.729693645010485,-0.0267542792265759,0.952602642682025,0.000725299580053504,-0.0477070953327444,0.000741553216298977,-1.02728937732432,0.000127899884818511
0.293923369074803,0.72968314242963,-0.0269402243087764,0.952606838740356,0.000730171540377557,-0.0477071937298234,0.000746763114521993,-1.02730356523179,0.000130825928296191
0.295961771262377,0.729672488998991,-0.0271274663325871,0.95261109309043,0.000735073989290964,-0.0477072931564395,0.000752010493687972,-1.02731794294553,0.000133813928671012
0.298014310071653,0.729661682495931,-0.027316014413565,0.952615406540683,0.000740007069512258,-0.0477073936177746,0.000757295640080331,-1.02733251289847,0.000136865152281646
0.300081083542203,0.729650720663745,-0.0275058777319094,0.952619779910733,0.000744970923320779,-0.0477074951188423,0.000762618842455248,-1.02734727755177,0.000139980890544206
0.302162190393513,0.729639601211115,-0.0276970655329048,0.952624214031528,0.000749965692524023,-0.0477075976644788,0.000767980392066921,-1.02736223939511,0.00014316246042631
0.304257730029708,0.729628321811547,-0.0278895871273641,0.952628709745509,0.000754991518423925,-0.0477077012593345,0.000773380582693065,-1.02737740094691,0.000146411204929031
0.306367802544292,0.729616880102805,-0.0280834518920758,0.95263326790676,0.000760048541782563,-0.047707805907865,0.000778819710660706,-1.0273927647546,0.000149728493577361
0.308492508724934,0.729605273686332,-0.0282786692702509,0.952637889381175,0.000765136902786713,-0.0477079116143216,0.000784298074872231,-1.02740833339483,0.000153115722919178
0.31063195005828,0.729593500126664,-0.0284752487719726,0.952642575046618,0.000770256741011659,-0.0477080183827421,0.000789815976831764,-1.02742410947374,0.00015657431703256
0.312786228734801,0.729581556950834,-0.0286731999746478,0.952647325793085,0.00077540819538402,-0.0477081262169403,0.00079537372067178,-1.02744009562719,0.000160105728042065
0.314955447653674,0.729569441647762,-0.0288725325234593,0.952652142522876,0.000780591404143632,-0.0477082351204967,0.000800971613180033,-1.02745629452103,0.000163711436643482
0.317139710427697,0.729557151667639,-0.0290732561318203,0.952657026150759,0.000785806504804469,-0.0477083450967473,0.00080660996382676,-1.0274727088513,0.000167392952637763
0.319339121388238,0.729544684421301,-0.0292753805818305,0.952661977604147,0.000791053634114552,-0.0477084561487731,0.000812289084792182,-1.02748934134451,0.000171151815474002
0.321553785590219,0.729532037279585,-0.0294789157247325,0.952666997823267,0.000796332928015023,-0.047708568279389,0.000818009290994282,-1.02750619475786,0.000174989594801167
0.323783808817133,0.729519207572685,-0.0296838714813707,0.952672087761337,0.000801644521597769,-0.0477086814911323,0.000823770900116892,-1.02752327187947,0.000178907891029728
0.326029297586097,0.729506192589494,-0.0298902578426514,0.952677248384749,0.000806988549062498,-0.0477087957862512,0.000829574232638066,-1.02754057552866,0.000182908335902038
0.328290359152942,0.729492989576922,-0.0300980848700031,0.952682480673243,0.000812365143672319,-0.047708911166692,0.000835419611858739,-1.02755810855611,0.00018699259307331
0.330567101517332,0.729479595739227,-0.0303073626958391,0.952687785620096,0.000817774437708522,-0.0477090276340874,0.000841307363931702,-1.0275758738442,0.00019116235870037
0.332859633427924,0.729466008237311,-0.0305181015240208,0.952693164232307,0.000823216562424012,-0.0477091451897431,0.00084723781789086,-1.02759387430714,0.000195419362042426
0.335168064387565,0.729452224188019,-0.0307303116303212,0.952698617530783,0.000828691647995684,-0.0477092638346247,0.000853211305680781,-1.02761211289126,0.000199765366069637
0.337492504658521,0.729438240663422,-0.0309440033628908,0.952704146550534,0.000834199823475608,-0.0477093835693442,0.00085922816218658,-1.02763059257522,0.000204202168083784
0.339833065267741,0.729424054690085,-0.0311591871427228,0.952709752340862,0.000839741216741012,-0.0477095043941461,0.000865288725264059,-1.02764931637024,0.000208731600346762
0.342189858012163,0.729409663248327,-0.0313758734641201,0.952715435965563,0.000845315954443024,-0.0477096263088926,0.000871393335770181,-1.02766828732035,0.000213355530721659
0.344562995464054,0.729395063271464,-0.0315940728951622,0.952721198503121,0.000850924161954106,-0.0477097493130491,0.000877542337593831,-1.02768750850254,0.000218075863322259
0.346952590976386,0.729380251645049,-0.0318137960781727,0.952727041046912,0.000856565963314279,-0.0477098734056688,0.000883736077686873,-1.02770698302706,0.000222894539174373
0.349358758688252,0.729365225206084,-0.032035053730188,0.952732964705409,0.000862241481175988,-0.0477099985853771,0.000889974906095543,-1.0277267140376,0.000227813536887306
0.351781613530314,0.729349980742234,-0.0322578566434255,0.952738970602388,0.00086795083674758,-0.0477101248503557,0.000896259175992107,-1.0277467047115,0.000232834873335724
0.354221271230298,0.729334514991018,-0.0324822156857518,0.952745059877141,0.000873694149735489,-0.0477102521983255,0.000902589243706849,-1.02776695825996,0.000237960604353299
0.356677848318515,0.729318824638991,-0.032708141801152,0.952751233684684,0.000879471538284896,-0.04771038062653,0.00090896546876034,-1.02778747792827,0.000243192825436334
0.359151462133436,0.729302906320908,-0.032935646010198,0.952757493195976,0.000885283118919084,-0.0477105101317176,0.000915388213896046,-1.02780826699599,0.000248533672459444
0.361642230827288,0.729286756618884,-0.0331647394105168,0.95276383959814,0.000891129006477136,-0.0477106407101238,0.000921857845113196,-1.02782932877716,0.000253985322401479
0.364150273371703,0.729270372061527,-0.0333954331772595,0.95277027409468,0.000897009314050366,-0.0477107723574524,0.000928374731700005,-1.02785066662048,0.000259549994084007
0.366675709563398,0.729253749123065,-0.033627738563568,0.952776797905709,0.000902924152916963,-0.0477109050688569,0.000934939246267142,-1.02787228390954,0.000265229948919699
0.369218660029898,0.729236884222457,-0.0338616669010428,0.952783412268175,0.000908873632475202,-0.0477110388389205,0.00094155176478155,-1.02789418406296,0.000271027491674319
0.371779246235299,0.729219773722488,-0.0340972296002097,0.952790118436095,0.000914857860175061,-0.0477111736616365,0.000948212666600542,-1.02791637053461,0.000276944971238091
0.374357590486067,0.72920241392885,-0.034334438150985,0.952796917680786,0.000920876941447962,-0.0477113095303876,0.00095492233450621,-1.02793884681378,0.000282984781411311
0.376953815936883,0.729184801089209,-0.03457330412314,0.952803811291104,0.00092693097963524,-0.0477114464379244,0.000961681154740123,-1.02796161642535,0.000289149361699714
0.379568046596523,0.729166931392253,-0.0348138391667651,0.952810800573683,0.000933020075914399,-0.0477115843763442,0.000968489517038329,-1.02798468292993,0.000295441198123414
0.382200407333782,0.729148800966727,-0.035056055012731,0.952817886853182,0.000939144329224033,-0.0477117233370684,0.000975347814666657,-1.02800804992408,0.000301862824037213
0.384851023883439,0.729130405880452,-0.0352999634731505,0.952825071472527,0.000945303836186656,-0.0477118633108195,0.00098225644445631,-1.02803172104044,0.00030841682096347
0.387520022852263,0.729111742139331,-0.0355455764418362,0.952832355793167,0.000951498691029784,-0.0477120042875982,0.000989215806839762,-1.02805569994787,0.000315105819437472
0.390207531725059,0.729092805686331,-0.0357929058947581,0.952839741195326,0.000957728985505182,-0.0477121462566583,0.000996226305886905,-1.02807999035159,0.000321932499864785
0.392913678870758,0.729073592400453,-0.0360419638904991,0.952847229078257,0.000963994808806073,-0.0477122892064831,0.00100328834934157,-1.02810459599337,0.000328899593391663
0.395638593548549,0.729054098095687,-0.0362927625707062,0.952854820860507,0.000970296247482502,-0.0477124331247589,0.00101040234865821,-1.02812952065161,0.000336009882788174
0.398382405914052,0.72903431851995,-0.0365453141605431,0.95286251798018,0.000976633385354496,-0.0477125779983498,0.00101756871903902,-1.02815476814148,0.000343266203343684
0.401145247025537,0.729014249354,-0.0367996309691358,0.952870321895206,0.000983006303423378,-0.0477127238132705,0.00102478787947119,-1.02818034231505,0.000350671443775319
0.403927248850181,0.72899388621034,-0.0370557253900183,0.952878234083611,0.000989415079780821,-0.047712870554659,0.00103206025276453,-1.02820624706139,0.000358228547150202
0.406728544270374,0.728973224632102,-0.0373136099015744,0.952886256043791,0.000995859789515746,-0.0477130182067486,0.00103938626558931,-1.0282324863067,0.000365940511819179
0.409549267090063,0.728952260091911,-0.0375732970674756,0.952894389294795,0.00100234050461907,-0.0477131667528386,0.00104676634851444,-1.02825906401434,0.000373810392365614
0.412389552041149,0.728930987990733,-0.0378347995371162,0.952902635376606,0.00100885729388618,-0.0477133161752656,0.00105420093604583,-1.028285984185,0.000381841300565428
0.415249534789915,0.728909403656707,-0.0380981300460449,0.952910995850425,0.00101541022281711,-0.0477134664553722,0.0010616904666651,-1.02831325085672,0.00039003640636226
0.418129351943512,0.728887502343948,-0.0383633014163904,0.952919472298966,0.00102199935351423,-0.0477136175734765,0.00106923538286845,-1.028340868105,0.000398398938854821
0.421029141056481,0.728865279231347,-0.0386303265572858,0.952928066326749,0.00102862474457764,-0.04771376950884,0.00107683613120586,-1.02836884004281,0.000406932187298092
0.423949040637325,0.728842729421335,-0.0388992184652853,0.952936779560394,0.00103528645099817,-0.0477139222396353,0.00108449316232052,-1.02839717082071,0.000415639502118426
0.426889190155123,0.72881984793864,-0.0391699902247784,0.952945613648932,0.00104198452404755,-0.0477140757429119,0.00109220693098844,-1.02842586462682,0.00042452429594142
0.429849730046193,0.728796629729022,-0.039442655008398,0.952954570264103,0.00104871901116634,-0.0477142299945627,0.00109997789615838,-1.0284549256869,0.000433590044634002
0.432830801720801,0.728773069657978,-0.0397172260774227,0.952963651100673,0.00105548995584893,-0.0477143849692883,0.00110780652099195,-1.02848435826435,0.000442840288360974
0.435832547569911,0.728749162509443,-0.0399937167821751,0.952972857876745,0.001062297397526,-0.0477145406405613,0.00111569327290396,-1.02851416666024,0.000452278632653125
0.438855110971994,0.728724902984458,-0.0402721405624117,0.95298219233408,0.00106914137144412,-0.0477146969805892,0.00112363862360299,-1.02854435521327,0.000461908749491924
0.441898636299867,0.728700285699821,-0.0405525109477082,0.952991656238422,0.00107602190854256,-0.0477148539602769,0.00113164304913209,-1.0285749282998,0.000471734378405808
0.444963268927599,0.728675305186722,-0.0408348415578379,0.95300125137982,0.00108293903532716,-0.0477150115491877,0.00113970702990977,-1.0286058903338,0.000481759327581488
0.448049155237445,0.728649955889347,-0.0411191461031431,0.953010979572968,0.00108989277374128,-0.0477151697155038,0.00114783105077119,-1.02863724576681,0.000491987474989408
0.451156442626847,0.728624232163467,-0.0414054383848989,0.953020842657536,0.0010968831410336,-0.047715328425986,0.00115601560100941,-1.02866899908792,0.00050242276952206
0.454285279515466,0.728598128275009,-0.0416937322956688,0.953030842498514,0.00110391014962293,-0.0477154876459316,0.00116426117441694,-1.02870115482366,0.000513069232147195
0.457435815352278,0.728571638398593,-0.0419840418196544,0.953040980986556,0.0011109738069598,-0.0477156473391326,0.00117256826932739,-1.02873371753795,0.000523930957074786
0.46060820062271,0.728544756616062,-0.0422763810330347,0.953051260038332,0.00111807411538482,-0.0477158074678316,0.00118093738865729,-1.02876669183204,0.000535012112937633
0.463802586855826,0.728517476914973,-0.0425707641042971,0.953061681596885,0.00112521107198353,-0.0477159679926776,0.00118936903994802,-1.02880008234433,0.000546316943986769
0.467019126631568,0.728489793187081,-0.0428672052945598,0.953072247631985,0.00113238466843809,-0.0477161288726805,0.00119786373540793,-1.02883389375032,0.000557849771299634
0.470257973588042,0.728461699226791,-0.0431657189578848,0.953082960140501,0.00113959489087537,-0.047716290065164,0.00120642199195455,-1.02886813076244,0.000569614994003265
0.473519282428857,0.728433188729589,-0.04346631954158,0.953093821146766,0.00114684171971144,-0.0477164515257187,0.00121504433125687,-1.02890279812991,0.000581617090510606
0.476803208930514,0.728404255290446,-0.0437690215864919,0.953104832702952,0.00115412512949239,-0.0477166132081526,0.00122373127977777,-1.02893790063856,0.000593860619771736
0.480109909949849,0.728374892402208,-0.044073839727287,0.953115996889453,0.00116144508873151,-0.0477167750644416,0.00123248336881654,-1.02897344311068,0.000606350222537605
0.483439543431522,0.728345093453953,-0.0443807886927225,0.953127315815266,0.00116880155974262,-0.0477169370446786,0.00124130113455139,-1.02900943040477,0.000619090622638679
0.486792268415562,0.728314851729327,-0.0446898833059049,0.953138791618383,0.00117619449846923,-0.047717099097021,0.0012501851180821,-1.02904586741537,0.000632086628276823
0.490168245044966,0.728284160404856,-0.0450011384845369,0.953150426466186,0.00118362385431017,-0.0477172611676373,0.00125913586547268,-1.02908275907281,0.000645343133330617
0.493567634573345,0.72825301254823,-0.045314569241151,0.953162222555845,0.00119108956994073,-0.0477174232006534,0.00126815392779399,-1.02912011034293,0.000658865118674828
0.496990599372628,0.728221401116575,-0.0456301906833316,0.953174182114727,0.0011985915811296,-0.0477175851380957,0.00127723986116656,-1.02915792622684,0.000672657653513542
0.500437302940819,0.728189318954678,-0.0459480180139211,0.953186307400807,0.00120612981655173,-0.0477177469198353,0.00128639422680312,-1.02919621176062,0.000686725896725249
0.503907909909802,0.728156758793208,-0.0462680665312152,0.953198600703082,0.00121370419759684,-0.0477179084835287,0.00129561759105138,-1.029234972015,0.000701075098222648
0.50740258605321,0.728123713246903,-0.0465903516291408,0.953211064341993,0.00122131463817285,-0.0477180697645596,0.0013049105254366,-1.02927421209505,0.000715710600325686
0.510921498294339,0.728090174812723,-0.0469148887974199,0.953223700669857,0.00122896104450548,-0.047718230695977,0.00131427360670413,-1.02931393713977,0.000730637839146425
0.514464814714125,0.728056135867996,-0.0472416936217189,0.953236512071296,0.00123664331493265,-0.0477183912084338,0.00132370741686193,-1.02935415232181,0.000745862345987475
0.518032704559168,0.728021588668523,-0.0475707817837802,0.953249500963677,0.00124436133969412,-0.0477185512301235,0.00133321254322296,-1.02939486284697,0.000761389748753588
0.52162533824982,0.727986525346658,-0.0479021690615374,0.953262669797559,0.00125211500071609,-0.0477187106867151,0.0013427895784474,-1.02943607395387,0.000777225773375106
0.525242887388322,0.727950937909372,-0.0482358713292151,0.953276021057142,0.00125990417139113,-0.0477188695012874,0.00135243912058479,-1.02947779091346,0.000793376245243643
0.528885524767003,0.727914818236282,-0.048571904557408,0.953289557260722,0.00126772871635242,-0.0477190275942614,0.00136216177311606,-1.02952001902855,0.000809847090660981
0.532553424376533,0.727878158077649,-0.0489102848131438,0.953303280961157,0.00127558849124304,-0.0477191848833314,0.00137195814499523,-1.02956276363336,0.000826644338298405
0.536246761414231,0.727840949052363,-0.0492510282599257,0.953317194746335,0.00128348334247966,-0.047719341283395,0.00138182885069104,-1.02960603009297,0.000843774120669605
0.539965712292437,0.727803182645891,-0.0495941511577567,0.953331301239647,0.00129141310701067,-0.0477194967064811,0.00139177451022829,-1.0296498238028,0.000861242675612828
0.543710454646936,0.727764850208197,-0.0499396698631425,0.95334560310047,0.00129937761206865,-0.0477196510616769,0.00140179574922895,-1.02969415018805,0.000879056347786678
0.547481167345445,0.727725942951642,-0.0502876008290733,0.953360103024653,0.00130737667491701,-0.0477198042550533,0.00141189319895295,-1.02973901470308,0.000897221590174635
0.551278030496154,0.727686451948851,-0.0506379606049857,0.953374803745011,0.0013154101025907,-0.0477199561895886,0.00142206749633876,-1.02978442283085,0.000915744965602094
0.55510122545633,0.727646368130553,-0.0509907658367006,0.953389708031826,0.00132347769163069,-0.047720106765091,0.00143231928404351,-1.02983038008222,0.000934633148262587
0.558950934840979,0.727605682283397,-0.0513460332663391,0.953404818693354,0.00133157922781223,-0.0477202558781196,0.00144264921048287,-1.02987689199528,0.000953892925254662
0.56282734253157,0.727564385047735,-0.0517037797322154,0.953420138576335,0.00133971448586676,-0.0477204034219033,0.00145305792987046,-1.02992396413471,0.000973531198127542
0.566730633684818,0.727522466915384,-0.0520640221687037,0.953435670566516,0.00134788322919725,-0.0477205492862584,0.00146354610225692,-1.02997160209099,0.000993554984438372
0.570660994741526,0.72747991822735,-0.0524267776060826,0.953451417589175,0.00135608520958681,-0.0477206933575055,0.00147411439356845,-1.03001981147965,0.00101397141931553
0.574618613435493,0.727436729171538,-0.0527920631703518,0.953467382609658,0.00136432016690027,-0.047720835518383,0.00148476347564498,-1.0300685979405,0.00103478775703264
0.578603678802477,0.727392889780418,-0.053159896083023,0.953483568633915,0.00137258782877893,-0.0477209756479608,0.0014954940262777,-1.0301179671368,0.00105601137259015
0.582616381189231,0.72734838992868,-0.0535302936608849,0.953499978709045,0.00138088791032806,-0.0477211136215508,0.00150630672924621,-1.03016792475442,0.00107764976330454
0.586656912262587,0.727303219330844,-0.0539032733157383,0.953516615923859,0.00138922011379694,-0.0477212493106171,0.00151720227435495,-1.03021847650093,0.00109971055040509
0.590725465018618,0.727257367538856,-0.0542788525541041,0.95353348340943,0.00139758412825128,-0.0477213825826837,0.00152818135746911,-1.03026962810469,0.00112220148063746
0.594822233791852,0.727210823939647,-0.0546570489769014,0.953550584339669,0.0014059796292382,-0.0477215133012404,0.00153924468054993,-1.03032138531395,0.00114513042787356
0.598947414264556,0.727163577752669,-0.0550378802790954,0.953567921931895,0.00141440627844273,-0.0477216413256479,0.00155039295168919,-1.0303737538958,0.00116850539472746
0.603101203476082,0.727115618027399,-0.0554213642493144,0.953585499447419,0.00142286372333694,-0.0477217665110398,0.00156162688514311,-1.03042673963517,0.00119233451417611
0.607283799832281,0.727066933640818,-0.0558075187694351,0.953603320192135,0.00143135159682013,-0.0477218887082245,0.00157294720136551,-1.03048034833381,0.00121662605118655
0.611495403114975,0.72701751329486,-0.0561963618141347,0.953621387517115,0.0014398695168507,-0.0477220077635837,0.00158435462704005,-1.03053458580919,0.00124138840434435
0.615736214491506,0.726967345513838,-0.0565879114504115,0.953639704819214,0.00144841708606944,-0.0477221235189704,0.0015958498951118,-1.03058945789333,0.00126663010748901
0.620006436524339,0.72691641864183,-0.0569821858370681,0.953658275541682,0.00145699389141386,-0.0477222358116046,0.00160743374481783,-1.03064497043173,0.00129235983134984
0.624306273180741,0.726864720840054,-0.0573792032241626,0.953677103174781,0.00146559950372321,-0.047722344473967,0.00161910692171696,-1.03070112928206,0.00131858638518667
0.628635929842521,0.726812240084203,-0.0577789819524223,0.953696191256416,0.00147423347733446,-0.0477224493336911,0.00163087017771851,-1.03075794031305,0.00134531871842869
0.632995613315842,0.726758964161757,-0.0581815404526206,0.953715543372767,0.00148289534966833,-0.047722550213454,0.00164272427111011,-1.0308154094031,0.00137256592231855
0.637385531841099,0.726704880669264,-0.0585868972449168,0.95373516315893,0.001491584640806,-0.0477226469308644,0.00165466996658443,-1.03087354243905,0.00140033723155403
0.641805895102865,0.726649977009605,-0.0589950709381569,0.953755054299571,0.00150030085305509,-0.0477227392983492,0.00166670803526484,-1.0309323453148,0.00142864202593013
0.646256914239905,0.726594240389213,-0.0594060802291355,0.953775220529578,0.00150904347050639,-0.0477228271230387,0.00167883925472999,-1.0309918239299,0.00145748983198046
0.650738801855265,0.726537657815286,-0.0598199439018166,0.953795665634732,0.00151781195857902,-0.0477229102066493,0.0016910644090371,-1.03105198418814,0.0014868903246153
0.655251772026422,0.726480216092957,-0.0602366808265143,0.953816393452378,0.00152660576355557,-0.0477229883453643,0.00170338428874423,-1.03111283199609,0.00151685332875962
0.659796040315516,0.726421901822447,-0.0606563099590293,0.953837407872106,0.00153542431210578,-0.0477230613297138,0.00171579969093102,-1.03117437326154,0.0015473888209841
0.664371823779638,0.726362701396189,-0.0610788503397458,0.953858712836442,0.00154426701079928,-0.0477231289444509,0.0017283114192184,-1.03123661389201,0.00157850693113537
0.668979340981204,0.726302600995926,-0.0615043210926802,0.953880312341542,0.00155313324560663,-0.0477231909684284,0.0017409202837867,-1.03129955979307,0.00161021794395794
0.673618811998395,0.726241586589783,-0.0619327414244888,0.953902210437903,0.00156202238138856,-0.047723247174471,0.00175362710139244,-1.03136321686676,0.0016425323007116
0.678290458435663,0.726179643929314,-0.0623641306234265,0.953924411231073,0.0015709337613731,-0.0477232973292481,0.00176643269538368,-1.0314275910099,0.00167546060078166
0.682994503434323,0.72611675854653,-0.0627985080582613,0.953946918882372,0.00157986670662044,-0.0477233411931426,0.0017793378957138,-1.03149268811231,0.00170901360328074
0.687731171683206,0.726052915750891,-0.0632358931771396,0.953969737609624,0.00158882051547507,-0.0477233785201193,0.00179234353895375,-1.03155851405511,0.0017432022286416
0.692500689429393,0.725988100626282,-0.0636763055064026,0.953992871687895,0.00159779446300491,-0.0477234090575904,0.00180545046830259,-1.03162507470883,0.00177803756019979
0.697303284489026,0.725922298027966,-0.0641197646493542,0.954016325450238,0.00160678780042738,-0.0477234325462798,0.00181865953359646,-1.03169237593159,0.0018135308457663
0.70213918625818,0.725855492579509,-0.0645662902849774,0.95404010328845,0.0016157997545216,-0.047723448720085,0.0018319715913157,-1.03176042356718,0.0018496934991864
0.70700862572383,0.725787668669684,-0.0650159021666001,0.95406420965383,0.00162482952702718,-0.0477234573059372,0.00184538750459027,-1.03182922344311,0.00188653710188597
0.71191183547488,0.725718810449359,-0.0654686201205074,0.954088649057956,0.00163387629402827,-0.04772345802366,0.00185890814320328,-1.03189878136858,0.00192407340440481
0.716849049713269,0.725648901828346,-0.0659244640445006,0.954113426073462,0.00164293920532356,-0.0477234505858252,0.00187253438359256,-1.03196910313246,0.0019623143279125
0.721820504265165,0.725577926472252,-0.0663834539064034,0.954138545334823,0.00165201738378112,-0.0477234346976078,0.00188626710885038,-1.0320401945012,0.00200127196570821
0.726826436592224,0.725505867799291,-0.066845609742509,0.954164011539155,0.00166110992467823,-0.0477234100566384,0.00190010720872096,-1.03211206121665,0.00204095858470393
0.731867085802933,0.725432708977082,-0.0673109516559762,0.954189829447017,0.00167021589502553,-0.0477233763528539,0.00191405557959614,-1.03218470899392,0.00208138662688717
0.736942692664033,0.725358432919429,-0.0677794998151628,0.954216003883225,0.00167933433287556,-0.0477233332683466,0.00192811312450863,-1.03225814351908,0.00212256871076394
0.742053499612018,0.725283022283084,-0.0682512744519046,0.954242539737671,0.00168846424661452,-0.0477232804772109,0.00194228075312325,-1.03233237044693,0.00216451763278047
0.747199750764715,0.72520645946448,-0.0687262958597332,0.954269441966154,0.00169760461423807,-0.0477232176453888,0.00195655938172582,-1.03240739539863,0.00220724636872188
0.752381691932944,0.725128726596463,-0.0692045843920346,0.954296715591215,0.00170675438260967,-0.047723144430513,0.00197094993320967,-1.03248322395934,0.00225076807508612
0.757599570632259,0.725049805544994,-0.069686160460146,0.954324365702984,0.00171591246670177,-0.0477230604817488,0.00198545333705986,-1.03255986167577,0.00229509609043399
0.762853636094773,0.72496967790584,-0.0701710445313911,0.954352397460035,0.0017250777488191,-0.0477229654396333,0.00200007052933483,-1.03263731405371,0.00234024393671078
0.768144139281058,0.724888325001251,-0.0706592571270514,0.954380816090241,0.00173424907780385,-0.047722858935914,0.00201480245264556,-1.0327155865555,0.00238622532053978
0.773471332892138,0.724805727876617,-0.0711508188202753,0.954409626891654,0.00174342526822253,-0.0477227405933845,0.00202965005613218,-1.03279468459743,0.00243305413448808
0.778835471381553,0.724721867297118,-0.0716457502339211,0.954438835233374,0.00175260509953365,-0.0477226100257195,0.00204461429543783,-1.03287461354717,0.00248074445829799
0.784236810967519,0.724636723744355,-0.0721440720383333,0.95446844655644,0.00176178731523578,-0.0477224668373072,0.00205969613267989,-1.03295537872102,0.00252931056008948
0.78967560964516,0.724550277412972,-0.0726458049490548,0.954498466374719,0.00177097062199667,-0.0477223106230803,0.00207489653641834,-1.03303698538126,0.00257876689752512
0.795152127198837,0.724462508207264,-0.0731509697244692,0.954528900275812,0.00178015368876104,-0.0477221409683461,0.00209021648162132,-1.03311943873332,0.00262912811894295
0.800666625214554,0.724373395737776,-0.0736595871633754,0.954559753921958,0.00178933514583861,-0.0477219574486135,0.00210565694962772,-1.03320274392299,0.00268040906444983
0.806219367092452,0.724282919317898,-0.0741716781024923,0.954591033050956,0.00179851358397053,-0.0477217596294198,0.0021212189281068,-1.03328690603355,0.00273262476697683
0.811810618059391,0.724191057960437,-0.074687263413895,0.954622743477084,0.00180768755337461,-0.0477215470661552,0.00213690341101478,-1.03337193008283,0.00278579045329552
0.817440645181619,0.724097790374198,-0.0752063640023771,0.954654891092034,0.0018168555627682,-0.0477213193038858,0.00215271139854823,-1.03345782102028,0.00283992154499074
0.823109717377527,0.724003094960546,-0.0757290008027434,0.954687481865849,0.00182601607836884,-0.0477210758771753,0.00216864389709432,-1.03354458372394,0.00289503365939164
0.828818105430497,0.72390694980997,-0.0762551947770276,0.954720521847868,0.00183516752287195,-0.0477208163099053,0.00218470191917779,-1.03363222299737,0.0029511426104577
0.834566082001833,0.723809332698636,-0.0767849669116395,0.954754017167681,0.00184430827440518,-0.047720540115094,0.00220088648340464,-1.03372074356658,0.00300826440961682
0.840353921643785,0.723710221084946,-0.0773183382144331,0.954787974036087,0.00185343666545852,-0.0477202467947135,0.00221719861440226,-1.03381015007684,0.00306641526655677
0.846181900812664,0.723609592106079,-0.0778553297117043,0.954822398746061,0.00186255098179056,-0.0477199358395061,0.00223363934275634,-1.03390044708951,0.0031256115899666
0.852050297882047,0.72350742257455,-0.0783959624451095,0.954857297673727,0.00187164946130955,-0.0477196067287989,0.00225020970494404,-1.03399163907878,0.00318586998822562
0.857959393156072,0.723403688974753,-0.0789402574685076,0.954892677279334,0.00188073029292894,-0.0477192589303172,0.00226691074326362,-1.03408373042841,0.00324720727004041
0.863909468882829,0.723298367459512,-0.0794882358447257,0.954928544108246,0.00188979161539762,-0.0477188918999975,0.00228374350576047,-1.03417672542837,0.0033096404450268
0.86990080926784,0.723191433846635,-0.0800399186422451,0.954964904791931,0.00189883151610319,-0.0477185050817979,0.00230070904614929,-1.03427062827149,0.00337318672423431
0.875933700487633,0.723082863615468,-0.0805953269318102,0.955001766048955,0.00190784802984843,-0.047718097907509,0.00231780842373258,-1.03436544305005,0.0034378635206142
0.882008430703416,0.722972631903453,-0.0811544817829542,0.955039134685989,0.00191683913760067,-0.0477176697965627,0.00233504270331516,-1.03446117375228,0.00350368844942589
0.888125290074835,0.7228607135027,-0.0817174042604491,0.955077017598813,0.00192580276521273,-0.0477172201558405,0.00235241295511484,-1.03455782425892,0.00357067932858324
0.894284570773836,0.722747082856553,-0.0822841154206702,0.955115421773329,0.00193473678211577,-0.0477167483794807,0.00236992025466902,-1.03465539833966,0.00363885417893689
0.900486566998624,0.722631714056175,-0.0828546363078824,0.955154354286578,0.00194363899998286,-0.0477162538486849,0.00238756568273731,-1.03475389964957,0.00370823122449193
0.906731574987708,0.72251458083714,-0.0834289879504412,0.955193822307764,0.00195250717136275,-0.047715735931524,0.00240535032519993,-1.03485333172546,0.00377882889255854
0.913019893034057,0.722395656576031,-0.0840071913569134,0.955233833099275,0.00196133898828417,-0.0477151939827428,0.00242327527295198,-1.03495369798229,0.0038506658138347
0.919351821499347,0.722274914287059,-0.0845892675121125,0.955274394017715,0.00197013208082858,-0.0477146273435647,0.00244134162179344,-1.03505500170942,0.00392376082241874
0.925727662828307,0.722152326618687,-0.0851752373730511,0.955315512514935,0.00197888401567253,-0.047714035341495,0.00245955047231487,-1.03515724606697,0.00399813295575147
0.932147721563161,0.722027865850274,-0.0857651218648084,0.955357196139072,0.00198759229459729,-0.0477134172901251,0.00247790292977869,-1.035260434082,0.00407380145448244
0.938612304358183,0.721901503888737,-0.0863589418763126,0.955399452535584,0.00199625435296687,-0.0477127724889347,0.00249640010399611,-1.03536456864476,0.00415078576226341
0.945121719994339,0.721773212265225,-0.086956718256038,0.955442289448292,0.00200486755817277,-0.0477121002230946,0.00251504310919944,-1.03546965250489,0.00422910552546485
0.951676279394036,0.721642962131816,-0.0875584718076152,0.955485714720423,0.0020134292080449,-0.0477113997632694,0.00253383306391001,-1.03557568826758,0.00430878059281398
0.958276295635973,0.721510724258234,-0.0881642232853571,0.955529736295656,0.00202193652922882,-0.0477106703654192,0.00255277109080134,-1.03568267838967,0.00438983101495355
0.964922083970099,0.721376469028591,-0.088773993389695,0.955574362219163,0.00203038667552842,-0.0477099112706021,0.00257185831655772,-1.03579062517584,0.00447227704391806
0.971613961832666,0.721240166438144,-0.0893878027625299,0.955619600638659,0.0020387767262123,-0.047709121704776,0.00259109587172808,-1.03589953077459,0.00455613913252906
0.978352248861393,0.721101786090089,-0.0900056719824954,0.955665459805449,0.00204710368428575,-0.0477083008786015,0.00261048489057509,-1.03600939717442,0.00464143793370475
0.985137266910738,0.720961297192368,-0.090627621560132,0.95571194807547,0.00205536447472504,-0.0477074479872434,0.0026300265109194,-1.03612022619978,0.00472819429968463
0.991969340067262,0.720818668554516,-0.0912536719329749,0.955759073910339,0.00206355594267538,-0.0477065622101742,0.00264972187397906,-1.03623201950718,0.00481642928116566
0.998848794665118,0.720673868584531,-0.0918838434605511,0.955806845878399,0.00207167485161097,-0.047705642710977,0.00266957212420403,-1.03634477858114,0.0049061641263517
1.00577595930163,0.720526865285775,-0.0925181564192894,0.955855272655757,0.00207971788145669,-0.0477046886371487,0.00268957840910571,-1.03645850473024,0.00499742027991085
1.01275116485301,0.720377626253909,-0.0931566309973405,0.955904363027325,0.00208768162667153,-0.0477036991199049,0.00270974187908148,-1.03657319908309,0.0050902193818434
1.01977474449012,0.720226118673861,-0.0937992872893079,0.955954125887861,0.00209556259429197,-0.0477026732739842,0.00273006368723417,-1.0366888625843,0.00518458326625548
1.02684703369442,0.72007230931683,-0.0944461452908903,0.956004570242995,0.00210335720193544,-0.0477016101974538,0.00275054498918653,-1.03680549599046,0.00528053396004091
1.033968370274,0.719916164537326,-0.095097224893433,0.956055705210265,0.00211106177576426,-0.0477005089715167,0.00277118694289049,-1.03692309986615,0.00537809368146536
1.04113909437969,0.719757650270249,-0.0957525458783901,0.956107540020138,0.00211867254840642,-0.0476993686603185,0.00279199070843126,-1.03704167457984,0.00547728483865645
1.0483595485213,0.719596732028008,-0.096412127911697,0.956160084017031,0.00212618565683656,-0.0476981883107564,0.00281295744782633,-1.03716122029991,0.00557813002799656
1.05563007758401,0.719433374897679,-0.0970759905380527,0.956213346660319,0.00213359714021349,-0.0476969669522892,0.00283408832481922,-1.03728173699059,0.00568065203241636
1.06295102884484,0.71926754353821,-0.0977441531751121,0.956267337525348,0.00214090293767522,-0.0476957035967484,0.00285538450466786,-1.03740322440795,0.00578487381959009
1.07032275198921,0.719099202177668,-0.0984166351075883,0.956322066304428,0.00214809888609008,-0.0476943972381507,0.00287684715392789,-1.03752568209591,0.00589081854002993
1.07774559912768,0.71892831461053,-0.0990934554812636,0.956377542807825,0.00215518071776466,-0.0476930468525128,0.00289847744023053,-1.03764910938218,0.00599850952508102
1.08521992481272,0.718754844195027,-0.0997746332969117,0.956433776964743,0.00216214405810614,-0.0476916513976665,0.00292027653205514,-1.03777350537432,0.00610797028481291
1.0927460860557,0.718578753850532,-0.10046018740413,0.956490778824294,0.00216898442323971,-0.0476902098130775,0.00294224559849652,-1.03789886895573,0.00621922450581086
1.1003244423439,0.718400006054995,-0.101150136495079,0.95654855855646,0.00217569721758087,-0.047688721019664,0.0029643858090267,-1.03802519878171,0.00633229604886248
1.10795535565772,0.718218562842444,-0.101844499098133,0.956607126453038,0.00218227773136073,-0.0476871839196193,0.00298669833325156,-1.03815249327556,0.00644720894654177
1.11563919048792,0.718034385800524,-0.102543293571446,0.956666492928584,0.00218872113810442,-0.0476855973962354,0.0030091843406619,-1.0382807506246,0.00656398740069053
1.12337631385307,0.717847436068096,-0.103246538096413,0.95672666852133,0.00219502249206283,-0.0476839603137289,0.0030318450003792,-1.03840996877634,0.00668265577979293
1.13116709531708,0.717657674332899,-0.10395425067106,0.956787663894097,0.00220117672559586,-0.0476822715170702,0.00305468148089599,-1.03854014543466,0.00680323861624899
1.13901190700682,0.717465060829258,-0.10466644910333,0.956849489835187,0.00220717864650721,-0.0476805298318146,0.00307769494981079,-1.03867127805591,0.00692576060354111
1.14691112362992,0.717269555335863,-0.105383151004283,0.956912157259266,0.00221302293533085,-0.0476787340639357,0.00310088657355765,-1.03880336384523,0.00705024659329673
1.15486512249268,0.7170711171736,-0.106104373781211,0.956975677208221,0.0022187041425672,-0.0476768829996628,0.00312425751713034,-1.03893639975274,0.00717672159224719
1.16287428351806,0.716869705203449,-0.106830134630657,0.957040060852006,0.0022242166858705,-0.04767497540532,0.00314780894380114,-1.0390703824699,0.00730521075908103
1.17093898926384,0.716665277824445,-0.107560450531346,0.957105319489465,0.00222955484718435,-0.0476730100271694,0.00317154201483421,-1.03920530842584,0.00743573940119469
1.1790596249409,0.716457792971703,-0.108295338237031,0.957171464549139,0.0022347127698277,-0.0476709855912567,0.00319545788919369,-1.03934117378377,0.00756833297133735
1.18723657843162,0.716247208114509,-0.109034814269242,0.95723850759005,0.00223968445552891,-0.0476689008032605,0.00321955772324631,-1.03947797443748,0.00770301706415449
1.19547024030838,0.716033480254484,-0.109778894909957,0.95730646030246,0.00224446376140794,-0.0476667543483455,0.00324384267045886,-1.03961570600777,0.00783981741262718
1.20376100385228,0.715816565923811,-0.11052759619417,0.95737533450861,0.00224904439690674,-0.0476645448910184,0.00326831388109017,-1.03975436383915,0.0079787598844106
1.21210926507183,0.715596421183538,-0.111280933902382,0.957445142163438,0.00225341992066674,-0.0476622710749882,0.00329297250187794,-1.03989394299639,0.0081198704780695
1.22051542272196,0.715373001621949,-0.112038923552999,0.957515895355262,0.00225758373735349,-0.0476599315230303,0.00331781967572027,-1.04003443826125,0.00826317531921539
1.22897987832301,0.715146262353015,-0.11280158039464,0.957587606306446,0.00226152909442781,-0.0476575248368543,0.00334285654135197,-1.04017584412931,0.00840870065654259
1.23750303617991,0.714916158014915,-0.113568919398361,0.957660287374034,0.00226524907886291,-0.0476550495969765,0.0033680842330157,-1.04031815480678,0.00855647285776751
1.24608530340153,0.714682642768633,-0.114340955249783,0.957733951050351,0.00226873661380853,-0.047652504362596,0.00339350388012795,-1.04046136420744,0.0087065184054696
1.25472708992008,0.714445670296639,-0.115117702341146,0.957808609963584,0.00227198445519874,-0.047649887671476,0.00341911660693999,-1.04060546594968,0.00885886389283835
1.26342880851072,0.714205193801647,-0.115899174763254,0.95788427687832,0.00227498518830685,-0.0476471980398287,0.00344492353219363,-1.04075045335358,0.00901353601932475
1.27219087481126,0.713961166005448,-0.116685386297358,0.957960964696058,0.00227773122424405,-0.047644433962206,0.00347092576877211,-1.04089631943812,0.00917056158620183
1.28101370734203,0.713713539147836,-0.117476350406926,0.958038686455687,0.0022802147964032,-0.0476415939113939,0.00349712442334597,-1.04104305691844,0.00932996749203363
1.28989772752585,0.713462264985611,-0.118272080229347,0.958117455333923,0.00228242795684691,-0.0476386763383127,0.00352352059601403,-1.04119065820321,0.00949178072805551
1.29884335970818,0.71320729479167,-0.119072588567532,0.958197284645716,0.00228436257263984,-0.0476356796719221,0.00355011537993952,-1.04133911539215,0.00965602837346968
1.30785103117738,0.712948579354181,-0.119877887881434,0.958278187844614,0.00228601032212461,-0.047632602319131,0.0035769098609815,-1.04148842027354,0.00982273759065333
1.31692117218509,0.712686068975851,-0.120687990279485,0.958360178523087,0.00228736269114208,-0.0476294426647135,0.0036039051173215,-1.04163856432197,0.00999193562028716
1.32605421596686,0.712419713473282,-0.121502907509939,0.958443270412817,0.00228841096919447,-0.0476261990712296,0.0036311022190855,-1.04178953869606,0.0101636497764024
1.33525059876274,0.712149462176414,-0.122322650952129,0.958527477384935,0.00228914624555243,-0.0476228698789521,0.00365850222796144,-1.04194133423641,0.010337907441353
1.34451075983821,0.711875263928065,-0.123147231607639,0.958612813450223,0.00228955940530512,-0.0476194534057986,0.00368610619681215,-1.04209394146358,0.0105147360607103
1.3538351415051,0.711597067083569,-0.123976660091392,0.958699292759263,0.00228964112535363,-0.0476159479472704,0.00371391516928393,-1.04224735057626,0.010694163138089
1.36322418914273,0.711314819510497,-0.124810946622644,0.958786929602548,0.00228938187034713,-0.0476123517763961,0.00374193017941073,-1.04240155144948,0.0108762162299025
1.37267835121923,0.71102846858849,-0.125650101015894,0.958875738410537,0.00228877188856266,-0.0476086631436823,0.00377015225121412,-1.042556533633,0.0110609229400538
1.38219807931287,0.710737961209185,-0.126494132671711,0.95896573375366,0.00228780120772717,-0.0476048802770703,0.00379858239829913,-1.04271228634982,0.0112483109145634
1.39178382813373,0.710443243776238,-0.127343050567469,0.959056930342277,0.00228645963078339,-0.0476010013818986,0.00382722162344596,-1.0428687984948,0.0114384078361382
1.40143605554534,0.710144262205451,-0.128196863247998,0.959149343026584,0.00228473673159785,-0.0475970246408729,0.00385607091819774,-1.04302605863341,0.0116312414186851
1.4111552225866,0.709840961925011,-0.129055578816143,0.959242986796453,0.0022826218506127,-0.0475929482140418,0.00388513126244447,-1.04318405500065,0.0118268394017731
1.42094179349378,0.709533287875823,-0.129919204923246,0.95933787678123,0.0022801040904401,-0.0475887702387799,0.00391440362400308,-1.04334277550005,0.0120252295450454
1.43079623572268,0.709221184511957,-0.130787748759527,0.959434028249467,0.00227717231140054,-0.0475844888297769,0.0039438889581939,-1.04350220770289,0.0122264396225886
1.440719019971,0.708904595801201,-0.131661217044391,0.959531456608595,0.00227381512700339,-0.0475801020790347,0.00397358820741352,-1.04366233884743,0.0124304974172607
1.45071062020079,0.708583465225729,-0.132539616016639,0.959630177404539,0.00227002089937248,-0.0475756080558706,0.00400350230070419,-1.04382315583846,0.0126374307149829
1.46077151366109,0.70825773578288,-0.133422951424592,0.959730206321265,0.00226577773461417,-0.0475710048069281,0.00403363215331991,-1.04398464524682,0.0128472672989982
1.47090218091073,0.707927349986046,-0.134311228516136,0.959831559180268,0.00226107347812973,-0.0475662903561954,0.00406397866628923,-1.0441467933092,0.0130600349441031
1.48110310584131,0.707592249865689,-0.135204452028662,0.959934251939987,0.00225589570987228,-0.0475614627050303,0.00409454272597497,-1.044309585928,0.0132757614108548
1.49137477570027,0.707252376970463,-0.13610262617894,0.96003830069516,0.00225023173954811,-0.0475565198321933,0.00412532520363091,-1.04447300867141,0.0134944744397588
1.50171768111418,0.706907672368468,-0.137005754652881,0.960143721676101,0.00224406860176204,-0.047551459693888,0.00415632695495559,-1.04463704677358,0.0137162017454419
1.5121323161122,0.706558076648621,-0.137913840595234,0.960250531247908,0.0022373930511092,-0.0475462802238097,0.00418754881964341,-1.044801685135,0.0139409710108164
1.52261917814963,0.706203529922151,-0.138826886599173,0.960358745909601,0.00223019155721113,-0.0475409793332005,0.00421899162093304,-1.04496690832299,0.0141688098812364
1.53317876813171,0.705843971824229,-0.139744894695813,0.960468382293182,0.00222245029969861,-0.047535554910914,0.00425065616515333,-1.04513270057236,0.0143997459586557
1.54381159043753,0.705479341515719,-0.140667866343624,0.960579457162614,0.00221415516314055,-0.0475300048234865,0.00428254324126686,-1.04529904578625,0.0146338067957891
1.55451815294413,0.705109577685064,-0.14159580241776,0.960691987412729,0.00220529173191986,-0.0475243269152171,0.00431465362041121,-1.0454659275371,0.0148710198902821
1.56529896705074,0.704734618550312,-0.142528703199306,0.960805990068048,0.00219584528505665,-0.0475185190082553,0.00434698805543818,-1.04563332906777,0.0151114126788965
1.57615454770323,0.704354401861271,-0.14346656836442,0.960921482281524,0.0021858007909793,-0.0475125789026978,0.00437954728045097,-1.04580123329287,0.0153550125317138
1.58708541341869,0.703968864901807,-0.144409396973398,0.961038481333194,0.00217514290224424,-0.0475065043766922,0.00441233201033948,-1.04596962280019,0.0156018467463644
1.5980920863102,0.70357794449229,-0.145357187459647,0.961157004628752,0.00216385595020446,-0.0475002931865506,0.00444534294031406,-1.0461384798523,0.0158519425422838
1.60917509211179,0.703181576992175,-0.146309937618559,0.961277069698026,0.00215192393962854,-0.0474939430668701,0.00447858074543747,-1.04630778638836,0.0161053270550067
1.62033496020352,0.702779698302741,-0.147267644596307,0.961398694193374,0.00213933054326962,-0.0474874517306635,0.00451204608015566,-1.04647752402603,0.0163620273304997
1.63157222363676,0.702372243869975,-0.148230304878542,0.961521895887976,0.00212605909638544,-0.0474808168694969,0.00454573957782703,-1.04664767406355,0.0166220703195378
1.64288741915971,0.701959148687615,-0.149197914279,0.961646692674041,0.00211209259121109,-0.0474740361536376,0.00457966185025069,-1.046818217482,0.0168854828721344
1.65428108724297,0.701540347300344,-0.150170467928025,0.961773102560918,0.00209741367138389,-0.0474671072322092,0.00461381348719372,-1.0469891349477,0.017152291732024
1.6657537721054,0.701115773807157,-0.151147960260991,0.961901143673099,0.00208200462632258,-0.0474600277333566,0.00464819505591747,-1.04716040681476,0.0174225235312077
1.67730602174008,0.700685361864876,-0.152130385006644,0.962030834248134,0.0020658473855604,-0.0474527952644196,0.00468280710070332,-1.04733201312781,0.0176962047845659
1.68893838794052,0.700249044691847,-0.153117735175342,0.962162192634439,0.00204892351303401,-0.0474454074121149,0.00471765014237772,-1.04750393362484,0.0179733618845406
1.70065142632699,0.699806755071804,-0.154110003047217,0.962295237288996,0.00203121420132951,-0.0474378617427278,0.00475272467783689,-1.04767614774024,0.0182540210958949
1.71244569637308,0.699358425357902,-0.155107180160236,0.962429986774951,0.00201270026588413,-0.0474301558023127,0.0047880311795713,-1.04784863460796,0.0185382085505571
1.72432176143241,0.69890398747694,-0.156109257298174,0.962566459759106,0.00199336213914925,-0.0474222871169022,0.00482357009518996,-1.04802137306482,0.0188259502425484
1.73628018876552,0.698443372933757,-0.157116224478503,0.962704675009296,0.00197317986471027,-0.047414253192726,0.00485934184694478,-1.04819434165394,0.0191172720230066
1.74832154956701,0.697976512815823,-0.158128070940185,0.962844651391656,0.00195213309136893,-0.0474060515164387,0.00489534683125515,-1.04836751862841,0.0194121995953054
1.7604464189928,0.697503337798015,-0.159144785131375,0.962986407867771,0.00193020106718761,-0.0473976795553567,0.00493158541823277,-1.04854088195497,0.0197107585102761
1.77265537618758,0.697023778147595,-0.160166354697043,0.963129963491719,0.00190736263349617,-0.0473891347577045,0.00496805795120709,-1.04871440931792,0.0200129741615394
1.78494900431252,0.696537763729377,-0.161192766466497,0.963275337406979,0.00188359621886394,-0.0473804145528704,0.0050047647462513,-1.0488880781231,0.020318871780946
1.79732789057308,0.696045224011117,-0.162224006440827,0.963422548843235,0.00185887983303701,-0.0473715163516715,0.00504170609170919,-1.04906186550209,0.0206284764341393
1.80979262624709,0.69554608806909,-0.16326005978026,0.963571617113047,0.00183319106084381,-0.0473624375466278,0.00507888224772287,-1.04923574831642,0.0209418130162355
1.82234380671297,0.695040284593902,-0.164300910791425,0.963722561608401,0.00180650705606825,-0.047353175512246,0.0051162934457617,-1.04940970316203,0.0212589062476342
1.83498203147818,0.694527741896501,-0.165346542914539,0.96387540179713,0.00177880453529375,-0.047343727605313,0.00515393988815237,-1.04958370637372,0.0215797806699582
1.84770790420785,0.694008387914432,-0.166396938710504,0.964030157219211,0.0017500597717188,-0.0473340911651983,0.00519182174761052,-1.04975773402985,0.0219044606421313
1.86052203275364,0.693482150218304,-0.167452079847927,0.964186847482923,0.00172024858894582,-0.0473242635141663,0.00522993916677379,-1.04993176195702,0.0222329703365933
1.87342502918271,0.692948956018501,-0.168511947090052,0.964345492260875,0.00168934635474555,-0.0473142419576981,0.00526829225773669,-1.05010576573501,0.0225653337356624
1.88641750980704,0.69240873217213,-0.169576520281621,0.964506111285905,0.00165732797479731,-0.0473040237848227,0.00530688110158727,-1.05027972070164,0.0229015746280438
1.89950009521279,0.691861405190214,-0.170645778335643,0.964668724346827,0.00162416788640796,-0.0472936062684584,0.00534570574794598,-1.0504536019579,0.0232417166054922
1.91267341029,0.691306901245135,-0.171719699220106,0.964833351284056,0.00158984005221174,-0.0472829866657626,0.00538476621450646,-1.0506273843731,0.0235857830596294
1.92593808426241,0.690745146178337,-0.172798259944598,0.96500001198507,0.001554317953852,-0.0472721622184928,0.00542406248657889,-1.05080104259006,0.0239337971789224
1.93929475071751,0.690176065508284,-0.173881436546863,0.96516872637975,0.00151757458564619,-0.0472611301533759,0.00546359451663585,-1.0509745510305,0.0242857819458251
1.95274404763682,0.689599584438696,-0.17496920407929,0.965339514435557,0.00147958244823837,-0.0472498876824884,0.00550336222386064,-1.05114788390041,0.0246417601340845
1.96628661742637,0.68901562786705,-0.176061536595328,0.965512396152565,0.00144031354223914,-0.047238432003645,0.00554336549369857,-1.05132101519555,0.0250017543062194
1.97992310694735,0.688424120393368,-0.17715840713584,0.96568739155835,0.00139973936185581,-0.0472267603007984,0.00558360417741128,-1.05149391870698,0.0253657868111699
1.99365416754703,0.687824986329286,-0.1782597877154,0.965864520702713,0.00135783088851557,-0.0472148697444473,0.00562407809163404,-1.0516665680267,0.0257338797821233
2.00748045508988,0.687218149707422,-0.179365649308522,0.966043803652261,0.00131455858448318,-0.047202757492056,0.00566478701793642,-1.05183893655331,0.0261060551345174
2.0214026299889,0.686603534291035,-0.180475961835844,0.966225260484822,0.00126989238647573,-0.0471904206884817,0.00570573070238649,-1.05201099749772,0.0264823345642249
2.03542135723711,0.685981063584,-0.181590694150253,0.966408911283702,0.00122380169927755,-0.0471778564664135,0.00574690885511849,-1.05218272388894,0.0268627395459194
2.0495373064394,0.685350660841083,-0.182709814022966,0.966594776131785,0.00117625538935617,-0.0471650619468201,0.00578832114990439,-1.05235408857987,0.0272472913316271
2.06375115184445,0.684712249078549,-0.183833288129568,0.96678287510546,0.00112722177848434,-0.0471520342394077,0.00582996722372936,-1.05252506425319,0.0276360109494638
2.07806357237695,0.684065751085078,-0.18496108203601,0.966973228268394,0.00107666863736744,-0.0471387704430876,0.00587184667637135,-1.05269562342714,0.0280289192025616
2.09247525167004,0.68341108943303,-0.186093160184573,0.967165855665123,0.00102456317928296,-0.0471252676464541,0.00591395906998498,-1.05286573846151,0.0284260366681838
2.10698687809795,0.68274818649004,-0.187229485879798,0.967360777314483,0.000970872053731475,-0.0471115229282718,0.00595630392868978,-1.05303538156349,0.0288273836970296
2.12159914480891,0.682076964430958,-0.188370021274401,0.967558013202865,0.000915561340103122,-0.0470975333579729,0.00599888073816319,-1.05320452479361,0.0292329804127316
2.1363127497582,0.681397345250144,-0.18951472735516,0.967757583277293,0.000858596541363721,-0.0470832959961648,0.00604168894523817,-1.05337314007163,0.0296428467115452
2.15112839574156,0.680709250774122,-0.190663563928794,0.967959507438328,0.000799942577762003,-0.047068807895147,0.00608472795750594,-1.0535411991825,0.0300570022622296
2.1660467904287,0.680012602674603,-0.191816489607829,0.968163805532791,0.000739563780561836,-0.0470540660994386,0.00612799714292374,-1.05370867378223,0.0304754665061236
2.18106864639712,0.679307322481873,-0.192973461796469,0.968370497346309,0.00067742388580222,-0.0470390676463152,0.00617149582942793,-1.05387553540379,0.0308982586574131
2.19619468116618,0.678593331598567,-0.194134436676471,0.968579602595668,0.000613486028089305,-0.0470238095663563,0.00621522330455259,-1.05404175546297,0.03132539770359
2.21142561723131,0.677870551313832,-0.195299369193028,0.968791140920994,0.000547712734422334,-0.0470082888840021,0.00625917881505378,-1.05420730526423,0.0317569024061076
2.22676218209858,0.677138902817877,-0.196468213040678,0.969005131877736,0.000480065918059214,-0.0469925026181208,0.00630336156653967,-1.05437215600648,0.0321927913012233
2.24220510831939,0.67639830721693,-0.197640920649237,0.969221594928464,0.000410506872422445,-0.0469764477825855,0.00634777072310671,-1.05453627878885,0.0326330827010348
2.25775513352553,0.675648685548591,-0.198817443169764,0.969440549434476,0.000338996265052405,-0.0469601213868615,0.00639240540698201,-1.0546996446164,0.0330777946947048
2.27341300046436,0.674889958797615,-0.199997730460578,0.969662014647211,0.000265494131608646,-0.0469435204366035,0.00643726469817217,-1.05486222440573,0.0335269451498751
2.28917945703428,0.674122047912105,-0.201181731073319,0.969886009699466,0.000189959869924705,-0.0469266419342624,0.00648234763411877,-1.05502398899064,0.0339805517142672
2.30505525632052,0.673344873820128,-0.20236939223907,0.970112553596415,0.000112352234121982,-0.046909482879703,0.00652765320936059,-1.05518490912761,0.0344386318174677
2.32104115663104,0.672558357446778,-0.203560659854558,0.970341665206437,3.2629328782563e-05,-0.0468920402708308,0.00657318037520297,-1.05534495550125,0.034901202672898
2.33713792153279,0.671762419731665,-0.204755478468423,0.970573363251729,-4.92513968100017e-05,-0.0468743111042297,0.00661892803939434,-1.05550409872965,0.0353682812799632
2.35334631988814,0.670956981646861,-0.205953791267585,0.970807666298731,-0.000133333154361648,-0.046856292375809,0.00666489506581019,-1.0556623093697,0.0358398844263811
2.36966712589169,0.67014196421529,-0.20715554006371,0.971044592748336,-0.000219659822182861,-0.0468379810814611,0.00671108027414479,-1.05581955792227,0.0363160286906876
2.38610111910714,0.669317288529577,-0.208360665279778,0.971284160825905,-0.000308275950725301,-0.0468193742177291,0.00675748243961069,-1.05597581483728,0.0367967304449128
2.40264908450462,0.668482875771366,-0.209569105936792,0.971526388571062,-0.00039922676803561,-0.0468004687824839,0.00680410029264643,-1.05613105051866,0.0372820058574304
2.41931181249812,0.667638647231106,-0.210780799640595,0.971771293827291,-0.000492558185118175,-0.0467812617756123,0.0068509325186325,-1.05628523532931,0.0377718708959711
2.43609009898327,0.666784524328305,-0.211995682568857,0.972018894231317,-0.000588316801207966,-0.0467617501997144,0.00689797775761598,-1.05643833959577,0.0382663413308022
2.45298474537537,0.665920428632271,-0.213213689458202,0.972269207202279,-0.00068654990894218,-0.0467419310608113,0.0069452346040439,-1.0565903336129,0.0387654327380639
2.46999655864764,0.665046281883336,-0.214434753591511,0.972522249930686,-0.000787305499429847,-0.046721801369063,0.00699270160650576,-1.05674118764838,0.0392691605032659
2.48712635136979,0.664162006014573,-0.215658806785411,0.972778039367162,-0.000890632267212366,-0.0467013581394965,0.00704037726748528,-1.05689087194712,0.0397775398249319
2.50437494174681,0.663267523173995,-0.216885779377951,0.973036592210975,-0.000996579615110016,-0.0466805983927427,0.00708826004312174,-1.05703935673544,0.0402905857183946
2.52174315365806,0.662362755747274,-0.2181156002165,0.973297924898352,-0.00110519765894856,-0.0466595191557852,0.00713634834298125,-1.05718661222522,0.0408083130197345
2.53923181669665,0.661447626380937,-0.219348196645859,0.973562053590569,-0.00121653723216181,-0.0466381174627174,0.00718464052983797,-1.05733260861784,0.0413307363898556
2.55684176620901,0.66052205800609,-0.220583494496612,0.973828994161836,-0.00133064989026216,-0.0466163903555105,0.00723313491946579,-1.05747731610799,0.0418578703186996
2.57457384333485,0.65958597386264,-0.221821418073736,0.97409876218695,-0.00144758791517513,-0.0465943348847913,0.00728182978044067,-1.05762070488728,0.0423897291295853
2.59242889504728,0.658639297524028,-0.223061890145477,0.974371372928737,-0.00156740431943114,-0.0465719481106292,0.00733072333395393,-1.0577627451478,0.0429263269836774
2.61040777419332,0.657681952922487,-0.2243048319325,0.974646841325273,-0.00169015285020946,-0.046549227103334,0.00737981375363666,-1.05790340708534,0.043467677884572
2.6285113395346,0.656713864374806,-0.225550163097354,0.974925181976883,-0.00181588799322591,-0.0465261689442628,0.00742909916539584,-1.05804266090265,0.044013795682998
2.64674045578839,0.655734956608619,-0.226797801734242,0.975206409132917,-0.00194466497646123,-0.0465027707266369,0.00747857764726212,-1.05818047681234,0.0445646940816282
2.6650959936689,0.654745154789218,-0.228047664359123,0.975490536678317,-0.00207653977372096,-0.0464790295563686,0.0075282472292499,-1.05831682503974,0.0451203866399947
2.68357882992886,0.653744384546878,-0.229299665900168,0.975777578119948,-0.00221156910802145,-0.046454942552897,0.00757810589322968,-1.05845167582549,0.0456808867795009
2.70218984740145,0.652732572004713,-0.230553719688579,0.976067546572718,-0.00234981045479593,-0.0464305068500339,0.00762815157281347,-1.05858499942801,0.0462462077885294
2.72092993504239,0.651709643807051,-0.23180973744979,0.976360454745479,-0.00249132204491359,-0.046405719596819,0.007678382153253,-1.05871676612574,0.0468163628276346
2.73979998797246,0.650675527148333,-0.23306762929507,0.976656314926704,-0.00263616286750318,-0.0463805779583844,0.0077287954713516,-1.05884694621925,0.0473913649348179
2.75880090752022,0.649630149802529,-0.234327303713548,0.976955138969947,-0.00278439267257724,-0.0463550791168286,0.00777938931538981,-1.05897551003307,0.0479712270308784
2.77793360126509,0.64857344015308,-0.23558866756467,0.977256938279085,-0.00293607197344786,-0.0463292202720991,0.00783016142506507,-1.05910242791742,0.0485559619248338
2.79719898308069,0.647505327223355,-0.23685162607112,0.977561723793345,-0.00309126204892718,-0.0463029986428849,0.00788110949144601,-1.05922767024966,0.0491455823194034
2.81659797317847,0.646425740707622,-0.238116082812203,0.977869505972112,-0.00325002494530574,-0.0462764114675174,0.00793223115694149,-1.05935120743565,0.0497401008165514
2.83613149815172,0.645334611002536,-0.239381939717738,0.978180294779526,-0.00341242347810122,-0.0462494560048802,0.00798352401528489,-1.05947300991077,0.0503395299230782
2.85580049101974,0.644231869239136,-0.240649097062453,0.978494099668862,-0.00357852123357089,-0.0462221295353274,0.00803498561153404,-1.05959304814088,0.0509438820562617
2.87560589127251,0.643117447315343,-0.241917453460916,0.978810929566704,-0.00374838256997795,-0.0461944293616112,0.00808661344208699,-1.05971129262297,0.0515531695495338
2.89554864491548,0.641991277928961,-0.243186905863021,0.979130792856908,-0.00392207261860794,-0.0461663528098164,0.00813840495471428,-1.05982771388566,0.0521674046581927
2.91562970451479,0.640853294611178,-0.244457349550044,0.979453697364355,-0.00409965728452416,-0.0461378972303047,0.00819035754860781,-1.05994228248952,0.0527865995651416
2.93585002924278,0.639703431760547,-0.24572867813129,0.979779650338506,-0.00428120324705689,-0.0461090599986656,0.00824246857444688,-1.06005496902708,0.0534107663866477
2.95621058492378,0.638541624677454,-0.247000783541363,0.980108658436747,-0.0044667779600166,-0.046079838516676,0.00829473533448177,-1.06016574412277,0.0540399171781161
2.97671234408028,0.637367809599066,-0.248273556038054,0.980440727707548,-0.00465644965162487,-0.046050230213267,0.00834715508263516,-1.06027457843254,0.0546740639398735
2.99735628597932,0.636181923734736,-0.249546884200899,0.980775863573412,-0.00485028732415516,-0.0460202325454977,0.00839972502462195,-1.06038144264335,0.0553132186229518
3.01814339667932,0.634983905301874,-0.250820654930398,0.981114070813637,-0.00504836075327336,-0.045989842999537,0.00845244231808775,-1.0604863074724,0.0559573931348704
3.03907466907719,0.633773693562266,-0.252094753447941,0.981455353546899,-0.0052507404870743,-0.0459590590916509,0.00850530407276652,-1.0605891436662,0.056606599345407
3.06015110295567,0.632551228858827,-0.253369063296441,0.981799715213634,-0.00545749784480198,-0.0459278783691977,0.00855830735065772,-1.06068992199936,0.0572608490923529
3.08137370503119,0.631316452652787,-0.25464346634171,0.982147158558248,-0.00566870491524796,-0.0458962984116284,0.00861144916622345,-1.06078861327332,0.0579201541872463
3.10274348900188,0.630069307561292,-0.255917842774591,0.982497685611154,-0.00588443455481907,-0.0458643168314937,0.00866472648660595,-1.06088518831465,0.058584526421078
3.12426147559604,0.628809737395403,-0.257192071113863,0.982851297670629,-0.00610476038526747,-0.0458319312754562,0.00871813623186588,-1.06097961797338,0.0592539775699623
3.14592869262085,0.627537687198496,-0.258466028209962,0.983207995284513,-0.00632975679107328,-0.0457991394253081,0.00877167527524176,-1.06107187312097,0.0599285194007692
3.16774617501149,0.626253103285027,-0.259739589249497,0.983567778231737,-0.00655949891647367,-0.0457659389989938,0.00882534044343112,-1.06116192464814,0.0606081636767093
3.18971496488059,0.624955933279666,-0.26101262776063,0.983930645503707,-0.00679406266212812,-0.045732327751637,0.00887912851689355,-1.06124974346247,0.0612929221628697
3.21183611156796,0.623646126156773,-0.262285015619302,0.984296595285526,-0.00703352468141571,-0.0456983034765718,0.0089330362301763,-1.06133530048585,0.0619828066316906
3.23411067169074,0.622323632280203,-0.263556623056349,0.98466562493708,-0.00727796237635131,-0.0456638640063779,0.00898706027226269,-1.06141856665166,0.0626778288683805
3.25653970919388,0.620988403443428,-0.26482731866551,0.985037730973986,-0.00752745389311821,-0.0456290072139186,0.00904119728694378,-1.06149951290182,0.0633780006762626
3.27912429540095,0.619640392909944,-0.266096969412369,0.985412909048404,-0.00778207811720433,-0.0455937310133822,0.0090954438732137,-1.06157811018362,0.0640833338820483
3.30186550906528,0.618279555453958,-0.267365440644228,0.98579115392973,-0.00804191466813886,-0.0455580333613252,0.00914979658568909,-1.06165432944633,0.0647938403410319
3.32476443642155,0.616905847401332,-0.268632596100941,0.986172459485174,-0.00830704389381876,-0.0455219122577179,0.00920425193505294,-1.0617281416377,0.065509531942199
3.3478221712376,0.615519226670755,-0.269898297926733,0.986556818660222,-0.00857754686441736,-0.045485365746991,0.00925880638852333,-1.06179951770016,0.0662304206132488
3.37103981486675,0.614119652815132,-0.271162406683015,0.986944223459001,-0.00885350536586993,-0.0454483919190832,0.00931345637034739,-1.06186842856692,0.06695651832552
3.39441847630035,0.612707087063161,-0.272424781362212,0.987334664924559,-0.00913500189292743,-0.0454109889104892,0.00936819826232091,-1.06193484515788,0.0676878370988178
3.41795927222076,0.611281492361077,-0.273685279402629,0.987728133119046,-0.00942211964177031,-0.045373154905307,0.00942302840433387,-1.06199873837532,0.0684243890061371
3.44166332705473,0.60984283341454,-0.274943756704372,0.988124617103829,-0.00971494250217647,-0.0453348881362848,0.00947794309494235,-1.06206007909947,0.0691661861782764
3.46553177302703,0.608391076730639,-0.276200067646329,0.988524104919544,-0.010013555049237,-0.0452961868858665,0.0095329385919671,-1.06211883818381,0.0699132408083385
3.48956575021462,0.606926190659987,-0.277454065104246,0.988926583566082,-0.0103180425346112,-0.045257049487234,0.00958801111311924,-1.06217498645034,0.0706655651561143
3.51376640660105,0.605448145438887,-0.278705600469901,0.989332038982536,-0.0106284908773162,-0.0452174743253483,0.00964315683665315,-1.06222849468456,0.0714231715523418
3.53813489813128,0.603956913231524,-0.279954523671396,0.989740456027106,-0.0109449866540425,-0.045177459837986,0.00969837190204716,-1.06227933363034,0.0721860724028417
3.56267238876697,0.602452468172181,-0.281200683194579,0.990151818456985,-0.0112676170889912,-0.0451370045167719,0.00975365241071215,-1.06232747398461,0.0729542801925196
3.58738005054197,0.600934786407421,-0.282443926105617,0.990566108908223,-0.0115964700432262,-0.0450961069082069,0.00980899442672844,-1.06237288639194,0.0737278074892351
3.61225906361841,0.59940384613823,-0.283684098074722,0.990983308875588,-0.0119316340035354,-0.0450547656146906,0.00986439397761116,-1.0624155414389,0.0745066669475323
3.63731061634298,0.597859627662069,-0.284921043401056,0.991403398692435,-0.0122731980707956,-0.0450129792955362,0.00991984705510439,-1.0624554096483,0.0752908713122268
3.66253590530377,0.596302113414829,-0.286154605038815,0.991826357510598,-0.0126212519478359,-0.0449707466679803,0.00997534961600437,-1.06249246147331,0.0760804334218479
3.68793613538733,0.594731288012619,-0.287384624624516,0.992252163280301,-0.0129758859267943,-0.0449280665081827,0.0100308975830119,-1.06252666729137,0.076875366211931
3.71351251983634,0.593147138293399,-0.288610942505481,0.992680792730129,-0.0133371908759624,-0.044884937652219,0.0100864868456141,-1.06255799739802,0.077675682718157
3.73926628030746,0.591549653358383,-0.289833397769546,0.993112221347036,-0.0137052582261162,-0.0448413589970625,0.0101421132609959,-1.06258642200062,0.0784813960793352
3.76519864692972,0.589938824613213,-0.291051828275983,0.993546423356434,-0.0140801799563242,-0.0447973295015565,0.0101977726549812,-1.06261191121181,0.0792925195402271
3.7913108583633,0.58831464580883,-0.292266070687667,0.993983371702362,-0.0144620485792344,-0.0447528481873745,0.0102534608230037,-1.06263443504299,0.0801090664542092
3.81760416185865,0.58667711308205,-0.293475960504472,0.994423038027741,-0.0148509571258326,-0.0447079141399689,0.0103091735311083,-1.0626539633976,0.080931050285768
3.84407981331609,0.585026224995769,-0.294681332097911,0.99486539265475,-0.0152469991296708,-0.0446625265095057,0.0103649065169819,-1.06267046606429,0.0817584846128281
3.87073907734582,0.583361982578787,-0.295882018747034,0.995310404565312,-0.0156502686105623,-0.0446166845117862,0.0104206554910146,-1.06268391270997,0.082591383128912
3.89758322732826,0.581684389365193,-0.297077852675564,0.995758041381724,-0.0160608600577428,-0.0445703874291527,0.0104764161373912,-1.06269427287279,0.0834297596451217
3.92461354547494,0.579993451433293,-0.298268665090302,0.996208269347438,-0.0164788684124924,-0.0445236346113788,0.0105321841152127,-1.06270151595495,0.0842736280919495
3.95183132288971,0.578289177444026,-0.299454286220777,0.996661053308,-0.016904389050219,-0.0444764254765426,0.0105879550596479,-1.06270561121543,0.0851230025209084
3.97923785963041,0.576571578678829,-0.300634545360157,0.997116356692172,-0.0173375177620036,-0.044428759511882,0.0106437245831148,-1.06270652776266,0.085977897105982
4.00683446477099,0.574840669076928,-0.301809270907412,0.997574141493256,-0.0177783507356012,-0.0443806362746312,0.0106994882764927,-1.06270423454705,0.0868383261448945
4.03462245646401,0.573096465271993,-0.302978290410731,0.998034368250615,-0.0182269845359039,-0.0443320553928368,0.0107552417103635,-1.06269870035343,0.0877043040601932
4.06260316200361,0.571338986628126,-0.304141430612188,0.998496996031427,-0.0186835160848622,-0.0442830165661536,0.0108109804362827,-1.06268989379342,0.0885758454001486
4.09077791788892,0.569568255275151,-0.305298517493642,0.998961982412681,-0.0191480426408642,-0.044233519566618,0.0108666999880802,-1.06267778329772,0.0894529648394634
4.11914806988789,0.567784296143139,-0.306449376323891,0.999429283463422,-0.0196206617775783,-0.0441835642393984,0.0109223958831905,-1.06266233710831,0.0903356771797947
4.14771497310157,0.565987136996156,-0.307593831707037,0.999898853727271,-0.0201014713622566,-0.0441331505035218,0.0109780636240112,-1.06264352327058,0.0912239973500836
4.17647999202884,0.56417680846517,-0.308731707632081,1.00037064620524,-0.0205905695335031,-0.0440822783525748,0.0110336986992912,-1.06262130962537,0.092117940406693
4.20544450063156,0.562353344080086,-0.309862827523725,1.00084461233883,-0.0210880546785096,-0.0440309478553789,0.0110892965855461,-1.062595663801,0.0930175215333514
4.23460988240025,0.560516780300859,-0.310987014294366,1.00132070199347,-0.0215940254097606,-0.0439791591566383,0.0111448527485031,-1.06256655320515,0.0939227560409026
4.26397753042013,0.558667156547656,-0.312104090397281,1.00179886344229,-0.0221085805412133,-0.0439269124775594,0.0112003626445721,-1.06253394501677,0.0948336593668577
4.29354884743766,0.556804515230008,-0.313213877880974,1.00227904335022,-0.0226318190639547,-0.0438742081164408,0.0112558217223447,-1.06249780617788,0.0957502470747514
4.32332524592758,0.554928901774923,-0.314316198444676,1.00276118675849,-0.0231638401213417,-0.0438210464492333,0.0113112254241198,-1.06245810338534,0.0966725348532995
4.35330814816033,0.553040364653909,-0.315410873494979,1.00324523706949,-0.0237047429836288,-0.0437674279300678,0.0113665691874553,-1.06241480308257,0.0976005385153567
4.38349898627002,0.551138955408871,-0.316497724203586,1.00373113603204,-0.0242546270220894,-0.0437133530917511,0.0114218484467452,-1.06236787145121,0.0985342739966757
4.41389920232282,0.549224728676838,-0.317576571566144,1.00421882372707,-0.0248135916826383,-0.0436588225462276,0.0114770586348219,-1.06231727440279,0.0994737573544658
4.44451024838583,0.547297742213479,-0.318647236462162,1.00470823855373,-0.025381736458959,-0.0436038369850068,0.0115321951845826,-1.0622629775703,0.100419004765748
4.47533358659646,0.54535805691536,-0.31970953971596,1.00519931721598,-0.0259591608651472,-0.0435483971795548,0.0115872535306396,-1.06220494629979,0.101370032525511
4.50637068923228,0.543405736840918,-0.320763302158641,1.00569199470955,-0.0265459644078753,-0.043492503981649,0.0116422291109931,-1.06214314564188,0.102326857044666
4.53762303878129,0.541440849230091,-0.321808344691065,1.00618620430953,-0.0271422465580892,-0.043436158323695,0.0116971173687266,-1.06207754034332,0.10328949484779
4.56909212801278,0.539463464522577,-0.322844488347769,1.00668187755828,-0.0277481067222439,-0.043379361219005,0.011751913753723,-1.06200809483849,0.10425796257068
4.60077946004862,0.537473656374681,-0.32387155436183,1.007178944254,-0.0283636442130903,-0.0433221137620361,0.0118066137244017,-1.06193477324083,0.105232276957691
4.63268654843505,0.535471501674706,-0.324889364230627,1.00767733243972,-0.0289889582200196,-0.0432644171285876,0.0118612127494745,-1.06185753933438,0.106212454858879
4.66481491721498,0.53345708055686,-0.325897739782462,1.00817696839292,-0.0296241477789827,-0.0432062725759573,0.0119157063097211,-1.06177635656521,0.107198513226934
4.69716610100076,0.531430476413626,-0.326896503244022,1.00867777661557,-0.0302693117419878,-0.0431476814430545,0.0119700898997812,-1.06169118803289,0.108190469113913
4.72974164504755,0.529391775906576,-0.327885477308623,1.00917967982492,-0.0309245487461952,-0.0430886451504696,0.0120243590299637,-1.06160199648194,0.109188339667764
4.76254310532705,0.527341068975579,-0.328864485205215,1.00968259894469,-0.0315899571826172,-0.0430291652004989,0.0120785092280708,-1.06150874429329,0.110192142128657
4.79557204860185,0.525278448846377,-0.329833350768105,1.01018645309699,-0.0322656351644394,-0.0429692431771249,0.0121325360412378,-1.06141139347574,0.111201893825092
4.82883005250031,0.523204012036496,-0.330791898507344,1.01069115959479,-0.0329516804949738,-0.0429088807459492,0.0121864350377841,-1.06130990565746,0.112217612169825
4.86231870559183,0.521117858359448,-0.331739953679752,1.01119663393501,-0.0336481906352614,-0.0428480796540791,0.012240201809078,-1.06120424207742,0.113239314655568
4.89603960746281,0.51902009092721,-0.332677342360525,1.01170278979229,-0.0343552626713355,-0.0427868417299667,0.0122938319714115,-1.06109436357694,0.114267018850502
4.92999436879299,0.51691081615093,-0.333603891515388,1.01220953901333,-0.0350729932811637,-0.0427251688831982,0.0123473211678844,-1.06098023059119,0.11530074239358
4.96418461143244,0.514790143739854,-0.334519429073226,1.01271679161196,-0.0358014787012816,-0.0426630631042355,0.0124006650702971,-1.06086180314073,0.116340502989622
4.99861196847899,0.512658186698424,-0.33542378399918,1.01322445576486,-0.0365408146931372,-0.0426005264641063,0.01245385938105,-1.06073904082304,0.117386318404211
5.03327808435624,0.510515061321535,-0.336316786368115,1.01373243780795,-0.037291096509161,-0.0425375611140448,0.0125068998350484,-1.0606119028042,0.11843820645839
5.06818461489212,0.50836088718792,-0.337198267438451,1.0142406422335,-0.0380524188585774,-0.0424741692850805,0.0125597822016112,-1.0604803478104,0.119496185023143
5.10333322739797,0.506195787151645,-0.338068059726267,1.01474897168788,-0.0388248758729785,-0.0424103532875756,0.012612502286383,-1.0603443341197,0.120560272013688
5.13872560074817,0.504019887331686,-0.338925997079655,1.0152573269701,-0.0396085610716761,-0.0423461155107095,0.0126650559332461,-1.06020381955364,0.121630485383557
5.17436342546036,0.501833317099575,-0.339771914753247,1.01576560703104,-0.0404035673268486,-0.0422814584219114,0.0127174390262331,-1.06005876146905,0.122706843118476
5.21024840377617,0.499636209065084,-0.340605649482872,1.01627370897336,-0.0412099868285065,-0.0422163845662389,0.0127696474914372,-1.05990911674976,0.12378936323005
5.24638224974252,0.497428699059956,-0.341427039560283,1.01678152805224,-0.0420279110492894,-0.0421508965657039,0.0128216772989186,-1.05975484179846,0.124878063749234
5.2827666892935,0.49521092611963,-0.342235924907891,1.01728895767679,-0.0428574307091192,-0.0420849971185431,0.0128735244646065,-1.05959589252859,0.125972962719614
5.31940346033281,0.492983032462989,-0.343032147153456,1.01779588941223,-0.043698635739726,-0.0420186889984362,0.0129251850521939,-1.05943222435621,0.127074078190477
5.35629431281677,0.490745163470088,-0.343815549704669,1.01830221298282,-0.0445516152490686,-0.0419519750536682,0.0129766551750239,-1.05926379219202,0.128181428209692
5.39344100883792,0.488497467657868,-0.344585977823566,1.0188078162756,-0.0454164574856692,-0.0418848582062378,0.0130279309979662,-1.05909055043339,0.129295030816379
5.43084532270915,0.486240096653844,-0.345343278700712,1.01931258534481,-0.046293249802882,-0.0418173414509107,0.0130790087392815,-1.05891245295644,0.130414904033384
5.4685090410485,0.483973205167769,-0.346087301529101,1.01981640441714,-0.0471820786231192,-0.0417494278542187,0.013129884672473,-1.05872945310822,0.131541065859555
5.50643396286443,0.481696950961261,-0.346817897577693,1.02031915589774,-0.0480830294020524,-0.0416811205534032,0.013180555128122,-1.05854150369892,0.132673534261814
5.54462189964184,0.479411494815395,-0.347534920264545,1.020820720377,-0.048996186592812,-0.0416124227553045,0.0132310164957071,-1.05834855699416,0.133812327167034
5.58307467542852,0.477117000496273,-0.348238225229459,1.0213209766381,-0.0499216336102074,-0.0415433377351967,0.0132812652254044,-1.05815056470738,0.134957462453716
5.6217941269223,0.474813634718558,-0.348927670406086,1.02181980166532,-0.0508594527949856,-0.0414738688355673,0.0133312978298672,-1.05794747799224,0.136108957943463
5.66078210355879,0.472501567106985,-0.349603116093428,1.02231707065318,-0.0518097253781546,-0.0414040194648433,0.013381110885984,-1.05773924743515,0.137266831392266
5.70004046759971,0.470180970155862,-0.350264425026669,1.02281265701633,-0.0527725314453883,-0.0413337930960631,0.0134307010366116,-1.0575258230479,0.13843110048158
5.73957109422183,0.467852019186568,-0.350911462447268,1.02330643240016,-0.0537479499015392,-0.0412631932654949,0.0134800649922834,-1.05730715426026,0.139601782809209
5.77937587160657,0.465514892303053,-0.351544096172258,1.02379826669228,-0.0547360584352764,-0.0411922235712017,0.0135291995328896,-1.0570831899128,0.140778895879993
5.81945670103016,0.463169770345368,-0.352162196662686,1.02428802803467,-0.055736933483874,-0.0411208876715542,0.013578101509328,-1.0568538782497,0.141962457096297
5.85981549695445,0.460816836841229,-0.352765637091116,1.0247755828367,-0.0567506501981681,-0.0410491892836906,0.013626767845124,-1.05661916691172,0.143152483748299
5.90045418711838,0.458456277955645,-0.353354293408154,1.02526079578881,-0.0577772824077064,-0.0409771321819258,0.013675195538018,-1.05637900292919,0.144348993004087
5.94137471263004,0.456088282438627,-0.353928044407918,1.025743529877,-0.0588169025861117,-0.0409047201961093,0.0137233816615173,-1.05613333271516,0.145552001899555
5.9825790280594,0.453713041570996,-0.354486771792386,1.02622364639807,-0.0598695818166768,-0.0408319572099331,0.0137713233664126,-1.05588210205859,0.146761527328103
6.02406910153166,0.451330749108332,-0.355030360234578,1.02670100497557,-0.0609353897582169,-0.0407588471591902,0.0138190178822558,-1.05562525611772,0.147977586030143
6.06584691482126,0.448941601223074,-0.355558697440488,1.02717546357655,-0.0620143946111968,-0.0406853940299846,0.0138664625187985,-1.05536273941344,0.149200194582402
6.10791446344653,0.446545796444814,-0.356071674209727,1.02764687852892,-0.0631066630841534,-0.0406116018568939,0.0139136546673888,-1.05509449582282,0.150429369387035
6.15027375676503,0.444143535598813,-0.356569184494796,1.02811510453966,-0.0642122603604346,-0.0405374747210853,0.0139605918023248,-1.05482046857281,0.151665126660539
6.19292681806951,0.441735021742778,-0.357051125458949,1.02857999471366,-0.0653312500652758,-0.0404630167483862,0.0140072714821635,-1.05454060023389,0.15290748242247
6.23587568468454,0.439320460101933,-0.357517397532576,1.02904140057326,-0.0664636942332282,-0.0403882321073103,0.0140536913509838,-1.05425483271401,0.154156452483962
6.27912240806387,0.436900058002422,-0.357967904468053,1.0294991720785,-0.0676096532759655,-0.0403131250070403,0.0140998491396002,-1.05396310725252,0.155412052436054
6.32266905388835,0.434474024803099,-0.358402553393002,1.02995315764801,-0.0687691859504798,-0.0402376996953693,0.0141457426667287,-1.05366536441431,0.156674297637817
6.36651770216467,0.432042571825724,-0.358821254861908,1.03040320418061,-0.0699423493276906,-0.0401619604566006,0.0141913698401002,-1.05336154408396,0.157943203204281
6.41067044732463,0.42960591228364,-0.359223922906036,1.03084915707751,-0.0711291987614823,-0.0400859116094093,0.0142367286575221,-1.05305158546014,0.159218783994176
6.45512939832527,0.427164261208956,-0.359610475081609,1.03129086026516,-0.0723297878581866,-0.0400095575046648,0.0142818172078858,-1.05273542705005,0.160501054597464
6.49989667874954,0.424717835378295,-0.359980832516173,1.03172815621875,-0.0735441684465276,-0.0399329025232176,0.0143266336721189,-1.05241300666406,0.161790029322681
6.54497442690774,0.42226685323716,-0.360334919953127,1.03216088598622,-0.0747723905480451,-0.039855951073651,0.0143711763240804,-1.05208426141036,0.16308572218408
6.5903647959397,0.419811534822967,-0.36067266579435,1.03258888921298,-0.076014502348012,-0.0397787075899995,0.0144154435313984,-1.05174912768994,0.164388146888576
6.63606995391757,0.417352101686806,-0.360994002140896,1.03301200416712,-0.0772705501668594,-0.0397011765294351,0.0144594337562477,-1.05140754119151,0.165697316822495
6.68209208394941,0.414888776813978,-0.361298864831698,1.03343006776517,-0.0785405784321244,-0.0396233623699244,0.0145031455560677,-1.05105943688669,0.167013245038124
6.72843338428345,0.412421784543378,-0.361587193480256,1.03384291559846,-0.0798246296509336,-0.0395452696078558,0.0145465775842183,-1.05070474902532,0.168335944240061
6.77509606841313,0.40995135048577,-0.361858931509256,1.03425038195995,-0.0811227443830366,-0.0394669027556419,0.0145897285905729,-1.05034341113089,0.169665426771375
6.82208236518274,0.407477701441037,-0.362114026183091,1.03465229987154,-0.0824349612143969,-0.0393882663392961,0.0146325974220477,-1.04997535599613,0.171001704599553
6.86939451889399,0.40500106531444,-0.362352428638241,1.03504850111192,-0.0837613167313589,-0.0393093648959859,0.0146751830230664,-1.04960051567882,0.172344789302264
6.91703478941313,0.402521671031983,-0.362574093911492,1.03543881624486,-0.0851018454953933,-0.0392302029715664,0.0147174844359589,-1.04921882149763,0.173694692052915
6.96500545227891,0.400039748454916,-0.362778980965943,1.03582307464791,-0.0864565800184364,-0.0391507851180936,0.0147595008012936,-1.04883020402826,0.175051423606006
7.0133087988113,0.397555528293477,-0.362967052714801,1.03620110454156,-0.08782555073883,-0.0390711158913208,0.0148012313581421,-1.04843459309967,0.176414994282293
7.06194713622089,0.39506924201991,-0.363138276042899,1.03657273301879,-0.0892087859978706,-0.0389911998481802,0.014842675444276,-1.0480319177905,0.177785413953748
7.11092278771915,0.392581121780851,-0.363292621825955,1.03693778607503,-0.0906063120169726,-0.0389110415442508,0.0148838324962945,-1.04762210642563,0.179162692028314
7.16023809262934,0.39009140030914,-0.36343006494752,1.03729608863841,-0.0920181528754578,-0.0388306455312156,0.0149247020496834,-1.04720508657301,0.180546837434465
7.20989540649828,0.387600310835127,-0.363550584313606,1.03764746460044,-0.0934443304889689,-0.0387500163543094,0.0149652837388032,-1.04678078504055,0.181937858605566
7.25989710120885,0.385108086997563,-0.36365416286498,1.03799173684694,-0.0948848645885189,-0.0386691585497604,0.0150055772968071,-1.04634912787331,0.183335763464032
7.31024556509332,0.382614962754114,-0.363740787587112,1.03832872728931,-0.0963397727001751,-0.0385880766422255,0.0150455825554887,-1.04591004035078,0.184740559405276
7.36094320304735,0.380121172291608,-0.363810449517751,1.03865825689608,-0.0978090701253838,-0.0385067751422249,0.0150852994450578,-1.04546344698446,0.186152253281476
7.41199243664497,0.377626949936058,-0.363863143752137,1.03898014572467,-0.0992927699219358,-0.0384252585435743,0.0151247279938453,-1.04500927151552,0.187570851385116
7.46339570425412,0.375132530062556,-0.363898869445835,1.03929421295345,-0.100790882885576,-0.0383435313208198,0.0151638683279364,-1.04454743691277,0.188996359432349
7.51515546115323,0.37263814700509,-0.363917629815185,1.03960027691396,-0.102303417532252,-0.0382615979266764,0.0152027206707317,-1.04407786537079,0.190428782546138
7.56727417964842,0.37014403496638,-0.363919432135374,1.0398981551234,-0.103830380081014,-0.0381794627894719,0.0152412853424376,-1.04360047830826,0.191868125239213
7.61975434919166,0.367650427927789,-0.36390428773612,1.04018766431718,-0.105371774437545,-0.0380971303105997,0.0152795627594836,-1.04311519636652,0.193314391396808
7.67259847649959,0.365157559559393,-0.363872211994983,1.04046862048172,-0.106927602178335,-0.0380146048619812,0.0153175534338695,-1.04262193940838,0.194767584259211
7.72580908567334,0.362665663130273,-0.363823224328306,1.04074083888735,-0.108497862535496,-0.0379318907835414,0.0153552579724398,-1.04212062651714,0.196227706404109
7.77938871831903,0.360174971419115,-0.363757348179791,1.04100413412134,-0.110082552382197,-0.0378489923806983,0.0153926770760879,-1.04161117599579,0.19769475972872
7.83333993366922,0.357685716625181,-0.363674611006723,1.04125832012096,-0.111681666218736,-0.0377659139218693,0.0154298115388894,-1.04109350536654,0.19916874543174
7.8876653087051,0.355198130279721,-0.363575044263867,1.04150321020672,-0.113295196159228,-0.0376826596359975,0.0154666622471642,-1.04056753137055,0.200649663995076
7.94236743827963,0.352712443157909,-0.363458683385032,1.04173861711554,-0.114923131918911,-0.0375992337100973,0.0155032301784698,-1.04003316996787,0.202137515165382
7.99744893524145,0.350228885191364,-0.363325567762346,1.0419643530341,-0.116565460802052,-0.037515640286825,0.0155395164005239,-1.03949033633771,0.203632297935398
8.0529124305597,0.347747685381323,-0.363175740723243,1.04218022963206,-0.118222167690466,-0.0374318834620733,0.0155755220700597,-1.03893894487891,0.20513401052508
8.10876057344967,0.345269071712547,-0.363009249505204,1.04238605809537,-0.119893235032607,-0.0373479672825939,0.0156112484316114,-1.03837890921072,0.206642650362536
8.16499603149936,0.34279327106802,-0.362826145228257,1.04258164915957,-0.121578642833258,-0.0372638957436493,0.0156466968162338,-1.03781014217382,0.208158214064762
8.22162149079689,0.340320509144506,-0.362626482865292,1.042766813143,-0.123278368643782,-0.0371796727866963,0.0156818686401544,-1.03723255583161,0.20968069741818
8.27863965605879,0.337851010369034,-0.362410321210192,1.04294135997998,-0.124992387552931,-0.0370953022971023,0.0157167654033603,-1.03664606147185,0.211210095358972
8.33605325075921,0.33538499781638,-0.362177722843836,1.04310509925398,-0.12672067217821,-0.0370107881018975,0.0157513886881199,-1.03605056960852,0.212746401953224
8.39386501726,0.332922693127593,-0.361928754098001,1.04325784023062,-0.128463192657771,-0.0369261339675648,0.0157857401574415,-1.035445989984,0.214289610376872
8.45207771694168,0.330464316429644,-0.361663485017198,1.04339939189061,-0.130219916642835,-0.0368413435978679,0.0158198215534688,-1.03483223157158,0.21583971289545
8.51069413033537,0.328010086256255,-0.361381989318482,1.04352956296265,-0.13199080929062,-0.0367564206317217,0.0158536346958149,-1.03420920257823,0.217396700843649
8.56971705725559,0.325560219469952,-0.361084344349284,1.04364816195608,-0.133775833257764,-0.0366713686411046,0.0158871814798362,-1.03357681044776,0.218960564604679
8.62914931693396,0.323114931185423,-0.360770631043301,1.04375499719352,-0.135574948694231,-0.036586191129016,0.0159204638748469,-1.03293496186425,0.220531293589444
8.68899374815392,0.320674434694214,-0.36044093387449,1.04384987684327,-0.137388113237687,-0.0365008915274804,0.015953483922276,-1.03228356275581,0.222108876215527
8.74925320938629,0.318238941390828,-0.360095340809219,1.04393260895165,-0.139215282008314,-0.0364154731955992,0.0159862437337678,-1.03162251829872,0.223693299885983
8.80993057892579,0.315808660700285,-0.359733943256611,1.04400300147507,-0.141056407604077,-0.0363299394176526,0.0160187454892272,-1.03095173292189,0.225284550967958
8.87102875502857,0.31338380000717,-0.359356836017152,1.04406086231201,-0.142911440096395,-0.0362442934012527,0.0160509914348115,-1.0302711103117,0.226882614771108
8.93255065605059,0.310964564586248,-0.358964117229587,1.04410599933481,-0.144780327026218,-0.0361585382755492,0.0160829838808706,-1.02958055341717,0.228487475525857
8.99449922058705,0.308551157534659,-0.358555888316181,1.04413822042121,-0.146663013400494,-0.0360726770894906,0.0161147251998356,-1.02887996445551,0.230099116361458
9.05687740761275,0.30614377970577,-0.358132253926392,1.04415733348575,-0.148559441688999,-0.0359867128101395,0.0161462178240597,-1.02816924491808,0.231717519283894
9.11968819662343,0.303742629644696,-0.357693321879005,1.04416314651099,-0.150469551821523,-0.035900648321047,0.0161774642436108,-1.0274482955767,0.233342665153595
9.18293458777804,0.30134790352555,-0.357239203102788,1.04415546757848,-0.152393281185379,-0.035814486420684,0.0162084670040193,-1.02671701649039,0.234974533662991
9.2466196020421,0.29895979509045,-0.356770011575735,1.04413410489951,-0.154330564623247,-0.0357282298209332,0.0162392287039812,-1.02597530701248,0.2366131033139
9.31074628133199,0.296578495590321,-0.356285864262949,1.04409886684572,-0.156281334431292,-0.0356418811456421,0.0162697519930196,-1.02522306579816,0.238258351394747
9.3753176886602,0.294204193727527,-0.355786881053216,1.04404956197942,-0.158245520357586,-0.0355554429292381,0.0163000395691055,-1.02446019081242,0.239910253957634
9.44033690828169,0.291837075600357,-0.35527318469435,1.04398599908379,-0.160223049600775,-0.0354689176154063,0.0163300941762399,-1.02368657933847,0.241568785795248
9.50580704584117,0.289477324649408,-0.354744900727357,1.04390798719275,-0.162213846809,-0.0353823075558325,0.0163599186019993,-1.02290212798656,0.243233920417618
9.57173122852146,0.287125121605866,-0.354202157419481,1.04381533562072,-0.164217834079045,-0.035295615009011,0.0163895156750465,-1.02210673270328,0.244905630028734
9.63811260519287,0.284780644441745,-0.353645085696202,1.04370785399214,-0.166234930955691,-0.0352088421391185,0.0164188882626075,-1.02130028878123,0.246583885503015
9.70495434656358,0.282444068322068,-0.353073819072236,1.04358535227073,-0.168265054431265,-0.0351219910149553,0.0164480392679181,-1.02048269086933,0.248268656361649
9.7722596453311,0.28011556555904,-0.35248849358162,1.04344764078868,-0.170308118945367,-0.0350350636089544,0.0164769716276409,-1.0196538329834,0.249959910748802
9.84003171633479,0.277795305568211,-0.351889247706924,1.04329453027549,-0.172364036384748,-0.0349480617962589,0.0165056883092546,-1.0188136085174,0.251657615407693
9.90827379670937,0.275483454826653,-0.351276222307669,1.04312583188672,-0.174432716083337,-0.0348609873538684,0.0165341923084189,-1.01796191025504,0.253361735656565
9.97698914603959,0.273180176833161,-0.350649560548014,1.04294135723252,-0.176514064822393,-0.0347738419598564,0.0165624866463146,-1.01709863038196,0.255072235364531
10.0461810465159,0.270885632070494,-0.350009407823764,1.04274091840599,-0.178607986830759,-0.0346866271926566,0.0165905743669636,-1.01622366049845,0.256789076927322
10.1158528030912,0.268599977969648,-0.349355911688779,1.04252432801139,-0.18071438378522,-0.034599344530421,0.0166184585345282,-1.01533689163259,0.258512221242928
10.1860077436388,0.266323368876192,-0.348689221780838,1.04229139919214,-0.182833154810938,-0.0345119953504495,0.0166461422305936,-1.014438214254,0.26024162768716
10.2566492191112,0.264055956018649,-0.34800948974702,1.04204194565872,-0.18496419648194,-0.0344245809286902,0.0166736285514347,-1.01352751828817,0.261977254089115
10.3277806037004,0.261797887478932,-0.347316869168677,1.04177578171645,-0.187107402821675,-0.0343371024393127,0.016700920605269,-1.01260469313123,0.263719056706571
10.3994052949988,0.259549308164842,-0.346611515486047,1.04149272229305,-0.189262665303593,-0.0342495609543528,0.0167280215094983,-1.01166962766537,0.265466990201316
10.4715267141616,0.257310359784609,-0.34589358592258,1.04119258296619,-0.191429872851756,-0.0341619574434308,0.0167549343879405,-1.0107222102748,0.267221007614414
10.5441483060703,0.25508118082349,-0.345163239409036,1.04087517999088,-0.193608911841457,-0.0340742927735407,0.0167816623680534,-1.00976232886232,0.268981060341424
10.6172735394972,0.252861906522395,-0.344420636507409,1.04054033032681,-0.195799666099839,-0.0339865677089136,0.0168082085781538,-1.00878987086641,0.270747098107577
10.6909059072708,0.250652668858565,-0.343665939334758,1.04018785166559,-0.198002016906508,-0.0338987829109529,0.0168345761446314,-1.00780472327903,0.272519068942923
10.7650489264432,0.24845359652825,-0.342899311486973,1.03981756245794,-0.200215842994117,-0.0338109389382424,0.0168607681891622,-1.00680677266394,0.274296919157456
10.8397061384575,0.246264814931417,-0.342120917962568,1.03942928194085,-0.202441020548931,-0.0337230362466269,0.016886787825921,-1.00579590517567,0.276080593316234
10.9148811093176,0.244086446158437,-0.341330925086535,1.03902283016471,-0.20467742321134,-0.0336350751893651,0.0169126381587964,-1.00477200657915,0.277870034214493
10.9905774297578,0.241918608978762,-0.340529500434328,1.03859802802043,-0.206924922076336,-0.0335470560173549,0.0169383222786096,-1.00373496226993,0.279665182852781
11.0667987154147,0.23976141883156,-0.339716812756032,1.03815469726661,-0.209183385693933,-0.0334589788794306,0.0169638432603388,-1.00268465729508,0.281465978412115
11.1435486070002,0.237614987818292,-0.338893031900763,1.03769266055664,-0.211452680069526,-0.0333708438227318,0.0169892041603515,-1.00162097637475,0.28327235822917
11.2208307704748,0.235479424697209,-0.338058328741371,1.03721174146599,-0.213732668664186,-0.0332826507931437,0.017014408013646,-1.00054380392439,0.285084257771521
11.2986488972231,0.233354834879752,-0.337212875099477,1.03671176451946,-0.216023212394894,-0.033194399635808,0.0170394578311043,-0.999453024077663,0.286901610612956
11.3770067042298,0.23124132042882,-0.336356843670914,1.03619255521851,-0.218324169634686,-0.033106090095705,0.0170643565967584,-0.998348520709999,0.288724348408851
11.4559079342577,0.229138980058891,-0.33549040795161,1.03565394006884,-0.220635396212744,-0.0330177218183051,0.0170891072650709,-0.997230177462912,0.290552400871645
11.535356356026,0.227047909137965,-0.33461374216397,1.03509574660788,-0.222956745414398,-0.0329292943502903,0.0171137127582327,-0.996097877768968,0.292385695746423
11.6153557643908,0.224968199691294,-0.333727021183799,1.03451780343263,-0.225288067981056,-0.0328408071403443,0.0171381759634786,-0.994951504877494,0.294224158786611
11.6959099805258,0.222899940406887,-0.332830420467815,1.03391994022755,-0.227629212110066,-0.0327522595400114,0.0171624997304237,-0.993790941881,0.296067713729814
11.7770228521052,0.220843216642736,-0.3319241159818,1.03330198779264,-0.229980023454492,-0.0326636508046227,0.0171866868684208,-0.99261607174233,0.297916282273802
11.8586982534876,0.218798110435747,-0.331008284129425,1.03266377807185,-0.232340345122835,-0.0325749800942899,0.0172107401439416,-0.991426777322552,0.299769784052667
11.9409400859005,0.216764700512345,-0.330083101681795,1.03200514418154,-0.23471001767868,-0.0324862464749649,0.0172346622779825,-0.990222941409597,0.301628136613165
12.0237522776272,0.214743062300702,-0.32914874570776,1.03132592043935,-0.23708887914028,-0.032397448919565,0.0172584559434979,-0.989004446747648,0.303491255391261
12.1071387841942,0.212733267944571,-0.328205393505021,1.03062594239327,-0.239476764980095,-0.0323085863091639,0.0172821237628606,-0.987771176067287,0.305359053688893
12.1911035885602,0.21073538631868,-0.327253222532077,1.029905046851,-0.241873508124276,-0.0322196574342451,0.0173056683053525,-0.98652301211642,0.307231442650978
12.2756507013062,0.208749483045656,-0.32629241034104,1.02916307190967,-0.244278938952115,-0.03213066099602,0.0173290920846866,-0.985259837691962,0.309108331242674
12.3607841608273,0.206775620514427,-0.325323134511369,1.0283998569859,-0.246692885295461,-0.0320415956078074,0.0173523975565617,-0.983981535672312,0.310989626226922
12.4465080335254,0.20481385790009,-0.324345572584531,1.02761524284611,-0.249115172438127,-0.0319524597964742,0.0173755871162505,-0.982687989050613,0.312875232142281
12.5328264140034,0.202864251185173,-0.323359901999651,1.02680907163741,-0.251545623115278,-0.0318632520039378,0.0173986630962246,-0.981379080968801,0.314765051281087
12.6197434252612,0.200926853182288,-0.322366300030149,1.02598118691868,-0.253984057512838,-0.0317739705887263,0.0174216277638154,-0.980054694752454,0.316658983667945
12.7072632188919,0.199001713558098,-0.321364943721419,1.02513143369223,-0.256430293266907,-0.0316846138275986,0.0174444833189138,-0.97871471394644,0.318556927038585
12.7953899752808,0.197088878858589,-0.320356009829564,1.02425965843583,-0.258884145463224,-0.0315951799172213,0.0174672318917093,-0.977359022351376,0.320458776819096
12.8841279038047,0.195188392535589,-0.319339674761208,1.02336570913517,-0.261345426636667,-0.0315056669759019,0.0174898755404704,-0.975987504060894,0.322364426105567
12.9734812430331,0.193300294974491,-0.318316114514424,1.0224494353169,-0.263813946770843,-0.0314160730453783,0.0175124162493671,-0.974600043499718,0.324273765644155
13.0634542609305,0.191424623523159,-0.317285504620788,1.02151068808206,-0.266289513297745,-0.0313263960926619,0.0175348559263365,-0.973196525462564,0.326186683811598
13.1540512550606,0.189561412521945,-0.316248020088577,1.02054932014012,-0.268771931097528,-0.0312366340119338,0.0175571964009937,-0.971776835153854,0.32810306659621
13.2452765527909,0.187710693334804,-0.315203835347146,1.01956518584348,-0.271261002498414,-0.031146784626494,0.0175794394225882,-0.970340858228255,0.330022797579366
13.3371345115004,0.185872494381446,-0.314153124192488,1.01855814122254,-0.273756527276739,-0.0310568456907608,0.017601586658007,-0.968888480832032,0.331945757917516
13.4296295187868,0.184046841170494,-0.313096059733993,1.01752804402138,-0.276258302657177,-0.0309668148923203,0.0176236396898268,-0.967419589645233,0.333871826324741
13.5227659926764,0.182233756333595,-0.312032814342432,1.016474753734,-0.278766123313157,-0.030876689854025,0.0176456000144143,-0.965934071924696,0.335800879055883
13.6165483818355,0.180433259660461,-0.310963559599168,1.0153981316411,-0.281279781367509,-0.0307864681361394,0.0176674690400774,-0.964431815547867,0.33773278989028
13.7109811657822,0.178645368134773,-0.309888466246614,1.01429804084756,-0.283799066393342,-0.0306961472385319,0.0176892480852677,-0.962912709057457,0.339667430116115
13.806068855101,0.176870095970933,-0.308807704139937,1.0131743463205,-0.286323765415211,-0.0306057246029124,0.0177109383768352,-0.961376641706901,0.341604668515429
13.9018159916578,0.175107454651596,-0.307721442200038,1.012026914928,-0.288853662910569,-0.0305151976151134,0.0177325410483364,-0.959823503506647,0.343544371349805
13.998227148817,0.173357452965967,-0.306629848367791,1.0108556154784,-0.291388540811565,-0.0304245636074136,0.0177540571383964,-0.958253185271249,0.345486402346756
14.0953069316601,0.1716200970488,-0.305533089559567,1.00966031876038,-0.293928178507185,-0.030333819860903,0.0177754875891265,-0.956665578667273,0.347430622686862
14.1930599772055,0.169895390420075,-0.304431331624034,1.00844089758359,-0.296472352845792,-0.0302429636078888,0.0177968332445978,-0.955060576262012,0.349376890991648
14.2914909546299,0.168183334025297,-0.303324739300256,1.00719722682004,-0.299020838138081,-0.0301519920343392,0.0178180948493717,-0.953438071572986,0.351325063312275
14.3906045654914,0.166483926276399,-0.302213476177064,1.00592918344613,-0.301573406160494,-0.0300609022823654,0.0178392730470882,-0.951797959118252,0.35327499311903
14.4904055439544,0.164797163093179,-0.301097704653734,1.00463664658539,-0.304129826159104,-0.0299696914527397,0.0178603683791126,-0.950140134467483,0.355226531291683
14.5908986570152,0.163123037945266,-0.299977585901951,1.00331949755189,-0.306689864854037,-0.0298783566074487,0.0178813812832425,-0.948464494293833,0.35717952611071
14.6920887047298,0.16146154189455,-0.298853279829059,1.0019776198944,-0.309253286444429,-0.0297868947722802,0.0179023120924735,-0.946770936426569,0.359133823249428
14.7939805204436,0.15981266363805,-0.297724945042606,1.0006108994412,-0.311819852613983,-0.0296953029394423,0.0179231610338274,-0.945059359904451,0.36108926576707
14.8965789710218,0.158176389551182,-0.296592738816175,0.999219224345622,-0.314389322537136,-0.0296035780702137,0.0179439282272408,-0.943329665029875,0.363045694102822
14.999888957082,0.156552703731386,-0.295456817056494,0.997802485132274,-0.316961452885899,-0.0295117170976237,0.017964613684517,-0.941581753423732,0.365002946070865
15.1039154132284,0.154941588042085,-0.294317334271827,0.996360574744002,-0.31953599783738,-0.0294197169291601,0.0179852173083401,-0.939815528081006,0.366960856856442
15.2086633082875,0.153343022156923,-0.293174443541631,0.994893388589516,-0.32211270908204,-0.0293275744495049,0.0180057388913537,-0.938030893427063,0.368919259012978
15.3141376455451,0.151756983604266,-0.292028296487486,0.993400824591726,-0.324691335832728,-0.0292352865232947,0.0180261781153029,-0.936227755374647,0.370877982460302
15.4203434629857,0.150183447811922,-0.290879043245273,0.991882783236768,-0.327271624834515,-0.0291428499979057,0.0180465345502421,-0.934406021381544,0.372836854483979
15.5272858335329,0.148622388152045,-0.289726832438607,0.990339167623704,-0.329853320375371,-0.0290502617062619,0.0180668076538075,-0.932565600508908,0.374795699735797
15.6349698652918,0.147073775986198,-0.288571811153506,0.988769883514912,-0.332436164297735,-0.0289575184696636,0.0180869967705567,-0.930706403480231,0.376754340235434
15.7434007017931,0.145537580710526,-0.287414124914291,0.987174839387122,-0.335019896011001,-0.0288646171006373,0.0181071011313735,-0.928828342740928,0.378712595373338
15.8525835222385,0.144013769801036,-0.286253917660701,0.985553946483116,-0.33760425250497,-0.0287715544058032,0.018127119852941,-0.926931332518531,0.380670281914852
15.9625235417481,0.142502308858922,-0.285091331726216,0.983907118864066,-0.340188968364296,-0.0286783271887597,0.018147051937282,-0.925015288883462,0.382627214005608
16.07322601161,0.141003161655922,-0.283926507817576,0.982234273462488,-0.342773775783983,-0.0285849322529848,0.0181668962713667,-0.923080129810358,0.384583203178228
16.1846962195303,0.139516290179681,-0.282759584995478,0.980535330135816,-0.345358404585948,-0.02849136640475,0.0181866516267901,-0.921125775239936,0.386538058360357
16.2969394898867,0.138041654679078,-0.281590700656441,0.978810211720559,-0.347942582236715,-0.0283976264560486,0.0182063166595175,-0.919152147141365,0.388491585884063
16.4099611839816,0.136579213709496,-0.280419990515828,0.977058844087027,-0.350526033866263,-0.0283037092275344,0.0182258899096998,-0.917159169575116,0.39044358949663
16.5237667002994,0.135128924178016,-0.279247588591999,0.975281156194611,-0.353108482288061,-0.0282096115514701,0.0182453698015578,-0.915146768756273,0.392393870372769
16.6383614747635,0.133690741388492,-0.278073627191598,0.973477080147589,-0.355689648020354,-0.0281153302746847,0.0182647546433377,-0.913114873118268,0.394342227128289
16.7537509809962,0.132264619086495,-0.276898236895938,0.971646551251426,-0.358269249308716,-0.0280208622615371,0.0182840426273358,-0.911063413377008,0.396288455835243
16.8699407305804,0.130850509504095,-0.275721546548484,0.96978950806956,-0.360847002149909,-0.0279262043968852,0.0183032318299948,-0.908992322595372,0.398232350038589
16.9869362733223,0.12944836340446,-0.274543683243406,0.967905892480626,-0.363422620317105,-0.0278313535890589,0.0183223202120706,-0.906901536248045,0.400173700774384
17.1047431975172,0.128058130126247,-0.273364772315195,0.965995649736104,-0.365995815386488,-0.0277363067728348,0.0183413056188705,-0.904790992286637,0.402112296589542
17.2233671302159,0.126679757627762,-0.272184937329317,0.964058728518349,-0.368566296765278,-0.0276410609124125,0.0183601857805625,-0.902660631205082,0.404047923563187
17.3428137374936,0.125313192530871,-0.271004300073891,0.962095080998972,-0.371133771721228,-0.0275456130043889,0.0183789583125574,-0.900510396105252,0.405980365329623
17.4630887247206,0.123958380164634,-0.269822980552367,0.960104662897548,-0.373697945413598,-0.0274499600807305,0.0183976207159611,-0.898340232762776,0.40790940310294
17.5841978368348,0.122615264608653,-0.268641096977204,0.958087433540591,-0.376258520925684,-0.0273540992117421,0.0184161703781004,-0.896150089692993,0.409834815703301
17.7061468586161,0.121283788736103,-0.267458765764499,0.956043355920787,-0.378815199298892,-0.0272580275090288,0.0184346045731197,-0.893939918217036,0.411756379584905
17.8289416149627,0.119963894256433,-0.266276101529579,0.953972396756421,-0.381367679568423,-0.0271617421284515,0.0184529204626513,-0.891709672527975,0.413673868865677
17.9525879711692,0.11865552175772,-0.265093217083518,0.951874526550966,-0.383915658800588,-0.0270652402730733,0.0184711150965564,-0.889459309756992,0.415587055358692
18.0770918332073,0.117358610748658,-0.263910223430567,0.949749719652794,-0.386458832131781,-0.0269685191960948,0.0184891854137401,-0.887188790039541,0.417495708605353
18.2024591480069,0.116073099700167,-0.262727229766475,0.947597954314959,-0.388996892809148,-0.0268715762037782,0.018507128243037,-0.884898076581452,0.419399595910352
18.3286959037413,0.114798926086595,-0.261544343477686,0.945419212755003,-0.391529532232983,-0.0267744086583566,0.0185249403041711,-0.882587135724927,0.421298482378429
18.4558081301122,0.113536026426519,-0.260361670141385,0.943213481214747,-0.394056440000865,-0.0266770139809281,0.0185426182087859,-0.880255937014379,0.423192130952949
18.5838018986386,0.112284336323116,-0.259179313526383,0.94098075002001,-0.396577303953581,-0.0265793896543326,0.0185601584615483,-0.87790445326208,0.425080302456306
18.7126833229461,0.111043790504085,-0.257997375594812,0.938721013640196,-0.399091810222845,-0.0264815332260097,0.0185775574613238,-0.87553266061355,0.426962755632186
18.8424585590593,0.10981432286113,-0.256815956504617,0.93643427074772,-0.40159964328085,-0.0263834423108361,0.018594811502424,-0.873140538612651,0.428839247189687
18.9731338056957,0.108595866488965,-0.255635154612827,0.934120524277198,-0.404100485991661,-0.0262851145939402,0.0186119167759249,-0.870728070266323,0.430709531849319
19.1047153045619,0.107388353723847,-0.254455066479569,0.931779781484349,-0.406594019664485,-0.0261865478334929,0.0186288693710582,-0.868295242108923,0.432573362390895
19.2372093406515,0.106191716181623,-0.253275786872834,0.92941205400456,-0.409079924108828,-0.0260877398634728,0.0186456652766724,-0.865842044266097,0.434430489703322
19.3706222425457,0.105005884795272,-0.252097408773946,0.92701735791105,-0.411557877691559,-0.025988688596403,0.0186623003827658,-0.863368470518144,0.436280662836296
19.5049603827152,0.103830789851946,-0.250920023383734,0.924595713772569,-0.414027557395894,-0.0258893920260593,0.0186787704820895,-0.860874518362805,0.438123629053923
19.6402301778248,0.102666361029488,-0.249743720129379,0.922147146710581,-0.416488638882323,-0.0257898482301473,0.0186950712718206,-0.858360189077436,0.439959133890258
19.7764380890397,0.101512527432424,-0.24856858667192,0.91967168645586,-0.418940796551479,-0.0256900553729461,0.0187111983553057,-0.855825487780488,0.441786921206766
19.9135906223344,0.100369217627428,-0.247394708914393,0.917169367404439,-0.421383703608974,-0.0255900117079173,0.0187271472438734,-0.85327042349225,0.443606733251726
20.0516943288031,0.0992363596782361,-0.246222171010599,0.914640228672852,-0.423817032132195,-0.0254897155802786,0.0187429133587148,-0.850695009194794,0.445418310721553
20.1907558049731,0.0981138811800192,-0.245051055374459,0.912084314152589,-0.426240453139076,-0.0253891654295375,0.0187584920328341,-0.848099261891049,0.447221392824057
20.3307816931193,0.0970017092931976,-0.243881442689961,0.909501672563718,-0.428653636658854,-0.0252883597919867,0.0187738785130647,-0.845483202662969,0.44901571734363
20.4717786815819,0.0958997707766977,-0.242713411921658,0.906892357507586,-0.431056251804792,-0.0251872973031562,0.0187890679621538,-0.842846856728708,0.450801020708347
20.6137535050858,0.0948079920206409,-0.241547040325722,0.904256427518547,-0.433447966848891,-0.0250859767002227,0.0188040554609126,-0.840190253498753,0.452577038058997
20.756712945062,0.0937262990784637,-0.240382403461509,0.901593946114641,-0.435828449298577,-0.0249843968243735,0.0188188360104323,-0.837513426630955,0.454343503320012
20.900663829972,0.0926546176984618,-0.239219575203637,0.898904981847147,-0.438197365975351,-0.0248825566231224,0.0188334045343644,-0.834816414084383,0.456100149272291
21.0456130356336,0.0915928733547565,-0.238058627754552,0.896189608348955,-0.440554383095412,-0.0247804551525779,0.0188477558812658,-0.832099258171959,0.457846707627923
21.1915674855492,0.0905409912776789,-0.236899631657563,0.893447904381675,-0.442899166352227,-0.0246780915796591,0.018861884827006,-0.829362005611782,0.459582909106759
21.338534151237,0.0894988964835687,-0.235742655810325,0.890679953881413,-0.445231381001045,-0.0245754651842606,0.0188757860772365,-0.826604707577103,0.461308483514857
21.4865200525637,0.0884665138039862,-0.234587767478759,0.887885846003145,-0.447550691945335,-0.0244725753613617,0.0188894542699221,-0.823827419744877,0.463023159824749
21.6355322580795,0.0874437679143338,-0.233435032311391,0.885065675163617,-0.449856763825131,-0.0243694216230801,0.0189028839779308,-0.821030202342821,0.464726666257522
21.7855778853565,0.0864305833618876,-0.232284514354085,0.882219541082696,-0.452149261107268,-0.0242660036006679,0.0189160697116839,-0.818213120194929,0.466418730366697
21.9366641013278,0.0854268845932352,-0.23113627606516,0.879347548823098,-0.454427848177479,-0.0241623210464475,0.018929005921863,-0.815376242765362,0.468099079123857
22.0887981226306,0.0844325959811204,-0.229990378330876,0.87644980882843,-0.45669218943433,-0.0240583738356864,0.0189416870021739,-0.812519644200674,0.469767439006026
22.2419872159503,0.0834476418506935,-0.228846880481258,0.873526436959462,-0.458941949384974,-0.0239541619684091,0.0189541072921656,-0.809643403370279,0.471423536084741
22.396238698368,0.0824719465051685,-0.227705840306269,0.870577554528564,-0.46117679274267,-0.0238496855711438,0.0189662610801031,-0.806747603905123,0.473067096116804
22.5515599377096,0.0815054342508842,-0.226567314072279,0.867603288332238,-0.463396384526061,-0.0237449448986028,0.0189781426058931,-0.803832334234484,0.47469784463667
22.7079583528983,0.0805480294217738,-0.22543135653885,0.864603770681664,-0.465600390160153,-0.0236399403352955,0.0189897460640602,-0.800897687620838,0.476315507050429
22.8654414143084,0.0795996564032391,-0.224298020975798,0.861579139431202,-0.467788475578966,-0.0235346723970702,0.0190010656067732,-0.797943762192737,0.477919808731357
23.0240166441225,0.0786602396554358,-0.223167359180523,0.858529538004768,-0.469960307329806,-0.0234291417325863,0.019012095346919,-0.794970660975629,0.479510475116982
23.1836916166905,0.0777297037359655,-0.222039421495593,0.855455115420026,-0.472115552679133,-0.023323349124712,0.0190228293612234,-0.791978491920561,0.481087231807618
23.3444739588916,0.0768079733219814,-0.220914256826569,0.852356026310314,-0.474253879719944,-0.0232172954918486,0.0190332616934157,-0.788967367930715,0.482649804666334
23.5063713504986,0.0758949732317057,-0.21979191266005,0.849232430944252,-0.476374957480655,-0.0231109818891788,0.0190433863574377,-0.7859374068857,0.48419791992029
23.6693915245447,0.0749906284453631,-0.218672435081929,0.846084495242953,-0.4784784560354,-0.0230044095098366,0.0190531973406921,-0.782888731663562,0.485731304263411
23.8335422676926,0.0740948641255323,-0.21755586879584,0.842912390794776,-0.480564046615715,-0.0228975796859995,0.0190626886073322,-0.779821470160443,0.487249684960321
23.9988314206069,0.0732076056369185,-0.21644225714179,0.839716294867556,-0.482631401723528,-0.0227904938898994,0.0190718541015874,-0.776735755307833,0.488752789951495
24.1652668783283,0.0723287785655489,-0.215331642114952,0.83649639041826,-0.484680195245404,-0.0226831537347529,0.0190806877511251,-0.773631725087374,0.490240347959568
24.3328565906507,0.0714583087373964,-0.214224064384619,0.83325286609998,-0.486710102567975,-0.0225755609756077,0.0190891834704458,-0.770509522543145,0.491712088596742
24.5016085625011,0.0705961222364323,-0.213119563313285,0.829985916266237,-0.488720800694498,-0.0224677175101051,0.0190973351643099,-0.767369295791393,0.493167742473214
24.6715308543219,0.0697421454221146,-0.212018176975867,0.826695740972515,-0.490711968362457,-0.0223596253791574,0.0191051367311935,-0.764211198027653,0.494607041306585
24.8426315824557,0.0688963049463133,-0.210919942179026,0.82338254597498,-0.492683286162148,-0.0222512867675381,0.0191125820667711,-0.761035387531205,0.496029718032151
25.0149189195333,0.0680585277696784,-0.209824894480597,0.820046542726324,-0.494634436656161,-0.0221427040043849,0.0191196650674239,-0.757842027666839,0.497435506914036
25.1884010948637,0.0672287411774543,-0.208733068209108,0.816687948368692,-0.496565104499699,-0.0220338795636138,0.0191263796337705,-0.75463128688386,0.498824143657071
25.3630863948277,0.0664068727947443,-0.207644496483369,0.81330698572363,-0.498474976561633,-0.021924816064243,0.0191327196742173,-0.751403338712313,0.500195365519361
25.538983163273,0.0655928506012322,-0.206559211232126,0.809903883279017,-0.500363742046228,-0.0218155162706269,0.0191386791085277,-0.748158361756372,0.501548911425456
25.7160998019135,0.0647866029453629,-0.205477243213774,0.806478875172936,-0.502231092615443,-0.0217059830925977,0.0191442518714065,-0.744896539684871,0.502884522080049
25.89444477073,0.063988058557989,-0.204398622036102,0.803032201174431,-0.504076722511731,-0.0215962195855156,0.0191494319160972,-0.741618061218928,0.504201940082124
26.0740265883745,0.0631971465654882,-0.203323376176071,0.799564106661129,-0.50590032868124,-0.0214862289502249,0.0191542132179905,-0.738323120116632,0.50550091003947
26.2548538325773,0.062413796502356,-0.20225153299961,0.796074842593669,-0.507701610897322,-0.0213760145329169,0.0191585897782399,-0.735011915154769,0.506781178683473
26.4369351405564,0.0616379383232803,-0.201183118781421,0.792564665486928,-0.509480271884272,-0.0212655798248984,0.0191625556273837,-0.731684650107558,0.508042494984114
26.6202792094301,0.0608695024147032,-0.200118158724775,0.789033837377992,-0.511236017441187,-0.0211549284622657,0.0191661048289694,-0.728341533722363,0.509284610265072
26.8048947966327,0.0601084196058745,-0.199056676981302,0.785482625790859,-0.512968556565852,-0.021044064225482,0.0191692314831787,-0.724982779692367,0.510507278318853
26.9907907203326,0.0593546211794056,-0.197998696670753,0.781911303697835,-0.514677601578565,-0.0209329910388611,0.0191719297304492,-0.721608606626187,0.511710255521849
27.1779758598533,0.0586080388813264,-0.196944239900726,0.778320149477625,-0.51636286824579,-0.0208217129699533,0.0191741937550924,-0.718219238014415,0.512893300949247
27.3664591560979,0.0578686049306544,-0.195893327786353,0.774709446870074,-0.518024075903533,-0.0207102342288363,0.0191760177889021,-0.71481490219306,0.514056176489677
27.556249611976,0.0571362520284801,-0.194845980469933,0.771079484927561,-0.519660947580358,-0.0205985591673096,0.019177396114754,-0.711395832303898,0.515198646959531
27.7473562928336,0.0564109133665766,-0.193802217140499,0.767430557963033,-0.521273210119921,-0.0204866922779926,0.0191783230701903,-0.707962266251713,0.516320480216835
27.9397883268864,0.055692522635539,-0.192762056053321,0.763762965494661,-0.522860594302922,-0.0203746381933262,0.0191787930509893,-0.704514446658412,0.517421447274597
28.1335549056553,0.0549810140324605,-0.191725514549319,0.760077012187134,-0.524422834968376,-0.0202624016844787,0.0191788005147151,-0.701052620814046,0.51850132241352
28.3286652844062,0.0542763222681519,-0.190692609074396,0.756373007789563,-0.525959671134086,-0.0201499876601561,0.0191783399842467,-0.6975770406247,0.519559883294005
28.5251287825912,0.0535783825739117,-0.18966335519867,0.752651267070027,-0.527470846116223,-0.0200374011653161,0.019177406051281,-0.694087962557287,0.520596911067316
28.7229547842946,0.0528871307078531,-0.1886377676356,0.74891210974675,-0.528956107647893,-0.019924647379788,0.0191759933798097,-0.690585647581235,0.521612190485845
28.9221527386804,0.052202502960795,-0.187615860261002,0.745155860415926,-0.530415207996591,-0.0198117316167972,0.0191740967095652,-0.687070361107099,0.52260551001235
29.1227321604441,0.0515244361617251,-0.186597646131937,0.741382848476201,-0.531847904080432,-0.0196986593213963,0.0191717108594336,-0.683542372922084,0.523576661928089
29.324702630267,0.0508528676828407,-0.185583137505479,0.73759340804985,-0.533253957583053,-0.0195854360688028,0.0191688307308322,-0.680001957122538,0.524525442439738
29.5280737952738,0.0501877354441755,-0.184572345857342,0.733787877900641,-0.534633135067066,-0.0194720675626444,0.0191654513110475,-0.676449392043391,0.525451651785003
29.7328553694936,0.0495289779178201,-0.183565281900363,0.729966601348439,-0.535985208085974,-0.0193585596331127,0.0191615676765325,-0.672884960184608,0.526355094336833
29.9390571343235,0.048876534131742,-0.182561955602839,0.726129926180573,-0.537309953294426,-0.0192449182350263,0.0191571749961594,-0.669308948134656,0.527235578706122
30.1466889389963,0.0482303436732149,-0.181562376206706,0.722278204559989,-0.538607152556708,-0.0191311494458043,0.0191522685344251,-0.665721646491037,0.528092917842822
30.3557607010504,0.0475903466918624,-0.180566552245548,0.718411792930246,-0.539876593053367,-0.0190172594633519,0.0191468436546073,-0.662123349777902,0.528926929135355
30.566282406804,0.0469564839023258,-0.179574491562452,0.714531051917383,-0.54111806738586,-0.0189032546038589,0.019140895821868,-0.658514356360812,0.529737434508248
30.7782641118319,0.0463286965865627,-0.17858620132767,0.710636346228709,-0.542331373679126,-0.0187891412995118,0.019134420606302,-0.65489496835867,0.53052426051787
30.9917159414457,0.0457069265957837,-0.177601688056111,0.706728044548571,-0.543516315681967,-0.0186749260961228,0.0191274136859271,-0.651265491552871,0.53128723844621
31.2066480911777,0.0450911163520365,-0.176620957624645,0.70280651943114,-0.544672702865156,-0.0185606156506752,0.0191198708496147,-0.647626235293731,0.53202620439258
31.4230708272674,0.0444812088494433,-0.175644015289206,0.698872147190288,-0.54580035051715,-0.0184462167287887,0.0191117879999567,-0.643977512404245,0.532740999363164
31.6409944871527,0.043877147655101,-0.174670865701713,0.694925307786611,-0.546899079837321,-0.0183317362021043,0.0191031611560678,-0.640319639081218,0.53343146935832
31.8604294799627,0.0432788769096518,-0.173701512926771,0.69096638471166,-0.547968718026613,-0.0182171810455927,0.0190939864563192,-0.636652934793849,0.534097465457557
32.0813862870155,0.0426863413275308,-0.172735960458179,0.686995764869456,-0.549009098375507,-0.0181025583347869,0.0190842601610023,-0.632977722179817,0.534738843902084
32.3038754623189,0.0420994861969008,-0.171774211235216,0.683013838455357,-0.550020060349232,-0.0179878752429408,0.0190739786549195,-0.629294326938937,0.535355466174867
32.5279076330741,0.0415182573792809,-0.170816267658716,0.679020998832358,-0.551001449670105,-0.0178731390381173,0.0190631384499006,-0.625603077724467,0.535947199078104
32.7534935001834,0.0409426013088764,-0.169862131606923,0.675017642404894,-0.551953118396925,-0.0177583570802057,0.0190517361872411,-0.621904306032119,0.536513914808032
32.9806438387618,0.0403724649916207,-0.168911804451118,0.671004168490242,-0.552874925001335,-0.0176435368178736,0.0190397686400624,-0.618198346086869,0.537055491027008
33.2093694986511,0.0398077960039336,-0.16796528707102,0.666980979187597,-0.55376673444106,-0.0175286857854526,0.0190272327155893,-0.614485534727632,0.537571810932766
33.4396814049384,0.0392485424912075,-0.167022579869956,0.662948479244923,-0.554628418229951,-0.017413811599763,0.0190141254573449,-0.610766211289889,0.5380627633248
33.6715905584778,0.0386946531660274,-0.166083682789793,0.658907075923654,-0.55545985450475,-0.0172989219568775,0.0190004440472598,-0.607040717486345,0.538528242667789
33.9051080364161,0.0381460773061338,-0.165148595325634,0.654857178861366,-0.556260928088508,-0.0171840246288281,0.0189861858076943,-0.603309397285716,0.538968149152004
34.1402449927217,0.0376027647521365,-0.164217316540278,0.650799199932492,-0.557031530550577,-0.0170691274602585,0.0189713482033712,-0.599572596789713,0.539382388750638
34.3770126587175,0.0370646659049874,-0.163289845078422,0.646733553107199,-0.557771560263118,-0.0169542383650236,0.0189559288432181,-0.59583066410834,0.53977087327398
34.6154223436172,0.0365317317232197,-0.162366179180634,0.64266065430853,-0.558480922454049,-0.0168393653227408,0.0189399254821178,-0.592083949233582,0.540133520420408
34.8554854350656,0.0360039137199635,-0.161446316697064,0.638580921267899,-0.559159529256387,-0.0167245163752939,0.0189233360225639,-0.588332803911583,0.540470253824106
35.0972133996824,0.0354811639597432,-0.160530255100912,0.634494773379076,-0.559807299753911,-0.0166096996232934,0.0189061585162223,-0.584577581513419,0.540781003099496
35.3406177836102,0.0349634350550675,-0.159617991501641,0.630402631550753,-0.560424160023103,-0.0164949232224964,0.0188883911653956,-0.580818636904552,0.541065703882305
35.5857102130658,0.034450680162818,-0.158709522657935,0.626304918057803,-0.56101004317132,-0.0163801953801885,0.0188700323243893,-0.577056326313084,0.541324297867235
35.8325023948954,0.0339428529804452,-0.157804844990402,0.622202056391363,-0.561564889371134,-0.0162655243515304,0.0188510805007803,-0.5732910071969,0.541556732842206
36.081006117134,0.0334399077419804,-0.156903954594021,0.618094471107842,-0.562088645890825,-0.0161509184358734,0.0188315343565843,-0.569523038109816,0.541762962719117
36.3312332495683,0.0329417992138703,-0.156006847250331,0.613982587676977,-0.562581267120965,-0.0160363859730453,0.0188113927093228,-0.565752778566824,0.541942947561097
36.5831957443038,0.0324484826906433,-0.155113518439358,0.609866832329061,-0.563042714597077,-0.0159219353396112,0.018790654532989,-0.561980588908562,0.54209665360623
36.8369056363357,0.0319599139904142,-0.154223963351286,0.605747631901457,-0.563472957018329,-0.0158075749451117,0.0187693189589103,-0.558206830165095,0.542224053287709
37.0923750441235,0.0314760494502368,-0.153338176897866,0.601625413684525,-0.563871970262244,-0.015693313228281,0.0187473852765089,-0.554431863919139,0.542325125250406
37.3496161701702,0.0309968459213101,-0.152456153723565,0.59750060526708,-0.564239737395402,-0.0155791586532499,0.0187248529339583,-0.55065605216882,0.542399854363848
37.6086413016048,0.0305222607640477,-0.151577888216457,0.593373634381514,-0.564576248680129,-0.0154651197057343,0.018701721538736,-0.546879757190085,0.542448231731561
37.8694628107695,0.0300522518430159,-0.150703374518844,0.589244928748691,-0.564881501577137,-0.0153512048892151,0.0186779908580727,-0.543103341398884,0.542470254696806
38.1320931558105,0.0295867775217508,-0.149832606537634,0.585114915922755,-0.565155500744137,-0.0152374227211105,0.0186536608192964,-0.539327167213228,0.542465926844666
38.3965448812729,0.0291257966574594,-0.148965577954439,0.580984023135963,-0.565398258030403,-0.0151237817289453,0.0186287315100733,-0.535551596915227,0.542435258000507
38.6628306187004,0.0286692685956131,-0.148102282235431,0.576852677143683,-0.56560979246729,-0.0150102904465197,0.0186032031785428,-0.531776992513242,0.542378264224802
38.9309630872381,0.0282171531644412,-0.147242712640929,0.572721304069663,-0.565790130254724,-0.0148969574100808,0.0185770762333506,-0.528003715604237,0.542294967804324
39.2009550942403,0.0277694106693313,-0.146386862234735,0.56859032925171,-0.565939304743659,-0.0147837911545006,0.0185503512435759,-0.524232127236468,0.542185397239725
39.4728195358824,0.0273260018871433,-0.145534723893206,0.564460177087896,-0.566057356414528,-0.0146708002094629,0.0185230289385566,-0.520462587772594,0.542049587229505
39.7465693977764,0.026886888060445,-0.144686290314082,0.560331270883417,-0.5661443328517,-0.0145579930956628,0.0184951102076112,-0.516695456753345,0.541887578650396
40.0222177555915,0.0264520308916759,-0.14384155402505,0.55620403269823,-0.566200288713965,-0.0144453783210212,0.0184665960996579,-0.51293109276184,0.541699418534177
40.2997777756789,0.0260213925372448,-0.143000507392065,0.552078883195578,-0.566225285701089,-0.0143329643769189,0.018437487822733,-0.509169853288672,0.541485160040945
40.5792627157,0.0255949356015703,-0.142163142627412,0.547956241491538,-0.566219392516448,-0.014220759734451,0.0184077867434079,-0.505412094597865,0.541244862428874
40.8606859252603,0.0251726231310688,-0.14132945179753,0.543836525005702,-0.566182684825801,-0.0141087728407076,0.018377494386106,-0.501658171593807,0.540978591020492
41.1440608465467,0.0247544186080975,-0.140499426830581,0.539720149313112,-0.566115245212221,-0.0139970121150806,0.018346612432322,-0.497908437689275,0.540686417165518
41.4294010149697,0.0243402859448582,-0.139673059523783,0.535607527997562,-0.566017163127247,-0.0138854859456022,0.0183151427197418,-0.49416324467464,0.540368418200281
41.7167200598098,0.0239301894772689,-0.138850341550494,0.531499072506382,-0.56588853483829,-0.0137742026853169,0.0182830872412673,-0.490422942588367,0.54002467740379
42.0060317048688,0.0235240939588086,-0.138031264467065,0.527395192006818,-0.565729463372362,-0.013663170648689,0.0182504481439454,-0.486687879588903,0.539655283950481
42.2973497691249,0.023121964554342,-0.137215819719452,0.523296293244116,-0.565540058456161,-0.0135523981080504,0.0182172277278032,-0.48295840182806,0.539260332859702
42.5906881673929,0.022723766833929,-0.136403998649597,0.519202780401422,-0.565320436452597,-0.0134418932900898,0.0181834284445913,-0.479234853325973,0.538839924941983
42.8860609109892,0.0223294667666261,-0.135595792501576,0.515115054961588,-0.565070720293806,-0.0133316643723863,0.018149052896436,-0.475517575847751,0.538394166742154
43.1834821084004,0.0219390307142839,-0.134791192427525,0.511033515571012,-0.564791039410722,-0.0132217194799906,0.0181141038344029,-0.471806908781887,0.537923170479365
43.4829659659579,0.0215524254253472,-0.133990189493335,0.506958557905589,-0.564481529659281,-0.0131120666820559,0.0180785841569732,-0.468103189020541,0.537427053984075
43.7845267885158,0.0211696180286624,-0.133192774684133,0.502890574538882,-0.564142333243334,-0.0130027139885209,0.0180424969084346,-0.464406750841766,0.536905940632072
44.0881789801347,0.020790576027298,-0.132398938909541,0.498829954812606,-0.563773598634325,-0.0128936693468477,0.0180058452771884,-0.460717925793763,0.536359959275598
44.3939370447695,0.0204152672923821,-0.131608673008722,0.494777084709514,-0.563375480487853,-0.012784940638816,0.017968632593976,-0.457037042581267,0.535789244171643
44.701815586962,0.0200436600569636,-0.130821967755218,0.490732346728775,-0.562948139557149,-0.0126765356773776,0.0179308623300252,-0.453364426954104,0.535193934907487
45.0118293125388,0.0196757229098995,-0.130038813861578,0.486696119763925,-0.562491742603608,-0.0125684622035713,0.0178925380951196,-0.449700401598042,0.534574176323566
45.3239930293136,0.019311424789775,-0.129259201983787,0.482668778983482,-0.56200646230442,-0.012460727883502,0.0178536636355931,-0.446045286027972,0.533930118433737
45.6383216477945,0.0189507349788599,-0.128483122725491,0.478650695714294,-0.561492477157414,-0.0123533403053846,0.0178142428322515,-0.442399396483503,0.533261916343029
45.954830181896,0.0185936230971048,-0.127710566642029,0.474642237327699,-0.560949971383207,-0.0122463069766555,0.0177742796982234,-0.438763045827046,0.532569730162952
46.2735337496566,0.018240059096183,-0.126941524244279,0.470643767128564,-0.560379134824734,-0.012139635321154,0.0177337783767434,-0.435136543444438,0.531853724924462
46.5944475739604,0.0178900132535803,-0.126175986002307,0.466655644247283,-0.559780162844292,-0.0120333326763734,0.0176927431388696,-0.431520195148168,0.531114070488665
46.9175869832646,0.0175434561667379,-0.125413942348844,0.462678223534778,-0.559153256218152,-0.0119274062907857,0.0176511783811379,-0.427914303083277,0.530350941455332
47.2429674123316,0.0172003587472506,-0.12465538368257,0.458711855460584,-0.558498621028884,-0.0118218633212396,0.0176090886231551,-0.424319165635965,0.529564517069345
47.5706044029659,0.0168606922151251,-0.123900300371242,0.454756886014058,-0.557816468555459,-0.011716710830435,0.0175664785051351,-0.42073507734497,0.528754981125142
47.9005136047569,0.0165244280931012,-0.123148682754635,0.450813656608774,-0.557107015161263,-0.0116119557844734,0.0175233527853782,-0.417162328815764,0.527922521869252
48.2327107758263,0.0161915382010386,-0.122400521147324,0.446882503990154,-0.55637048218011,-0.0115076050504872,0.0174797163376986,-0.413601206637605,0.527067331901037
48.5672117835806,0.0158619946503727,-0.121655805841306,0.442963760146368,-0.555607095800356,-0.011403665394348,0.0174355741488008,-0.410051993303492,0.52618960807171
48.904032605469,0.0155357698386431,-0.120914527108462,0.439057752222559,-0.554817086947245,-0.0113001434784556,0.0173909313156091,-0.406514967133049,0.525289551381737
49.243189329747,0.0152128364440956,-0.120176675202866,0.435164802438419,-0.554000691163567,-0.0111970458596078,0.0173457930425519,-0.402990402198394,0.524367366876719
49.5846981562442,0.0148931674203615,-0.119442240362944,0.431285228009157,-0.553158148488756,-0.0110943789869532,0.0173001646388037,-0.399478568252989,0.523423263541847
49.9285753971387,0.0145767359912168,-0.118711212813495,0.427419341069884,-0.552289703336526,-0.0109921492000266,0.0172540515154875,-0.395979730663535,0.52245745419503
50.2748374777359,0.0142635156454226,-0.117983582767564,0.423567448603437,-0.55139560437116,-0.0108903627268678,0.0172074591828414,-0.3924941503449,0.521470155378787
50.6235009372529,0.0139534801316491,-0.117259340428186,0.419729852371672,-0.55047610438256,-0.0107890256822253,0.0171603932473496,-0.389022083698128,0.520461587251019
50.974582429609,0.0136466034534857,-0.116538475989997,0.415906848850239,-0.54953146016017,-0.0106881440658445,0.0171128594088436,-0.385563782551532,0.519431973474729
51.3280987242209,0.0133428598645379,-0.115820979640716,0.41209872916685,-0.548561932365869,-0.0105877237608409,0.0170648634575739,-0.382119494104874,0.518381541106814
51.6840667068035,0.0130422238636135,-0.115106841562508,0.408305779043057,-0.547567785405968,-0.0104877705321587,0.0170164112712563,-0.378689460876669,0.517310520486016
52.0425033801768,0.0127446701899991,-0.11439605193323,0.404528278739542,-0.546549287302392,-0.0103882900251158,0.0169675088120947,-0.375273920654589,0.516219145120126
52.4034258650778,0.0124501738188286,-0.113688600927563,0.400766503004916,-0.545506709563174,-0.010289287764033,0.0169181621237839,-0.371873106448989,0.515107651572539
52.7668514009784,0.0121587099565439,-0.112984478718029,0.39702072102804,-0.544440327052363,-0.0101907691509508,0.0168683773284944,-0.368487246449547,0.513976279348265
53.1327973469088,0.0118702540364508,-0.112283675475914,0.393291196393847,-0.543350417859444,-0.0100927394644305,0.0168181606238416,-0.365116563985016,0.512825270779475
53.5012811822866,0.0115847817143684,-0.111586181372083,0.389578187042675,-0.5422372631684,-0.00999520385844152,0.0167675182798439,-0.361761277486081,0.511654870910687
53.8723205077517,0.0113022688643751,-0.110891986577701,0.385881945233079,-0.541101147126486,-0.00989816736133386,0.0167164566358694,-0.358421600451308,0.51046532738369
54.2459330460073,0.0110226915746507,-0.11020108126486,0.38220271750812,-0.539942356712851,-0.00980163487489533,0.016664982097576,-0.355097741416178,0.509256890322279
54.6221366426659,0.0107460261434147,-0.109513455607125,0.378540744665113,-0.538761181607089,-0.00970561117349359,0.0166131011338472,-0.351789903925185,0.508029812216912
55.0009492671021,0.0104722490749624,-0.108829099779987,0.374896261728803,-0.537557914057831,-0.00961010090330205,0.0165608202737248,-0.348498286506979,0.506784347809372
55.3823890133107,0.0102013370757984,-0.108148003961243,0.371269497927953,-0.53633284875147,-0.00951510858160938,0.0165081461033423,-0.345223082652534,0.505520753977518
55.7664741007712,0.00993326705086705,-0.107470158331296,0.367660676675314,-0.535086282681123,-0.00942063859621167,0.0164550852628612,-0.341964480796321,0.504239289620215
56.1532228753178,0.00966801609988127,-0.106795553073391,0.36407001555094,-0.533818515015919,-0.00932669520488682,0.016401644443412,-0.338722664300443,0.502940215542531
56.5426538100157,0.00940556151374818,-0.10612417837377,0.360497726288821,-0.532529846970713,-0.00923328253495014,0.0163478303840427,-0.335497811441726,0.501623794341284
56.9347855060436,0.00914588077109245,-0.105456024421779,0.356944014766795,-0.53122058167632,-0.00914040458289046,0.0162936498686771,-0.332290095401713,0.500290290291014
57.3296366935823,0.00888895153487644,-0.104791081409898,0.353409080999702,-0.529891024050342,-0.00904806521408559,0.0162391097230851,-0.329099684259531,0.498939969230475
57.7272262327089,0.00863475164911707,-0.104129339533732,0.349893119135728,-0.528541480668708,-0.00895626816259645,0.0161842168118669,-0.325926740987607,0.497573098449705
58.1275731142982,0.00838325913569852,-0.103470788991934,0.346396317455913,-0.527172259637972,-0.00886501703103845,0.0161289780354542,-0.322771423450179,0.496189946577774
58.5306964609293,0.00813445219128067,-0.102815419986086,0.342918858376753,-0.525783670468494,-0.00877431529052931,0.0160734003271287,-0.319633884404556,0.494790783471264
58.9366155277994,0.00788830918430217,-0.102163222720536,0.339460918455867,-0.524376023948555,-0.00868416628071193,0.016017490650062,-0.316514271505114,0.493375880103567
59.3453497036433,0.00764480865207751,-0.101514187402185,0.336022668400668,-0.522949632019494,-0.00859457320985118,0.0159612559943775,-0.313412727309939,0.491945508455062
59.7569185116595,0.00740392929798726,-0.100868304240244,0.332604273079981,-0.521504807651955,-0.00850553915500328,0.0159047033742366,-0.310329389290105,0.490499941404249
60.1713416104428,0.00716564998876049,-0.100225563445947,0.329205891538563,-0.520041864723297,-0.00841706706225645,0.0158478398249511,-0.307264389841525,0.489039452619899
60.5886387949234,0.0069299497518484,-0.0995859552322367,0.325827677014461,-0.518561117896259,-0.00832915974704154,0.015790672400124,-0.304217856299321,0.487564316454282
61.0088299973121,0.0066968077728879,-0.098949469813417,0.322469776959146,-0.517062882498933,-0.00824181989451095,0.0157332081688191,-0.301189910954665,0.486074807837542
61.4319352880526,0.00646620339325425,-0.098316097404782,0.319132333060368,-0.515547474406122,-0.0081550500599847,0.0156754542127626,-0.298180671074035,0.484571202173278
61.8579748767801,0.00623811610770125,-0.0976858282222186,0.315815481267675,-0.514015209922146,-0.00806885266946197,0.0156174176235778,-0.295190248920841,0.483053775235377
62.2869691132868,0.0060125255620879,-0.0970586524817894,0.312519351820512,-0.512466405665144,-0.00798323002019656,0.0155591055000538,-0.292218751779345,0.481522803066166
62.7189384884933,0.00578941155119,-0.0964345603992972,0.309244069278861,-0.510901378452957,-0.00789818428133478,0.0155005249454508,-0.289266281980839,0.479978561875929
63.1539036354283,0.00556875401659551,-0.0958135421898335,0.305989752556336,-0.509320445190614,-0.00781371749461412,0.0154416830648417,-0.286332936932005,0.478421327943844
63.5918853302131,0.00535053304468194,-0.095195588067315,0.302756514955675,-0.507723922759507,-0.00772983157512104,0.0153825869624939,-0.28341880914541,0.476851377520377
64.032904493055,0.0051347288646745,-0.0945806882440084,0.299544464206562,-0.506112127908284,-0.00764652831210636,0.0153232437392901,-0.280523986272069,0.475268986731195
64.4769821892457,0.00492132184678329,-0.0939688329300478,0.296353702505701,-0.504485377145511,-0.00756380936985643,0.0152636604901901,-0.27764855113602,0.473674431482618
64.9241396301678,0.00471029250041809,-0.0933600123329466,0.293184326559085,-0.502843986634163,-0.00748167628861841,0.0152038443017362,-0.274792581770838,0.47206798736868
65.3743981743082,0.004501621472479,-0.0927542166571043,0.290036427626379,-0.501188272087961,-0.00740013048557805,0.0151438022496007,-0.271956151458041,0.470449929579803
65.827779328278,0.00429528954572128,-0.0921514361033138,0.286910091567347,-0.499518548669621,-0.00731917325588818,0.0150835413961785,-0.26913932876732,0.468820532813149
66.2843047478397,0.00409127763719284,-0.091551660868268,0.283805398890261,-0.497835130891036,-0.00723880577374607,0.015023068788225,-0.266342177598514,0.46718007118467
66.7439962389419,0.00388956679674245,-0.0909548811440691,0.280722424802213,-0.496138332515423,-0.00715902909351816,0.0149623914545402,-0.263564757225299,0.465528818142881
67.2068757587607,0.00369013820559704,-0.0903610871177428,0.277661239261247,-0.494428466461488,-0.00707984415091017,0.0149015164036999,-0.26080712234049,0.463867046384398
67.6729654167483,0.00349297317500637,-0.0897702689707583,0.274621907030271,-0.492705844709609,-0.00700125176418098,0.0148404506218347,-0.258069323102927,0.462195027771261
68.1422874756894,0.00329805314495314,-0.0891824168785562,0.271604487732634,-0.490970778210088,-0.00692325263539843,0.0147792010704577,-0.255351405185848,0.460513033250066
68.6148643527643,0.00310535968292689,-0.0885975210100863,0.268609035909334,-0.489223576793488,-0.00684584735173532,0.0147177746843411,-0.252653409826714,0.458821332772923
69.0907186206199,0.00291487448275979,-0.0880155715273561,0.265635601077763,-0.487464549083065,-0.00676903638680395,0.0146561783694426,-0.249975373878403,0.457120195220272
69.5698730084476,0.00272657936352249,-0.087436558584992,0.262684227791917,-0.485694002409338,-0.00669282010202722,0.0145944190008821,-0.247317329861717,0.455409888325561
70.0523504030693,0.00254045626847825,-0.0868604723298147,0.259754955704019,-0.483912242726796,-0.00661719874804473,0.0145325034209692,-0.244679306019139,0.45369067860181
70.5381738500302,0.0023564872640935,-0.0862873029004294,0.256847819627453,-0.482119574532753,-0.00654217246615217,0.0144704384372811,-0.242061326369771,0.451962831270072
71.0273665547,0.00217465453910299,-0.0857170404268327,0.25396284960097,-0.480316300788388,-0.00646774128977204,0.0144082308207927,-0.239463410765397,0.450226610189798
71.5199518833807,0.0019949404036276,-0.0851496750300372,0.251100070954068,-0.478502722841949,-0.00639390514595423,0.0143458873040582,-0.236885574947604,0.448482277791123
72.0159533644237,0.0018173272883431,-0.0845851968217144,0.248259504373496,-0.476679140354152,-0.00632066385690464,0.0142834145794435,-0.234327830605903,0.446730095009067
72.5153946893524,0.00164179774369815,-0.084023595903858,0.245441165970802,-0.474845851225766,-0.00624801714154016,0.0142208192974127,-0.231790185436786,0.444970321219677
73.0182997139948,0.00146833443917928,-0.0834648623684677,0.242645067350866,-0.473003151527393,-0.00617596461706839,0.0141581080648646,-0.229272643203654,0.443203214178089
73.5246924596224,0.00129692016262146,-0.0829089862972535,0.23987121568133,-0.471151335431452,-0.00610450580059034,0.0140952874435226,-0.226775203797571,0.441429029958528
74.0345971140979,0.00112753781956234,-0.0823559577613637,0.237119613762889,-0.469290695146348,-0.00603364011072459,0.014032363948377,-0.224297863298762,0.439648022896242
74.5480380330304,0.000960170432638218,-0.0818057668211353,0.234390260100348,-0.467421520852837,-0.00596336686925123,0.0139693440461784,-0.22184061403882,0.437860445531363
75.0650397409388,0.00079480114102014,-0.0812584035258677,0.231683148974399,-0.465544100642583,-0.00589368530277406,0.0139062341539843,-0.219403444663545,0.436066548554695
75.585626932423,0.000631413199888316,-0.0807138579136219,0.228998270514039,-0.463658720458892,-0.00582459454439935,0.0138430406377569,-0.216986340196372,0.434266580755423
76.1098244733437,0.00046998997994306,-0.0801721200110432,0.226335610769587,-0.461765664039618,-0.00575609363542979,0.0137797698110132,-0.214589282102325,0.432460788970739
76.6376574020103,0.000310514966950556,-0.0796331798332101,0.223695151786208,-0.459865212862238,-0.00568818152707196,0.0137164279335263,-0.212212248352441,0.430649418037367
77.1691509303763,0.000152971761321841,-0.0790970273835086,0.221076871677913,-0.45795764609107,-0.00562085708215597,0.0136530212100783,-0.209855213488616,0.428832710744986
77.7043304452438,-2.65592227690053e-06,-0.0785636526535329,0.218480744701959,-0.456043240526637,-0.00555411907686566,0.0135895557892638,-0.207518148688817,0.427010907791538
78.2432215094763,-0.00015638425528411,-0.0780330456230119,0.215906741333587,-0.45412227055715,-0.00548796620247808,0.0135260377623446,-0.2052010218326,0.425184247740401
78.7858498632195,-0.000308229295574591,-0.0775051962597637,0.213354828341054,-0.452195008112095,-0.00542239706711069,0.0134624731621541,-0.202903797566906,0.423352966979424
79.3322414251308,-0.000458206987764609,-0.0769800945196749,0.210824968860897,-0.450261722617918,-0.0053574101974751,0.0133988679620523,-0.200626437372051,0.421517299681798
79.8824222936175,-0.000606333163492067,-0.0764577303467096,0.208317122473363,-0.448322680955768,-0.00529300404063581,0.0133352280749294,-0.198368899627899,0.419677477768751
80.436418748083,-0.00075262354167328,-0.0759380936729429,0.205831245277978,-0.446378147421302,-0.00522917696577275,0.013271559352259,-0.196131139680138,0.417833730874053
80.9942572501823,-0.000897093728737833,-0.0754211744186239,0.203367289969165,-0.444428383686507,-0.00516592726594634,0.0132078675831998,-0.193913109906635,0.4159862863103
81.555964445086,-0.00103975921884309,-0.0749069624922642,0.200925205911905,-0.44247364876353,-0.00510325315986378,0.0131441584937443,-0.191714759783811,0.414135369036968
82.121567162753,-0.00118063539406977,-0.0743954477907548,0.198504939217348,-0.440514198970495,-0.00504115279364541,0.0130804377459164,-0.189536035953004,0.412281201630221
82.6910924192116,-0.00131973752460001,-0.07388662019951,0.196106432818354,-0.438550287899268,-0.00497962424258989,0.0130167109370142,-0.187376882286766,0.410424004254422
83.2645674178507,-0.00145708076887949,-0.0733804695926376,0.193729626544914,-0.436582166385156,-0.00491866551293713,0.0129529835988999,-0.185237239955059,0.40856399463537
83.8420195507184,-0.00159268017376466,-0.072876985833137,0.191374457199387,-0.434610082478506,-0.0048582745436278,0.0128892611973351,-0.183117047491309,0.40670138803519
84.423476399831,-0.0017265506746568,-0.0723761587731233,0.189040858631539,-0.432634281418186,-0.00479844920805836,0.0128255491313606,-0.181016240858275,0.404836397228892
85.0089657384898,-0.00185870709562393,-0.071877978254079,0.186728761813305,-0.430655005606901,-0.00473918731583061,0.0127618527327207,-0.178934753513706,0.40296923248255
85.5985155326084,-0.00198916414951207,-0.0713824341071305,0.184438094913273,-0.428672494588338,-0.00468048661449462,0.0126981772653311,-0.176872516475734,0.401100101533082
86.1921539420481,-0.00211793643804687,-0.0708895161533524,0.182168783370816,-0.426686985026089,-0.00462234479128424,0.012634527924789,-0.17482945838798,0.399229209569609
86.7899093219629,-0.00224503845192705,-0.0703992142040957,0.179920749969849,-0.424698710684336,-0.00456475947484409,0.0125709098379257,-0.172805505584332,0.397356759216351
87.3918102241541,-0.00237048457091071,-0.0699115180613434,0.177693914912178,-0.422707902410258,-0.00450772823694723,0.0125073280624005,-0.170800582153368,0.39548295051706
87.9978853984339,-0.00249428906389562,-0.0694264175180894,0.175488195890393,-0.42071478811813,-0.00445124859420257,0.0124437875863348,-0.168814610002386,0.393607980920925
88.6081637939989,-0.00261646608899475,-0.0689439023587436,0.173303508160283,-0.418719592775085,-0.00439531800975123,0.0123802933279864,-0.166847508921017,0.391732045269956
89.2226745608124,-0.00273702969360801,-0.06846396235956,0.17113976461273,-0.416722538388503,-0.00433993389495093,0.0123168501354621,-0.164899196644389,0.389855335787793
89.8414470509972,-0.00285599381449131,-0.0679865872890898,0.168996875845055,-0.414723843994992,-0.00428509361104787,0.0122534627864691,-0.162969588915806,0.387978042069923
90.4645108202374,-0.00297337227782387,-0.0675117669086571,0.166874750231791,-0.412723725650934,-0.00423079447083506,0.0121901359881037,-0.161058599548936,0.386100351075272
91.0918956291901,-0.00308917879927491,-0.0670394909728584,0.16477329399484,-0.41072239642455,-0.00417703374029661,0.012126874376676,-0.159166140489462,0.384222447119139
91.7236314449071,-0.00320342698407057,-0.0665697492300839,0.162692411273006,-0.408720066389471,-0.00412380864023727,0.0120636825175708,-0.157292121876177,0.38234451186745
92.3597484422661,-0.00331613032706202,-0.0661025314230613,0.160632004190858,-0.406716942619752,-0.00407111634789644,0.0120005649051438,-0.155436452101508,0.380466724332295
93.0002770054119,-0.00342730221279558,-0.0656378272894209,0.158591972926916,-0.404713229186323,-0.00401895399854624,0.0119375259626507,-0.153599037871442,0.378589260868713
93.645247729208,-0.0035369559155859,-0.0651756265622817,0.156572215781117,-0.402709127154815,-0.0039673186870729,0.0118745700422106,-0.151779784264825,0.376712295172714
94.2946914206979,-0.00364510459959278,-0.0647159189708584,0.154572629241561,-0.400704834584759,-0.00391620746954101,0.0118117014248017,-0.149978594792027,0.37483599828048
94.9486391005764,-0.00375176131890262,-0.0642586942410875,0.152593108050498,-0.398700546530086,-0.00386561736474003,0.0117489243202878,-0.148195371452951,0.372960538568733
95.6071220046713,-0.00385693901761521,-0.0638039420962736,0.150633545269543,-0.396696455040923,-0.00381554535571269,0.0116862428674766,-0.146430014794359,0.371086081756241
96.2701715854358,-0.00396065052993653,-0.0633516522577543,0.148693832344103,-0.394692749166635,-0.0037659883912647,0.0116236611342072,-0.144682423966516,0.369212790906415
96.9378195134503,-0.0040629085802784,-0.0629018144455826,0.146773859166992,-0.392689614960083,-0.00371694338745536,0.011561183117467,-0.142952496779116,0.367340826430982
97.6100976789355,-0.00416372578336553,-0.0624544183792284,0.144873514141224,-0.390687235483063,-0.00366840722906879,0.0114988127435365,-0.141240129756494,0.365470346094694
98.2870381932754,-0.00426311464435075,-0.0620094537782957,0.142992684241966,-0.388685790812889,-0.0036203767710652,0.011436553868162,-0.1395452181921,0.363601505021051
98.9686733905512,-0.00436108755893896,-0.0615669103632568,0.141131255077631,-0.386685458050093,-0.00357284884001203,0.0113744102767545,-0.137867656202222,0.361734455698994
99.6550358290861,-0.00445765681352035,-0.0611267778562029,0.139289110950119,-0.384686411327194,-0.00352582023549452,0.0113123856846147,-0.13620733677896,0.359869347990558
100.346158292999,-0.00455283458531365,-0.0606890459816092,0.137466134914159,-0.382688821818519,-0.00347928773150552,0.0112504837371823,-0.134564151842416,0.358006329139437
101.042073793774,-0.0046466329425198,-0.0602537044671145,0.135662208835778,-0.380692857751028,-0.00343324807781412,0.0111887080103103,-0.132937992292118,0.356145543780432
101.742815571832,-0.00473906384448648,-0.0598207430443165,0.133877213449863,-0.378698684416117,-0.00338769800131306,0.0111270620105622,-0.131328748057647,0.354287133949772
102.448417098122,-0.00483013914188429,-0.0593901514495784,0.132111028416814,-0.376706464182369,-0.00334263420734446,0.0110655491755315,-0.129736308148474,0.352431239096256
103.15891207572,-0.00491987057689482,-0.0589619194248498,0.130363532378287,-0.374716356509205,-0.0032980533810039,0.0110041728741835,-0.128160560702993,0.350577996093194
103.874334441436,-0.00500826978341095,-0.0585360367184991,0.128634603012004,-0.372728517961424,-0.0032539521884225,0.0109429364072172,-0.126601393036742,0.348727539251128
104.594718367439,-0.00509534828725025,-0.0581124930861586,0.126924117085642,-0.370743102224579,-0.00321032727802692,0.0108818430074487,-0.125058691689815,0.34688000033129
105.320098262886,-0.00518111750638136,-0.0576912782915788,0.125231950509785,-0.368760260121174,-0.00316717528177721,0.0108208958402127,-0.123532342473452,0.345035508559779
106.050508775566,-0.00526558875116402,-0.0572723821074949,0.123557978389936,-0.366780139627639,-0.00312449281638223,0.0107600980037833,-0.122022230515808,0.343194190642429
106.785984793556,-0.00534877322460314,-0.0568557943165023,0.121902075077589,-0.364802885892055,-0.00308227648449273,0.0106994525298128,-0.120528240306898,0.341356170780328
107.526561446888,-0.00543068202261705,-0.0564415047119411,0.12026411422035,-0.362828641252609,-0.00304052287587193,0.0106389623837871,-0.119050255742711,0.33952157068598
108.272274109224,-0.00551132613432039,-0.0560295030987895,0.118643968811124,-0.360857545256724,-0.00299922856854351,0.0105786304654984,-0.117588160168496,0.337690509600072
109.023158399549,-0.00559071644232192,-0.0556197792945653,0.11704151123634,-0.358889734680865,-0.00295839012991709,0.0105184596095329,-0.116141836421224,0.335863104308818
109.779250183872,-0.00566886372303747,-0.0552123231302346,0.115456613323233,-0.356925343550964,-0.00291800411789107,0.0104584525857737,-0.114711166871205,0.334039469161861
110.540585576935,-0.00574577864701833,-0.0548071244511271,0.113889146386184,-0.354964503163456,-0.00287806708193293,0.0103986120999183,-0.113296033462894,0.332219716090706
111.307200943943,-0.00582147177929538,-0.0544041731178581,0.112338981272103,-0.353007342106888,-0.00283857556413691,0.0103389407940093,-0.111896317754848,0.330403954627654
112.079132902301,-0.00589595357973898,-0.0540034590072558,0.110805988404872,-0.351053986284067,-0.0027995261002592,0.0102794412469788,-0.110511900958874,0.328592291925218
112.856418323356,-0.00596923440343513,-0.0536049720132934,0.109290037828843,-0.349104558934737,-0.00276091522073058,0.0102201159752039,-0.109142663978335,0.326784832775993
113.639094334169,-0.00604132450107776,-0.0532087020480262,0.1077909992514,-0.347159180658742,-0.00272273945164674,0.0101609674330753,-0.107788487445644,0.324981679632964
114.427198319278,-0.00611223401937761,-0.0528146390425322,0.106308742084573,-0.345217969439657,-0.00268499531573611,0.0101019980135759,-0.106449251758934,0.323182932630215
115.220767922492,-0.00618197300148768,-0.052422772947856,0.104843135485734,-0.343281040668855,-0.00264767933330561,0.0100432100488701,-0.10512483711791,0.321388689604031
116.019841048683,-0.00625055138744542,-0.0520330937359557,0.103394048397353,-0.341348507169996,-0.00261078802316409,0.0099846058109028,-0.103815123558892,0.319599046114359
116.824455865599,-0.00631797901463189,-0.0516455914006515,0.101961349585831,-0.339420479223898,-0.00257431790352382,0.00992618751200826,-0.102519990989047,0.317814095466616
117.634650805689,-0.00638426561824787,-0.0512602559585765,0.100544907679423,-0.33749706459378,-0.00253826549288009,0.00986795730552647,-0.101239319219822,0.316033928733815
118.450464567934,-0.00644942083180708,-0.0508770774501281,0.099144591205244,-0.335578368550839,-0.00250262731086899,0.00980991728642838,-0.0999729879995741,0.314258634778988
119.271936119701,-0.00651345418764662,-0.0504960459404203,0.0977602686253635,-0.333664493900156,-0.00246739987910362,0.00975206949194833,-0.0987208770454129,0.312488300277898
120.099104698599,-0.00657637511745468,-0.0501171515202355,0.096391808372012,-0.331755541006885,-0.00243257972198881,0.0096944159022234,-0.0974828660742567,0.310723009742001
120.932009814357,-0.00663819295281559,-0.0497403843069761,0.0950390788818883,-0.329851607822728,-0.0023981633675146,0.00963695844093923,-0.0962588348331069,0.308962845541652
121.77069125071,-0.00669891692577223,-0.049365734445615,0.0937019486295846,-0.327952789912653,-0.00236414734802861,0.00957969897598168,-0.0950486631285525,0.307207887929533
122.615189067297,-0.00675855616940589,-0.0489931921096443,0.0923802861601358,-0.32605918048185,-0.00233052820098742,0.00952263932009382,-0.0938522308555073,0.305458215064285
123.46554360158,-0.00681711971843356,-0.0486227475020223,0.0910739601206998,-0.324170870402888,-0.00229730246968735,0.00946578123153786,-0.0926694180251902,0.303713903034317
124.321795470765,-0.00687461650982277,-0.0482543908561167,0.0897828392913793,-0.322287948243073,-0.00226446670397465,0.00940912641476145,-0.091500104792354,0.301975025881794
125.183985573745,-0.00693105538342375,-0.0478881124366464,0.0885067926151918,-0.320410500291969,-0.00223201746093538,0.00935267652106787,-0.0903441714817727,0.300241655626766
126.052155093052,-0.00698644508261923,-0.0475239025406181,0.0872456892271994,-0.318538610589074,-0.00219995130556524,0.00929643314928968,-0.0892014986139933,0.29851386229143
126.926345496825,-0.00704079425499163,-0.0471617514982592,0.0859993984828054,-0.316672360951627,-0.00216826481141955,0.00924039784646543,-0.0880719669303624,0.296791713924518
127.806598540793,-0.00709411145300765,-0.0468016496739467,0.0847677899852288,-0.314811831002536,-0.00213695456124354,0.00918457210851891,-0.0869554574173354,0.295075276625776
128.692956270265,-0.00714640513472036,-0.0464435874671297,0.0835507336121665,-0.312957098198393,-0.00210601714758327,0.00912895738094059,-0.0858518513300761,0.293364614570538
129.585461022141,-0.00719768366448859,-0.0460875553132473,0.082348099541652,-0.311108237857584,-0.00207544917337742,0.00907355505947073,-0.0847610302153578,0.291659790034364
130.484155426934,-0.0072479553137136,-0.0457335436846399,0.0811597582771229,-0.309265323188448,-0.00204524725253018,0.00901836649078399,-0.083682875933773,0.289960863417739
131.389082410804,-0.00729722826159315,-0.0453815430914539,0.0799855806717056,-0.3074284253175,-0.00201540801046539,0.00896339297317486,-0.0826172706812626,0.288267893270816
132.300285197614,-0.0073455105958926,-0.0450315440825393,0.0788254379517292,-0.30559761331767,-0.00198592808466238,0.0089086357572438,-0.0815640970099726,0.286580936318187
133.217807310988,-0.00739281031373325,-0.04468353724634,0.077679201739478,-0.30377295423658,-0.00195680412517358,0.00885409604658354,-0.0805232378484486,0.284900047483668
134.141692576393,-0.0074391353223976,-0.0443375132117759,0.0765467440751954,-0.301954513124802,-0.00192803279512434,0.00879977499846531,-0.0794945765211782,0.283225279915094
135.071985123233,-0.00748449344015165,-0.0439934626491161,0.0754279374383484,-0.300142353064126,-0.00189961077119497,0.00874567372452462,-0.0784779967674903,0.281556685009104
136.008729386957,-0.00752889239708399,-0.0436513762708444,0.0743226547681637,-0.298336535195788,-0.0018715347440856,0.00869179329144619,-0.0774733827598209,0.279894312435899
136.951970111177,-0.0075723398359616,-0.0433112448325134,0.0732307694834489,-0.296537118748673,-0.0018438014189638,0.00863813472164792,-0.0764806191213568,0.278238210163978
137.901752349813,-0.00761484331310236,-0.042973059133591,0.0721521555017067,-0.294744161067457,-0.00181640751589546,0.00858469899396332,-0.0754995909430649,0.276588424484828
138.858121469236,-0.00765641029926395,-0.0426368100182949,0.0710866872575563,-0.292957717640694,-0.0017893497702591,0.00853148704432232,-0.0745301838001204,0.274945000037562
139.821123150444,-0.00769704818054918,-0.0423024883764173,0.0700342397204716,-0.291177842128829,-0.0017626249331439,0.00847849976643011,-0.0735722837677397,0.273307979833489
140.790803391236,-0.00773676425932755,-0.0419700851441376,0.0689946884118487,-0.28940458639212,-0.00173622977173174,0.00842573801244369,-0.0726257774364329,0.27167740528062
141.767208508414,-0.00777556575517287,-0.0416395913048246,0.0679679094214124,-0.287638000518467,-0.00171016106966345,0.0083732025936459,-0.0716905519266811,0.270053316208082
142.750385139995,-0.00781345980581681,-0.0413109978898256,0.0669537794229765,-0.28587813285114,-0.00168441562738974,0.00832089428111676,-0.070766494903054,0.268435750890449
143.740380247435,-0.00785045346811823,-0.0409842959792436,0.0659521756895656,-0.284125030016377,-0.00165899026250684,0.00826881380640169,-0.069853494587773,0.266824746071971
144.737241117876,-0.00788655371904814,-0.0406594767027013,0.0649629761079119,-0.282378736950866,-0.00163388181007724,0.00821696186217656,-0.0689514397737329,0.265220336990687
145.741015366405,-0.00792176745669008,-0.0403365312400921,0.0639860591923388,-0.280639296929088,-0.00160908712293591,0.00816533910290923,-0.0680602198369919,0.263622557402435
146.751750938323,-0.00795610150125571,-0.0400154508223167,0.0630213040980415,-0.278906751590512,-0.00158460307198207,0.00811394614551744,-0.06717972474874,0.262031439604726
147.769496111443,-0.0079895625961155,-0.0396962267320064,0.0620685906337771,-0.277181140966642,-0.00156042654645694,0.00806278357002279,-0.0663098450867541,0.260447014460496
148.794299498388,-0.00802215740884429,-0.0393788503042309,0.0611277992739748,-0.275462503507895,-0.00153655445420766,0.00801185192020061,-0.065450472046354,0.25886931142171
149.826210048919,-0.00805389253228143,-0.0390633129271916,0.0601988111702788,-0.273750876110317,-0.00151298372193776,0.0079611517042256,-0.0646014974508645,0.257298358552832
150.865277052271,-0.0080847744856055,-0.0387496060428997,0.0592815081625335,-0.272046294142115,-0.00148971129544426,0.00791068339531296,-0.0637628137615978,0.255734182554137
151.911550139505,-0.00811480971542312,-0.0384377211478376,0.0583757727892237,-0.27034879147001,-0.00146673413984193,0.00786044743235493,-0.0629343140873626,0.254176808784868
152.965079285884,-0.00814400459687176,-0.0381276497936048,0.0574814882973813,-0.268658400485394,-0.00144404923977474,0.00781044422055255,-0.0621158921935135,0.252626261286226
154.025914813254,-0.00817236543473648,-0.0378193835875469,0.0565985386519673,-0.266975152130297,-0.00142165359961493,0.00776067413204238,-0.0613074425105464,0.2510825628042
155.094107392451,-0.00819989846457993,-0.0375129141933675,0.0557268085447436,-0.265299075923137,-0.00139954424364988,0.00771113750651827,-0.0605088601422539,0.249545734812217
156.169708045722,-0.0082266098538858,-0.0372082333317226,0.054866183402643,-0.263630199984275,-0.0013777182162571,0.00766183465184775,-0.0597200408734467,0.248015797533615
157.25276814916,-0.00825250570321512,-0.0369053327807975,0.0540165493956496,-0.261968551061346,-0.00135617258206756,0.00761276584468312,-0.058940881177253,0.246492769963934
158.34333943516,-0.00827759204737546,-0.0366042043768647,0.0531777934442003,-0.26031415455437,-0.00133490442611769,0.00756393133106706,-0.058171278222005,0.244976669893018
159.441473994887,-0.00830187485660238,-0.0363048400148238,0.0523498032261175,-0.258667034540639,-0.00131391085399017,0.00751533132703257,-0.057411129877721,0.243467513926929
160.547224280766,-0.00832536003775316,-0.0360072316487221,0.0515324671830855,-0.257027213799375,-0.00129318899194398,0.00746696601919721,-0.0566603347221934,0.241965317509663
161.66064310899,-0.00834805343551237,-0.0357113712922561,0.0507256745266787,-0.255394713836151,-0.00127273598703374,0.00741883556535151,-0.0559187920466917,0.240470094944668
162.781783662036,-0.0083699608336089,-0.0354172510192525,0.0499293152439541,-0.253769554907075,-0.00125254900721879,0.00737094009504143,-0.0551864018612895,0.238981859416158
163.910699491214,-0.00839108795604439,-0.0351248629641294,0.0491432801026181,-0.252151756042726,-0.0012326252414621,0.00732327971014479,-0.0544630648998247,0.237500623010229
165.047444519217,-0.00841144046833238,-0.0348341993223373,0.0483674606557772,-0.250541335071854,-0.00121296189981939,0.00727585448544163,-0.053748682624502,0.236026396735757
166.192073042701,-0.00843102397874816,-0.0345452523507783,0.0476017492462837,-0.248938308644819,-0.00119355621351859,0.0072286644691783,-0.0530431572301457,0.23455919054509
167.344639734876,-0.00844984403958878,-0.0342580143682048,0.0468460390106855,-0.247342692256785,-0.00117440543503001,0.00718170968362533,-0.0523463916481136,0.233099013354533
168.505199648122,-0.00846790614844293,-0.0339724777555959,0.0461002238827916,-0.245754500270652,-0.00115550683812732,0.00713499012562897,-0.0516582895498783,0.231645873064602
169.673808216612,-0.00848521574947034,-0.0336886349565122,0.0453641985968612,-0.244173745939735,-0.00113685771793972,0.00708850576715625,-0.0509787553502858,0.230199776580081
170.850521258965,-0.0085017782346903,-0.0334064784774277,0.0446378586904274,-0.242600441430177,-0.00111845539099538,0.00704225655583367,-0.0503076942104995,0.228760729829838
172.03539498091,-0.00851759894527883,-0.0331260008880393,0.0439211005067658,-0.241034597843101,-0.00110029719525656,0.0069962424154793,-0.0496450120406384,0.227328737786438
173.228485977972,-0.00853268317287432,-0.0328471948215532,0.0432138211970149,-0.239476225236497,-0.00108238049014651,0.00695046324662837,-0.0489906155021165,0.225903804485524
174.429851238172,-0.00854703616089095,-0.0325700529749474,0.0425159187219614,-0.237925332646841,-0.00106470265656838,0.00690491892705215,-0.0483444120096932,0.224485933044977
175.639548144754,-0.00856066310583974,-0.0322945681092109,0.0418272918534961,-0.236381928110442,-0.00104726109691647,0.00685960931227031,-0.0477063097332408,0.223075125683849
176.857634478922,-0.00857356915865649,-0.0320207330495584,0.0411478401757521,-0.23484601868452,-0.00103005323507989,0.00681453423605647,-0.0470762175992383,0.221671383741071
178.084168422602,-0.00858575942603655,-0.0317485406856206,0.0404774640859337,-0.233317610468019,-0.00101307651643902,0.0067696935109371,-0.0464540452919992,0.220274707693939
179.319208561219,-0.00859723897177556,-0.0314779839716099,0.0398160647948436,-0.231796708622132,-0.000996328407854833,0.00672508692868365,-0.0458397032546399,0.218885097176364
180.562813886497,-0.00860801281811602,-0.0312090559264604,0.0391635443271196,-0.230283317390566,-0.000979806397651365,0.00668071426079795,-0.0452331026897969,0.217502550996898
181.815043799277,-0.00861808594709895,-0.0309417496339435,0.0385198055211875,-0.228777440119525,-0.000963507995591548,0.00663657525899073,-0.0446341555601006,0.216127067156535
183.075958112354,-0.00862746330192043,-0.0306760582427563,0.0378847520289394,-0.227279079277419,-0.000947430732846589,0.00659266965565342,-0.0440427745884118,0.214758642866278
184.345617053333,-0.00863614978829216,-0.0304119749665855,0.0372582883151461,-0.225788236474293,-0.000931572161959104,0.00654899716432313,-0.0434588732578288,0.213397274564479
185.624081267505,-0.00864415027580591,-0.030149493084144,0.036640319656612,-0.22430491248099,-0.000915929856800223,0.00650555748014075,-0.0428823658114724,0.212042957933953
186.911411820748,-0.00865146959930097,-0.029888605939181,0.0360307521410799,-0.222829107248022,-0.000900501412520837,0.0064623502803023,-0.0423131672520543,0.210695687918858
188.207670202438,-0.00865811256023439,-0.0296293069404657,0.0354294926658944,-0.221360819924178,-0.000885284445497204,0.00641937522450337,-0.0417511933412373,0.209355458741349
189.512918328392,-0.00866408392805311,-0.0293715895617431,0.0348364489364319,-0.219900048874849,-0.000870276593271098,0.00637663195537684,-0.0411963605987931,0.20802226391801
190.827218543819,-0.0086693884415678,-0.0291154473416634,0.034251529464305,-0.218446791700073,-0.000855475514484691,0.00633412009892365,-0.0406485863015639,0.206696096276045
192.150633626303,-0.00867403081032746,-0.028860873883683,0.033674643565348,-0.217001045252312,-0.000840878888810348,0.00629183926493688,-0.0401077884822348,0.205376947969255
193.483226788801,-0.00867801571599446,-0.0286078628559377,0.0331057013573932,-0.215562805653945,-0.000826484416875535,0.00624978904741895,-0.0395738859279235,0.204064810493782
194.82506168266,-0.00868134781371928,-0.0283564079910882,0.032544613757843,-0.214132068314491,-0.000812289820182995,0.00620796902499208,-0.0390467981785916,0.202759674703626
196.176202400658,-0.00868403173351437,-0.0281065030861375,0.031991292481047,-0.212708827947557,-0.000798292841026395,0.00616637876130195,-0.0385264455252868,0.201461530825942
197.536713480066,-0.00868607208162651,-0.0278581420022187,0.0314456500354904,-0.211293078587504,-0.0007844912424016,0.00612501780541465,-0.0380127490082185,0.200170368476113
198.906659905733,-0.00868747344190707,-0.0276113186643554,0.0309075997208008,-0.209884813605856,-0.000770882807913751,0.00608388569220681,-0.0375056304146745,0.19888617667259
200.286107113184,-0.00868824037717936,-0.027366027061193,0.0303770556245816,-0.208484025727416,-0.000757465341680327,0.0060429819427492,-0.0370050122767844,0.197608943851527
201.675120991751,-0.00868837743060267,-0.0271222612447004,0.0298539326190762,-0.207090707046131,-0.000744236668230338,0.00600230606468345,-0.0365108178691348,0.19633865788118
203.073767887718,-0.00868788912703205,-0.0268800153298432,0.0293381463576731,-0.205704849040674,-0.00073119463239982,0.00596185755259227,-0.0360229712062412,0.195075306076095
204.482114607491,-0.00868677997437336,-0.0266392834942275,0.0288296132712557,-0.20432644258976,-0.000718337099223806,0.005921635888363,-0.0355413970398834,0.193818875211077
205.900228420788,-0.00868505446493277,-0.0264000599777144,0.0283282505644049,-0.202955477987197,-0.000705661953824903,0.00588164054154459,-0.0350660208563083,0.192569351534935
207.32817706385,-0.00868271707676005,-0.026162339082005,0.0278339762114604,-0.201591944956673,-0.000693167101298656,0.00584187096969799,-0.0345967688733058,0.191326720784025
208.766028742684,-0.00867977227498492,-0.025926115170196,0.0273467089524474,-0.200235832666269,-0.00068085046659584,0.00580232661874013,-0.0341335680371621,0.190090968195567
210.213852136311,-0.00867622451314573,-0.0256913826663056,0.0268663682888735,-0.19888712974272,-0.000668709994401822,0.0057630069232813,-0.033676346019497,0.188862078520752
211.671716400053,-0.00867207823450978,-0.02545813605477,0.0263928744794042,-0.197545824285407,-0.000656743649013162,0.00572391130695622,-0.0332250312139874,0.187640036037647
213.139691168835,-0.00866733787338442,-0.0252263698799102,0.0259261485354207,-0.196211903880097,-0.000644949414211568,0.00568503918274867,-0.0327795527329839,0.186424824563877
214.617846560511,-0.00866200785641832,-0.0249960787453691,0.025466112216467,-0.194885355612414,-0.000633325293135375,0.00564638995330975,-0.0323398404040236,0.18521642746911
216.10625317921,-0.00865609260389204,-0.0247672573135192,0.0250126880255923,-0.193566166081067,-0.000621869308148667,0.00560796301126993,-0.0319058247662446,0.184014827687331
217.604982118714,-0.00864959653099717,-0.024539900304841,0.0245657992045931,-0.192254321410815,-0.00061057950070819,0.00556975773954476,-0.0314774370667058,0.182820007728915
219.114104965849,-0.00864252404910322,-0.0243140024972709,0.0241253697291617,-0.190949807265182,-0.000599453931228177,0.00553177351163446,-0.031054609256616,0.181631949692498
220.633693803907,-0.00863487956701159,-0.0240895587255212,0.0236913243039463,-0.189652608858925,-0.000588490678943242,0.00549400969191733,-0.0306372739874779,0.18045063527664
222.163821216089,-0.00862666749219567,-0.0238665638803696,0.0232635883575273,-0.188362710970251,-0.000577687841769433,0.00545646563593707,-0.0302253646071489,0.179276045791301
223.704560288971,-0.00861789223202636,-0.0236450129079205,0.0228420880373159,-0.187080097952789,-0.000567043536163614,0.00541914069068405,-0.0298188151558247,0.178108162169114
225.255984615994,-0.0086085581949822,-0.023424900808836,0.0224267502043798,-0.18580475374732,-0.000556555896981261,0.00538203419487063,-0.0294175603619478,0.176946964976461
226.818168300982,-0.00859866979184334,-0.02320622263754,0.0220175024282002,-0.184536661893264,-0.000546223077332823,0.00534514547920055,-0.0290215356380462,0.17579243442436
228.391185961678,-0.00858823143686842,-0.0229889735013919,0.0216142729813671,-0.183275805539929,-0.000536043248438746,0.0053084738666324,-0.0286306770765044,0.174644550379164
229.975112733314,-0.00857724754895367,-0.0227731485598328,0.0212169908342151,-0.182022167457524,-0.000526014599483297,0.00527201867263736,-0.0282449214452717,0.173503292373062
231.570024272191,-0.00856572255277335,-0.0225587430235037,0.0208255856494062,-0.180775730047939,-0.000516135337467279,0.00523577920545114,-0.0278642061835101,0.172368639614403
233.175996759301,-0.0085536608799007,-0.0223457521533355,0.0204399877764636,-0.179536475355288,-0.000506403687059766,0.00519975476632024,-0.0274884693971858,0.171240570997827
234.793106903962,-0.0085410669699087,-0.0221341712596112,0.0200601282462614,-0.178304385076231,-0.000496817890448968,0.00516394464974259,-0.0271176498546077,0.170119065114221
236.421431947482,-0.00852794527144958,-0.021923995701002,0.0196859387654736,-0.177079440570064,-0.00048737620719232,0.00512834814370268,-0.0267516869819156,0.169004100260486
238.061049666849,-0.00851430024331254,-0.0217152208835751,0.0193173517109884,-0.175861622868587,-0.000478076914065911,0.00509296452990109,-0.0263905208585211,0.167895654449133
239.712038378445,-0.00850013635545872,-0.0215078422597764,0.0189543001242898,-0.174650912685749,-0.000468918304913355,0.0050577930839787,-0.0260340922125054,0.166793705417699
241.374476941791,-0.00848545809003251,-0.0213018553273861,0.0185967177058133,-0.173447290427078,-0.000459898690494199,0.00502283307573545,-0.0256823424159754,0.165698230637984
243.048444763306,-0.0084702699423487,-0.0210972556284494,0.0182445388092771,-0.172250736198892,-0.000451016398331969,0.0049880837693439,-0.025335213480382,0.164609207325127
244.734021800108,-0.00845457642185428,-0.0208940387481819,0.0178976984359948,-0.171061229817299,-0.000442269772561954,0.00495354442355749,-0.024992648051803,0.163526612446499
246.431288563827,-0.00843838205306444,-0.0206922003138499,0.017556132229172,-0.169878750816984,-0.000433657173778811,0.00491921429191363,-0.0246545894061934,0.162450422730438
248.140326124455,-0.00842169137647174,-0.0204917359936276,0.0172197764681918,-0.168703278459794,-0.000425176978884094,0.00488509262293183,-0.0243209814446054,0.161380614674811
249.861216114214,-0.00840450894942777,-0.0202926414954296,0.0168885680628915,-0.167534791743109,-0.000416827580933789,0.00485117866030666,-0.0239917686883815,0.160317164555416
251.594040731461,-0.00838683934699651,-0.0200949125657216,0.0165624445478357,-0.166373269408024,-0.000408607388985946,0.00481747164309586,-0.0236668962743221,0.159260048434218
253.338882744608,-0.00836868716277874,-0.0198985449883076,0.0162413440765873,-0.165218689947321,-0.000400514827948486,0.00478397080590359,-0.0233463099498308,0.158209242167434
255.09582549608,-0.00835005700970639,-0.0197035345830963,0.015925205415982,-0.16407103161325,-0.000392548338427272,0.00475067537905884,-0.0230299560680394,0.157164721413448
256.864952906292,-0.00833095352080663,-0.0195098772048463,0.0156139679404078,-0.162930272425117,-0.000384706376574523,0.00471758458878912,-0.0227177815829148,0.156126461640583
258.646349477661,-0.0083113813499345,-0.0193175687418905,0.0153075716260936,-0.161796390176683,-0.000376987413937653,0.00468469765738958,-0.0224097340443504,0.155094438134707
260.440100298641,-0.0082913451724736,-0.0191266051148411,0.0150059570454098,-0.160669362443375,-0.00036938993730859,0.00465201380338745,-0.0221057615932434,0.154068626006702
262.246291047787,-0.00827084968600412,-0.0189369822752765,0.0147090653611839,-0.15954916658931,-0.000361912448573685,0.00461953224170208,-0.0218058129565608,0.153049000199768
264.065007997846,-0.00824989961093754,-0.0187486962044088,0.0144168383210343,-0.158435779774146,-0.000354553464564247,0.00458725218380052,-0.0215098374423962,0.152035535496595
265.896338019882,-0.00822849969111723,-0.0185617429117351,0.0141292182517248,-0.157329178959749,-0.000347311516907796,0.00455517283784877,-0.0212177849350179,0.151028206526378
267.740368587419,-0.00820665469438453,-0.0183761184336719,0.0138461480535429,-0.156229340916686,-0.000340185151880089,0.00452329340885875,-0.0209296058899121,0.150026987771696
269.597187780627,-0.00818436941310942,-0.0181918188321744,0.013567571194704,-0.155136242230549,-0.000333172930257995,0.00449161309883116,-0.0206452513288218,0.149031853575251
271.466884290521,-0.00816164866468543,-0.0180088401933402,0.0132934317057851,-0.154049859308111,-0.000326273427173267,0.00446013110689411,-0.0203646728347834,0.148042778146458
273.349547423206,-0.00813849729198807,-0.0178271786260004,0.0130236741741894,-0.152970168383314,-0.000319485231967285,0.00442884662943787,-0.0200878225471632,0.147059735567914
275.245267104134,-0.00811492016379628,-0.0176468302602972,0.0127582437386451,-0.151897145523097,-0.000312806948046825,0.00439775886024556,-0.0198146531566942,0.146082699801715
277.154133882404,-0.00809092217517634,-0.0174677912462498,0.0124970860837399,-0.150830766633065,-0.000306237192740899,0.00436686699062004,-0.0195451179005163,0.145111644695657
279.07623893509,-0.00806650824782781,-0.0172900577523093,0.0122401474344945,-0.149771007463004,-0.000299774597158744,0.00433617020950699,-0.0192791705572203,0.144146543989294
281.011674071587,-0.00804168333039102,-0.0171136259639045,0.0119873745509762,-0.148717843612239,-0.000293417806048985,0.00430566770361433,-0.0190167654418982,0.143187371319872
282.960531738006,-0.00801645239871551,-0.0169384920819777,0.011738714722955,-0.147671250534847,-0.000287165477660044,0.00427535865752789,-0.0187578574011996,0.142234100228137
284.922905021585,-0.00799082045608931,-0.0167646523215137,0.011494115764605,-0.146631203544727,-0.000281016283601823,0.00424524225382376,-0.0185024018083975,0.141286704164014
286.898887655133,-0.00796479253342837,-0.0165921029100621,0.0112535260092515,-0.145597677820516,-0.000274968908708725,0.00421531767317691,-0.0182503545584635,0.140345156492171
288.888574021513,-0.00793837368942601,-0.0164208400862534,0.0110168943041667,-0.14457064841038,-0.000269022050904047,0.00418558409446669,-0.0180016720631539,0.139409430497454
290.892059158146,-0.00791156901066199,-0.0162508600983111,0.0107841700054159,-0.143550090236657,-0.000263174421065781,0.00415604069487883,-0.0177563112461086,0.138479499390206
292.909438761552,-0.00788438361167084,-0.0160821592025608,0.0105553029727542,-0.142535978100374,-0.000257424742893875,0.00412668665000436,-0.0175142295379633,0.137555336311473
294.940809191919,-0.00785682263496943,-0.0159147336619362,0.0103302435645779,-0.141528286685632,-0.000251771752778979,0.00409752113393529,-0.0172753848714757,0.136636914338087
296.986267477709,-0.00782889125104328,-0.0157485797444852,0.0101089426329294,-0.140526990563864,-0.000246214199672719,0.00406854331935734,-0.0170397356766685,0.135724206487642
299.045911320291,-0.00780059465829167,-0.0155836937218752,0.0098913515185584,-0.139532064197968,-0.000240750844959528,0.00403975237763961,-0.0168072408759885,0.134817185723357
301.119839098607,-0.00777193808293131,-0.0154200718679008,0.0096774220460411,-0.138543481946329,-0.000235380462330062,0.00401114747892141,-0.0165778598794831,0.13391582495883
303.208149873869,-0.00774292677885844,-0.0152577104569928,0.00946710651895714,-0.137561218066709,-0.000230101837656237,0.00398272779219625,-0.0163515525799965,0.133020097062678
305.310943394298,-0.0077135660274694,-0.0150966057627325,0.00926035771512666,-0.136585246720037,-0.000224913768867902,0.00395449248539316,-0.0161282793483847,0.132129974863084
307.428320099879,-0.00768386113743953,-0.0149367540563696,0.00905712888190807,-0.135615541974083,-0.000219815065831186,0.00392644072545526,-0.0159080010287516,0.131245431152227
309.560381127168,-0.00765381744446057,-0.0147781516053475,0.00885737373155737,-0.134652077807024,-0.000214804550228528,0.00389857167841588,-0.0156906789337059,0.130366438690616
311.707228314113,-0.00762344031093643,-0.0146207946718352,0.00866104643665016,-0.133694828110905,-0.000209881055440419,0.00387088450947208,-0.0154762748396408,0.129492970211324
313.868964204927,-0.0075927351256376,-0.0144646795112687,0.00846810162556696,-0.132743766695007,-0.000205043426428866,0.00384337838305588,-0.015264750982036,0.128624998424119
316.045692054981,-0.00756170730331428,-0.0143098023709016,0.0082784943780427,-0.131798867289106,-0.000200290519622608,0.00381605246290303,-0.0150560700507842,0.127762496019503
318.237515835737,-0.00753036228426835,-0.0141561594883677,0.00809218022078071,-0.130860103546645,-0.000195621202804075,0.00378890591211967,-0.0148501951855412,0.126905435672649
320.444540239715,-0.00749870553388454,-0.0140037470902557,0.0079091151231322,-0.129927449047811,-0.000191034354998127,0.00376193789324669,-0.0146470899711015,0.126053790047254
322.666870685493,-0.00746674254212096,-0.0138525613906975,0.00772925549284136,-0.129000877302529,-0.00018652886636256,0.00373514756832209,-0.0144467184327995,0.125207531799288
324.904613322743,-0.00743447882295935,-0.0137025985899717,0.00755255817185656,-0.128080361753361,-0.000182103638080408,0.00370853409894129,-0.0142490450319371,0.124366633580662
327.1578750373,-0.0074019199138154,-0.013553854873123,0.00737898043220808,-0.12716587577833,-0.000177757582254029,0.00368209664631546,-0.0140540346612381,0.123531068042805
329.426763456268,-0.00736907137490954,-0.0134063264085997,0.0072084799719524,-0.126257392693665,-0.000173489621800985,0.00365583437132811,-0.0138616526403298,0.122700807840146
331.711386953162,-0.00733593878859863,-0.013260009346909,0.00704101491118343,-0.125354885756464,-0.000169298690351723,0.00362974643458971,-0.0136718647112529,0.121875825633526
334.011854653082,-0.00730252775866908,-0.0131148998192928,0.00687654378811058,-0.124458328167289,-0.000165183732149055,0.00360383199649075,-0.0134846370339997,0.121056094093509
336.328276437929,-0.00726884390959183,-0.0129709939364241,0.00671502555520381,-0.123567693072689,-0.000161143701949421,0.0035780902172531,-0.013299936182081,0.120241585903623
338.660762951648,-0.00723489288573989,-0.012828287787126,0.00655641957540549,-0.122682953567652,-0.000157177564925956,0.00355252025697981,-0.0131177291381226,0.119432273763513
341.009425605519,-0.00720068035056892,-0.0126867774371142,0.00640068561840904,-0.121804082697997,-0.000153284296573335,0.00352712127570335,-0.0129379832894913,0.118628130392017
343.374376583475,-0.00716621198576164,-0.0125464589277636,0.00624778385700411,-0.120931053462702,-0.000149462882614398,0.00350189243343256,-0.0127606664239508,0.117829128530165
345.75572884746,-0.00713149349033666,-0.0124073282749011,0.00609767486348787,-0.120063838816171,-0.000145712318908541,0.00347683289019813,-0.0125857467253486,0.117035240944097
348.153596142828,-0.00709653057972248,-0.0122693814676249,0.00595031960614239,-0.119202411670447,-0.000142031611361869,0.0034519418060968,-0.0124131927693334,0.116246440427914
350.568093003772,-0.00706132898479751,-0.012132614467152,0.00580567944577739,-0.118346744897372,-0.000138419775839088,0.00342721834133441,-0.0122429735191031,0.115462699806445
352.999334758797,-0.00702589445089683,-0.0119970232056944,0.00566371613233797,-0.117496811330689,-0.000134875838077135,0.00340266165626774,-0.0120750583211849,0.11468399193795
355.44743753623,-0.00699023273678662,-0.0118626035853656,0.00552439180157691,-0.116652583768106,-0.000131398833600513,0.00337827091144525,-0.0119094169012466,0.113910289716749
357.912518269762,-0.00695434961360713,-0.0117293514771183,0.00538766897179079,-0.115814034973304,-0.000127987807638331,0.00335404526764684,-0.0117460193599398,0.113141566075781
360.39469470404,-0.0069182508637851,-0.0115972627197135,0.00525351054061926,-0.114981137677908,-0.000124641815043019,0.00332998388592263,-0.0115848361687753,0.112377793989095
362.894085400285,-0.00688194227991657,-0.0114663331187233,0.00512187978190686,-0.114153864583412,-0.000121359920210699,0.00330608592763081,-0.0114258381660307,0.111618946474276
365.410809741959,-0.00684542966362122,-0.0113365584455672,0.00499274034262646,-0.113332188363069,-0.000118141197003192,0.00328235055447469,-0.0112689965526904,0.110864996594802
367.944987940466,-0.00680871882436909,-0.0112079344365839,0.00486605623986361,-0.112516081663743,-0.000114984728671636,0.00325877692853893,-0.0111142828884181,0.11011591746234
370.496741040893,-0.00677181557828088,-0.0110804567921377,0.00474179185786081,-0.111705517107724,-0.000111889607781692,0.00323536421232508,-0.0109616690875624,0.109371682238978
373.066190927794,-0.00673472574690284,-0.0109541211757624,0.00461991194512086,-0.110900467294517,-0.000108854936140313,0.00321211156878644,-0.0108111274151951,0.108632264139396
375.653460331008,-0.00669745515595748,-0.0108289232133422,0.00450038161156812,-0.110100904802596,-0.000105879824724036,0.00318901816136226,-0.0106626304831824,0.10789763643297
378.258672831527,-0.00666000963407119,-0.0107048584923306,0.0043831663257669,-0.10930680219113,-0.000102963393608792,0.00316608315401143,-0.010516151246289,0.107167772445829
380.881952867393,-0.00662239501147988,-0.0105819225610083,0.00426823191219564,-0.108518132001689,-0.000100104771901182,0.00314330571124565,-0.0103716629983161,0.106442645562845
383.523425739646,-0.00658461711871409,-0.01046011092778,0.00415554454857589,-0.10773486675992,-9.73030976711976e-05,0.0031206849981621,-0.0102291393682713,0.105722229229566
386.183217618305,-0.00654668178526453,-0.0103394190605122,0.00404507076325493,-0.106956978977201,-9.45575178863564e-05,0.00309822018047574,-0.0100885543165735,0.105006496954095
388.861455548399,-0.00650859483822947,-0.010219842385911,0.00393677743264066,-0.106184441152281,-9.18671883472129e-05,0.00307591042455119,-0.0099498821312892,0.10429542230892
391.558267456034,-0.00647036210094521,-0.0101013762889413,0.00383063177868779,-0.105417225772899,-8.9231273624218e-05,0.00305375489743435,-0.00981309742440352,0.103588978932679
394.273782154498,-0.00643198939160104,-0.00998401611228761,0.00372660136643377,-0.104655305317378,-8.66489469958847e-05,0.00303175276688368,-0.00967817512812384,0.102887140531881
397.008129350424,-0.00639348252183968,-0.00986775715585756,0.00362465410158324,-0.103898652256222,-8.41193903882313e-05,0.00300990320140125,-0.00954509049121686,0.102189880882576
399.761439649975,-0.00635484729534503,-0.00975259467632731,0.00352475822813981,-0.10314723905368,-8.16417943154609e-05,0.00298820537026361,-0.00941381907537893,0.101497173831967
402.533844565089,-0.00631608950641809,-0.00963852388673041,0.00342688232608348,-0.102401038169313,-7.92153578218435e-05,0.00296665844355248,-0.00928433675163964,0.100808993299982
405.325476519761,-0.00627721493854275,-0.00952553995608971,0.00333099530909266,-0.101660022059542,-7.68392884247604e-05,0.00294526159218533,-0.00915661969679848,0.100125313280791
408.136468856361,-0.00623822936294265,-0.00941363800909292,0.00323706642230904,-0.100924163179192,-7.45128020588745e-05,0.00292401398794582,-0.00903064438989476,0.0994461078442816
410.966955842014,-0.00619913853713049,-0.00930281312581185,0.0031450652401441,-0.100193433983027,-7.22351230213872e-05,0.00290291480351423,-0.00890638760871045,0.0987713511374804
413.817072675003,-0.00615994820345132,-0.00919306034146573,0.00305496166412572,-0.0994678069272727,-7.00054839183416e-05,0.00288196321249782,-0.00878382642630611,0.0981010173859378
416.686955491232,-0.00612066408762098,-0.00908437464622842,0.00296672592078335,-0.0987472544711468,-6.7823125611934e-05,0.00286115838946122,-0.00866293820758959,0.0974350808950633
419.576741370729,-0.0060812918972613,-0.00897675098507994,0.00288032855957037,-0.0980317490783722,-6.56872971687939e-05,0.00284049950995683,-0.00854370060591761,0.0967735160514184
422.486568344193,-0.00604183732043327,-0.008870184257702,0.00279574045082206,-0.0973212632186942,-6.35972558091891e-05,0.00281998575055527,-0.00842609155972996,0.0961162973239682
425.416575399583,-0.00600230602416969,-0.00876466931841786,0.00271293278374763,-0.0966157693693939,-6.15522668571202e-05,0.00279961628887588,-0.0083100892892163,0.0954633992652902
428.366902488763,-0.00596270365300867,-0.00866020097617608,0.00263187706445495,-0.0959152400168003,-5.95516036912607e-05,0.00277939030361737,-0.0081956722930154,0.0948147965127427
431.337690534184,-0.0059230358275293,-0.0085567739945784,0.0025525451140063,-0.0952196476578017,-5.75945476967029e-05,0.00275930697458854,-0.00808281934494666,0.0941704637895946
434.329081435613,-0.00588330814289097,-0.00845438309195129,0.00247490906650366,-0.0945289648013583,-5.56803882174692e-05,0.00273936548273916,-0.00797150949077383,0.0935303759061143
437.341218076915,-0.00584352616737764,-0.00835302294146118,0.00239894136720208,-0.0938431639700154,-5.38084225097483e-05,0.00271956501019097,-0.0078617220450008,0.0928945077606225
440.374244332875,-0.00580369544094838,-0.0082526881712729,0.00232461477064953,-0.0931622177014181,-5.19779556958153e-05,0.00269990474026889,-0.00775343658769918,0.0922628343405061
443.428305076071,-0.00576382147379568,-0.00815337336475121,0.0022519023388518,-0.0924860985498289,-5.01883007185958e-05,0.00268038385753236,-0.00764663296136763,0.0916353307231972
446.503546183793,-0.00572390974491272,-0.00805507306070498,0.00218077743946082,-0.0918147790876482,-4.84387782968336e-05,0.00266100154780695,-0.00754129126782282,0.0910119720771148
449.600114545014,-0.00568396570067093,-0.00795778175367355,0.00211121374398507,-0.091148231906937,-4.67287168808221e-05,0.00264175699821603,-0.00743739186512167,0.0903927336625733
452.718158067401,-0.00564399475340921,-0.00786149389425502,0.00204318522602041,-0.0904864296209447,-4.50574526086609e-05,0.00262264939721282,-0.00733491536451486,0.0897775908326557
455.857825684385,-0.00560400228003608,-0.00776620388947569,0.00197666615950006,-0.0898293448656398,-4.34243292629965e-05,0.00260367793461255,-0.00723384262743139,0.0891665190340538
459.01926736227,-0.00556399362064594,-0.00767190610320044,0.00191163111696204,-0.0891769503012459,-4.18286982282103e-05,0.00258484180162482,-0.00713415476249392,0.0885594938078759
462.202634107401,-0.00552397407715077,-0.00757859485658322,0.00184805496783288,-0.0885292186137808,-4.02699184480146e-05,0.00256614019088631,-0.00703583312256482,0.0879564907904227
465.408077973374,-0.00548394891192841,-0.00748626442855718,0.00178591287672599,-0.0878861225166017,-3.87473563834196e-05,0.00254757229649358,-0.00693885930182271,0.0873574857139317
468.635752068297,-0.00544392334648869,-0.00739490905636367,0.00172518030175338,-0.087247634751954,-3.7260385971033e-05,0.00252913731403615,-0.00684321513286919,0.086762454407291
471.885810562108,-0.00540390256015847,-0.00730452293611955,0.00166583299284935,-0.0866137280925256,-3.58083885816584e-05,0.00251083444062989,-0.00674888268386573,0.0861713727967238
475.158408693936,-0.00536389168878679,-0.00721510022342195,0.00160784699010481,-0.0859843753430053,-3.43907529791535e-05,0.00249266287495047,-0.00665584425570034,0.0855842169064432
478.453702779515,-0.00532389582347124,-0.00712663503398976,0.00155119862211082,-0.0853595493416466,-3.30068752795151e-05,0.00247462181726719,-0.00656408237918396,0.085000962859279
481.771850218653,-0.00528392000930654,-0.00703912144434107,0.00149586450431024,-0.0847392229618355,-3.16561589101566e-05,0.00245671046947692,-0.00647357981227631,0.0844215868772758
485.113009502749,-0.00524396924415648,-0.00695255349250566,0.00144182153735603,-0.0841233691136628,-3.03380145693434e-05,0.00243892803513833,-0.00638431953734088,0.0838460652822651
488.477340222363,-0.00520404847745013,-0.00686692517877175,0.00138904690547508,-0.083511960745501,-2.90518601857542e-05,0.00242127371950627,-0.0062962847584291,0.0832743744964092
491.865003074839,-0.0051641626090033,-0.00678223046646596,0.00133751807483638,-0.0829049708455845,-2.77971208781372e-05,0.00240374672956638,-0.00620945889859316,0.0827064910427206
495.276159871982,-0.00512431648786628,-0.00669846328276575,0.00128721279192227,-0.0823023724435937,-2.65732289150286e-05,0.00238634627406983,-0.0061238255972275,0.0821423915455549
498.710973547785,-0.00508451491119863,-0.00661561751954323,0.00123810908190173,-0.0817041386122431,-2.53796236745046e-05,0.00236907156356837,-0.00603936870743868,0.0815820527310789
502.169608166212,-0.00504476262317189,-0.00653368703423934,0.00119018524700465,-0.0811102424688708,-2.4215751603939e-05,0.00235192181044939,-0.00595607229344337,0.0810254514277153
505.652228929035,-0.00500506431390119,-0.0064526656507675,0.00114341986489584,-0.080520657177032,-2.30810661797351e-05,0.0023348962289712,-0.00587392062799424,0.0804725645665622
509.159002183727,-0.00496542461840631,-0.00637254716044567,0.00109779178704797,-0.0799353559480935,-2.19750278670095e-05,0.0023179940352985,-0.00579289818983359,0.0799233691817907
512.690095431402,-0.0049258481156031,-0.00629332532295558,0.0010532801371124,-0.0793543120428305,-2.08971040791976e-05,0.0023012144475379,-0.00571298966117443,0.0793778424110188
516.245677334823,-0.00488633932732588,-0.00621499386732839,0.00100986430928681,-0.0787774987730239,-1.9846769137559e-05,0.00228455668577357,-0.00563417992520883,0.078835961495664
519.825917726449,-0.0048469027173815,-0.00613754649295532,0.00096752396667904,-0.0782048895030582,-1.8823504230558e-05,0.00226801997210303,-0.00555645406364326,0.0782977037812732
523.430987616559,-0.0048075426906357,-0.00606097687062243,0.000926239039665966,-0.0776364576515196,-1.78267973730964e-05,0.00225160353067292,-0.00547979735426074,0.0777630467178323
527.061059201407,-0.0047682635921323,-0.00598527864356826,0.000885989724246777,-0.077072176692793,-1.68561433655766e-05,0.00223530658771499,-0.00540419526850956,0.0772319678600551
530.716305871459,-0.00472906970624577,-0.00591044542856322,0.000846756480389882,-0.0765120201586575,-1.59110437527771e-05,0.00221912837158193,-0.00532963346911836,0.0767044448676507
534.396902219665,-0.00468996525586772,-0.00583647081700962,0.00080852003037261,-0.075955961639881,-1.49910067825171e-05,0.00220306811278342,-0.00525609780773723,0.0761804555055733
538.103024049808,-0.00465095440162763,-0.00576334837606116,0.000771261357113153,-0.0754039747878107,-1.40955473640964e-05,0.00218712504402207,-0.00518357432260483,0.0756599776442506
541.834848384891,-0.00461204124114844,-0.00569107164976065,0.000734961702493982,-0.0748560333159612,-1.32241870264902e-05,0.00217129840022935,-0.00511204923624102,0.0751429892597946
545.592553475602,-0.00457322980833705,-0.00561963416019488,0.000699602565676233,-0.0743121110015979,-1.23764538762845e-05,0.00215558741860156,-0.00504150895316503,0.0746294684341934
549.376318808822,-0.00453452407271043,-0.00554902940866546,0.000665165701404472,-0.0737721816873166,-1.1551882555339e-05,0.00213999133863566,-0.00497194005763878,0.074119393355486
553.1863251162,-0.00449592793875729,-0.00547925087687431,0.000631633118301295,-0.0732362192826161,-1.07500141981599e-05,0.00212450940216509,-0.00490332931143521,0.0736127423179175
557.022754382788,-0.00445744524533566,-0.00541029202812275,0.00059898707715136,-0.0727041977654661,-9.9703963889742e-06,0.00210914085339548,-0.00483566365163125,0.0731094937220796
560.885789855729,-0.0044190797651067,-0.00534214630852304,0.00056721008917437,-0.0721760911838667,-9.21258311849325e-06,0.00209388493894021,-0.00476893018842548,0.0726096260750325
564.775616053012,-0.00438083520400465,-0.005274807148221,0.000536284914286645,-0.0716518736574012,-8.47613474035298e-06,0.00207874090785586,-0.00470311620297992,0.072113117990411
568.692418772287,-0.00434271520074325,-0.00520826796262871,0.000506194559350959,-0.0711315193787796,-7.76061792722652e-06,0.00206370801167754,-0.00463820914528604,0.0716199481885151
572.636385099737,-0.00430472332635855,-0.00514252215366609,0.000476922276414305,-0.0706150026153728,-7.06560562659691e-06,0.00204878550445397,-0.00457419663205451,0.0711300954963845
576.607703419018,-0.00426686308378823,-0.00507756311101006,0.00044845156093338,-0.0701022977107375,-6.39067701618598e-06,0.00203397264278238,-0.00451106644462864,0.0706435388478574
580.606563420252,-0.00422913790748732,-0.00501338421335031,0.000420766149987525,-0.0695933790861291,-5.73541745903242e-06,0.00201926868584325,-0.00444880652692121,0.0701602572836157
584.633156109091,-0.00419155116308044,-0.00494997882965042,0.000393850020478985,-0.0690882212420038,-5.09941845821564e-06,0.00200467289543469,-0.00438740498337447,0.0696802299512144
588.687673815838,-0.00415410614705026,-0.00488734032041317,0.000367687387320354,-0.0685867987595074,-4.48227761122076e-06,0.00199018453600669,-0.00432685007694316,0.0692034361050975
592.77031020464,-0.00411680608646221,-0.004825462038949,0.000342262701609058,-0.0680890863019521,-3.88359856394254e-06,0.00197580287469494,-0.00426713022710023,0.0687298551066
596.881260282727,-0.00407965413872525,-0.00476433733264647,0.000317560648788908,-0.0675950586162783,-3.30299096432796e-06,0.00196152718135451,-0.00420823400786514,0.0682594664239362
601.020720409738,-0.00404265339138835,-0.00470395954424356,0.000293566146798612,-0.0671046905345022,-2.74007041565554e-06,0.00194735672859301,-0.00415015014585445,0.0677922496321747
605.188888307094,-0.0040058068619728,-0.00464432201309888,0.000270264344207333,-0.0666179569751474,-2.19445842945232e-06,0.00193329079180358,-0.00409286751835453,0.0673281844132011
609.385963067442,-0.00396911749783957,-0.00458541807646149,0.000247640618337324,-0.0661348329446614,-1.66578237805154e-06,0.0019193286491974,-0.00403637515141616,0.0668672505556674
613.612145164168,-0.00393258817609199,-0.00452724107073857,0.000225680573373708,-0.0656552935388138,-1.15367544679043e-06,0.00190546958183586,-0.00398066221797087,0.0664094279549299
617.867636460969,-0.00389622170351289,-0.00446978433275968,0.00020437003846157,-0.0651793139440781,-6.57776585854627e-07,0.00189171287366227,-0.00392571803596865,0.0659546966129743
622.152640221499,-0.00386002081653623,-0.00441304120103669,0.00018369506579047,-0.0647068694389945,-1.77730461771265e-07,0.00187805781153325,-0.00387153206653704,0.06550303663833
626.467361119072,-0.00382398818125259,-0.0043570050170184,0.00016364192866662,-0.0642379353955137,2.86812591443085e-07,0.00186450368524953,-0.00381809391216122,0.0650544282459722
630.812005246445,-0.00378812639344821,-0.00430166912633893,0.000144197119572882,-0.0637724872803213,7.36196621474257e-07,0.00185104978758643,-0.00376539331488498,0.0646088517572139
635.186780125658,-0.00375243797867707,-0.0042470268800588,0.000125347348216899,-0.0633105006561418,1.17076010723547e-06,0.00183769541432374,-0.00371342015453233,0.0641662875995859
639.591894717946,-0.00371692539236561,-0.00419307163589791,0.000107079539567588,-0.0628519511830218,1.59083600871744e-06,0.00182443986427515,-0.00366216444694962,0.063726716306707
644.027559433723,-0.00368159101994944,-0.00413979675945952,8.93808318803285e-05,-0.0623968146195911,1.99675181715622e-06,0.0018112824393172,-0.00361161634226781,0.0632901185181442
648.493986142629,-0.00364643717704167,-0.00408719562544426,7.22385747111629e-05,-0.0619450668243025,2.38882960550952e-06,0.00179822244441765,-0.00356176612318491,0.0628564749792618
652.991388183652,-0.00361146610963225,-0.00403526161885346,5.56403269203892e-05,-0.0614966837566479,2.7673860792317e-06,0.00178525918766327,-0.00351260420326822,0.0624257665410616
657.519980375318,-0.00357667999431766,-0.00398398813618089,3.95738546658995e-05,-0.0610516414783523,3.13273262733812e-06,0.00177239198028717,-0.00346412112527622,0.0619979741600135
662.07997902595,-0.00354208093856054,-0.00393336858659215,2.40271293866817e-05,-0.0606099161545429,3.48517537374715e-06,0.00175962013669546,-0.00341630755950001,0.0615730788978766
666.671601944003,-0.00350767098097841,-0.00388339639309097,8.98832577691123e-06,-0.0601714840548945,3.82501522888942e-06,0.00174694297449335,-0.00336915430212391,0.0611510619215111
671.295068448464,-0.00347345209166112,-0.00383406499367165,-5.55418024891872e-06,-0.05973632155475,4.15254794157143e-06,0.00173435981451063,-0.00332265227360528,0.0607319045026817
675.950599379332,-0.00343942617251606,-0.00378536784245698,-1.96118135993759e-05,-0.0593044051362158,4.46806415108178e-06,0.00172186998082659,-0.00327679251707312,0.0603155880178523
680.638417108163,-0.00340559505764082,-0.00373729841082088,-3.31958020574809e-05,-0.0588757113892314,4.77184943952799e-06,0.00170947280079422,-0.00323156619674549,0.0599020939479724
685.358745548692,-0.00337196051372233,-0.00368985018849526,-4.63171783396206e-05,-0.0584502170126124,5.06418438438821e-06,0.00169716760506383,-0.00318696459636536,0.0594914038782556
690.11181016753,-0.00333852424046184,-0.00364301668466025,-5.89867821614572e-05,-0.0580278988150684,5.34534461126705e-06,0.00168495372760601,-0.0031429791176549,0.0590834994979492
694.897837994932,-0.00330528787102527,-0.00359679142901751,-7.1215262310327e-05,-0.0576087337161924,5.6156008468391e-06,0.0016728305057339,-0.00309960127878783,0.0586783626000976
699.717057635642,-0.0032722529725178,-0.00355116797284573,-8.3013078723567e-05,-0.0571926987474245,5.87521897196779e-06,0.00166079728012481,-0.00305682271287985,0.058275975081297
704.569699279812,-0.00323942104648239,-0.00350613989003808,-9.43905045721928e-05,-0.0567797710529869,6.12446007498221e-06,0.00164885339484116,-0.00301463516649678,0.0578763189414432
709.455994713995,-0.00320679352942117,-0.00346170077812089,-0.000105357628349446,-0.0563699278907921,6.36358050510027e-06,0.00163699819735072,-0.00297303049818041,0.0574793762834725
714.376177332221,-0.00317437179333915,-0.00341784425925322,-0.00011592435596353,-0.0559631466333227,6.59283192597992e-06,0.00162523103854615,-0.00293200067699171,0.0570851293130956
719.33048214714,-0.00314215714630941,-0.0033745639812068,-0.00012610041283403,-0.0555594047684825,6.81246136938457e-06,0.00161355127276386,-0.00289153778107138,0.0566935603385246
724.31914580125,-0.00311015083305906,-0.00333185361832596,-0.0001358953459914,-0.0551586799004201,7.02271128894711e-06,0.00160195825780213,-0.00285163399621749,0.0563046517701935
729.342406578201,-0.00307835403557513,-0.00328970687246713,-0.000145318526178916,-0.0547609497503227,7.22381961401534e-06,0.00159045135493855,-0.00281228161447996,0.0559183861204728
734.400504414174,-0.00304676787372972,-0.0032481174739176,-0.000154379149956514,-0.0543661921571823,7.41601980356531e-06,0.00157902992894668,-0.00277347303277195,0.0555347460033777
739.493680909344,-0.00301539340592363,-0.00320707918229314,-0.000163086241805882,-0.0539743850785319,7.59954090016325e-06,0.00156769334811206,-0.0027352007514977,0.0551537141342699
744.622179339418,-0.00298423162974758,-0.00316658578741425,-0.000171448656236227,-0.0535855065911532,7.77460758396321e-06,0.00155644098424745,-0.00269745737319686,0.0547752733295546
749.786244667259,-0.00295328348266041,-0.00312663111016067,-0.000179475079890095,-0.053199534891755,7.94144022672233e-06,0.00154527221270734,-0.00266023560120506,0.0543994065063706
754.98612355458,-0.00292254984268344,-0.00308720900330404,-0.000187174033648622,-0.0528164482976226,8.10025494581738e-06,0.00153418641240173,-0.00262352823833054,0.0540260966822765
760.222064373731,-0.00289203152911012,-0.00304831335231829,-0.000194553874735638,-0.0524362252472374,8.25126365824827e-06,0.00152318296580921,-0.00258732818554679,0.05365532697493
765.494317219563,-0.00286172930323037,-0.00300993807616779,-0.000201622798819981,-0.0520588443008677,8.39467413460978e-06,0.00151226125898922,-0.00255162844070081,0.0532870806017633
770.803133921369,-0.00283164386906872,-0.00297207712807287,-0.000208388842115442,-0.0516842841411306,8.5306900530176e-06,0.00150142068159369,-0.00251642209723713,0.052921340879653
776.148768054917,-0.00280177587413558,-0.00293472449625278,-0.000214859883477712,-0.0513125235735234,8.65951105297134e-06,0.00149066062687784,-0.00248170234293717,0.0525580912245853
781.531474954562,-0.00277212591019083,-0.00289787420464573,-0.000221043646497759,-0.0509435415269274,8.78133278913914e-06,0.00147998049171033,-0.00244746245867393,0.0521973151513168
786.951511725437,-0.00274269451401894,-0.00286152031360617,-0.000226947701591013,-0.0505773170540812,8.89634698504755e-06,0.00146937967658259,-0.00241369581718178,0.0518389962730299
792.40913725574,-0.00271348216821506,-0.00282565692057904,-0.000232579468081794,-0.0502138293320263,9.00474148666213e-06,0.00145885758561753,-0.00238039588184126,0.0514831183009855
797.904612229097,-0.00268448930198111,-0.002790278160751,-0.000237946216282361,-0.0498530576625226,9.10670031584137e-06,0.00144841362657739,-0.00234755620547868,0.0511296650441697
803.438199137013,-0.00265571629193135,-0.0027553782076787,-0.000243055069566061,-0.0494949814724359,9.20240372365037e-06,0.001438047210871,-0.00231517042918037,0.0507786204089376
809.01016229141,-0.00262716346290654,-0.00272095127389393,-0.000247913006433947,-0.0491395803140966,9.29202824351845e-06,0.0014277577535602,-0.00228323228112148,0.0504299683986529
814.620767837254,-0.00259883108879613,-0.00268699161148582,-0.000252526862574343,-0.0487868338656298,9.37574674422488e-06,0.00141754467336564,-0.00225173557540914,0.0500836931133235
820.270283765263,-0.00257071939336769,-0.00265349351265998,-0.000256903332914792,-0.0484367219312579,9.45372848269983e-06,0.00140740739267179,-0.00222067421093981,0.0497397787492341
825.958979924714,-0.00254282855110289,-0.00262045131027486,-0.000261048973665826,-0.0480892244415738,9.52613915662424e-06,0.00139734533753131,-0.0021900421702707,0.049398209598574
831.687128036326,-0.00251515868803944,-0.00258785937835507,-0.000264970204356065,-0.0477443214537879,9.59314095681569e-06,0.00138735793766864,-0.00215983351850518,0.0490589700490631
837.455001705243,-0.00248770988261824,-0.00255571213258217,-0.00026867330985806,-0.0474019931519462,9.65489261938548e-06,0.001377444626483,-0.00213004240219183,0.0487220445835736
843.262876434102,-0.00246048216653506,-0.00252400403076263,-0.000272164442404422,-0.0470622198471223,9.71154947765365e-06,0.00136760484105059,-0.00210066304823731,0.0483874177797488
849.111029636188,-0.0024334755255962,-0.00249272957327348,-0.000275449623593707,-0.0467249819775812,9.7632635138087e-06,0.00135783802212617,-0.0020716897628325,0.0480550743096193
854.999740648693,-0.00240668990057751,-0.00246188330348546,-0.000278534746385564,-0.0463902601089174,9.81018341029837e-06,0.00134814361414398,-0.00204311693039219,0.0477249989392153
860.92929074605,-0.00238012518808598,-0.00243145980816413,-0.000281425577084678,-0.0460580349341661,9.8524546009395e-06,0.00133852106521794,-0.00201493901250784,0.0473971765281777
866.899963153375,-0.0023537812414235,-0.00240145371784888,-0.000284127757313039,-0.0457282872738883,9.89021932173359e-06,0.00132896982714121,-0.00198715054691344,0.047071592029365
872.91204305999,-0.00232765787145213,-0.00237185970721019,-0.000286646805970076,-0.0454009980762304,9.92361666137699e-06,0.00131948935538514,-0.00195974614646436,0.0467482304884588
878.965817633049,-0.00230175484746021,-0.00234267249538536,-0.000288988121180219,-0.0450761484169578,9.95278261145329e-06,0.0013100791090975,-0.00193272049812888,0.046427077043566
885.061576031251,-0.00227607189802888,-0.00231388684629277,-0.000291156982227469,-0.0447537194994645,9.97785011629639e-06,0.00130073855110017,-0.00190606836199245,0.0461081169248196
891.199609418655,-0.00225060871189845,-0.00228549756892513,-0.000293158551476537,-0.0444336926547568,9.99894912251406e-06,0.0012914671478861,-0.00187978457027446,0.0457913354539763
897.380210978585,-0.00222536493883392,-0.0022574995176218,-0.000294997876280192,-0.0441160493414135,1.00162066281602e-05,0.00128226436961577,-0.00185386402635738,0.045476718044013
903.603675927636,-0.00220034019048942,-0.00222988759232056,-0.000296679890872378,-0.0438007711455218,1.00297467315461e-05,0.00127312969011294,-0.0018283017038281,0.0451642501987204
909.870301529772,-0.00217553404127075,-0.00220265673878901,-0.000298209418246782,-0.0434878397805899,1.00396906796809e-05,0.00126406258685987,-0.00180309264553149,0.0448539175122955
916.18038711053,-0.0021509460291958,-0.00217580194883591,-0.000299591172020443,-0.0431772370874361,1.0046156916331e-05,0.00125506254099195,-0.00177823196263588,0.0445457056689318
922.534234071309,-0.00212657565675219,-0.00214931826050287,-0.000300829758282103,-0.0428689450340557,1.00492611296897e-05,0.00124612903729174,-0.00175371483371039,0.0442396004424078
928.932145903777,-0.00210242239175175,-0.00212320075823649,-0.000301929677424922,-0.0425629457154652,1.00491162996482e-05,0.00123726156418243,-0.00172953650381399,0.0439355876956745
935.374428204358,-0.00207848566818144,-0.00209744457304139,-0.000302895325963294,-0.0422592213535245,1.00458327446594e-05,0.0012284596137208,-0.00170569228359621,0.0436336533804402
941.861388688833,-0.00205476488705013,-0.00207204488261449,-0.000303730998333404,-0.0419577542967382,1.00395181681859e-05,0.00121972268158958,-0.00168217754840926,0.0433337835367555
948.39333720704,-0.002031259417231,-0.00204699691146076,-0.000304440888677292,-0.0416585270200354,1.00302777047261e-05,0.00121105026708933,-0.00165898773743149,0.0430359642925955
954.970585757668,-0.0020079685962991,-0.00202229593099076,-0.000305029092610108,-0.0413615221245291,1.00182139654086e-05,0.00120244187312978,-0.00163611835280212,0.0427401818634417
961.593448503166,-0.00198489173136355,-0.0019979372596005,-0.000305499608970327,-0.0410667223372556,1.00034270831501e-05,0.00119389700622065,-0.00161356495876704,0.0424464225518624
968.262241784745,-0.00196202809989427,-0.00197391626273372,-0.000305856341552657,-0.0407741105108939,9.98601475736961e-06,0.00118541517646198,-0.00159132318083555,0.0421546727470918
974.977284137491,-0.00193937695054269,-0.00195022835292712,-0.000306103100823432,-0.0404836696234661,9.96607229825174e-06,0.00117699589753401,-0.00156938870494803,0.0418649189246088
981.738896305574,-0.00191693750395609,-0.00192686898983883,-0.000306243605618258,-0.0401953827780191,9.94369267055473e-06,0.00116863868668654,-0.00154775727665421,0.0415771476457144
988.547401257578,-0.00189470895358548,-0.00190383368026039,-0.000306281484821699,-0.0399092332022877,9.9189665369568e-06,0.00116034306472785,-0.00152642470030217,0.0412913455571083
995.403124201917,-0.00187269046648635,-0.00188111797811286,-0.000306220279028842,-0.0396252042483402,9.89198230093592e-06,0.00115210855601318,-0.00150538683823779,0.0410074993904647
1002.30639260238,-0.00185088118411231,-0.00185871748442711,-0.000306063442188545,-0.0393432793922064,9.8628261491786e-06,0.00114393468843275,-0.00148463961001451,0.040725595962008
1009.25753619375,-0.00182928022310121,-0.00183662784730885,-0.000305814343228206,-0.0390634422334885,9.83158209351249e-06,0.0011358209933994,-0.00146417899161344,0.0404456221720872
1016.2568869976,-0.00180788667605342,-0.00181484476188878,-0.000305476267659916,-0.0387856764949558,9.79833201235985e-06,0.00112776700583573,-0.00144400101467352,0.0401675650047501
1023.30477933808,-0.0017866996123021,-0.00179336397025812,-0.00030505241916784,-0.0385099660221237,9.76315569170715e-06,0.00111977226416094,-0.00142410176573174,0.0398914115273171
1030.40154985798,-0.00176571807867525,-0.00177218126138995,-0.000304545921176736,-0.0382362947828158,9.72613086558824e-06,0.00111183631027724,-0.00140447738547327,0.0396171488899547
1037.5475375347,-0.00174494110024915,-0.0017512924710468,-0.000303959818401465,-0.0379646468667132,9.68733325607752e-06,0.00110395868955584,-0.00138512406799137,0.0393447643252483
1044.74308369654,-0.0017243676810932,-0.0017306934816747,-0.000303297078377419,-0.0376950064848862,9.64683661279082e-06,0.00109613895082261,-0.00136603806005694,0.0390742451477753
1051.98853203895,-0.00170399680500578,-0.00171038022228426,-0.000302560592971773,-0.0374273579693148,9.60471275189122e-06,0.00108837664634345,-0.00134721566039773,0.0388055787536774
1059.28422864097,-0.00168382743624099,-0.00169034866831901,-0.00030175317987549,-0.0371616857723934,9.56103159459843e-06,0.00108067133180916,-0.0013286532189869,0.0385387526202336
1066.63052198171,-0.00166385852022621,-0.00167059484151139,-0.000300877584076019,-0.0368979744664232,9.51586120519917e-06,0.00107302256632016,-0.00131034713634101,0.0382737543054324
1074.02776295709,-0.00164408898427011,-0.00165111480972685,-0.000299936479310631,-0.036636208743091,9.46926782855769e-06,0.00106542991237074,-0.00129229386282717,0.0380105714475441
1081.4763048965,-0.00162451773826117,-0.00163190468679635,-0.000298932469500358,-0.0363763734129369,9.42131592712533e-06,0.00105789293583311,-0.0012744898979794,0.0377491917646942
1088.97650357974,-0.00160514367535636,-0.00161296063233759,-0.000297868090164515,-0.0361184534048084,9.37206821744784e-06,0.00105041120594107,-0.00125693178982391,0.0374896030544351
1096.52871725401,-0.00158596567266014,-0.00159427885156549,-0.000296745809815772,-0.0358624337653044,9.32158570617045e-06,0.00104298429527349,-0.00123961613421341,0.0372317931933197
1104.13330665098,-0.0015669825918933,-0.00157585559509211,-0.000295568031335788,-0.0356082996582075,9.26992772553997e-06,0.00103561177973739,-0.00122253957417013,0.0369757501364741
1111.79063500406,-0.00154819328005187,-0.00155768715871648,-0.000294337093331394,-0.0353560363639056,9.21715196840431e-06,0.00102829323855089,-0.00120569879923762,0.0367214619171718
1119.50106806575,-0.00152959657005581,-0.00153976988320463,-0.000293055271471357,-0.0351056292788033,9.16331452270934e-06,0.00102102825422581,-0.00118909054484105,0.0364689166464063
1127.26497412507,-0.00151119128138744,-0.00152210015406028,-0.000291724779803737,-0.0348570639147239,9.10846990549385e-06,0.00101381641255008,-0.00117271159165615,0.0362181025124666
1135.0827240252,-0.00149297622071958,-0.00150467440128634,-0.000290347772053871,-0.0346103258983015,9.05267109638349e-06,0.0010066573025699,-0.0011565587649864,0.0359690077805108
1142.95469118117,-0.00147495018253331,-0.00148748909913786,-0.000288926342903031,-0.0343654009703645,8.99596957058422e-06,0.000999550516571686,-0.00114062893414863,0.035721620792142
1150.8812515977,-0.00145711194972525,-0.00147054076586644,-0.000287462529247809,-0.0341222749853101,8.93841533137699e-06,0.000992495650063809,-0.00112491901186673,0.0354759299649833
1158.86278388715,-0.00143946029420441,-0.00145382596345674,-0.000285958311440281,-0.0338809339104715,8.88005694211505e-06,0.000985492301758133,-0.00110942595367353,0.0352319237922551
1166.89966928762,-0.00142199397747848,-0.00143734129735519,-0.000284415614509027,-0.0336413638254759,8.82094155772546e-06,0.000978540073551353,-0.00109414675732062,0.0349895908423507
1174.99229168114,-0.00140471175122965,-0.00142108341619142,-0.000282836309361075,-0.0334035509215967,8.76111495571666e-06,0.000971638570506185,-0.00107907846219608,0.0347489197584154
1183.14103761204,-0.00138761235787975,-0.00140504901149255,-0.000281222213964854,-0.0331674815010973,8.70062156669425e-06,0.000964787400832344,-0.00106421814875005,0.0345098992579233
1191.34629630538,-0.00137069453114498,-0.00138923481739084,-0.000279575094514269,-0.0329331419765697,8.63950450438771e-06,0.000957986175867407,-0.00104956293792798,0.034272518132258
1199.60845968555,-0.0013539569965799,-0.00137363761032487,-0.000277896666573949,-0.0327005188702648,8.57780559518971e-06,0.000951234510057486,-0.00103510999061148,0.0340367652462912
1207.92792239501,-0.00133739847211101,-0.00135825420873467,-0.000276188596205828,-0.0324695988134195,8.51556540721148e-06,0.000944532020937799,-0.00102085650706671,0.0338026295379642
1216.3050818131,-0.00132101766855969,-0.00134308147275101,-0.00027445250107713,-0.0322403685455755,8.45282327885661e-06,0.000937878329113076,-0.00100679972640024,0.0335701000178693
1224.74033807505,-0.00130481329015463,-0.00132811630387925,-0.000272689951549896,-0.0320128149138951,8.38961734691661e-06,0.00093127305823787,-0.000992936926022136,0.0333391657688328
1233.23409409112,-0.00128878403503376,-0.00131335564467795,-0.000270902471752173,-0.0317869248724704,8.32598457419105e-06,0.000924715834996729,-0.000979265421116393,0.0331098159454975
1241.78675556577,-0.00127292859573574,-0.00129879647843256,-0.000269091540630994,-0.0315626854816298,8.26196077663598e-06,0.000918206289084296,-0.000965782564118491,0.0328820397739087
1250.39873101711,-0.00125724565968096,-0.00128443582882454,-0.000267258592987283,-0.0313400839072382,8.1975806500438e-06,0.000911744053185274,-0.000952485744199979,0.0326558265510985
1259.07043179635,-0.00124173390964227,-0.0012702707595961,-0.00026540502049283,-0.0311191074199955,8.13287779625861e-06,0.000905328762954345,-0.000939372386760098,0.0324311656446732
1267.80227210752,-0.00122639202420522,-0.00125629837421086,-0.000263532172689478,-0.0308997433947298,8.06788474892999e-06,0.000898960056995969,-0.00092643995292424,0.0322080464924006
1276.5946690272,-0.00121121867821821,-0.00124251581551068,-0.000261641357970668,-0.0306819793096881,8.00263299881006e-06,0.000892637576844142,-0.000913685939049235,0.0319864586017989
1285.44804252445,-0.00119621254323228,-0.00122892026536903,-0.000259733844545518,-0.0304658027458248,7.93715301859726e-06,0.000886360966942082,-0.000901107876235363,0.0317663915497272
1294.36281548089,-0.00118137228793086,-0.00121550894434097,-0.000257810861385555,-0.0302512013860854,7.87147428733068e-06,0.000880129874621845,-0.000888703329844961,0.0315478349819759
1303.33941371088,-0.00116669657854944,-0.00120227911131014,-0.000255873599154307,-0.0300381630146907,7.80562531433992e-06,0.000873943950083915,-0.000876469899027627,0.0313307786128596
1312.37826598188,-0.00115218407928517,-0.00118922806313295,-0.000253923211119892,-0.0298266755164163,7.73963366275398e-06,0.000867802846376731,-0.000864405216251835,0.0311152122248107
1321.47980403488,-0.00113783345269669,-0.00117635313428017,-0.000251960814050784,-0.029616726875872,7.67352597257429e-06,0.000861706219376202,-0.000852506946842987,0.0309011256679742
1330.6444626051,-0.00112364336009397,-0.00116365169647628,-0.000249987489094928,-0.029408305176779,7.60732798331555e-06,0.000855653727765167,-0.000840772788527707,0.0306885088598039
1339.87267944269,-0.00110961246191864,-0.00115112115833662,-0.000248004282642386,-0.029201398601246,7.54106455621993e-06,0.000849645033012868,-0.000829200470984416,0.0304773517846599
1349.16489533366,-0.00109573941811441,-0.00113875896500268,-0.000246012207171677,-0.028995995429044,7.47475969604812e-06,0.000843679799354373,-0.000817787755399985,0.0302676444934075
1358.52155412096,-0.00108202288848822,-0.00112656259777584,-0.000244012242080018,-0.0287920840368807,7.40843657245314e-06,0.000837757693770022,-0.00080653243403251,0.0300593771030175
1367.94310272563,-0.0010684615330617,-0.00111452957374943,-0.00024200533449762,-0.0285896528976742,7.34211754094059e-06,0.00083187838596485,-0.000795432329780007,0.0298525397961675
1377.42999116818,-0.00105505401241354,-0.00110265744543978,-0.000239992400086255,-0.0283886905798265,7.27582416342092e-06,0.000826041548348032,-0.000784485295755077,0.0296471228208454
1386.98267259009,-0.00104179898801236,-0.00109094380041603,-0.000237974323822254,-0.0281891857464967,7.20957722835809e-06,0.000820246856012316,-0.000773689214865336,0.0294431164899532
1396.60160327544,-0.00102869512254071,-0.00107938626092919,-0.000235951960764152,-0.0279911271548745,7.1433967705202e-06,0.0008144939867135,-0.000763041999399659,0.0292405111809135
1406.2872426727,-0.00101574108020982,-0.00106798248354042,-0.00023392613680515,-0.0277945036554541,7.07730209033598e-06,0.000808782620849902,-0.000752541590620045,0.0290392973352764
1416.04005341668,-0.00100293552706569,-0.00105673015874897,-0.000231897649410604,-0.0275993041913087,7.01131177286349e-06,0.000803112441441883,-0.000742185958359143,0.0288394654583286
1425.86050135065,-0.00099027713128615,-0.0010456270106196,-0.000229867268340722,-0.0274055177973655,6.9454437063748e-06,0.000797483134111375,-0.000731973100623249,0.0286410061187036
1435.74905554856,-0.000977764563469443,-0.00103467079641002,-0.000227835736358668,-0.0272131335996823,6.87971510056272e-06,0.000791894387061479,-0.000721901043200826,0.0284439099479937
1445.70618833745,-0.000965396496914133,-0.00102385930619825,-0.000225803769924277,-0.0270221408147241,6.81414250437382e-06,0.000786345891056065,-0.000711967839276348,0.0282481676403631
1455.73237532004,-0.000953171607890663,-0.00101319036251021,-0.000223772059873569,-0.0268325287486425,6.7487418234738e-06,0.00078083733939946,-0.000702171569049519,0.0280537699521631
1465.8280953974,-0.000941088575904531,-0.00100266181994754,-0.000221741272084254,-0.0266442867965553,6.68352833734918e-06,0.000775368427916151,-0.000692510339359684,0.0278607077015485
1475.99383079187,-0.000929146083951346,-0.000992271564816057,-0.000219712048127453,-0.026457404441829,6.61851671605169e-06,0.000769938854930569,-0.00068298228331547,0.0276689717680959
1486.23006707006,-0.00091734281876376,-0.000982017514754667,-0.000217685005905789,-0.0262718712553617,6.55372103658935e-06,0.000764548321246918,-0.000673585559929481,0.0274785530924229
1496.53729316606,-0.000905677471050515,-0.000971897618365147,-0.000215660740278093,-0.0260876768948696,6.48915479897045e-06,0.000759196530129076,-0.000664318353758093,0.02728944267581
1506.9160014048,-0.000894148735727624,-0.000961909854842758,-0.000213639823670886,-0.0259048111041742,6.42483094190457e-06,0.000753883187280557,-0.000655178874546166,0.0271016315798229
1517.36668752555,-0.000882755312141915,-0.000952052233607928,-0.000211622806676863,-0.0257232637124931,6.36076185816669e-06,0.00074860800082455,-0.000646165356876711,0.0269151109259377
1527.88985070559,-0.000871495904286966,-0.000942322793939031,-0.000209610218640551,-0.0255430246337323,6.29695940962877e-06,0.000743370681284027,-0.000637276059825367,0.0267298718951664
1538.4859935841,-0.000860369221011654,-0.000932719604606477,-0.000207602568231364,-0.0253640838657812,6.23343494196473e-06,0.000738170941561942,-0.000628509266619683,0.0265459057276852
1549.15562228612,-0.000849373976221351,-0.000923240763508138,-0.000205600344004235,-0.0251864314898111,6.17019929903304e-06,0.000733008496921487,-0.000619863284303085,0.0263632037224637
1559.89924644673,-0.000838508889071987,-0.000913884397306313,-0.000203604014948023,-0.0250100576695756,6.1072628369429e-06,0.000727883064966469,-0.000611336443403529,0.0261817572368967
1570.71737923542,-0.000827772684157018,-0.000904648661066234,-0.000201614031021902,-0.0248349526507143,6.04463543780842e-06,0.000722794365621735,-0.000602927097606707,0.0260015576864359
1581.61053738059,-0.000817164091687517,-0.000895531737896318,-0.000199630823679909,-0.0246611067600599,5.98232652319638e-06,0.000717742121113725,-0.000594633623433819,0.0258225965442257
1592.57924119422,-0.000806681847665419,-0.000886531838590171,-0.000197654806383867,-0.024488510404948,5.92034506727217e-06,0.000712726055951087,-0.000586454419923772,0.0256448653407385
1603.62401459674,-0.000796324694050155,-0.000877647201270518,-0.000195686375104853,-0.0243171540725305,5.85869960964944e-06,0.000707745896905418,-0.000578387908319823,0.0254683556634134
1614.74538514202,-0.000786091378918684,-0.000868876091035064,-0.000193725908813421,-0.0241470283290922,5.7973982679478e-06,0.000702801372992076,-0.000570432531760537,0.0252930591562951
1625.94388404263,-0.000775980656619175,-0.000860216799604459,-0.000191773769958761,-0.023978123819371,5.73644875006431e-06,0.000697892215451118,-0.000562586754975065,0.025118967519676
1637.22004619516,-0.000765991287918338,-0.000851667644972362,-0.00018983030493699,-0.0238104312658817,5.6758583661629e-06,0.000693018157728322,-0.00055484906398262,0.0249460725097388
1648.57441020578,-0.00075612204014265,-0.000843226971057755,-0.000187895844548753,-0.0236439414682437,5.61563404038735e-06,0.000688178935456331,-0.000547217965796161,0.0247743659382016
1660.00751841599,-0.000746371687313495,-0.000834893147359515,-0.000185970704446334,-0.0234786453025116,5.55578232230205e-06,0.00068337428643589,-0.000539691988130158,0.0246038396719642
1671.51991692849,-0.000736739010276434,-0.000826664568613378,-0.000184055185570457,-0.023314533720511,5.49630939806592e-06,0.000678603950617212,-0.000532269679112459,0.0244344856327571
1683.11215563331,-0.000727222796824648,-0.000818539654451288,-0.000182149574576951,-0.0231515977491764,5.43722110134378e-06,0.000673867670081433,-0.000524949607000116,0.0242662957967905
1694.78478823403,-0.000717821841816748,-0.000810516849063272,-0.000180254144253482,-0.0229898284898954,5.37852292396039e-06,0.000669165189022204,-0.000517730359899211,0.0240992621944073
1706.53837227424,-0.000708534947289009,-0.000802594620861824,-0.000178369153926512,-0.0228292171178546,5.32022002630141e-06,0.000664496253727376,-0.000510610545488537,0.0239333769097356
1718.37346916419,-0.000699360922562214,-0.000794771462148916,-0.000176494849858678,-0.022669754881391,5.2623172474664e-06,0.000659860612560824,-0.000503588790747161,0.0237686320803449
1730.2906442076,-0.000690298584343157,-0.000787045888785633,-0.000174631465636765,-0.0225114331013474,5.20481911517795e-06,0.000655258015944371,-0.000496663741685745,0.0236050198969024
1742.29046662864,-0.000681346756821,-0.000779416439864543,-0.000172779222550441,-0.0223542431704316,5.1477298554521e-06,0.000650688216339843,-0.000489834063081638,0.0234425326028327
1754.37350959913,-0.000672504271758524,-0.000771881677384774,-0.000170938329961936,-0.0221981765525804,5.091053402034e-06,0.00064615096823124,-0.000483098438217634,0.0232811624939777
1766.54035026596,-0.000663769968578457,-0.000764440185929905,-0.000169108985666841,-0.0220432247823272,5.03479340560369e-06,0.00064164602810703,-0.00047645556862438,0.0231209019182592
1778.79156977856,-0.00065514269444497,-0.000757090572348689,-0.000167291376246182,-0.0218893794641748,4.97895324275638e-06,0.000637173154442573,-0.000469904173826377,0.0229617432753433
1791.12775331676,-0.000646621304340411,-0.000749831465438607,-0.00016548567740995,-0.0217366322719719,4.92353602476123e-06,0.000632732107682653,-0.000463442991091504,0.022803679016306
1803.54949011869,-0.00063820466113749,-0.000742661515632372,-0.000163692054332251,-0.0215849749482948,4.86854460610352e-06,0.000628322650224157,-0.000457070775184059,0.0226467016433012
1816.05737350894,-0.000629891635666911,-0.000735579394687307,-0.000161910661978232,-0.0214343993038325,4.81398159281402e-06,0.00062394454639886,-0.000450786298121212,0.0224908037092297
1828.65200092687,-0.000621681106780666,-0.000728583795377736,-0.000160141645422958,-0.0212848972167776,4.75984935059013e-06,0.000619597562456355,-0.000444588348932884,0.0223359778174109
1841.33397395519,-0.000613571961411004,-0.000721673431190317,-0.000158385140162382,-0.0211364606322205,4.70615001271248e-06,0.000615281466547089,-0.000438475733424949,0.0221822166212555
1854.10389834867,-0.000605563094625278,-0.000714847036022414,-0.000156641272416601,-0.0209890815615491,4.65288548776188e-06,0.000610996028705555,-0.000432447273945765,0.0220295128239406
1866.9623840631,-0.000597653409676681,-0.000708103363883478,-0.000154910159425499,-0.0208427520818528,4.60005746713968e-06,0.000606741020833585,-0.000426501809155935,0.0218778591780858
1879.91004528435,-0.000589841818051068,-0.000701441188599502,-0.000153191909736987,-0.0206974643353307,4.54766743239659e-06,0.000602516216683795,-0.000420638193801305,0.021727248485432
1892.94750045783,-0.000582127239509878,-0.000694859303520511,-0.000151486623487955,-0.0205532105287053,4.49571666237298e-06,0.00059832139184314,-0.000414855298489109,0.0215776735965208
1906.0753723179,-0.00057450860212934,-0.000688356521231171,-0.000149794392678105,-0.0204099829326398,4.44420624015526e-06,0.00059415632371662,-0.000409152009467262,0.0214291274103772
1919.29428791772,-0.000566984842335992,-0.000681931673264455,-0.000148115301436798,-0.020267773881161,4.39313705985177e-06,0.000590020791511094,-0.000403527228406705,0.0212816028741925
1932.60487865912,-0.000559554904938677,-0.000675583609818447,-0.000146449426283073,-0.0201265757710866,4.34250983319216e-06,0.000585914576219245,-0.000397979872186818,0.0211350929830103
1946.00778032282,-0.000552217743157045,-0.000669311199476231,-0.000144796836378977,-0.0199863810614563,4.29232509595384e-06,0.000581837460603661,-0.000392508872683803,0.0209895907794128
1959.50363309877,-0.000544972318646726,-0.000663113328928929,-0.000143157593776345,-0.0198471822729694,4.24258321421947e-06,0.000577789229181058,-0.000387113176562049,0.0208450893532105
1973.09308161673,-0.00053781760152121,-0.000656988902701834,-0.000141531753657169,-0.0197089719874252,4.19328439046861e-06,0.000573769668206621,-0.000381791745068379,0.0207015818411325
1986.77677497706,-0.000530752570370571,-0.000650936842883704,-0.000139919364567701,-0.0195717428471694,4.14442866950773e-06,0.000569778565658493,-0.000376543553829206,0.0205590614265189
2000.55536678172,-0.000523776212277082,-0.000644956088859155,-0.00013832046864641,-0.0194354875545448,4.09601594424142e-06,0.000565815711222377,-0.000371367592650486,0.020417521339015
2014.42951516552,-0.00051688752282787,-0.000639045597044218,-0.000136735101845943,-0.0193001988713462,4.04804596128893e-06,0.000561880896276284,-0.000366262865320499,0.020276954854267
2028.39988282751,-0.000510085506124622,-0.00063320434062499,-0.000135163294149209,-0.019165869618281,4.00051832644882e-06,0.000557973913875401,-0.000361228389415357,0.0201373552936201
2042.46713706267,-0.000503369174790517,-0.000627431309299447,-0.000133605069779714,-0.0190324926744335,3.9534325100155e-06,0.000554094558737098,-0.000356263196107253,0.0199987160238175
2056.63194979376,-0.000496737549974376,-0.000621725509022342,-0.000132060447406286,-0.0189000609767346,3.90678785195073e-06,0.000550242627226054,-0.000351366329975369,0.0198610304567015
2070.89499760343,-0.000490189661352203,-0.000616085961753261,-0.000130529440342295,-0.0187685675194358,3.86058356691348e-06,0.000546417917339531,-0.000346536848819439,0.0197242920489166
2085.25696176653,-0.000483724547126124,-0.000610511705207741,-0.000129012056739509,-0.0186380053535881,3.81481874915107e-06,0.000542620228692756,-0.00034177382347591,0.0195884943016139
2099.71852828265,-0.00047734125402086,-0.000605001792611535,-0.000127508299776699,-0.0185083675865251,3.76949237725506e-06,0.000538849362504451,-0.00033707633763668,0.0194536307601575
2114.2803879089,-0.000471038837277769,-0.000599555292457928,-0.000126018167843097,-0.0183796473813515,3.72460331878461e-06,0.000535105121582482,-0.000332443487670356,0.0193196950138323
2128.94323619287,-0.000464816360646577,-0.000594171288268167,-0.000124541654716857,-0.0182518379564357,3.6801503347607e-06,0.00053138731030964,-0.000327874382446023,0.0191866806955542
2143.7077735059,-0.000458672896374833,-0.00058884887835493,-0.000123078749738592,-0.0181249325849069,3.63613208403373e-06,0.000527695734629547,-0.000323368143159467,0.019054581481581
2158.57470507649,-0.000452607525195196,-0.000583587175588875,-0.000121629437980136,-0.0179989245941573,3.59254712752799e-06,0.000524030202032697,-0.000318923903161831,0.0189233910912259
2173.54474102402,-0.000446619336310598,-0.000578385307168214,-0.000120193700408613,-0.0178738073653486,3.54939393236516e-06,0.000520390521542613,-0.00031454080779066,0.0187931032865723
2188.61859639264,-0.00044070742737739,-0.000573242414391326,-0.000118771514045939,-0.017749574332923,3.50667087587037e-06,0.000516776503702146,-0.000310218014203317,0.0186637118721903
2203.79699118545,-0.000434870904486491,-0.000568157652432364,-0.000117362852123851,-0.0176262189841188,3.46437624946299e-06,0.00051318796055988,-0.000305954691212712,0.0185352106948548
2219.08065039887,-0.000429108882142671,-0.000563130190119883,-0.000115967684234581,-0.017503734858491,3.42250826243529e-06,0.000509624705656685,-0.000301750019125347,0.0184075936432659
2234.47030405729,-0.000423420483241968,-0.000558159209718414,-0.000114585976477261,-0.0173821155474351,3.38106504562124e-06,0.000506086554012375,-0.000297603189581599,0.0182808546477698
2249.9666872479,-0.000417804839047368,-0.000553243906713026,-0.000113217691600173,-0.0172613546937174,3.34004465495847e-06,0.000502573322112507,-0.000293513405398258,0.0181549876800828
2265.57054015586,-0.000412261089162762,-0.000548383489596801,-0.00011186278913893,-0.0171414459910077,3.29944507494556e-06,0.000499084827895288,-0.000289479880413252,0.0180299867530157
2281.28260809959,-0.000406788381505273,-0.000543577179661254,-0.000110521225550699,-0.0170223831834179,3.25926422199747e-06,0.000495620890738619,-0.000285501839332545,0.0179058459202006
2297.10364156645,-0.000401385872276002,-0.000538824210789629,-0.000109192954344548,-0.0169041600650441,3.21949994770133e-06,0.000492181331447249,-0.000281578517579175,0.0177825592758194
2313.0343962485,-0.00039605272592926,-0.000534123829253096,-0.000107877926208017,-0.016786770479514,3.18015004197529e-06,0.000488765972240062,-0.000277709161144403,0.0176601209543332
2329.07563307866,-0.00039078811514033,-0.000529475293509784,-0.000106576089129997,-0.0166702083195374,3.14121223613237e-06,0.000485374636737476,-0.000273893026440933,0.0175385251302144
2345.22811826701,-0.000385591220771849,-0.000524877874006667,-0.00010528738852002,-0.0165544675264625,3.10268420585215e-06,0.000482007149948968,-0.000270129380158201,0.0174177660176796
2361.49262333744,-0.000380461231838814,-0.00052033085298425,-0.000104011767324028,-0.0164395420898355,3.06456357406211e-06,0.000478663338260709,-0.000266417499119658,0.0172978378704245
2377.86992516445,-0.000375397345472328,-0.000515833524284053,-0.000102749166136726,-0.0163254260469644,3.02684791373114e-06,0.000475343029423332,-0.000262756670142081,0.0171787349813602
2394.36080601029,-0.000370398766882083,-0.000511385193158846,-0.000101499523310585,-0.0162121134824879,2.98953475057727e-06,0.000472046052539805,-0.000259146189896812,0.0170604516823516
2410.96605356231,-0.000365464709317683,-0.000506985176085653,-0.000100262775061601,-0.0160995985279479,2.9526215656918e-06,0.000468772238053427,-0.000255585364772972,0.016942982343957
2427.6864609706,-0.000360594394028803,-0.000502632800581435,-9.90388555718559e-05,-0.0159878753613662,2.91610579808188e-06,0.000465521417735935,-0.000252073510742555,0.0168263213751692
2444.52282688584,-0.000355787050224298,-0.000498327405021506,-9.7827697088999e-05,-0.0158769382068255,2.87998484713373e-06,0.000462293424675738,-0.000248609953227427,0.0167104632231584
2461.4759554975,-0.000351041915030244,-0.000494068338460582,-9.66292300226937e-05,-0.0157667813340547,2.84425607499828e-06,0.000459088093266244,-0.00024519402696817,0.0165954023730171
2478.54665657221,-0.000346358233447012,-0.000489854960456492,-9.54433830381237e-05,-0.0156573990580177,2.80891680890133e-06,0.000455905259194325,-0.000241825075894763,0.0164811333475056
2495.73574549243,-0.0003417352583054,-0.000485686640896503,-9.42700831466292e-05,-0.0155487857385073,2.77396434338031e-06,0.000452744759428878,-0.000238502452999072,0.0163676507068002
2513.04404329547,-0.000337172250221845,-0.000481562759826223,-9.31092557935369e-05,-0.0154409357797418,2.7393959424491e-06,0.0004496064322095,-0.000235225520209111,0.016254949048242
2530.47237671259,-0.000332668477552814,-0.000477482707281088,-9.19608249432711e-05,-0.0153338436299671,2.70520884169325e-06,0.000446490117035286,-0.000231993648265069,0.016143023006088
2548.02157820863,-0.000328223216348357,-0.000473445883120364,-9.08247131617974e-05,-0.0152275037810612,2.67140025029698e-06,0.000443395654653712,-0.000228806216597056,0.0160318672512634
2565.69248602162,-0.000323835750304912,-0.000469451696863683,-8.97008416964842e-05,-0.0151219107681441,2.63796735300409e-06,0.000440322887049659,-0.000225662613204573,0.0159214764911152
2583.48594420295,-0.000319505370717361,-0.00046549956753004,-8.85891305534313e-05,-0.0150170591691904,2.60490731201411e-06,0.000437271657434513,-0.000222562234537643,0.0158118454691682
2601.4028026576,-0.000315231376430421,-0.000461588923479272,-8.74894985723498e-05,-0.014912943604647,2.57221726881588e-06,0.000434241810235401,-0.000219504485379619,0.0157029689648815
2619.4439171848,-0.000311013073789357,-0.000457719202255946,-8.64018634990364e-05,-0.0148095587370531,2.53989434595964e-06,0.00043123319108451,-0.000216488778731616,0.0155948417934072
2637.61014951883,-0.000306849776590112,-0.000453889850435666,-8.53261420555238e-05,-0.0147068992706656,2.50793564876974e-06,0.000428245646808529,-0.000213514535698568,0.0154874588053506
2655.90236737027,-0.00030274080602883,-0.000450100323473741,-8.42622500079538e-05,-0.0146049599510871,2.47633826699926e-06,0.000425279025418179,-0.000210581185376856,0.0153808148865317
2674.32144446737,-0.000298685490650865,-0.000446350085556224,-8.32101022322407e-05,-0.0145037355648985,2.44509927642824e-06,0.000422333176097864,-0.000207688164743527,0.015274904957748
2692.86826059784,-0.000294683166299259,-0.000442638609453245,-8.21696127775784e-05,-0.0144032209392942,2.41421574040681e-06,0.000419407949195411,-0.000204834918547035,0.0151697239745394
2711.54370165082,-0.000290733176062767,-0.000438965376374668,-8.11406949278544e-05,-0.0143034109417226,2.3836847113451e-06,0.000416503196211917,-0.000202020899199532,0.0150652669269541
2730.34865965925,-0.000286834870223423,-0.000435329875827985,-8.0123261261017e-05,-0.0142043004795286,2.3535032321508e-06,0.000413618769791696,-0.00019924556667063,0.0149615288393164
2749.28403284242,-0.000282987606203714,-0.000431731605478481,-7.91172237064618e-05,-0.0141058844996005,2.32366833761648e-06,0.000410754523712329,-0.00019650838838268,0.0148585047699954
2768.35072564895,-0.000279190748513353,-0.000428170071011578,-7.8122493600478e-05,-0.0140081579880206,2.29417705575727e-06,0.000407910312874806,-0.000193808839107479,0.0147561898111757
2787.54964879989,-0.000275443668695729,-0.000424644785997399,-7.7138981739819e-05,-0.0139111159697193,2.265026409101e-06,0.000405085993293771,-0.00019114640086444,0.0146545790886294
2806.88171933232,-0.000271745745274014,-0.000421155271757459,-7.61665984334371e-05,-0.013814753508132,2.23621341593147e-06,0.000402281422087865,-0.000188520562820169,0.0145536677614893
2826.34786064308,-0.000268096363696992,-0.000417701057233511,-7.52052535524398e-05,-0.0137190657048603,2.20773509148668e-06,0.000399496457470162,-0.000185930821189452,0.0144534510220245
2845.94900253294,-0.000264494916284609,-0.000414281678858475,-7.42548565783114e-05,-0.0136240476993365,2.17958844911277e-06,0.000396730958738697,-0.000183376679137612,0.0143539240954155
2865.68608125093,-0.000260940802173307,-0.000410896680429463,-7.33153166494514e-05,-0.013529694668491,2.15177050137539e-06,0.0003939847862671,-0.000180857646684234,0.0142550822395333
2885.56003953913,-0.000257433427261116,-0.000407545612982837,-7.23865426060693e-05,-0.0134360018264236,2.12427826112922e-06,0.00039125780149531,-0.000178373240608229,0.0141569207447177
2905.57182667768,-0.000253972204152581,-0.000404228034671307,-7.14684430334906e-05,-0.0133429644240782,2.09710874254721e-06,0.000388549866920389,-0.000175922984354224,0.0140594349335582
2925.72239853012,-0.00025055655210351,-0.000400943510643003,-7.05609263039064e-05,-0.0132505777489199,2.07025896211041e-06,0.000385860846087425,-0.00017350640794025,0.0139626201606761
2946.01271758903,-0.000247185896965593,-0.00039769161292254,-6.96639006166227e-05,-0.0131588371246167,2.04372593955965e-06,0.000383190603580528,-0.000171123047866726,0.0138664718125079
2966.44375302203,-0.000243859671130885,-0.000394471920294008,-6.87772740368378e-05,-0.0130677379107235,2.01750669881008e-06,0.000380539005013912,-0.000168772447026698,0.01377098530709
2987.01648071805,-0.000240577313476215,-0.000391284018185894,-6.79009545330011e-05,-0.0129772755023695,1.99159826882967e-06,0.000377905917023068,-0.000166454154617344,0.0136761560938453
3007.73188333398,-0.000237338269307493,-0.000388127498557877,-6.70348500127836e-05,-0.0128874453299488,1.96599768448265e-06,0.000375291207256025,-0.000164167726052695,0.0135819796533702
3028.59095034155,-0.00023414199030399,-0.000385001959789507,-6.61788683577065e-05,-0.0127982428588146,1.94070198733903e-06,0.000372694744364698,-0.000161912722877587,0.0134884514972243
3049.59467807464,-0.00023098793446255,-0.000381907006570704,-6.533291745646e-05,-0.0127096635889755,1.915708226451e-06,0.000370116397996319,-0.000159688712682797,0.0133955671677201
3070.74406977686,-0.000227875566041819,-0.000378842249794088,-6.44969052369553e-05,-0.0126217030547958,1.89101345909731e-06,0.000367556038784958,-0.000157495269021374,0.0133033222377154
3092.04013564946,-0.000224804355506446,-0.000375807306449079,-6.36707396971396e-05,-0.0125343568246985,1.8666147514965e-06,0.000365013538343126,-0.000155331971326123,0.0132117123104057
3113.48389289956,-0.000221773779471326,-0.000372801799517776,-6.28543289346173e-05,-0.0124476205008711,1.84250917948998e-06,0.000362488769253462,-0.000153198404828248,0.0131207330191191
3135.07636578881,-0.000218783320645863,-0.000369825357872558,-6.20475811751023e-05,-0.012361489718975,1.81869382919568e-06,0.000359981605060498,-0.000151094160477115,0.0130303800271118
3156.8185856822,-0.000215832467778297,-0.000366877616175411,-6.12504047997461e-05,-0.0122759601478569,1.79516579763332e-06,0.000357491920262514,-0.000149018834861149,0.0129406490273655
3178.71159109747,-0.000212920715600095,-0.000363958214778928,-6.04627083713633e-05,-0.0121910274892641,1.77192219332207e-06,0.000355019590303468,-0.000146972030129813,0.0128515357423852
3200.75642775457,-0.00021004756477043,-0.000361066799628988,-5.96844006595969e-05,-0.0121066874775618,1.7489601368514e-06,0.000352564491565008,-0.000144953353916687,0.012763035924
3222.9541486257,-0.00020721252182075,-0.000358203022169056,-5.89153906650455e-05,-0.0120229358794542,1.72627676142592e-06,0.000350126501358559,-0.000142962419263607,0.0126751453531628
3245.30581398558,-0.000204415099099479,-0.000355366539246115,-5.81555876423908e-05,-0.0119397684937076,1.70386921338517e-06,0.000347705497917497,-0.000140998844545868,0.0125878598397538
3267.81249146208,-0.000201654814716822,-0.000352557013018172,-5.74049011225476e-05,-0.0118571811508762,1.68173465269879e-06,0.000345301360389392,-0.000139062253398462,0.0125011752223837
3290.47525608724,-0.000198931192489733,-0.000349774110863346,-5.66632409338733e-05,-0.011775169713032,1.65987025343815e-06,0.000342913968828333,-0.000137152274643341,0.0124150873681983
3313.29519034861,-0.00019624376188702,-0.000347017505290489,-5.59305172224561e-05,-0.0116937300734957,1.63827320422496e-06,0.000340543204187321,-0.000135268542217696,0.0123295921726853
3336.27338424092,-0.000193592057974624,-0.000344286873851329,-5.52066404715179e-05,-0.0116128581565712,1.61694070865767e-06,0.000338188948310751,-0.000133410695103229,0.0122446855594816
3359.41093531822,-0.000190975621361071,-0.000341581899054114,-5.44915215199521e-05,-0.011532549917283,1.59586998571625e-06,0.000335851083926952,-0.000131578377256412,0.0121603634801817
3382.70894874623,-0.000188393998143119,-0.000338902268278728,-5.37850715800272e-05,-0.0114528013411155,1.57505827014615e-06,0.000333529494640813,-0.000129771237539713,0.0120766219141482
3406.16853735517,-0.000185846739851596,-0.000336247673693258,-5.30872022542773e-05,-0.0113736084437555,1.55450281282199e-06,0.000331224064926472,-0.000127988929653776,0.0119934568683227
3429.7908216929,-0.000183333403397457,-0.000333617812171993,-5.23978255516091e-05,-0.0112949672708371,1.53420088109165e-06,0.000328934680120087,-0.00012623111207055,0.0119108643770386
3453.57693007845,-0.000180853551018049,-0.000331012385214826,-5.17168539026441e-05,-0.0112168738976889,1.51414975910141e-06,0.000326661226412666,-0.000124497447967341,0.0118288405018346
3477.5279986559,-0.000178406750223621,-0.000328431098868049,-5.10442001743237e-05,-0.0111393244290843,1.49434674810267e-06,0.000324403590842975,-0.000122787605161783,0.0117473813312696
3501.64517144866,-0.000175992573744058,-0.000325873663646506,-5.03797776838e-05,-0.0110623149989936,1.47478916674095e-06,0.000322161661290519,-0.000121101256047713,0.0116664829807395
3525.92960041413,-0.000173610599475871,-0.000323339794457088,-4.97235002116296e-05,-0.0109858417703393,1.45547435132761e-06,0.000319935326468577,-0.000119438077531936,0.0115861415922935
3550.38244549867,-0.00017126041042944,-0.00032082921052356,-4.90752820143001e-05,-0.0109099009347532,1.43639965609497e-06,0.000317724475917324,-0.000117797750971866,0.0115063533344541
3575.00487469309,-0.000168941594676519,-0.000318341635312674,-4.84350378361018e-05,-0.010834488712336,1.41756245343528e-06,0.000315528999996999,-0.000116179962114039,0.0114271144020356
3599.79806408833,-0.000166653745298016,-0.000315876796461573,-4.78026829203733e-05,-0.0107596013514202,1.39896013412414e-06,0.000313348789881163,-0.000114584401033474,0.0113484210159659
3624.76319793175,-0.000164396460332048,-0.00031343442570645,-4.71781330201339e-05,-0.0106852351283335,1.38059010752877e-06,0.00031118373755,-0.000113010762073879,0.0112702694231086
3649.9014686836,-0.000162169342722283,-0.000311014258812451,-4.65613044081284e-05,-0.0106113863471669,1.36244980180186e-06,0.000309033735783701,-0.000111458743788687,0.011192655896086
3675.21407707406,-0.000159972000266571,-0.000308616035504792,-4.59521138862973e-05,-0.0105380513395427,1.34453666406114e-06,0.000306898678155897,-0.000109928048882908,0.0111155767331042
3700.7022321605,-0.000157804045565879,-0.000306239499401083,-4.53504787946975e-05,-0.0104652264643868,1.32684816055551e-06,0.000304778459027169,-0.000108418384155793,0.0110390282577782
3726.36715138533,-0.000155665095973523,-0.000303884397944825,-4.47563170198845e-05,-0.0103929081077019,1.30938177681792e-06,0.00030267297353861,-0.000106929460444289,0.0109630068189594
3752.21006063407,-0.000153554773544715,-0.000301550482340077,-4.416954700278e-05,-0.0103210926823436,1.29213501780558e-06,0.000300582117605459,-0.000105460992567283,0.0108875087905629
3778.23219429398,-0.000151472704986421,-0.000299237507487258,-4.35900877460359e-05,-0.0102497766277987,1.27510540802786e-06,0.000298505787910783,-0.000104012699270612,0.0108125305713974
3804.43479531291,-0.000149418521607544,-0.000296945231920084,-4.30178588209177e-05,-0.010178956409965,1.25829049166242e-06,0.000296443881899237,-0.000102584303172851,0.0107380685849951
3830.81911525882,-0.000147391859269421,-0.000294673417743595,-4.24527803737164e-05,-0.0101086285209342,1.24168783265985e-06,0.000294396297770866,-0.000101175530711833,0.010664119279443
3857.3864143794,-0.000145392358336664,-0.000292421830573286,-4.18947731317114e-05,-0.0100387894787763,1.22529501483726e-06,0.000292362934474983,-9.97861120919284e-05,0.0105906791272158
3884.13796166242,-0.00014341966362832,-0.000290190239475296,-4.13437584086933e-05,-0.00996943582732632,1.2091096419613e-06,0.000290343691704088,-9.84157812320457e-05,0.0105177446250094
3911.07503489621,-0.000141473424369377,-0.000287978416907654,-4.07996581100673e-05,-0.00990056413597313,1.19312933782084e-06,0.000288338469887868,-9.70642757143578e-05,0.0104453122935757
3938.19892073078,-0.000139553294142607,-0.00028578613866256,-4.02623947375459e-05,-0.00983217099945008,1.17735174628974e-06,0.000286347170187224,-9.57313367337358e-05,0.0103733786775582
3965.51091473924,-0.000137658930840754,-0.000283613183809681,-3.97318913934506e-05,-0.00976425303762805,1.1617745313802e-06,0.000284369694488389,-9.44167090478888e-05,0.0103019403453297
3993.0123214797,-0.000135789996619067,-0.000281459334640449,-3.92080717846304e-05,-0.00969680689531018,1.14639537728674e-06,0.000282405945397072,-9.31201409281889e-05,0.0102309938888295
4020.70445455755,-0.000133946157848192,-0.000279324376613342,-3.86908602260162e-05,-0.00962982924202882,1.13121198842148e-06,0.000280455826232676,-9.18413841111848e-05,0.0101605359234033
4048.58863668828,-0.000132127085067399,-0.000277208098300131,-3.81801816438179e-05,-0.00956331677184424,1.11622208944076e-06,0.000278519241022564,-9.05801937507801e-05,0.0100905630876427
4076.66619976054,-0.000130332452938186,-0.000275110291333081,-3.76759615783832e-05,-0.00949726620314548,1.10142342526365e-06,0.000276596094496381,-8.9336328371082e-05,0.0100210720432273
4104.93848489989,-0.000128561940198227,-0.000273030750353082,-3.71781261867236e-05,-0.0094316742784529,1.0868137610825e-06,0.000274686292080424,-8.81095498198962e-05,0.00995205947476625
4133.40684253274,-0.000126815229615678,-0.000270969272958706,-3.66866022447249e-05,-0.00936653776422291,1.07239088236589e-06,0.00027278973989208,-8.68996232228728e-05,0.00988352208964228
4162.07263245095,-0.000125092007943859,-0.000268925659656156,-3.62013171490502e-05,-0.00930185345065422,1.05815259485428e-06,0.000270906344734293,-8.57063169382818e-05,0.0098154566178558
4190.93722387671,-0.000123391965876281,-0.000266899713810121,-3.5722198918749e-05,-0.00923761815149632,1.04409672454867e-06,0.000269036014090108,-8.45294025124205e-05,0.0097478598118706
4220.00199552799,-0.000121714798002055,-0.000264891241595481,-3.52491761965794e-05,-0.00917382870385946,1.03022111769237e-06,0.000267178656117246,-8.3368654635633e-05,0.00968072844646025
4249.26833568435,-0.000120060202761654,-0.00026290005194989,-3.47821782500602e-05,-0.00911048196802669,1.01652364074651e-06,0.000265334179642743,-8.2223851098945e-05,0.00961405931855578
4278.73764225332,-0.000118427882403049,-0.000260925956527189,-3.43211349722559e-05,-0.00904757482726752,1.00300218035905e-06,0.00026350249415763,-8.10947727512931e-05,0.00954784924709416
4308.41132283705,-0.000116817542938215,-0.000258968769651661,-3.386597688231e-05,-0.00898510418765349,9.89654643328074e-07,0.00026168350981167,-7.99812034573529e-05,0.00948209507286805
4338.2907947997,-0.000115228894099999,-0.000257028308273079,-3.34166351257331e-05,-0.00892306697787533,9.76478956559136e-07,0.000259877137408137,-7.88829300559441e-05,0.00941679365837624
4368.37748533501,-0.000113661649299368,-0.000255104391922584,-3.29730414744578e-05,-0.00886146014906202,9.63473067017266e-07,0.000258083288398651,-7.7799742319018e-05,0.00935194188767547
4398.67283153455,-0.000112115525583016,-0.000253196842669318,-3.25351283266652e-05,-0.00880028067460144,9.50634941673588e-07,0.000256301874878051,-7.67314329112079e-05,0.00928753666623284
4429.17828045629,-0.000110590243591355,-0.000251305485077859,-3.21028287063977e-05,-0.00873952554996277,9.37962567447003e-07,0.00025453280957933,-7.56777973499433e-05,0.00922357492077963
4459.89528919383,-0.000109085527516862,-0.000249430146166392,-3.16760762629605e-05,-0.00867919179252048,9.25453951140938e-07,0.000252776005868595,-7.46386339661126e-05,0.00916005359916572
4490.82532494586,-0.000107601105062814,-0.000247570655365642,-3.12548052701256e-05,-0.00861927644138017,9.13107119375568e-07,0.000251031377740101,-7.36137438652739e-05,0.00909696967021528
4521.96986508636,-0.00010613670740238,-0.000245726844478532,-3.08389506251413e-05,-0.00855977655720572,9.00920118515536e-07,0.000249298839811303,-7.26029308893991e-05,0.00903432012358322
4553.33039723509,-0.000104692069138095,-0.000243898547640566,-3.042844784756e-05,-0.00850068922204844,8.88891014593539e-07,0.000247578307317976,-7.16060015791513e-05,0.00897210196961285
4584.90841932869,-0.000103266928261693,-0.000242085601280919,-3.00232330778869e-05,-0.00844201153917743,8.77017893229794e-07,0.000245869696109361,-7.06227651366796e-05,0.00891031223919413
4616.7054396922,-0.000101861026114326,-0.000240287844084219,-2.96232430760612e-05,-0.00838374063291187,8.65298859547748e-07,0.000244172922643374,-6.96530333889335e-05,0.00884894798362335
4648.72297711114,-0.000100474107347138,-0.000238505116953016,-2.92284152197739e-05,-0.00832587364845457,8.5373203808604e-07,0.000242487903981841,-6.86966207514802e-05,0.00878800627446328
4680.96256090399,-9.91059198822212e-05,-0.000236737262970925,-2.88386875026318e-05,-0.00826840775172734,8.42315572707053e-07,0.00024081455778579,-6.77533441928274e-05,0.00872748420340466
4713.42573099534,-9.77562148739293e-05,-0.000234984127366418,-2.84539985321706e-05,-0.0082113401292076,8.31047626502054e-07,0.000239152802310774,-6.68230231992338e-05,0.00866737888212829
4746.11403798933,-9.64247466705702e-05,-0.000233245557477278,-2.80742875277282e-05,-0.00815466798776676,8.19926381693259e-07,0.00023750255640225,-6.59054797400128e-05,0.0086076874421684
4779.02904324382,-9.51112727764564e-05,-0.000231521402715675,-2.76994943181808e-05,-0.00809838855450989,8.08950039532826e-07,0.000235863739490985,-6.50005382333094e-05,0.00854840703477655
4812.17231894485,-9.38155538143291e-05,-0.000229811514533883,-2.73295593395496e-05,-0.00804249907661705,7.98116820199043e-07,0.000234236271588518,-6.41080255123569e-05,0.00848953483078684
4845.54544818188,-9.25373534881412e-05,-0.000228115746390591,-2.69644236324841e-05,-0.00798699682118585,7.87424962689791e-07,0.000232620073282647,-6.32277707921939e-05,0.00843106802048169
4879.1500250233,-9.1276438546209e-05,-0.000226433953717836,-2.66040288396262e-05,-0.00793187907507567,7.76872724713442e-07,0.000231015065732975,-6.23596056368467e-05,0.00837300381345877
4912.98765459257,-9.00325787447254e-05,-0.000224765993888522,-2.62483172028635e-05,-0.00787714314475321,7.6645838257737e-07,0.000229421170666479,-6.1503363926963e-05,0.00831533943849875
4947.05995314498,-8.88055468116323e-05,-0.000223111726184512,-2.58972315604735e-05,-0.00782278635613937,7.56180231074129e-07,0.000227838310373127,-6.06588818278921e-05,0.00825807214343384
4981.36854814472,-8.75951184108572e-05,-0.000221471011765303,-2.55507153441675e-05,-0.00776880605445775,7.46036583365514e-07,0.000226266407701538,-5.98259977582094e-05,0.00820119919501746
5015.91507834275,-8.64010721069044e-05,-0.000219843713637259,-2.5208712576036e-05,-0.00771519960408421,7.36025770864558e-07,0.000224705386054668,-5.90045523586719e-05,0.00814471787879445
5050.70119385496,-8.52231893298078e-05,-0.000218229696623393,-2.48711678654041e-05,-0.00766196438839814,7.26146143115654e-07,0.00022315516938555,-5.81943884616075e-05,0.00808862549897259
5085.72855624109,-8.40612543404335e-05,-0.00021662882733369,-2.45380264055965e-05,-0.00760909780963473,7.16396067672831e-07,0.000221615682193058,-5.73953510607224e-05,0.00803291937829451
5120.998838584,-8.29150541961437e-05,-0.000215040974135967,-2.42092339706237e-05,-0.00755659728873892,7.06773929976428e-07,0.000220086849517717,-5.66072872813301e-05,0.00797759685791092
5156.51372556965,-8.17843787168053e-05,-0.000213466007127245,-2.38847369117857e-05,-0.00750446026522033,6.9727813322811e-07,0.000218568596937549,-5.58300463509882e-05,0.00792265529725432
5192.27491356752,-8.06690204511558e-05,-0.000211903798105645,-2.35644821542053e-05,-0.00745268419700981,6.87907098264499e-07,0.000217060850563952,-5.50634795705441e-05,0.0078680920739139
5228.28411071172,-7.9568774643512e-05,-0.00021035422054278,-2.3248417193289e-05,-0.00740126656031696,6.78659263429385e-07,0.000215563537037617,-5.43074402855774e-05,0.00781390458351093
5264.54303698245,-7.8483439200831e-05,-0.000208817149556643,-2.2936490091123e-05,-0.00735020484948925,6.69533084444711e-07,0.000214076583524488,-5.35617838582402e-05,0.00776009023957538
5301.0534242883,-7.74128146601113e-05,-0.00020729246188498,-2.2628649472807e-05,-0.00729949657687212,6.60527034280371e-07,0.00021259991771174,-5.28263676394833e-05,0.00770664647342303
5337.81701654885,-7.63567041561411e-05,-0.000205780035859145,-2.23248445227299e-05,-0.00724913927267051,6.51639603022949e-07,0.000211133467803814,-5.21010509416685e-05,0.00765357073403368
5374.83556977805,-7.53149133895839e-05,-0.000204279751378411,-2.20250249807905e-05,-0.00719913048481151,6.42869297743457e-07,0.000209677162518469,-5.13856950115574e-05,0.00760086048792997
5412.11085216805,-7.42872505954066e-05,-0.000202791489884754,-2.17291411385673e-05,-0.00714946777880834,6.34214642364188e-07,0.000208230931082878,-5.06801630036745e-05,0.00754851321905724
5449.64464417369,-7.3273526511641e-05,-0.00020131513433808,-2.14371438354403e-05,-0.0071001487376254,6.25674177524733e-07,0.000206794703229757,-4.99843199540368e-05,0.00749652642866394
5487.43873859751,-7.22735543484837e-05,-0.000199850569191896,-2.11489844546684e-05,-0.00705117096154464,6.17246460447292e-07,0.00020536840919352,-4.92980327542481e-05,0.0074448976351832
5525.49494067543,-7.12871497577252e-05,-0.000198397680369417,-2.08646149194253e-05,-0.007002532068033,6.0893006480129e-07,0.000203951979706482,-4.86211701259483e-05,0.00739362437411478
5563.81506816292,-7.03141308025125e-05,-0.000196956355240105,-2.05839876887979e-05,-0.00695422969161116,6.00723580567443e-07,0.000202545345995077,-4.79536025956187e-05,0.00734270419790825
5602.40095142188,-6.9354317927437e-05,-0.000195526482596613,-2.03070557537476e-05,-0.00690626148372323,5.92625613901274e-07,0.000201148439776126,-4.72952024697316e-05,0.00729213467584662
5641.254433508,-6.84075339289518e-05,-0.000194107952632158,-2.00337726330408e-05,-0.00685862511260784,5.84634786996225e-07,0.000199761193253123,-4.66458438102466e-05,0.00724191339393099
5680.37737025889,-6.74736039261089e-05,-0.000192700656918288,-1.9764092369149e-05,-0.00681131826317008,5.76749737946351e-07,0.000198383539112563,-4.60054024104415e-05,0.00719203795476582
5719.77163038263,-6.65523553316222e-05,-0.000191304488383045,-1.94979695241212e-05,-0.00676433863685488,5.68969120608744e-07,0.000197015410520296,-4.53737557710803e-05,0.00714250597744514
5759.43909554709,-6.56436178232447e-05,-0.000189919341289523,-1.92353591754328e-05,-0.00671768395152113,5.61291604465656e-07,0.00019565674111791,-4.47507830769067e-05,0.00709331509743934
5799.38166046975,-6.47472233154678e-05,-0.000188545111214806,-1.89762169118112e-05,-0.00667135194131723,5.53715874486483e-07,0.000194307465019158,-4.41363651734656e-05,0.00704446296648298
5839.60123300829,-6.38630059315299e-05,-0.000187181695029277,-1.87204988290428e-05,-0.00662534035655747,5.46240630989564e-07,0.000192967516806396,-4.35303845442405e-05,0.00699594725246306
5880.09973425162,-6.29908019757418e-05,-0.000185828990876304,-1.84681615257619e-05,-0.00657964696359965,5.38864589503945e-07,0.00019163683152707,-4.29327252881108e-05,0.00694776563930836
5920.87909861173,-6.21304499061176e-05,-0.000184486898152283,-1.82191620992242e-05,-0.00653426954472363,5.31586480631074e-07,0.000190315344690216,-4.23432730971153e-05,0.00689991582687926
5961.94127391598,-6.12817903073168e-05,-0.000183155317487034,-1.79734581410675e-05,-0.00648920589801108,5.2440504990656e-07,0.000189002992263008,-4.17619152345276e-05,0.00685239553085855
6003.28822150028,-6.04446658638868e-05,-0.000181834150724546,-1.77310077330613e-05,-0.00644445383722604,5.17319057661969e-07,0.000187699710667314,-4.1188540513229e-05,0.00680520248264272
6044.92191630263,-5.96189213338132e-05,-0.000180523300904075,-1.74917694428475e-05,-0.00640001119169676,5.10327278886771e-07,0.000186405436776305,-4.06230392743842e-05,0.00675833442923433
6086.84434695757,-5.88044035223642e-05,-0.000179222672241557,-1.72557023196731e-05,-0.00635587580619835,5.0342850309042e-07,0.000185120107911069,-4.00653033664074e-05,0.0067117891331347
6129.05751589107,-5.80009612562381e-05,-0.000177932170111373,-1.70227658901185e-05,-0.00631204554083659,4.96621534164679e-07,0.000183843661837271,-3.95152261242218e-05,0.00666556437223777
6171.56343941625,-5.7208445358001e-05,-0.000176651701028422,-1.67929201538212e-05,-0.00626851827093255,4.89905190246149e-07,0.000182576036761833,-3.89727023488023e-05,0.00661965793972425
6214.36414782964,-5.64267086208213e-05,-0.00017538117263052,-1.65661255791988e-05,-0.00622529188690844,4.8327830357914e-07,0.000181317171329644,-3.8437628287003e-05,0.0065740676439569
6257.46168550822,-5.56556057834899e-05,-0.000174120493661104,-1.63423430991701e-05,-0.00618236429417416,4.76739720378816e-07,0.000180067004620296,-3.790990161166e-05,0.00652879130837616
6300.85811100697,-5.48949935057331e-05,-0.000172869573952251,-1.61215341068789e-05,-0.00613973341301504,4.70288300694746e-07,0.00017882547614485,-3.73894214019721e-05,0.00648382677139679
6344.55549715731,-5.41447303438052e-05,-0.000171628324407991,-1.59036604514196e-05,-0.00609739717848038,4.63922918274824e-07,0.000177592525842626,-3.68760881241483e-05,0.00643917188630498
6388.55593116599,-5.34046767263685e-05,-0.000170396656987915,-1.56886844335673e-05,-0.00605535354027304,4.57642460429648e-07,0.000176368094078022,-3.63698036123255e-05,0.00639482452115636
6432.86151471492,-5.26746949306497e-05,-0.000169174484691075,-1.54765688015136e-05,-0.00601360046263983,4.51445827897328e-07,0.000175152121637358,-3.58704710497467e-05,0.0063507825586745
6477.47436406142,-5.19546490588767e-05,-0.000167961721540168,-1.5267276746609e-05,-0.00597213592426302,4.4533193470883e-07,0.000173944549725747,-3.53779949502006e-05,0.00630704389615034
6522.39661013943,-5.12444050149885e-05,-0.000166758282565997,-1.50607718991134e-05,-0.00593095791815251,4.39299708053805e-07,0.000172745319963993,-3.48922811397157e-05,0.00626360644534203
6567.63039866118,-5.05438304816192e-05,-0.000165564083792209,-1.48570183239565e-05,-0.00589006445153917,4.33348088146999e-07,0.000171554374385512,-3.44132367385079e-05,0.00622046813237574
6613.17789021977,-4.98527948973504e-05,-0.000164379042220296,-1.46559805165077e-05,-0.00584945354576885,4.27476028095216e-07,0.000170371655433277,-3.39407701431758e-05,0.00617762689764691
6659.0412603923,-4.9171169434234e-05,-0.000163203075814867,-1.44576233983592e-05,-0.00580912323619744,4.21682493764908e-07,0.000169197105956798,-3.3474791009143e-05,0.00613508069572233
6705.22269984387,-4.84988269755762e-05,-0.000162036103489172,-1.426191231312e-05,-0.00576907157208667,4.15966463650371e-07,0.000168030669209114,-3.30152102333403e-05,0.00609282749524276
6751.7244144321,-4.78356420939887e-05,-0.000160878045090885,-1.4068813022225e-05,-0.0057292966165009,4.10326928742611e-07,0.000166872288843816,-3.25619399371289e-05,0.00605086527882638
6798.54862531261,-4.71814910296956e-05,-0.000159728821388135,-1.38782917007582e-05,-0.00568979644620467,4.04762892398858e-07,0.000165721908912097,-3.21148934494569e-05,0.00600919204297272
6845.69756904508,-4.65362516691012e-05,-0.000158588354055779,-1.36903149332918e-05,-0.00565056915156117,3.99273370212795e-07,0.000164579473859819,-3.16739852902492e-05,0.00596780579796733
6893.17349769999,-4.58998035236122e-05,-0.000157456565661921,-1.35048497097415e-05,-0.00561161283643152,3.93857389885492e-07,0.000163444928524612,-3.12391311540264e-05,0.00592670456778719
6940.97867896634,-4.52720277087109e-05,-0.000156333379654658,-1.33218634212393e-05,-0.00557292561807486,3.88513991097058e-07,0.000162318218132989,-3.08102478937481e-05,0.00588588639000653
6989.11539625983,-4.46528069232818e-05,-0.000155218720349068,-1.3141323856025e-05,-0.00553450562704932,3.83242225379065e-07,0.000161199288297491,-3.03872535048807e-05,0.00584534931570359
7037.58594883204,-4.40420254291824e-05,-0.000154112512914418,-1.29631991953558e-05,-0.00549635100711376,3.78041155987709e-07,0.00016008808501385,-2.99700671096829e-05,0.00580509140936773
7086.39265188015,-4.34395690310631e-05,-0.000153014683361596,-1.27874580094362e-05,-0.00545845991513033,3.7290985777778e-07,0.000158984554658178,-2.95586089417092e-05,0.00576511074880741
7135.53783665763,-4.28453250564265e-05,-0.00015192515853076,-1.26140692533677e-05,-0.00542083052096784,3.67847417077401e-07,0.00015788864398418,-2.9152800330526e-05,0.00572540542505862
7185.02385058548,-4.22591823359304e-05,-0.000150843866079211,-1.24430022631206e-05,-0.00538346100740592,3.628529315636e-07,0.000156800300120384,-2.87525636866385e-05,0.00568597354229409
7234.85305736446,-4.16810311839258e-05,-0.000149770734469463,-1.22742267515263e-05,-0.00534634957003994,3.57925510138682e-07,0.000155719470567399,-2.83578224866255e-05,0.00564681321773295
7285.02783708791,-4.11107633792336e-05,-0.00014870569295753,-1.21077128042927e-05,-0.00530949441718674,3.53064272807452e-07,0.000154646103195196,-2.79685012584788e-05,0.00560792258155121
7335.55058635552,-4.05482721461516e-05,-0.000147648671581411,-1.19434308760418e-05,-0.00527289376979111,3.48268350555276e-07,0.000153580146240402,-2.75845255671442e-05,0.00556929977679263
7386.42371838768,-3.99934521356953e-05,-0.00014659960114978,-1.17813517863712e-05,-0.00523654586133304,3.43536885227003e-07,0.000152521548303625,-2.72058220002625e-05,0.00553094295928042
7437.64966314091,-3.94461994070644e-05,-0.000145558413230861,-1.16214467159393e-05,-0.00520044893773567,3.38869029406747e-07,0.000151470258346796,-2.68323181541059e-05,0.00549285029752931
7489.23086742376,-3.89064114093383e-05,-0.000144525040141508,-1.14636872025747e-05,-0.00516460125727412,3.34263946298553e-07,0.000150426225690536,-2.64639426197091e-05,0.0054550199726585
7541.16979501382,-3.83739869633924e-05,-0.000143499414936461,-1.13080451374106e-05,-0.00512900109048489,3.29720809607943e-07,0.000149389400011538,-2.61006249691905e-05,0.00541745017830489
7593.46892677528,-3.78488262440385e-05,-0.000142481471397798,-1.11544927610444e-05,-0.00509364672007613,3.25238803424353e-07,0.000148359731339976,-2.57422957422627e-05,0.00538013912053721
7646.13076077758,-3.73308307623822e-05,-0.000141471144024558,-1.10030026597226e-05,-0.0050585364408385,3.20817122104471e-07,0.000147337170056929,-2.53888864329275e-05,0.00534308501777047
7699.15781241454,-3.68199033483993e-05,-0.00014046836802255,-1.08535477615524e-05,-0.00502366855955696,3.1645497015649e-07,0.000146321666891832,-2.5040329476356e-05,0.00530628610068122
7752.55261452471,-3.63159481337242e-05,-0.000139473079294335,-1.07061013327386e-05,-0.00498904139492296,3.12151562125253e-07,0.000145313172919941,-2.4696558235947e-05,0.0052697406121232
7806.31771751215,-3.5818870534653e-05,-0.000138485214429374,-1.05606369738482e-05,-0.00495465327744766,3.07906122478338e-07,0.000144311639559821,-2.43575069905661e-05,0.00523344680704372
7860.45568946846,-3.53285772353543e-05,-0.000137504710694353,-1.04171286161011e-05,-0.00492050254937559,3.03717885493053e-07,0.000143317018570856,-2.40231109219584e-05,0.0051974029524005
7914.96911629522,-3.48449761712896e-05,-0.000136531506023669,-1.02755505176889e-05,-0.0048865875645992,2.99586095144365e-07,0.000142329262050775,-2.36933061023361e-05,0.00516160732707915
7969.86060182773,-3.43679765128377e-05,-0.000135565539010074,-1.01358772601203e-05,-0.00485290668857389,2.95510004993749e-07,0.000141348322433197,-2.33680294821354e-05,0.00512605822181119
8025.13276795918,-3.38974886491237e-05,-0.000134606748895487,-9.99808374459474e-06,-0.00481945829823391,2.9148887807899e-07,0.0001403741524852,-2.30472188779439e-05,0.00509075393909263
8080.78825476607,-3.34334241720471e-05,-0.000133655075561954,-9.86214518840395e-06,-0.00478624078190879,2.87521986804904e-07,0.000139406705304905,-2.27308129605923e-05,0.00505569279310306
8136.82972063413,-3.29756958605114e-05,-0.00013271045952277,-9.72803712136169e-06,-0.00475325253924055,2.83608612835012e-07,0.000138445934319082,-2.24187512434115e-05,0.00502087310962543
8193.25984238548,-3.2524217664847e-05,-0.000131772841913738,-9.59573538226141e-06,-0.00472049198110142,2.7974804698415e-07,0.000137491793280772,-2.21109740706504e-05,0.00498629322596623
8250.08131540631,-3.2078904691432e-05,-0.000130842164484594,-9.46521611536309e-06,-0.00468795752951239,2.75939589112029e-07,0.000136544236266927,-2.18074226060537e-05,0.00495195149087628
8307.29685377578,-3.16396731875022e-05,-0.00012991836959056,-9.33645576690797e-06,-0.00465564761756223,2.72182548017723e-07,0.000135603217676074,-2.15080388215965e-05,0.00491784626447208
8364.90919039556,-3.12064405261539e-05,-0.000129001400184048,-9.20943108166284e-06,-0.00462356068932732,2.68476241335135e-07,0.00013466869222599,-2.12127654863744e-05,0.00488397591815767
8422.92107712043,-3.07791251915328e-05,-0.000128091199806503,-9.08411909949231e-06,-0.00459169519979192,2.64819995429368e-07,0.000133740614951403,-2.09215461556462e-05,0.00485033883454701
8481.33528488963,-3.035764676421e-05,-0.000127187712580383,-8.96049715196106e-06,-0.00456004961476928,2.61213145294083e-07,0.000132818941201703,-2.06343251600276e-05,0.00481693340738699
8540.15460385936,-2.99419259067409e-05,-0.00012629088320127,-8.83854285896424e-06,-0.00452862241082317,2.57655034449771e-07,0.000131903626638672,-2.03510475948335e-05,0.00478375804148077
8599.38184353586,-2.95318843494076e-05,-0.000125400656930117,-8.71823412538775e-06,-0.00449741207519021,2.54145014842993e-07,0.000130994627234244,-2.0071659309567e-05,0.00475081115261189
8659.01983290984,-2.91274448761382e-05,-0.000124516979585626,-8.59954913779712e-06,-0.00446641710570262,2.50682446746545e-07,0.000130091899268261,-1.97961068975531e-05,0.00471809116746868
8719.07142059136,-2.87285313106072e-05,-0.000123639797536745,-8.48246636115618e-06,-0.00443563601071176,2.47266698660591e-07,0.000129195399326265,-1.9524337685715e-05,0.00468559652356938
8779.53947494611,-2.83350685025083e-05,-0.000122769057695299,-8.36696453557451e-06,-0.00440506730901214,2.43897147214709e-07,0.000128305084297296,-1.92562997244914e-05,0.00465332566918755
8840.42688423224,-2.79469823140038e-05,-0.000121904707508741,-8.25302267308466e-06,-0.00437470952976608,2.40573177070905e-07,0.000127420911371715,-1.8991941777892e-05,0.00462127706327828
8901.73655673848,-2.7564199606343e-05,-0.00012104669495302,-8.14062005444814e-06,-0.00434456121242891,2.37294180827539e-07,0.000126542838039036,-1.87312133136899e-05,0.00458944917540459
8963.47142092288,-2.71866482266527e-05,-0.000120194968525571,-8.02973622599142e-06,-0.00431462090667484,2.34059558924213e-07,0.000125670822085781,-1.84740644937501e-05,0.00455784048566459
9025.63442555289,-2.68142569948931e-05,-0.000119349477238417,-7.92035099647038e-06,-0.00428488717232331,2.30868719547566e-07,0.000124804821593347,-1.8220446164489e-05,0.00452644948461899
9088.228539846,-2.64469556909823e-05,-0.000118510170611391,-7.81244443396487e-06,-0.00425535857926597,2.27721078538024e-07,0.000123944794935894,-1.79703098474672e-05,0.00449527467321919
9151.25675361174,-2.60846750420815e-05,-0.000117676998665462,-7.70599686280177e-06,-0.0042260337073942,2.24616059297455e-07,0.000123090700778242,-1.77236077301102e-05,0.00446431456273579
9214.72207739435,-2.57273467100451e-05,-0.000116849911916177,-7.60098886050789e-06,-0.00419691114652722,2.21553092697767e-07,0.000122242498073794,-1.74802926565583e-05,0.00443356767468765
9278.6275426167,-2.53749032790287e-05,-0.000116028861367208,-7.49740125479144e-06,-0.00416798949634071,2.18531616990408e-07,0.000121400146062469,-1.72403181186404e-05,0.00440303254077139
9342.97620172496,-2.50272782432569e-05,-0.000115213798504002,-7.39521512055312e-06,-0.00413926736629604,2.15551077716806e-07,0.000120563604268646,-1.70036382469741e-05,0.00437270770279147
9407.77112833456,-2.46844059949464e-05,-0.000114404675287543,-7.29441177692569e-06,-0.00411074337556998,2.12610927619694e-07,0.000119732832499136,-1.67702078021864e-05,0.00434259171259057
9473.0154173768,-2.43462218123843e-05,-0.000113601444148205,-7.19497278434304e-06,-0.00408241615298502,2.09710626555374e-07,0.00011890779084116,-1.65399821662569e-05,0.00431268313198063
9538.71218524687,-2.40126618481588e-05,-0.000112804057979711,-7.09687994163761e-06,-0.00405428433694017,2.06849641406858e-07,0.000118088439660342,-1.63129173339782e-05,0.00428298053267426
9604.86456995261,-2.36836631175405e-05,-0.000112012470133193,-7.00011528316689e-06,-0.00402634657534231,2.04027445997927e-07,0.000117274739598727,-1.60889699045355e-05,0.00425348249621664
9671.47573126437,-2.33591634870141e-05,-0.000111226634411342,-6.90466107596861e-06,-0.00399860152553811,2.01243521008085e-07,0.000116466651572801,-1.58680970732012e-05,0.00422418761391793
9738.54885086602,-2.30391016629557e-05,-0.000110446505062653,-6.81049981694417e-06,-0.00397104785424637,1.98497353888392e-07,0.000115664136771536,-1.56502566231434e-05,0.00419509448678607
9806.08713250685,-2.27234171804572e-05,-0.000109672036775771,-6.71761423007104e-06,-0.003943684237491,1.95788438778202e-07,0.000114867156654447,-1.54354069173479e-05,0.00416620172546009
9874.09380215466,-2.24120503922935e-05,-0.000108903184673916,-6.62598726364287e-06,-0.00391650936053442,1.93116276422759e-07,0.000114075672949659,-1.52235068906508e-05,0.00413750795014387
9942.57210814976,-2.21049424580327e-05,-0.000108139904309408,-6.53560208753852e-06,-0.0038895219178115,1.90480374091696e-07,0.000113289647651999,-1.50145160418809e-05,0.00410901179054035
10011.5253213603,-2.18020353332861e-05,-0.000107382151658272,-6.44644209051852e-06,-0.00386272061286402,1.87880245498383e-07,0.000112509043021088,-1.48083944261099e-05,0.00408071188578619
10080.9567353381,-2.15032717590976e-05,-0.000106629883114938,-6.35849087755005e-06,-0.00383610415827562,1.85315410720154e-07,0.000111733821579463,-1.46051026470094e-05,0.00405260688438688
10150.8696664767,-2.12085952514691e-05,-0.000105883055487012,-6.27173226715921e-06,-0.0038096712756072,1.82785396119388e-07,0.000110963946110703,-1.44046018493131e-05,0.00402469544415229
10221.267454169,-2.09179500910235e-05,-0.000105141625990148,-6.18615028881155e-06,-0.00378342069533292,1.8028973426545e-07,0.00011019937965757,-1.42068537113826e-05,0.00399697623213268
10292.1534609671,-2.06312813127982e-05,-0.000104405552242984,-6.10172918031951e-06,-0.00375735115677654,1.77827963857476e-07,0.000109440085520169,-1.40118204378748e-05,0.00396944792455513
10363.5310727429,-2.03485346961747e-05,-0.000103674792262171,-6.01845338527785e-06,-0.00373146140804837,1.75399629648008e-07,0.000108686027254114,-1.38194647525117e-05,0.00394210920676041
10435.4036988501,-2.00696567549351e-05,-0.000102949304457475,-5.93630755052576e-06,-0.00370575020598263,1.73004282367459e-07,0.00010793716866872,-1.36297498909477e-05,0.00391495877314028
10507.7747722864,-1.97945947274507e-05,-0.000102229047626955,-5.85527652363648e-06,-0.00368021631607532,1.70641478649423e-07,0.000107193473825193,-1.34426395937366e-05,0.00388799532707526
10580.647749858,-1.95232965669955e-05,-0.000101513980952222,-5.77534535043347e-06,-0.00365485851242248,1.6831078095679e-07,0.000106454907034847,-1.32580980993941e-05,0.00386121758087272
10654.0261123446,-1.92557109321876e-05,-0.000100804063993766,-5.69649927253368e-06,-0.00362967557765906,1.66011757508711e-07,0.000105721432857327,-1.30760901375569e-05,0.00383462425570556
10727.9133646656,-1.89917871775535e-05,-0.000100099256686363,-5.61872372491695e-06,-0.00360466630289811,1.63743982208346e-07,0.000104993016098847,-1.28965809222345e-05,0.00380821408155114
10802.3130360475,-1.87314753442164e-05,-9.93995193345482e-05,-5.54200433352232e-06,-0.0035798294876705,1.61507034571443e-07,0.000104269621810442,-1.2719536145155e-05,0.00378198579713079
10877.2286801926,-1.84747261507044e-05,-9.87048126081615e-05,-5.46632691287004e-06,-0.00355516393986508,1.59300499655709e-07,0.000103551215286232,-1.25449219692015e-05,0.00375593814984954
10952.6638754485,-1.82214909838804e-05,-9.80150975379644e-05,-5.39167746371008e-06,-0.00353066847566931,1.57123967990979e-07,0.000102837762061701,-1.23727050219398e-05,0.0037300698957365
11028.6222249794,-1.79717218899881e-05,-9.73303355113208e-05,-5.31804217069617e-06,-0.00350634191951026,1.54977035510171e-07,0.000102129227911984,-1.22028523892334e-05,0.00370437979938542
11105.1073569377,-1.77253715658175e-05,-9.66504882679486e-05,-5.24540740008581e-06,-0.00348218310399616,1.52859303481034e-07,0.000101425578850175,-1.20353316089483e-05,0.00367886663389587
11182.1229246378,-1.7482393349983e-05,-9.59755178957339e-05,-5.17375969746545e-06,-0.00345819086985831,1.50770378438659e-07,0.000100726781125638,-1.18701106647427e-05,0.00365352918081461
11259.6726067303,-1.72427412143183e-05,-9.53053868266111e-05,-5.10308578550137e-06,-0.00343436406589346,1.48709872118775e-07,0.000100032801222336,-1.17071579799433e-05,0.00362836623007755
11337.7601073777,-1.70063697553816e-05,-9.46400578325057e-05,-5.03337256171532e-06,-0.0034107015489066,1.46677401391797e-07,9.93436058571732e-05,-1.15464424115045e-05,0.00360337657995198
11416.3891564316,-1.67732341860739e-05,-9.39794940213395e-05,-4.96460709628536e-06,-0.0033872021836542,1.4467258819764e-07,9.86591619783487e-05,-1.13879332440523e-05,0.00357855903697929
11495.5635096105,-1.65432903273655e-05,-9.3323658833096e-05,-4.8967766298713e-06,-0.00336386484278784,1.42695059481281e-07,9.79794367637178e-05,-1.12316001840083e-05,0.003553912415918
11575.2869486794,-1.63164946001322e-05,-9.26725160359474e-05,-4.82986857146477e-06,-0.00334068840679832,1.40744447129067e-07,9.73043976191729e-05,-1.10774133537959e-05,0.00352943553968725
11655.5632816306,-1.60928040170978e-05,-9.20260297224377e-05,-4.76387049626359e-06,-0.00331767176396009,1.38820387905761e-07,9.66340121770303e-05,-1.09253432861254e-05,0.00350512723931063
11736.3963428651,-1.58721761748833e-05,-9.13841643057267e-05,-4.69877014357038e-06,-0.00329481381027624,1.36922523392319e-07,9.59682482944331e-05,-1.07753609183579e-05,0.00348098635386041
11817.7899933763,-1.56545692461594e-05,-9.07468845158876e-05,-4.634555414715e-06,-0.0032721134494237,1.35050499924394e-07,9.53070740517622e-05,-1.06274375869464e-05,0.00345701173040217
11899.7481209338,-1.54399419719032e-05,-9.01141553962638e-05,-4.57121437100099e-06,-0.00324956959269906,1.33203968531563e-07,9.46504577510634e-05,-1.04815450219541e-05,0.00343320222393982
11982.2746402699,-1.52282536537557e-05,-8.94859422998765e-05,-4.50873523167525e-06,-0.00322718115896461,1.31382584877253e-07,9.3998367914481e-05,-1.03376553416469e-05,0.0034095566973609
12065.3734932659,-1.50194641464814e-05,-8.88622108858898e-05,-4.44710637192149e-06,-0.00320494707459492,1.29586009199395e-07,9.33507732827077e-05,-1.01957410471611e-05,0.00338607402138244
12149.0486491407,-1.48135338505254e-05,-8.82429271161254e-05,-4.38631632087648e-06,-0.00318286627342371,1.27813906251753e-07,9.27076428134422e-05,-1.00557750172442e-05,0.00336275307449697
12233.3041046402,-1.46104237046703e-05,-8.76280572516322e-05,-4.32635375966955e-06,-0.0031609376966912,1.26065945245968e-07,9.20689456798615e-05,-9.91773050306774e-06,0.00333959274291911
12318.1438842285,-1.44100951787882e-05,-8.70175678493037e-05,-4.26720751948467e-06,-0.00313916029299175,1.2434179979427e-07,9.14346512691005e-05,-9.78158112311162e-06,0.00331659192053234
12403.5720402798,-1.42125102666902e-05,-8.64114257585489e-05,-4.20886657964528e-06,-0.00311753301822204,1.22641147852887e-07,9.08047291807471e-05,-9.64730085811893e-06,0.00329374950883632
12489.5926532723,-1.40176314790685e-05,-8.58095981180086e-05,-4.15132006572129e-06,-0.00309605483552941,1.20963671666115e-07,9.01791492253442e-05,-9.51486404611961e-06,0.0032710644168944
12576.2098319827,-1.3825421836533e-05,-8.52120523523237e-05,-4.09455724765849e-06,-0.00307472471526082,1.1930905771106e-07,8.95578814229065e-05,-9.38424537752314e-06,0.00324853556128163
12663.427713683,-1.36358448627393e-05,-8.46187561689477e-05,-4.03856753792965e-06,-0.00305354163491202,1.17676996643044e-07,8.89408960014446e-05,-9.25541989027799e-06,0.00322616186603299
12751.2504643373,-1.34488645776079e-05,-8.40296775550088e-05,-3.98334048970767e-06,-0.00303250457907716,1.16067183241657e-07,8.83281633955032e-05,-9.12836296509837e-06,0.00320394226259216
12839.6822788018,-1.32644454906327e-05,-8.3444784774215e-05,-3.92886579506006e-06,-0.00301161253939875,1.14479316357466e-07,8.7719654244707e-05,-9.00305032075573e-06,0.0031818756897604
12928.7273810244,-1.30825525942783e-05,-8.28640463638066e-05,-3.87513328316497e-06,-0.002990864514518,1.1291309885936e-07,8.71153393923199e-05,-8.87945800943584e-06,0.00315996109364607
13018.3900242466,-1.29031513574648e-05,-8.22874311315508e-05,-3.82213291854823e-06,-0.00297025951002555,1.11368237582532e-07,8.65151898838122e-05,-8.75756241215886e-06,0.00313819742761417
13108.6744912069,-1.27262077191393e-05,-8.1714908152782e-05,-3.76985479934152e-06,-0.0029497965384125,1.09844443277088e-07,8.5919176965441e-05,-8.6373402342631e-06,0.00311658365223655
13199.5850943454,-1.25516880819314e-05,-8.11464467674824e-05,-3.71828915556111e-06,-0.00292947461902182,1.08341430557283e-07,8.53272720828379e-05,-8.51876850095014e-06,0.00309511873524222
13291.1261760091,-1.23795593058941e-05,-8.05820165774067e-05,-3.66742634740734e-06,-0.00290929277800017,1.06858917851368e-07,8.473944687961e-05,-8.40182455289186e-06,0.00307380165146814
13383.3021086605,-1.22097887023274e-05,-8.0021587443246e-05,-3.61725686358435e-06,-0.00288925004825002,1.0539662735205e-07,8.41556731959486e-05,-8.2864860418972e-06,0.00305263138281024
13476.1172950852,-1.20423440276834e-05,-7.9465129481834e-05,-3.56777131964004e-06,-0.0028693454693821,1.03954284967554e-07,8.35759230672493e-05,-8.17273092663895e-06,0.0030316069181749
13569.576168603,-1.18771934775533e-05,-7.89126130633923e-05,-3.51896045632601e-06,-0.00284957808766826,1.02531620273283e-07,8.30001687227429e-05,-8.06053746843907e-06,0.0030107272534307
13663.6831932795,-1.1714305680733e-05,-7.83640088088138e-05,-3.47081513797712e-06,-0.00282994695599464,1.01128366464074e-07,8.24283825841336e-05,-7.94988422711181e-06,0.00298999139136044
13758.4428641392,-1.15536496933691e-05,-7.78192875869866e-05,-3.42332635091087e-06,-0.00281045113381518,9.9744260307027e-08,8.18605372642502e-05,-7.84075005686428e-06,0.00296939834161361
13853.8597073802,-1.13951949931817e-05,-7.72784205121532e-05,-3.37648520184595e-06,-0.00279108968710546,9.83790420949275e-08,8.12966055657047e-05,-7.7331141022529e-06,0.00294894712065909
13949.9382805904,-1.12389114737643e-05,-7.67413789413096e-05,-3.33028291634006e-06,-0.00277186168831691,9.70324556002313e-08,8.07365604795624e-05,-7.62695579419597e-06,0.00292863675173827
14046.6831729655,-1.10847694389597e-05,-7.6208134471638e-05,-3.28471083724668e-06,-0.00275276621633133,9.57042480296214e-08,8.01803751840198e-05,-7.52225484604037e-06,0.00290846626481835
14144.0990055278,-1.09327395973111e-05,-7.56786589379778e-05,-3.23976042319073e-06,-0.00273380235641576,9.4394169979124e-08,7.96280230430944e-05,-7.41899124968303e-06,0.00288843469654614
14242.190431347,-1.07827930565862e-05,-7.51529244103299e-05,-3.19542324706262e-06,-0.0027149692001776,9.31019753897784e-08,7.90794776053211e-05,-7.31714527174501e-06,0.00286854109020199
14340.9621357626,-1.06349013183756e-05,-7.46309031913975e-05,-3.151690994531e-06,-0.00269626584552021,9.18274215038593e-08,7.85347126024611e-05,-7.21669744979871e-06,0.00284878449565422
14440.4188366077,-1.0489036272762e-05,-7.41125678141588e-05,-3.10855546257337e-06,-0.00267769139659868,9.05702688216366e-08,7.79937019482176e-05,-7.11762858864647e-06,0.00282916396931372
14540.5652844341,-1.03451701930615e-05,-7.35978910394754e-05,-3.06600855802512e-06,-0.002659244963776,8.93302810586778e-08,7.74564197369625e-05,-7.01991975665071e-06,0.00280967857408893
14641.4062627396,-1.02032757306341e-05,-7.30868458537318e-05,-3.024042296146e-06,-0.00264092566357953,8.81072251036773e-08,7.69228402424709e-05,-6.92355228211411e-06,0.00279032737934112
14742.946588196,-1.00633259097647e-05,-7.25794054665082e-05,-2.98264879920457e-06,-0.0026227326186578,8.69008709768146e-08,7.63929379166664e-05,-6.82850774970984e-06,0.00277110946083996
14845.1911108798,-9.92529412261098e-06,-7.20755433082848e-05,-2.94182029507985e-06,-0.00260466495773757,8.57109917886279e-08,7.58666873883735e-05,-6.7347679969606e-06,0.00275202390071941
14948.1447145032,-9.78915412422057e-06,-7.15752330281776e-05,-2.90154911588052e-06,-0.0025867218155813,8.4537363699408e-08,7.53440634620807e-05,-6.64231511076627e-06,0.00273306978743396
15051.8123166476,-9.65488002761296e-06,-7.10784484917039e-05,-2.86182769658085e-06,-0.0025689023329448,8.33797658790922e-08,7.48250411167113e-05,-6.55113142397897e-06,0.00271424621571505
15156.1988689989,-9.52244629892874e-06,-7.05851637785801e-05,-2.82264857367393e-06,-0.00255120565653532,8.22379804676687e-08,7.43095955044042e-05,-6.46119951202553e-06,0.00269555228652789
15261.3093575835,-9.39182775264261e-06,-7.00953531805465e-05,-2.78400438384129e-06,-0.00253363093896983,8.11117925360723e-08,7.37977019493017e-05,-6.37250218957598e-06,0.00267698710702858
15367.1488030065,-9.26299954684128e-06,-6.96089911992239e-05,-2.74588786263927e-06,-0.00251617733873368,8.0000990047576e-08,7.32893359463487e-05,-6.28502250725823e-06,0.00265854979052146
15473.7222606918,-9.13593717856385e-06,-6.91260525439966e-05,-2.70829184320164e-06,-0.00249884402013946,7.8905363819663e-08,7.27844731600973e-05,-6.19874374841743e-06,0.00264023945641679
15581.0348211234,-9.01061647920528e-06,-6.8646512129926e-05,-2.67120925495847e-06,-0.00248163015328635,7.7824707486386e-08,7.22830894235231e-05,-6.11364942592031e-06,0.00262205523018873
15689.0916100885,-8.88701360998082e-06,-6.8170345075689e-05,-2.63463312237095e-06,-0.00246453491401949,7.67588174611948e-08,7.17851607368473e-05,-6.029723279003e-06,0.00260399624333359
15797.8977889225,-8.76510505745176e-06,-6.76975267015473e-05,-2.59855656368205e-06,-0.00244755748388991,7.57074929002396e-08,7.12906632663698e-05,-5.94694927016252e-06,0.0025860616333284
15907.4585547554,-8.64486762911062e-06,-6.72280325273398e-05,-2.56297278968287e-06,-0.00243069705011454,7.46705356661325e-08,7.07995733433078e-05,-5.86531158209067e-06,0.00256825054358967
16017.7791407599,-8.52627844902614e-06,-6.67618382705047e-05,-2.5278751024944e-06,-0.00241395280553664,7.36477502921743e-08,7.03118674626462e-05,-5.78479461465033e-06,0.0025505621234326
16128.8648164017,-8.40931495354604e-06,-6.62989198441247e-05,-2.49325689436462e-06,-0.00239732394858648,7.26389439470288e-08,6.98275222819923e-05,-5.70538298189298e-06,0.0025329955280304
16240.720887691,-8.29395488705809e-06,-6.58392533550006e-05,-2.45911164648077e-06,-0.00238080968324225,7.16439263998514e-08,6.93465146204426e-05,-5.62706150911754e-06,0.00251554991837398
16353.352697436,-8.18017629780745e-06,-6.53828151017468e-05,-2.42543292779646e-06,-0.00236440921899131,7.06625099858555e-08,6.88688214574543e-05,-5.54981522996925e-06,0.00249822446123193
16466.765625498,-8.06795753377082e-06,-6.49295815729149e-05,-2.39221439387377e-06,-0.00234812177079175,6.96945095723231e-08,6.83944199317277e-05,-5.47362938357879e-06,0.00248101832911071
16580.9650890484,-7.95727723858529e-06,-6.44795294451383e-05,-2.3594497857397e-06,-0.00233194655903408,6.87397425250421e-08,6.7923287340094e-05,-5.39848941174029e-06,0.00246393070021516
16695.9565428276,-7.84811434753265e-06,-6.40326355813037e-05,-2.32713292875742e-06,-0.00231588280950338,6.77980286751775e-08,6.74554011364139e-05,-5.32438095612854e-06,0.00244696075840928
16811.7454794054,-7.74044808357693e-06,-6.35888770287435e-05,-2.29525773151147e-06,-0.00229992975334159,6.68691902865609e-08,6.69907389304809e-05,-5.25128985555399e-06,0.00243010769317726
16928.3374294433,-7.63425795345585e-06,-6.31482310174534e-05,-2.26381818470736e-06,-0.00228408662701013,6.59530520234027e-08,6.65292784869354e-05,-5.17920214325584e-06,0.00241337069958482
17045.737961959,-7.52952374382432e-06,-6.2710674958331e-05,-2.23280836008494e-06,-0.00226835267225275,6.50494409184127e-08,6.60709977241843e-05,-5.10810404423203e-06,0.00239674897824072
17163.9526845917,-7.42622551745022e-06,-6.22761864414386e-05,-2.20222240934578e-06,-0.0022527271360587,6.41581863413341e-08,6.56158747133298e-05,-5.03798197260611e-06,0.00238024173525866
17282.9872438709,-7.32434360946098e-06,-6.18447432342858e-05,-2.17205456309397e-06,-0.00223720927062609,6.32791199678765e-08,6.51638876771047e-05,-4.96882252903008e-06,0.00236384818221936
17402.8473254854,-7.2238586236411e-06,-6.14163232801364e-05,-2.14229912979059e-06,-0.00222179833332559,6.24120757490514e-08,6.47150149888166e-05,-4.90061249812319e-06,0.00234756753613294
17523.5386545551,-7.12475142877906e-06,-6.09909046963336e-05,-2.11295049472143e-06,-0.00220649358666432,6.15568898808987e-08,6.42692351712978e-05,-4.83333884594554e-06,0.00233139901940148
17645.0669959044,-7.0270031550639e-06,-6.05684657726495e-05,-2.08400311897791e-06,-0.00219129429825007,6.07134007746056e-08,6.38265268958649e-05,-4.76698871750677e-06,0.002315341859782
17767.4381543379,-6.93059519052983e-06,-6.01489849696517e-05,-2.05545153845098e-06,-0.0021761997407557,5.98814490270072e-08,6.33868689812834e-05,-4.70154943430867e-06,0.00229939529034948
17890.6579749169,-6.83550917754928e-06,-5.97324409170934e-05,-2.02729036283803e-06,-0.00216120919188382,5.90608773914707e-08,6.29502403927424e-05,-4.63700849192176e-06,0.00228355854946035
18014.7323432395,-6.74172700937264e-06,-5.93188124123211e-05,-1.99951427466227e-06,-0.00214632193433178,5.82515307491511e-08,6.25166202408333e-05,-4.57335355759496e-06,0.00226783088071606
18139.667185721,-6.64923082671526e-06,-5.89080784187038e-05,-1.972118028305e-06,-0.00213153725575683,5.74532560806226e-08,6.20859877805393e-05,-4.51057246789832e-06,0.00225221153292701
18265.4684698776,-6.55800301438987e-06,-5.85002180640794e-05,-1.94509644904997e-06,-0.00211685444874153,5.66659024378724e-08,6.1658322410229e-05,-4.44865322639787e-06,0.00223669976007665
18392.1422046107,-6.46802619798491e-06,-5.80952106392229e-05,-1.9184444321403e-06,-0.00210227281075952,5.58893209166602e-08,6.12336036706594e-05,-4.38758400136267e-06,0.00222129482128592
18519.6944404947,-6.3792832405873e-06,-5.76930355963303e-05,-1.89215694184733e-06,-0.00208779164414134,5.51233646292328e-08,6.08118112439844e-05,-4.3273531235031e-06,0.0022059959807778
18648.1312700654,-6.29175723954978e-06,-5.72936725475238e-05,-1.86622901055157e-06,-0.0020734102560407,5.43678886773951e-08,6.03929249527714e-05,-4.26794908374047e-06,0.00219080250784227
18777.4588281112,-6.20543152330151e-06,-5.68971012633728e-05,-1.84065573783544e-06,-0.00205912795840083,5.36227501259273e-08,5.99769247590244e-05,-4.20936053100703e-06,0.00217571367680137
18907.6832919665,-6.12028964820201e-06,-5.65033016714343e-05,-1.81543228958771e-06,-0.00204494406792117,5.28878079763493e-08,5.95637907632137e-05,-4.15157627007632e-06,0.00216072876697455
19038.810881806,-6.03631539543754e-06,-5.61122538548105e-05,-1.79055389711955e-06,-0.00203085790602423,5.21629231410261e-08,5.91535032033137e-05,-4.09458525942338e-06,0.00214584706264432
19170.8478609426,-5.9534927679592e-06,-5.57239380507229e-05,-1.76601585629191e-06,-0.00201686879882273,5.14479584176074e-08,5.87460424538459e-05,-4.03837660911417e-06,0.00213106785302199
19303.8005361258,-5.87180598746269e-06,-5.53383346491051e-05,-1.7418135266543e-06,-0.00200297607708695,5.07427784638031e-08,5.83413890249299e-05,-3.98293957872415e-06,0.00211639043221384
19437.6752578439,-5.79123949140861e-06,-5.49554241912102e-05,-1.7179423305946e-06,-0.00198917907621233,5.00472497724845e-08,5.79395235613403e-05,-3.92826357528529e-06,0.00210181409918732
19572.4784206263,-5.71177793008328e-06,-5.45751873682372e-05,-1.69439775249999e-06,-0.00197547713618729,4.9361240647112e-08,5.75404268415714e-05,-3.87433815126152e-06,0.00208733815773766
19708.2164633496,-5.63340616369901e-06,-5.41976050199714e-05,-1.67117533792867e-06,-0.00196186960156124,4.86846211774816e-08,5.7144079776907e-05,-3.82115300255162e-06,0.00207296191645457
19844.8958695448,-5.55610925953391e-06,-5.38226581334424e-05,-1.64827069279239e-06,-0.00194835582141292,4.80172632157895e-08,5.6750463410498e-05,-3.76869796651996e-06,0.00205868468868925
19982.5231677076,-5.47987248911004e-06,-5.34503278415967e-05,-1.62567948254956e-06,-0.00193493514931883,4.73590403530079e-08,5.63595589164459e-05,-3.71696302005387e-06,0.00204450579252164
20121.1049316092,-5.40468132541007e-06,-5.30805954219871e-05,-1.60339743140891e-06,-0.00192160694332202,4.67098278955718e-08,5.59713475988931e-05,-3.66593827764809e-06,0.0020304245507278
20260.6477806113,-5.33052144013122e-06,-5.27134422954759e-05,-1.58142032154338e-06,-0.00190837056590097,4.60695028423669e-08,5.55858108911193e-05,-3.61561398951516e-06,0.00201644029074763
20401.1583799816,-5.2573787009768e-06,-5.23488500249548e-05,-1.55974399231442e-06,-0.0018952253839388,4.54379438620235e-08,5.52029303546448e-05,-3.56598053972208e-06,0.00200255234465274
20542.6434412127,-5.18523916898397e-06,-5.1986800314078e-05,-1.53836433950622e-06,-0.00188217076869261,4.48150312705039e-08,5.48226876783393e-05,-3.51702844435227e-06,0.00198876004911452
20685.1097223421,-5.11408909588803e-06,-5.16272750060112e-05,-1.5172773145701e-06,-0.00186920609576315,4.42006470089857e-08,5.44450646775383e-05,-3.46874834969308e-06,0.00197506274537255
20828.5640282755,-5.04391492152215e-06,-5.12702560821938e-05,-1.49647892387856e-06,-0.00185633074506454,4.35946746220347e-08,5.40700432931637e-05,-3.42113103044786e-06,0.00196145977920307
20973.0132111114,-4.9747032712525e-06,-5.0915725661117e-05,-1.4759652279893e-06,-0.00184354410079437,4.2996999236064e-08,5.36976055908532e-05,-3.37416738797291e-06,0.0019479505008878
21118.464170469,-4.90644095344797e-06,-5.05636659971135e-05,-1.45573234091864e-06,-0.00183084555140391,4.24075075380761e-08,5.33277337600934e-05,-3.32784844853835e-06,0.00193453426518286
21264.923853817,-4.83911495698431e-06,-5.02140594791635e-05,-1.4357764294246e-06,-0.00181823448956854,4.18260877546853e-08,5.29604101133609e-05,-3.28216536161313e-06,0.00192121043128803
21412.3992568061,-4.77271244878193e-06,-4.98668886297114e-05,-1.41609371229929e-06,-0.00180571031215846,4.1252629631414e-08,5.25956170852677e-05,-3.23710939817337e-06,0.0019079783628161
21560.8974236026,-4.7072207713773e-06,-4.95221361034994e-05,-1.39668045967058e-06,-0.00179327242020951,4.06870244122636e-08,5.22333372317146e-05,-3.19267194903414e-06,0.0018948374277625
21710.4254472254,-4.64262744052693e-06,-4.91797846864103e-05,-1.3775329923129e-06,-0.00178092021889426,4.01291648195531e-08,5.18735532290486e-05,-3.14884452320393e-06,0.00188178699847513
21860.9904698845,-4.57892014284428e-06,-4.88398172943265e-05,-1.35864768096714e-06,-0.00176865311749328,3.95789450340239e-08,5.1516247873228e-05,-3.10561874626197e-06,0.00186882645162439
22012.599683322,-4.51608673346825e-06,-4.85022169719995e-05,-1.34002094566941e-06,-0.0017564705293666,3.90362606752059e-08,5.11614040789916e-05,-3.06298635875753e-06,0.00185595516817341
22165.260329156,-4.45411523376368e-06,-4.81669668919341e-05,-1.32164925508868e-06,-0.00174437187192543,3.85010087820444e-08,5.08090048790356e-05,-3.02093921463154e-06,0.00184317253334849
22318.9796992262,-4.39299382905273e-06,-4.78340503532823e-05,-1.30352912587299e-06,-0.00173235656660401,3.79730877937807e-08,5.04590334231945e-05,-2.97946927965959e-06,0.00183047793660977
22473.7651359423,-4.33271086637733e-06,-4.75034507807522e-05,-1.28565712200449e-06,-0.00172042403883169,3.74523975310871e-08,5.01114729776296e-05,-2.93856862991651e-06,0.00181787077162204
22629.6240326348,-4.2732548522917e-06,-4.71751517235268e-05,-1.26802985416267e-06,-0.00170857371800519,3.69388391774484e-08,4.97663069240211e-05,-2.89822945026193e-06,0.00180535043622582
22786.5638339077,-4.21461445068511e-06,-4.6849136854196e-05,-1.25064397909628e-06,-0.00169680503746111,3.6432315260794e-08,4.9423518758768e-05,-2.85844403284667e-06,0.00179291633240858
22944.592035995,-4.15677848063392e-06,-4.65253899676992e-05,-1.23349619900326e-06,-0.00168511743444853,3.59327296353674e-08,4.90830920921918e-05,-2.81920477563966e-06,0.0017805678662762
23103.7161871177,-4.09973591428304e-06,-4.62038949802807e-05,-1.21658326091901e-06,-0.00167351035010192,3.54399874638409e-08,4.87450106477476e-05,-2.78050418097507e-06,0.00176830444802464
23263.9438878451,-4.04347587475593e-06,-4.58846359284546e-05,-1.19990195611265e-06,-0.00166198322941418,3.49539951996634e-08,4.84092582612386e-05,-2.74233485411934e-06,0.00175612549191171
23425.2827914574,-3.98798763409318e-06,-4.55675969679834e-05,-1.18344911949129e-06,-0.00165053552120982,3.44746605696439e-08,4.80758188800384e-05,-2.70468950185803e-06,0.00174403041622917
23587.7406043117,-3.93326061121887e-06,-4.52527623728649e-05,-1.16722162901212e-06,-0.00163916667811846,3.40018925567651e-08,4.77446765623168e-05,-2.66756093110189e-06,0.00173201864327489
23751.3250862094,-3.8792843699348e-06,-4.49401165343321e-05,-1.15121640510235e-06,-0.0016278761565484,3.35356013832261e-08,4.74158154762723e-05,-2.63094204751226e-06,0.00172008959932532
23916.0440507678,-3.82604861694176e-06,-4.46296439598627e-05,-1.13543041008665e-06,-0.00161666341666039,3.3075698493708e-08,4.70892198993694e-05,-2.59482585414515e-06,0.00170824271460808
24081.9053657923,-3.77354319988783e-06,-4.43213292721995e-05,-1.11986064762241e-06,-0.00160552792234167,3.26220965388638e-08,4.67648742175817e-05,-2.55920545011416e-06,0.00169647742327471
24248.9169536531,-3.72175810544307e-06,-4.40151572083808e-05,-1.10450416214222e-06,-0.0015944691411801,3.21747093590261e-08,4.64427629246394e-05,-2.52407402927152e-06,0.00168479316337371
24417.0867916629,-3.67068345740054e-06,-4.37111126187823e-05,-1.08935803830393e-06,-0.0015834865444385,3.17334519681324e-08,4.61228706212834e-05,-2.48942487890747e-06,0.00167318937682369
24586.4229124585,-3.62030951480298e-06,-4.34091804661669e-05,-1.07441940044784e-06,-0.00157257960702918,3.12982405378629e-08,4.58051820145233e-05,-2.45525137846734e-06,0.00166166550938666
24756.933404384,-3.57062667009508e-06,-4.31093458247473e-05,-1.05968541206122e-06,-0.00156174780748865,3.08689923819907e-08,4.54896819169017e-05,-2.4215469982863e-06,0.00165022101064168
24928.6264118777,-3.52162544730076e-06,-4.28115938792558e-05,-1.04515327524982e-06,-0.00155099062795249,3.04456259409385e-08,4.51763552457629e-05,-2.38830529834151e-06,0.00163885533395847
25101.5101358603,-3.47329650022536e-06,-4.25159099240255e-05,-1.03082023021648e-06,-0.00154030755413042,3.00280607665426e-08,4.48651870225273e-05,-2.35551992702139e-06,0.00162756793647135
25275.5928341276,-3.42563061068215e-06,-4.22222793620803e-05,-1.01668355474657e-06,-0.00152969807528152,2.96162175070186e-08,4.45561623719698e-05,-2.32318461991172e-06,0.00161635827905334
25450.882821744,-3.37861868674311e-06,-4.19306877042349e-05,-1.00274056370037e-06,-0.00151916168418965,2.92100178921285e-08,4.42492665215053e-05,-2.29129319859855e-06,0.00160522582629037
25627.3884714405,-3.33225176101334e-06,-4.16411205682032e-05,-9.88988608512056e-07,-0.00150869787713899,2.88093847185438e-08,4.39444848004765e-05,-2.25983956948741e-06,0.00159417004645573
25805.1182140139,-3.28652098892915e-06,-4.13535636777171e-05,-9.75425076695518e-07,-0.00149830615388986,2.84142418354058e-08,4.36418026394493e-05,-2.22881772263881e-06,0.00158319041148472
25984.08053873,-3.24141764707906e-06,-4.1068002861653e-05,-9.62047391356585e-07,-0.00148798601765456,2.80245141300771e-08,4.33412055695115e-05,-2.19822173061972e-06,0.00157228639694934
26164.2839937291,-3.19693313154789e-06,-4.07844240531686e-05,-9.48853010711843e-07,-0.00147773697507352,2.76401275140838e-08,4.30426792215763e-05,-2.1680457473708e-06,0.00156145748203334
26345.7371864336,-3.15305895628326e-06,-4.05028132888473e-05,-9.3583942761383e-07,-0.0014675585361915,2.72610089092457e-08,4.27462093256923e-05,-2.1382840070892e-06,0.00155070314950731
26528.4487839603,-3.10978675148432e-06,-4.0223156707852e-05,-9.23004169082527e-07,-0.00145745021443408,2.68870862339906e-08,4.24517817103563e-05,-2.10893082312671e-06,0.00154002288570397
26712.4275135331,-3.06710826201249e-06,-3.99454405510878e-05,-9.10344795843146e-07,-0.00144741152658419,2.65182883898534e-08,4.21593823018326e-05,-2.079980586903e-06,0.00152941618049365
26897.6821629011,-3.02501534582373e-06,-3.96696511603716e-05,-8.97858901870009e-07,-0.00143744199275886,2.6154545248153e-08,4.18689971234756e-05,-2.05142776683383e-06,0.00151888252725996
27084.2215807571,-2.98349997242233e-06,-3.93957749776121e-05,-8.85544113936578e-07,-0.00142754113638619,2.57957876368505e-08,4.15806122950583e-05,-2.02326690727397e-06,0.00150842142287554
27272.0546771616,-2.94255422133551e-06,-3.91237985439964e-05,-8.73398091171433e-07,-0.00141770848418236,2.54419473275803e-08,4.12942140321049e-05,-1.99549262747456e-06,0.00149803236767807
27461.1904239671,-2.90217028060909e-06,-3.88537084991858e-05,-8.6141852462021e-07,-0.0014079435661289,2.50929570228567e-08,4.10097886452283e-05,-1.96809962055495e-06,0.00148771486544642
27651.6378552475,-2.86234044532334e-06,-3.85854915805187e-05,-8.49603136813357e-07,-0.00139824591545009,2.47487503434505e-08,4.07273225394719e-05,-1.94108265248844e-06,0.00147746842337691
27843.4060677294,-2.82305711612936e-06,-3.83191346222225e-05,-8.37949681339704e-07,-0.00138861506859048,2.44092618159363e-08,4.04468022136564e-05,-1.91443656110215e-06,0.00146729255205982
28036.5042212264,-2.7843127978051e-06,-3.80546245546319e-05,-8.26455942425678e-07,-0.00137905056519262,2.40744268604039e-08,4.0168214259731e-05,-1.88815625509047e-06,0.00145718676545599
28230.9415390768,-2.74610009783136e-06,-3.77919484034167e-05,-8.15119734520193e-07,-0.00136955194807495,2.37441817783377e-08,3.98915453621288e-05,-1.8622367130422e-06,0.00144715058087364
28426.7273085842,-2.70841172498689e-06,-3.75310932888149e-05,-8.03938901885045e-07,-0.00136011876320976,2.34184637406557e-08,3.96167822971276e-05,-1.83667298248088e-06,0.00143718351894527
28623.8708814609,-2.67124048796288e-06,-3.72720464248761e-05,-7.92911318190834e-07,-0.00135075055970142,2.30972107759108e-08,3.93439119322139e-05,-1.81146017891843e-06,0.00142728510360482
28822.3816742749,-2.63457929399621e-06,-3.70147951187095e-05,-7.82034886118231e-07,-0.00134144688976468,2.2780361758649e-08,3.90729212254522e-05,-1.78659348492175e-06,0.00141745486206489
29022.2691688993,-2.59842114752137e-06,-3.67593267697414e-05,-7.71307536964656e-07,-0.00133220730870314,2.24678563979252e-08,3.88037972248592e-05,-1.76206814919211e-06,0.00140769232479422
29223.5429129655,-2.56275914884072e-06,-3.65056288689783e-05,-7.60727230256149e-07,-0.00132303137488791,2.21596352259719e-08,3.85365270677804e-05,-1.73787948565717e-06,0.00139799702549518
29426.2125203191,-2.52758649281297e-06,-3.62536889982789e-05,-7.50291953364504e-07,-0.00131391864973634,2.18556395870211e-08,3.82710979802734e-05,-1.71402287257555e-06,0.0013883685010816
29630.2876714792,-2.49289646755941e-06,-3.60034948296309e-05,-7.39999721129476e-07,-0.001304868697691,2.15558116262749e-08,3.80074972764937e-05,-1.6904937516536e-06,0.00137880629165659
29835.7781141006,-2.45868245318792e-06,-3.57550341244367e-05,-7.29848575486106e-07,-0.00129588108619869,2.12600942790265e-08,3.77457123580862e-05,-1.66728762717435e-06,0.00136930994049059
30042.6936634399,-2.42493792053425e-06,-3.55082947328052e-05,-7.19836585097e-07,-0.00128695538568971,2.09684312599249e-08,3.74857307135794e-05,-1.64440006513836e-06,0.00135987899399957
30251.0442028234,-2.39165642992061e-06,-3.526326459285e-05,-7.09961844989565e-07,-0.00127809116955721,2.0680767052386e-08,3.72275399177854e-05,-1.62182669241649e-06,0.00135051300172337
30460.8396841202,-2.35883162993105e-06,-3.50199317299948e-05,-7.00222476198097e-07,-0.00126928801413667,2.03970468981447e-08,3.69711276312027e-05,-1.59956319591417e-06,0.00134121151630415
30672.0901282168,-2.32645725620366e-06,-3.47782842562854e-05,-6.90616625410692e-07,-0.00126054549868558,2.01172167869484e-08,3.67164815994246e-05,-1.57760532174721e-06,0.0013319740934651
30884.8056254963,-2.29452713023916e-06,-3.45383103697078e-05,-6.81142464620875e-07,-0.00125186320536323,1.98412234463887e-08,3.64635896525498e-05,-1.55594887442891e-06,0.00132280029198915
31098.9963363199,-2.26303515822584e-06,-3.42999983535134e-05,-6.71798190783928e-07,-0.00124324071921064,1.95690143318701e-08,3.62124397045995e-05,-1.53458971606835e-06,0.00131368967369793
31314.6724915125,-2.2319753298804e-06,-3.40633365755498e-05,-6.62582025477815e-07,-0.0012346776281306,1.93005376167139e-08,3.59630197529361e-05,-1.51352376557965e-06,0.00130464180343084
31531.8443928511,-2.2013417173048e-06,-3.38283134875983e-05,-6.53492214568689e-07,-0.00122617352286793,1.90357421823952e-08,3.57153178776882e-05,-1.49274699790215e-06,0.0012956562490243
31750.5224135575,-2.17112847385848e-06,-3.35949176247176e-05,-6.44527027880864e-07,-0.00121772799698981,1.87745776089113e-08,3.54693222411774e-05,-1.47225544323121e-06,0.00128673258129103
31970.7169987928,-2.14132983304619e-06,-3.33631376045939e-05,-6.35684758871262e-07,-0.00120934064686626,1.85169941652801e-08,3.52250210873513e-05,-1.45204518625967e-06,0.00127787037399965
32192.4386661572,-2.11194010742082e-06,-3.31329621268958e-05,-6.26963724308196e-07,-0.00120101107165076,1.82629428001665e-08,3.49824027412186e-05,-1.43211236542962e-06,0.00126906920385425
32415.6980061919,-2.08295368750136e-06,-3.29043799726372e-05,-6.18362263954518e-07,-0.00119273887326103,1.80123751326353e-08,3.47414556082894e-05,-1.41245317219453e-06,0.00126032865047423
32640.5056828852,-2.05436504070551e-06,-3.26773800035441e-05,-6.09878740254991e-07,-0.0011845236563599,1.77652434430281e-08,3.45021681740183e-05,-1.39306385029147e-06,0.00125164829637417
32866.8724341813,-2.02616871029693e-06,-3.24519511614288e-05,-6.01511538027912e-07,-0.00117636502833633,1.75215006639646e-08,3.42645290032529e-05,-1.37394069502334e-06,0.00124302772694393
33094.8090724944,-1.99835931434686e-06,-3.22280824675686e-05,-5.93259064160841e-07,-0.00116826259928658,1.72811003714636e-08,3.4028526739684e-05,-1.35508005255091e-06,0.00123446653042884
33324.3264852235,-1.97093154470989e-06,-3.20057630220912e-05,-5.85119747310474e-07,-0.0011602159819955,1.70439967761855e-08,3.3794150105302e-05,-1.33647831919466e-06,0.00122596429791005
33555.4356352742,-1.94388016601372e-06,-3.17849820033649e-05,-5.77092037606513e-07,-0.00115222479191795,1.68101447147913e-08,3.35613878998549e-05,-1.31813194074613e-06,0.00121752062328494
33788.1475615808,-1.91720001466278e-06,-3.15657286673953e-05,-5.69174406359583e-07,-0.00114428864716031,1.65794996414204e-08,3.33302290003119e-05,-1.30003741178877e-06,0.00120913510324783
34022.4733796346,-1.89088599785532e-06,-3.13479923472265e-05,-5.61365345773019e-07,-0.00113640716846221,1.63520176192809e-08,3.31006623603293e-05,-1.28219127502809e-06,0.00120080733727061
34258.4242820144,-1.86493309261412e-06,-3.11317624523484e-05,-5.53663368658607e-07,-0.0011285799791783,1.61276553123559e-08,3.2872677009721e-05,-1.26459012063101e-06,0.00119253692758368
34496.0115389212,-1.83933634483023e-06,-3.09170284681087e-05,-5.46067008156102e-07,-0.00112080670526018,1.590636997722e-08,3.26462620539324e-05,-1.24723058557432e-06,0.00118432347915694
34735.2464987164,-1.81409086831994e-06,-3.07037799551314e-05,-5.38574817456572e-07,-0.00111308697523847,1.5688119454968e-08,3.24214066735178e-05,-1.23010935300202e-06,0.00117616659968091
34976.1405884643,-1.78919184389455e-06,-3.04920065487389e-05,-5.31185369529441e-07,-0.00110542042020497,1.5472862163251e-08,3.21981001236215e-05,-1.21322315159151e-06,0.001168065899548
35218.7053144771,-1.76463451844286e-06,-3.02816979583811e-05,-5.23897256853251e-07,-0.001097806673795,1.52605570884217e-08,3.19763317334632e-05,-1.19656875492854e-06,0.00116002099183391
35462.9522628655,-1.7404142040262e-06,-3.00728439670674e-05,-5.1670909115002e-07,-0.00109024537216977,1.50511637777846e-08,3.17560909058254e-05,-1.18014298089062e-06,0.00115203149227915
35708.8931000911,-1.71652627698588e-06,-2.98654344308065e-05,-5.09619503123225e-07,-0.00108273615399899,1.48446423319526e-08,3.15373671165462e-05,-1.16394269103902e-06,0.00114409701927068
35956.5395735246,-1.69296617706267e-06,-2.96594592780483e-05,-5.0262714219929e-07,-0.00107527866044349,1.46409533973049e-08,3.13201499140141e-05,-1.14796479001903e-06,0.00113621719382369
36205.9035120061,-1.66972940652858e-06,-2.9454908509133e-05,-4.95730676272597e-07,-0.00106787253513806,1.44400581585492e-08,3.11044289186673e-05,-1.13220622496851e-06,0.00112839163956349
36456.9968264106,-1.64681152933023e-06,-2.92517721957442e-05,-4.88928791453916e-07,-0.0010605174241743,1.42419183313825e-08,3.08901938224961e-05,-1.11666398493451e-06,0.00112061998270756
36709.831510217,-1.6242081702441e-06,-2.90500404803662e-05,-4.82220191822248e-07,-0.0010532129760837,1.40464961552527e-08,3.06774343885486e-05,-1.10133510029794e-06,0.00111290185204767
36964.4196400802,-1.60191501404329e-06,-2.88497035757476e-05,-4.75603599180033e-07,-0.00104595884182079,1.38537543862181e-08,3.04661404504403e-05,-1.08621664220615e-06,0.00110523687893218
37220.7733764093,-1.57992780467564e-06,-2.8650751764368e-05,-4.69077752811637e-07,-0.00103875467474634,1.3663656289902e-08,3.02563019118665e-05,-1.07130572201323e-06,0.00109762469724839
37478.9049639467,-1.55824234445312e-06,-2.84531753979107e-05,-4.62641409245144e-07,-0.00103160013061082,1.34761656345452e-08,3.00479087461186e-05,-1.05659949072806e-06,0.00109006494340511
37738.8267323548,-1.53685449325225e-06,-2.82569648967388e-05,-4.56293342017335e-07,-0.00102449486753784,1.32912466841505e-08,2.98409509956033e-05,-1.04209513846993e-06,0.00108255725631526
38000.5510968034,-1.51576016772552e-06,-2.80621107493773e-05,-4.50032341441875e-07,-0.00101743854600779,1.31088641917212e-08,2.96354187713661e-05,-1.02778989393161e-06,0.00107510127737862
38264.0905585636,-1.49495534052355e-06,-2.78686035119979e-05,-4.43857214380611e-07,-0.00101043082884156,1.29289833925907e-08,2.94313022526164e-05,-1.0136810238498e-06,0.00106769665046473
38529.4577056047,-1.4744360395279e-06,-2.767643380791e-05,-4.37766784017991e-07,-0.00100347138118436,1.27515699978433e-08,2.92285916862576e-05,-9.99765832482852e-07,0.00106034302189586
38796.6652131954,-1.45419834709433e-06,-2.74855923270552e-05,-4.31759889638517e-07,-0.000996559870489682,1.25765901878229e-08,2.90272773864195e-05,-9.86041661095677e-07,0.00105304004043012
39065.7258445091,-1.43423839930649e-06,-2.7296069825506e-05,-4.25835386407227e-07,-0.000989695966503369,1.2404010605731e-08,2.88273497339943e-05,-9.72505887451704e-07,0.00104578735724471
39336.6524512341,-1.41455238523971e-06,-2.71078571249696e-05,-4.19992145153128e-07,-0.000982879341247766,1.22337983513105e-08,2.86287991761756e-05,-9.59155925311808e-07,0.00103858462591923
39609.4579741865,-1.395136546235e-06,-2.6920945112295e-05,-4.14229052155595e-07,-0.000976109669006026,1.20659209746162e-08,2.84316162260007e-05,-9.45989223940156e-07,0.00103143150241913
39884.1554439296,-1.37598717518279e-06,-2.67353247389852e-05,-4.08545008933628e-07,-0.000969386626306474,1.19003464698686e-08,2.82357914618963e-05,-9.3300326761678e-07,0.00102432764507931
40160.7579813948,-1.35710061581668e-06,-2.65509870207131e-05,-4.02938932037999e-07,-0.000962709891907129,1.17370432693922e-08,2.80413155272269e-05,-9.20195575156907e-07,0.0010172727145878
40439.2787985098,-1.33847326201664e-06,-2.63679230368415e-05,-3.97409752846179e-07,-0.000956079146780293,1.15759802376351e-08,2.78481791298465e-05,-9.07563699436817e-07,0.00101026637396952
40719.7311988284,-1.32010155712192e-06,-2.61861239299473e-05,-3.91956417360087e-07,-0.000949494074097277,1.1417126665271e-08,2.76563730416541e-05,-8.95105226926287e-07,0.0010033082885702
41002.1285781671,-1.30198199325326e-06,-2.60055809053499e-05,-3.86577886006541e-07,-0.000942954359213207,1.12604522633795e-08,2.74658880981506e-05,-8.82817777227375e-07,0.000996398126040433
41286.4844252437,-1.28411111064436e-06,-2.58262852306433e-05,-3.81273133440447e-07,-0.000936459689651962,1.11059271577075e-08,2.72767151980008e-05,-8.70699002619613e-07,0.000989535556319754
41572.812322323,-1.26648549698259e-06,-2.56482282352322e-05,-3.76041148350628e-07,-0.00093000975509119,1.09535218830063e-08,2.70888453025968e-05,-8.58746587611374e-07,0.000982720251620896
41861.1259458642,-1.2491017867586e-06,-2.54714013098724e-05,-3.7088093326832e-07,-0.000923604247347453,1.08032073774478e-08,2.69022694356257e-05,-8.4695824849746e-07,0.000975951886414142
42151.4390671752,-1.23195666062495e-06,-2.52957959062143e-05,-3.65791504378233e-07,-0.000917242860361449,1.06549549771146e-08,2.6716978682639e-05,-8.35331732922708e-07,0.000969230137411759
42443.7655530697,-1.2150468447634e-06,-2.51214035363512e-05,-3.60771891332202e-07,-0.000910925290183367,1.05087364105666e-08,2.65329641906263e-05,-8.23864819451638e-07,0.000962554683552578
42738.1193665299,-1.19836911026094e-06,-2.49482157723703e-05,-3.55821137065348e-07,-0.000904651234958306,1.03645237934799e-08,2.63502171675907e-05,-8.12555317143961e-07,0.000955925205986642
43034.5145673733,-1.18192027249433e-06,-2.47762242459088e-05,-3.50938297614748e-07,-0.000898420394911839,1.022228962336e-08,2.61687288821284e-05,-8.01401065135969e-07,0.000949341388059994
43332.9653129246,-1.16569719052305e-06,-2.4605420647712e-05,-3.46122441940557e-07,-0.000892232472335631,1.00820067743256e-08,2.598849066301e-05,-7.90399932227607e-07,0.000942802915299537
43633.4858586911,-1.14969676649058e-06,-2.44357967271968e-05,-3.4137265174957e-07,-0.000886087171573198,9.94364849196422e-09,2.58094938987658e-05,-7.79549816475281e-07,0.000936309475398027
43936.0905590448,-1.13391594503388e-06,-2.42673442920174e-05,-3.3668802132116e-07,-0.000879984199005733,9.80718838825703e-09,2.56317300372729e-05,-7.688486447902e-07,0.000929860758199151
44240.7938679069,-1.11835171270089e-06,-2.41000552076358e-05,-3.32067657335611e-07,-0.000873923263038055,9.67260043657346e-09,2.54551905853462e-05,-7.58294372542274e-07,0.000923456455682717
44547.6103394389,-1.10300109737609e-06,-2.39339213968949e-05,-3.27510678704746e-07,-0.000867904074084629,9.53985896673308e-09,2.52798671083315e-05,-7.47884983169417e-07,0.000917096261949938
44856.5546287376,-1.08786116771387e-06,-2.37689348395956e-05,-3.23016216404892e-07,-0.000861926344555715,9.40893866013526e-09,2.51057512297016e-05,-7.37618487792248e-07,0.000910779873208829
45167.641492535,-1.07292903257965e-06,-2.36050875720771e-05,-3.18583413312084e-07,-0.00085598978884358,9.27981454495454e-09,2.49328346306553e-05,-7.27492924834039e-07,0.000904506987759689
45480.8857899031,-1.0582018404987e-06,-2.34423716868014e-05,-3.14211424039532e-07,-0.000850094123308833,9.15246199140203e-09,2.47611090497194e-05,-7.1750635964593e-07,0.000898277305980698
45796.3024829641,-1.04367677911243e-06,-2.32807793319399e-05,-3.09899414777282e-07,-0.000844239066266832,9.02685670705039e-09,2.45905662823525e-05,-7.07656884137239e-07,0.000892090530313604
46113.9066376045,-1.02935107464222e-06,-2.31203027109647e-05,-3.05646563134065e-07,-0.000838424337974207,8.9029747322234e-09,2.44211981805532e-05,-6.97942616410896e-07,0.000885946365249516
46433.713424195,-1.01522199136045e-06,-2.29609340822422e-05,-3.01452057981291e-07,-0.000832649660615454,8.78079243544739e-09,2.42529966524691e-05,-6.88361700403835e-07,0.000879844517314778
46755.7381183149,-1.00128683106898e-06,-2.2802665758631e-05,-2.97315099299167e-07,-0.000826914758289643,8.66028650896526e-09,2.40859536620101e-05,-6.78912305532369e-07,0.000873784695056968
47079.9961014825,-9.87542932584511e-07,-2.26454901070819e-05,-2.93234898024906e-07,-0.000821219356997199,8.54143396431099e-09,2.39200612284632e-05,-6.69592626342385e-07,0.000867766609030965
47406.5028618884,-9.7398767123124e-07,-2.24893995482426e-05,-2.89210675903009e-07,-0.000815563184626794,8.42421212794503e-09,2.37553114261112e-05,-6.60400882164394e-07,0.000861789971785135
47735.2739951367,-9.60618458340276e-07,-2.23343865560639e-05,-2.8524166533756e-07,-0.000809945970942307,8.30859863694831e-09,2.35916963838524e-05,-6.51335316773263e-07,0.00085585449784759
48066.3252049891,-9.47432740756036e-07,-2.21804436574107e-05,-2.81327109246566e-07,-0.000804367447569899,8.19457143477579e-09,2.34292082848247e-05,-6.42394198052671e-07,0.000849959903712569
48399.6723041153,-9.34428000349302e-07,-2.20275634316751e-05,-2.77466260918243e-07,-0.000798827347985155,8.08210876706695e-09,2.32678393660308e-05,-6.33575817664118e-07,0.00084410590782688
48735.331214848,-9.21601753537037e-07,-2.18757385103931e-05,-2.73658383869287e-07,-0.000793325407500331,7.97118917751417e-09,2.31075819179674e-05,-6.24878490720532e-07,0.000838292230576468
49073.317969944,-9.08951550808688e-07,-2.17249615768639e-05,-2.69902751705048e-07,-0.000787861363251681,7.86179150378656e-09,2.29484282842552e-05,-6.16300555464307e-07,0.000832518594273047
49413.6487133493,-8.96474976259058e-07,-2.15752253657731e-05,-2.66198647981632e-07,-0.000782434954186876,7.7538948735101e-09,2.27903708612735e-05,-6.07840372949803e-07,0.00082678472314085
49756.3397009709,-8.84169647127506e-07,-2.14265226628179e-05,-2.62545366069862e-07,-0.000777045921052503,7.64747870030192e-09,2.26334020977955e-05,-5.9949632673017e-07,0.000821090343303446
50101.4073014524,-8.72033213343513e-07,-2.12788463043364e-05,-2.58942209021096e-07,-0.000771694006381666,7.54252267985907e-09,2.24775144946277e-05,-5.91266822548503e-07,0.000815435182770667
50448.8679969571,-8.60063357078425e-07,-2.11321891769385e-05,-2.55388489434879e-07,-0.000766378954481649,7.43900678610018e-09,2.23227006042502e-05,-5.83150288033206e-07,0.000809818971425611
50798.7383839539,-8.48257792303382e-07,-2.09865442171412e-05,-2.51883529328385e-07,-0.00076110051142169,7.33691126736014e-09,2.21689530304609e-05,-5.75145172397568e-07,0.00080424144101175
51151.0351740109,-8.36614264353252e-07,-2.08419044110059e-05,-2.48426660007648e-07,-0.000755858425020819,7.23621664263621e-09,2.20162644280212e-05,-5.67249946143437e-07,0.000798702325120107
51505.7751945938,-8.25130549496577e-07,-2.06982627937785e-05,-2.45017221940539e-07,-0.00075065244483579,7.13690369788557e-09,2.18646275023049e-05,-5.59463100768979e-07,0.000793201359176536
51862.9753898685,-8.13804454511406e-07,-2.05556124495332e-05,-2.41654564631485e-07,-0.000745482322149104,7.03895348237343e-09,2.1714035008949e-05,-5.51783148480449e-07,0.000787738280429089
52222.6528215118,-8.02633816266899e-07,-2.0413946510818e-05,-2.3833804649787e-07,-0.000740347809957089,6.94234730507048e-09,2.15644797535065e-05,-5.44208621907899e-07,0.00078231282793546
52584.8246695256,-7.91616501310725e-07,-2.02732581583042e-05,-2.35067034748155e-07,-0.000735248662958097,6.84706673110001e-09,2.14159545911033e-05,-5.36738073824826e-07,0.00077692474255053
52949.5082330576,-7.80750405462048e-07,-2.01335406204375e-05,-2.31840905261628e-07,-0.000730184637540751,6.75309357823301e-09,2.12684524260953e-05,-5.29370076871623e-07,0.000771573766913979
53316.7209312277,-7.70033453410146e-07,-1.99947871730927e-05,-2.2865904246981e-07,-0.000725155491772297,6.66040991343146e-09,2.11219662117295e-05,-5.22103223282868e-07,0.000766259645438005
53686.4803039601,-7.59463598318477e-07,-1.98569911392306e-05,-2.25520839239468e-07,-0.000720160985387018,6.56899804943845e-09,2.09764889498063e-05,-5.14936124618326e-07,0.000760982124295106
54058.8040128205,-7.49038821434216e-07,-1.97201458885584e-05,-2.22425696757234e-07,-0.000715200879774749,6.478840541415e-09,2.08320136903456e-05,-5.07867411497668e-07,0.000755740951405968
54433.709841861,-7.38757131703099e-07,-1.95842448371911e-05,-2.19373024415781e-07,-0.000710274937969444,6.38992018362261e-09,2.06885335312533e-05,-5.00895733338809e-07,0.000750535876427413
54811.215698468,-7.28616565389586e-07,-1.94492814473179e-05,-2.16362239701567e-07,-0.000705382924637853,6.30222000615129e-09,2.05460416179916e-05,-4.94019758099864e-07,0.000745366650740454
55191.3396142186,-7.18615185702181e-07,-1.93152492268687e-05,-2.13392768084096e-07,-0.000700524606068248,6.21572327169193e-09,2.0404531143251e-05,-4.87238172024614e-07,0.000740233027438409
55574.0997457415,-7.08751082423938e-07,-1.91821417291855e-05,-2.10464042906699e-07,-0.000695699750159251,6.13041347235303e-09,2.02639953466248e-05,-4.80549679391504e-07,0.000735134761315119
55959.5143755845,-6.99022371547976e-07,-1.90499525526947e-05,-2.07575505278795e-07,-0.000690908126408721,6.04627432652052e-09,2.01244275142853e-05,-4.7395300226605e-07,0.000730071608853226
56347.6019130871,-6.89427194918039e-07,-1.89186753405826e-05,-2.04726603969636e-07,-0.000686149505902735,5.96328977576085e-09,1.99858209786629e-05,-4.67446880256678e-07,0.00072504332821255
56738.380895261,-6.79963719873936e-07,-1.87883037804738e-05,-2.01916795303481e-07,-0.000681423661304623,5.88144398176584e-09,1.98481691181272e-05,-4.61030070273883e-07,0.000720049679218534
57131.8699876742,-6.70630138901879e-07,-1.86588316041109e-05,-1.99145543056219e-07,-0.000676730366844107,5.8007213233398e-09,1.97114653566702e-05,-4.54701346292727e-07,0.000715090423350776
57528.0879853436,-6.61424669289574e-07,-1.85302525870384e-05,-1.96412318353387e-07,-0.000672069398306484,5.7211063934272e-09,1.95757031635914e-05,-4.48459499118566e-07,0.00071016532373163
57927.053813632,-6.52345552786078e-07,-1.84025605482873e-05,-1.93716599569595e-07,-0.000667440533021913,5.64258399618143e-09,1.94408760531861e-05,-4.42303336156022e-07,0.000705274145114901
58328.7865291527,-6.43391055266278e-07,-1.82757493500633e-05,-1.91057872229305e-07,-0.000662843549854753,5.56513914407315e-09,1.93069775844344e-05,-4.36231681181098e-07,0.000700416653874601
58733.3053206791,-6.34559466400009e-07,-1.81498128974373e-05,-1.88435628908982e-07,-0.000658278229192993,5.48875705503848e-09,1.91740013606939e-05,-4.30243374116454e-07,0.000695592617993799
59140.6295100621,-6.2584909932566e-07,-1.80247451380374e-05,-1.85849369140563e-07,-0.000653744352937733,5.41342314966578e-09,1.90419410293929e-05,-4.2433727080973e-07,0.000690801807053527
59550.7785531519,-6.17258290328301e-07,-1.79005400617445e-05,-1.83298599316262e-07,-0.00064924170449277,5.33912304842125e-09,1.89107902817274e-05,-4.18512242814951e-07,0.00068604399222179
59963.7720407286,-6.08785398522179e-07,-1.77771917003892e-05,-1.80782832594654e-07,-0.000644770068754216,5.26584256891194e-09,1.87805428523587e-05,-4.12767177176899e-07,0.000681318946242619
60379.6296994364,-6.00428805537602e-07,-1.7654694127452e-05,-1.78301588808061e-07,-0.000640329232100227,5.19356772318663e-09,1.8651192519114e-05,-4.07100976218473e-07,0.000676626443425236
60798.3713927276,-5.92186915212078e-07,-1.75330414577646e-05,-1.75854394371186e-07,-0.000635918982380771,5.12228471507314e-09,1.85227331026889e-05,-4.01512557330946e-07,0.000671966259633255
61220.0171218097,-5.84058153285729e-07,-1.74122278472147e-05,-1.73440782191003e-07,-0.000631539108907491,5.05197993755237e-09,1.83951584663518e-05,-3.96000852767119e-07,0.000667338172273992
61644.5870266023,-5.76040967100831e-07,-1.72922474924522e-05,-1.71060291577875e-07,-0.000627189402443616,4.9826399701679e-09,1.82684625156502e-05,-3.90564809437296e-07,0.000662741960287822
62072.1013866976,-5.68133825305524e-07,-1.71730946305984e-05,-1.68712468157887e-07,-0.000622869655193967,4.91425157647128e-09,1.81426391981195e-05,-3.85203388708085e-07,0.000658177404137632
62502.5806223305,-5.60335217561534e-07,-1.70547635389561e-05,-1.6639686378637e-07,-0.000618579660795004,4.84680170150189e-09,1.80176825029936e-05,-3.79915566203931e-07,0.000653644285798321
62936.0452953524,-5.52643654255944e-07,-1.6937248534724e-05,-1.64113036462619e-07,-0.000614319214304969,4.78027746930158e-09,1.78935864609171e-05,-3.74700331611404e-07,0.000649142388746403
63372.5161102152,-5.45057666216882e-07,-1.68205439747108e-05,-1.61860550245759e-07,-0.000610088112194069,4.71466618046297e-09,1.77703451436602e-05,-3.69556688486142e-07,0.000644671497949649
63812.0139149584,-5.37575804433131e-07,-1.67046442550537e-05,-1.59638975171774e-07,-0.00060588615233476,4.64995530971146e-09,1.76479526638348e-05,-3.64483654062479e-07,0.000640231399856829
64254.5597022062,-5.30196639777561e-07,-1.65895438109376e-05,-1.57447887171659e-07,-0.000601713133992061,4.58613250352011e-09,1.75264031746135e-05,-3.59480259065653e-07,0.000635821882387503
64700.1746101695,-5.22918762734379e-07,-1.6475237116317e-05,-1.55286867990701e-07,-0.000597568857813972,4.52318557775737e-09,1.74056908694496e-05,-3.54545547526621e-07,0.000631442734921902
65148.8799236562,-5.15740783130084e-07,-1.63617186836397e-05,-1.5315550510885e-07,-0.000593453125821922,4.46110251536657e-09,1.72858099817994e-05,-3.49678576599388e-07,0.000627093748290852
65600.697075087,-5.08661329868147e-07,-1.62489830635733e-05,-1.51053391662189e-07,-0.000589365741401318,4.39987146407758e-09,1.71667547848467e-05,-3.44878416380874e-07,0.000622774714765803
66055.6476455202,-5.01679050667291e-07,-1.61370248447327e-05,-1.48980126365467e-07,-0.000585306509292129,4.33948073414932e-09,1.70485195912289e-05,-3.40144149733224e-07,0.000618485428048891
66513.7533656814,-4.94792611803397e-07,-1.60258386534106e-05,-1.46935313435704e-07,-0.000581275235579556,4.27991879614348e-09,1.6931098752765e-05,-3.35474872108585e-07,0.000614225683263093
66975.0361170023,-4.8800069785491e-07,-1.59154191533092e-05,-1.44918562516822e-07,-0.000577271727684754,4.22117427872843e-09,1.68144866601854e-05,-3.30869691376262e-07,0.000609995276942438
67439.5179326655,-4.81302011451775e-07,-1.5805761045275e-05,-1.42929488605323e-07,-0.000573295794355628,4.16323596651332e-09,1.66986777428639e-05,-3.26327727652271e-07,0.000605794007022294
67907.2209986571,-4.74695273027772e-07,-1.56968590670344e-05,-1.40967711976969e-07,-0.00056934724565768,4.10609279791162e-09,1.65836664685512e-05,-3.21848113131212e-07,0.000601621672829707
68378.167654826,-4.6817922057629e-07,-1.55887079929321e-05,-1.39032858114476e-07,-0.000565425892964936,4.04973386303408e-09,1.64694473431105e-05,-3.17429991920465e-07,0.000597478075073826
68852.3803959518,-4.61752609409411e-07,-1.5481302633671e-05,-1.37124557636186e-07,-0.000561531548950916,3.99414840161029e-09,1.63560149102548e-05,-3.13072519876653e-07,0.000593363015836379
69329.8818728181,-4.5541421192033e-07,-1.53746378360547e-05,-1.3524244622572e-07,-0.000557664027579685,3.93932580093883e-09,1.62433637512857e-05,-3.08774864444354e-07,0.000589276298562222
69810.6948932956,-4.49162817349002e-07,-1.52687084827308e-05,-1.33386164562592e-07,-0.000553823144096951,3.88525559386535e-09,1.61314884848349e-05,-3.04536204497024e-07,0.000585217728049948
70294.8424234306,-4.42997231551033e-07,-1.51635094919375e-05,-1.31555358253768e-07,-0.000550008715021237,3.83192745678834e-09,1.60203837666064e-05,-3.00355730180109e-07,0.000581187110442568
70782.3475885425,-4.36916276769708e-07,-1.50590358172509e-05,-1.29749677766165e-07,-0.000546220558135099,3.77933120769214e-09,1.59100442891211e-05,-2.96232642756303e-07,0.000577184253218246
71273.2336743282,-4.30918791411175e-07,-1.49552824473349e-05,-1.27968778360072e-07,-0.000542458492476424,3.72745680420693e-09,1.58004647814634e-05,-2.92166154452942e-07,0.00057320896518111
71767.5241279742,-4.25003629822685e-07,-1.48522444056927e-05,-1.26212320023477e-07,-0.000538722338329769,3.67629434169516e-09,1.56916400090286e-05,-2.8815548831148e-07,0.000569261056452113
72265.2425592773,-4.19169662073893e-07,-1.47499167504201e-05,-1.24479967407297e-07,-0.00053501191721777,3.62583405136418e-09,1.55835647732731e-05,-2.84199878039035e-07,0.00056534033845997
72766.4127417709,-4.13415773741153e-07,-1.4648294573961e-05,-1.22771389761494e-07,-0.000531327051892613,3.57606629840481e-09,1.54762339114658e-05,-2.80298567861987e-07,0.000561446623932147
73271.058613862,-4.07740865694753e-07,-1.4547373002864e-05,-1.21086260872057e-07,-0.000527667566327552,3.52698158015512e-09,1.5369642296441e-05,-2.76450812381557e-07,0.000557579726885917
73779.2042799737,-4.02143853889104e-07,-1.44471471975419e-05,-1.19424258998858e-07,-0.000524033285708502,3.47857052428959e-09,1.52637848363537e-05,-2.72655876431402e-07,0.00055373946261948
74290.8740116972,-3.96623669155763e-07,-1.43476123520315e-05,-1.17785066814345e-07,-0.00052042403642567,3.43082388703287e-09,1.51586564744359e-05,-2.68913034937134e-07,0.000549925647703135
74806.0922489501,-3.91179256999333e-07,-1.4248763693757e-05,-1.16168371343086e-07,-0.000516839646065266,3.38373255139812e-09,1.50542521887548e-05,-2.65221572777797e-07,0.000546138099970525
75324.8836011454,-3.8580957739613e-07,-1.41505964832932e-05,-1.14573863902127e-07,-0.000513279943401249,3.33728752544924e-09,1.49505669919729e-05,-2.61580784649213e-07,0.00054237663850993
75847.2728483651,-3.80513604595639e-07,-1.40531060141322e-05,-1.13001240042175e-07,-0.000509744758387153,3.29147994058718e-09,1.48475959311097e-05,-2.57989974929239e-07,0.000538641083655633
76373.2849425456,-3.75290326924668e-07,-1.39562876124505e-05,-1.11450199489586e-07,-0.000506233922147943,3.24630104985937e-09,1.47453340873044e-05,-2.54448457544843e-07,0.000534931256979331
76902.9450086679,-3.70138746594208e-07,-1.38601366368788e-05,-1.09920446089138e-07,-0.000502747266971956,3.20174222629258e-09,1.46437765755815e-05,-2.50955555841026e-07,0.000531246981281621
77436.2783459591,-3.65057879508926e-07,-1.37646484782727e-05,-1.08411687747596e-07,-0.000499284626302871,3.15779496124837e-09,1.45429185446165e-05,-2.4751060245153e-07,0.000527588080583525
77973.3104290997,-3.60046755079281e-07,-1.36698185594857e-05,-1.06923636378045e-07,-0.000495845834731756,3.11445086280119e-09,1.44427551765047e-05,-2.44112939171332e-07,0.000523954380118099
78514.0669094413,-3.55104416036211e-07,-1.35756423351436e-05,-1.05456007844984e-07,-0.000492430727989153,3.07170165413858e-09,1.43432816865303e-05,-2.40761916830875e-07,0.000520345706322069
79058.5736162311,-3.50229918248368e-07,-1.34821152914205e-05,-1.04008521910171e-07,-0.000489039142937232,3.02953917198334e-09,1.42444933229383e-05,-2.37456895172043e-07,0.000516761886827559
79606.8565578463,-3.45422330541847e-07,-1.33892329458165e-05,-1.02580902179215e-07,-0.000485670917561982,2.98795536503727e-09,1.41463853667067e-05,-2.34197242725818e-07,0.00051320275045384
80158.9419230357,-3.40680734522405e-07,-1.32969908469373e-05,-1.01172876048888e-07,-0.00048232589096548,2.94694229244618e-09,1.40489531313213e-05,-2.30982336691638e-07,0.00050966812719917
80714.8560821713,-3.36004224400099e-07,-1.3205384574275e-05,-9.9784174655169e-08,-0.000479003903358186,2.90649212228594e-09,1.39521919625518e-05,-2.2781156281839e-07,0.00050615784823266
81274.6255885071,-3.3139190681635e-07,-1.31144097379907e-05,-9.841453282199e-08,-0.000475704796051314,2.86659713006929e-09,1.38560972382289e-05,-2.24684315287056e-07,0.000502671745886223
81838.2771794484,-3.26842900673354e-07,-1.30240619786986e-05,-9.70636890106902e-08,-0.000472428411449241,2.82724969727297e-09,1.37606643680239e-05,-2.21599996594956e-07,0.000499209653646554
82405.8377778279,-3.22356336965862e-07,-1.29343369672523e-05,-9.57313852701591e-08,-0.000469174593041976,2.78844230988521e-09,1.36658887932287e-05,-2.18558017441587e-07,0.000495771406147184
82977.3344931927,-3.17931358615237e-07,-1.28452304045312e-05,-9.44173671876595e-08,-0.000465943185397676,2.75016755697288e-09,1.35717659865384e-05,-2.15557796616026e-07,0.000492356839160578
83552.7946230977,-3.13567120305813e-07,-1.27567380212304e-05,-9.31213838403297e-08,-0.000462734034155221,2.71241812926845e-09,1.34782914518347e-05,-2.12598760885882e-07,0.000488965789590296
84132.2456544116,-3.09262788323478e-07,-1.26688555776503e-05,-9.1843187747342e-08,-0.000459546986016828,2.67518681777612e-09,1.3385460723971e-05,-2.0968034488777e-07,0.000485598095463193
84715.7152646274,-3.05017540396491e-07,-1.25815788634892e-05,-9.05825348227241e-08,-0.000456381888740733,2.63846651239727e-09,1.32932693685588e-05,-2.06801991019287e-07,0.000482253595921693
85303.2313231867,-3.00830565538458e-07,-1.24949036976363e-05,-8.93391843288178e-08,-0.000453238591133904,2.60225020057441e-09,1.32017129817563e-05,-2.03963149332475e-07,0.0004789321312161
85894.8218928089,-2.9670106389349e-07,-1.24088259279671e-05,-8.81128988303842e-08,-0.000450116943044821,2.56653096595405e-09,1.31107871900572e-05,-2.01163277428745e-07,0.000475633542696969
86490.5152308334,-2.92628246583458e-07,-1.23233414311393e-05,-8.69034441493267e-08,-0.000447016795356294,2.53130198706755e-09,1.30204876500821e-05,-1.98401840355242e-07,0.000472357672807528
87090.3397905676,-2.88611335557364e-07,-1.22384461123916e-05,-8.57105893200438e-08,-0.000443937999978342,2.49655653603033e-09,1.2930810048371e-05,-1.95678310502633e-07,0.000469104365076155
87694.3242226474,-2.84649563442763e-07,-1.21541359053423e-05,-8.45341065453857e-08,-0.000440880409841106,2.46228797725864e-09,1.28417501011768e-05,-1.92992167504298e-07,0.000465873464108898
88302.4973764047,-2.80742173399237e-07,-1.20704067717909e-05,-8.33737711532194e-08,-0.000437843878887828,2.42848976620409e-09,1.27533035542607e-05,-1.9034289813691e-07,0.000462664815582062
88914.8883012464,-2.76888418973863e-07,-1.19872547015196e-05,-8.22293615535832e-08,-0.000434828262067862,2.39515544810539e-09,1.26654661826889e-05,-1.8772999622237e-07,0.000459478266234827
89531.5262480405,-2.73087563958682e-07,-1.1904675712098e-05,-8.11006591964327e-08,-0.000431833415329749,2.36227865675726e-09,1.25782337906308e-05,-1.85152962531098e-07,0.00045631366386194
90152.440670515,-2.69338882250104e-07,-1.18226658486877e-05,-7.99874485299619e-08,-0.000428859195614323,2.32985311329618e-09,1.24916022111582e-05,-1.82611304686642e-07,0.000453170857306432
90777.661226663,-2.65641657710258e-07,-1.1741221183849e-05,-7.88895169594981e-08,-0.000425905460847884,2.29787262500272e-09,1.24055673060463e-05,-1.80104537071609e-07,0.00045004969645241
91407.217780161,-2.6199518403023e-07,-1.16603378173491e-05,-7.78066548069554e-08,-0.000422972069935396,2.26633108412035e-09,1.2320124965576e-05,-1.77632180734872e-07,0.000446950032217877
92041.1404017939,-2.58398764595194e-07,-1.15800118759712e-05,-7.67386552708487e-08,-0.000420058882753753,2.23522246669043e-09,1.22352711083372e-05,-1.75193763300066e-07,0.00044387171654762
92679.4593708925,-2.54851712351372e-07,-1.15002395133255e-05,-7.56853143868499e-08,-0.000417165760145076,2.20454083140303e-09,1.2151001681034e-05,-1.72788818875328e-07,0.00044081460240613
93322.2051767786,-2.51353349674838e-07,-1.14210169096613e-05,-7.46464309888896e-08,-0.000414292563910066,2.1742803184637e-09,1.20673126582912e-05,-1.70416887964285e-07,0.000437778543770587
93969.4085202226,-2.47903008242111e-07,-1.13423402716804e-05,-7.36218066707869e-08,-0.000411439156801395,2.14443514847555e-09,1.19842000424613e-05,-1.68077517378254e-07,0.000434763395623877
94621.1003149089,-2.44500028902528e-07,-1.12642058323522e-05,-7.2611245748408e-08,-0.00040860540251715,2.11499962133684e-09,1.1901659863434e-05,-1.65770260149663e-07,0.000431769013947674
95277.3116889132,-2.41143761552361e-07,-1.11866098507294e-05,-7.16145552223399e-08,-0.000405791165694315,2.08596811515346e-09,1.1819688178446e-05,-1.6349467544664e-07,0.000428795255715552
95938.0739861886,-2.37833565010674e-07,-1.11095486117662e-05,-7.06315447410797e-08,-0.000402996311902307,2.05733508516653e-09,1.17382810718932e-05,-1.61250328488793e-07,0.000425841978886164
96603.4187680637,-2.34568806896866e-07,-1.10330184261363e-05,-6.96620265647234e-08,-0.000400220707636546,2.02909506269454e-09,1.16574346551429e-05,-1.59036790464135e-07,0.000422909042396447
97273.3778147489,-2.31348863509914e-07,-1.09570156300539e-05,-6.87058155291564e-08,-0.000397464220312078,2.00124265409003e-09,1.15771450663485e-05,-1.56853638447155e-07,0.000419996306154892
97947.983126856,-2.28173119709249e-07,-1.08815365850944e-05,-6.77627290107301e-08,-0.000394726718257235,1.97377253971057e-09,1.14974084702646e-05,-1.54700455318007e-07,0.000417103631034847
98627.2669269249,-2.25040968797291e-07,-1.08065776780174e-05,-6.68325868914265e-08,-0.000392008070707349,1.94667947290383e-09,1.14182210580639e-05,-1.52576829682821e-07,0.000414230878867878
99311.2616609643,-2.21951812403575e-07,-1.07321353205909e-05,-6.59152115244971e-08,-0.000389308147798493,1.91995827900656e-09,1.13395790471551e-05,-1.5048235579509e-07,0.000411377912437162
100000,-2.18905060370479e-07,-1.0658205949416e-05,-6.50104277005746e-08,-0.000386626820561284,1.89360385435729e-09,1.12614786810021e-05,-1.48416633478155e-07,0.00040854459547094
