Frequency_Hz,Y11_Real,Y11_Imag,Y12_Real,Y12_Imag,Y21_Real,Y21_Imag,Y22_Real,Y22_Imag
0.1,0.70050641967445,-0.00914387774700401,-0.0781644036543494,0.000420549027856713,-0.0781644036543494,0.000420549027856712,-0.996530493066027,-1.3286448105887e-05
0.100693514841637,0.700505208557253,-0.00920731020752639,-0.0781644265487514,0.000423470323409714,-0.0781644265487514,0.000423470323409715,-0.996532201246381,-1.32943041447203e-05
0.10139183931163,0.700503980512238,-0.00927118296005224,-0.0781644497534484,0.000426411977106763,-0.0781644497534484,0.000426411977106763,-0.996533933091404,-1.33004540356085e-05
0.102095006765465,0.700502735301822,-0.00933549906582098,-0.0781644732725259,0.000429374132182043,-0.0781644732725259,0.000429374132182043,-0.996535688927383,-1.33048492430982e-05
0.102803050789954,0.700501472685059,-0.00940026160745824,-0.07816449711012,0.000432356932905403,-0.07816449711012,0.000432356932905403,-0.996537469085063,-1.3307440132504e-05
0.103516005204838,0.700500192417592,-0.00946547368912731,-0.0781645212704176,0.000435360524590402,-0.0781645212704176,0.000435360524590402,-0.996539273899703,-1.33081759467052e-05
0.104233904064403,0.700498894251607,-0.0095311384366814,-0.0781645457576571,0.000438385053602425,-0.0781645457576571,0.000438385053602424,-0.996541103711135,-1.3307004782151e-05
0.104956781659108,0.700497577935782,-0.00959725899781744,-0.0781645705761289,0.000441430667366887,-0.0781645705761288,0.000441430667366888,-0.996542958863831,-1.33038735645741e-05
0.105684672517218,0.700496243215233,-0.00966383854223075,-0.0781645957301755,0.000444497514377508,-0.0781645957301755,0.000444497514377508,-0.996544839706959,-1.32987280240596e-05
0.106417611406461,0.700494889831467,-0.00973088026177074,-0.0781646212241929,0.000447585744204639,-0.0781646212241929,0.000447585744204638,-0.996546746594449,-1.32915126698219e-05
0.10715563333568,0.700493517522331,-0.00979838737059801,-0.0781646470626304,0.000450695507503704,-0.0781646470626304,0.000450695507503705,-0.996548679885057,-1.32821707641215e-05
0.107898773556513,0.700492126021953,-0.00986636310534257,-0.0781646732499914,0.000453826956023702,-0.0781646732499914,0.000453826956023703,-0.996550639942426,-1.32706442959873e-05
0.108647067565072,0.700490715060697,-0.00993481072526296,-0.0781646997908338,0.000456980242615776,-0.0781646997908338,0.000456980242615776,-0.996552627135154,-1.32568739541136e-05
0.109400551103639,0.700489284365098,-0.0100037335124067,-0.0781647266897708,0.000460155521241872,-0.0781647266897708,0.000460155521241872,-0.996554641836858,-1.32407990993955e-05
0.110159260162376,0.700487833657819,-0.0100731347717723,-0.0781647539514713,0.000463352946983489,-0.0781647539514713,0.000463352946983489,-0.996556684426245,-1.32223577369028e-05
0.11092323098104,0.700486362657586,-0.0101430178314714,-0.0781647815806602,0.000466572676050491,-0.0781647815806602,0.000466572676050491,-0.996558755287174,-1.32014864869523e-05
0.111692500050717,0.700484871079135,-0.0102133860428934,-0.0781648095821194,0.000469814865790014,-0.0781648095821194,0.000469814865790014,-0.996560854808726,-1.31781205560885e-05
0.112467104115564,0.700483358633151,-0.0102842427808705,-0.0781648379606881,0.000473079674695449,-0.0781648379606881,0.000473079674695449,-0.996562983385277,-1.31521937070667e-05
0.113247080174565,0.700481825026218,-0.0103555914438441,-0.078164866721263,0.000476367262415515,-0.078164866721263,0.000476367262415515,-0.996565141416567,-1.31236382283836e-05
0.114032465483296,0.700480269960747,-0.0104274354540322,-0.0781648958687997,0.000479677789763415,-0.0781648958687997,0.000479677789763415,-0.996567329307765,-1.3092384903178e-05
0.114823297555707,0.700478693134926,-0.010499778257599,-0.0781649254083122,0.000483011418726081,-0.0781649254083122,0.000483011418726081,-0.99656954746955,-1.30583629773598e-05
0.115619614165913,0.700477094242657,-0.0105726233248243,-0.0781649553448745,0.000486368312473493,-0.0781649553448745,0.000486368312473494,-0.996571796318178,-1.3021500127372e-05
0.116421453349997,0.700475472973488,-0.0106459741502751,-0.0781649856836202,0.000489748635368113,-0.0781649856836202,0.000489748635368113,-0.996574076275559,-1.29817224269468e-05
0.117228853407829,0.700473829012558,-0.0107198342529785,-0.0781650164297436,0.000493152552974375,-0.0781650164297436,0.000493152552974375,-0.99657638776933,-1.29389543133893e-05
0.118041852904894,0.700472162040526,-0.0107942071765955,-0.0781650475885001,0.000496580232068299,-0.0781650475885001,0.000496580232068299,-0.996578731232929,-1.28931185531395e-05
0.118860490674132,0.700470471733513,-0.010869096489596,-0.0781650791652068,0.000500031840647169,-0.0781650791652068,0.000500031840647169,-0.996581107105676,-1.28441362065509e-05
0.1196848058178,0.700468757763031,-0.0109445057854354,-0.0781651111652428,0.000503507547939325,-0.0781651111652428,0.000503507547939324,-0.996583515832849,-1.27919265920373e-05
0.120514837709331,0.700467019795916,-0.0110204386827327,-0.0781651435940501,0.00050700752441403,-0.0781651435940501,0.000507007524414029,-0.99658595786576,-1.27364072494071e-05
0.12135062599522,0.700465257494264,-0.0110968988254491,-0.0781651764571339,0.000510531941791445,-0.0781651764571339,0.000510531941791445,-0.996588433661837,-1.26774939025048e-05
0.122192210596917,0.70046347051536,-0.0111738898830687,-0.0781652097600632,0.000514080973052703,-0.0781652097600632,0.000514080973052703,-0.996590943684704,-1.26151004211025e-05
0.123039631712731,0.700461658511607,-0.0112514155507804,-0.0781652435084711,0.000517654792450062,-0.0781652435084711,0.000517654792450062,-0.996593488404263,-1.25491387818547e-05
0.123892929819754,0.700459821130457,-0.0113294795496607,-0.078165277708056,0.000521253575517181,-0.078165277708056,0.000521253575517181,-0.996596068296776,-1.24795190286492e-05
0.124752145675793,0.700457958014338,-0.0114080856268584,-0.0781653123645813,0.000524877499079473,-0.0781653123645813,0.000524877499079474,-0.996598683844948,-1.24061492320915e-05
0.125617320321316,0.70045606880058,-0.0114872375557802,-0.0781653474838764,0.000528526741264575,-0.0781653474838764,0.000528526741264575,-0.996601335538011,-1.23289354480444e-05
0.126488495081411,0.700454153121343,-0.0115669391362782,-0.0781653830718373,0.000532201481512919,-0.0781653830718373,0.000532201481512919,-0.996604023871812,-1.22477816754396e-05
0.127365711567764,0.700452210603539,-0.011647194194838,-0.0781654191344267,0.000535901900588384,-0.0781654191344267,0.000535901900588383,-0.996606749348899,-1.21625898132915e-05
0.128249011680643,0.700450240868757,-0.0117280065847693,-0.0781654556776749,0.0005396281805891,-0.0781654556776749,0.000539628180589099,-0.996609512478605,-1.20732596164963e-05
0.129138437610901,0.700448243533188,-0.0118093801863966,-0.0781654927076803,0.0005433805049583,-0.0781654927076803,0.000543380504958301,-0.996612313777144,-1.19796886512286e-05
0.130034031841991,0.70044621820754,-0.0118913189072528,-0.0781655302306096,0.000547159058495334,-0.0781655302306096,0.000547159058495334,-0.996615153767691,-1.188177224902e-05
0.130935837151994,0.700444164496963,-0.0119738266822727,-0.0781655682526985,0.000550964027366746,-0.0781655682526985,0.000550964027366746,-0.996618032980483,-1.17794034600605e-05
0.131843896615665,0.700442082000964,-0.0120569074739888,-0.0781656067802522,0.000554795599117492,-0.0781656067802522,0.000554795599117492,-0.996620951952905,-1.1672473005514e-05
0.132758253606487,0.700439970313331,-0.0121405652727288,-0.078165645819646,0.000558653962682264,-0.078165645819646,0.000558653962682264,-0.996623911229584,-1.15608692289881e-05
0.133678951798747,0.70043782902204,-0.0122248040968139,-0.0781656853773254,0.000562539308396907,-0.0781656853773254,0.000562539308396908,-0.996626911362485,-1.14444780467404e-05
0.134606035169616,0.700435657709179,-0.012309627992759,-0.0781657254598072,0.000566451828009986,-0.0781657254598072,0.000566451828009986,-0.996629952911003,-1.13231828971216e-05
0.135539548001256,0.700433455950855,-0.0123950410354737,-0.0781657660736793,0.000570391714694429,-0.0781657660736793,0.000570391714694429,-0.996633036442063,-1.11968646889504e-05
0.136479534882933,0.70043122331711,-0.0124810473284662,-0.0781658072256016,0.000574359163059318,-0.0781658072256016,0.000574359163059319,-0.996636162530218,-1.10654017486805e-05
0.137426040713143,0.700428959371832,-0.0125676510040471,-0.0781658489223063,0.000578354369161788,-0.0781658489223063,0.000578354369161787,-0.996639331757743,-1.09286697666383e-05
0.138379110701763,0.700426663672662,-0.0126548562235361,-0.0781658911705984,0.00058237753051904,-0.0781658911705983,0.000582377530519041,-0.996642544714742,-1.07865417422193e-05
0.139338790372205,0.700424335770905,-0.0127426671774687,-0.078165933977356,0.000586428846120488,-0.078165933977356,0.000586428846120488,-0.996645801999241,-1.06388879277941e-05
0.140305125563594,0.700421975211435,-0.0128310880858063,-0.078165977349531,0.000590508516440017,-0.078165977349531,0.000590508516440018,-0.996649104217298,-1.04855757715322e-05
0.141278162432955,0.700419581532605,-0.0129201231981463,-0.0781660212941493,0.000594616743448382,-0.0781660212941493,0.000594616743448383,-0.996652451983103,-1.03264698591427e-05
0.14225794745742,0.700417154266142,-0.0130097767939344,-0.0781660658183112,0.000598753730625705,-0.0781660658183112,0.000598753730625706,-0.996655845919083,-1.01614318545051e-05
0.143244527436446,0.70041469293706,-0.0131000531826784,-0.078166110929192,0.000602919682974143,-0.078166110929192,0.000602919682974143,-0.996659286656007,-9.99032043876025e-06
0.14423794949405,0.700412197063553,-0.013190956704164,-0.0781661566340422,0.000607114807030643,-0.0781661566340422,0.000607114807030643,-0.996662774833096,-9.81299124858115e-06
0.145238261081064,0.700409666156899,-0.0132824917286714,-0.0781662029401877,0.000611339310879856,-0.0781662029401877,0.000611339310879856,-0.99666631109813,-9.62929681282143e-06
0.146245509977397,0.700407099721357,-0.0133746626571939,-0.0781662498550307,0.000615593404167176,-0.0781662498550307,0.000615593404167177,-0.996669896107558,-9.43908648823322e-06
0.147259744294318,0.700404497254062,-0.0134674739216586,-0.0781662973860496,0.000619877298111905,-0.0781662973860496,0.000619877298111905,-0.996673530526609,-9.24220639368645e-06
0.148281012476756,0.700401858244921,-0.0135609299851476,-0.0781663455407994,0.000624191205520565,-0.0781663455407994,0.000624191205520565,-0.996677215029403,-9.03849934295875e-06
0.149309363305612,0.700399182176508,-0.0136550353421223,-0.0781663943269122,0.000628535340800364,-0.0781663943269122,0.000628535340800363,-0.996680950299068,-8.82780477638734e-06
0.150344845900091,0.700396468523951,-0.013749794518648,-0.0781664437520972,0.000632909919972752,-0.0781664437520972,0.000632909919972753,-0.996684737027851,-8.60995869111925e-06
0.151387509720044,0.700393716754827,-0.0138452120726209,-0.0781664938241413,0.000637315160687179,-0.0781664938241412,0.000637315160687179,-0.996688575917239,-8.38479356975175e-06
0.152437404568337,0.700390926329044,-0.013941292593997,-0.078166544550909,0.000641751282234954,-0.078166544550909,0.000641751282234954,-0.996692467678072,-8.15213830769601e-06
0.153494580593225,0.700388096698736,-0.0140380407050221,-0.0781665959403433,0.000646218505563272,-0.0781665959403433,0.000646218505563272,-0.996696413030663,-7.91181813925013e-06
0.154559088290748,0.700385227308139,-0.0141354610604636,-0.0781666480004651,0.00065071705328938,-0.0781666480004651,0.00065071705328938,-0.996700412704921,-7.66365456164597e-06
0.155630978507143,0.700382317593479,-0.0142335583478444,-0.0781667007393739,0.000655247149714886,-0.0781667007393738,0.000655247149714886,-0.996704467440469,-7.40746525818015e-06
0.156710302441275,0.700379366982853,-0.0143323372876784,-0.0781667541652479,0.000659809020840238,-0.0781667541652479,0.000659809020840239,-0.996708577986771,-7.14306401944365e-06
0.15779711164708,0.700376374896103,-0.0144318026337077,-0.0781668082863442,0.000664402894379342,-0.0781668082863442,0.000664402894379341,-0.996712745103252,-6.87026066303886e-06
0.158891458036027,0.700373340744701,-0.0145319591731411,-0.0781668631109989,0.000669028999774334,-0.0781668631109989,0.000669028999774334,-0.996716969559427,-6.58886095164513e-06
0.159993393879601,0.70037026393162,-0.0146328117268955,-0.0781669186476272,0.000673687568210515,-0.0781669186476272,0.000673687568210516,-0.996721252135026,-6.29866650969646e-06
0.161102971811794,0.700367143851206,-0.0147343651498379,-0.0781669749047234,0.000678378832631458,-0.0781669749047234,0.000678378832631457,-0.996725593620127,-5.99947473797768e-06
0.162220244831628,0.700363979889054,-0.0148366243310298,-0.0781670318908613,0.00068310302775424,-0.0781670318908613,0.00068310302775424,-0.996729994815277,-5.69107872681884e-06
0.163345266305675,0.700360771421873,-0.0149395941939736,-0.0781670896146939,0.00068786039008488,-0.0781670896146939,0.000687860390084879,-0.996734456531636,-5.37326716747166e-06
0.164478089970617,0.700357517817358,-0.01504327969686,-0.0781671480849534,0.000692651157933915,-0.0781671480849534,0.000692651157933917,-0.996738979591096,-5.04582426164024e-06
0.165618769935804,0.700354218434049,-0.0151476858328185,-0.0781672073104516,0.000697475571432155,-0.0781672073104516,0.000697475571432154,-0.996743564826429,-4.70852962940194e-06
0.166767360685846,0.700350872621201,-0.0152528176301682,-0.0781672673000794,0.000702333872546595,-0.0781672673000794,0.000702333872546595,-0.996748213081411,-4.36115821489391e-06
0.167923917083208,0.700347479718641,-0.0153586801526722,-0.0781673280628069,0.000707226305096531,-0.0781673280628069,0.000707226305096531,-0.996752925210968,-4.00348019068131e-06
0.169088494370839,0.700344039056629,-0.0154652784997923,-0.0781673896076834,0.00071215311476981,-0.0781673896076834,0.00071215311476981,-0.996757702081308,-3.63526085972454e-06
0.170261148174801,0.700340549955712,-0.0155726178069465,-0.0781674519438369,0.000717114549139282,-0.0781674519438369,0.000717114549139282,-0.996762544570067,-3.25626055559802e-06
0.171441934506935,0.70033701172658,-0.0156807032457682,-0.0781675150804745,0.000722110857679426,-0.0781675150804745,0.000722110857679426,-0.996767453566447,-2.86623454084922e-06
0.172630909767531,0.70033342366992,-0.0157895400243672,-0.0781675790268816,0.000727142291783164,-0.0781675790268816,0.000727142291783164,-0.996772429971361,-2.46493290297078e-06
0.173828130748022,0.700329785076263,-0.0158991333875929,-0.078167643792422,0.000732209104778832,-0.078167643792422,0.000732209104778832,-0.996777474697574,-2.05210044881832e-06
0.1750336546337,0.700326095225831,-0.016009488617299,-0.0781677093865375,0.000737311551947373,-0.0781677093865375,0.000737311551947373,-0.996782588669857,-1.62747659633589e-06
0.176247539006444,0.700322353388386,-0.0161206110326107,-0.0781677758187475,0.000742449890539702,-0.0781677758187475,0.000742449890539702,-0.996787772825126,-1.19079526476884e-06
0.177469841847474,0.700318558823066,-0.0162325059901933,-0.0781678430986487,0.000747624379794249,-0.0781678430986487,0.000747624379794249,-0.996793028112598,-7.41784762059439e-07
0.178700621540116,0.700314710778232,-0.0163451788845231,-0.0781679112359148,0.000752835280954723,-0.0781679112359148,0.000752835280954723,-0.996798355493936,-2.8016767068817e-07
0.179939936872594,0.700310808491301,-0.0164586351481608,-0.0781679802402958,0.000758082857288059,-0.0781679802402958,0.000758082857288059,-0.996803755943409,1.9433926945478e-07
0.181187847040838,0.700306851188584,-0.0165728802520253,-0.0781680501216176,0.000763367374102542,-0.0781680501216175,0.000763367374102542,-0.996809230448037,6.82025279877263e-07
0.182444411651309,0.700302838085113,-0.0166879197056717,-0.0781681208897814,0.000768689098766179,-0.0781681208897814,0.00076868909876618,-0.996814780007754,1.18318566504072e-06
0.183709690723849,0.700298768384477,-0.0168037590575695,-0.0781681925547631,0.000774048300725237,-0.0781681925547631,0.000774048300725236,-0.996820405635561,1.69812193619168e-06
0.184983744694544,0.700294641278644,-0.0169204038953837,-0.0781682651266129,0.000779445251522988,-0.0781682651266129,0.000779445251522988,-0.996826108357685,2.22714193748308e-06
0.186266634418617,0.700290455947789,-0.0170378598462581,-0.0781683386154539,0.000784880224818704,-0.0781683386154539,0.000784880224818703,-0.996831889213741,2.77055997499609e-06
0.187558421173328,0.700286211560112,-0.0171561325771,-0.0781684130314821,0.000790353496406803,-0.0781684130314821,0.000790353496406803,-0.996837749256893,3.3286969477464e-06
0.188859166660905,0.700281907271658,-0.0172752277948674,-0.078168488384965,0.000795865344236257,-0.078168488384965,0.000795865344236257,-0.996843689554017,3.90188048164652e-06
0.190168933011491,0.700277542226132,-0.017395151246859,-0.078168564686241,0.000801416048430208,-0.078168564686241,0.000801416048430208,-0.996849711185865,4.49044506603546e-06
0.191487782786108,0.700273115554712,-0.0175159087210041,-0.0781686419457185,0.000807005891305777,-0.0781686419457185,0.000807005891305778,-0.996855815247234,5.09473219278966e-06
0.192815778979652,0.70026862637586,-0.0176375060461577,-0.0781687201738745,0.000812635157394138,-0.0781687201738745,0.000812635157394137,-0.996862002847133,5.715090498154e-06
0.194152985023894,0.700264073795124,-0.0177599490923949,-0.0781687993812537,0.00081830413346078,-0.0781687993812537,0.00081830413346078,-0.996868275108953,6.35187590759811e-06
0.195499464790516,0.700259456904946,-0.0178832437713093,-0.0781688795784678,0.000824013108526033,-0.0781688795784678,0.000824013108526032,-0.996874633170638,7.0054517830459e-06
0.196855282594159,0.700254774784461,-0.0180073960363126,-0.0781689607761933,0.000829762373885778,-0.0781689607761933,0.000829762373885778,-0.996881078184857,7.67618907340784e-06
0.198220503195496,0.700250026499292,-0.018132411882937,-0.0781690429851712,0.000835552223132461,-0.0781690429851711,0.000835552223132461,-0.996887611319183,8.36446646779176e-06
0.199595191804325,0.700245211101347,-0.0182582973491391,-0.0781691262162048,0.000841382952176269,-0.0781691262162048,0.000841382952176269,-0.996894233756264,9.07067055194721e-06
0.200979414082682,0.700240327628606,-0.0183850585156066,-0.078169210480159,0.000847254859266607,-0.078169210480159,0.000847254859266606,-0.996900946694004,9.7951959673187e-06
0.202373236147981,0.70023537510491,-0.0185127015060666,-0.078169295787958,0.000853168245013768,-0.078169295787958,0.000853168245013767,-0.996907751345742,1.05384455736102e-05
0.203776724576168,0.700230352539744,-0.0186412324875969,-0.0781693821505843,0.000859123412410915,-0.0781693821505843,0.000859123412410915,-0.996914648940432,1.13008306145135e-05
0.205189946404906,0.700225258928019,-0.0187706576709389,-0.0781694695790764,0.000865120666856236,-0.0781694695790764,0.000865120666856237,-0.996921640722828,1.20827708861571e-05
0.206612969136771,0.700220093249844,-0.0189009833108128,-0.0781695580845278,0.00087116031617542,-0.0781695580845278,0.000871160316175422,-0.996928727953665,1.28846949093847e-05
0.208045860742482,0.700214854470302,-0.019032215706235,-0.0781696476780841,0.000877242670644338,-0.0781696476780841,0.000877242670644338,-0.996935911909848,1.37070401050737e-05
0.209488689664142,0.700209541539221,-0.0191643612008382,-0.0781697383709419,0.000883368043012017,-0.0781697383709419,0.000883368043012017,-0.996943193884641,1.45502529728392e-05
0.210941524818514,0.700204153390933,-0.0192974261831934,-0.0781698301743462,0.00088953674852387,-0.0781698301743462,0.00088953674852387,-0.996950575187849,1.54147892733464e-05
0.212404435600306,0.700198688944044,-0.0194314170871343,-0.0781699230995883,0.00089574910494518,-0.0781699230995883,0.00089574910494518,-0.996958057146018,1.63011142138431e-05
0.21387749188549,0.700193147101183,-0.0195663403920834,-0.0781700171580037,0.000902005432584863,-0.0781700171580037,0.000902005432584862,-0.996965641102621,1.72097026376744e-05
0.215360764034637,0.700187526748762,-0.0197022026233817,-0.0781701123609694,0.000908306054319506,-0.0781701123609694,0.000908306054319507,-0.996973328418254,1.81410392170456e-05
0.21685432289628,0.700181826756724,-0.0198390103526191,-0.0781702087199015,0.000914651295617682,-0.0781702087199015,0.000914651295617683,-0.996981120470834,1.90956186497948e-05
0.218358239810298,0.700176045978289,-0.0199767701979685,-0.0781703062462527,0.000921041484564525,-0.0781703062462527,0.000921041484564525,-0.996989018655792,2.00739458594557e-05
0.21987258661132,0.70017018324969,-0.0201154888245213,-0.0781704049515095,0.000927476951886616,-0.0781704049515095,0.000927476951886615,-0.996997024386272,2.10765361999543e-05
0.22139743563216,0.700164237389921,-0.0202551729446255,-0.078170504847189,0.00093395803097714,-0.078170504847189,0.000933958030977142,-0.997005139093339,2.21039156634018e-05
0.222932859707273,0.70015820720046,-0.0203958293182264,-0.0781706059448365,0.000940485057921349,-0.0781706059448364,0.00094048505792135,-0.997013364226169,2.3156621092299e-05
0.224478932176229,0.700152091465002,-0.0205374647532092,-0.0781707082560216,0.000947058371522281,-0.0781707082560216,0.000947058371522281,-0.997021701252261,2.42352003956836e-05
0.22603572688722,0.700145888949183,-0.0206800861057443,-0.0781708117923358,0.000953678313326817,-0.0781708117923358,0.000953678313326818,-0.997030151657641,2.5340212769287e-05
0.227603318200585,0.700139598400296,-0.0208237002806345,-0.0781709165653883,0.000960345227652031,-0.0781709165653883,0.000960345227652031,-0.997038716947065,2.6472228920188e-05
0.229181780992365,0.700133218547013,-0.0209683142316651,-0.078171022586803,0.000967059461611811,-0.078171022586803,0.000967059461611812,-0.99704739864423,2.76318312951995e-05
0.230771190657875,0.700126748099087,-0.021113934961956,-0.0781711298682146,0.000973821365143844,-0.0781711298682146,0.000973821365143843,-0.997056198291983,2.8819614314099e-05
0.23237162311531,0.700120185747065,-0.0212605695243165,-0.0781712384212646,0.00098063129103686,-0.0781712384212646,0.00098063129103686,-0.997065117452531,3.00361846071323e-05
0.233983154809368,0.700113530161979,-0.0214082250216015,-0.0781713482575977,0.000987489594958223,-0.0781713482575977,0.000987489594958223,-0.997074157707656,3.12821612566128e-05
0.235605862714901,0.700106779995054,-0.0215569086070717,-0.0781714593888571,0.000994396635481823,-0.0781714593888571,0.000994396635481825,-0.997083320658925,3.25581760435845e-05
0.237239824340596,0.700099933877388,-0.0217066274847549,-0.0781715718266808,0.00100135277411633,-0.0781715718266808,0.00100135277411633,-0.997092607927912,3.3864873698955e-05
0.238885117732672,0.700092990419641,-0.0218573889098096,-0.0781716855826964,0.00100835837533369,-0.0781716855826964,0.00100835837533369,-0.997102021156405,3.5202912159249e-05
0.240541821478611,0.700085948211717,-0.0220092001888921,-0.0781718006685171,0.00101541380659805,-0.0781718006685171,0.00101541380659805,-0.997111562006634,3.65729628271777e-05
0.242210014710909,0.700078805822438,-0.022162068680525,-0.0781719170957362,0.00102251943839497,-0.0781719170957362,0.00102251943839497,-0.997121232161486,3.79757108372319e-05
0.24388977711086,0.700071561799211,-0.0223160017954684,-0.0781720348759228,0.00102967564426094,-0.0781720348759228,0.00102967564426094,-0.997131033324726,3.94118553261186e-05
0.24558118891236,0.700064214667697,-0.0224710069970931,-0.0781721540206158,0.00103688280081334,-0.0781721540206158,0.00103688280081334,-0.997140967221219,4.08821097080819e-05
0.247284330905736,0.700056762931464,-0.0226270918017573,-0.0781722745413189,0.00104414128778058,-0.0781722745413189,0.00104414128778058,-0.997151035597156,4.2387201955707e-05
0.24899928444161,0.700049205071642,-0.022784263779184,-0.0781723964494951,0.0010514514880328,-0.0781723964494951,0.0010514514880328,-0.997161240220277,4.39278748858019e-05
0.250726131434783,0.700041539546573,-0.0229425305528425,-0.0781725197565603,0.00105881378761274,-0.0781725197565603,0.00105881378761274,-0.997171582880097,4.55048864503871e-05
0.252464954368146,0.700033764791447,-0.0231018998003306,-0.0781726444738779,0.00106622857576706,-0.0781726444738779,0.00106622857576706,-0.997182065388135,4.71190100332503e-05
0.254215836296621,0.700025879217941,-0.0232623792537609,-0.078172770612752,0.00107369624497801,-0.078172770612752,0.00107369624497802,-0.997192689578139,4.87710347520792e-05
0.25597886085113,0.700017881213847,-0.0234239767001476,-0.0781728981844212,0.00108121719099545,-0.0781728981844212,0.00108121719099545,-0.997203457306323,5.04617657658829e-05
0.257754112242586,0.700009769142692,-0.0235866999817973,-0.0781730272000518,0.00108879181286923,-0.0781730272000518,0.00108879181286923,-0.997214370451587,5.21920245882684e-05
0.259541675265918,0.700001541343361,-0.0237505569967014,-0.0781731576707307,0.00109642051298198,-0.0781731576707307,0.00109642051298198,-0.99722543091576,5.3962649406547e-05
0.261341635304121,0.699993196129702,-0.0239155556989302,-0.0781732896074583,0.00110410369708226,-0.0781732896074583,0.00110410369708226,-0.997236640623825,5.5774495406391e-05
0.263154078332332,0.699984731790128,-0.0240817040990311,-0.0781734230211412,0.00111184177431806,-0.0781734230211412,0.00111184177431806,-0.997248001524158,5.76284351027634e-05
0.26497909092194,0.699976146587223,-0.0242490102644267,-0.0781735579225838,0.00111963515727071,-0.0781735579225838,0.00111963515727071,-0.997259515588759,5.95253586765654e-05
0.266816760244719,0.699967438757319,-0.0244174823198179,-0.0781736943224813,0.00112748426198922,-0.0781736943224813,0.00112748426198922,-0.997271184813491,6.14661743179035e-05
0.268667174076992,0.699958606510095,-0.0245871284475868,-0.0781738322314104,0.00113538950802492,-0.0781738322314104,0.00113538950802493,-0.997283011218315,6.34518085747271e-05
0.270530420803823,0.69994964802814,-0.0247579568882035,-0.0781739716598213,0.00114335131846659,-0.0781739716598213,0.00114335131846659,-0.997294996847529,6.54832067089051e-05
0.27240658942324,0.699940561466527,-0.0249299759406345,-0.0781741126180292,0.0011513701199759,-0.0781741126180292,0.0011513701199759,-0.997307143770004,6.75613330577696e-05
0.274295769550488,0.699931344952381,-0.0251031939627538,-0.078174255116204,0.00115944634282336,-0.0781742551162039,0.00115944634282336,-0.997319454079424,6.96871714028491e-05
0.276198051422303,0.699921996584423,-0.0252776193717554,-0.0781743991643619,0.00116758042092456,-0.0781743991643619,0.00116758042092456,-0.99733192989453,7.18617253447074e-05
0.278113525901229,0.699912514432527,-0.0254532606445687,-0.0781745447723554,0.00117577279187693,-0.0781745447723554,0.00117577279187693,-0.997344573359354,7.4086018684999e-05
0.280042284479955,0.699902896537254,-0.0256301263182762,-0.0781746919498628,0.00118402389699685,-0.0781746919498628,0.00118402389699685,-0.997357386643462,7.63610958150196e-05
0.281984419285683,0.699893140909386,-0.0258082249905325,-0.078174840706378,0.00119233418135718,-0.078174840706378,0.00119233418135718,-0.997370371942197,7.86880221115005e-05
0.283940023084533,0.69988324552945,-0.0259875653199865,-0.0781749910512,0.00120070409382526,-0.0781749910512,0.00120070409382526,-0.997383531476922,8.10678843389812e-05
0.285909189285972,0.699873208347234,-0.0261681560267052,-0.0781751429934213,0.00120913408710129,-0.0781751429934213,0.00120913408710129,-0.997396867495259,8.35017910598423e-05
0.287892011947275,0.699863027281296,-0.0263500058925989,-0.0781752965419167,0.00121762461775714,-0.0781752965419167,0.00121762461775714,-0.997410382271331,8.59908730515557e-05
0.289888585778017,0.699852700218462,-0.0265331237618501,-0.0781754517053313,0.00122617614627566,-0.0781754517053313,0.00122617614627566,-0.997424078106009,8.8536283730789e-05
0.291899006144599,0.699842225013318,-0.0267175185413431,-0.0781756084920687,0.00123478913709033,-0.0781756084920687,0.00123478913709034,-0.997437957327153,9.11391995856992e-05
0.293923369074803,0.699831599487694,-0.0269031992010956,-0.0781757669102775,0.00124346405862546,-0.0781757669102775,0.00124346405862545,-0.997452022289854,9.38008206152752e-05
0.295961771262377,0.699820821430137,-0.0270901747746928,-0.0781759269678393,0.00125220138333668,-0.0781759269678393,0.00125220138333668,-0.99746627537668,9.65223707767027e-05
0.298014310071653,0.699809888595377,-0.0272784543597239,-0.0781760886723544,0.00126100158775209,-0.0781760886723544,0.00126100158775209,-0.997480718997914,9.93050984405275e-05
0.300081083542203,0.69979879870378,-0.0274680471182188,-0.0781762520311284,0.00126986515251367,-0.0781762520311284,0.00126986515251367,-0.997495355591802,0.00010215027685348
0.302162190393513,0.699787549440803,-0.0276589622770883,-0.0781764170511581,0.00127879256241927,-0.0781764170511581,0.00127879256241927,-0.997510187624794,0.00010505920460982
0.304257730029708,0.699776138456421,-0.0278512091285653,-0.078176583739116,0.00128778430646495,-0.078176583739116,0.00128778430646495,-0.997525217591787,0.000108033206130176
0.306367802544292,0.699764563364565,-0.028044797030648,-0.0781767521013361,0.00129684087788792,-0.0781767521013361,0.00129684087788792,-0.997540448016362,0.000111073632149572
0.308492508724934,0.699752821742536,-0.0282397354075447,-0.0781769221437975,0.00130596277420983,-0.0781769221437975,0.00130596277420983,-0.997555881451035,0.000114181860212892
0.31063195005828,0.699740911130414,-0.0284360337501198,-0.0781770938721085,0.00131515049728055,-0.0781770938721085,0.00131515049728055,-0.997571520477489,0.000117359295179725
0.312786228734801,0.699728829030458,-0.0286337016163426,-0.0781772672914903,0.00132440455332248,-0.0781772672914903,0.00132440455332248,-0.997587367706818,0.000120607369736847
0.314955447653674,0.699716572906497,-0.0288327486317366,-0.0781774424067592,0.00133372545297526,-0.0781774424067592,0.00133372545297526,-0.997603425779767,0.000123927544920771
0.317139710427697,0.699704140183303,-0.0290331844898304,-0.0781776192223096,0.00134311371134102,-0.0781776192223096,0.00134311371134102,-0.997619697366968,0.000127321310647743
0.319339121388238,0.699691528245966,-0.0292350189526105,-0.0781777977420956,0.00135256984803006,-0.0781777977420956,0.00135256984803006,-0.99763618516918,0.000130790186253921
0.321553785590219,0.699678734439246,-0.0294382618509752,-0.0781779779696123,0.00136209438720702,-0.0781779779696123,0.00136209438720702,-0.997652891917522,0.000134335721043877
0.323783808817133,0.699665756066925,-0.0296429230851897,-0.0781781599078764,0.00137168785763759,-0.0781781599078764,0.0013716878576376,-0.997669820373713,0.000137959494848627
0.326029297586097,0.699652590391137,-0.0298490126253424,-0.0781783435594067,0.00138135079273563,-0.0781783435594067,0.00138135079273562,-0.9976869733303,0.000141663118593011
0.328290359152942,0.699639234631699,-0.0300565405118027,-0.0781785289262031,0.00139108373061081,-0.0781785289262031,0.00139108373061081,-0.997704353610892,0.000145448234872864
0.330567101517332,0.699625685965418,-0.0302655168556795,-0.0781787160097265,0.00140088721411678,-0.0781787160097265,0.00140088721411677,-0.997721964070394,0.000149316518540804
0.332859633427924,0.6996119415254,-0.0304759518392813,-0.0781789048108762,0.00141076179089977,-0.0781789048108762,0.00141076179089977,-0.997739807595229,0.00015326967730292
0.335168064387565,0.699597998400334,-0.0306878557165759,-0.0781790953299685,0.00142070801344774,-0.0781790953299685,0.00142070801344774,-0.997757887103572,0.000157309452324395
0.337492504658521,0.699583853633774,-0.0309012388136529,-0.078179287566713,0.00143072643913997,-0.078179287566713,0.00143072643913997,-0.997776205545569,0.000161437618845767
0.339833065267741,0.699569504223402,-0.0311161115291848,-0.0781794815201899,0.00144081763029721,-0.0781794815201899,0.00144081763029721,-0.997794765903561,0.000165655986808705
0.342189858012163,0.699554947120286,-0.0313324843348908,-0.0781796771888249,0.0014509821542323,-0.0781796771888249,0.0014509821542323,-0.997813571192306,0.000169966401492305
0.344562995464054,0.699540179228121,-0.0315503677759996,-0.0781798745703652,0.00146122058330126,-0.0781798745703652,0.00146122058330126,-0.997832624459195,0.000174370744159658
0.346952590976386,0.699525197402453,-0.0317697724717132,-0.078180073661853,0.00147153349495498,-0.078180073661853,0.00147153349495498,-0.997851928784466,0.000178870932715014
0.349358758688252,0.699509998449902,-0.0319907091156717,-0.0781802744595998,0.00148192147179126,-0.0781802744595998,0.00148192147179126,-0.997871487281419,0.000183468922370894
0.351781613530314,0.699494579127359,-0.0322131884764168,-0.0781804769591592,0.00149238510160754,-0.0781804769591592,0.00149238510160754,-0.997891303096624,0.000188166706327042
0.354221271230298,0.699478936141179,-0.0324372213978572,-0.0781806811552987,0.00150292497745395,-0.0781806811552987,0.00150292497745394,-0.997911379410123,0.000192966316458765
0.356677848318515,0.699463066146357,-0.0326628187997332,-0.0781808870419715,0.001513541697687,-0.0781808870419715,0.001513541697687,-0.99793171943564,0.000197869824017427
0.359151462133436,0.699446965745689,-0.03288999167808,-0.0781810946122869,0.00152423586602373,-0.0781810946122869,0.00152423586602373,-0.997952326420774,0.000202879340341439
0.361642230827288,0.699430631488922,-0.0331187511056938,-0.0781813038584803,0.00153500809159633,-0.0781813038584802,0.00153500809159633,-0.997973203647197,0.000207997017578399
0.364150273371703,0.69941405987189,-0.0333491082325941,-0.0781815147718817,0.00154585898900729,-0.0781815147718817,0.00154585898900729,-0.997994354430843,0.000213225049418536
0.366675709563398,0.699397247335628,-0.033581074286488,-0.0781817273428843,0.00155678917838509,-0.0781817273428843,0.00155678917838509,-0.9980157821221,0.00021856567183981
0.369218660029898,0.699380190265488,-0.0338146605732329,-0.0781819415609115,0.00156779928544034,-0.0781819415609115,0.00156779928544034,-0.998037490105989,0.000224021163864385
0.371779246235299,0.699362884990218,-0.034049878477298,-0.0781821574143833,0.00157888994152242,-0.0781821574143833,0.00157888994152242,-0.998059481802343,0.000229593848326354
0.374357590486067,0.699345327781047,-0.0342867394622258,-0.0781823748906815,0.00159006178367666,-0.0781823748906815,0.00159006178367666,-0.998081760665982,0.000235286092652137
0.376953815936883,0.699327514850744,-0.0345252550710922,-0.0781825939761149,0.00160131545470197,-0.0781825939761148,0.00160131545470197,-0.998104330186881,0.000241100309651882
0.379568046596523,0.699309442352659,-0.0347654369269647,-0.0781828146558818,0.00161265160320901,-0.0781828146558818,0.00161265160320901,-0.998127193890336,0.000247038958323009
0.382200407333782,0.699291106379756,-0.0350072967333603,-0.0781830369140337,0.00162407088367883,-0.0781830369140337,0.00162407088367883,-0.998150355337114,0.000253104544666399
0.384851023883439,0.699272502963629,-0.035250846274701,-0.0781832607334361,0.00163557395652196,-0.0781832607334361,0.00163557395652196,-0.99817381812362,0.00025929962251392
0.387520022852263,0.699253628073493,-0.0354960974167679,-0.0781834860957296,0.00164716148813807,-0.0781834860957296,0.00164716148813807,-0.998197585882028,0.000265626794369145
0.390207531725059,0.699234477615173,-0.0357430621071531,-0.0781837129812889,0.00165883415097604,-0.0781837129812889,0.00165883415097604,-0.998221662280434,0.000272088712259644
0.392913678870758,0.699215047430062,-0.0359917523757097,-0.078183941369182,0.00167059262359454,-0.078183941369182,0.00167059262359454,-0.998246051022981,0.000278688078602318
0.395638593548549,0.699195333294072,-0.0362421803349994,-0.078184171237127,0.00168243759072307,-0.078184171237127,0.00168243759072307,-0.998270755849994,0.000285427647081338
0.398382405914052,0.699175330916567,-0.036494358180738,-0.0781844025614487,0.0016943697433235,-0.0781844025614487,0.0016943697433235,-0.998295780538095,0.000292310223538567
0.401145247025537,0.699155035939272,-0.0367482981922372,-0.0781846353170337,0.00170638977865202,-0.0781846353170337,0.00170638977865202,-0.998321128900321,0.000299338666876731
0.403927248850181,0.69913444393517,-0.0370040127328439,-0.0781848694772846,0.00171849840032161,-0.0781848694772846,0.00171849840032161,-0.998346804786225,0.000306515889975767
0.406728544270374,0.699113550407384,-0.0372615142503773,-0.0781851050140727,0.00173069631836491,-0.0781851050140727,0.00173069631836491,-0.998372812081977,0.000313844860622137
0.409549267090063,0.699092350788031,-0.0375208152775607,-0.0781853418976893,0.00174298424929755,-0.0781853418976893,0.00174298424929755,-0.998399154710458,0.000321328602450793
0.412389552041149,0.699070840437071,-0.0377819284324517,-0.0781855800967971,0.00175536291618195,-0.0781855800967971,0.00175536291618194,-0.998425836631335,0.000328970195900669
0.415249534789915,0.699049014641121,-0.0380448664188665,-0.0781858195783783,0.00176783304869149,-0.0781858195783783,0.00176783304869149,-0.998452861841138,0.000336772779183703
0.418129351943512,0.699026868612272,-0.038309642026802,-0.0781860603076832,0.00178039538317521,-0.0781860603076832,0.00178039538317521,-0.998480234373323,0.000344739549266282
0.421029141056481,0.699004397486861,-0.0385762681328525,-0.0781863022481765,0.00179305066272276,-0.0781863022481765,0.00179305066272276,-0.99850795829833,0.000352873762864747
0.423949040637325,0.698981596324248,-0.0388447577006215,-0.0781865453614829,0.00180579963722993,-0.0781865453614829,0.00180579963722993,-0.998536037723623,0.000361178737454615
0.426889190155123,0.698958460105557,-0.039115123781129,-0.0781867896073303,0.00181864306346443,-0.0781867896073303,0.00181864306346443,-0.998564476793734,0.000369657852291899
0.429849730046193,0.698934983732405,-0.0393873795132142,-0.0781870349434933,0.00183158170513219,-0.0781870349434933,0.00183158170513219,-0.99859327969028,0.000378314549450226
0.432830801720801,0.698911162025609,-0.0396615381239313,-0.0781872813257335,0.00184461633294391,-0.0781872813257335,0.00184461633294391,-0.998622450631981,0.000387152334869384
0.435832547569911,0.698886989723872,-0.0399376129289409,-0.0781875287077398,0.00185774772468205,-0.0781875287077398,0.00185774772468206,-0.998651993874665,0.000396174779418917
0.438855110971994,0.698862461482452,-0.0402156173328949,-0.0781877770410663,0.0018709766652682,-0.0781877770410663,0.0018709766652682,-0.998681913711262,0.000405385519975127
0.441898636299867,0.698837571871801,-0.0404955648298139,-0.0781880262750689,0.00188430394683063,-0.0781880262750689,0.00188430394683063,-0.998712214471779,0.00041478826051139
0.444963268927599,0.698812315376197,-0.0407774690034596,-0.0781882763568409,0.0018977303687724,-0.0781882763568409,0.0018977303687724,-0.998742900523274,0.000424386773203139
0.448049155237445,0.698786686392345,-0.0410613435276994,-0.0781885272311466,0.00191125673783958,-0.0781885272311466,0.00191125673783958,-0.998773976269812,0.000434184899545553
0.451156442626847,0.698760679227955,-0.0413472021668635,-0.078188778840353,0.00192488386818991,-0.078188778840353,0.0019248838681899,-0.998805446152407,0.000444186551486564
0.454285279515466,0.698734288100307,-0.0416350587760936,-0.0781890311243608,0.00193861258146159,-0.0781890311243607,0.00193861258146159,-0.998837314648954,0.000454395712572025
0.457435815352278,0.698707507134785,-0.0419249273016857,-0.0781892840205327,0.00195244370684256,-0.0781892840205327,0.00195244370684256,-0.998869586274147,0.000464816439105925
0.46060820062271,0.698680330363398,-0.0422168217814216,-0.0781895374636211,0.00196637808113975,-0.0781895374636211,0.00196637808113976,-0.998902265579376,0.000475452861324527
0.463802586855826,0.698652751723266,-0.0425107563448938,-0.0781897913856933,0.00198041654884884,-0.0781897913856933,0.00198041654884884,-0.998935357152625,0.000486309184583505
0.467019126631568,0.698624765055097,-0.0428067452138199,-0.0781900457160552,0.00199455996222398,-0.0781900457160552,0.00199455996222398,-0.998968865618339,0.000497389690559791
0.470257973588042,0.698596364101632,-0.0431048027023484,-0.0781903003811734,0.00200880918134794,-0.0781903003811734,0.00200880918134794,-0.999002795637284,0.00050869873846679
0.473519282428857,0.698567542506071,-0.043404943217353,-0.0781905553045955,0.00202316507420225,-0.0781905553045955,0.00202316507420225,-0.999037151906392,0.000520240766283597
0.476803208930514,0.698538293810469,-0.0437071812587181,-0.0781908104068681,0.00203762851673758,-0.0781908104068681,0.00203762851673758,-0.999071939158585,0.000532020291997948
0.480109909949849,0.69850861145412,-0.0440115314196124,-0.0781910656054537,0.00205220039294426,-0.0781910656054537,0.00205220039294426,-0.999107162162589,0.00054404191486318
0.483439543431522,0.698478488771908,-0.0443180083867516,-0.0781913208146452,0.00206688159492286,-0.0781913208146452,0.00206688159492286,-0.999142825722724,0.000556310316667724
0.486792268415562,0.698447918992632,-0.0446266269406487,-0.0781915759454786,0.00208167302295488,-0.0781915759454786,0.00208167302295488,-0.999178934678678,0.000568830263020625
0.490168245044966,0.698416895237318,-0.0449374019558538,-0.0781918309056438,0.00209657558557356,-0.0781918309056437,0.00209657558557356,-0.999215493905271,0.000581606604647511
0.493567634573345,0.698385410517495,-0.0452503484011787,-0.0781920855993933,0.00211159019963459,-0.0781920855993933,0.00211159019963459,-0.999252508312192,0.000594644278702511
0.496990599372628,0.698353457733453,-0.0455654813399106,-0.0781923399274493,0.00212671779038698,-0.0781923399274493,0.00212671779038698,-0.999289982843717,0.000607948310092671
0.500437302940819,0.698321029672467,-0.045882815930011,-0.078192593786908,0.0021419592915438,-0.078192593786908,0.0021419592915438,-0.99932792247841,0.000621523812815078
0.503907909909802,0.698288119007014,-0.0462023674243008,-0.0781928470711426,0.00215731564535296,-0.0781928470711426,0.00215731564535296,-0.99936633222881,0.000635375991308196
0.50740258605321,0.698254718292942,-0.0465241511706305,-0.0781930996697036,0.00217278780266784,-0.0781930996697036,0.00217278780266784,-0.999405217141086,0.000649510141815413
0.510921498294339,0.698220819967631,-0.0468481826120357,-0.0781933514682176,0.00218837672301788,-0.0781933514682175,0.00218837672301788,-0.999444582294681,0.000663931653762079
0.514464814714125,0.698186416348117,-0.0471744772868762,-0.0781936023482828,0.002204083374679,-0.0781936023482828,0.002204083374679,-0.999484432801928,0.00067864601114459
0.518032704559168,0.698151499629198,-0.0475030508289596,-0.078193852187364,0.00221990873474381,-0.078193852187364,0.00221990873474381,-0.999524773807648,0.000693658793933044
0.52162533824982,0.698116061881507,-0.0478339189676477,-0.0781941008586835,0.00223585378919175,-0.0781941008586835,0.00223585378919175,-0.999565610488723,0.00070897567948533
0.525242887388322,0.698080095049566,-0.0481670975279456,-0.0781943482311113,0.00225191953295886,-0.0781943482311113,0.00225191953295886,-0.999606948053653,0.000724602443974071
0.528885524767003,0.698043590949805,-0.0485026024305725,-0.078194594169052,0.0022681069700073,-0.078194594169052,0.00226810697000729,-0.999648791742075,0.000740544963825251
0.532553424376533,0.698006541268562,-0.0488404496920145,-0.0781948385323293,0.00228441711339462,-0.0781948385323293,0.00228441711339462,-0.999691146824273,0.000756809217169196
0.536246761414231,0.697968937560051,-0.0491806554245583,-0.0781950811760694,0.00230085098534267,-0.0781950811760694,0.00230085098534267,-0.999734018600656,0.000773401285302289
0.539965712292437,0.697930771244303,-0.0495232358363047,-0.0781953219505803,0.00231740961730605,-0.0781953219505803,0.00231740961730606,-0.999777412401213,0.000790327354160819
0.543710454646936,0.697892033605086,-0.0498682072311614,-0.0781955607012299,0.00233409405004023,-0.0781955607012299,0.00233409405004023,-0.999821333584937,0.000807593715805549
0.547481167345445,0.697852715787792,-0.0502155860088161,-0.078195797268321,0.00235090533366909,-0.078195797268321,0.00235090533366909,-0.999865787539234,0.000825206769917319
0.551278030496154,0.697812808797291,-0.0505653886646865,-0.078196031486964,0.0023678445277521,-0.078196031486964,0.0023678445277521,-0.999910779679295,0.000843173025302846
0.55510122545633,0.697772303495777,-0.0509176317898491,-0.0781962631869473,0.00238491270135077,-0.0781962631869473,0.00238491270135077,-0.999956315447441,0.00086149910141109
0.558950934840979,0.697731190600562,-0.0512723320709441,-0.0781964921926047,0.00240211093309464,-0.0781964921926047,0.00240211093309464,-1.00000240031245,0.000880191729859536
0.56282734253157,0.697689460681859,-0.0516295062900571,-0.0781967183226805,0.00241944031124654,-0.0781967183226805,0.00241944031124654,-1.00004903976884,0.000899257755969329
0.566730633684818,0.697647104160534,-0.0519891713245762,-0.0781969413901917,0.00243690193376714,-0.0781969413901917,0.00243690193376714,-1.00009623933614,0.000918704140310866
0.570660994741526,0.697604111305823,-0.0523513441470249,-0.0781971612022883,0.00245449690837887,-0.0781971612022882,0.00245449690837887,-1.00014400455812,0.000938537960257724
0.574618613435493,0.697560472233031,-0.0527160418248672,-0.0781973775601095,0.00247222635262888,-0.0781973775601095,0.00247222635262888,-1.00019234100199,0.000958766411548073
0.578603678802477,0.697516176901193,-0.0530832815202885,-0.0781975902586391,0.00249009139395123,-0.0781975902586391,0.00249009139395123,-1.00024125425758,0.000979396809855537
0.582616381189231,0.697471215110719,-0.0534530804899478,-0.078197799086556,0.00250809316972824,-0.078197799086556,0.00250809316972824,-1.00029074993646,0.00100043659236737
0.586656912262587,0.697425576500995,-0.053825456084702,-0.0781980038260841,0.00252623282735073,-0.0781980038260841,0.00252623282735073,-1.00034083367108,0.00102189331936881
0.590725465018618,0.697379250547974,-0.0542004257493022,-0.0781982042528373,0.00254451152427738,-0.0781982042528373,0.00254451152427738,-1.00039151111381,0.00104377467583561
0.594822233791852,0.697332226561723,-0.0545780070220593,-0.0781984001356638,0.00256293042809293,-0.0781984001356638,0.00256293042809293,-1.00044278793603,0.00106608847303152
0.598947414264556,0.697284493683951,-0.0549582175344804,-0.0781985912364856,0.00258149071656527,-0.0781985912364856,0.00258149071656527,-1.00049466982708,0.00108884265011233
0.603101203476082,0.697236040885506,-0.055341075010873,-0.0781987773101363,0.00260019357770138,-0.0781987773101363,0.00260019357770137,-1.00054716249328,0.00111204527573483
0.607283799832281,0.697186856963845,-0.0557265972679185,-0.0781989581041958,0.00261904020980194,-0.0781989581041958,0.00261904020980194,-1.00060027165684,0.0011357045496701
0.611495403114975,0.697136930540474,-0.0561148022142116,-0.0781991333588219,0.00263803182151464,-0.0781991333588219,0.00263803182151464,-1.0006540030548,0.00115982880442117
0.615736214491506,0.697086250058361,-0.0565057078497671,-0.0781993028065789,0.00265716963188616,-0.0781993028065789,0.00265716963188616,-1.00070836243786,0.00118442650684453
0.620006436524339,0.697034803779323,-0.0568993322654917,-0.0781994661722633,0.00267645487041262,-0.0781994661722633,0.00267645487041262,-1.00076335556922,0.00120950625977345
0.624306273180741,0.696982579781385,-0.057295693642621,-0.0781996231727269,0.00269588877708852,-0.0781996231727269,0.00269588877708852,-1.00081898822339,0.00123507680364493
0.628635929842521,0.696929565956102,-0.0576948102521203,-0.0781997735166959,0.00271547260245416,-0.0781997735166959,0.00271547260245416,-1.00087526618495,0.00126114701812663
0.632995613315842,0.696875750005874,-0.0580967004540481,-0.0781999169045883,0.00273520760764132,-0.0781999169045883,0.00273520760764132,-1.00093219524722,0.00128772592374599
0.637385531841099,0.696821119441208,-0.0585013826968815,-0.078200053028327,0.00275509506441719,-0.078200053028327,0.00275509506441719,-1.000989781211,0.00131482268351873
0.641805895102865,0.696765661577974,-0.0589088755168042,-0.0782001815711505,0.0027751362552266,-0.0782001815711505,0.0027751362552266,-1.00104802988317,0.00134244660457755
0.646256914239905,0.696709363534624,-0.0593191975369534,-0.0782003022074204,0.00279533247323224,-0.0782003022074204,0.00279533247323224,-1.00110694707531,0.00137060713979825
0.650738801855265,0.696652212229384,-0.0597323674666267,-0.078200414602426,0.00281568502235299,-0.078200414602426,0.00281568502235299,-1.00116653860224,0.00139931388942527
0.655251772026422,0.696594194377422,-0.060148404100448,-0.0782005184121849,0.00283619521730019,-0.0782005184121849,0.00283619521730019,-1.00122681028055,0.00142857660269324
0.659796040315516,0.696535296487989,-0.0605673263174902,-0.0782006132832417,0.00285686438361177,-0.0782006132832417,0.00285686438361177,-1.00128776792708,0.00145840517944501
0.664371823779638,0.696475504861532,-0.060989153080356,-0.0782006988524627,0.00287769385768423,-0.0782006988524627,0.00287769385768423,-1.00134941735735,0.00148880967174564
0.668979340981204,0.696414805586787,-0.0614139034342123,-0.078200774746828,0.00289868498680224,-0.078200774746828,0.00289868498680224,-1.00141176438393,0.00151980028549009
0.673618811998395,0.696353184537834,-0.0618415965057821,-0.0782008405832195,0.00291983912916597,-0.0782008405832195,0.00291983912916597,-1.00147481481481,0.001551387382005
0.678290458435663,0.696290627371146,-0.0622722515022885,-0.0782008959682071,0.0029411576539159,-0.0782008959682071,0.0029411576539159,-1.00153857445173,0.00158358147964366
0.682994503434323,0.696227119522591,-0.062705887710352,-0.0782009404978304,0.00296264194115508,-0.0782009404978304,0.00296264194115508,-1.00160304908838,0.00161639325537122
0.687731171683206,0.696162646204427,-0.0631425244948406,-0.0782009737573784,0.0029842933819688,-0.0782009737573784,0.0029842933819688,-1.00166824450865,0.00164983354634246
0.692500689429393,0.696097192402264,-0.0635821812976705,-0.0782009953211649,0.0030061133784415,-0.0782009953211649,0.0030061133784415,-1.00173416648481,0.00168391335146767
0.697303284489026,0.696030742872006,-0.0640248776365566,-0.0782010047523016,0.0030281033436709,-0.0782010047523016,0.0030281033436709,-1.00180082077563,0.00171864383296877
0.70213918625818,0.695963282136764,-0.0644706331037127,-0.0782010016024674,0.00305026470177912,-0.0782010016024674,0.00305026470177912,-1.00186821312444,0.00175403631792181
0.70700862572383,0.695894794483756,-0.0649194673645005,-0.0782009854116752,0.00307259888792099,-0.0782009854116752,0.00307259888792099,-1.00193634925718,0.00179010229978632
0.71191183547488,0.695825263961174,-0.0653714001560234,-0.0782009557080346,0.003095107348289,-0.0782009557080346,0.00309510734828901,-1.00200523488039,0.00182685343992101
0.716849049713269,0.695754674375038,-0.0658264512856704,-0.0782009120075123,0.00311779154011532,-0.0782009120075123,0.00311779154011532,-1.00207487567915,0.00186430156908213
0.721820504265165,0.695683009286022,-0.0662846406296018,-0.0782008538136892,0.00314065293167031,-0.0782008538136892,0.00314065293167031,-1.00214527731497,0.00190245868890659
0.726826436592224,0.695610252006259,-0.066745988131181,-0.0782007806175135,0.00316369300225773,-0.0782007806175135,0.00316369300225773,-1.00221644542362,0.0019413369733759
0.731867085802933,0.695536385596137,-0.0672105137993504,-0.0782006918970521,0.00318691324220655,-0.0782006918970521,0.00318691324220655,-1.00228838561297,0.00198094877026134
0.736942692664033,0.695461392861056,-0.067678237706947,-0.0782005871172375,0.00321031515285887,-0.0782005871172375,0.00321031515285888,-1.00236110346071,0.00202130660254818
0.742053499612018,0.695385256348187,-0.0681491799889631,-0.0782004657296128,0.00323390024655455,-0.0782004657296128,0.00323390024655455,-1.00243460451203,0.00206242316983885
0.747199750764715,0.695307958343193,-0.0686233608407439,-0.0782003271720723,0.00325767004661161,-0.0782003271720723,0.00325767004661161,-1.00250889427734,0.00210431134973238
0.752381691932944,0.69522948086695,-0.0691008005161275,-0.0782001708686008,0.00328162608730306,-0.0782001708686008,0.00328162608730306,-1.00258397822983,0.00214698419917897
0.757599570632259,0.695149805672236,-0.069581519325522,-0.0781999962290079,0.00330576991382953,-0.0781999962290079,0.00330576991382953,-1.00265986180302,0.00219045495580994
0.762853636094773,0.695068914240414,-0.0700655376339207,-0.078199802648661,0.00333010308228784,-0.078199802648661,0.00333010308228784,-1.00273655038829,0.00223473703924038
0.768144139281058,0.694986787778094,-0.070552875858853,-0.0781995895082143,0.00335462715963527,-0.0781995895082143,0.00335462715963527,-1.00281404933234,0.00227984405234161
0.773471332892138,0.694903407213783,-0.0710435544682736,-0.0781993561733352,0.00337934372364966,-0.0781993561733352,0.00337934372364966,-1.0028923639346,0.00232578978248632
0.778835471381553,0.694818753194519,-0.071537593978383,-0.0781991019944279,0.00340425436288483,-0.0781991019944279,0.00340425436288483,-1.00297149944457,0.0023725882027601
0.784236810967519,0.694732806082492,-0.0720350149513848,-0.0781988263063541,0.00342936067662164,-0.0781988263063541,0.00342936067662164,-1.00305146105916,0.00242025347314095
0.78967560964516,0.694645545951656,-0.0725358379931743,-0.0781985284281507,0.00345466427481421,-0.0781985284281507,0.0034546642748142,-1.00313225391995,0.00246879994164456
0.795152127198837,0.694556952584324,-0.0730400837509604,-0.0781982076627449,0.00348016677803157,-0.0781982076627449,0.00348016677803157,-1.00321388311038,0.00251824214543411
0.800666625214554,0.694467005467756,-0.0735477729108168,-0.0781978632966666,0.00350586981739418,-0.0781978632966666,0.00350586981739418,-1.00329635365297,0.0025685948118912
0.806219367092452,0.694375683790738,-0.0740589261951655,-0.0781974945997582,0.00353177503450564,-0.0781974945997582,0.00353177503450564,-1.00337967050639,0.00261987285964993
0.811810618059391,0.69428296644015,-0.0745735643601882,-0.0781971008248815,0.00355788408137913,-0.0781971008248815,0.00355788408137912,-1.00346383856254,0.00267209139958852
0.817440645181619,0.694188831997526,-0.0750917081931671,-0.0781966812076222,0.00358419862035873,-0.0781966812076222,0.00358419862035874,-1.00354886264361,0.00272526573578069
0.823109717377527,0.69409325873561,-0.0756133785097529,-0.0781962349659922,0.00361072032403538,-0.0781962349659922,0.00361072032403538,-1.003634747499,0.00277941136640103
0.828818105430497,0.693996224614905,-0.0761385961511587,-0.078195761300129,0.00363745087515728,-0.078195761300129,0.00363745087515728,-1.00372149780231,0.00283454398458866
0.834566082001833,0.693897707280217,-0.0766673819812824,-0.0781952593919928,0.00366439196653488,-0.0781952593919928,0.00366439196653488,-1.00380911814816,0.00289067947925969
0.840353921643785,0.693797684057193,-0.0771997568837509,-0.0781947284050619,0.00369154530094,-0.0781947284050619,0.00369154530094,-1.00389761304909,0.00294783393587461
0.846181900812664,0.693696131948864,-0.0777357417588915,-0.0781941674840251,0.00371891259099937,-0.0781941674840251,0.00371891259099938,-1.00398698693229,0.00300602363715363
0.852050297882047,0.693593027632174,-0.078275357520625,-0.0781935757544723,0.00374649555908203,-0.0781935757544723,0.00374649555908203,-1.0040772441364,0.00306526506374094
0.857959393156072,0.693488347454524,-0.0788186250932823,-0.0781929523225833,0.00377429593718089,-0.0781929523225833,0.00377429593718089,-1.00416838890818,0.00312557489481513
0.863909468882829,0.693382067430306,-0.0793655654083429,-0.0781922962748139,0.00380231546678804,-0.0781922962748139,0.00380231546678804,-1.00426042539917,0.00318697000864404
0.86990080926784,0.693274163237442,-0.0799161994010944,-0.0781916066775813,0.00383055589876386,-0.0781916066775813,0.00383055589876386,-1.0043533576623,0.00324946748308347
0.875933700487633,0.693164610213926,-0.0804705480072131,-0.0781908825769462,0.00385901899319977,-0.0781908825769462,0.00385901899319978,-1.00444718964851,0.00331308459601726
0.882008430703416,0.693053383354372,-0.0810286321592634,-0.0781901229982944,0.00388770651927446,-0.0781901229982944,0.00388770651927446,-1.0045419252032,0.003377838825735
0.888125290074835,0.692940457306567,-0.0815904727831174,-0.0781893269460167,0.0039166202551036,-0.0781893269460167,0.0039166202551036,-1.00463756806279,0.00344374785125162
0.894284570773836,0.692825806368033,-0.0821560907942929,-0.0781884934031862,0.00394576198758289,-0.0781884934031862,0.00394576198758289,-1.00473412185114,0.00351082955255966
0.900486566998624,0.692709404482589,-0.0827255070942084,-0.0781876213312359,0.00397513351222417,-0.0781876213312359,0.00397513351222416,-1.00483159007598,0.00357910201081785
0.906731574987708,0.692591225236935,-0.0832987425663551,-0.0781867096696333,0.00400473663298475,-0.0781867096696333,0.00400473663298475,-1.00492997612526,0.00364858350847225
0.913019893034057,0.692471241857237,-0.0838758180723872,-0.0781857573355553,0.00403457316208972,-0.0781857573355553,0.00403457316208972,-1.00502928326349,0.00371929252930847
0.919351821499347,0.692349427205731,-0.0844567544481273,-0.078184763223561,0.00406464491984709,-0.078184763223561,0.00406464491984709,-1.0051295146281,0.00379124775843376
0.925727662828307,0.692225753777333,-0.0850415724994862,-0.0781837262052643,0.00409495373445573,-0.0781837262052643,0.00409495373445574,-1.00523067322562,0.00386446808218671
0.932147721563161,0.692100193696274,-0.0856302929982986,-0.078182645129005,0.00412550144180605,-0.078182645129005,0.00412550144180606,-1.005332761928,0.0039389725879726
0.938612304358183,0.691972718712741,-0.086222936678074,-0.07818151881952,0.00415628988527317,-0.07818151881952,0.00415628988527317,-1.00543578346876,0.0040147805640246
0.945121719994339,0.691843300199544,-0.0868195242296593,-0.0781803460776131,0.00418732091550257,-0.078180346077613,0.00418732091550257,-1.00553974043921,0.00409191149908611
0.951676279394036,0.691711909148796,-0.0874200762968177,-0.0781791256798252,0.00421859639018832,-0.0781791256798252,0.00421859639018831,-1.00564463528456,0.00417038508201634
0.958276295635973,0.69157851616862,-0.0880246134717176,-0.0781778563781038,0.00425011817384329,-0.0781778563781038,0.00425011817384329,-1.00575047030006,0.00425022120131402
0.964922083970099,0.691443091479871,-0.0886331562903366,-0.0781765368994725,0.00428188813756185,-0.0781765368994725,0.00428188813756186,-1.00585724762712,0.00433143994455953
0.971613961832666,0.691305604912887,-0.0892457252277756,-0.0781751659457001,0.00431390815877451,-0.0781751659457001,0.00431390815877451,-1.00596496924933,0.00441406159777469
0.978352248861393,0.691166025904261,-0.0898623406934865,-0.0781737421929706,0.00434618012099457,-0.0781737421929706,0.00434618012099457,-1.00607363698859,0.00449810664469574
0.985137266910738,0.691024323493643,-0.0904830230264095,-0.078172264291553,0.00437870591355691,-0.078172264291553,0.00437870591355692,-1.00618325250106,0.00458359576596218
0.991969340067262,0.690880466320569,-0.0911077924900243,-0.078170730865472,0.00441148743134844,-0.078170730865472,0.00441148743134844,-1.00629381727323,0.00467054983821502
0.998848794665118,0.690734422621315,-0.0917366692673081,-0.0781691405121785,0.00444452657453031,-0.0781691405121785,0.00444452657453031,-1.00640533261793,0.00475898993310869
1.00577595930163,0.690586160225788,-0.0923696734556081,-0.0781674918022221,0.00447782524825205,-0.0781674918022221,0.00447782524825205,-1.00651779967026,0.00484893731622971
1.01275116485301,0.690435646554448,-0.0930068250614214,-0.0781657832789236,0.00451138536235707,-0.0781657832789236,0.00451138536235707,-1.00663121938363,0.0049404134459245
1.01977474449012,0.690282848615257,-0.0936481439950869,-0.0781640134580491,0.00454520883107995,-0.0781640134580491,0.00454520883107995,-1.00674559252569,0.00503343997203465
1.02684703369442,0.690127733000677,-0.0942936500653857,-0.0781621808274853,0.00457929757273504,-0.0781621808274853,0.00457929757273504,-1.00686091967431,0.00512803873453632
1.033968370274,0.689970265884691,-0.094943362974052,-0.0781602838469164,0.00461365350939658,-0.0781602838469164,0.00461365350939657,-1.00697720121352,0.0052242317620842
1.04113909437969,0.689810413019868,-0.0955973023101926,-0.0781583209475022,0.00464827856657021,-0.0781583209475022,0.00464827856657021,-1.00709443732946,0.00532204127045904
1.0483595485213,0.689648139734475,-0.0962554875446174,-0.0781562905315593,0.00468317467285573,-0.0781562905315593,0.00468317467285573,-1.00721262800637,0.00542148966091688
1.05563007758401,0.689483410929613,-0.0969179380240769,-0.0781541909722424,0.00471834375960118,-0.0781541909722424,0.00471834375960117,-1.00733177302252,0.00552259951844042
1.06295102884484,0.689316191076418,-0.09758467296541,-0.0781520206132298,0.00475378776054801,-0.0781520206132298,0.00475378776054802,-1.00745187194616,0.0056253936098879
1.07032275198921,0.689146444213285,-0.0982557114496021,-0.07814977776841,0.00478950861146768,-0.07814977776841,0.00478950861146767,-1.00757292413153,0.00572989488204356
1.07774559912768,0.688974133943156,-0.098931072415749,-0.0781474607215718,0.00482550824978902,-0.0781474607215718,0.00482550824978902,-1.00769492871481,0.00583612645956644
1.08521992481272,0.688799223430841,-0.0996107746549331,-0.0781450677260962,0.00486178861421702,-0.0781450677260962,0.00486178861421702,-1.00781788461013,0.00594411164283426
1.0927460860557,0.688621675400402,-0.100294836804007,-0.0781425970046525,0.00489835164434247,-0.0781425970046525,0.00489835164434247,-1.0079417905056,0.00605387390568768
1.1003244423439,0.688441452132572,-0.100983277339284,-0.0781400467488967,0.00493519928024269,-0.0781400467488967,0.00493519928024269,-1.00806664485929,0.0061654368930677
1.10795535565772,0.688258515462239,-0.101676114570143,-0.078137415119174,0.00497233346207327,-0.078137415119174,0.00497233346207327,-1.00819244589535,0.00627882441855149
1.11563919048792,0.688072826775982,-0.102373366632537,-0.0781347002442244,0.00500975612965081,-0.0781347002442244,0.00500975612965082,-1.00831919160005,0.00639406046178148
1.12337631385307,0.68788434700965,-0.103075051482411,-0.0781319002208922,0.00504746922202663,-0.0781319002208922,0.00504746922202663,-1.0084468797179,0.00651116916579086
1.13116709531708,0.687693036646014,-0.103781186889034,-0.0781290131138404,0.00508547467705136,-0.0781290131138404,0.00508547467705136,-1.00857550774778,0.00663017483422346
1.13901190700682,0.687498855712468,-0.104491790428236,-0.078126036955268,0.00512377443093067,-0.0781260369552681,0.00512377443093066,-1.00870507293913,0.00675110192844758
1.14691112362992,0.687301763778789,-0.105206879475552,-0.0781229697446331,0.00516237041777176,-0.0781229697446331,0.00516237041777175,-1.00883557228816,0.00687397506456544
1.15486512249268,0.687101719954962,-0.10592647119928,-0.0781198094483795,0.00520126456912092,-0.0781198094483795,0.00520126456912092,-1.0089670025341,0.00699881901031585
1.16287428351806,0.686898682889066,-0.106650582553449,-0.0781165539996693,0.00524045881349214,-0.0781165539996693,0.00524045881349214,-1.00909936015552,0.00712565868187287
1.17093898926384,0.686692610765222,-0.10737923027069,-0.0781132012981202,0.00527995507588649,-0.0781132012981202,0.00527995507588649,-1.00923264136662,0.00725451914053865
1.1790596249409,0.686483461301611,-0.108112430855024,-0.078109749209548,0.00531975527730275,-0.078109749209548,0.00531975527730276,-1.00936684211368,0.0073854255893312
1.18723657843162,0.686271191748556,-0.108850200574556,-0.0781061955657146,0.00535986133423892,-0.0781061955657146,0.00535986133423892,-1.00950195807152,0.00751840336946841
1.19547024030838,0.686055758886669,-0.109592555454078,-0.0781025381640828,0.00540027515818491,-0.0781025381640828,0.0054002751581849,-1.00963798463996,0.00765347795674837
1.20376100385228,0.685837119025076,-0.110339511267585,-0.0780987747675756,0.00544099865510618,-0.0780987747675756,0.00544099865510617,-1.00977491694042,0.00779067495782576
1.21210926507183,0.685615227999709,-0.111091083530699,-0.078094903104343,0.0054820337249188,-0.078094903104343,0.0054820337249188,-1.00991274981256,0.00793002010638699
1.22051542272196,0.685390041171667,-0.111847287493006,-0.0780909208675349,0.00552338226095535,-0.0780909208675349,0.00552338226095535,-1.01005147781097,0.00807153925922255
1.22897987832301,0.68516151342566,-0.112608138130298,-0.0780868257150803,0.00556504614942243,-0.0780868257150803,0.00556504614942243,-1.01019109520196,0.00821525839220055
1.23750303617991,0.684929599168523,-0.113373650136733,-0.0780826152694742,0.00560702726884922,-0.0780826152694742,0.00560702726884922,-1.01033159596039,0.0083612035961404
1.24608530340153,0.684694252327804,-0.114143837916901,-0.0780782871175712,0.00564932748952752,-0.0780782871175712,0.00564932748952751,-1.01047297376661,0.00850940107258669
1.25472708992008,0.68445542635044,-0.114918715577797,-0.0780738388103863,0.00569194867294325,-0.0780738388103863,0.00569194867294325,-1.01061522200348,0.00865987712949012
1.26342880851072,0.684213074201507,-0.115698296920719,-0.0780692678629039,0.00573489267119943,-0.0780692678629039,0.00573489267119944,-1.01075833375344,0.00881265817678978
1.27219087481126,0.683967148363052,-0.11648259543306,-0.0780645717538942,0.00577816132643081,-0.0780645717538942,0.00577816132643081,-1.01090230179573,0.00896777072190402
1.28101370734203,0.683717600833005,-0.117271624280022,-0.0780597479257376,0.00582175647021003,-0.0780597479257377,0.00582175647021003,-1.01104711860361,0.00912524136512893
1.28989772752585,0.683464383124189,-0.118065396296239,-0.0780547937842581,0.00586567992294591,-0.0780547937842581,0.00586567992294591,-1.01119277634179,0.00928509679494727
1.29884335970818,0.683207446263395,-0.118863923977311,-0.0780497066985641,0.00590993349327316,-0.0780497066985641,0.00590993349327316,-1.01133926686387,0.0094473637832494
1.30785103117738,0.682946740790565,-0.119667219471249,-0.0780444840008989,0.0059545189774345,-0.0780444840008989,0.0059545189774345,-1.01148658170993,0.00961206918046875
1.31692117218509,0.682682216758047,-0.120475294569832,-0.0780391229864996,0.00599943815865457,-0.0780391229864996,0.00599943815865457,-1.01163471210417,0.00977923991063423
1.32605421596686,0.682413823729955,-0.121288160699878,-0.0780336209134655,0.00604469280650622,-0.0780336209134655,0.00604469280650621,-1.01178364895273,0.00994890296634093
1.33525059876274,0.68214151078161,-0.12210582891442,-0.0780279750026356,0.006090284676269,-0.0780279750026356,0.006090284676269,-1.0119333828416,0.0101210854036435
1.34451075983821,0.68186522649908,-0.122928309883803,-0.078022182437476,0.00613621550828025,-0.078022182437476,0.00613621550828025,-1.0120839040346,0.0102958143368737
1.3538351415051,0.681584918978815,-0.123755613886687,-0.0780162403639769,0.00618248702727867,-0.0780162403639769,0.00618248702727867,-1.01223520247151,0.0104731169333838
1.36322418914273,0.681300535827376,-0.124587750800963,-0.0780101458905596,0.00622910094174062,-0.0780101458905596,0.00622910094174063,-1.01238726776636,0.0106530204082222
1.37267835121923,0.681012024161265,-0.12542473009458,-0.0780038960879939,0.00627605894320929,-0.0780038960879939,0.00627605894320929,-1.01254008920578,0.0108355520187406
1.38219807931287,0.680719330606853,-0.126266560816286,-0.0779974879893262,0.00632336270561691,-0.0779974879893262,0.00632336270561691,-1.01269365574749,0.0110207390591385
1.39178382813373,0.680422401300413,-0.127113251586277,-0.0779909185898172,0.00637101388460007,-0.0779909185898173,0.00637101388460006,-1.01284795601898,0.0112086088549464
1.40143605554534,0.680121181888248,-0.127964810586766,-0.0779841848468922,0.00641901411680839,-0.0779841848468921,0.00641901411680838,-1.01300297831621,0.0113991887574533
1.4111552225866,0.679815617526934,-0.12882124555245,-0.0779772836801003,0.00646736501920665,-0.0779772836801003,0.00646736501920665,-1.01315871060257,0.0115925061380802
1.42094179349378,0.679505652883666,-0.129682563760904,-0.0779702119710871,0.0065160681883706,-0.0779702119710871,0.0065160681883706,-1.0133151405079,0.0117885883827039
1.43079623572268,0.679191232136706,-0.130548772022874,-0.0779629665635771,0.00656512519977652,-0.0779629665635771,0.00656512519977652,-1.01347225532764,0.0119874628859361
1.440719019971,0.678872298975954,-0.131419876672489,-0.0779555442633682,0.00661453760708479,-0.0779555442633682,0.00661453760708479,-1.01363004202219,0.012189157045359
1.45071062020079,0.678548796603617,-0.13229588355738,-0.077947941838339,0.00666430694141772,-0.077947941838339,0.00666430694141771,-1.01378848721635,0.0123936982557239
1.46077151366109,0.678220667735005,-0.133176798028712,-0.0779401560184664,0.00671443471063157,-0.0779401560184664,0.00671443471063158,-1.01394757719895,0.0126011139031175
1.47090218091073,0.677887854599432,-0.134062624931128,-0.0779321834958569,0.0067649223985833,-0.0779321834958569,0.0067649223985833,-1.01410729792258,0.0128114313590956
1.48110310584131,0.677550298941244,-0.134953368592603,-0.0779240209247892,0.00681577146439188,-0.0779240209247892,0.00681577146439187,-1.01426763500355,0.0130246779747951
1.49137477570027,0.677207942020959,-0.135849032814204,-0.0779156649217702,0.00686698334169464,-0.0779156649217702,0.00686698334169464,-1.0144285737219,0.0132408810750232
1.50171768111418,0.676860724616537,-0.13674962085977,-0.077907112065603,0.0069185594378988,-0.077907112065603,0.00691855943789879,-1.01459009902165,0.0134600679523307
1.5121323161122,0.676508587024769,-0.137655135445493,-0.0778983588974679,0.00697050113342816,-0.0778983588974679,0.00697050113342816,-1.01475219551115,0.0136822658610758
1.52261917814963,0.676151469062791,-0.138565578729415,-0.0778894019210171,0.00702280978096555,-0.0778894019210171,0.00702280978096555,-1.01491484746363,0.0139075020114782
1.53317876813171,0.675789310069734,-0.139480952300831,-0.0778802376024816,0.00707548670469085,-0.0778802376024816,0.00707548670469085,-1.01507803881787,0.0141358035636739
1.54381159043753,0.675422048908501,-0.140401257169606,-0.077870862370792,0.00712853319951515,-0.077870862370792,0.00712853319951515,-1.01524175317904,0.0143671976217717
1.55451815294413,0.675049623967674,-0.141326493755396,-0.0778612726177127,0.007181950530311,-0.0778612726177127,0.007181950530311,-1.01540597381971,0.0146017112279173
1.56529896705074,0.674671973163567,-0.142256661876781,-0.07785146469799,0.00723573993113906,-0.07785146469799,0.00723573993113906,-1.01557068368103,0.0148393713563716
1.57615454770323,0.674289033942407,-0.143191760740311,-0.0778414349295132,0.00728990260447152,-0.0778414349295132,0.00728990260447152,-1.01573586537401,0.0150802049076056
1.58708541341869,0.673900743282663,-0.144131788929453,-0.0778311795934907,0.00734443972041219,-0.0778311795934907,0.00734443972041219,-1.01590150118104,0.0153242387024197
1.5980920863102,0.67350703769752,-0.145076744393453,-0.0778206949346389,0.00739935241591391,-0.0778206949346389,0.00739935241591391,-1.01606757305753,0.0155714994760899
1.60917509211179,0.673107853237496,-0.146026624436101,-0.0778099771613868,0.00745464179399305,-0.0778099771613868,0.00745464179399305,-1.01623406263368,0.0158220138725488
1.62033496020352,0.672703125493212,-0.146981425704411,-0.0777990224460933,0.0075103089229418,-0.0777990224460933,0.0075103089229418,-1.0164009512165,0.0160758084386038
1.63157222363676,0.672292789598313,-0.147941144177206,-0.0777878269252799,0.00756635483553809,-0.0777878269252799,0.00756635483553809,-1.01656821979189,0.0163329096182017
1.64288741915971,0.671876780232551,-0.148905775153605,-0.0777763866998782,0.00762278052825362,-0.0777763866998782,0.00762278052825362,-1.01673584902693,0.0165933437467397
1.65428108724297,0.67145503162502,-0.149875313241434,-0.0777646978354908,0.0076795869604602,-0.0777646978354908,0.0076795869604602,-1.01690381927237,0.0168571370454329
1.6657537721054,0.671027477557558,-0.150849752345524,-0.0777527563626683,0.00773677505363451,-0.0777527563626683,0.00773677505363452,-1.01707211056516,0.0171243156157409
1.67730602174008,0.670594051368315,-0.151829085655938,-0.0777405582772004,0.0077943456905618,-0.0777405582772004,0.00779434569056179,-1.01724070263125,0.0173949054338604
1.68893838794052,0.670154685955493,-0.152813305636089,-0.0777280995404222,0.00785229971453836,-0.0777280995404222,0.00785229971453837,-1.01740957488848,0.0176689323452871
1.70065142632699,0.669709313781255,-0.153802404010776,-0.0777153760795355,0.0079106379285735,-0.0777153760795355,0.0079106379285735,-1.01757870644969,0.0179464220594537
1.71244569637308,0.669257866875815,-0.154796371754128,-0.0777023837879455,0.00796936109459085,-0.0777023837879455,0.00796936109459085,-1.01774807612588,0.0182274001444498
1.72432176143241,0.66880027684171,-0.155795199077452,-0.0776891185256123,0.00802846993262958,-0.0776891185256123,0.00802846993262958,-1.01791766242959,0.0185118920218265
1.73628018876552,0.668336474858252,-0.156798875416991,-0.077675576119418,0.00808796512004548,-0.077675576119418,0.00808796512004548,-1.01808744357844,0.0187999229614944
1.74832154956701,0.667866391686177,-0.157807389421595,-0.0776617523635493,0.00814784729071239,-0.0776617523635493,0.00814784729071239,-1.01825739749877,0.0190915180767159
1.7604464189928,0.667389957672482,-0.1588207289403,-0.0776476430198956,0.00820811703422417,-0.0776476430198956,0.00820811703422417,-1.01842750182944,0.0193867023192005
1.77265537618758,0.666907102755464,-0.15983888100981,-0.0776332438184621,0.00826877489509734,-0.0776332438184621,0.00826877489509734,-1.01859773392579,0.0196855004743067
1.78494900431252,0.666417756469956,-0.160861831841905,-0.0776185504577996,0.00832982137197485,-0.0776185504577996,0.00832982137197486,-1.01876807086368,0.0199879371563547
1.79732789057308,0.665921847952778,-0.161889566810744,-0.0776035586054489,0.00839125691683114,-0.0776035586054488,0.00839125691683114,-1.01893848944375,0.0202940368040564
1.80979262624709,0.665419305948393,-0.162922070440091,-0.0775882638984015,0.00845308193417859,-0.0775882638984015,0.0084530819341786,-1.01910896619573,0.0206038236760666
1.82234380671297,0.664910058814782,-0.163959326390449,-0.0775726619435767,0.00851529678027596,-0.0775726619435767,0.00851529678027596,-1.01927947738291,0.0209173218466583
1.83498203147818,0.664394034529544,-0.165001317446112,-0.077556748318313,0.00857790176233875,-0.077556748318313,0.00857790176233875,-1.01944999900677,0.0212345552015318
1.84770790420785,0.663871160696218,-0.166048025502128,-0.0775405185708775,0.00864089713775195,-0.0775405185708775,0.00864089713775195,-1.01962050681163,0.0215555474337556
1.86052203275364,0.663341364550836,-0.167099431551182,-0.0775239682209894,0.00870428311328534,-0.0775239682209894,0.00870428311328534,-1.01979097628956,0.0218803220398489
1.87342502918271,0.662804572968722,-0.168155515670395,-0.0775070927603609,0.00876805984431157,-0.0775070927603609,0.00876805984431157,-1.01996138268523,0.0222089023160051
1.88641750980704,0.662260712471523,-0.169216257008043,-0.0774898876532536,0.00883222743402745,-0.0774898876532536,0.00883222743402745,-1.02013170100103,0.0225413113544665
1.89950009521279,0.661709709234493,-0.170281633770198,-0.077472348337051,0.00889678593267852,-0.077472348337051,0.00889678593267852,-1.02030190600218,0.0228775720400477
1.91267341029,0.661151489094033,-0.171351623207292,-0.0774544702228475,0.00896173533678715,-0.0774544702228475,0.00896173533678715,-1.020471972222,0.0232177070468156
1.92593808426241,0.660585977555488,-0.172426201600603,-0.0774362486960538,0.00902707558838478,-0.0774362486960538,0.00902707558838479,-1.02064187396721,0.023561738834928
1.93929475071751,0.660013099801207,-0.173505344248674,-0.0774176791170176,0.00909280657424806,-0.0774176791170176,0.00909280657424806,-1.02081158532342,0.0239096896476357
1.95274404763682,0.659432780698881,-0.174589025453656,-0.077398756821662,0.0091589281251394,-0.077398756821662,0.0091589281251394,-1.0209810801606,0.0242615815084504
1.96628661742637,0.658844944810153,-0.175677218507589,-0.077379477122139,0.00922544001505243,-0.077379477122139,0.00922544001505243,-1.02115033213865,0.0246174362184805
1.97992310694735,0.658249516399511,-0.176769895678611,-0.0773598353075003,0.00929234196046215,-0.0773598353075003,0.00929234196046215,-1.02131931471313,0.0249772753539412
1.99365416754703,0.65764641944348,-0.177867028197113,-0.0773398266443842,0.0093596336195804,-0.0773398266443842,0.0093596336195804,-1.0214880011409,0.0253411202638372
2.00748045508988,0.657035577640095,-0.17896858624183,-0.0773194463777188,0.00942731459161681,-0.0773194463777188,0.00942731459161681,-1.02165636448598,0.0257089920678256
2.0214026299889,0.656416914418696,-0.180074538925876,-0.0772986897314418,0.00949538441604547,-0.0772986897314418,0.00949538441604547,-1.02182437762538,0.0260809116542572
2.03542135723711,0.655790352950009,-0.181184854282733,-0.0772775519092371,0.00956384257187762,-0.0772775519092371,0.00956384257187762,-1.02199201325495,0.0264568996784
2.0495373064394,0.655155816156567,-0.182299499252187,-0.0772560280952874,0.00963268847694064,-0.0772560280952874,0.00963268847694064,-1.02215924389536,0.0268369765608479
2.06375115184445,0.654513226723437,-0.18341843966622,-0.0772341134550442,0.00970192148716368,-0.0772341134550443,0.00970192148716368,-1.02232604189807,0.0272211624861157
2.07806357237695,0.653862507109281,-0.18454164023487,-0.0772118031360135,0.00977154089586997,-0.0772118031360135,0.00977154089586997,-1.02249237945134,0.0276094774014217
2.09247525167004,0.653203579557752,-0.185669064532047,-0.0771890922685586,0.00984154593307644,-0.0771890922685585,0.00984154593307644,-1.02265822858623,0.0280019410156587
2.10698687809795,0.652536366109238,-0.186800674981325,-0.0771659759667198,0.00991193576480061,-0.0771659759667198,0.00991193576480062,-1.02282356118269,0.0283985727985578
2.12159914480891,0.651860788612948,-0.18793643284171,-0.0771424493290504,0.00998270949237533,-0.0771424493290504,0.00998270949237533,-1.0229883489756,0.0287993919800408
2.1363127497582,0.651176768739361,-0.189076298193383,-0.0771185074394696,0.0100538661517713,-0.0771185074394696,0.0100538661517713,-1.02315256356085,0.0292044175497677
2.15112839574156,0.650484227993031,-0.190220229923439,-0.0770941453681321,0.010125404712928,-0.0770941453681321,0.010125404712928,-1.02331617640141,0.0296136682568753
2.1660467904287,0.649783087725772,-0.191368185711614,-0.0770693581723144,0.0101973240790934,-0.0770693581723144,0.0101973240790934,-1.0234791588334,0.0300271626099089
2.18106864639712,0.64907326915021,-0.192520122016005,-0.0770441408973183,0.0102696230861719,-0.0770441408973183,0.0102696230861718,-1.02364148207212,0.0304449188769492
2.19619468116618,0.64835469335373,-0.193675994058811,-0.0770184885773904,0.0103423005020821,-0.0770184885773904,0.0103423005020821,-1.02380311721813,0.0308669550859305
2.21142561723131,0.647627281312802,-0.194835755812072,-0.0769923962366595,0.0104153550261239,-0.0769923962366595,0.0104153550261239,-1.0239640352632,0.0312932890251524
2.22676218209858,0.646890953907716,-0.195999359983438,-0.0769658588900899,0.0104887852883552,-0.0769658588900899,0.0104887852883552,-1.02412420709632,0.0317239382439837
2.24220510831939,0.646145631937714,-0.197166758001961,-0.0769388715444523,0.0105625898489787,-0.0769388715444523,0.0105625898489787,-1.02428360350964,0.0321589200537589
2.25775513352553,0.64539123613654,-0.198337900003922,-0.0769114291993109,0.0106367671977393,-0.0769114291993109,0.0106367671977393,-1.02444219520435,0.0325982515288632
2.27341300046436,0.6446276871884,-0.199512734818712,-0.0768835268480287,0.0107113157533324,-0.0768835268480287,0.0107113157533324,-1.02459995279652,0.0330419495080091
2.28917945703428,0.643854905744358,-0.200691209954751,-0.0768551594787875,0.0107862338628229,-0.0768551594787875,0.0107862338628229,-1.0247568468229,0.0334900305956997
2.30505525632052,0.643072812439152,-0.201873271585479,-0.0768263220756277,0.0108615198010757,-0.0768263220756277,0.0108615198010757,-1.02491284774664,0.0339425111638772
2.32104115663104,0.642281327908457,-0.203058864535418,-0.0767970096195025,0.0109371717701984,-0.0767970096195025,0.0109371717701985,-1.02506792596293,0.0343994073537587
2.33713792153279,0.64148037280659,-0.20424793226631,-0.0767672170893507,0.0110131878989958,-0.0767672170893507,0.0110131878989958,-1.02522205180457,0.0348607350778509
2.35334631988814,0.64066986782466,-0.205440416863351,-0.076736939463186,0.0110895662424364,-0.076736939463186,0.0110895662424364,-1.0253751955475,0.0353265100221473
2.36966712589169,0.639849733709188,-0.206636259021523,-0.0767061717192029,0.0111663047811331,-0.0767061717192029,0.0111663047811331,-1.02552732741617,0.0357967476485009
2.38610111910714,0.639019891281173,-0.207835398032039,-0.0766749088369006,0.0112434014208354,-0.0766749088369006,0.0112434014208354,-1.02567841758887,0.0362714631971738
2.40264908450462,0.638180261455641,-0.209037771768917,-0.0766431457982224,0.011320853991937,-0.0766431457982224,0.011320853991937,-1.02582843620294,0.0367506716895566
2.41931181249812,0.637330765261662,-0.21024331667568,-0.076610877588714,0.0113986602489955,-0.076610877588714,0.0113986602489955,-1.02597735335987,0.037234387931057
2.43609009898327,0.636471323862846,-0.21145196775221,-0.076578099198697,0.0114768178702683,-0.076578099198697,0.0114768178702683,-1.02612513913031,0.0377226265141551
2.45298474537537,0.635601858578327,-0.212663658541757,-0.0765448056244605,0.0115553244572622,-0.0765448056244605,0.0115553244572622,-1.02627176355895,0.038215401821619
2.46999655864764,0.634722290904236,-0.213878321118124,-0.0765109918694693,0.0116341775342983,-0.0765109918694693,0.0116341775342983,-1.02641719666928,0.0387127280298791
2.48712635136979,0.633832542535668,-0.215095886073036,-0.0764766529455893,0.0117133745480928,-0.0764766529455893,0.0117133745480928,-1.02656140846822,0.0392146191125579
2.50437494174681,0.632932535389148,-0.216316282503705,-0.0764417838743291,0.0117929128673542,-0.0764417838743291,0.0117929128673542,-1.02670436895059,0.0397210888441486
2.52174315365806,0.632022191625604,-0.217539438000606,-0.0764063796880999,0.0118727897823959,-0.0764063796880999,0.0118727897823959,-1.02684604810355,0.0402321508038406
2.53923181669665,0.631101433673845,-0.218765278635491,-0.0763704354314904,0.0119530025047671,-0.0763704354314904,0.0119530025047671,-1.02698641591075,0.0407478183794878
2.55684176620901,0.630170184254546,-0.219993728949624,-0.0763339461625605,0.0120335481669002,-0.0763339461625605,0.0120335481669002,-1.02712544235644,0.0412681047717124
2.57457384333485,0.629228366404761,-0.221224711942294,-0.07629690695415,0.0121144238217764,-0.07629690695415,0.0121144238217764,-1.02726309742941,0.0417930229981437
2.59242889504728,0.628275903502938,-0.222458149059582,-0.0762593128952054,0.0121956264426099,-0.0762593128952054,0.0121956264426099,-1.02739935112671,0.0423225858977831
2.61040777419332,0.627312719294461,-0.22369396018342,-0.0762211590921223,0.0122771529225504,-0.0762211590921223,0.0122771529225504,-1.02753417345732,0.0428568061354929
2.6285113395346,0.626338737917723,-0.22493206362096,-0.0761824406701054,0.0123590000744059,-0.0761824406701053,0.0123590000744058,-1.02766753444557,0.0433956962066041
2.64674045578839,0.625353883930703,-0.226172376094248,-0.0761431527745436,0.012441164630384,-0.0761431527745436,0.012441164630384,-1.02779940413443,0.0439392684416349
2.6650959936689,0.624358082338094,-0.227414812730247,-0.0761032905724032,0.0125236432418554,-0.0761032905724032,0.0125236432418555,-1.02792975258862,0.0444875350111198
2.68357882992886,0.623351258618937,-0.228659287051205,-0.0760628492536359,0.0126064324791369,-0.0760628492536359,0.0126064324791369,-1.02805854989755,0.0450405079305388
2.70218984740145,0.622333338754794,-0.229905710965393,-0.0760218240326035,0.0126895288312962,-0.0760218240326035,0.0126895288312962,-1.02818576617809,0.0455981990653443
2.72092993504239,0.621304249258444,-0.231153994758235,-0.0759802101495191,0.0127729287059795,-0.0759802101495192,0.0127729287059795,-1.02831137157714,0.0461606201360803
2.73979998797246,0.620263917203114,-0.232404047083836,-0.0759380028719034,0.012856628429261,-0.0759380028719034,0.012856628429261,-1.02843533627403,0.046727782723585
2.75880090752022,0.619212270252225,-0.233655774956945,-0.0758951974960571,0.0129406242455154,-0.0758951974960571,0.0129406242455154,-1.02855763048277,0.0472996982742763
2.77793360126509,0.618149236689672,-0.234909083745346,-0.0758517893485489,0.0130249123173152,-0.0758517893485489,0.0130249123173152,-1.02867822445401,0.0478763781055097
2.79719898308069,0.617074745450626,-0.236163877162721,-0.0758077737877186,0.0131094887253513,-0.0758077737877186,0.0131094887253513,-1.02879708847694,0.0484578334110057
2.81659797317847,0.615988726152856,-0.23742005726199,-0.0757631462051959,0.0131943494683793,-0.0757631462051959,0.0131943494683793,-1.02891419288088,0.0490440752663389
2.83613149815172,0.614891109128565,-0.238677524429145,-0.0757179020274332,0.0132794904631911,-0.0757179020274332,0.0132794904631911,-1.0290295080368,0.0496351146344855
2.85580049101974,0.613781825456754,-0.239936177377611,-0.075672036717254,0.0133649075446126,-0.075672036717254,0.0133649075446126,-1.0291430043585,0.0502309623714198
2.87560589127251,0.612660806996077,-0.241195913143139,-0.0756255457754154,0.0134505964655288,-0.0756255457754154,0.0134505964655288,-1.0292546523037,0.0508316292317569
2.89554864491548,0.611527986418219,-0.242456627079261,-0.0755784247421843,0.0135365528969359,-0.0755784247421843,0.0135365528969359,-1.02936442237492,0.0514371258744332
2.91562970451479,0.610383297241764,-0.243718212853323,-0.0755306691989284,0.0136227724280216,-0.0755306691989284,0.0136227724280216,-1.02947228512011,0.0520474628684215
2.93585002924278,0.609226673866562,-0.244980562443112,-0.0754822747697197,0.0137092505662746,-0.0754822747697197,0.0137092505662746,-1.0295782111331,0.0526626506984705
2.95621058492378,0.608058051608581,-0.246243566134114,-0.0754332371229518,0.0137959827376233,-0.0754332371229518,0.0137959827376233,-1.0296821710539,0.0532826997708683
2.97671234408028,0.606877366735238,-0.247507112517398,-0.07538355197297,0.0138829642866045,-0.07538355197297,0.0138829642866045,-1.02978413556872,0.0539076204192181
2.99735628597932,0.605684556501206,-0.24877108848817,-0.0753332150817138,0.0139701904765636,-0.0753332150817138,0.0139701904765636,-1.02988407540982,0.0545374229102236
3.01814339667932,0.604479559184683,-0.250035379245006,-0.0752822222603709,0.0140576564898854,-0.0752822222603709,0.0140576564898854,-1.02998196135521,0.0551721174494786
3.03907466907719,0.603262314124108,-0.251299868289787,-0.0752305693710435,0.0141453574282579,-0.0752305693710435,0.0141453574282579,-1.03007776422804,0.0558117141872528
3.06015110295567,0.602032761755332,-0.252564437428356,-0.0751782523284256,0.0142332883129686,-0.0751782523284256,0.0142332883129686,-1.03017145489587,0.0564562232242677
3.08137370503119,0.60079084364921,-0.253828966771924,-0.0751252671014902,0.0143214440852347,-0.0751252671014902,0.0143214440852347,-1.03026300426974,0.05710565461746
3.10274348900188,0.59953650254962,-0.255093334739235,-0.0750716097151878,0.0144098196065672,-0.0750716097151878,0.0144098196065672,-1.03035238330298,0.0577600183857231
3.12426147559604,0.598269682411887,-0.256357418059523,-0.0750172762521532,0.0144984096591702,-0.0750172762521532,0.0144984096591702,-1.03043956298987,0.058419324515622
3.14592869262085,0.596990328441607,-0.257621091776271,-0.0749622628544225,0.0145872089463763,-0.0749622628544225,0.0145872089463762,-1.03052451436409,0.0590835829670785
3.16774617501149,0.595698387133839,-0.258884229251803,-0.0749065657251573,0.0146762120931176,-0.0749065657251573,0.0146762120931176,-1.03060720849695,0.0597528036790159
3.18971496488059,0.594393806312675,-0.260146702172723,-0.0748501811303776,0.0147654136464349,-0.0748501811303776,0.0147654136464349,-1.03068761649548,0.0604269965749636
3.21183611156796,0.593076535171157,-0.261408380556221,-0.0747931054007015,0.0148548080760233,-0.0747931054007015,0.0148548080760233,-1.03076570950023,0.0611061715686094
3.23411067169074,0.591746524311517,-0.26266913275727,-0.0747353349330907,0.0149443897748178,-0.0747353349330907,0.0149443897748178,-1.03084145868297,0.0617903385693028
3.25653970919388,0.590403725785744,-0.263928825476741,-0.0746768661926029,0.0150341530596167,-0.0746768661926029,0.0150341530596167,-1.03091483524413,0.0624795074874938
3.27912429540095,0.589048093136446,-0.265187323770431,-0.0746176957141475,0.0151240921717463,-0.0746176957141475,0.0151240921717463,-1.03098581041012,0.0631736882401109
3.30186550906528,0.587679581437982,-0.266444491059063,-0.074557820104247,0.0152142012777648,-0.0745578201042471,0.0152142012777648,-1.03105435543036,0.0638728907558681
3.32476443642155,0.58629814733786,-0.267700189139237,-0.0744972360428007,0.0153044744702084,-0.0744972360428007,0.0153044744702084,-1.03112044157423,0.0645771249804958
3.3478221712376,0.584903749098373,-0.268954278195378,-0.074435940284851,0.0153949057683786,-0.074435940284851,0.0153949057683786,-1.03118404012778,0.0652864008818945
3.37103981486675,0.583496346638438,-0.270206616812697,-0.074373929662351,0.0154854891191728,-0.074373929662351,0.0154854891191728,-1.03124512239022,0.0660007284552022
3.39441847630035,0.582075901575644,-0.271457061991166,-0.0743112010859339,0.0155762183979572,-0.0743112010859339,0.0155762183979572,-1.03130365967036,0.0667201177277729
3.41795927222076,0.580642377268457,-0.272705469160553,-0.0742477515466801,0.0156670874094839,-0.0742477515466801,0.0156670874094839,-1.03135962328271,0.0674445787640606
3.44166332705473,0.579195738858577,-0.273951692196501,-0.0741835781178846,0.0157580898888529,-0.0741835781178846,0.0157580898888529,-1.03141298454351,0.0681741216704059
3.46553177302703,0.577735953313406,-0.275195583437708,-0.0741186779568211,0.0158492195025178,-0.0741186779568211,0.0158492195025178,-1.03146371476658,0.0689087565997185
3.48956575021462,0.576262989468622,-0.276436993704183,-0.0740530483065028,0.0159404698493385,-0.0740530483065028,0.0159404698493385,-1.03151178525898,0.0696484937560523
3.51376640660105,0.574776818070805,-0.277675772316629,-0.0739866864974392,0.0160318344616792,-0.0739866864974392,0.0160318344616792,-1.03155716731648,0.0703933433990705
3.53813489813128,0.573277411820119,-0.278911767116947,-0.0739195899493861,0.0161233068065526,-0.0739195899493861,0.0161233068065526,-1.03159983221893,0.071143315848393
3.56267238876697,0.571764745412985,-0.280144824489885,-0.0738517561730897,0.0162148802868128,-0.0738517561730897,0.0162148802868128,-1.03163975122541,0.0718984214878253
3.58738005054197,0.57023879558475,-0.281374789385846,-0.0737831827720222,0.0163065482423938,-0.0737831827720222,0.0163065482423938,-1.03167689556927,0.0726586707694642
3.61225906361841,0.568699541152301,-0.282601505344864,-0.073713867444108,0.0163983039515981,-0.073713867444108,0.0163983039515981,-1.03171123645297,0.0734240742176747
3.63731061634298,0.567146963056596,-0.283824814521767,-0.0736438079834395,0.0164901406324319,-0.0736438079834395,0.0164901406324319,-1.03174274504283,0.0741946424329385
3.66253590530377,0.565581044405089,-0.285044557712532,-0.0735730022819807,0.0165820514439909,-0.0735730022819807,0.0165820514439909,-1.03177139246357,0.0749703860955654
3.68793613538733,0.564001770514002,-0.286260574381853,-0.0735014483312581,0.016674029487894,-0.0735014483312581,0.016674029487894,-1.03179714979275,0.0757513159692694
3.71351251983634,0.562409128950426,-0.287472702691924,-0.073429144224036,0.0167660678097675,-0.073429144224036,0.0167660678097675,-1.03181998805505,0.0765374429046007
3.73926628030746,0.560803109574206,-0.288680779532448,-0.073356088155977,0.0168581594007789,-0.073356088155977,0.0168581594007789,-1.03183987821644,0.0773287778422377
3.76519864692972,0.559183704579579,-0.289884640551882,-0.0732822784272835,0.0169502971992207,-0.0732822784272835,0.0169502971992207,-1.03185679117817,0.078125331816127
3.7913108583633,0.557550908536526,-0.291084120189934,-0.0732077134443218,0.0170424740921448,-0.0732077134443218,0.0170424740921448,-1.03187069777068,0.0789271159564768
3.81760416185865,0.555904718431815,-0.292279051711299,-0.0731323917212245,0.0171346829170472,-0.0731323917212245,0.0171346829170472,-1.03188156874736,0.0797341414925959
3.84407981331609,0.554245133709673,-0.293469267240659,-0.0730563118814719,0.0172269164636039,-0.0730563118814719,0.0172269164636039,-1.03188937477819,0.0805464197555757
3.87073907734582,0.552572156312075,-0.294654597798939,-0.0729794726594485,0.017319167475457,-0.0729794726594485,0.017319167475457,-1.03189408644326,0.0813639621808172
3.89758322732826,0.5508857907186,-0.295834873340835,-0.0729018729019761,0.017411428652052,-0.0729018729019761,0.017411428652052,-1.0318956742262,0.0821867803103936
3.92461354547494,0.549186043985813,-0.297009922793604,-0.0728235115698186,0.0175036926505256,-0.0728235115698186,0.0175036926505256,-1.03189410850747,0.0830148857952517
3.95183132288971,0.547472925786137,-0.298179574097116,-0.0727443877391594,0.0175959520876451,-0.0727443877391594,0.0175959520876451,-1.03188935955754,0.0838482903972482
3.97923785963041,0.545746448446178,-0.299343654245191,-0.0726645006030479,0.0176881995417973,-0.0726645006030479,0.0176881995417973,-1.03188139753001,0.0846870059910164
4.00683446477099,0.544006626984463,-0.300501989328183,-0.0725838494728156,0.0177804275550289,-0.0725838494728156,0.0177804275550289,-1.03187019245459,0.085531044565666
4.03462245646401,0.542253479148539,-0.301654404576846,-0.0725024337794571,0.0178726286351369,-0.0725024337794571,0.0178726286351369,-1.03185571422998,0.0863804182263087
4.06260316200361,0.540487025451404,-0.302800724407451,-0.0724202530749771,0.017964795257809,-0.0724202530749771,0.017964795257809,-1.0318379326167,0.0872351391954125
4.09077791788892,0.538707289207232,-0.303940772468157,-0.0723373070337003,0.018056919868814,-0.0723373070337003,0.018056919868814,-1.0318168172298,0.0880952198139794
4.11914806988789,0.536914296566331,-0.305074371686643,-0.0722535954535426,0.0181489948862414,-0.0722535954535426,0.0181489948862414,-1.03179233753151,0.0889606725425471
4.14771497310157,0.535108076549317,-0.306201344318964,-0.0721691182572414,0.0182410127027899,-0.0721691182572413,0.0182410127027899,-1.03176446282374,0.0898315099620115
4.17647999202884,0.533288661080432,-0.307321511999658,-0.0720838754935447,0.0183329656881046,-0.0720838754935446,0.0183329656881046,-1.03173316224064,0.0907077447742704
4.20544450063156,0.531456085020003,-0.308434695793058,-0.0719978673383555,0.018424846191162,-0.0719978673383555,0.018424846191162,-1.03169840474092,0.0915893898026852
4.23460988240025,0.529610386195957,-0.309540716245823,-0.0719110940958308,0.0185166465427024,-0.0719110940958308,0.0185166465427024,-1.03166015910025,0.0924764579923599
4.26397753042013,0.527751605434377,-0.310639393440659,-0.0718235561994328,0.0186083590577083,-0.0718235561994328,0.0186083590577083,-1.03161839390349,0.0933689624102369
4.29354884743766,0.525879786589054,-0.31173054705123,-0.0717352542129311,0.0186999760379297,-0.0717352542129311,0.0186999760379297,-1.03157307753693,0.0942669162450081
4.32332524592758,0.52399497656998,-0.312813996398214,-0.0716461888313533,0.0187914897744535,-0.0716461888313533,0.0187914897744535,-1.0315241781804,0.0951703328068388
4.35330814816033,0.522097225370744,-0.313889560506527,-0.0715563608818834,0.0188828925503174,-0.0715563608818834,0.0188828925503174,-1.03147166379941,0.0960792255269053
4.38349898627002,0.520186586094803,-0.314957058163655,-0.0714657713247046,0.0189741766431673,-0.0714657713247046,0.0189741766431673,-1.03141550213715,0.0969936079567459
4.41389920232282,0.518263114980564,-0.316016307979099,-0.0713744212537863,0.0190653343279562,-0.0713744212537863,0.0190653343279562,-1.03135566070652,0.0979134937674207
4.44451024838583,0.516326871425244,-0.317067128444897,-0.0712823118976126,0.0191563578796845,-0.0712823118976126,0.0191563578796845,-1.03129210678207,0.0988388967484833
4.47533358659646,0.51437791800748,-0.31810933799721,-0.0711894446198506,0.0192472395761806,-0.0711894446198506,0.0192472395761806,-1.03122480739191,0.099769830806763
4.50637068923228,0.512416320508619,-0.319142755078929,-0.0710958209199572,0.0193379717009196,-0.0710958209199572,0.0193379717009196,-1.03115372930958,0.100706309964954
4.53762303878129,0.510442147932674,-0.320167198203288,-0.0710014424337224,0.0194285465458795,-0.0710014424337224,0.0194285465458795,-1.03107883904591,0.101648348360013
4.56909212801278,0.508455472524892,-0.321182486018459,-0.0709063109337473,0.0195189564144336,-0.0709063109337473,0.0195189564144336,-1.0310001028408,0.102595960241371
4.60077946004862,0.506456369788897,-0.322188437373077,-0.0708104283298551,0.0196091936242776,-0.070810428329855,0.0196091936242776,-1.03091748665504,0.103549159968939
4.63268654843505,0.504444918502373,-0.323184871382684,-0.0707137966694339,0.0196992505103888,-0.0707137966694339,0.0196992505103888,-1.03083095616204,0.104507962010937
4.66481491721498,0.502421200731236,-0.324171607497043,-0.0706164181377093,0.019789119428018,-0.0706164181377093,0.019789119428018,-1.03074047673958,0.105472380941516
4.69716610100076,0.500385301842276,-0.325148465568302,-0.070518295057945,0.0198787927557104,-0.070518295057945,0.0198787927557104,-1.03064601346154,0.106442431438193
4.72974164504755,0.498337310514216,-0.32611526591995,-0.0704194298915704,0.0199682628983547,-0.0704194298915704,0.0199682628983547,-1.03054753108958,0.107418128279092
4.76254310532705,0.496277318747163,-0.327071829416541,-0.0703198252382336,0.0200575222902586,-0.0703198252382336,0.0200575222902586,-1.03044499406487,0.108399486339983
4.79557204860185,0.494205421870406,-0.328017977534152,-0.0702194838357776,0.0201465633982482,-0.0702194838357776,0.0201465633982482,-1.03033836649977,0.10938652059114
4.82883005250031,0.492121718548539,-0.328953532431506,-0.070118408560139,0.0202353787247909,-0.070118408560139,0.0202353787247909,-1.0302276121695,0.110379246093987
4.86231870559183,0.490026310785863,-0.329878317021746,-0.0700166024251684,0.0203239608111373,-0.0700166024251684,0.0203239608111373,-1.03011269450383,0.111377677997563
4.89603960746281,0.487919303929045,-0.330792155044805,-0.0699140685823693,0.0204123022404827,-0.0699140685823693,0.0204123022404827,-1.02999357657878,0.112381831534783
4.92999436879299,0.485800806668005,-0.331694871140313,-0.0698108103205561,0.0205003956411439,-0.0698108103205561,0.0205003956411439,-1.02987022110827,0.113391722018506
4.96418461143244,0.483670931034987,-0.332586290921012,-0.069706831065429,0.0205882336897509,-0.069706831065429,0.0205882336897509,-1.02974259043586,0.114407364837408
4.99861196847899,0.481529792401803,-0.333466241046624,-0.0696021343790653,0.0206758091144499,-0.0696021343790653,0.0206758091144499,-1.02961064652642,0.115428775451656
5.03327808435624,0.479377509475221,-0.334334549298115,-0.0694967239593246,0.0207631146981151,-0.0694967239593246,0.0207631146981151,-1.02947435095788,0.116455969388391
5.06818461489212,0.477214204290456,-0.335191044652313,-0.0693906036391694,0.020850143281569,-0.0693906036391694,0.020850143281569,-1.02933366491294,0.117488962237006
5.10333322739797,0.475040002202762,-0.336035557356817,-0.0692837773858972,0.0209368877668062,-0.0692837773858972,0.0209368877668062,-1.02918854917081,0.118527769644239
5.13872560074817,0.472855031877092,-0.336867919005156,-0.0691762493002859,0.0210233411202194,-0.0691762493002859,0.0210233411202195,-1.02903896409905,0.119572407309057
5.17436342546036,0.470659425275804,-0.337687962612128,-0.0690680236156495,0.0211094963758259,-0.0690680236156495,0.0211094963758259,-1.02888486964528,0.120622890977357
5.21024840377617,0.468453317644402,-0.338495522689277,-0.068959104696805,0.0211953466384897,-0.068959104696805,0.0211953466384896,-1.02872622532907,0.121679236436455
5.24638224974252,0.466236847495289,-0.33929043532044,-0.068849497038949,0.0212808850871388,-0.0688494970389489,0.0212808850871388,-1.0285629902338,0.122741459509392
5.2827666892935,0.464010156589519,-0.34007253823731,-0.0687392052664433,0.0213661049779746,-0.0687392052664433,0.0213661049779746,-1.02839512299848,0.123809576049034
5.31940346033281,0.461773389916537,-0.340841670894958,-0.0686282341315103,0.0214509996476687,-0.0686282341315103,0.0214509996476687,-1.02822258180976,0.12488360193198
5.35629431281677,0.459526695671891,-0.341597674547244,-0.0685165885128359,0.0215355625165476,-0.068516588512836,0.0215355625165476,-1.02804532439383,0.125963553052268
5.39344100883792,0.457270225232917,-0.342340392322076,-0.0684042734140811,0.0216197870917591,-0.0684042734140811,0.0216197870917591,-1.02786330800844,0.12704944531489
5.43084532270915,0.455004133132373,-0.343069669296431,-0.0682912939623013,0.0217036669704209,-0.0682912939623012,0.0217036669704209,-1.02767648943497,0.128141294629103
5.4685090410485,0.452728577030037,-0.343785352571094,-0.0681776554062738,0.021787195842745,-0.0681776554062738,0.021787195842745,-1.02748482497049,0.129239116901549
5.50643396286443,0.450443717682248,-0.344487291345047,-0.0680633631147333,0.0218703674951386,-0.0680633631147333,0.0218703674951386,-1.02728827041991,0.130342928029169
5.54462189964184,0.448149718909398,-0.34517533698944,-0.0679484225745144,0.0219531758132752,-0.0679484225745144,0.0219531758132752,-1.02708678108816,0.13145274389193
5.58307467542852,0.445846747561384,-0.345849343121085,-0.0678328393886033,0.022035614785136,-0.0678328393886033,0.022035614785136,-1.02688031177249,0.132568580345343
5.6217941269223,0.443534973481003,-0.346509165675412,-0.0677166192740973,0.0221176785040163,-0.0677166192740973,0.0221176785040163,-1.02666881675468,0.13369045321279
5.66078210355879,0.441214569465312,-0.347154662978811,-0.0675997680600735,0.0221993611714949,-0.0675997680600735,0.0221993611714949,-1.02645224979348,0.13481837827765
5.70004046759971,0.43888571122496,-0.347785695820317,-0.0674822916853661,0.022280657100364,-0.0674822916853661,0.022280657100364,-1.026230564117,0.135952371275228
5.73957109422183,0.436548577341498,-0.348402127522542,-0.0673641961962541,0.0223615607175158,-0.0673641961962541,0.0223615607175158,-1.02600371241519,0.137092447884483
5.77937587160657,0.434203349222671,-0.349003824011824,-0.0672454877440599,0.0224420665667827,-0.0672454877440599,0.0224420665667827,-1.02577164683241,0.138238623719559
5.81945670103016,0.43185021105573,-0.349590653887503,-0.0671261725826582,0.0225221693117292,-0.0671261725826582,0.0225221693117292,-1.02553431896006,0.139390914321114
5.85981549695445,0.429489349758754,-0.350162488490269,-0.0670062570658981,0.0226018637383915,-0.0670062570658981,0.0226018637383915,-1.02529167982924,0.140549335147453
5.90045418711838,0.427120954930029,-0.350719201969525,-0.0668857476449382,0.0226811447579625,-0.0668857476449382,0.0226811447579625,-1.02504367990357,0.141713901565458
5.94137471263004,0.424745218795472,-0.351260671349683,-0.0667646508654963,0.0227600074094181,-0.0667646508654963,0.0227600074094181,-1.024790269072,0.142884628841321
5.9825790280594,0.422362336154165,-0.351786776595354,-0.0666429733650141,0.0228384468620842,-0.0666429733650141,0.0228384468620842,-1.02453139664176,0.144061532131071
6.02406910153166,0.419972504321983,-0.352297400675345,-0.0665207218697398,0.0229164584181385,-0.0665207218697398,0.0229164584181385,-1.02426701133137,0.145244626470911
6.06584691482126,0.41757592307338,-0.352792429625424,-0.0663979031917286,0.0229940375150469,-0.0663979031917286,0.0229940375150469,-1.02399706126374,0.146433926767338
6.10791446344653,0.415172794581345,-0.353271752609767,-0.0662745242257633,0.02307117972793,-0.0662745242257633,0.02307117972793,-1.02372149395935,0.147629447787075
6.15027375676503,0.412763323355557,-0.353735261981054,-0.0661505919461965,0.0231478807718573,-0.0661505919461965,0.0231478807718573,-1.02344025632955,0.148831204146798
6.19292681806951,0.410347716178794,-0.354182853339132,-0.0660261134037164,0.0232241365040672,-0.0660261134037164,0.0232241365040672,-1.0231532946699,0.150039210302654
6.23587568468454,0.407926182041619,-0.354614425588198,-0.0659010957220378,0.0232999429261085,-0.0659010957220378,0.0232999429261085,-1.02286055465369,0.151253480539585
6.27912240806387,0.405498932075377,-0.355029880992439,-0.0657755460945202,0.0233752961859021,-0.0657755460945202,0.0233752961859021,-1.02256198132548,0.152474028960441
6.32266905388835,0.403066179483569,-0.355429125230084,-0.0656494717807153,0.0234501925797197,-0.0656494717807153,0.0234501925797197,-1.02225751909478,0.153700869474899
6.36651770216467,0.400628139471615,-0.355812067445794,-0.0655228801028463,0.023524628554077,-0.0655228801028463,0.023524628554077,-1.02194711172985,0.154934015788168
6.41067044732463,0.398185029175086,-0.356178620301353,-0.0653957784422204,0.0235986007075392,-0.0653957784422204,0.0235986007075392,-1.02163070235158,0.156173481389493
6.45512939832527,0.395737067586419,-0.356528700024603,-0.0652681742355777,0.0236721057924356,-0.0652681742355777,0.0236721057924355,-1.02130823342752,0.157419279540458
6.49989667874954,0.393284475480194,-0.356862226456571,-0.065140074971379,0.0237451407164819,-0.065140074971379,0.0237451407164819,-1.02097964676596,0.158671423263078
6.54497442690774,0.390827475337007,-0.357179123096735,-0.0650114881860339,0.0238177025443079,-0.0650114881860339,0.0238177025443079,-1.02064488351021,0.159929925327689
6.5903647959397,0.388366291266003,-0.357479317146397,-0.0648824214600734,0.0238897884988867,-0.0648824214600734,0.0238897884988867,-1.02030388413298,0.161194798240623
6.63606995391757,0.385901148926115,-0.357762739550093,-0.0647528824142688,0.0239613959628664,-0.0647528824142687,0.0239613959628664,-1.01995658843082,0.162466054231693
6.68209208394941,0.383432275446072,-0.358029325035025,-0.0646228787056994,0.0240325224797987,-0.0646228787056994,0.0240325224797987,-1.01960293551879,0.163743705241452
6.72843338428345,0.380959899343241,-0.358279012148449,-0.0644924180237732,0.0241031657552657,-0.0644924180237732,0.0241031657552657,-1.01924286382519,0.165027762908255
6.77509606841313,0.378484250441349,-0.358511743292989,-0.0643615080862016,0.0241733236579004,-0.0643615080862016,0.0241733236579004,-1.01887631108647,0.166318238555108
6.82208236518274,0.376005559787162,-0.35872746475985,-0.0642301566349331,0.0242429942203012,-0.0642301566349331,0.0242429942203012,-1.01850321434226,0.167615143176312
6.86939451889399,0.373524059566169,-0.358926126759869,-0.0640983714320482,0.0243121756398374,-0.0640983714320482,0.0243121756398374,-1.01812350993055,0.168918487423892
6.91703478941313,0.371039983017353,-0.359107683452398,-0.0639661602556181,0.0243808662793446,-0.0639661602556181,0.0243808662793446,-1.017737133483,0.170228281593822
6.96500545227891,0.368553564347102,-0.359272092971969,-0.0638335308955313,0.0244490646677088,-0.0638335308955313,0.0244490646677088,-1.01734401992044,0.171544535612032
7.0133087988113,0.366065038642333,-0.359419317452721,-0.0637004911492914,0.0245167695003373,-0.0637004911492914,0.0245167695003373,-1.01694410344853,0.172867259020214
7.06194713622089,0.363574641782894,-0.359549323050557,-0.0635670488177889,0.0245839796395157,-0.0635670488177888,0.0245839796395157,-1.01653731755348,0.174196460961407
7.11092278771915,0.36108261035332,-0.359662079963018,-0.0634332117010501,0.0246506941146496,-0.0634332117010501,0.0246506941146495,-1.0161235949981,0.175532150165377
7.16023809262934,0.358589181554002,-0.359757562446836,-0.0632989875939686,0.0247169121223898,-0.0632989875939686,0.0247169121223898,-1.01570286781787,0.176874334933781
7.20989540649828,0.356094593111853,-0.359835748833158,-0.063164384282019,0.0247826330266406,-0.063164384282019,0.0247826330266406,-1.01527506731728,0.17822302312512
7.25989710120885,0.353599083190535,-0.359896621540426,-0.063029409536961,0.0248478563584501,-0.063029409536961,0.0248478563584501,-1.01484012406628,0.179578222139478
7.31024556509332,0.351102890300314,-0.359940167084887,-0.0628940711125336,0.0249125818157816,-0.0628940711125336,0.0249125818157816,-1.01439796789698,0.180939938903051
7.36094320304735,0.348606253207636,-0.359966376088735,-0.0627583767401447,0.0249768092631658,-0.0627583767401447,0.0249768092631658,-1.01394852790049,0.18230817985246
7.41199243664497,0.34610941084447,-0.359975243285867,-0.0626223341245602,0.0250405387312342,-0.0626223341245602,0.0250405387312342,-1.01349173242393,0.183682950918847
7.46339570425412,0.343612602217517,-0.359966767525251,-0.0624859509395942,0.0251037704161314,-0.0624859509395942,0.0251037704161313,-1.01302750906773,0.185064257511766
7.51515546115323,0.341116066317338,-0.359940951771897,-0.0623492348238067,0.025166504678808,-0.0623492348238067,0.025166504678808,-1.01255578468304,0.186452104502851
7.56727417964842,0.338620042027489,-0.359897803105437,-0.0622121933762094,0.0252287420441935,-0.0622121933762094,0.0252287420441935,-1.01207648536937,0.187846496209276
7.61975434919166,0.336124768033738,-0.359837332716309,-0.0620748341519862,0.0252904832002484,-0.0620748341519862,0.0252904832002484,-1.01158953647247,0.189247436376997
7.67259847649959,0.333630482733415,-0.359759555899555,-0.0619371646582294,0.025351728996897,-0.0619371646582294,0.025351728996897,-1.0110948625824,0.190654928163783
7.72580908567334,0.331137424145004,-0.359664492046229,-0.0617991923496974,0.0254124804448402,-0.0617991923496974,0.0254124804448402,-1.01059238753187,0.192068974122032
7.77938871831903,0.328645829818022,-0.35955216463244,-0.0616609246245961,0.0254727387142495,-0.0616609246245961,0.0254727387142495,-1.01008203439469,0.19348957618137
7.83333993366922,0.326155936743268,-0.359422601206025,-0.0615223688203883,0.025532505133342,-0.0615223688203883,0.025532505133342,-1.00956372548463,0.194916735631043
7.8876653087051,0.323667981263517,-0.359275833370881,-0.0613835322096341,0.0255917811868375,-0.0613835322096341,0.0255917811868375,-1.00903738235434,0.19635045310209
7.94236743827963,0.321182198984723,-0.359111896768956,-0.0612444219958673,0.0256505685142988,-0.0612444219958673,0.0256505685142988,-1.00850292579468,0.197790728549307
7.99744893524145,0.318698824687815,-0.358930831059942,-0.0611050453095088,0.0257088689083549,-0.0611050453095088,0.0257088689083549,-1.00796027583416,0.199237561232994
8.0529124305597,0.316218092241138,-0.35873267989866,-0.0609654092038238,0.0257666843128101,-0.0609654092038238,0.0257666843128101,-1.00740935173873,0.200690949700496
8.10876057344967,0.313740234513623,-0.358517490910198,-0.0608255206509228,0.0258240168206378,-0.0608255206509228,0.0258240168206378,-1.0068500720118,0.20215089176753
8.16499603149936,0.311265483288751,-0.358285315662795,-0.0606853865378131,0.0258808686718623,-0.0606853865378131,0.0258808686718623,-1.00628235439455,0.203617384499301
8.22162149079689,0.308794069179376,-0.358036209638519,-0.0605450136625014,0.0259372422513291,-0.0605450136625014,0.0259372422513291,-1.00570611586648,0.205090424191408
8.27863965605879,0.306326221543467,-0.357770232201766,-0.0604044087301532,0.0259931400863646,-0.0604044087301532,0.0259931400863646,-1.00512127264629,0.206570006350547
8.33605325075921,0.303862168400854,-0.357487446565612,-0.0602635783493101,0.0260485648443277,-0.0602635783493101,0.0260485648443277,-1.004527740193,0.208056125675
8.39386501726,0.30140213635101,-0.357187919756053,-0.0601225290281705,0.0261035193300552,-0.0601225290281705,0.0261035193300552,-1.00392543320742,0.209548776034924
8.45207771694168,0.298946350491969,-0.356871722574176,-0.0599812671709346,0.0261580064832015,-0.0599812671709346,0.0261580064832015,-1.0033142656339,0.211047950452428
8.51069413033537,0.296495034340403,-0.356538929556288,-0.0598397990742188,0.0262120293754756,-0.0598397990742188,0.0262120293754756,-1.00269415066238,0.212553641081455
8.56971705725559,0.294048409752943,-0.356189618932063,-0.0596981309235413,0.0262655912077775,-0.0596981309235413,0.0262655912077775,-1.00206500073076,0.214065839187458
8.62914931693396,0.291606696848793,-0.355823872580735,-0.0595562687898822,0.0263186953072348,-0.0595562687898822,0.0263186953072348,-1.00142672752762,0.215584535126879
8.68899374815392,0.289170113933685,-0.355441775985388,-0.059414218626321,0.0263713451241432,-0.059414218626321,0.0263713451241432,-1.00077924199528,0.217109718326425
8.74925320938629,0.286738877425246,-0.355043418185395,-0.0592719862647549,0.0264235442288126,-0.0592719862647549,0.0264235442288126,-1.00012245433313,0.21864137726216
8.80993057892579,0.284313201779808,-0.354628891727042,-0.0591295774126991,0.0264752963083207,-0.0591295774126991,0.0264752963083207,-0.999456274001413,0.220179499438389
8.87102875502857,0.281893299420732,-0.354198292612406,-0.0589869976501741,0.0265266051631771,-0.0589869976501741,0.0265266051631771,-0.998780609725263,0.221724071366362
8.93255065605059,0.279479380668272,-0.353751720246521,-0.05884425242668,0.0265774747039002,-0.05884425242668,0.0265774747039002,-0.998095369499193,0.223275078542791
8.99449922058705,0.277071653671048,-0.353289277382895,-0.0587013470582624,0.0266279089475098,-0.0587013470582624,0.0266279089475098,-0.997400460591895,0.224832505428173
9.05687740761275,0.274670324339152,-0.352811070067436,-0.0585582867246709,0.0266779120139374,-0.0585582867246709,0.0266779120139374,-0.996695789551457,0.226396335424938
9.11968819662343,0.272275596278942,-0.352317207580828,-0.0584150764666135,0.0267274881223578,-0.0584150764666135,0.0267274881223578,-0.995981262210945,0.227966550855419
9.18293458777804,0.269887670729558,-0.351807802379437,-0.0582717211831083,0.0267766415874439,-0.0582717211831083,0.0267766415874439,-0.9952567836944,0.229543132939641
9.2466196020421,0.267506746501197,-0.351282970034782,-0.0581282256289351,0.0268253768155483,-0.0581282256289351,0.0268253768155483,-0.994522258423231,0.231126061772946
9.31074628133199,0.265133019915187,-0.350742829171646,-0.057984594412189,0.0268736983008144,-0.057984594412189,0.0268736983008144,-0.993777590123023,0.232715316303444
9.3753176886602,0.262766684745885,-0.350187501404884,-0.0578408319919373,0.0269216106212193,-0.0578408319919372,0.0269216106212193,-0.993022681830774,0.234310874309303
9.44033690828169,0.260407932164443,-0.349617111274985,-0.0576969426759821,0.0269691184345533,-0.0576969426759821,0.0269691184345533,-0.992257435902553,0.235912712375884
9.50580704584117,0.258056950684452,-0.349031786182452,-0.0575529306187306,0.0270162264743361,-0.0575529306187306,0.0270162264743361,-0.991481754021608,0.237520805872714
9.57173122852146,0.255713926109512,-0.348431656321063,-0.0574087998191738,0.0270629395456767,-0.0574087998191738,0.0270629395456767,-0.990695537206921,0.239135128930316
9.63811260519287,0.25337904148273,-0.347816854610081,-0.0572645541189756,0.0271092625210759,-0.0572645541189756,0.0271092625210759,-0.989898685822219,0.240755654416894
9.70495434656358,0.251052477038186,-0.34718751662546,-0.0571201972006737,0.0271552003361783,-0.0571201972006737,0.0271552003361783,-0.989091099585449,0.242382353914873
9.7722596453311,0.248734410154376,-0.346543780530136,-0.0569757325859942,0.0272007579854747,-0.0569757325859942,0.0272007579854747,-0.98827267757874,0.244015197697318
9.84003171633479,0.246425015309653,-0.345885787003442,-0.05683116363428,0.0272459405179588,-0.05683116363428,0.0272459405179587,-0.987443318258842,0.245654154704212
9.90827379670937,0.244124464039678,-0.345213679169727,-0.0566864935410346,0.0272907530327412,-0.0566864935410346,0.0272907530327412,-0.986602919468061,0.247299192518623
9.97698914603959,0.241832924896897,-0.34452760252624,-0.0565417253365826,0.0273352006746255,-0.0565417253365826,0.0273352006746255,-0.9857513784457,0.248950277342758
10.0461810465159,0.239550563412054,-0.343827704870339,-0.0563968618848478,0.0273792886296466,-0.0563968618848478,0.0273792886296466,-0.984888591840012,0.250607373973897
10.1158528030912,0.23727754205774,-0.343114136226096,-0.0562519058822486,0.0274230221205782,-0.0562519058822486,0.0274230221205782,-0.984014455720678,0.252270445780246
10.1860077436388,0.235014020214001,-0.342387048770355,-0.0561068598567135,0.0274664064024097,-0.0561068598567135,0.0274664064024097,-0.983128865591812,0.253939454676678
10.2566492191112,0.232760154135989,-0.341646596758311,-0.0559617261668147,0.0275094467577981,-0.0559617261668147,0.0275094467577981,-0.982231716405514,0.255614361100406
10.3277806037004,0.230516096923671,-0.340892936448675,-0.0558165070010229,0.0275521484924961,-0.0558165070010229,0.0275521484924961,-0.981322902575972,0.257295123986569
10.3994052949988,0.228281998493589,-0.340126226028486,-0.0556712043770816,0.0275945169307624,-0.0556712043770816,0.0275945169307624,-0.980402317994119,0.258981700743755
10.4715267141616,0.226058005552671,-0.339346625537627,-0.0555258201415025,0.0276365574107541,-0.0555258201415025,0.0276365574107541,-0.979469856042866,0.260674047229461
10.5441483060703,0.223844261574086,-0.338554296793123,-0.0553803559691813,0.0276782752799076,-0.0553803559691813,0.0276782752799076,-0.978525409612913,0.262372117725512
10.6172735394972,0.221640906775135,-0.337749403313259,-0.0552348133631353,0.0277196758903097,-0.0552348133631353,0.0277196758903097,-0.977568871119148,0.264075864913427
10.6909059072708,0.219448078097178,-0.336932110241603,-0.0550891936543612,0.0277607645940618,-0.0550891936543612,0.0277607645940618,-0.976600132517644,0.265785239849768
10.7650489264432,0.21726590918757,-0.336102584270977,-0.054943498001814,0.0278015467386419,-0.054943498001814,0.0278015467386419,-0.97561908532326,0.26750019194146
10.8397061384575,0.215094530383609,-0.33526099356744,-0.0547977273925072,0.0278420276622661,-0.0547977273925071,0.0278420276622661,-0.974625620627867,0.269220668921106
10.9148811093176,0.212934068698471,-0.334407507694348,-0.0546518826417325,0.027882212689254,-0.0546518826417325,0.027882212689254,-0.973619629119189,0.270946616822306
10.9905774297578,0.21078464780912,-0.33354229753653,-0.0545059643934009,0.0279221071254004,-0.0545059643934008,0.0279221071254004,-0.972601001100289,0.272677979954984
11.0667987154147,0.208646388046174,-0.332665535224663,-0.0543599731205022,0.0279617162533564,-0.0543599731205022,0.0279617162533564,-0.971569626509693,0.274414700880747
11.1435486070002,0.20651940638571,-0.331777394059875,-0.0542139091256853,0.0280010453280235,-0.0542139091256853,0.0280010453280235,-0.970525394942167,0.276156720388282
11.2208307704748,0.204403816442974,-0.330878048438643,-0.0540677725419553,0.0280400995719641,-0.0540677725419553,0.0280400995719641,-0.969468195670157,0.277903977468794
11.2986488972231,0.202299728467993,-0.329967673778044,-0.0539215633334904,0.0280788841708297,-0.0539215633334904,0.0280788841708297,-0.968397917665904,0.279656409291523
11.3770067042298,0.200207249343048,-0.329046446441391,-0.0537752812965748,0.028117404268812,-0.0537752812965748,0.028117404268812,-0.967314449624227,0.281413951179328
11.4559079342577,0.198126482581987,-0.328114543664332,-0.0536289260606485,0.0281556649641183,-0.0536289260606485,0.0281556649641183,-0.966217679986007,0.283176536584366
11.535356356026,0.196057528331353,-0.327172143481427,-0.0534824970894727,0.0281936713044751,-0.0534824970894727,0.0281936713044751,-0.965107496962355,0.28494409706388
11.6153557643908,0.194000483373293,-0.326219424653289,-0.0533359936824098,0.0282314282826618,-0.0533359936824098,0.0282314282826618,-0.963983788559493,0.286716562256101
11.6959099805258,0.191955441130226,-0.325256566594298,-0.0531894149758164,0.0282689408320783,-0.0531894149758164,0.0282689408320783,-0.962846442604338,0.288493859856297
11.7770228521052,0.189922491671225,-0.324283749300961,-0.05304275994455,0.0283062138223487,-0.0530427599445499,0.0283062138223486,-0.961695346770818,0.290275915592963
11.8586982534876,0.187901721720097,-0.323301153280947,-0.0528960274035852,0.0283432520549639,-0.0528960274035852,0.0283432520549639,-0.960530388606902,0.292062653204189
11.9409400859005,0.185893214665118,-0.322308959482839,-0.0527492160097424,0.0283800602589665,-0.0527492160097424,0.0283800602589665,-0.95935145556237,0.293853994414209
12.0237522776272,0.183897050570382,-0.321307349226653,-0.0526023242635225,0.0284166430866791,-0.0526023242635225,0.0284166430866791,-0.958158435017327,0.295649858910154
12.1071387841942,0.181913306188745,-0.32029650413515,-0.052455350511052,0.0284530051094803,-0.052455350511052,0.0284530051094803,-0.956951214311461,0.297450164319022
12.1911035885602,0.179942054976318,-0.319276606065989,-0.0523082929461319,0.0284891508136301,-0.0523082929461319,0.0284891508136301,-0.955729680774058,0.29925482618489
12.2756507013062,0.177983367108466,-0.31824783704475,-0.0521611496123925,0.0285250845961468,-0.0521611496123925,0.0285250845961468,-0.954493721754772,0.301063757946384
12.3607841608273,0.176037309497286,-0.317210379198865,-0.0520139184055514,0.0285608107607394,-0.0520139184055514,0.0285608107607394,-0.953243224655171,0.302876870914418
12.4465080335254,0.174103945810523,-0.316164414692487,-0.0518665970757726,0.0285963335137955,-0.0518665970757726,0.0285963335137955,-0.951978076961047,0.304694074250237
12.5328264140034,0.172183336491877,-0.315110125662332,-0.0517191832301261,0.0286316569604296,-0.0517191832301261,0.0286316569604296,-0.950698166275505,0.306515274943768
12.6197434252612,0.17027553878267,-0.314047694154515,-0.051571674335146,0.0286667851005924,-0.051571674335146,0.0286667851005924,-0.949403380352836,0.308340377792311
12.7072632188919,0.168380606744829,-0.312977302062418,-0.0514240677194852,0.0287017218252434,-0.0514240677194852,0.0287017218252434,-0.94809360713317,0.310169285379585
12.7953899752808,0.166498591285141,-0.311899131065618,-0.0512763605766656,0.0287364709125909,-0.0512763605766655,0.0287364709125909,-0.946768734777928,0.312001898055151
12.8841279038047,0.164629540180751,-0.310813362569876,-0.0511285499679209,0.0287710360243981,-0.0511285499679209,0.0287710360243981,-0.945428651706056,0.313838113914236
12.9734812430331,0.162773498105839,-0.309720177648248,-0.0509806328251322,0.0288054207023609,-0.0509806328251322,0.0288054207023609,-0.944073246631065,0.315677828777979
13.0634542609305,0.160930506659463,-0.308619756983307,-0.0508326059538522,0.0288396283645573,-0.0508326059538522,0.0288396283645573,-0.942702408598867,0.317520936174117
13.1540512550606,0.159100604394497,-0.307512280810511,-0.0506844660364184,0.0288736623019714,-0.0506844660364184,0.0288736623019714,-0.941316027026406,0.319367327318144
13.2452765527909,0.157283826847648,-0.306397928862739,-0.0505362096351512,0.0289075256750927,-0.0505362096351512,0.0289075256750927,-0.939913991741099,0.321216891094959
13.3371345115004,0.155480206570487,-0.305276880315997,-0.0503878331956374,0.0289412215105943,-0.0503878331956374,0.0289412215105943,-0.938496193021072,0.323069514041025
13.4296295187868,0.153689773161473,-0.304149313736325,-0.0502393330500953,0.0289747526980908,-0.0502393330500953,0.0289747526980908,-0.937062521636212,0.324925080327073
13.5227659926764,0.151912553298906,-0.303015407027915,-0.05009070542082,0.0290081219869772,-0.05009070542082,0.0290081219869772,-0.935612868890007,0.326783471741367
13.6165483818355,0.15014857077479,-0.301875337382444,-0.0499419464237076,0.0290413319833522,-0.0499419464237076,0.0290413319833522,-0.934147126662196,0.328644567673555
13.7109811657822,0.14839784652954,-0.30072928122964,-0.0497930520718548,0.0290743851470257,-0.0497930520718548,0.0290743851470257,-0.932665187452224,0.330508245099142
13.806068855101,0.146660398687515,-0.299577414189102,-0.049644018279234,0.0291072837886136,-0.049644018279234,0.0291072837886136,-0.931166944423483,0.332374378564595
13.9018159916578,0.144936242593313,-0.298419911023351,-0.0494948408644393,0.0291400300667205,-0.0494948408644393,0.0291400300667205,-0.929652291448363,0.334242840173118
13.998227148817,0.143225390848805,-0.297256945592159,-0.0493455155545037,0.0291726259852127,-0.0493455155545037,0.0291726259852127,-0.928121123154086,0.336113499571124
14.0953069316601,0.141527853350855,-0.296088690808129,-0.0491960379887839,0.0292050733905819,-0.0491960379887839,0.0292050733905819,-0.926573334969328,0.337986223935424
14.1930599772055,0.139843637329692,-0.294915318593543,-0.0490464037229113,0.0292373739694029,-0.0490464037229113,0.0292373739694029,-0.925008823171628,0.339860877961157
14.2914909546299,0.138172747387888,-0.29373699983849,-0.0488966082328065,0.0292695292458837,-0.0488966082328065,0.0292695292458837,-0.923427484935576,0.341737323850509
14.3906045654914,0.136515185539908,-0.292553904360257,-0.0487466469187557,0.0293015405795135,-0.0487466469187557,0.0293015405795135,-0.921829218381761,0.343615421302223
14.4904055439544,0.134870951252187,-0.291366200863997,-0.0485965151095469,0.0293334091628054,-0.0485965151095469,0.0293334091628054,-0.920213922626491,0.345495027501946
14.5908986570152,0.1332400414837,-0.290174056904673,-0.048446208066663,0.0293651360191387,-0.048446208066663,0.0293651360191387,-0.918581497832267,0.347375997113431
14.6920887047298,0.131622450726983,-0.288977638850265,-0.0482957209885302,0.0293967220007007,-0.0482957209885302,0.0293967220007007,-0.916931845259001,0.349258182270634
14.7939805204436,0.130018171049568,-0.287777111846257,-0.0481450490148197,0.0294281677865279,-0.0481450490148197,0.0294281677865279,-0.915264867315968,0.35114143257072
14.8965789710218,0.128427192135792,-0.286572639781374,-0.0479941872307997,0.0294594738806503,-0.0479941872307997,0.0294594738806503,-0.913580467614485,0.353025595068021
14.999888957082,0.126849501328956,-0.285364385254593,-0.0478431306717358,0.0294906406103383,-0.0478431306717358,0.0294906406103383,-0.911878551021301,0.354910514268964
15.1039154132284,0.125285083673772,-0.284152509543396,-0.0476918743273384,0.0295216681244529,-0.0476918743273384,0.0295216681244529,-0.910159023712693,0.356796032128011
15.2086633082875,0.123733921959096,-0.282937172573275,-0.0475404131462533,0.0295525563919019,-0.0475404131462533,0.0295525563919019,-0.908421793229236,0.358681988044621
15.3141376455451,0.122195996760879,-0.281718532888474,-0.0473887420405943,0.0295833052002017,-0.0473887420405943,0.0295833052002017,-0.90666676853126,0.36056821886129
15.4203434629857,0.120671286485328,-0.280496747623964,-0.047236855890515,0.0296139141541456,-0.047236855890515,0.0296139141541456,-0.90489386005495,0.36245455886267
15.5272858335329,0.119159767412229,-0.279271972478632,-0.0470847495488181,0.029644382674581,-0.0470847495488181,0.029644382674581,-0.903102979769091,0.364340839775822
15.6349698652918,0.117661413738403,-0.278044361689684,-0.0469324178455994,0.0296747099972947,-0.0469324178455994,0.0296747099972947,-0.901294041232437,0.366226890771612
15.7434007017931,0.116176197621269,-0.276814068008248,-0.0467798555929234,0.0297048951720081,-0.0467798555929234,0.0297048951720081,-0.899466959651671,0.368112538467295
15.8525835222385,0.114704089222469,-0.275581242676158,-0.0466270575895303,0.0297349370614824,-0.0466270575895303,0.0297349370614824,-0.897621651939963,0.369997606930309
15.9625235417481,0.113245056751537,-0.274346035403918,-0.0464740186255695,0.0297648343407358,-0.0464740186255695,0.0297648343407358,-0.895758036776077,0.371881917683309
16.07322601161,0.111799066509586,-0.273108594349818,-0.0463207334873592,0.0297945854963719,-0.0463207334873592,0.0297945854963719,-0.893876034664021,0.373765289710469
16.1846962195303,0.11036608293296,-0.271869066100207,-0.0461671969621689,0.029824188826021,-0.0461671969621689,0.029824188826021,-0.891975567993215,0.375647539465086
16.2969394898867,0.108946068636859,-0.270627595650889,-0.0460134038430213,0.029853642437895,-0.0460134038430213,0.029853642437895,-0.890056561099146,0.377528480878511
16.4099611839816,0.107538984458875,-0.269384326389636,-0.0458593489335142,0.0298829442504555,-0.0458593489335142,0.0298829442504555,-0.888118940324494,0.379407925370438
16.5237667002994,0.106144789502437,-0.268139400079806,-0.0457050270526561,0.029912091992197,-0.0457050270526561,0.029912091992197,-0.886162634080694,0.381285681860577
16.6383614747635,0.104763441180131,-0.266892956845044,-0.0455504330397163,0.0299410832015448,-0.0455504330397163,0.0299410832015448,-0.884187572909906,0.383161556781735
16.7537509809962,0.103394895256862,-0.265645135155043,-0.0453955617590851,0.0299699152268686,-0.0453955617590851,0.0299699152268686,-0.882193689547374,0.385035354094347
16.8699407305804,0.102039105892853,-0.264396071812366,-0.0452404081051421,0.0299985852266119,-0.0452404081051421,0.0299985852266119,-0.88018091898413,0.386906875302471
16.9869362733223,0.100696025686438,-0.263145901940293,-0.0450849670071309,0.0300270901695377,-0.0450849670071309,0.0300270901695377,-0.878149198530023,0.388775919471271
17.1047431975172,0.0993656057166422,-0.261894758971687,-0.0449292334340356,0.0300554268350916,-0.0449292334340356,0.0300554268350916,-0.876098467877033,0.390642283246034
17.2233671302159,0.0980477955855184,-0.260642774638849,-0.0447732023994597,0.0300835918138811,-0.0447732023994597,0.0300835918138811,-0.874028669162838,0.392505760872719
17.3428137374936,0.0967425434602222,-0.259390078964361,-0.0446168689665011,0.0301115815082729,-0.0446168689665011,0.0301115815082729,-0.871939747034604,0.394366144220093
17.4630887247206,0.0954497961148073,-0.258136800252878,-0.0444602282526242,0.030139392133108,-0.0444602282526242,0.030139392133108,-0.869831648712949,0.396223222803451
17.5841978368348,0.0941694989717209,-0.256883065083862,-0.0443032754345241,0.0301670197165342,-0.0443032754345241,0.0301670197165342,-0.86770432405606,0.398076783809958
17.7061468586161,0.0929015961429804,-0.255628998305239,-0.0441460057529806,0.0301944601009567,-0.0441460057529806,0.0301944601009567,-0.865557725623913,0.399926612125644
17.8289416149627,0.0916460304710144,-0.254374723027953,-0.0439884145177008,0.0302217089441073,-0.0439884145177008,0.0302217089441073,-0.863391808742557,0.401772490364051
17.9525879711692,0.0904027435691525,-0.2531203606214,-0.0438304971121459,0.0302487617202317,-0.0438304971121459,0.0302487617202317,-0.861206531568424,0.403614198896575
18.0770918332073,0.089171675861746,-0.251866030709725,-0.0436722489983406,0.0302756137213945,-0.0436722489983406,0.0302756137213945,-0.859001855152628,0.405451515884511
18.2024591480069,0.0879527666239067,-0.250611851168954,-0.043513665721662,0.0303022600589029,-0.043513665721662,0.0303022600589029,-0.856777743505192,0.40728421731283
18.3286959037413,0.0867459540208477,-0.249357938124953,-0.0433547429156049,0.0303286956648491,-0.0433547429156049,0.0303286956648491,-0.85453416365918,0.409112077025696
18.4558081301122,0.0855511751468137,-0.248104405952185,-0.0431954763065224,0.0303549152937694,-0.0431954763065224,0.0303549152937694,-0.852271085734673,0.410934866763749
18.5838018986386,0.0843683660635879,-0.24685136727324,-0.0430358617183365,0.0303809135244226,-0.0430358617183365,0.0303809135244226,-0.849988483002552,0.412752356203163
18.7126833229461,0.0831974618385622,-0.245598932959132,-0.0428758950772183,0.0304066847616846,-0.0428758950772183,0.0304066847616846,-0.847686331948027,0.414564312996507
18.8424585590593,0.0820383965823626,-0.244347212130335,-0.0427155724162338,0.0304322232385619,-0.0427155724162338,0.0304322232385619,-0.845364612333882,0.416370502815404
18.9731338056957,0.0808911034860142,-0.243096312158529,-0.0425548898799524,0.0304575230183208,-0.0425548898799524,0.0304575230183208,-0.843023307263372,0.418170689395022
19.1047153045619,0.0797555148576412,-0.241846338669059,-0.0423938437290165,0.0304825779967336,-0.0423938437290165,0.0304825779967336,-0.840662403242717,0.419964634580386
19.2372093406515,0.0786315621586878,-0.240597395544057,-0.0422324303446673,0.0305073819044412,-0.0422324303446673,0.0305073819044412,-0.838281890243162,0.421752098374545
19.3706222425457,0.0775191760396556,-0.23934958492623,-0.0420706462332263,0.0305319283094312,-0.0420706462332263,0.0305319283094312,-0.835881761762527,0.423532838988579
19.5049603827152,0.0764182863753459,-0.238103007223288,-0.0419084880305283,0.0305562106196305,-0.0419084880305283,0.0305562106196305,-0.833462014886204,0.425306612893477
19.6402301778248,0.0753288222996028,-0.236857761112987,-0.0417459525063025,0.0305802220856127,-0.0417459525063025,0.0305802220856127,-0.831022650347551,0.427073174873865
19.7764380890397,0.0742507122395476,-0.235613943548768,-0.041583036568501,0.0306039558034194,-0.041583036568501,0.0306039558034194,-0.828563672587611,0.428832278083615
19.9135906223344,0.0731838839493005,-0.234371649765983,-0.0414197372675689,0.0306274047174937,-0.0414197372675689,0.0306274047174937,-0.826085089814123,0.430583674103316
20.0516943288031,0.072128264543183,-0.23313097328867,-0.0412560518006561,0.0306505616237257,-0.0412560518006561,0.0306505616237257,-0.82358691405974,0.432327112999624
20.1907558049731,0.0710837805283965,-0.231892005936877,-0.0410919775157653,0.0306734191726097,-0.0410919775157653,0.0306734191726097,-0.821069161239426,0.434062343386475
20.3307816931193,0.0700503578371721,-0.230654837834503,-0.0409275119158351,0.030695969872511,-0.0409275119158351,0.030695969872511,-0.818531851206944,0.435789112488172
20.4717786815819,0.0690279218583898,-0.22941955741764,-0.0407626526627544,0.0307182060930412,-0.0407626526627544,0.0307182060930412,-0.8159750078104,0.437507166204328
20.6137535050858,0.06801639746866,-0.228186251443403,-0.0405973975813059,0.0307401200685421,-0.0405973975813059,0.0307401200685421,-0.813398658946772,0.439216249176678
20.756712945062,0.0670157090628693,-0.22695500499922,-0.0404317446630344,0.0307617039016757,-0.0404317446630344,0.0307617039016757,-0.81080283661536,0.440916104857723
20.900663829972,0.0660257805841842,-0.225725901512572,-0.040265692070039,0.0307829495671196,-0.040265692070039,0.0307829495671196,-0.808187576970106,0.442606475581226
21.0456130356336,0.0650465355535138,-0.224499022761158,-0.0400992381386846,0.0308038489153661,-0.0400992381386846,0.0308038489153661,-0.805552920370716,0.444287102634529
21.1915674855492,0.0640778970984278,-0.223274448883481,-0.0399323813832309,0.0308243936766234,-0.0399323813832309,0.0308243936766234,-0.80289891143253,0.445957726332676
21.338534151237,0.0631197879815319,-0.222052258389809,-0.0397651204993751,0.0308445754648186,-0.0397651204993751,0.0308445754648186,-0.800225599075066,0.447618086094342
21.4865200525637,0.0621721306282967,-0.220832528173535,-0.0395974543677063,0.0308643857816987,-0.0395974543677063,0.0308643857816987,-0.797533036569188,0.449267920519525
21.6355322580795,0.0612348471543431,-0.219615333522876,-0.0394293820570685,0.0308838160210296,-0.0394293820570685,0.0308838160210296,-0.79482128158283,0.450906967469008
21.7855778853565,0.0603078593921833,-0.218400748132931,-0.0392609028278288,0.0309028574728905,-0.0392609028278288,0.0309028574728905,-0.792090396225224,0.452534964145543
21.9366641013278,0.0593910889174174,-0.217188844118051,-0.0390920161350488,0.0309215013280626,-0.0390920161350488,0.0309215013280626,-0.789340447089544,0.454151647176748
22.0887981226306,0.0584844570743893,-0.215979692024532,-0.0389227216315562,0.0309397386825083,-0.0389227216315562,0.0309397386825083,-0.786571505293943,0.455756752699682
22.2419872159503,0.0575878850013,-0.214773360843592,-0.0387530191709128,0.0309575605419412,-0.0387530191709128,0.0309575605419412,-0.783783646520886,0.457350016447075
22.396238698368,0.0567012936547839,-0.213569918024638,-0.0385829088102783,0.0309749578264829,-0.0385829088102783,0.0309749578264829,-0.780976951054739,0.458931173835173
22.5515599377096,0.0558246038339471,-0.212369429488783,-0.0384123908131652,0.0309919213754052,-0.0384123908131652,0.0309919213754052,-0.778151503817547,0.460499960053174
22.7079583528983,0.0549577362038726,-0.211171959642625,-0.038241465652083,0.0310084419519549,-0.038241465652083,0.0310084419519549,-0.775307394402937,0.462056110154204
22.8654414143084,0.054100611318594,-0.209977571392253,-0.0380701340110687,0.0310245102482594,-0.0380701340110687,0.0310245102482594,-0.772444717108092,0.463599359147812
23.0240166441225,0.0532531496435407,-0.208786326157476,-0.0378983967881025,0.0310401168903095,-0.0378983967881025,0.0310401168903095,-0.769563570963734,0.465129442093935
23.1836916166905,0.0524152715774595,-0.207598283886253,-0.037726255097403,0.0310552524430178,-0.037726255097403,0.0310552524430178,-0.766664059762055,0.466646094198279
23.3444739588916,0.0515868974738145,-0.206413503069326,-0.0375537102716031,0.0310699074153499,-0.0375537102716031,0.0310699074153499,-0.763746292082548,0.468149050909091
23.5063713504986,0.0507679476616705,-0.205232040755023,-0.0373807638638017,0.0310840722655243,-0.0373807638638017,0.0310840722655243,-0.760810381315665,0.469638048015263
23.6693915245447,0.0499583424660634,-0.204053952564229,-0.0372074176494893,0.0310977374062799,-0.0372074176494893,0.0310977374062799,-0.757856445684263,0.471112821745711
23.8335422676926,0.0491580022278623,-0.202879292705514,-0.0370336736283461,0.0311108932102067,-0.0370336736283461,0.0311108932102067,-0.754884608262773,0.472573108869995
23.9988314206069,0.0483668473231281,-0.201708113990398,-0.0368595340259092,0.0311235300151377,-0.0368595340259092,0.0311235300151377,-0.751894996994043,0.474018646800103
24.1652668783283,0.0475847981819729,-0.200540467848751,-0.0366850012951075,0.0311356381295977,-0.0366850012951075,0.0311356381295977,-0.748887744703798,0.475449173693368
24.3328565906507,0.0468117753069255,-0.199376404344304,-0.0365100781176615,0.0311472078383068,-0.0365100781176615,0.0311472078383068,-0.745862989112674,0.476864428556427
24.5016085625011,0.0460476992908086,-0.198215972190267,-0.0363347674053472,0.0311582294077343,-0.0363347674053472,0.0311582294077343,-0.742820872845769,0.478264151350197
24.6715308543219,0.0452924908341325,-0.197059218765052,-0.0361590723011204,0.0311686930917006,-0.0361590723011204,0.0311686930917006,-0.73976154343967,0.47964808309577
24.8426315824557,0.0445460707620105,-0.195906190128062,-0.0359829961801008,0.0311785891370222,-0.0359829961801008,0.0311785891370222,-0.736685153346902,0.481015965981188
25.0149189195333,0.0438083600406027,-0.194756931035573,-0.0358065426504142,0.0311879077891982,-0.0358065426504142,0.0311879077891982,-0.733591859937763,0.482367543469012
25.1884010948637,0.0430792797930935,-0.193611484956663,-0.0356297155538901,0.031196639298132,-0.0356297155538901,0.031196639298132,-0.7304818254995,0.483702560404626
25.3630863948277,0.0423587513152078,-0.19246989408921,-0.035452518966614,0.0312047739238871,-0.035452518966614,0.0312047739238871,-0.727355217232776,0.485020763125202
25.538983163273,0.0416466960902741,-0.191332199375921,-0.0352749571993327,0.0312123019424712,-0.0352749571993327,0.0312123019424712,-0.724212207245413,0.486321899569251
25.7160998019135,0.0409430358038377,-0.190198440520404,-0.0350970347977108,0.0312192136516459,-0.0350970347977108,0.0312192136516459,-0.721052972543346,0.487605719386679
25.89444477073,0.0402476923578333,-0.189068656003262,-0.0349187565424378,0.0312254993767569,-0.0349187565424378,0.0312254993767569,-0.717877695018772,0.488871974049284
26.0740265883745,0.0395605878843209,-0.187942883098209,-0.0347401274491841,0.0312311494765824,-0.0347401274491841,0.0312311494765824,-0.714686561435464,0.490120416961608
26.2548538325773,0.0388816447587922,-0.186821157888188,-0.0345611527684048,0.0312361543491933,-0.0345611527684048,0.0312361543491933,-0.711479763411205,0.49135080357205
26.4369351405564,0.0382107856130549,-0.185703515281496,-0.0343818379849914,0.0312405044378229,-0.0343818379849914,0.0312405044378229,-0.708257497397332,0.492562891484189
26.6202792094301,0.0375479333477001,-0.1845899890279,-0.0342021888177687,0.0312441902367416,-0.0342021888177686,0.0312441902367416,-0.70501996465536,0.493756440568197
26.8048947966327,0.0368930111441593,-0.183480611734737,-0.0340222112188378,0.0312472022971309,-0.0340222112188377,0.0312472022971309,-0.701767371230651,0.494931213072288
26.9907907203326,0.036245942476359,-0.182375414882995,-0.0338419113727643,0.0312495312329544,-0.0338419113727643,0.0312495312329544,-0.69849992792314,0.496086973734091
27.1779758598533,0.0356066511219783,-0.181274428843361,-0.033661295695611,0.0312511677268201,-0.033661295695611,0.0312511677268201,-0.695217850255066,0.497223489891882
27.3664591560979,0.0349750611733163,-0.18017768289224,-0.0334803708338141,0.0312521025358297,-0.0334803708338141,0.0312521025358297,-0.691921358435721,0.498340531595564
27.556249611976,0.0343510970477765,-0.179085205227725,-0.0332991436629047,0.0312523264974111,-0.0332991436629047,0.0312523264974111,-0.688610677323195,0.499437871717323
27.7473562928336,0.033734683497975,-0.177997022985523,-0.0331176212860733,0.0312518305351293,-0.0331176212860733,0.0312518305351293,-0.685286036383111,0.500515286061859
27.9397883268864,0.0331257456214781,-0.176913162254829,-0.0329358110325796,0.0312506056644704,-0.0329358110325795,0.0312506056644704,-0.681947669644351,0.501572553476105
28.1335549056553,0.032524208870177,-0.175833648094132,-0.0327537204560053,0.031248642998596,-0.0327537204560053,0.031248642998596,-0.678595815651763,0.502609455958334
28.3286652844062,0.0319299990593068,-0.174758504546965,-0.0325713573323532,0.0312459337540615,-0.0325713573323532,0.0312459337540615,-0.675230717415855,0.503625778766574
28.5251287825912,0.0313430423761147,-0.173687754657578,-0.0323887296579907,0.0312424692564947,-0.0323887296579907,0.0312424692564947,-0.67185262235949,0.504621310526224
28.7229547842946,0.0307632653881859,-0.172621420486538,-0.0322058456474395,0.0312382409462307,-0.0322058456474395,0.0312382409462307,-0.668461782261568,0.505595843336783
28.9221527386804,0.0301905950514334,-0.171559523126251,-0.032022713731013,0.0312332403838968,-0.032022713731013,0.0312332403838969,-0.665058453197737,0.506549172877599
29.1227321604441,0.0296249587177569,-0.170502082716391,-0.0318393425523003,0.0312274592559453,-0.0318393425523003,0.0312274592559453,-0.661642895478116,0.507481098512544
29.324702630267,0.0290662841423802,-0.169449118459251,-0.0316557409655004,0.0312208893801267,-0.0316557409655003,0.0312208893801267,-0.658215373582077,0.50839142339351
29.5280737952738,0.0285144994908711,-0.16840064863499,-0.031471918032606,0.0312135227109017,-0.031471918032606,0.0312135227109017,-0.654776156090087,0.509279954562651
29.7328553694936,0.0279695333458514,-0.16735669061679,-0.0312878830204399,0.0312053513447855,-0.0312878830204399,0.0312053513447855,-0.651325515612639,0.51014650305326
29.9390571343235,0.0274313147134044,-0.166317260885908,-0.0311036453975438,0.0311963675256203,-0.0311036453975438,0.0311963675256203,-0.647863728716319,0.510990883989191
30.1466889389963,0.0268997730291839,-0.165282375046628,-0.0309192148309232,0.0311865636497724,-0.0309192148309232,0.0311865636497724,-0.644391075847006,0.511812916682744
30.3557607010504,0.0263748381642345,-0.164252047841096,-0.0307346011826484,0.0311759322712487,-0.0307346011826484,0.0311759322712487,-0.640907841250274,0.512612424730903
30.566282406804,0.0258564404305258,-0.163226293164054,-0.030549814506316,0.0311644661067278,-0.0305498145063161,0.0311644661067278,-0.637414312889012,0.513389236109849
30.7782641118319,0.0253445105862104,-0.162205124077454,-0.0303648650433704,0.0311521580405033,-0.0303648650433704,0.0311521580405033,-0.633910782358318,0.514143183267654
30.9917159414457,0.0248389798406097,-0.16118855282496,-0.0301797632192895,0.0311390011293319,-0.0301797632192895,0.0311390011293319,-0.630397544797696,0.514874103215058
31.2066480911777,0.0243397798589331,-0.16017659084632,-0.0299945196396371,0.0311249886071859,-0.0299945196396371,0.0311249886071859,-0.626874898800628,0.515581837614256
31.4230708272674,0.0238468427667403,-0.159169248791632,-0.0298091450859836,0.0311101138899027,-0.0298091450859836,0.0311101138899027,-0.623343146321542,0.51626623286559
31.6409944871527,0.0233601011541479,-0.158166536535472,-0.0296236505116983,0.0310943705797288,-0.0296236505116983,0.0310943705797288,-0.619802592580265,0.516927140192079
31.8604294799627,0.0228794880797905,-0.1571684631909,-0.0294380470376173,0.0310777524697544,-0.0294380470376173,0.0310777524697544,-0.616253545963988,0.517564415721686
32.0813862870155,0.0224049370745393,-0.156175037123343,-0.0292523459475877,0.0310602535482342,-0.0292523459475877,0.0310602535482342,-0.612696317926826,0.518177920567248
32.3038754623189,0.0219363821449862,-0.155186265964339,-0.0290665586838941,0.0310418680027908,-0.0290665586838941,0.0310418680027908,-0.609131222887023,0.51876752090399
32.5279076330741,0.021473757776697,-0.154202156625155,-0.0288806968425686,0.031022590224497,-0.0288806968425686,0.031022590224497,-0.605558578121883,0.519333088044543
32.7534935001834,0.0210169989372418,-0.153222715310271,-0.0286947721685891,0.0310024148118335,-0.0286947721685891,0.0310024148118335,-0.601978703660484,0.51987449851138
32.9806438387618,0.0205660410790063,-0.152247947530725,-0.0285087965509685,0.0309813365745181,-0.0285087965509685,0.0309813365745181,-0.598391922174254,0.520391634106615
33.2093694986511,0.02012082014179,-0.151277858117329,-0.0283227820177399,0.0309593505372041,-0.0283227820177399,0.0309593505372041,-0.594798558865488,0.520884381979075
33.4396814049384,0.0196812725551977,-0.150312451233738,-0.0281367407308403,0.0309364519430429,-0.0281367407308403,0.0309364519430429,-0.591198941353879,0.521352634688582
33.6715905584778,0.0192473352408287,-0.149351730389393,-0.0279506849808973,0.0309126362571095,-0.0279506849808973,0.0309126362571095,-0.587593399561147,0.521796290267389
33.9051080364161,0.0188189456142687,-0.148395698452311,-0.0277646271819238,0.0308878991696868,-0.0277646271819238,0.0308878991696868,-0.583982265593851,0.522215252278681
34.1402449927217,0.0183960415868913,-0.147444357661748,-0.0275785798659226,0.0308622365994059,-0.0275785798659226,0.0308622365994059,-0.580365873624467,0.522609429872108
34.3770126587175,0.0179785615674721,-0.146497709640709,-0.0273925556774087,0.0308356446962405,-0.0273925556774087,0.0308356446962405,-0.576744559770824,0.522978737836267
34.6154223436172,0.017566444463622,-0.145555755408326,-0.0272065673678497,0.0308081198443512,-0.0272065673678497,0.0308081198443512,-0.573118661973984,0.5233230966481
34.8554854350656,0.0171596296830442,-0.144618495392091,-0.0270206277900323,0.0307796586647795,-0.0270206277900323,0.0307796586647795,-0.569488519874664,0.523642432519133
35.0972133996824,0.0167580571346192,-0.143685929439944,-0.0268347498923572,0.0307502580179871,-0.0268347498923572,0.0307502580179871,-0.565854474688295,0.523936677438528
35.3406177836102,0.0163616672293239,-0.14275805683222,-0.0266489467130687,0.0307199150062396,-0.0266489467130687,0.0307199150062396,-0.562216869078808,0.524205769212883
35.5857102130658,0.0159704008809883,-0.141834876293455,-0.0264632313744215,0.0306886269758323,-0.0264632313744215,0.0306886269758323,-0.558576047031254,0.524449651502755
35.8325023948954,0.0155841995068944,-0.14091638600405,-0.0262776170767928,0.0306563915191563,-0.0262776170767928,0.0306563915191563,-0.554932353723349,0.524668273855854
36.081006117134,0.0152030050282237,-0.140002583611782,-0.0260921170927415,0.0306232064766031,-0.0260921170927415,0.0306232064766031,-0.551286135396059,0.524861591736877
36.3312332495683,0.0148267598703545,-0.139093466243186,-0.025906744761021,0.0305890699383065,-0.0259067447610209,0.0305890699383065,-0.547637739223308,0.525029566553952
36.5831957443038,0.0144554069630171,-0.138189030514785,-0.0257215134805502,0.0305539802457204,-0.0257215134805502,0.0305539802457204,-0.543987513180935,0.525172165681657
36.8369056363357,0.0140888897403081,-0.137289272544179,-0.0255364367043487,0.030517935993031,-0.0255364367043487,0.030517935993031,-0.540335805914989,0.525289362480601
37.0923750441235,0.0137271521405697,-0.13639418796099,-0.0253515279334387,0.0304809360284034,-0.0253515279334387,0.0304809360284033,-0.536682966609472,0.52538113631353
37.3496161701702,0.0133701386061376,-0.13550377191767,-0.0251668007107221,0.0304429794550602,-0.0251668007107221,0.0304429794550602,-0.533029344853647,0.525447472557952
37.6086413016048,0.013017794082962,-0.134618019100161,-0.0249822686148355,0.0304040656321936,-0.0249822686148355,0.0304040656321936,-0.529375290508999,0.525488362615266
37.8694628107695,0.0126700640201046,-0.133736923738418,-0.0247979452539888,0.0303641941757084,-0.0247979452539888,0.0303641941757084,-0.525721153575973,0.525503803916379
38.1320931558105,0.0123268943691166,-0.132860479616784,-0.0246138442597932,0.0303233649587971,-0.0246138442597932,0.0303233649587971,-0.522067284060594,0.525493799923816
38.3965448812729,0.0119882315833012,-0.131988680084234,-0.0244299792810831,0.0302815781123467,-0.0244299792810831,0.0302815781123467,-0.518414031841069,0.525458360130303
38.6628306187004,0.0116540226168641,-0.131121518064474,-0.0242463639777375,0.0302388340251767,-0.0242463639777375,0.0302388340251767,-0.514761746534493,0.525397500053846
38.9309630872381,0.0113242149239552,-0.130258986065898,-0.0240630120145054,0.0301951333441097,-0.0240630120145054,0.0301951333441097,-0.511110777363751,0.525311241229293
39.2009550942403,0.0109987564576066,-0.12940107619141,-0.0238799370548414,0.0301504769738737,-0.0238799370548414,0.0301504769738737,-0.507461473024743,0.5251996111964
39.4728195358824,0.0106775956685685,-0.128547780148109,-0.0236971527547556,0.0301048660768379,-0.0236971527547556,0.0301048660768379,-0.503814181554019,0.525062643484408
39.7465693977764,0.010360681504048,-0.127699089256833,-0.0235146727566831,0.030058302072582,-0.0235146727566831,0.030058302072582,-0.500169250196947,0.524900377593148
40.0222177555915,0.0100479634063529,-0.12685499446157,-0.0233325106833788,0.0300107866373006,-0.0233325106833788,0.0300107866373006,-0.496527025276517,0.524712858970697
40.2997777756789,0.00973939131144444,-0.126015486338729,-0.0231506801318417,0.0299623217030432,-0.0231506801318417,0.0299623217030432,-0.492887852062871,0.524500138987609
40.5792627157,0.00943491564740255,-0.125180555106284,-0.0229691946672743,0.029912909456792,-0.0229691946672743,0.029912909456792,-0.489252074643697,0.524262274907746
40.8606859252603,0.00913448733280531,-0.124350190632776,-0.0227880678170808,0.0298625523393775,-0.0227880678170808,0.0298625523393775,-0.485620035795543,0.523999329855738
41.1440608465467,0.00883805777502731,-0.123524382446183,-0.0226073130649112,0.0298112530442356,-0.0226073130649112,0.0298112530442356,-0.481992076856205,0.52371137278112
41.4294010149697,0.00854557886845882,-0.122703119742668,-0.0224269438447532,0.0297590145160061,-0.0224269438447532,0.0297590145160061,-0.478368537598241,0.523398478419167
41.7167200598098,0.00825700299264906,-0.121886391395181,-0.0222469735350792,0.0297058399489757,-0.0222469735350792,0.0297058399489757,-0.474749756103747,0.523060727248477
42.0060317048688,0.00797228301037634,-0.12107418596194,-0.0220674154530508,0.0296517327853676,-0.0220674154530508,0.0296517327853676,-0.471136068640471,0.522698205445356
42.2973497691249,0.00769137226564789,-0.120266491694785,-0.0218882828487876,0.0295966967134788,-0.0218882828487876,0.0295966967134788,-0.467527809539366,0.522311004835036
42.5906881673929,0.00741422458163195,-0.119463296547397,-0.021709588899702,0.0295407356656694,-0.021709588899702,0.0295407356656694,-0.463925311073676,0.521899222839784
42.8860609109892,0.00714079425852498,-0.118664588183394,-0.0215313467049071,0.0294838538162051,-0.0215313467049071,0.0294838538162051,-0.460328903339649,0.521462962423972
43.1834821084004,0.00687103607135637,-0.117870353984301,-0.0213535692797,0.0294260555789555,-0.0213535692797,0.0294260555789555,-0.456738914138959,0.521002332036142
43.4829659659579,0.00660490526773322,-0.117080581057397,-0.0211762695501251,0.0293673456049528,-0.0211762695501251,0.0293673456049528,-0.453155668862927,0.520517445548138
43.7845267885158,0.00634235756552772,-0.116295256243433,-0.0209994603476218,0.0293077287798109,-0.0209994603476218,0.029307728779811,-0.449579490378631,0.520008422191373
44.0881789801347,0.00608334915050952,-0.115514366124235,-0.0208231544037604,0.0292472102210117,-0.0208231544037603,0.0292472102210117,-0.446010698916975,0.519475386490293
44.3939370447695,0.00582783667392515,-0.114737897030178,-0.020647364345069,0.0291857952750581,-0.020647364345069,0.0291857952750581,-0.44244961196281,0.518918468193099
44.701815586962,0.00557577725002732,-0.113965835047545,-0.0204721026879567,0.0291234895144996,-0.0204721026879567,0.0291234895144996,-0.438896544147168,0.518337802199814
45.0118293125388,0.00532712845355571,-0.113198166025768,-0.0202973818337351,0.0290602987348335,-0.0202973818337351,0.0290602987348335,-0.435351807141699,0.517733528487756
45.3239930293136,0.00508184831717188,-0.112434875584545,-0.0201232140637422,0.0289962289512841,-0.0201232140637422,0.0289962289512841,-0.431815709555369,0.517105792034495
45.6383216477945,0.00483989532885011,-0.111675949120845,-0.0199496115345715,0.028931286395465,-0.0199496115345715,0.028931286395465,-0.428288556833493,0.516454742738383
45.954830181896,0.00460122842922649,-0.110921371815798,-0.0197765862734104,0.0288654775119269,-0.0197765862734104,0.0288654775119269,-0.424770651159168,0.515780535336721
46.2735337496566,0.00436580700890797,-0.11017112864147,-0.0196041501734891,0.0287988089545964,-0.0196041501734891,0.0287988089545964,-0.421262291357163,0.515083329321653
46.5944475739604,0.00413359090574364,-0.109425204367519,-0.0194323149896449,0.0287312875831075,-0.0194323149896449,0.0287312875831075,-0.417763772800331,0.514363288853876
46.9175869832646,0.00390454040205989,-0.108683583567751,-0.0192610923340021,0.0286629204590324,-0.0192610923340021,0.0286629204590324,-0.414275387318599,0.513620582674238
47.2429674123316,0.00367861622186138,-0.107946250626554,-0.0190904936717726,0.0285937148420133,-0.0190904936717726,0.0285937148420133,-0.410797423110575,0.512855384013329
47.5706044029659,0.00345577952799985,-0.107213189745229,-0.0189205303171774,0.0285236781858004,-0.0189205303171774,0.0285236781858004,-0.407330164657844,0.512067870499129
47.9005136047569,0.00323599191931201,-0.106484384948212,-0.0187512134294927,0.0284528181342006,-0.0187512134294927,0.0284528181342006,-0.403873892641975,0.511258224062829
48.2327107758263,0.00301921542772894,-0.105759820089183,-0.0185825540092212,0.0283811425169404,-0.0185825540092212,0.0283811425169404,-0.400428883864296,0.510426630842896
48.5672117835806,0.00280541251535794,-0.105039478857079,-0.0184145628943922,0.0283086593454478,-0.0184145628943922,0.0283086593454478,-0.396995411168477,0.509573281087483
48.904032605469,0.00259454607153908,-0.104323344781996,-0.0182472507569906,0.0282353768085567,-0.0182472507569906,0.0282353768085567,-0.393573743365945,0.508698369055271
49.243189329747,0.00238657940987752,-0.103611401240985,-0.0180806280995174,0.0281613032681397,-0.0180806280995174,0.0281613032681397,-0.390164145164176,0.507802092914839
49.5846981562442,0.00218147626525364,-0.102903631463755,-0.0179147052516824,0.0280864472546713,-0.0179147052516824,0.0280864472546714,-0.386766877097882,0.506884654642659
49.9285753971387,0.001979200790812,-0.102200018538267,-0.0177494923672313,0.0280108174627292,-0.0177494923672313,0.0280108174627292,-0.38338219546313,0.505946259919802
50.2748374777359,0.00177971755493096,-0.101500545416229,-0.0175849994209072,0.0279344227464337,-0.0175849994209072,0.0279344227464337,-0.380010352254408,0.504987118027453
50.6235009372529,0.0015829915381742,-0.100805194918497,-0.0174212362055481,0.0278572721148345,-0.0174212362055481,0.0278572721148345,-0.376651595104654,0.50400744174133
50.974582429609,0.00138898813022557,-0.100113949740373,-0.0172582123293211,0.027779374727245,-0.0172582123293211,0.027779374727245,-0.373306167228272,0.503007447225105
51.3280987242209,0.00119767312680858,-0.0994267924568106,-0.0170959372130938,0.0277007398885315,-0.0170959372130938,0.0277007398885315,-0.369974307367145,0.501987353922909
51.6840667068035,0.00100901272659203,-0.0987437055275248,-0.0169344200879432,0.0276213770443597,-0.0169344200879432,0.0276213770443597,-0.366656249739648,0.500947384451033
52.0425033801768,0.000822973528082698,-0.0980646713020061,-0.0167736699928035,0.0275412957764046,-0.0167736699928035,0.0275412957764046,-0.363352223992673,0.499887764488902
52.4034258650778,0.000639522526506699,-0.097389672024444,-0.0166136957722507,0.0274605057975265,-0.0166136957722507,0.0274605057975265,-0.360062455156667,0.49880872266942
52.7668514009784,0.00045862711068049,-0.0967186898385579,-0.0164545060744269,0.0273790169469186,-0.0164545060744269,0.0273790169469186,-0.356787163603684,0.497710490468794
53.1327973469088,0.000280255059872739,-0.0960517067923383,-0.016296109349102,0.0272968391852298,-0.016296109349102,0.0272968391852298,-0.353526565008438,0.496593302095899
53.5012811822866,0.000104374540658333,-0.095388704842698,-0.0161385138458733,0.0272139825896676,-0.0161385138458733,0.0272139825896676,-0.350280870312371,0.495457394381302
53.8723205077517,-6.90458962346176e-05,-0.0947296658600366,-0.0159817276125028,0.0271304573490844,-0.0159817276125028,0.0271304573490844,-0.347050285690698,0.494303006666026
54.2459330460073,-0.000240037319083443,-0.0940745716327168,-0.0158257584933916,0.0270462737590526,-0.0158257584933916,0.0270462737590526,-0.343835012522444,0.493130380690135
54.6221366426659,-0.000408630418334358,-0.0934234038714558,-0.0156706141281899,0.0269614422169312,-0.0156706141281899,0.0269614422169312,-0.340635247363436,0.491939760481242
55.0009492671021,-0.000574855509769624,-0.0927761442136321,-0.0155163019505434,0.0268759732169288,-0.0155163019505434,0.0268759732169288,-0.337451181922247,0.490731392243017
55.3823890133107,-0.000738742537677422,-0.0921327742275086,-0.0153628291869739,0.0267898773451675,-0.0153628291869739,0.0267898773451675,-0.334283003039058,0.489505524243784
55.7664741007712,-0.000900321078023502,-0.0914932754163739,-0.0152102028558929,0.0267031652747501,-0.0152102028558929,0.0267031652747501,-0.33113089266743,0.488262406705292
56.1532228753178,-0.00105962034162371,-0.0908576292226019,-0.0150584297667487,0.0266158477608358,-0.0150584297667487,0.0266158477608358,-0.327995027858938,0.487002291691742
56.5426538100157,-0.00121666917731631,-0.090225817031632,-0.0149075165193034,0.0265279356357274,-0.0149075165193034,0.0265279356357274,-0.324875580750662,0.485725432999145
56.9347855060436,-0.00137149607513354,-0.08959782017587,-0.0147574695030404,0.0264394398039746,-0.0147574695030404,0.0264394398039746,-0.321772718555487,0.484432086045106
57.3296366935823,-0.00152412916947126,-0.0889736199385111,-0.0146082948966993,0.0263503712374958,-0.0146082948966993,0.0263503712374958,-0.318686603555183,0.483122507759088
57.7272262327089,-0.00167459624225596,-0.0883531975572869,-0.0144599986679385,0.026260740970723,-0.0144599986679385,0.026260740970723,-0.315617393096234,0.48179695647326
58.1275731142982,-0.00182292472610841,-0.0877365342281359,-0.0143125865731215,0.0261705600957726,-0.0143125865731215,0.0261705600957726,-0.312565239588372,0.480455691813976
58.5306964609293,-0.00196914170750307,-0.0871236111088004,-0.0141660641572266,0.0260798397576458,-0.0141660641572266,0.0260798397576457,-0.309530290505773,0.479098974593978
58.9366155277994,-0.00211327392992253,-0.0865144093223491,-0.0140204367538782,0.0259885911494619,-0.0140204367538782,0.0259885911494619,-0.30651268839089,0.47772706670538
59.3453497036433,-0.00225534779700633,-0.0859089099606281,-0.0138757094854967,0.0258968255077279,-0.0138757094854967,0.0258968255077279,-0.303512570860855,0.476340231013505
59.7569185116595,-0.00239538937569332,-0.0853070940876403,-0.0137318872635654,0.025804554107646,-0.0137318872635654,0.025804554107646,-0.300530070616424,0.474938731251646
60.1713416104428,-0.00253342439935697,-0.0847089427428546,-0.013588974789013,0.0257117882584646,-0.013588974789013,0.0257117882584646,-0.297565315453407,0.473522831916807
60.5886387949234,-0.002669478270933,-0.0841144369444459,-0.0134469765527083,0.0256185392988735,-0.0134469765527083,0.0256185392988735,-0.29461842827654,0.472092798166491
61.0088299973121,-0.00280357606603855,-0.083523557692467,-0.0133058968360652,0.0255248185924469,-0.0133058968360652,0.0255248185924469,-0.291689527115738,0.470648895716592
61.4319352880526,-0.00293574253608247,-0.0829362859719537,-0.013165739711756,0.025430637523137,-0.013165739711756,0.025430637523137,-0.288778725144698,0.46919139074045
61.8579748767801,-0.00306600211136596,-0.0823526027559633,-0.0130265090445303,0.0253360074908203,-0.0130265090445303,0.0253360074908203,-0.285886130701774,0.467720549769122
62.2869691132868,-0.00319437890417301,-0.0817724890085485,-0.0128882084921373,0.0252409399069002,-0.0128882084921373,0.0252409399069002,-0.283011847313084,0.466236639592925
62.7189384884933,-0.00332089671185029,-0.0811959256876673,-0.012750841506348,0.0251454461899666,-0.012750841506348,0.0251454461899666,-0.280155973717799,0.464739927164299
63.1539036354283,-0.00344557901987564,-0.0806228937480296,-0.0126144113340759,0.0250495377615158,-0.0126144113340759,0.0250495377615158,-0.277318603895533,0.46323067950204
63.5918853302131,-0.00356844900491485,-0.080053374143882,-0.0124789210185935,0.0249532260417335,-0.0124789210185935,0.0249532260417335,-0.274499827095813,0.461709163596944
64.032904493055,-0.0036895295378662,-0.0794873478317316,-0.0123443734008407,0.0248565224453412,-0.0123443734008407,0.0248565224453412,-0.271699727869528,0.460175646318918
64.4769821892457,-0.00380884318689229,-0.0789247957730096,-0.0122107711208238,0.0247594383775094,-0.0122107711208238,0.0247594383775094,-0.268918386102344,0.45863039432558
64.9241396301678,-0.00392641222043856,-0.0783656989366761,-0.012078116619102,0.0246619852298392,-0.012078116619102,0.0246619852298392,-0.266155877049981,0.457073673972409
65.3743981743082,-0.00404225861023836,-0.0778100383017664,-0.0119464121383577,0.0245641743764129,-0.0119464121383577,0.0245641743764129,-0.263412271375324,0.455505751224465
65.827779328278,-0.0041564040343038,-0.0772577948598808,-0.0118156597250493,0.0244660171699174,-0.0118156597250493,0.0244660171699174,-0.260687635187294,0.453926891569716
66.2843047478397,-0.00426886987990225,-0.0767089496176177,-0.0116858612311427,0.0243675249378397,-0.0116858612311427,0.0243675249378397,-0.257982030081419,0.45233735993402
66.7439962389419,-0.0043796772465179,-0.0761634835989515,-0.0115570183159191,0.0242687089787375,-0.0115570183159191,0.0242687089787375,-0.255295513182038,0.450737420597763
67.2068757587607,-0.00448884694879823,-0.0756213778475565,-0.0114291324478562,0.0241695805585847,-0.0114291324478562,0.0241695805585847,-0.252628137186095,0.449127337114211
67.6729654167483,-0.00459639951948476,-0.0750826134290773,-0.0113022049065793,0.0240701509071952,-0.0113022049065793,0.0240701509071952,-0.249979950408436,0.44750737222958
68.1422874756894,-0.004702355212328,-0.0745471714333467,-0.0111762367848812,0.0239704312147241,-0.0111762367848812,0.0239704312147241,-0.247350996828567,0.445877787804857
68.6148643527643,-0.00480673400498615,-0.0740150329765519,-0.0110512289908058,0.0238704326282475,-0.0110512289908058,0.0238704326282475,-0.244741316138801,0.444238844739389
69.0907186206199,-0.00490955560190719,-0.0734861792033506,-0.0109271822497948,0.0237701662484238,-0.0109271822497948,0.0237701662484238,-0.242150943793736,0.442590802896266
69.5698730084476,-0.00501083943719428,-0.0729605912889365,-0.0108040971068925,0.0236696431262344,-0.0108040971068925,0.0236696431262344,-0.239579911061,0.440933921029505
70.0523504030693,-0.00511060467745389,-0.0724382504410571,-0.010681973929008,0.0235688742598073,-0.010681973929008,0.0235688742598073,-0.237028245073207,0.439268456713052
70.5381738500302,-0.00520887022462676,-0.0719191379019825,-0.01056081290723,0.0234678705913214,-0.01056081290723,0.0234678705913214,-0.234495968881051,0.437594666271625
71.0273665547,-0.00530565471880106,-0.0714032349504275,-0.0104406140591935,0.0233666430039952,-0.0104406140591935,0.0233666430039952,-0.231983101507493,0.435912804713393
71.5199518833807,-0.00540097654100787,-0.0708905229034275,-0.0103213772314935,0.0232652023191576,-0.0103213772314935,0.0232652023191576,-0.229489658002969,0.434223125664513
72.0159533644237,-0.00549485381599856,-0.0703809831181688,-0.0102031021021444,0.0231635592934024,-0.0102031021021444,0.0231635592934024,-0.227015649501561,0.432525881305521
72.5153946893524,-0.00558730441500385,-0.0698745969937749,-0.0100857881830821,0.023061724615827,-0.0100857881830821,0.023061724615827,-0.224561083278084,0.430821322309594
73.0182997139948,-0.00567834595847451,-0.0693713459730483,-0.00996943482270576,0.0229597089053548,-0.00996943482270576,0.0229597089053548,-0.222125962806,0.429109697782669
73.5246924596224,-0.00576799581880347,-0.0688712115441699,-0.00985404120845682,0.0228575227081416,-0.00985404120845682,0.0228575227081416,-0.219710287816146,0.427391255205444
74.0345971140979,-0.005856271123029,-0.0683741752423562,-0.00973960636943251,0.0227551764950665,-0.00973960636943251,0.0227551764950665,-0.217314054356171,0.425666240377234
74.5480380330304,-0.00594318875551916,-0.0678802186514757,-0.00962612917903147,0.0226526806593062,-0.00962612917903147,0.0226526806593062,-0.214937254850663,0.423934897361703
75.0650397409388,-0.00602876536063704,-0.0673893234056237,-0.00951360835762859,0.022550045513994,-0.00951360835762859,0.022550045513994,-0.212579878161888,0.422197468434451
75.585626932423,-0.00611301734538691,-0.0669014711906586,-0.0094020424752769,0.0224472812899618,-0.00940204247527689,0.0224472812899618,-0.210241909651097,0.42045419403246
76.1098244733437,-0.00619596088204104,-0.0664166437456988,-0.00929142995443372,0.0223443981335661,-0.00929142995443372,0.0223443981335661,-0.207923331240341,0.418705312705395
76.6376574020103,-0.00627761191074709,-0.0659348228645818,-0.00918176907270886,0.0222414061045964,-0.00918176907270885,0.0222414061045964,-0.205624121474743,0.416951061068739
77.1691509303763,-0.00635798614211613,-0.0654559903972851,-0.00907305796563226,0.0221383151742669,-0.00907305796563226,0.0221383151742669,-0.203344255585178,0.415191673758763
77.7043304452438,-0.00643709905979098,-0.0649801282513118,-0.00896529462943893,0.02203513522329,-0.00896529462943893,0.02203513522329,-0.201083705551302,0.413427383389317
78.2432215094763,-0.00651496592299509,-0.0645072183930391,-0.00885847692386871,0.0219318760400314,-0.00885847692386871,0.0219318760400314,-0.198842440164889,0.411658420510428
78.7858498632195,-0.00659160176906156,-0.064037242849033,-0.00875260257497864,0.0218285473187467,-0.00875260257497865,0.0218285473187467,-0.196620425093419,0.409885013568693
79.3322414251308,-0.00666702141594267,-0.063570183707327,-0.00864766917796581,0.0217251586578972,-0.00864766917796581,0.0217251586578972,-0.194417622943873,0.40810738886945
79.8824222936175,-0.00674123946469951,-0.0631060231186688,-0.00854367419999835,0.021621719558547,-0.00854367419999835,0.021621719558547,-0.192233993326692,0.40632577054071
80.436418748083,-0.00681427030197197,-0.062644743297733,-0.00844061498305265,0.0215182394228376,-0.00844061498305265,0.0215182394228376,-0.19006949291984,0.404540380498843
80.9942572501823,-0.00688612810242887,-0.0621863265243019,-0.00833848874675463,0.0214147275525413,-0.00833848874675462,0.0214147275525413,-0.187924075532944,0.402751438415978
81.555964445086,-0.00695682683119845,-0.0617307551444147,-0.00823729259122296,0.0213111931476911,-0.00823729259122296,0.0213111931476911,-0.185797692171456,0.400959161689119
82.121567162753,-0.00702638024627902,-0.0612780115714856,-0.0081370234999126,0.0212076453052881,-0.0081370234999126,0.0212076453052881,-0.183690291100795,0.399163765410951
82.6910924192116,-0.00709480190092994,-0.0608280782873924,-0.00803767834245634,0.0211040930180829,-0.00803767834245634,0.0211040930180829,-0.181601817910437,0.397365462342305
83.2645674178507,-0.00716210514604289,-0.0603809378435346,-0.00793925387750277,0.0210005451734322,-0.00793925387750277,0.0210005451734322,-0.179532215577896,0.395564462886267
83.8420195507184,-0.00722830313249353,-0.0599365728618636,-0.00784174675554887,0.0208970105522286,-0.00784174675554887,0.0208970105522286,-0.17748142453258,0.393760975063916
84.423476399831,-0.00729340881347351,-0.0594949660358837,-0.00774515352176531,0.0207934978279023,-0.00774515352176531,0.0207934978279023,-0.175449382719458,0.391955204491652
85.0089657384898,-0.00735743494680299,-0.0590561001316262,-0.00764947061881297,0.0206900155654945,-0.00764947061881297,0.0206900155654945,-0.173436025662527,0.390147354360097
85.5985155326084,-0.00742039409722366,-0.0586199579885961,-0.00755469438964893,0.0205865722208004,-0.00755469438964893,0.0205865722208004,-0.171441286528023,0.388337625414548
86.1921539420481,-0.0074822986386724,-0.0581865225206932,-0.00746082108032039,0.0204831761395812,-0.00746082108032039,0.0204831761395812,-0.169465096187355,0.38652621593695
86.7899093219629,-0.00754316075653567,-0.0577557767171059,-0.007367846842745,0.0203798355568444,-0.007367846842745,0.0203798355568444,-0.167507383279724,0.384713321729362
87.3918102241541,-0.00760299244988457,-0.0573277036431815,-0.00727576773747615,0.0202765585961893,-0.00727576773747615,0.0202765585961893,-0.165568074274394,0.382899136098898
87.9978853984339,-0.00766180553369097,-0.0569022864412711,-0.00718457973645179,0.0201733532692194,-0.00718457973645179,0.0201733532692194,-0.16364709353259,0.381083849844106
88.6081637939989,-0.00771961164102449,-0.0564795083315506,-0.0070942787257254,0.0200702274750175,-0.0070942787257254,0.0200702274750175,-0.161744363368988,0.379267651242763
89.2226745608124,-0.0077764222252307,-0.056059352612818,-0.00700486050817789,0.0199671889996843,-0.00700486050817789,0.0199671889996843,-0.159859804112766,0.377450726041051
89.8414470509972,-0.00783224856209057,-0.0556418026632685,-0.00691632080620907,0.019864245515938,-0.00691632080620907,0.019864245515938,-0.157993334168206,0.375633257444102
90.4645108202374,-0.00788710175196123,-0.0552268419412467,-0.00682865526440763,0.0197614045827751,-0.00682865526440763,0.0197614045827751,-0.156144870074799,0.373815426107862
91.0918956291901,-0.00794099272189835,-0.054814453985977,-0.00674185945219828,0.0196586736451884,-0.00674185945219827,0.0196586736451884,-0.154314326566839,0.371997410132258
91.7236314449071,-0.00799393222776015,-0.0544046224182735,-0.00665592886646525,0.0195560600339443,-0.00665592886646526,0.0195560600339443,-0.152501616632487,0.37017938505564
92.3597484422661,-0.00804593085629323,-0.0539973309412277,-0.00657085893415087,0.0194535709654154,-0.00657085893415087,0.0194535709654154,-0.150706651572277,0.368361523850461
93.0002770054119,-0.0080969990272004,-0.0535925633408777,-0.00648664501482829,0.0193512135414679,-0.00648664501482828,0.0193512135414679,-0.148929341057038,0.36654399692017
93.645247729208,-0.00814714699519066,-0.0531903034868563,-0.00640328240324749,0.0192489947494034,-0.00640328240324749,0.0192489947494034,-0.14716959318522,0.364726972097289
94.2946914206979,-0.00819638485201158,-0.0527905353330203,-0.0063207663318537,0.0191469214619517,-0.0063207663318537,0.0191469214619517,-0.145427314539608,0.362910614642641
94.9486391005764,-0.00824472252846405,-0.0523932429180612,-0.0062390919732772,0.0190450004373159,-0.0062390919732772,0.0190450004373159,-0.143702410243389,0.361095087245706
95.6071220046713,-0.00829216979639987,-0.0519984103660975,-0.00615825444279393,0.0189432383192659,-0.00615825444279393,0.0189432383192659,-0.141994784015575,0.359280550026065
96.2701715854358,-0.00833873627070215,-0.0516060218872488,-0.00607824880075608,0.0188416416372806,-0.00607824880075608,0.0188416416372806,-0.140304338225751,0.35746716053591
96.9378195134503,-0.00838443141124881,-0.0512160617781932,-0.00599907005499196,0.0187402168067367,-0.00599907005499197,0.0187402168067367,-0.138630973948146,0.355655073763593
97.6100976789355,-0.00842926452485936,-0.0508285144227066,-0.00592071316317448,0.0186389701291435,-0.00592071316317448,0.0186389701291435,-0.136974591015,0.353844442138173
98.2870381932754,-0.00847324476722523,-0.0504433642921871,-0.00584317303515765,0.018537907792421,-0.00584317303515765,0.018537907792421,-0.135335088069225,0.352035415534942
98.9686733905512,-0.00851638114482373,-0.0500605959461613,-0.00576644453528064,0.0184370358712219,-0.00576644453528064,0.0184370358712219,-0.133712362616337,0.350228141281898
99.6550358290861,-0.00855868251681596,-0.0496801940327767,-0.00569052248463866,0.0183363603272942,-0.00569052248463866,0.0183363603272942,-0.132106311075664,0.348422764167132
100.346158292999,-0.00860015759692894,-0.0493021432892777,-0.0056154016633204,0.0182358870098844,-0.0056154016633204,0.0182358870098844,-0.130516828830801,0.346619426447105
101.042073793774,-0.00864081495532196,-0.0489264285424663,-0.00554107681261145,0.0181356216561794,-0.00554107681261145,0.0181356216561794,-0.128943810279316,0.344818267855784
101.742815571832,-0.00868066302043771,-0.0485530347091501,-0.0054675426371634,0.0180355698917867,-0.00546754263716339,0.0180355698917867,-0.127387148881696,0.343019425614606
102.448417098122,-0.00871971008083807,-0.0481819467965737,-0.0053947938071282,0.0179357372312495,-0.00539479380712819,0.0179357372312495,-0.12584673720952,0.341223034443251
103.15891207572,-0.00875796428702517,-0.0478131499028381,-0.00532282496025745,0.0178361290785982,-0.00532282496025745,0.0178361290785982,-0.124322466992863,0.339429226571182
103.874334441436,-0.00879543365324757,-0.0474466292173053,-0.00525163070396643,0.0177367507279348,-0.00525163070396643,0.0177367507279348,-0.122814229166905,0.337638131749934
104.594718367439,-0.00883212605929216,-0.047082370020991,-0.00518120561736248,0.0176376073640506,-0.00518120561736248,0.0176376073640506,-0.121321913917773,0.335849877266122
105.320098262886,-0.00886804925226176,-0.0467203576869431,-0.00511154425323765,0.0175387040630738,-0.00511154425323765,0.0175387040630738,-0.119845410727571,0.334064587955144
106.050508775566,-0.00890321084833888,-0.046360577680609,-0.00504264114002539,0.017440045793149,-0.00504264114002539,0.017440045793149,-0.118384608418633,0.332282386215543
106.785984793556,-0.0089376183345357,-0.0460030155601893,-0.00497449078372106,0.017341637415144,-0.00497449078372106,0.017341637415144,-0.116939395196965,0.330503392024015
107.526561446888,-0.00897127907043071,-0.0456476569769808,-0.00490708766976633,0.0172434836833851,-0.00490708766976633,0.0172434836833851,-0.115509658694897,0.32872772295102
108.272274109224,-0.00900420028989213,-0.0452944876757071,-0.00484042626489714,0.0171455892464185,-0.00484042626489714,0.0171455892464185,-0.114095286012925,0.32695549417699
109.023158399549,-0.00903638910278848,-0.0449434934948379,-0.00477450101895542,0.0170479586477974,-0.00477450101895542,0.0170479586477974,-0.112696163760757,0.32518681850909
109.779250183872,-0.00906785249668641,-0.0445946603668976,-0.00470930636666434,0.0169505963268926,-0.00470930636666434,0.0169505963268926,-0.111312178097556,0.323421806398524
110.540585576935,-0.00909859733853631,-0.0442479743187624,-0.0046448367293672,0.0168535066197274,-0.0046448367293672,0.0168535066197274,-0.109943214771376,0.321660565958341
111.307200943943,-0.00912863037634567,-0.0439034214719471,-0.00458108651672998,0.016756693759833,-0.00458108651672998,0.016756693759833,-0.108589159157798,0.319903202981743
112.079132902301,-0.0091579582408407,-0.0435609880428818,-0.00451805012840753,0.0166601618791259,-0.00451805012840753,0.0166601618791259,-0.107249896297772,0.318149820960843
112.856418323356,-0.00918658744711633,-0.0432206603431776,-0.00445572195567364,0.0165639150088049,-0.00445572195567364,0.0165639150088049,-0.105925310934654,0.316400521105877
113.639094334169,-0.00921452439627499,-0.0428824247798834,-0.00439409638301488,0.0164679570802662,-0.00439409638301488,0.0164679570802662,-0.104615287550447,0.314655402364821
114.427198319278,-0.00924177537705429,-0.0425462678557316,-0.00433316778968852,0.0163722919260373,-0.00433316778968851,0.0163722919260373,-0.103319710401257,0.312914561443414
115.220767922492,-0.00926834656744397,-0.0422121761693755,-0.00427293055124451,0.016276923280727,-0.00427293055124451,0.016276923280727,-0.102038463551954,0.31117809282555
116.019841048683,-0.00929424403629248,-0.0418801364156164,-0.00421337904101195,0.0161818547819911,-0.00421337904101195,0.0161818547819911,-0.100771430910045,0.30944608879402
116.824455865599,-0.00931947374490322,-0.041550135385622,-0.00415450763154985,0.0160870899715136,-0.00415450763154985,0.0160870899715136,-0.0995184962587761,0.307718639451587
117.634650805689,-0.00934404154862096,-0.0412221599671351,-0.00409631069606279,0.0159926322960009,-0.00409631069606279,0.0159926322960009,-0.0982795432894492,0.305995832742373
118.450464567934,-0.00936795319840859,-0.0408961971446743,-0.0040387826097814,0.0158984851081896,-0.0040387826097814,0.0158984851081896,-0.0970544556329726,0.304277754473534
119.271936119701,-0.00939121434241447,-0.0405722339997246,-0.00398191775130809,0.015804651667866,-0.00398191775130809,0.015804651667866,-0.0958431168906451,0.302564488337202
120.099104698599,-0.00941383052753075,-0.0402502577109206,-0.00392571050392818,0.0157111351428969,-0.00392571050392818,0.0157111351428969,-0.0946454106641806,0.300856115932686
120.932009814357,-0.00943580720094278,-0.0399302555542201,-0.00387015525688676,0.0156179386102706,-0.00387015525688676,0.0156179386102706,-0.0934612205849797,0.299152716788896
121.77069125071,-0.00945714971167008,-0.03961221490307,-0.0038152464066316,0.0155250650571474,-0.0038152464066316,0.0155250650571474,-0.0922904303426546,0.297454368386988
122.615189067297,-0.0094778633120989,-0.0392961232285633,-0.00376097835802224,0.0154325173819189,-0.00376097835802224,0.0154325173819189,-0.0911329237128143,0.295761146183204
123.46554360158,-0.0094979531595069,-0.038981968099588,-0.00370734552550586,0.0153402983952749,-0.00370734552550586,0.0153402983952749,-0.0899885845841168,0.294073123631883
124.321795470765,-0.00951742431758001,-0.0386697371829678,-0.00365434233425998,0.0152484108212774,-0.00365434233425998,0.0152484108212774,-0.0888572969845968,0.292390372208646
125.183985573745,-0.00953628175792185,-0.0383594182435946,-0.00360196322130254,0.0151568572984411,-0.00360196322130254,0.0151568572984411,-0.0877389451072746,0.290712961433714
126.052155093052,-0.00955453036155592,-0.038050999144553,-0.00355020263656954,0.0150656403808192,-0.00355020263656954,0.0150656403808192,-0.0866334133350566,0.289040958895365
126.926345496825,-0.00957217492042086,-0.0377444678472362,-0.00349905504396074,0.0149747625390942,-0.00349905504396074,0.0149747625390942,-0.0855405862649332,0.287374430273494
127.806598540793,-0.00958922013885903,-0.037439812411455,-0.00344851492235373,0.0148842261616729,-0.00344851492235373,0.0148842261616729,-0.084460348731484,0.285713439363284
128.692956270265,-0.00960567063509865,-0.0371370209955374,-0.00339857676658676,0.0147940335557847,-0.00339857676658676,0.0147940335557847,-0.0833925858296978,0.284058048098946
129.585461022141,-0.00962153094272976,-0.0368360818564211,-0.00334923508841063,0.0147041869485829,-0.00334923508841063,0.0147041869485829,-0.0823371829371166,0.282408316577538
130.484155426934,-0.00963680551217424,-0.0365369833497379,-0.00330048441741027,0.014614688488248,-0.00330048441741027,0.014614688488248,-0.0812940257353123,0.280764303082837
131.389082410804,-0.00965149871215022,-0.0362397139298895,-0.00325231930189613,0.0145255402450926,-0.00325231930189613,0.0145255402450926,-0.0802630002307055,0.279126064109252
132.300285197614,-0.00966561483113098,-0.0359442621501163,-0.00320473430976595,0.0144367442126673,-0.00320473430976595,0.0144367442126673,-0.0792439927747342,0.277493654385764
133.217807310988,-0.00967915807879867,-0.035650616662557,-0.00315772402933734,0.0143483023088671,-0.00315772402933734,0.0143483023088671,-0.0782368900833832,0.275867126899885
134.141692576393,-0.00969213258749315,-0.0353587662183009,-0.00311128307015148,0.0142602163770372,-0.00311128307015148,0.0142602163770372,-0.0772415792560827,0.274246532921619
135.071985123233,-0.00970454241365592,-0.0350686996674315,-0.00306540606374849,0.0141724881870785,-0.00306540606374849,0.0141724881870785,-0.0762579477939861,0.272631922027419
136.008729386957,-0.0097163915392698,-0.0347804059590626,-0.00302008766441476,0.0140851194365517,-0.00302008766441476,0.0140851194365517,-0.0752858836176351,0.271023342124117
136.951970111177,-0.00972768387329409,-0.0344938741413651,-0.0029753225499028,0.0139981117517794,-0.0029753225499028,0.0139981117517794,-0.0743252750840243,0.269420839472829
137.901752349813,-0.00973842325309579,-0.0342090933615862,-0.002931105422124,0.0139114666889461,-0.002931105422124,0.0139114666889461,-0.0733760110030715,0.267824458712824
138.858121469236,-0.00974861344587693,-0.0339260528660603,-0.00288743100781469,0.0138251857351958,-0.00288743100781469,0.0138251857351958,-0.0724379806535074,0.266234242885328
139.821123150444,-0.00975825815009828,-0.0336447420002102,-0.002844294059176,0.0137392703097257,-0.002844294059176,0.0137392703097257,-0.0715110737981906,0.264650233457282
140.790803391236,-0.00976736099689954,-0.0333651502085412,-0.00280168935448796,0.0136537217648766,-0.00280168935448796,0.0136537217648766,-0.0705951806988609,0.263072470345024
141.767208508414,-0.00977592555151628,-0.033087267034625,-0.0027596116986982,0.0135685413872199,-0.0027596116986982,0.0135685413872199,-0.0696901921303377,0.261500991937882
142.750385139995,-0.00978395531469389,-0.0328110821210759,-0.00271805592398589,0.0134837303986387,-0.00271805592398589,0.0134837303986387,-0.068795999394177,0.2599358351217
143.740380247435,-0.00979145372409844,-0.0325365852095169,-0.00267701689030108,0.0133992899574053,-0.00267701689030108,0.0133992899574053,-0.0679124943317928,0.258377035302244
144.737241117876,-0.00979842415572504,-0.0322637661405375,-0.00263648948588015,0.0133152211592528,-0.00263648948588015,0.0133152211592528,-0.067039569337056,0.256824626428523
145.741015366405,-0.00980486992530339,-0.0319926148536413,-0.00259646862773765,0.0132315250384416,-0.00259646862773765,0.0132315250384416,-0.0661771173683786,0.255278641015984
146.751750938323,-0.00981079428970113,-0.0317231213871853,-0.00255694926213508,0.0131482025688193,-0.00255694926213508,0.0131482025688193,-0.0653250319602945,0.253739110169595
147.769496111443,-0.00981620044832473,-0.0314552758783081,-0.00251792636502694,0.0130652546648748,-0.00251792636502694,0.0130652546648748,-0.0644832072345449,0.252206063606798
148.794299498388,-0.0098210915445184,-0.0311890685628494,-0.00247939494248462,0.0129826821827857,-0.00247939494248462,0.0129826821827857,-0.0636515379106799,0.250679529680328
149.826210048919,-0.00982547066696091,-0.0309244897752589,-0.00244135003109846,0.0129004859214587,-0.00244135003109846,0.0129004859214587,-0.0628299193161851,0.249159535400899
150.865277052271,-0.00982934085106052,-0.0306615299484952,-0.0024037866983585,0.012818666623563,-0.0024037866983585,0.012818666623563,-0.0620182473961428,0.247646106459733
151.911550139505,-0.0098327050803482,-0.0304001796139141,-0.00236670004301432,0.0127372249765559,-0.00236670004301432,0.0127372249765559,-0.0612164187224375,0.246139267250944
152.965079285884,-0.0098355662878691,-0.0301404294011464,-0.00233008519541442,0.0126561616137012,-0.00233008519541442,0.0126561616137012,-0.0604243305025161,0.244639040893767
154.025914813254,-0.00983792735757254,-0.029882270037965,-0.00229393731782555,0.0125754771150788,-0.00229393731782555,0.0125754771150788,-0.0596418805877104,0.243145449254618
155.094107392451,-0.00983979112570038,-0.0296256923501408,-0.00225825160473244,0.0124951720085872,-0.00225825160473244,0.0124951720085872,-0.0588689674811335,0.24165851296899
156.169708045722,-0.00984116038217404,-0.0293706872612867,-0.00222302328311839,0.0124152467709362,-0.00222302328311839,0.0124152467709362,-0.0581054903451584,0.240178251463179
157.25276814916,-0.00984203787198014,-0.0291172457926915,-0.00218824761272708,0.0123357018286322,-0.00218824761272708,0.0123357018286322,-0.057351349008488,0.238704682975828
158.34333943516,-0.00984242629655477,-0.0288653590631405,-0.00215391988630607,0.0122565375589538,-0.00215391988630607,0.0122565375589538,-0.0566064439728257,0.237237824579294
159.441473994887,-0.00984232831516656,-0.0286150182887251,-0.0021200354298324,0.0121777542909189,-0.0021200354298324,0.0121777542909189,-0.0558706764191569,0.23577769220083
160.547224280766,-0.0098417465462984,-0.0283662147826395,-0.00208658960272067,0.0120993523062419,-0.00208658960272068,0.0120993523062419,-0.0551439482136482,0.234324300643581
161.66064310899,-0.00984068356902796,-0.0281189399549656,-0.00205357779801411,0.0120213318402821,-0.00205357779801411,0.0120213318402821,-0.0544261619131761,0.232877663607377
162.781783662036,-0.00983914192440697,-0.0278731853124442,-0.0020209954425589,0.0119436930829823,-0.0020209954425589,0.0119436930829823,-0.0537172207704915,0.23143779370935
163.910699491214,-0.00983712411683922,-0.0276289424582337,-0.00198883799716228,0.0118664361797975,-0.00198883799716228,0.0118664361797975,-0.0530170287390299,0.230004702504334
165.047444519217,-0.0098346326154573,-0.0273862030916555,-0.00195710095673482,0.0117895612326142,-0.00195710095673482,0.0117895612326142,-0.0523254904773771,0.228578400505075
166.192073042701,-0.00983166985549801,-0.0271449590079258,-0.00192577985041713,0.0117130683006591,-0.00192577985041713,0.0117130683006591,-0.0516425113533958,0.227158897202238
167.344639734876,-0.0098282382396764,-0.0269052020978729,-0.00189487024169164,0.0116369574013983,-0.00189487024169164,0.0116369574013983,-0.050967997448026,0.225746201084201
168.505199648122,-0.00982434013955838,-0.026666924347641,-0.00186436772847952,0.0115612285114257,-0.00186436772847952,0.0115612285114257,-0.0503018555587629,0.224340319656648
169.673808216612,-0.00981997789693185,-0.0264301178383796,-0.00183426794322346,0.0114858815673415,-0.00183426794322346,0.0114858815673415,-0.0496439932028243,0.222941259461948
170.850521258965,-0.00981515382517618,-0.0261947747459177,-0.00180456655295646,0.01141091646662,-0.00180456655295646,0.01141091646662,-0.0489943186200136,0.221549026098327
172.03539498091,-0.00980987021063001,-0.025960887340423,-0.00177525925935703,0.0113363330684674,-0.00177525925935703,0.0113363330684674,-0.0483527407752872,0.220163624238821
173.228485977972,-0.00980412931395724,-0.0257284479860462,-0.00174634179879134,0.0112621311946678,-0.00174634179879134,0.0112621311946678,-0.0477191693610336,0.218785057650017
174.429851238172,-0.00979793337151102,-0.0254974491405494,-0.00171780994234239,0.0111883106304202,-0.00171780994234239,0.0111883106304202,-0.0470935147990732,0.217413329210579
175.639548144754,-0.00979128459669567,-0.0252678833549186,-0.00168965949582691,0.0111148711251634,-0.00168965949582691,0.0111148711251634,-0.0464756882423848,0.216048440929556
176.857634478922,-0.00978418518132631,-0.0250397432729599,-0.00166188629980005,0.0110418123933907,-0.00166188629980005,0.0110418123933907,-0.0458656015765685,0.214690393964473
178.084168422602,-0.00977663729698603,-0.0248130216308796,-0.00163448622954835,0.0109691341154538,-0.00163448622954835,0.0109691341154538,-0.0452631674210497,0.213339188639198
179.319208561219,-0.00976864309638037,-0.0245877112568471,-0.00160745519507136,0.0108968359383555,-0.00160745519507136,0.0108968359383555,-0.044668299130035,0.211994824461601
180.562813886497,-0.00976020471468911,-0.024363805070541,-0.00158078914105218,0.0108249174765322,-0.00158078914105218,0.0108249174765322,-0.0440809107932238,0.210657300140979
181.815043799277,-0.00975132427091472,-0.0241412960826778,-0.00155448404681732,0.010753378312624,-0.00155448404681732,0.0107533783126241,-0.0435009172362848,0.209326613605269
183.075958112354,-0.00974200386922771,-0.0239201773945227,-0.00152853592628608,0.010682217998236,-0.00152853592628608,0.010682217998236,-0.0429282340211045,0.208002762018045
184.345617053333,-0.00973224560030828,-0.0237004421973829,-0.00150294082791007,0.0106114360546861,-0.00150294082791007,0.0106114360546861,-0.0423627774458127,0.206685741795277
185.624081267505,-0.00972205154268413,-0.0234820837720824,-0.00147769483460278,0.0105410319737441,-0.00147769483460278,0.0105410319737441,-0.0418044645445942,0.205375548621892
186.911411820748,-0.00971142376406416,-0.0232650954884187,-0.00145279406365994,0.0104710052183582,-0.00145279406365994,0.0104710052183582,-0.0412532130872911,0.204072177468095
188.207670202438,-0.00970036432266772,-0.0230494708045999,-0.00142823466667067,0.0104013552233712,-0.00142823466667067,0.0104013552233712,-0.040708941578804,0.202775622605483
189.512918328392,-0.00968887526854903,-0.0228352032666643,-0.00140401282941985,0.0103320813962258,-0.00140401282941985,0.0103320813962258,-0.0401715692582972,0.201485877622931
190.827218543819,-0.00967695864491657,-0.0226222865078788,-0.0013801247717821,0.0102631831176581,-0.0013801247717821,0.0102631831176581,-0.0396410160982151,0.20020293544226
192.150633626303,-0.009664616489447,-0.02241071424812,-0.00135656674760745,0.0101946597423813,-0.00135656674760745,0.0101946597423813,-0.0391172028031153,0.198926788333692
193.483226788801,-0.00965185083559321,-0.0222004802932335,-0.00133333504459926,0.0101265105997574,-0.00133333504459926,0.0101265105997574,-0.0386000508083247,0.197657427931078
194.82506168266,-0.00963866371388619,-0.0219915785343743,-0.00131042598418443,0.0100587349944584,-0.00131042598418443,0.0100587349944584,-0.0380894822784247,0.196394845246912
196.176202400658,-0.00962505715323034,-0.0217840029473275,-0.00128783592137638,0.00999133220711678,-0.00128783592137638,0.00999133220711678,-0.0375854201055708,0.195139030687132
197.536713480066,-0.00961103318219164,-0.0215777475918069,-0.00126556124463097,0.00992430149496462,-0.00126556124463097,0.00992430149496462,-0.0370877879076534,0.193889974065701
198.906659905733,-0.00959659383027849,-0.0213728066107348,-0.00124359837569568,0.00985764209246224,-0.00124359837569568,0.00985764209246224,-0.036596510026303,0.192647664618969
200.286107113184,-0.00958174112921458,-0.0211691742294998,-0.00122194376945229,0.00979135321191586,-0.00122194376945229,0.00979135321191586,-0.0361115115247492,0.191412091019834
201.675120991751,-0.00956647711420342,-0.020966844755194,-0.0012005939137534,0.00972543404408458,-0.00120059391375339,0.00972543404408458,-0.035632718185534,0.190183241391674
203.073767887718,-0.00955080382518402,-0.0207658125758292,-0.00117954532925292,0.00965988375877658,-0.00117954532925292,0.00965988375877658,-0.0351600565080892,0.188961103322081
204.482114607491,-0.00953472330807726,-0.0205660721595312,-0.00115879456923101,0.00959470150543468,-0.00115879456923101,0.00959470150543468,-0.0346934537061795,0.18774566387638
205.900228420788,-0.00951823761602242,-0.0203676180537134,-0.00113833821941337,0.00952988641371128,-0.00113833821941337,0.00952988641371128,-0.0342328377052187,0.186536909610934
207.32817706385,-0.00950134881060336,-0.0201704448842281,-0.0011181728977856,0.00946543759403275,-0.0011181728977856,0.00946543759403275,-0.0337781371394625,0.185334826586248
208.766028742684,-0.00948405896306382,-0.0199745473544966,-0.00109829525440239,0.00940135413815331,-0.00109829525440239,0.00940135413815331,-0.0333292813490832,0.184139400379867
210.213852136311,-0.0094663701555113,-0.0197799202446171,-0.00107870197119218,0.00933763511969853,-0.00107870197119218,0.00933763511969853,-0.0328862003771314,0.182950616099064
211.671716400053,-0.00944828448210892,-0.0195865584104508,-0.00105938976175727,0.00927427959469836,-0.00105938976175727,0.00927427959469836,-0.0324488249663883,0.181768458393328
213.139691168835,-0.00942980405025474,-0.0193944567826861,-0.00104035537116968,0.00921128660210995,-0.00104035537116968,0.00921128660210995,-0.0320170865561136,0.180592911466653
214.617846560511,-0.00941093098174797,-0.0192036103658809,-0.00102159557576315,0.00914865516433025,-0.00102159557576315,0.00914865516433025,-0.0315909172786939,0.179423959089622
216.10625317921,-0.00939166741394139,-0.0190140142374825,-0.00100310718292115,0.00908638428769841,-0.00100310718292115,0.00908638428769841,-0.0311702499561953,0.178261584611294
217.604982118714,-0.00937201550087943,-0.0188256635468257,-0.000984887030861526,0.00902447296298812,-0.000984887030861526,0.00902447296298812,-0.0307550180968235,0.1771057709709
219.114104965849,-0.00935197741442132,-0.0186385535141085,-0.000966931988417702,0.00896292016588998,-0.000966931988417702,0.00896292016588998,-0.030345155891298,0.175956500709335
220.633693803907,-0.00933155534534864,-0.0184526794293465,-0.000949238954816769,0.00890172485748398,-0.000949238954816769,0.00890172485748398,-0.0299405982091409,0.174813755980465
222.163821216089,-0.00931075150445665,-0.0182680366513045,-0.000931804859454673,0.00884088598470211,-0.000931804859454673,0.00884088598470211,-0.029541280594888,0.173677518562236
223.704560288971,-0.00928956812362872,-0.0180846206064064,-0.000914626661668666,0.00878040248078123,-0.000914626661668666,0.00878040248078123,-0.0291471392642224,0.1725477698676
225.255984615994,-0.00926800745689324,-0.0179024267876236,-0.00089770135050725,0.00872027326570637,-0.00089770135050725,0.00872027326570637,-0.0287581111000368,0.171424490955248
226.818168300982,-0.00924607178146242,-0.0177214507533415,-0.000881025944497795,0.00866049724664438,-0.000881025944497795,0.00866049724664438,-0.0283741336484272,0.170307662540161
228.391185961678,-0.00922376339875214,-0.017541688126204,-0.000864597491412027,0.00860107331836818,-0.000864597491412027,0.00860107331836818,-0.0279951451146207,0.169197265003976
229.975112733314,-0.00920108463538231,-0.0173631345919373,-0.00084841306802958,0.00854200036367164,-0.00084841306802958,0.00854200036367164,-0.0276210843588431,0.168093278405166
231.570024272191,-0.00917803784415708,-0.0171857858981519,-0.00083246977989978,0.00848327725377516,-0.00083246977989978,0.00848327725377516,-0.0272518908921264,0.166995682489051
233.175996759301,-0.00915462540502408,-0.0170096378531238,-0.000816764761101859,0.0084249028487221,-0.000816764761101859,0.0084249028487221,-0.0268875048720624,0.165904456697615
234.793106903962,-0.00913084972601216,-0.016834686324555,-0.000801295174003773,0.00836687599776617,-0.000801295174003773,0.00836687599776617,-0.0265278670985043,0.164819580179164
236.421431947482,-0.0091067132441468,-0.0166609272383131,-0.000786058209019782,0.00830919553974978,-0.000786058209019782,0.00830919553974978,-0.0261729190092184,0.163741031797797
238.061049666849,-0.00908221842634267,-0.016488356577151,-0.000771051084366982,0.00825186030347367,-0.000771051084366982,0.00825186030347367,-0.0258226026754909,0.162668790142709
239.712038378445,-0.00905736777027244,-0.0163169703794064,-0.000756271045820935,0.0081948691080576,-0.000756271045820935,0.0081948691080576,-0.0254768607976916,0.161602833537329
241.374476941791,-0.00903216380521131,-0.0161467647376819,-0.000741715366470578,0.00813822076329258,-0.000741715366470578,0.00813822076329258,-0.0251356367007966,0.16054314004828
243.048444763306,-0.00900660909285656,-0.0159777357975056,-0.000727381346472553,0.0080819140699844,-0.000727381346472553,0.0080819140699844,-0.0247988743298741,0.159489687494183
244.734021800108,-0.00898070622812131,-0.0158098797559732,-0.000713266312805116,0.00802594782028892,-0.000713266312805116,0.00802594782028892,-0.024466518245536,0.158442453454291
246.431288563827,-0.00895445783990194,-0.0156431928603711,-0.000699367619021789,0.00797032079803884,-0.000699367619021789,0.00797032079803884,-0.0241385136193559,0.15740141527696
248.140326124455,-0.00892786659181845,-0.015477671406782,-0.000685682645004883,0.00791503177906245,-0.000685682645004883,0.00791503177906245,-0.0238148062292587,0.156366550087966
249.861216114214,-0.00890093518292703,-0.0153133117386729,-0.000672208796719045,0.00786007953149421,-0.000672208796719045,0.00786007953149421,-0.0234953424548822,0.155337834798659
251.594040731461,-0.0088736663484042,-0.0151501102454658,-0.000658943505964971,0.00780546281607736,-0.000658943505964971,0.00780546281607735,-0.0231800692729144,0.154315246113962
253.338882744608,-0.00884606286020202,-0.0149880633610921,-0.000645884230133421,0.00775118038645872,-0.00064588423013342,0.00775118038645872,-0.0228689342524075,0.153298760540218
255.09582549608,-0.00881812752767338,-0.014827167562531,-0.000633028451959659,0.00769723098947576,-0.000633028451959659,0.00769723098947576,-0.0225618855500724,0.152288354392883
256.864952906292,-0.00878986319816704,-0.0146674193683326,-0.000620373679278465,0.007643613365436,-0.000620373679278465,0.007643613365436,-0.0222588719055544,0.151284003804069
258.646349477661,-0.00876127275759166,-0.0145088153371262,-0.000607917444779826,0.00759032624838903,-0.000607917444779826,0.00759032624838903,-0.0219598426366933,0.150285684729943
260.440100298641,-0.00873235913094823,-0.0143513520661144,-0.000595657305765441,0.00753736836639102,-0.000595657305765441,0.00753736836639102,-0.0216647476347687,0.149293372957975
262.246291047787,-0.0087031252828302,-0.0141950261895539,-0.000583590843906156,0.00748473844176215,-0.000583590843906156,0.00748473844176215,-0.0213735373597348,0.148307044114045
264.065007997846,-0.0086735742178909,-0.0140398343772234,-0.00057171566500044,0.00743243519133678,-0.00057171566500044,0.00743243519133678,-0.0210861628354429,0.147326673669409
265.896338019882,-0.00864370898127753,-0.0138857733328798,-0.000560029398734019,0.00738045732670669,-0.000560029398734019,0.00738045732670669,-0.0208025756448576,0.146352236947522
267.740368587419,-0.0086135326590312,-0.0137328397927024,-0.000548529698440775,0.0073288035544575,-0.000548529698440775,0.0073288035544575,-0.0205227279252654,0.145383709130727
269.597187780627,-0.00858304837845251,-0.0135810305237275,-0.000537214240865008,0.00727747257639821,-0.000537214240865008,0.00727747257639821,-0.0202465723634787,0.144421065266804
271.466884290521,-0.00855225930843212,-0.0134303423222722,-0.000526080725925171,0.00722646308978429,-0.000526080725925171,0.00722646308978429,-0.0199740621910368,0.143464280275391
273.349547423206,-0.00852116865974581,-0.0132807720123508,-0.000515126876479178,0.00717577378753413,-0.000515126876479177,0.00717577378753413,-0.0197051511794055,0.142513328954264
275.245267104134,-0.00848977968531361,-0.0131323164440815,-0.000504350438091362,0.00712540335843927,-0.000504350438091363,0.00712540335843927,-0.0194397936351769,0.141568185985499
277.154133882404,-0.00845809568042239,-0.0129849724920868,-0.000493749178801195,0.00707535048736828,-0.000493749178801195,0.00707535048736828,-0.0191779443952702,0.140628825941494
279.07623893509,-0.00842611998291171,-0.0128387370538879,-0.000483320888893842,0.00702561385546463,-0.000483320888893842,0.00702561385546463,-0.0189195588221364,0.139695223290873
281.011674071587,-0.00839385597332232,-0.0126936070482931,-0.000473063380672643,0.00697619214033855,-0.000473063380672643,0.00697619214033854,-0.0186645927989669,0.138767352404261
282.960531738006,-0.00836130707500702,-0.012549579413782,-0.000462974488233592,0.00692708401625302,-0.000462974488233592,0.00692708401625302,-0.0184130027249081,0.137845187559941
284.922905021585,-0.00832847675420352,-0.0124066511068863,-0.000453052067241901,0.00687828815430416,-0.000453052067241901,0.00687828815430416,-0.0181647455102833,0.136928702949387
286.898887655133,-0.00829536852006897,-0.0122648191005682,-0.000443293994710718,0.00682980322259589,-0.000443293994710718,0.00682980322259589,-0.0179197785718229,0.136017872682677
288.888574021513,-0.00826198592467588,-0.0121240803825972,-0.000433698168782063,0.0067816278864093,-0.000433698168782063,0.0067816278864093,-0.017678059827904,0.135112670793798
290.892059158146,-0.00822833256296908,-0.0119844319539265,-0.000424262508510058,0.00673376080836654,-0.000424262508510058,0.00673376080836654,-0.0174395476938015,0.134213071245822
292.909438761552,-0.00819441207268368,-0.0118458708270698,-0.000414984953646511,0.0066862006485897,-0.000414984953646511,0.0066862006485897,-0.0172042010769504,0.133319047935982
294.940809191919,-0.00816022813422358,-0.0117083940244804,-0.000405863464428906,0.00663894606485452,-0.000405863464428906,0.00663894606485452,-0.0169719793722215,0.132430574700631
296.986267477709,-0.00812578447050054,-0.0115719985769319,-0.000396896021370866,0.0065919957127392,-0.000396896021370866,0.0065919957127392,-0.0167428424572113,0.131547625320089
299.045911320291,-0.00809108484673364,-0.0114366815219039,-0.000388080625055135,0.00654534824576844,-0.000388080625055135,0.00654534824576844,-0.0165167506875465,0.130670173523386
301.119839098607,-0.00805613307020897,-0.0113024399019718,-0.000379415295929126,0.00649900231555284,-0.000379415295929126,0.00649900231555284,-0.0162936648922054,0.129798192992901
303.208149873869,-0.00802093298999953,-0.011169270763203,-0.000370898074103093,0.00645295657192372,-0.000370898074103093,0.00645295657192372,-0.0160735463688554,0.128931657368888
305.310943394298,-0.00798548849664538,-0.01103717115356,-0.000362527019150951,0.00640720966306359,-0.000362527019150951,0.00640720966306359,-0.0158563568792087,0.128070540253912
307.428320099879,-0.00794980352179387,-0.0109061381213118,-0.000354300209913795,0.00636176023563233,-0.000354300209913795,0.00636176023563233,-0.0156420586443973,0.127214815217169
309.560381127168,-0.0079138820378002,-0.0107761687134549,-0.000346215744306155,0.00631660693488923,-0.000346215744306155,0.00631660693488923,-0.0154306143403663,0.126364455798724
311.707228314113,-0.00787772805728824,-0.0106472599741448,-0.000338271739125013,0.00627174840481108,-0.000338271739125013,0.00627174840481108,-0.015221987093289,0.125519435513634
313.868964204927,-0.00784134563267187,-0.0105194089431388,-0.000330466329861607,0.00622718328820627,-0.000330466329861607,0.00622718328820627,-0.0150161404750017,0.124679727855989
316.045692054981,-0.00780473885563683,-0.0103926126542522,-0.00032279767051606,0.00618291022682525,-0.00032279767051606,0.00618291022682525,-0.0148130384984617,0.123845306302853
318.237515835737,-0.00776791185658351,-0.0102668681338284,-0.00031526393341485,0.0061389278614673,-0.00031526393341485,0.0061389278614673,-0.014612645613226,0.12301614431811
320.444540239715,-0.00773086880403068,-0.0101421723992235,-0.000307863309031132,0.00609523483208386,-0.000307863309031132,0.00609523483208386,-0.0144149267009553,0.122192215356222
322.666870685493,-0.00769361390398065,-0.0100185224573084,-0.000300594005807939,0.00605182977787839,-0.000300594005807939,0.00605182977787839,-0.0142198470709398,0.121373492865899
324.904613322743,-0.00765615139924606,-0.00989591530298729,-0.000293454249984272,0.00600871133740313,-0.000293454249984272,0.00600871133740313,-0.0140273724556504,0.120559950293678
327.1578750373,-0.00761848556873868,-0.00977434791773518,-0.000286442285424085,0.00596587814865257,-0.000286442285424085,0.00596587814865257,-0.0138374690063148,0.119751561087417
329.426763456268,-0.00758062072672074,-0.00965381726815534,-0.000279556373448168,0.00592332884915407,-0.000279556373448168,0.00592332884915407,-0.0136501032885186,0.118948298699702
331.711386953162,-0.00754256122201902,-0.00953432030455744,-0.000272794792668939,0.00588106207605551,-0.000272794792668939,0.00588106207605551,-0.0134652422778325,0.118150136591174
334.011854653082,-0.00750431143720242,-0.00941585395955769,-0.000266155838828142,0.0058390764662102,-0.000266155838828142,0.0058390764662102,-0.0132828533554664,0.117357048233774
336.328276437929,-0.00746587578772335,-0.00929841514670216,-0.000259637824637443,0.00579737065625914,-0.000259637824637443,0.00579737065625914,-0.0131029043039495,0.116569007113901
338.660762951648,-0.00742725872102366,-0.00918200075911438,-0.000253239079621924,0.00575594328271081,-0.000253239079621924,0.00575594328271081,-0.0129253633028388,0.115785986735501
341.009425605519,-0.00738846471560562,-0.00906660766816818,-0.000246957949966462,0.00571479298201848,-0.000246957949966462,0.00571479298201848,-0.0127501989244545,0.115007960623071
343.374376583475,-0.00734949828006859,-0.00895223272218699,-0.000240792798364979,0.00567391839065525,-0.000240792798364979,0.00567391839065525,-0.0125773801296438,0.114234902324588
345.75572884746,-0.00731036395211214,-0.00883887274517055,-0.000234742003872558,0.00563331814518694,-0.000234742003872558,0.00563331814518694,-0.0124068762635731,0.113466785414367
348.153596142828,-0.00727106629750635,-0.00872652453555014,-0.000228803961760392,0.00559299088234288,-0.000228803961760392,0.00559299088234287,-0.0122386570515495,0.112703583495839
350.568093003772,-0.00723160990902991,-0.00861518486497324,-0.00022297708337356,0.0055529352390847,-0.00022297708337356,0.0055529352390847,-0.0120726925948707,0.111945270204266
352.999334758797,-0.00719199940537702,-0.00850485047711883,-0.000217259795991594,0.00551314985267335,-0.000217259795991594,0.00551314985267335,-0.0119089533667047,0.111191819209374
355.44743753623,-0.0071522394300338,-0.00839551808654397,-0.000211650542691821,0.00547363336073432,-0.000211650542691821,0.00547363336073432,-0.0117474102079994,0.110443204217927
357.912518269762,-0.00711233465012512,-0.00828718437756296,-0.000206147782215449,0.00543438440132117,-0.000206147782215449,0.00543438440132117,-0.0115880343234218,0.109699398976226
360.39469470404,-0.00707228975523276,-0.0081798460031597,-0.000200749988836361,0.00539540161297761,-0.000200749988836361,0.00539540161297761,-0.0114307972773277,0.108960377272541
362.894085400285,-0.00703210945618585,-0.00807349958393438,-0.000195455652232592,0.00535668363479806,-0.000195455652232592,0.00535668363479806,-0.0112756709897615,0.108226112939487
365.410809741959,-0.00699179848382458,-0.00796814170708514,-0.00019026327736044,0.00531822910648687,-0.00019026327736044,0.00531822910648687,-0.011122627732487,0.107496579856319
367.944987940466,-0.00695136158773812,-0.0078637689254257,-0.000185171384331193,0.00528003666841632,-0.000185171384331193,0.00528003666841632,-0.010971640125049,0.106771751951182
370.496741040893,-0.00691080353497794,-0.00776037775643972,-0.000180178508290413,0.00524210496168338,-0.000180178508290414,0.00524210496168338,-0.0108226811308653,0.10605160320328
373.066190927794,-0.0068701291087474,-0.00765796468137254,-0.000175283199299746,0.0052044326281655,-0.000175283199299746,0.0052044326281655,-0.0106757240533506,0.105336107645006
375.653460331008,-0.00682934310706889,-0.00755652614436118,-0.000170484022221199,0.00516701831057531,-0.000170484022221199,0.00516701831057531,-0.010530742532071,0.104625239363989
378.258672831527,-0.00678845034142953,-0.00745605855160318,-0.000165779556603869,0.00512986065251447,-0.000165779556603869,0.00512986065251447,-0.0103877105389307,0.103918972505102
380.881952867393,-0.0067474556354067,-0.00735655827056506,-0.000161168396573033,0.00509295829852671,-0.000161168396573033,0.00509295829852671,-0.0102466023743893,0.103217281272402
383.523425739646,-0.00670636382327436,-0.00725802162923081,-0.000156649150721586,0.00505630989415007,-0.000156649150721586,0.00505630989415007,-0.0101073926637111,0.102520139931016
386.183217618305,-0.00666517974859171,-0.00716044491539124,-0.000152220442003754,0.00501991408596856,-0.000152220442003754,0.00501991408596856,-0.00997005635324634,0.101827522808974
388.861455548399,-0.00662390826277497,-0.00706382437597442,-0.000147880907631031,0.00498376952166313,-0.000147880907631031,0.00498376952166313,-0.0098345687067437,0.101139404298983
391.558267456034,-0.00658255422365402,-0.00696815621641809,-0.000143629198970302,0.00494787485006222,-0.000143629198970302,0.00494787485006222,-0.00970090530169472,0.100455758860155
394.273782154498,-0.00654112249401465,-0.00687343660008414,-0.000139463981444071,0.00491222872119182,-0.000139463981444071,0.00491222872119182,-0.00956904202571023,0.0997765610196775
397.008129350424,-0.00649961794012816,-0.00677966164771571,-0.000135383934432751,0.00487682978632508,-0.000135383934432751,0.00487682978632508,-0.00943895507292838,0.0991017853744338
399.761439649975,-0.00645804543026921,-0.00668682743693729,-0.000131387751178959,0.00484167669803175,-0.000131387751178959,0.00484167669803175,-0.00931062094045475,0.0984314065925767
402.533844565089,-0.00641640983322358,-0.00659493000179817,-0.000127474138693746,0.00480676811022721,-0.000127474138693746,0.00480676811022721,-0.00918401642483415,0.0977653994150495
405.325476519761,-0.00637471601678684,-0.00650396533235935,-0.000123641817664712,0.0047721026782214,-0.000123641817664712,0.0047721026782214,-0.00905911861855439,0.0971037386570609
408.136468856361,-0.00633296884625549,-0.00641392937432439,-0.000119889522365935,0.00473767905876755,-0.000119889522365935,0.00473767905876755,-0.00893590490658191,0.0964463992095131
410.966955842014,-0.00629117318291178,-0.0063248180287141,-0.000116216000569654,0.00470349591011086,-0.000116216000569654,0.00470349591011086,-0.00881435296292916,0.0957933560403827
413.817072675003,-0.00624933388250361,-0.00623662715158547,-0.000112620013459651,0.0046695518920371,-0.000112620013459651,0.0046695518920371,-0.00869444074725382,0.0951445841960576
416.686955491232,-0.0062074557937208,-0.00614935255379475,-0.000109100335546252,0.00463584566592119,-0.000109100335546252,0.00463584566592119,-0.00857614650148977,0.0945000588026296
419.576741370729,-0.00616554375666918,-0.0060629900008048,-0.000105655754582897,0.00460237589477594,-0.000105655754582897,0.00460237589477594,-0.00845944874650974,0.0938597550671433
422.486568344193,-0.00612360260134368,-0.0059775352125367,-0.000102285071484206,0.00456914124330073,-0.000102285071484206,0.00456914124330073,-0.00834432627881956,0.0932236482788029
425.416575399583,-0.00608163714610198,-0.00589298386326552,-9.89871002454792e-05,0.00453614037793043,-9.89871002454792e-05,0.00453614037793043,-0.00823075816728401,0.0925917138101378
428.366902488763,-0.0060396521961399,-0.00580933158156029,-9.57606678635606e-05,0.00450337196688439,-9.57606678635607e-05,0.00450337196688439,-0.00811872374988417,0.091963927118127
431.337690534184,-0.00599765254196988,-0.00572657395026781,-9.26046142590093e-05,0.00447083468021572,-9.26046142590094e-05,0.00447083468021572,-0.00800820263050608,0.091340263745284
434.329081435613,-0.00595564295790402,-0.00564470650654033,-8.95177921995026e-05,0.00443852718986071,-8.95177921995025e-05,0.00443852718986071,-0.00789917467576078,0.0907206993207034
437.341218076915,-0.00591362820054289,-0.00556372474190672,-8.64990672244093e-05,0.00440644816968854,-8.64990672244094e-05,0.00440644816968854,-0.00779162001183555,0.090105209561068
440.374244332875,-0.00587161300727137,-0.00548362410238692,-8.35473175704713e-05,0.00437459629555126,-8.35473175704714e-05,0.00437459629555126,-0.00768551902137618,0.0894937702716202
443.428305076071,-0.005829602094763,-0.00540439998864929,-8.06614340985211e-05,0.00434297024533405,-8.06614340985211e-05,0.00434297024533405,-0.00758085234040031,0.0888863573470952
446.503546183793,-0.00578760015749397,-0.00532604775621054,-7.78403202211764e-05,0.00431156869900583,-7.78403202211765e-05,0.00431156869900583,-0.00747760085524157,0.0882829467726204
449.600114545014,-0.00574561186626813,-0.00524856271567784,-7.5082891831444e-05,0.00428039033867015,-7.50828918314441e-05,0.00428039033867015,-0.00737574569952447,0.0876835146245776
452.718158067401,-0.00570364186675413,-0.00517194013303253,-7.23880772321715e-05,0.00424943384861645,-7.23880772321714e-05,0.00424943384861645,-0.00727526825116994,0.0870880370714332
455.857825684385,-0.00566169477803618,-0.00509617522995512,-6.975481706628e-05,0.0042186979153717,-6.975481706628e-05,0.0042186979153717,-0.00717615012943129,0.0864964903745331
459.01926736227,-0.00561977519117935,-0.00502126318419087,-6.7182064247721e-05,0.00418818122775236,-6.7182064247721e-05,0.00418818122775236,-0.0070783731919605,0.0859088508888663
462.202634107401,-0.00557788766781082,-0.00494719912995545,-6.46687838930886e-05,0.00415788247691673,-6.46687838930887e-05,0.00415788247691673,-0.00698191953190477,0.0853250950637949
465.408077973374,-0.00553603673871814,-0.00487397815838007,-6.2213953253833e-05,0.00412780035641767,-6.2213953253833e-05,0.00412780035641767,-0.00688677147503299,0.0847451994437546
468.635752068297,-0.00549422690246573,-0.00480159531799534,-5.9816561649009e-05,0.00409793356225571,-5.9816561649009e-05,0.00409793356225571,-0.00679291157689216,0.0841691406689226
471.885810562108,-0.00545246262403066,-0.0047300456152533,-5.74756103985074e-05,0.00406828079293249,-5.74756103985073e-05,0.00406828079293249,-0.00670032261999354,0.0835968954758575
475.158408693936,-0.00541074833345883,-0.0046593240150867,-5.51901127567045e-05,0.00403884074950463,-5.51901127567045e-05,0.00403884074950463,-0.0066089876110283,0.0830284406981079
478.453702779515,-0.00536908842454261,-0.00458942544150494,-5.29590938464785e-05,0.00400961213563791,-5.29590938464786e-05,0.00400961213563791,-0.00651888977811259,0.0824637532667942
481.771850218653,-0.00532748725352105,-0.00452034477822579,-5.07815905935343e-05,0.00398059365766186,-5.07815905935343e-05,0.00398059365766186,-0.0064300125680618,0.0819028102111605
485.113009502749,-0.00528594913780345,-0.00445207686934194,-4.86566516609839e-05,0.00395178402462462,-4.86566516609839e-05,0.00395178402462462,-0.00634233964369392,0.0813455886591014
488.477340222363,-0.00524447835471756,-0.00438461652002185,-4.65833373841294e-05,0.00392318194834826,-4.65833373841294e-05,0.00392318194834826,-0.00625585488116167,0.0807920658376593
491.865003074839,-0.00520307914028305,-0.00431795849724352,-4.45607197053969e-05,0.00389478614348426,-4.45607197053969e-05,0.00389478614348426,-0.00617054236731341,0.0802422190734982
495.276159871982,-0.00516175568801132,-0.00425209753056074,-4.25878821093716e-05,0.00386659532756948,-4.25878821093716e-05,0.00386659532756947,-0.00608638639708246,0.0796960257933498
498.710973547785,-0.00512051214773252,-0.0041870283129005,-4.06639195578866e-05,0.00383860822108223,-4.06639195578865e-05,0.00383860822108223,-0.00600337147090479,0.0791534635244361
502.169608166212,-0.00507935262445045,-0.00412274550139082,-3.87879384251171e-05,0.0038108235474988,-3.87879384251171e-05,0.0038108235474988,-0.00592148229216481,0.0786145098948667
505.652228929035,-0.00503828117722636,-0.00405924371821783,-3.69590564326353e-05,0.00378324003335011,-3.69590564326353e-05,0.0037832400333501,-0.00584070376466908,0.0780791426340125
509.159002183727,-0.00499730181809215,-0.00399651755151122,-3.51764025843843e-05,0.0037558564082786,-3.51764025843844e-05,0.0037558564082786,-0.00576102099014775,0.0775473395728562
512.690095431402,-0.00495641851099394,-0.00393456155625696,-3.34391171015262e-05,0.00372867140509545,-3.34391171015262e-05,0.00372867140509545,-0.0056824192657836,0.0770190786443202
516.245677334823,-0.00491563517076642,-0.00387337025523615,-3.17463513571258e-05,0.00370168375983781,-3.17463513571259e-05,0.00370168375983781,-0.00560488408176829,0.0764943378835717
519.825917726449,-0.00487495566213883,-0.00381293813998905,-3.00972678106333e-05,0.00367489221182632,-3.00972678106332e-05,0.00367489221182632,-0.00552840111888592,0.0759730954283069
523.430987616559,-0.00483438379877306,-0.00375325967180315,-2.8491039942125e-05,0.00364829550372268,-2.8491039942125e-05,0.00364829550372268,-0.00545295624612338,0.0754553295190131
527.061059201407,-0.00479392334233437,-0.0036943292827241,-2.69268521862721e-05,0.00362189238158739,-2.6926852186272e-05,0.00362189238158739,-0.00537853551830749,0.0749410184992109
530.716305871459,-0.00475357800159543,-0.0036361413765885,-2.54038998660016e-05,0.00359568159493752,-2.54038998660016e-05,0.00359568159493752,-0.00530512517376871,0.074430140815676
534.396902219665,-0.00471335143157385,-0.00357869033007731,-2.39213891258192e-05,0.0035696618968045,-2.39213891258191e-05,0.0035696618968045,-0.0052327116320311,0.073922675018641
538.103024049808,-0.00467324723270403,-0.00352197049378882,-2.24785368647639e-05,0.00354383204379204,-2.2478536864764e-05,0.00354383204379204,-0.00516128149152843,0.0734185997619782
541.834848384891,-0.00463326895004322,-0.00346597619332999,-2.10745706689703e-05,0.00351819079613384,-2.10745706689702e-05,0.00351819079613384,-0.00509082152734623,0.0729178938033639
545.592553475602,-0.00459342007251265,-0.00341070173042493,-1.97087287438065e-05,0.00349273691775146,-1.97087287438065e-05,0.00349273691775146,-0.00502131868898943,0.0724205360044235
549.376318808822,-0.00455370403217359,-0.00335614138403965,-1.83802598455734e-05,0.00346746917631196,-1.83802598455734e-05,0.00346746917631196,-0.00495276009817563,0.0719265053308601
553.1863251162,-0.00451412420353898,-0.00330228941152146,-1.70884232127329e-05,0.00344238634328547,-1.70884232127329e-05,0.00344238634328547,-0.00488513304665353,0.0714357808525647
557.022754382788,-0.00447468390292045,-0.00324914004975228,-1.58324884966535e-05,0.00341748719400265,-1.58324884966535e-05,0.00341748719400265,-0.00481842499404646,0.0709483417437091
560.885789855729,-0.00443538638781137,-0.00319668751631451,-1.46117356918519e-05,0.00339277050771186,-1.46117356918519e-05,0.00339277050771186,-0.00475262356572081,0.0704641672828239
564.775616053012,-0.00439623485630561,-0.00314492601066824,-1.34254550657124e-05,0.00336823506763628,-1.34254550657124e-05,0.00336823506763628,-0.00468771655067896,0.0699832368528582
568.692418772287,-0.00435723244655248,-0.00309384971533883,-1.22729470876747e-05,0.0033438796610306,-1.22729470876746e-05,0.0033438796610306,-0.00462369189947681,0.0695055299412253
572.636385099737,-0.00431838223624769,-0.00304345279711352,-1.11535223578718e-05,0.00331970307923753,-1.11535223578717e-05,0.00331970307923753,-0.00456053772216537,0.0690310261398319
576.607703419018,-0.00427968724216044,-0.00299372940824608,-1.00665015352121e-05,0.00329570411774397,-1.00665015352121e-05,0.00329570411774397,-0.00449824228625643,0.0685597051450934
580.606563420252,-0.00424115041969655,-0.00294467368766823,-9.01121526489273e-06,0.00327188157623682,-9.01121526489278e-06,0.00327188157623682,-0.00443679401471197,0.0680915467579336
584.633156109091,-0.00420277466249775,-0.00289627976220685,-7.98700410533946e-06,0.00324823425865837,-7.98700410533946e-06,0.00324823425865837,-0.00437618148395716,0.0676265308837708
588.687673815838,-0.00416456280207675,-0.00284854174780571,-6.99321845456645e-06,0.00322476097326132,-6.99321845456648e-06,0.00322476097326132,-0.00431639342191666,0.06716463753249
592.77031020464,-0.00412651760748827,-0.0028014537507507,-6.02921847595099e-06,0.00320146053266331,-6.02921847595099e-06,0.00320146053266331,-0.00425741870607417,0.0667058468184017
596.881260282727,-0.00408864178503565,-0.00275500986889757,-5.09437402342378e-06,0.00317833175390092,-5.09437402342381e-06,0.00317833175390092,-0.00419924636155474,0.0662501389601872
601.020720409738,-0.00405093797801288,-0.00270920419290079,-4.18806456607094e-06,0.00315537345848325,-4.18806456607094e-06,0.00315537345848325,-0.00414186555922993,0.0657974942808319
605.188888307094,-0.00401340876648195,-0.0026640308074429,-3.30967911214979e-06,0.00313258447244479,-3.30967911214977e-06,0.00313258447244479,-0.00408526561384538,0.0653478932075451
609.385963067442,-0.00397605666708503,-0.00261948379246292,-2.45861613252214e-06,0.00310996362639787,-2.4586161325222e-06,0.00310996362639787,-0.0040294359821707,0.0649013162716688
613.612145164168,-0.00393888413289143,-0.00257555722438302,-1.63428348350713e-06,0.00308750975558432,-1.6342834835071e-06,0.00308750975558432,-0.00397436626117143,0.0644577441085743
617.867636460969,-0.00390189355327875,-0.0025322451773324,-8.360983291598e-07,0.00306522169992659,-8.36098329159746e-07,0.00306522169992659,-0.0039200461862028,0.064017157457547
622.152640221499,-0.00386508725384809,-0.00248954172436733,-6.34870629822204e-08,0.00304309830407814,-6.34870629821662e-08,0.00304309830407814,-0.00386646562922518,0.0635795371616606
626.467361119072,-0.00382846749637281,-0.00244744093868642,6.84114770923839e-07,0.00302113841747308,6.84114770923839e-07,0.00302113841747308,-0.003813614597041,0.0631448641676403
630.812005246445,-0.0037920364787804,-0.00240593689484029,1.40726255725541e-06,0.00299934089437515,1.40726255725543e-06,0.00299934089437515,-0.00376148322955278,0.0627131195257153
635.186780125658,-0.00375579633516715,-0.00236502366993446,2.10650268944461e-06,0.00297770459392583,2.10650268944463e-06,0.00297770459392583,-0.00371006179804226,0.0622842843894615
639.591894717946,-0.00371974913584494,-0.00232469534482481,2.78237265012257e-06,0.00295622838019169,2.78237265012249e-06,0.00295622838019169,-0.0036593407034703,0.0618583400156339
644.027559433723,-0.00368389688741989,-0.00228494600530464,3.43540109209667e-06,0.00293491112221093,3.43540109209667e-06,0.00293491112221093,-0.00360931047479736,0.0614352677639893
648.493986142629,-0.00364824153290219,-0.00224576974328242,4.06610791982799e-06,0.00291375169403902,4.06610791982799e-06,0.00291375169403902,-0.00355996176732439,0.0610150490970999
652.991388183652,-0.0036127849518466,-0.00220716065794951,4.67500437139199e-06,0.00289274897479347,4.67500437139199e-06,0.00289274897479347,-0.00351128536105386,0.0605976655801576
657.519980375318,-0.0035775289605231,-0.00216911285693704,5.26259310090716e-06,0.00287190184869768,5.26259310090716e-06,0.00287190184869768,-0.00346327215907079,0.0601830988807697
662.07997902595,-0.00354247531211702,-0.00213162045746102,5.82936826141447e-06,0.00285120920512391,5.8293682614145e-06,0.00285120920512391,-0.00341591318594352,0.0597713307687455
666.671601944003,-0.00350762569695825,-0.0020946775874552,6.37581558818797e-06,0.00283066993863525,6.37581558818797e-06,0.00283066993863525,-0.00336919958614407,0.0593623431158753
671.295068448464,-0.00347298174277858,-0.00205827838669069,6.90241248245882e-06,0.00281028294902659,6.90241248245879e-06,0.00281028294902659,-0.00332312262248781,0.0589561178957007
675.950599379332,-0.00343854501499686,-0.00202241700788187,7.40962809553169e-06,0.00279004714136464,7.40962809553169e-06,0.00279004714136464,-0.00327767367459232,0.0585526371832771
680.638417108163,-0.00340431701703112,-0.00198708761777781,7.89792341327367e-06,0.00276996142602696,7.89792341327367e-06,0.00276996142602696,-0.00323284423735519,0.0581518831549293
685.358745548692,-0.00337029919063712,-0.00195228439823849,8.3677513409536e-06,0.00275002471873986,8.3677513409536e-06,0.00275002471873986,-0.00318862591945057,0.0577538380879988
690.11181016753,-0.00333649291627248,-0.00191800154729546,8.81955678840943e-06,0.0027302359406153,8.81955678840943e-06,0.0027302359406153,-0.00314501044184426,0.0573584843605844
694.897837994932,-0.00330289951348591,-0.00188423328019605,9.25377675552196e-06,0.00271059401818678,9.25377675552194e-06,0.00271059401818678,-0.00310198963632719,0.0569658044512761
699.717057635642,-0.00326952024133065,-0.00185097383043087,9.67084041797104e-06,0.00269109788344402,9.67084041797104e-06,0.00269109788344402,-0.003059555444067,0.0565757809388821
704.569699279812,-0.00323635629880152,-0.00181821745074382,1.00711692132497e-05,0.00267174647386666,1.00711692132497e-05,0.00267174647386666,-0.00301769991417765,0.0561883965021489
709.455994713995,-0.00320340882529484,-0.0017859584141243,1.04551769269137e-05,0.00265253873245676,1.04551769269137e-05,0.00265253873245676,-0.00297641520230674,0.0558036339194759
714.376177332221,-0.00317067890109046,-0.00175419101478108,1.08232697790402e-05,0.00263347360777024,1.08232697790402e-05,0.00263347360777024,-0.0029356935692404,0.0554214760686235
719.33048214714,-0.00313816754785517,-0.00172290956909736,1.11758465108712e-05,0.00261455005394715,1.11758465108713e-05,0.00261455005394715,-0.00289552737952562,0.0550419059264151
724.31914580125,-0.00310587572916681,-0.00169210841656669,1.15132984716174e-05,0.00259576703074077,1.15132984716174e-05,0.00259576703074077,-0.00285590910010974,0.0546649065684342
729.342406578201,-0.00307380435105819,-0.00166178192070929,1.18360097053945e-05,0.00257712350354566,1.18360097053945e-05,0.00257712350354566,-0.0028168312989969,0.054290461168715
734.400504414174,-0.00304195426258033,-0.00163192446996845,1.21443570382692e-05,0.0025586184434244,1.21443570382692e-05,0.0025586184434244,-0.00277828664392134,0.0539185529994285
739.493680909344,-0.00301032625638396,-0.0016025304785867,1.24387101653863e-05,0.00254025082713331,1.24387101653863e-05,0.00254025082713331,-0.00274026790103737,0.0535491654305635
744.622179339418,-0.00297892106931875,-0.0015735943874614,1.27194317381523e-05,0.00252201963714686,1.27194317381524e-05,0.00252201963714686,-0.00270276793362569,0.0531822819296017
749.786244667259,-0.00294773938304946,-0.0015451106649795,1.29868774514497e-05,0.00250392386168101,1.29868774514497e-05,0.00250392386168101,-0.00266577970081601,0.0528178860611895
754.98612355458,-0.00291678182468818,-0.00151707380783127,1.32413961308535e-05,0.00248596249471532,1.32413961308535e-05,0.00248596249471532,-0.0026292962563258,0.0524559614868038
760.222064373731,-0.0028860489674421,-0.00148947834180267,1.34833298198277e-05,0.00246813453601388,1.34833298198277e-05,0.00246813453601387,-0.00259331074721481,0.0520964919644144
765.494317219563,-0.00285554133127578,-0.00146231882254625,1.37130138668711e-05,0.00245043899114501,1.37130138668711e-05,0.00245043899114501,-0.00255781641265539,0.0517394613481418
770.803133921369,-0.00282525938358748,-0.00143558983633041,1.39307770125901e-05,0.00243287487149991,1.39307770125901e-05,0.00243287487149991,-0.00252280658271837,0.0513848535879105
776.148768054917,-0.00279520353989858,-0.00140928600076687,1.41369414766703e-05,0.00241544119430995,1.41369414766703e-05,0.00241544119430995,-0.00248827467717417,0.0510326527290994
781.531474954562,-0.0027653741645555,-0.00138340196551606,1.43318230447221e-05,0.00239813698266289,1.43318230447221e-05,0.00239813698266289,-0.00245421420430926,0.0506828429121871
786.951511725437,-0.00273577157144324,-0.00135793241297071,1.45157311549749e-05,0.00238096126551789,1.45157311549749e-05,0.00238096126551789,-0.00242061875975748,0.0503354083723945
792.40913725574,-0.00270639602471006,-0.00133287205891715,1.46889689847937e-05,0.00236391307771931,1.46889689847937e-05,0.00236391307771931,-0.00238748202534626,0.0499903334393236
797.904612229097,-0.00267724773950225,-0.0013082156531745,1.48518335369934e-05,0.00234699146000942,1.48518335369934e-05,0.00234699146000942,-0.00235479776795754,0.0496476025365932
803.438199137013,-0.00264832688270864,-0.00128395798021175,1.50046157259264e-05,0.0023301954590398,1.50046157259264e-05,0.0023301954590398,-0.00232255983840309,0.0493072001814706
809.01016229141,-0.0026196335737138,-0.00126009385974256,1.51476004633187e-05,0.00231352412738173,1.51476004633187e-05,0.00231352412738173,-0.00229076217031423,0.0489691109845015
814.620767837254,-0.00259116788515959,-0.00123661814729788,1.52810667438296e-05,0.00229697652353532,1.52810667438296e-05,0.00229697652353532,-0.00225939877904569,0.0486333196491356
820.270283765263,-0.00256292984371405,-0.0012135257347765,1.54052877303128e-05,0.00228055171193751,1.54052877303127e-05,0.00228055171193751,-0.00222846376059344,0.0482998109713506
825.958979924714,-0.0025349194308472,-0.00119081155097338,1.55205308387534e-05,0.00226424876296896,1.55205308387534e-05,0.00226424876296896,-0.00219795129052639,0.0479685698392725
831.687128036326,-0.00250713658361293,-0.0011684705620861,1.56270578228605e-05,0.0022480667529598,1.56270578228604e-05,0.0022480667529598,-0.00216785562293169,0.0476395812327941
837.455001705243,-0.00247958119543646,-0.00114649777219927,1.57251248582898e-05,0.00223200476419421,1.57251248582898e-05,0.00223200476419421,-0.00213817108937362,0.0473128302231907
843.262876434102,-0.00245225311690662,-0.00112488822374713,1.58149826264766e-05,0.00221606188491394,1.58149826264767e-05,0.00221606188491394,-0.00210889209786574,0.0469883019727333
849.111029636188,-0.00242515215657238,-0.00110363699795451,1.58968763980564e-05,0.00220023720932071,1.58968763980564e-05,0.00220023720932071,-0.00208001313185632,0.0466659817343003
854.999740648693,-0.002398278081743,-0.00108273921525619,1.59710461158516e-05,0.00218452983757754,1.59710461158516e-05,0.00218452983757754,-0.0020515287492267,0.046345854850986
860.92929074605,-0.00237163061929122,-0.00106219003569483,1.60377264774051e-05,0.00216893887580895,1.60377264774051e-05,0.00216893887580895,-0.00202343358130259,0.0460279067557084
866.899963153375,-0.00234520945645884,-0.00104198465929776,1.60971470170392e-05,0.00215346343610018,1.60971470170392e-05,0.00215346343610018,-0.00199572233187811,0.0457121229708139
872.91204305999,-0.00231901424166419,-0.00102211832643268,1.61495321874216e-05,0.00213810263649525,1.61495321874216e-05,0.00213810263649525,-0.00196838977625231,0.0453984891076813
878.965817633049,-0.00229304458531089,-0.00100258631814252,1.61951014406177e-05,0.00212285560099411,1.61951014406178e-05,0.00212285560099411,-0.0019414307602782,0.0450869908663232
885.061576031251,-0.0022673000605973,-0.000983383956459699,1.62340693086131e-05,0.00210772145954864,1.62340693086131e-05,0.00210772145954864,-0.00191484019942403,0.0447776140349865
891.199609418655,-0.00224178020432627,-0.000964506604700016,1.62666454832861e-05,0.00209269934805776,1.62666454832861e-05,0.00209269934805776,-0.00188861307784665,0.0444703444897512
897.380210978585,-0.00221648451771443,-0.00094594966773635,1.6293034895815e-05,0.00207778840836145,1.6293034895815e-05,0.00207778840836145,-0.00186274444747687,0.0441651681941275
903.603675927636,-0.00219141246720083,-0.000927708592252492,1.63134377955013e-05,0.00206298778823387,1.63134377955013e-05,0.00206298778823387,-0.00183722942711669,0.0438620711986523
909.870301529772,-0.0021665634852541,-0.000909778866977333,1.63280498279952e-05,0.00204829664137547,1.63280498279952e-05,0.00204829664137547,-0.00181206320154814,0.0435610396404838
916.18038711053,-0.00214193697117793,-0.000892156022899693,1.63370621129056e-05,0.00203371412740418,1.63370621129056e-05,0.00203371412740418,-0.00178724102065375,0.0432620597429956
922.534234071309,-0.00211753229191422,-0.000874835633464073,1.63406613207808e-05,0.00201923941184568,1.63406613207809e-05,0.00201923941184568,-0.00176275819854835,0.042965117815369
928.932145903777,-0.00209334878284356,-0.000857813314747609,1.63390297494462e-05,0.00200487166612273,1.63390297494462e-05,0.00200487166612273,-0.00173861011272218,0.0426702002521856
935.374428204358,-0.00206938574858254,-0.000841084725618554,1.63323453996833e-05,0.00199061006754364,1.63323453996833e-05,0.00199061006754364,-0.00171479220319511,0.0423772935330174
941.861388688833,-0.00204564246377749,-0.000824645567876565,1.63207820502395e-05,0.00197645379928989,1.63207820502395e-05,0.00197645379928989,-0.00169129997168189,0.0420863842220176
948.39333720704,-0.0020221181738943,-0.000808491586375132,1.63045093321542e-05,0.00196240205040278,1.63045093321542e-05,0.00196240205040278,-0.00166812898076819,0.0417974589675099
954.970585757668,-0.00199881209600381,-0.000792618569126455,1.62836928023901e-05,0.00194845401576942,1.628369280239e-05,0.00194845401576942,-0.0016452748530974,0.0415105045015774
961.593448503166,-0.00197572341956251,-0.000777022347389111,1.62584940167586e-05,0.00193460889610773,1.62584940167586e-05,0.00193460889610773,-0.00162273327056808,0.041225507639651
968.262241784745,-0.0019528513071881,-0.000761698795738826,1.62290706021285e-05,0.00192086589795075,1.62290706021285e-05,0.00192086589795075,-0.00160049997354173,0.0409424552800969
974.977284137491,-0.00193019489542967,-0.000746643832122708,1.61955763279078e-05,0.00190722423363015,1.61955763279078e-05,0.00190722423363015,-0.00157857076006104,0.0406613344038044
981.738896305574,-0.00190775329553203,-0.000731853417897268,1.61581611767893e-05,0.00189368312125891,1.61581611767893e-05,0.00189368312125891,-0.00155694148507826,0.0403821320737729
988.547401257578,-0.00188552559419398,-0.000717323557850579,1.61169714147514e-05,0.00188024178471338,1.61169714147514e-05,0.00188024178471338,-0.00153560805969368,0.0401048354346985
995.403124201917,-0.00186351085432013,-0.00070305030020893,1.60721496603047e-05,0.00186689945361448,1.60721496603047e-05,0.00186689945361448,-0.001514566450404,0.0398294317125608
1002.30639260238,-0.00184170811576614,-0.000689029736628316,1.60238349529791e-05,0.00185365536330828,1.60238349529792e-05,0.00185365536330828,-0.00149381267836068,0.0395559082142093
1009.25753619375,-0.00182011639607685,-0.000675258002171128,1.59721628210414e-05,0.00184050875484592,1.59721628210414e-05,0.00184050875484592,-0.00147334281863781,0.0392842523269495
1016.2568869976,-0.00179873469121726,-0.000661731275268381,1.59172653484387e-05,0.00182745887496272,1.59172653484387e-05,0.00182745887496272,-0.00145315299950967,0.0390144515181297
1023.30477933808,-0.00177756197629604,-0.000648445777667886,1.58592712409616e-05,0.00181450497605685,1.58592712409616e-05,0.00181450497605685,-0.0014332394017378,0.0387464933347269
1030.40154985798,-0.00175659720628124,-0.000635397774368637,1.57983058916207e-05,0.00180164631616716,1.57983058916207e-05,0.00180164631616716,-0.00141359825786728,0.0384803654029334
1037.5475375347,-0.00173583931670814,-0.000622583573541895,1.57344914452329e-05,0.00178888215895059,1.57344914452329e-05,0.00178888215895059,-0.00139422585153238,0.0382160554277434
1044.74308369654,-0.00171528722437893,-0.000609999526439193,1.56679468622112e-05,0.00177621177365882,1.56679468622112e-05,0.00177621177365882,-0.00137511851677121,0.0379535511925398
1051.98853203895,-0.00169493982805403,-0.000597642027287755,1.55987879815573e-05,0.00176363443511449,1.55987879815573e-05,0.00176363443511449,-0.00135627263734948,0.0376928405586809
1059.28422864097,-0.00167479600913484,-0.000585507513173565,1.55271275830499e-05,0.00175114942368678,1.55271275830499e-05,0.00175114942368678,-0.00133768464609305,0.0374339114650881
1066.63052198171,-0.00165485463233789,-0.000573592463912564,1.54530754486291e-05,0.00173875602526649,1.54530754486291e-05,0.00173875602526649,-0.00131935102422934,0.0371767519278335
1074.02776295709,-0.00163511454635998,-0.000561893401910213,1.53767384229727e-05,0.00172645353124059,1.53767384229727e-05,0.00172645353124059,-0.00130126830073731,0.0369213500397275
1081.4763048965,-0.00161557458453446,-0.000550406892009902,1.52982204732634e-05,0.00171424123846628,1.52982204732634e-05,0.00171424123846628,-0.0012834330517061,0.0366676939699078
1088.97650357974,-0.00159623356547822,-0.000539129541330439,1.52176227481454e-05,0.0017021184492446,1.52176227481455e-05,0.0017021184492446,-0.00126584189970205,0.0364157719634279
1096.52871725401,-0.0015770902937295,-0.000528057999093078,1.51350436358695e-05,0.00169008447129352,1.51350436358695e-05,0.00169008447129352,-0.00124849151314405,0.0361655723408472
1104.13330665098,-0.00155814356037623,-0.000517188956438343,1.50505788216256e-05,0.00167813861772065,1.50505788216256e-05,0.00167813861772065,-0.0012313786056872,0.0359170834978204
1111.79063500406,-0.00153939214367496,-0.000506519146233089,1.49643213440645e-05,0.00166628020699547,1.49643213440645e-05,0.00166628020699547,-0.00121449993561454,0.0356702939046884
1119.50106806575,-0.00152083480966008,-0.000496045342868046,1.48763616510069e-05,0.00165450856292122,1.48763616510069e-05,0.00165450856292122,-0.00119785230523678,0.0354251921060697
1127.26497412507,-0.00150247031274352,-0.000485764362046282,1.47867876543424e-05,0.00164282301460631,1.47867876543424e-05,0.00164282301460631,-0.00118143256030008,0.0351817667204526
1135.0827240252,-0.00148429739630451,-0.000475673060562843,1.46956847841188e-05,0.00163122289643548,1.46956847841188e-05,0.00163122289643548,-0.00116523758940147,0.0349400064397873
1142.95469118117,-0.00146631479326974,-0.000465768336075971,1.46031360418239e-05,0.00161970754804047,1.46031360418239e-05,0.00161970754804047,-0.0011492643234122,0.0346999000290801
1150.8812515977,-0.00144852122668345,-0.000456047126870174,1.45092220528611e-05,0.00160827631427048,1.45092220528611e-05,0.00160827631427048,-0.00113350973490853,0.0344614363259871
1158.86278388715,-0.00143091541026775,-0.000446506411611526,1.44140211182218e-05,0.00159692854516221,1.44140211182218e-05,0.00159692854516221,-0.00111797083761019,0.0342246042404099
1166.89966928762,-0.00141349604897292,-0.000437143209095469,1.43176092653571e-05,0.00158566359590966,1.43176092653571e-05,0.00158566359590966,-0.00110264468582618,0.033989392754091
1174.99229168114,-0.00139626183951776,-0.000427954577987495,1.42200602982519e-05,0.0015744808268336,1.42200602982519e-05,0.0015744808268336,-0.00108752837390798,0.0337557909202114
1183.14103761204,-0.0013792114709199,-0.000418937616556949,1.41214458467049e-05,0.00156337960335082,1.41214458467049e-05,0.00156337960335082,-0.00107261903570991,0.0335237878629877
1191.34629630538,-0.00136234362501619,-0.000410089462404343,1.40218354148179e-05,0.00155235929594304,1.40218354148179e-05,0.00155235929594304,-0.00105791384405677,0.0332933727772715
1199.60845968555,-0.00134565697697295,-0.000401407292182409,1.39212964286987e-05,0.00154141928012566,1.39212964286987e-05,0.00154141928012566,-0.00104341001021842,0.0330645349281487
1207.92792239501,-0.00132915019578631,-0.000392888321311258,1.38198942833821e-05,0.00153055893641627,1.38198942833821e-05,0.00153055893641627,-0.00102910478339141,0.0328372636505408
1216.3050818131,-0.0013128219447725,-0.000384529803687877,1.37176923889732e-05,0.0015197776503029,1.37176923889733e-05,0.0015197776503029,-0.00101499545018743,0.0326115483488062
1224.74033807505,-0.00129667088204816,-0.000376329031390323,1.36147522160182e-05,0.00150907481221211,1.36147522160182e-05,0.00150907481221211,-0.00100107933412861,0.0323873784963438
1233.23409409112,-0.00128069566100072,-0.000368283334376817,1.3511133340107e-05,0.00149844981747692,1.3511133340107e-05,0.00149844981747692,-0.000987353795149432,0.0321647436351964
1241.78675556577,-0.00126489493074881,-0.000360390080180105,1.34068934857148e-05,0.0014879020663045,1.34068934857147e-05,0.0014879020663045,-0.000973816229105419,0.0319436333756563
1250.39873101711,-0.00124926733659278,-0.000352646673597279,1.33020885692861e-05,0.00147743096374381,1.33020885692861e-05,0.00147743096374381,-0.000960464067288163,0.0317240373958713
1259.07043179635,-0.00123381152045541,-0.000345050556375397,1.31967727415688e-05,0.00146703591965299,1.31967727415688e-05,0.00146703591965299,-0.000947294775946952,0.0315059454414525
1267.80227210752,-0.00121852612131279,-0.0003375992068931,1.30909984292029e-05,0.00145671634866669,1.30909984292029e-05,0.00145671634866669,-0.000934305855816674,0.0312893473250828
1276.5946690272,-0.0012034097756154,-0.000330290139838537,1.29848163755711e-05,0.00144647167016327,1.29848163755711e-05,0.00144647167016327,-0.000921494841652042,0.0310742329261268
1285.44804252445,-0.00118846111769961,-0.000323120905883836,1.28782756809178e-05,0.00143630130823192,1.28782756809178e-05,0.00143630130823192,-0.000908859301768028,0.030860592190242
1294.36281548089,-0.00117367878018946,-0.000316089091356324,1.2771423841742e-05,0.0014262046916396,1.2771423841742e-05,0.0014262046916396,-0.000896396837586368,0.0306484151289912
1303.33941371088,-0.0011590613943889,-0.000309192317906826,1.26643067894721e-05,0.00141618125379804,1.26643067894721e-05,0.00141618125379804,-0.000884105083188175,0.0304376918194563
1312.37826598188,-0.00114460759066456,-0.000302428242175173,1.25569689284288e-05,0.00140623043273055,1.25569689284288e-05,0.00140623043273055,-0.000871981704872451,0.0302284124038529
1321.47980403488,-0.00113031599881913,-0.000295794555453249,1.24494531730837e-05,0.00139635167103886,1.24494531730837e-05,0.00139635167103886,-0.000860024400720543,0.0300205670891473
1330.6444626051,-0.00111618524845533,-0.000289288983345716,1.23418009846204e-05,0.00138654441586986,1.23418009846204e-05,0.00138654441586986,-0.000848230900166354,0.0298141461466733
1339.87267944269,-0.00110221396933072,-0.000282909285428707,1.22340524068054e-05,0.00137680811888234,1.22340524068054e-05,0.00137680811888234,-0.000836598963572338,0.029609139911752
1349.16489533366,-0.00108840079170329,-0.000276653254906636,1.21262461011774e-05,0.00136714223621369,1.21262461011774e-05,0.00136714223621369,-0.000825126381811106,0.0294055387833114
1358.52155412096,-0.00107474434666806,-0.000270518718267399,1.20184193815606e-05,0.00135754622844663,1.20184193815605e-05,0.00135754622844663,-0.00081381097585267,0.0292033332235091
1367.94310272563,-0.00106124326648457,-0.000264503534936093,1.19106082479111e-05,0.00134801956057584,1.19106082479111e-05,0.00134801956057584,-0.000802650596357142,0.0290025137573542
1377.42999116818,-0.00104789618489569,-0.000258605596927528,1.18028474195052e-05,0.00133856170197473,1.18028474195052e-05,0.00133856170197473,-0.000791643123272931,0.0288030709723331
1386.98267259009,-0.00103470173743744,-0.000252822828497656,1.16951703674738e-05,0.00132917212636211,1.16951703674738e-05,0.00132917212636211,-0.000780786465440259,0.0286049955180348
1396.60160327544,-0.00102165856174034,-0.00024715318579415,1.15876093466955e-05,0.00131985031176896,1.15876093466955e-05,0.00131985031176896,-0.000770078560200026,0.0284082781057784
1406.2872426727,-0.00100876529782201,-0.000241594656506279,1.14801954270527e-05,0.0013105957405052,1.14801954270527e-05,0.0013105957405052,-0.000759517373007854,0.0282129095082422
1416.04005341668,-0.000996020588371484,-0.000236145259514285,1.13729585240611e-05,0.00130140789912653,1.13729585240611e-05,0.00130140789912653,-0.000749100897053349,0.028018880559094
1425.86050135065,-0.000983423079024997,-0.000230803044538399,1.12659274288789e-05,0.00129228627840128,1.12659274288789e-05,0.00129228627840128,-0.000738827152884402,0.0278261821526224
1435.74905554856,-0.000970971418633696,-0.000225566091787695,1.11591298377064e-05,0.00128323037327737,1.11591298377064e-05,0.00128323037327737,-0.000728694188036573,0.0276348052433714
1445.70618833745,-0.000958664259523096,-0.000220432511608907,1.10525923805809e-05,0.00127423968284932,1.10525923805809e-05,0.00127423968284932,-0.000718700076667385,0.0274447408457737
1455.73237532004,-0.000946500257744613,-0.000215400444135391,1.09463406495783e-05,0.0012653137103253,1.09463406495783e-05,0.0012653137103253,-0.000708842919195569,0.0272559800337883
1465.8280953974,-0.000934478073319127,-0.000210468058936357,1.08403992264273e-05,0.00125645196299432,1.08403992264273e-05,0.00125645196299432,-0.000699120841945089,0.0270685139405373
1475.99383079187,-0.00092259637047283,-0.000205633554666546,1.07347917095468e-05,0.00124765395219349,1.07347917095468e-05,0.00124765395219349,-0.000689531996793986,0.0268823337579464
1486.23006707006,-0.000910853817865354,-0.000200895158716445,1.06295407405119e-05,0.00123891919327535,1.06295407405119e-05,0.00123891919327535,-0.000680074560827887,0.0266974307363847
1496.53729316606,-0.000899249088810407,-0.000196251126863233,1.052466802996e-05,0.00123024720557534,1.052466802996e-05,0.00123024720557534,-0.000670746735998202,0.0265137961843081
1506.9160014048,-0.000887780861488929,-0.000191699742922518,1.04201943829425e-05,0.00122163751237933,1.04201943829425e-05,0.00122163751237933,-0.00066154674878486,0.0263314214679027
1517.36668752555,-0.000876447819155008,-0.000187239318401067,1.03161397237327e-05,0.00121308964089138,1.03161397237327e-05,0.00121308964089138,-0.000652472849863618,0.0261502980107309
1527.88985070559,-0.000865248650334547,-0.000182868192150568,1.02125231200965e-05,0.00120460312220145,1.02125231200965e-05,0.00120460312220145,-0.000643523313777785,0.0259704172933779
1538.4859935841,-0.000854182049016932,-0.000178584730022618,1.01093628070352e-05,0.00119617749125338,1.01093628070352e-05,0.00119617749125338,-0.000634696438614405,0.0257917708531013
1549.15562228612,-0.000843246714839699,-0.000174387324524978,1.00066762100083e-05,0.00118781228681295,1.00066762100084e-05,0.00118781228681295,-0.000625990545684736,0.0256143502834806
1559.89924644673,-0.000832441353266447,-0.000170274394479255,9.90447996764509e-06,0.00117950705143605,9.90447996764507e-06,0.00117950705143606,-0.000617403979209068,0.0254381472340696
1570.71737923542,-0.000821764675757991,-0.000166244384680075,9.80278995395136e-06,0.00117126133143708,9.80278995395136e-06,0.00117126133143708,-0.000608935106005734,0.0252631534100497
1581.61053738059,-0.000811215399937,-0.000162295765555878,9.70162130002279e-06,0.00116307467685737,9.70162130002279e-06,0.00116307467685737,-0.000600582315184337,0.0250893605718852
1592.57924119422,-0.000800792249746127,-0.000158427032831391,9.6009884152697e-06,0.00115494664143387,9.60098841526971e-06,0.00115494664143387,-0.000592344017843065,0.0249167605349797
1603.62401459674,-0.000790493955599865,-0.00015463670719191,9.50090500816356e-06,0.00114687678256793,9.50090500816357e-06,0.00114687678256793,-0.000584218646770112,0.0247453451693348
1614.74538514202,-0.000780319254530142,-0.000150923333949438,9.40138410651218e-06,0.00113886466129429,9.40138410651218e-06,0.00113886466129428,-0.000576204656149079,0.0245751063992095
1625.94388404263,-0.00077026689032587,-0.00014728548271079,9.30243807727235e-06,0.00113090984225013,9.30243807727235e-06,0.00113090984225013,-0.00056830052126837,0.0244060362027824
1637.22004619516,-0.000760335613666491,-0.000143721747047727,9.20407864590716e-06,0.00112301189364445,9.20407864590716e-06,0.00112301189364445,-0.000560504738234466,0.0242381266118142
1648.57441020578,-0.000750524182249716,-0.000140230744169196,9.10631691529657e-06,0.00111517038722749,9.10631691529657e-06,0.00111517038722749,-0.000552815823689095,0.024071369711313
1660.00751841599,-0.000740831360913488,-0.000136811114595745,9.00916338420854e-06,0.00110738489826035,9.00916338420855e-06,0.00110738489826035,-0.000545232314530166,0.0239057576392004
1671.51991692849,-0.000731255921752388,-0.000133461521836195,8.91262796533912e-06,0.00109965500548486,8.91262796533912e-06,0.00109965500548486,-0.000537752767636506,0.0237412825859799
1683.11215563331,-0.000721796644228501,-0.000130180652066601,8.81672000292845e-06,0.00109198029109352,8.81672000292844e-06,0.00109198029109352,-0.000530375759596263,0.0235779367944058
1694.78478823403,-0.000712452315276957,-0.000126967213811598,8.72144828996123e-06,0.00108436034069974,8.72144828996123e-06,0.00108436034069974,-0.000523099886439001,0.0234157125591556
1706.53837227424,-0.000703221729406169,-0.000123819937628156,8.62682108495834e-06,0.00107679474330816,8.62682108495834e-06,0.00107679474330816,-0.000515923763371377,0.023254602226502
1718.37346916419,-0.000694103688792969,-0.000120737575791827,8.53284612836805e-06,0.00106928309128525,8.53284612836806e-06,0.00106928309128525,-0.000508846024516406,0.0230945981939878
1730.2906442076,-0.000685097003372686,-0.000117718901985505,8.43953065856343e-06,0.00106182498033002,8.43953065856344e-06,0.00106182498033002,-0.000501865322656216,0.0229356929101023
1742.29046662864,-0.000676200490924343,-0.000114762710990777,8.34688142745407e-06,0.00105442000944502,8.34688142745407e-06,0.00105442000944502,-0.000494980328978295,0.022777878873959
1754.37350959913,-0.000667412977151019,-0.000111867818381876,8.25490471571874e-06,0.00104706778090741,8.25490471571873e-06,0.00104706778090741,-0.000488189732825139,0.0226211486349748
1766.54035026596,-0.000658733295755547,-0.000109033060222307,8.16360634766686e-06,0.00103976790024038,8.16360634766687e-06,0.00103976790024038,-0.00048149224144729,0.0224654947925516
1778.79156977856,-0.000650160288511639,-0.000106257292764169,8.07299170573552e-06,0.0010325199761846,8.07299170573551e-06,0.0010325199761846,-0.000474886579759707,0.0223109099957588
1791.12775331676,-0.000641692805330504,-0.000103539392150202,7.98306574462908e-06,0.00102532362067005,7.98306574462908e-06,0.00102532362067005,-0.000468371490101411,0.0221573869430176
1803.54949011869,-0.000633329704323156,-0.000100878254118618,7.89383300510873e-06,0.00101817844878791,7.89383300510873e-06,0.00101817844878791,-0.000461945731998393,0.0220049183817875
1816.05737350894,-0.00062506985185842,-9.8272793710709e-05,7.80529762743844e-06,0.0010110840787627,7.80529762743843e-06,0.0010110840787627,-0.000455608081929703,0.0218534971082531
1828.65200092687,-0.00061691212261683,-9.57219449813021e-05,7.7174633644945e-06,0.00100404013192466,7.71746336449449e-06,0.00100404013192466,-0.00044935733309672,0.0217031159670144
1841.33397395519,-0.000608855399640445,-9.32246607120453e-05,7.63033359454503e-06,0.000997046232682321,7.63033359454503e-06,0.000997046232682321,-0.000443192295195508,0.0215537678507772
1854.10389834867,-0.000600898574378756,-9.07799121275836e-05,7.54391133370664e-06,0.000990102008495227,7.54391133370663e-06,0.000990102008495227,-0.000437111794192287,0.0214054457000458
1866.9623840631,-0.000593040546730724,-8.8386688614616e-05,7.45819924808392e-06,0.000983207089846948,7.45819924808392e-06,0.000983207089846948,-0.000431114672101892,0.021258142502817
1879.91004528435,-0.000585280225083105,-8.60439974438781e-05,7.37319966559937e-06,0.000976361110218256,7.37319966559937e-06,0.000976361110218256,-0.000425199786769269,0.0211118512942763
1892.94750045783,-0.000577616526345099,-8.37508634950417e-05,7.28891458751907e-06,0.000969563706060511,7.28891458751907e-06,0.000969563706060511,-0.000419366011653888,0.0209665651564953
1906.0753723179,-0.000570048375979499,-8.15063289845711e-05,7.20534569968118e-06,0.000962814516769283,7.20534569968118e-06,0.000962814516769283,-0.000413612235617103,0.0208222772181306
1919.29428791772,-0.000562574708030344,-7.93094531965226e-05,7.12249438343295e-06,0.000956113184658153,7.12249438343294e-06,0.000956113184658153,-0.000407937362712353,0.0206789806541246
1932.60487865912,-0.000555194465147258,-7.71593122163223e-05,7.04036172628277e-06,0.000949459354932756,7.04036172628277e-06,0.000949459354932756,-0.000402340311978237,0.0205366686854081
1946.00778032282,-0.000547906598606498,-7.50549986675079e-05,6.95894853227288e-06,0.000942852675665006,6.95894853227288e-06,0.000942852675665006,-0.00039682001723435,0.020395334578604
1959.50363309877,-0.000540710068328857,-7.29956214514634e-05,6.87825533207918e-06,0.000936292797767565,6.87825533207918e-06,0.000936292797767565,-0.000391375426879918,0.020254971645733
1973.09308161673,-0.000533603842894464,-7.09803054901279e-05,6.79828239284327e-06,0.00092977937496849,6.79828239284327e-06,0.00092977937496849,-0.000386005503695126,0.0201155732439208
1986.77677497706,-0.00052658689955462,-6.9008191471707e-05,6.71902972774346e-06,0.000923312063786125,6.71902972774346e-06,0.000923312063786125,-0.000380709224645157,0.0199771327751069
2000.55536678172,-0.000519658224240699,-6.70784355993636e-05,6.64049710530929e-06,0.000916890523504174,6.6404971053093e-06,0.000916890523504174,-0.000375485580686869,0.0198396436857552
2014.42951516552,-0.000512816811570264,-6.51902093429114e-05,6.56268405848631e-06,0.000910514416147018,6.56268405848631e-06,0.000910514416147018,-0.000370333576578104,0.0197030994665657
2028.39988282751,-0.000506061664850422,-6.33426991934878e-05,6.48558989345544e-06,0.000904183406455205,6.48558989345544e-06,0.000904183406455205,-0.000365252230689557,0.0195674936521886
2042.46713706267,-0.000499391796078551,-6.15351064212243e-05,6.4092136982134e-06,0.000897897161861199,6.4092136982134e-06,0.000897897161861199,-0.00036024057481922,0.0194328198209393
2056.63194979376,-0.000492806225940431,-5.97666468358902e-05,6.33355435091868e-06,0.000891655352465287,6.33355435091867e-06,0.000891655352465287,-0.000355297654009313,0.0192990715945151
2070.89499760343,-0.000486303983805921,-5.80365505505231e-05,6.2586105280088e-06,0.000885457651011748,6.2586105280088e-06,0.000885457651011748,-0.000350422526365721,0.0191662426377139
2085.25696176653,-0.000479884107722186,-5.63440617480211e-05,6.18438071209376e-06,0.000879303732865184,6.18438071209376e-06,0.000879303732865184,-0.000345614262879848,0.0190343266581542
2099.71852828265,-0.000473545644404623,-5.4688438450706e-05,6.11086319963081e-06,0.000873193275987106,6.11086319963081e-06,0.000873193275987106,-0.000340871947252917,0.0189033174059967
2114.2803879089,-0.000467287649225502,-5.30689522928319e-05,6.03805610838536e-06,0.00086712596091269,6.03805610838536e-06,0.00086712596091269,-0.000336194675722622,0.0187732086736672
2128.94323619287,-0.000461109186200446,-5.14848882960444e-05,5.96595738468331e-06,0.000861101470727771,5.96595738468331e-06,0.000861101470727771,-0.000331581556892155,0.0186439942955821
2143.7077735059,-0.000455009327972772,-4.99355446477642e-05,5.89456481045896e-06,0.000855119491046017,5.89456481045896e-06,0.000855119491046017,-0.000327031711561528,0.0185156681478738
2158.57470507649,-0.00044898715579582,-4.84202324824968e-05,5.82387601010389e-06,0.000849179709986341,5.82387601010389e-06,0.000849179709986341,-0.000322544272561207,0.0183882241481196
2173.54474102402,-0.000443041759513283,-4.69382756660411e-05,5.75388845712082e-06,0.000843281818150487,5.75388845712082e-06,0.000843281818150487,-0.000318118384587975,0.0182616562550702
2188.61859639264,-0.000437172237537658,-4.54890105825966e-05,5.68459948058752e-06,0.00083742550860085,5.68459948058751e-06,0.00083742550860085,-0.000313753204043048,0.0181359584683816
2203.79699118545,-0.000431377696826839,-4.407178592474e-05,5.61600627143475e-06,0.000831610476838473,5.61600627143475e-06,0.000831610476838473,-0.000309447898872365,0.0180111248283472
2219.08065039887,-0.000425657252858958,-4.26859624862684e-05,5.54810588854308e-06,0.000825836420781272,5.54810588854309e-06,0.000825836420781272,-0.000305201648409061,0.0178871494156323
2234.47030405729,-0.000420010029605502,-4.13309129578796e-05,5.48089526466238e-06,0.000820103040742444,5.48089526466237e-06,0.000820103040742444,-0.000301013643218065,0.0177640263510093
2249.9666872479,-0.000414435159502804,-4.00060217256847e-05,5.4143712121586e-06,0.00081441003940909,5.4143712121586e-06,0.00081441003940909,-0.000296883084942823,0.0176417497950955
2265.57054015586,-0.000408931783421934,-3.87106846725218e-05,5.34853042859182e-06,0.000808757121821025,5.34853042859182e-06,0.000808757121821025,-0.00029280918615408,0.0175203139480914
2281.28260809959,-0.00040349905063708,-3.74443089820643e-05,5.28336950212952e-06,0.000803143995349802,5.28336950212953e-06,0.000803143995349802,-0.000288791170200738,0.0173997130495215
2297.10364156645,-0.000398136118792458,-3.62063129456922e-05,5.21888491679926e-06,0.000797570369677916,5.21888491679927e-06,0.000797570369677916,-0.000284828271062719,0.0172799413779754
2313.0343962485,-0.000392842153867821,-3.49961257721179e-05,5.15507305758452e-06,0.000792035956778227,5.15507305758452e-06,0.000792035956778227,-0.000280919733205842,0.0171609932508522
2329.07563307866,-0.000387616330142608,-3.38131873997341e-05,5.0919302153674e-06,0.000786540470893552,5.0919302153674e-06,0.000786540470893552,-0.000277064811438656,0.0170428630241044
2345.22811826701,-0.000382457830158813,-3.26569483116735e-05,5.02945259172236e-06,0.000781083628516478,5.02945259172236e-06,0.000781083628516478,-0.000273262770771237,0.0169255450919846
2361.49262333744,-0.000377365844682593,-3.15268693535486e-05,4.96763630356417e-06,0.000775665148369344,4.96763630356417e-06,0.000775665148369344,-0.00026951288627588,0.0168090338867938
2377.86992516445,-0.000372339572664705,-3.0422421553858e-05,4.90647738765397e-06,0.000770284751384433,4.90647738765398e-06,0.000770284751384433,-0.000265814442949704,0.01669332387863
2394.36080601029,-0.000367378221199785,-2.93430859470281e-05,4.8459718049668e-06,0.000764942160684344,4.8459718049668e-06,0.000764942160684344,-0.00026216673557911,0.0165784095751398
2410.96605356231,-0.000362481005484562,-2.82883533990761e-05,4.78611544492432e-06,0.000759637101562559,4.78611544492432e-06,0.000759637101562559,-0.000258569068606093,0.0164642855212705
2427.6864609706,-0.000357647148774999,-2.7257724435861e-05,4.72690412949563e-06,0.000754369301464188,4.72690412949563e-06,0.000754369301464188,-0.000255020755996359,0.0163509462990236
2444.52282688584,-0.000352875882342481,-2.62507090739082e-05,4.66833361717014e-06,0.000749138489966918,4.66833361717014e-06,0.000749138489966918,-0.000251521121109243,0.0162383865272108
2461.4759554975,-0.000348166445429018,-2.52668266537753e-05,4.610399606805e-06,0.000743944398762126,4.61039960680501e-06,0.000743944398762126,-0.000248069496569396,0.0161266008612103
2478.54665657221,-0.00034351808520157,-2.43056056759404e-05,4.55309774135095e-06,0.000738786761636189,4.55309774135095e-06,0.000738786761636189,-0.000244665224140205,0.016015583992725
2495.73574549243,-0.000338930056705515,-2.33665836391872e-05,4.49642361145926e-06,0.00073366531445198,4.49642361145925e-06,0.00073366531445198,-0.000241307654598957,0.0159053306495428
2513.04404329547,-0.000334401622817282,-2.24493068814561e-05,4.44037275897289e-06,0.000728579795130525,4.44037275897289e-06,0.000728579795130525,-0.000237996147613673,0.0157958355952972
2530.47237671259,-0.000329932054196239,-2.1553330423147e-05,4.38494068030509e-06,0.000723529943632864,4.38494068030509e-06,0.000723529943632864,-0.000234730071621643,0.0156870936292301
2548.02157820863,-0.000325520629235822,-2.06782178128365e-05,4.33012282970791e-06,0.000718515501942066,4.33012282970792e-06,0.000718515501942066,-0.000231508803709591,0.0155790995859559
2565.69248602162,-0.000321166634013994,-1.98235409753935e-05,4.27591462243394e-06,0.000713536214045447,4.27591462243394e-06,0.000713536214045447,-0.000228331729495492,0.015471848335227
2583.48594420295,-0.000316869362243029,-1.89888800624604e-05,4.22231143779364e-06,0.000708591825916933,4.22231143779364e-06,0.000708591825916933,-0.000225198243011975,0.0153653347817006
2601.4028026576,-0.000312628115218705,-1.81738233052803e-05,4.16930862211151e-06,0.000703682085499623,4.1693086221115e-06,0.000703682085499623,-0.000222107746591334,0.0152595538647075
2619.4439171848,-0.000308442201768887,-1.7377966869837e-05,4.11690149158302e-06,0.000698806742688505,4.11690149158302e-06,0.000698806742688505,-0.000219059650752086,0.0151545005580211
2637.61014951883,-0.000304310938201592,-1.66009147142896e-05,4.06508533503582e-06,0.000693965549313358,4.06508533503582e-06,0.000693965549313358,-0.000216053374087087,0.0150501698696293
2655.90236737027,-0.000300233648252526,-1.58422784486683e-05,4.01385541659697e-06,0.000689158259121805,4.01385541659697e-06,0.000689158259121805,-0.000213088343153159,0.0149465568415066
2674.32144446737,-0.00029620966303216,-1.51016771968112e-05,3.96320697826919e-06,0.000684384627762555,3.96320697826919e-06,0.000684384627762555,-0.000210163992362232,0.0148436565493886
2692.86826059784,-0.000292238320972341,-1.437873746051e-05,3.9131352424183e-06,0.00067964441276879,3.91313524241829e-06,0.00067964441276879,-0.000207279763873953,0.0147414641025466
2711.54370165082,-0.000288318967772522,-1.36730929858442e-05,3.8636354141745e-06,0.000674937373541734,3.8636354141745e-06,0.000674937373541734,-0.000204435107489777,0.0146399746435653
2730.34865965925,-0.000284450956345574,-1.29843846316725e-05,3.81470268374946e-06,0.000670263271334369,3.81470268374946e-06,0.000670263271334369,-0.00020162948054848,0.0145391833481201
2749.28403284242,-0.000280633646763285,-1.23122602402587e-05,3.76633222867191e-06,0.000665621869235332,3.76633222867191e-06,0.000665621869235332,-0.000198862347823109,0.0144390854247572
2768.35072564895,-0.000276866406201501,-1.16563745100024e-05,3.71851921594351e-06,0.000661012932152947,3.7185192159435e-06,0.000661012932152947,-0.00019613318141933,0.0143396761146741
2787.54964879989,-0.000273148608885005,-1.10163888702524e-05,3.67125880411763e-06,0.000656436226799443,3.67125880411764e-06,0.000656436226799443,-0.000193441460675164,0.0142409506915022
2806.88171933232,-0.000269479636032103,-1.03919713581716e-05,3.62454614530279e-06,0.000651891521675303,3.62454614530279e-06,0.000651891521675303,-0.00019078667206208,0.0141429044610901
2826.34786064308,-0.000265858875798991,-9.78279649763264e-06,3.57837638709306e-06,0.000647378587053792,3.57837638709306e-06,0.000647378587053792,-0.000188168309087453,0.0140455327612886
2845.94900253294,-0.000262285723223891,-9.18854518011262e-06,3.53274467442728e-06,0.000642897194965618,3.53274467442728e-06,0.000642897194965618,-0.00018558587219833,0.0139488309617371
2865.68608125093,-0.000258759580171014,-8.60890454756625e-06,3.48764615137935e-06,0.000638447119183763,3.48764615137935e-06,0.000638447119183763,-0.000183038868686527,0.0138527944636514
2885.56003953913,-0.000255279855274342,-8.04356787724621e-06,3.44307596288109e-06,0.000634028135208451,3.44307596288109e-06,0.000634028135208451,-0.000180526812595003,0.0137574186996121
2905.57182667768,-0.000251845963881281,-7.49223446845053e-06,3.39902925638006e-06,0.00062964002025228,3.39902925638007e-06,0.00062964002025228,-0.000178049224625524,0.0136626991333553
2925.72239853012,-0.000248457327996186,-6.95460953116498e-06,3.35550118343367e-06,0.000625282553225482,3.35550118343367e-06,0.000625282553225482,-0.000175605632047574,0.0135686312595642
2946.01271758903,-0.000245113376223801,-6.43040407658155e-06,3.31248690124194e-06,0.000620955514721355,3.31248690124194e-06,0.000620955514721355,-0.000173195568608518,0.0134752106036619
2966.44375302203,-0.000241813543712605,-5.91933480946085e-06,3.26998157412e-06,0.000616658687001814,3.26998157412e-06,0.000616658687001814,-0.000170818574444979,0.0133824327216055
2987.01648071805,-0.000238557272098122,-5.42112402231943e-06,3.22798037491277e-06,0.000612391853983111,3.22798037491277e-06,0.000612391853983111,-0.000168474195995437,0.0132902931996817
3007.73188333398,-0.000235344009446185,-4.93549949141104e-06,3.18647848635279e-06,0.00060815480122167,3.18647848635279e-06,0.00060815480122167,-0.000166161985914004,0.0131987876543037
3028.59095034155,-0.000232173210196186,-4.46219437448188e-06,3.14547110236343e-06,0.000603947315900093,3.14547110236343e-06,0.000603947315900093,-0.000163881502985391,0.0131079117318092
3049.59467807464,-0.000229044335104328,-4.0009471102705e-06,3.10495342930859e-06,0.000599769186813273,3.10495342930859e-06,0.000599769186813273,-0.000161632312041019,0.0130176611082597
3070.74406977686,-0.000225956851186904,-3.55150131973166e-06,3.06492068719081e-06,0.000595620204354677,3.06492068719081e-06,0.000595620204354677,-0.000159413983876289,0.0129280314892411
3092.04013564946,-0.000222910231663601,-3.1136057089556e-06,3.02536811079899e-06,0.000591500160502737,3.02536811079899e-06,0.000591500160502736,-0.000157226095168969,0.0128390186096656
3113.48389289956,-0.000219903955900874,-2.68701397376265e-06,2.9862909508076e-06,0.000587408848807397,2.9862909508076e-06,0.000587408848807397,-0.0001550682283987,0.0127506182335751
3135.07636578881,-0.000216937509355378,-2.27148470594435e-06,2.94768447482821e-06,0.000583346064376779,2.94768447482821e-06,0.000583346064376779,-0.0001529399717676,0.0126628261539452
3156.8185856822,-0.000214010383517496,-1.86678130113175e-06,2.90954396841545e-06,0.000579311603863996,2.90954396841546e-06,0.000579311603863996,-0.000150840919121951,0.0125756381924912
3178.71159109747,-0.000211122075854958,-1.47267186826269e-06,2.8718647360282e-06,0.000575305265454076,2.8718647360282e-06,0.000575305265454076,-0.000148770669874951,0.0124890501994746
3200.75642775457,-0.000208272089756591,-1.08892914062856e-06,2.83464210194765e-06,0.000571326848851037,2.83464210194765e-06,0.000571326848851037,-0.000146728828930526,0.0124030580535116
3222.9541486257,-0.000205459934476178,-7.1533038847314e-07,2.79787141115343e-06,0.000567376155265072,2.79787141115343e-06,0.000567376155265072,-0.000144715006608179,0.0123176576613822
3245.30581398558,-0.000202685125076485,-3.51657333124253e-07,2.7615480301591e-06,0.000563452987399873,2.7615480301591e-06,0.000563452987399873,-0.000142728818568862,0.0122328449578408
3267.81249146208,-0.000199947182373419,2.30393736849253e-09,2.72566734780819e-06,0.000559557149440073,2.72566734780819e-06,0.000559557149440073,-0.000140769885741865,0.0121486159054281
3290.47525608724,-0.000197245632880374,3.46763051109203e-07,2.69022477603208e-06,0.000555688447038817,2.69022477603208e-06,0.000555688447038817,-0.000138837834252701,0.0120649664942838
3313.29519034861,-0.000194580008752746,6.81925433770257e-07,2.65521575057079e-06,0.000551846687305449,2.65521575057079e-06,0.000551846687305449,-0.00013693229535197,0.0119818927419611
3336.27338424092,-0.000191949847732647,1.00799238856505e-06,2.62063573165797e-06,0.000548031678793331,2.62063573165797e-06,0.000548031678793331,-0.000135052905345206,0.0118993906932417
3359.41093531822,-0.000189354693093813,1.3251611748042e-06,2.58648020467091e-06,0.000544243231487766,2.58648020467091e-06,0.000544243231487766,-0.00013319930552367,0.0118174564199528
3382.70894874623,-0.000186794093586736,1.63362508505406e-06,2.55274468074714e-06,0.000540481156794061,2.55274468074714e-06,0.000540481156794061,-0.000131371142096096,0.0117360860207844
3406.16853735517,-0.000184267603384009,1.93357352092215e-06,2.51942469736809e-06,0.00053674526752568,2.51942469736809e-06,0.00053674526752568,-0.000129568066121363,0.0116552756211085
3429.7908216929,-0.000181774782025916,2.22519206748801e-06,2.48651581891138e-06,0.000533035377892548,2.48651581891138e-06,0.000533035377892548,-0.000127789733442091,0.0115750213727991
3453.57693007845,-0.000179315194366247,2.50866256640362e-06,2.45401363717232e-06,0.00052935130348943,2.45401363717232e-06,0.00052935130348943,-0.000126035804619144,0.0114953194540533
3477.5279986559,-0.000176888410518382,2.78416318768182e-06,2.42191377185588e-06,0.000525692861284457,2.42191377185588e-06,0.000525692861284457,-0.000124305944867021,0.0114161660692139
3501.64517144866,-0.000174494005801629,3.05186850019478e-06,2.39021187103994e-06,0.00052205986960775,2.39021187103994e-06,0.00052205986960775,-0.000122599823990142,0.0113375574485928
3525.92960041413,-0.000172131560687818,3.31194954090346e-06,2.35890361161078e-06,0.000518452148140149,2.35890361161078e-06,0.000518452148140148,-0.000120917116319988,0.0112594898482956
3550.38244549867,-0.000169800660748191,3.56457388283657e-06,2.32798469967169e-06,0.000514869517902068,2.32798469967169e-06,0.000514869517902068,-0.000119257500653115,0.0111819595500477
3575.00487469309,-0.000167500896600553,3.80990570184138e-06,2.29745087092557e-06,0.000511311801242442,2.29745087092557e-06,0.000511311801242442,-0.000117620660190005,0.0111049628610211
3599.79806408833,-0.000165231863856734,4.04810584212377e-06,2.26729789103251e-06,0.000507778821827796,2.26729789103251e-06,0.000507778821827796,-0.000116006282474757,0.0110284961136622
3624.76319793175,-0.000162993163070327,4.27933188059945e-06,2.23752155594292e-06,0.000504270404631405,2.23752155594292e-06,0.000504270404631405,-0.000114414059335601,0.0109525556655215
3649.9014686836,-0.000160784399684748,4.50373819007344e-06,2.20811769220724e-06,0.000500786375922578,2.20811769220724e-06,0.000500786375922578,-0.000112843686826223,0.0108771378990835
3675.21407707406,-0.000158605183981585,4.721476001269e-06,2.17908215726291e-06,0.000497326563256024,2.17908215726291e-06,0.000497326563256024,-0.000111294865167894,0.0108022392215981
3700.7022321605,-0.000156455131029281,4.93269346372286e-06,2.15041083969943e-06,0.000493890795461342,2.15041083969943e-06,0.000493890795461342,-0.000109767298692392,0.0107278560649134
3726.36715138533,-0.000154333860632117,5.13753570556731e-06,2.12209965950213e-06,0.000490478902632591,2.12209965950213e-06,0.000490478902632591,-0.000108260695785695,0.010653984885309
3752.21006063407,-0.00015224099727954,5.33614489221565e-06,2.09414456827557e-06,0.000487090716117988,2.09414456827557e-06,0.000487090716117988,-0.000106774768832458,0.0105806221633306
3778.23219429398,-0.000150176170095801,5.52866028397099e-06,2.06654154944703e-06,0.00048372606850967,2.06654154944703e-06,0.00048372606850967,-0.000105309234161232,0.0105077644036262
3804.43479531291,-0.000148139012789945,5.71521829257445e-06,2.03928661845104e-06,0.000480384793633593,2.03928661845104e-06,0.000480384793633593,-0.00010386381199045,0.0104354081347825
3830.81911525882,-0.000146129163606121,5.89595253671236e-06,2.01237582289531e-06,0.000477066726539491,2.01237582289531e-06,0.000477066726539491,-0.000102438226375133,0.0103635499091627
3857.3864143794,-0.000144146265274253,6.07099389649794e-06,1.98580524270905e-06,0.000473771703490963,1.98580524270905e-06,0.000473771703490963,-0.00010103220515434,0.0102921863027461
3884.13796166242,-0.000142189964961041,6.2404705669466e-06,1.95957099027399e-06,0.000470499561955628,1.95957099027399e-06,0.000470499561955628,-9.96454798993252e-05,0.0102213139149672
3911.07503489621,-0.000140259914221321,6.40450811045999e-06,1.93366921053895e-06,0.000467250140595399,1.93366921053895e-06,0.000467250140595399,-9.82777858624141e-05,0.0101509293685575
3938.19892073078,-0.000138355768949776,6.56322950833729e-06,1.90809608111834e-06,0.000464023279256824,1.90809608111834e-06,0.000464023279256824,-9.69288619265671e-05,0.0100810293093873
3965.51091473924,-0.000136477189332998,6.7167552113286e-06,1.88284781237546e-06,0.000460818818961544,1.88284781237546e-06,0.000460818818961544,-9.55984505556442e-05,0.0100116104063087
3993.0123214797,-0.000134623839801916,6.86520318924837e-06,1.85792064749073e-06,0.000457636601896822,1.85792064749073e-06,0.000457636601896822,-9.42862977453405e-05,0.00994266935099983
4020.70445455755,-0.000132795388984577,7.00868897966321e-06,1.8333108625159e-06,0.000454476471406174,1.8333108625159e-06,0.000454476471406174,-9.29921529747996e-05,0.00987420285781028
4048.58863668828,-0.000130991509659296,7.1473257356717e-06,1.80901476641433e-06,0.000451338271980079,1.80901476641433e-06,0.000451338271980079,-9.17157691588832e-05,0.00980620766360693
4076.66619976054,-0.00012921187870817,7.28122427278999e-06,1.78502870108815e-06,0.000448221849246789,1.78502870108816e-06,0.000448221849246789,-9.04569026010986e-05,0.00973868052762143
4104.93848489989,-0.000127456177070958,7.41049311496044e-06,1.7613490413926e-06,0.000445127049963211,1.7613490413926e-06,0.000445127049963211,-8.92153129471648e-05,0.00967161823129821
4133.40684253274,-0.000125724089699332,7.53523853969658e-06,1.73797219513819e-06,0.00044205372200589,1.73797219513819e-06,0.00044205372200589,-8.79907631392188e-05,0.00960501757814388
4162.07263245095,-0.000124015305511497,7.65556462238118e-06,1.71489460308103e-06,0.000439001714362061,1.71489460308103e-06,0.000439001714362061,-8.67830193706433e-05,0.00953887539357726
4190.93722387671,-0.000122329517347184,7.7715732797304e-06,1.69211273890191e-06,0.000435970877120805,1.69211273890191e-06,0.000435970877120805,-8.55918510415176e-05,0.00947318852478075
4220.00199552799,-0.000120666421923016,7.88336431244019e-06,1.66962310917436e-06,0.00043296106146426,1.66962310917436e-06,0.00043296106146426,-8.44170307146722e-05,0.00940795384055233
4249.26833568435,-0.000119025719788249,7.99103544702779e-06,1.64742225332245e-06,0.000429972119658947,1.64742225332245e-06,0.000429972119658947,-8.32583340723504e-05,0.00934316823115886
4278.73764225332,-0.000117407115280885,8.09468237688349e-06,1.62550674356841e-06,0.000427003905047145,1.62550674356841e-06,0.000427003905047145,-8.21155398734569e-05,0.00927882860819009
4308.41132283705,-0.000115810316484171,8.19439880254582e-06,1.60387318487069e-06,0.000424056272038375,1.60387318487069e-06,0.000424056272038375,-8.09884299113976e-05,0.00921493190441384
4338.2907947997,-0.000114235035183454,8.29027647121437e-06,1.58251821485277e-06,0.000421129076100937,1.58251821485277e-06,0.000421129076100937,-7.98767889724897e-05,0.00915147507363195
4368.37748533501,-0.000112680986823439,8.3824052155131e-06,1.56143850372315e-06,0.000418222173753547,1.56143850372315e-06,0.000418222173753547,-7.87804047949471e-05,0.00908845509053737
4398.67283153455,-0.000111147890465803,8.47087299151819e-06,1.54063075418678e-06,0.000415335422557037,1.54063075418679e-06,0.000415335422557037,-7.76990680284212e-05,0.009025868950572
4429.17828045629,-0.000109635468747197,8.55576591606248e-06,1.52009170134853e-06,0.000412468681106143,1.52009170134853e-06,0.000412468681106143,-7.66325721941011e-05,0.00896371366978571
4459.89528919383,-0.00010814344783762,8.63716830333046e-06,1.49981811260864e-06,0.000409621809021354,1.49981811260864e-06,0.000409621809021354,-7.55807136453538e-05,0.008901986284696
4490.82532494586,-0.000106671557399179,8.71516270075529e-06,1.47980678755104e-06,0.000406794666940855,1.47980678755104e-06,0.000406794666940855,-7.45432915289091e-05,0.00884068385214888
4521.96986508636,-0.000105219530545209,8.78982992423153e-06,1.46005455782425e-06,0.000403987116512524,1.46005455782425e-06,0.000403987116512524,-7.35201077465701e-05,0.00877980344918046
4553.33039723509,-0.000103787103799794,8.86124909265464e-06,1.44055828701579e-06,0.00040119902038602,1.44055828701579e-06,0.00040119902038602,-7.25109669174527e-05,0.00871934217287962
4584.90841932869,-0.000102374017057635,8.92949766180027e-06,1.42131487051982e-06,0.000398430242204932,1.42131487051982e-06,0.000398430242204932,-7.15156763407372e-05,0.00865929714025141
4616.7054396922,-0.000100980013544325,8.99465145755463e-06,1.40232123539886e-06,0.000395680646599003,1.40232123539886e-06,0.000395680646599003,-7.05340459589345e-05,0.00859966548808158
4648.72297711114,-9.96048397769681e-05,9.05678470850796e-06,1.38357434023943e-06,0.000392950099176427,1.38357434023943e-06,0.000392950099176427,-6.95658883216503e-05,0.00854044437280176
4680.96256090399,-9.82482455251982e-05,9.11597007792224e-06,1.36507117500215e-06,0.000390238466516213,1.36507117500215e-06,0.000390238466516213,-6.86110185498503e-05,0.00848163097035581
4713.42573099534,-9.69099837725539e-05,9.17227869508497e-06,1.3468087608665e-06,0.000387545616160618,1.3468087608665e-06,0.000387545616160618,-6.76692543006093e-05,0.00842322247606679
4746.11403798933,-9.55898106782353e-05,9.22578018605959e-06,1.32878415007049e-06,0.000384871416607655,1.32878415007049e-06,0.000384871416607655,-6.67404157323478e-05,0.00836521610450506
4779.02904324382,-9.42874855392255e-05,9.27654270384392e-06,1.31099442574547e-06,0.000382215737303658,1.31099442574547e-06,0.000382215737303658,-6.58243254705403e-05,0.00830760908935703
4812.17231894485,-9.30027707527887e-05,9.32463295794716e-06,1.29343670174647e-06,0.000379578448635926,1.29343670174647e-06,0.000379578448635926,-6.49208085738972e-05,0.00825039868329501
4845.54544818188,-9.173543177933e-05,9.37011624339614e-06,1.27610812247802e-06,0.000376959421925418,1.27610812247802e-06,0.000376959421925418,-6.40296925010051e-05,0.00819358215784771
4879.1500250233,-9.04852371056281e-05,9.41305646918122e-06,1.25900586271606e-06,0.000374358529419534,1.25900586271606e-06,0.000374358529419534,-6.31508070774277e-05,0.00813715680327176
4912.98765459257,-8.92519582084326e-05,9.45351618615207e-06,1.24212712742581e-06,0.000371775644284942,1.24212712742581e-06,0.000371775644284942,-6.22839844632558e-05,0.00808111992842408
4947.05995314498,-8.8035369518424e-05,9.49155661437348e-06,1.22546915157605e-06,0.000369210640600478,1.22546915157605e-06,0.000369210640600478,-6.14290591211004e-05,0.00802546886063496
4981.36854814472,-8.68352483845399e-05,9.52723766995109e-06,1.20902919994991e-06,0.000366663393350111,1.20902919994991e-06,0.000366663393350111,-6.05858677845266e-05,0.0079702009455822
5015.91507834275,-8.56513750386598e-05,9.56061799133667e-06,1.19280456695243e-06,0.000364133778415964,1.19280456695243e-06,0.000364133778415964,-5.97542494269166e-05,0.00791531354716586
5050.70119385496,-8.44835325606528e-05,9.59175496512279e-06,1.176792576415e-06,0.000361621672571405,1.176792576415e-06,0.000361621672571405,-5.89340452307626e-05,0.00786080404738407
5085.72855624109,-8.33315068437795e-05,9.62070475133606e-06,1.16099058139701e-06,0.000359126953474191,1.16099058139701e-06,0.000359126953474191,-5.81250985573764e-05,0.00780666984620948
5120.998838584,-8.21950865604559e-05,9.64752230823834e-06,1.14539596398475e-06,0.00035664949965968,1.14539596398475e-06,0.00035664949965968,-5.7327254917018e-05,0.00775290836146671
5156.51372556965,-8.10740631283646e-05,9.67226141664505e-06,1.13000613508778e-06,0.000354189190534101,1.13000613508777e-06,0.000354189190534101,-5.6540361939429e-05,0.00769951702871043
5192.27491356752,-7.99682306769267e-05,9.69497470376941e-06,1.11481853423304e-06,0.000351745906367879,1.11481853423304e-06,0.000351745906367879,-5.57642693447733e-05,0.00764649330110448
5228.28411071172,-7.88773860141169e-05,9.71571366660159e-06,1.09983062935672e-06,0.000349319528289024,1.09983062935672e-06,0.000349319528289024,-5.49988289149725e-05,0.00759383464930155
5264.54303698245,-7.78013285936337e-05,9.73452869483127e-06,1.08503991659412e-06,0.00034690993827658,1.08503991659412e-06,0.00034690993827658,-5.42438944654376e-05,0.00754153856132391
5301.0534242883,-7.67398604824111e-05,9.75146909332224e-06,1.07044392006762e-06,0.000344517019154119,1.07044392006762e-06,0.000344517019154119,-5.34993218171835e-05,0.00748960254244473
5337.81701654885,-7.569278632848e-05,9.76658310414728e-06,1.05604019167305e-06,0.000342140654583313,1.05604019167305e-06,0.000342140654583313,-5.27649687693297e-05,0.00743802411507039
5374.83556977805,-7.46599133291669e-05,9.77991792819171e-06,1.04182631086435e-06,0.000339780729057537,1.04182631086435e-06,0.000339780729057537,-5.20406950719743e-05,0.00738680081862337
5412.11085216805,-7.36410511996387e-05,9.7915197463335e-06,1.02779988443686e-06,0.000337437127895551,1.02779988443686e-06,0.000337437127895551,-5.13263623994424e-05,0.00733593020942615
5449.64464417369,-7.26360121417801e-05,9.80143374020799e-06,1.01395854630932e-06,0.000335109737235222,1.01395854630932e-06,0.000335109737235222,-5.06218343238977e-05,0.00728540986058566
5487.43873859751,-7.16446108134122e-05,9.80970411256497e-06,1.00029995730471e-06,0.000332798444027307,1.00029995730471e-06,0.000332798444027307,-4.99269762893196e-05,0.00723523736187873
5525.49494067543,-7.06666642978408e-05,9.81637410722589e-06,9.86821804929982e-07,0.000330503136029285,9.86821804929981e-07,0.000330503136029285,-4.92416555858327e-05,0.00718541031963813
5563.81506816292,-6.97019920737399e-05,9.82148602864854e-06,9.73521803154955e-07,0.000328223701799251,9.73521803154955e-07,0.000328223701799251,-4.85657413243913e-05,0.0071359263566395
5602.40095142188,-6.87504159853604e-05,9.82508126110676e-06,9.6039769219032e-07,0.000325960030689852,9.60397692190319e-07,0.000325960030689852,-4.78991044118082e-05,0.0070867831119889
5641.254433508,-6.78117602130704e-05,9.8272002874924e-06,9.47447238265004e-07,0.000323712012842284,9.47447238265004e-07,0.000323712012842284,-4.7241617526128e-05,0.00703797824101134
5680.37737025889,-6.68858512442156e-05,9.82788270774664e-06,9.34668233402915e-07,0.000321479539180335,9.34668233402915e-07,0.000321479539180335,-4.65931550923348e-05,0.00698950941513978
5719.77163038263,-6.5972517844306e-05,9.82716725692772e-06,9.22058495199217e-07,0.000319262501404483,9.22058495199217e-07,0.000319262501404483,-4.59535932583965e-05,0.00694137432180516
5759.43909554709,-6.50715910285181e-05,9.82509182292199e-06,9.09615866596193e-07,0.000317060791986041,9.09615866596192e-07,0.000317060791986041,-4.53228098716333e-05,0.00689357066432689
5799.38166046975,-6.41829040335197e-05,9.82169346380497e-06,8.97338215658855e-07,0.000314874304161357,8.97338215658855e-07,0.000314874304161357,-4.47006844554137e-05,0.00684609616180437
5839.60123300829,-6.33062922896041e-05,9.81700842485913e-06,8.85223435350311e-07,0.000312702931926055,8.8522343535031e-07,0.000312702931926055,-4.40870981861663e-05,0.00679894854900893
5880.09973425162,-6.24415933931423e-05,9.81107215525496e-06,8.73269443307056e-07,0.000310546570029338,8.73269443307057e-07,0.000310546570029338,-4.34819338707103e-05,0.0067521255762768
5920.87909861173,-6.158864707934e-05,9.80391932440165e-06,8.61474181614215e-07,0.000308405113968322,8.61474181614215e-07,0.000308405113968322,-4.28850759238929e-05,0.00670562500940258
5961.94127391598,-6.07472951953079e-05,9.7955838379737e-06,8.4983561658086e-07,0.00030627845998244,8.4983561658086e-07,0.00030627845998244,-4.22964103465365e-05,0.00665944462953354
6003.28822150028,-5.99173816734308e-05,9.78609885361972e-06,8.38351738515437e-07,0.000304166505047869,8.38351738515437e-07,0.000304166505047869,-4.1715824703685e-05,0.00661358223306456
6044.92191630263,-5.90987525050461e-05,9.77549679635946e-06,8.27020561501444e-07,0.000302069146872026,8.27020561501444e-07,0.000302069146872026,-4.11432081031513e-05,0.00656803563153389
6086.84434695757,-5.82912557144162e-05,9.76380937367488e-06,8.15840123173342e-07,0.000299986283888095,8.15840123173342e-07,0.000299986283888095,-4.05784511743555e-05,0.00652280265151947
6129.05751589107,-5.74947413330033e-05,9.75106759030149e-06,8.04808484492864e-07,0.00029791781524961,8.04808484492864e-07,0.00029791781524961,-4.00214460474566e-05,0.00647788113453609
6171.56343941625,-5.67090613740363e-05,9.73730176272528e-06,7.93923729525711e-07,0.000295863640825074,7.93923729525711e-07,0.000295863640825074,-3.94720863327671e-05,0.0064332689369331
6214.36414782964,-5.59340698073725e-05,9.72254153339117e-06,7.83183965218754e-07,0.000293823661192637,7.83183965218755e-07,0.000293823661192637,-3.89302671004517e-05,0.00638896392979299
6257.46168550822,-5.51696225346469e-05,9.70681588462842e-06,7.72587321177764e-07,0.000291797777634799,7.72587321177764e-07,0.000291797777634799,-3.83958848605031e-05,0.00634496399883042
6300.85811100697,-5.44155773647119e-05,9.69015315229858e-06,7.62131949445757e-07,0.000289785892133182,7.62131949445757e-07,0.000289785892133182,-3.78688375429933e-05,0.00630126704429224
6344.55549715731,-5.36717939893591e-05,9.67258103917099e-06,7.51816024281987e-07,0.000287787907363317,7.51816024281986e-07,0.000287787907363317,-3.73490244785944e-05,0.00625787098085782
6388.55593116599,-5.29381339593266e-05,9.65412662803153e-06,7.41637741941676e-07,0.000285803726689502,7.41637741941676e-07,0.000285803726689502,-3.68363463793674e-05,0.00621477373754041
6432.86151471492,-5.22144606605828e-05,9.63481639452943e-06,7.31595320456467e-07,0.000283833254159683,7.31595320456467e-07,0.000283833254159683,-3.63307053198135e-05,0.0061719732575889
6477.47436406142,-5.15006392908914e-05,9.61467621976731e-06,7.21686999415747e-07,0.000281876394500388,7.21686999415746e-07,0.000281876394500388,-3.5832004718186e-05,0.0061294674983904
6522.39661013943,-5.07965368366471e-05,9.59373140263946e-06,7.11911039748768e-07,0.000279933053111697,7.11911039748768e-07,0.000279933053111697,-3.53401493180571e-05,0.00608725443137339
6567.63039866118,-5.01020220499879e-05,9.57200667192318e-06,7.02265723507738e-07,0.000278003136062258,7.02265723507738e-07,0.000278003136062258,-3.48550451701392e-05,0.00604533204191161
6613.17789021977,-4.94169654261733e-05,9.54952619812794e-06,6.92749353651798e-07,0.000276086550084342,6.92749353651799e-07,0.000276086550084342,-3.43765996143529e-05,0.00600369832922848
6659.0412603923,-4.87412391812331e-05,9.52631360510718e-06,6.83360253832043e-07,0.000274183202568938,6.83360253832044e-07,0.000274183202568938,-3.39047212621439e-05,0.00596235130630235
6705.22269984387,-4.80747172298776e-05,9.5023919814371e-06,6.74096768177521e-07,0.00027229300156089,6.74096768177521e-07,0.00027229300156089,-3.34393199790389e-05,0.00592128899977215
6751.7244144321,-4.74172751636737e-05,9.47778389156738e-06,6.64957261082345e-07,0.000270415855754074,6.64957261082346e-07,0.000270415855754074,-3.29803068674439e-05,0.00588050944984393
6798.54862531261,-4.67687902294769e-05,9.45251138674774e-06,6.55940116993862e-07,0.000268551674486613,6.55940116993863e-07,0.000268551674486613,-3.25275942496756e-05,0.00584001071019784
6845.69756904508,-4.61291413081236e-05,9.42659601573522e-06,6.47043740201975e-07,0.000266700367736129,6.47043740201975e-07,0.000266700367736129,-3.20810956512268e-05,0.00579979084789582
6893.17349769999,-4.54982088933767e-05,9.4000588352861e-06,6.3826655462964e-07,0.000264861846115044,6.3826655462964e-07,0.000264861846115044,-3.16407257842619e-05,0.00575984794328998
6940.97867896634,-4.48758750711228e-05,9.37292042043673e-06,6.29607003624515e-07,0.000263036020865903,6.29607003624515e-07,0.000263036020865903,-3.12064005313362e-05,0.00572018008993144
6989.11539625983,-4.42620234988208e-05,9.34520087457758e-06,6.21063549751892e-07,0.000261222803856751,6.21063549751892e-07,0.000261222803856751,-3.07780369293417e-05,0.00568078539447994
7037.58594883204,-4.36565393851958e-05,9.3169198393242e-06,6.12634674588813e-07,0.000259422107576537,6.12634674588813e-07,0.000259422107576537,-3.03555531536695e-05,0.00564166197661399
7086.39265188015,-4.30593094701798e-05,9.28809650418949e-06,6.04318878519519e-07,0.000257633845130561,6.04318878519519e-07,0.000257633845130561,-2.99388685025925e-05,0.00560280796894162
7135.53783665763,-4.24702220050924e-05,9.25874961606069e-06,5.96114680532142e-07,0.000255857930235951,5.96114680532141e-07,0.000255857930235951,-2.952790338186e-05,0.0055642215169118
7185.02385058548,-4.18891667330641e-05,9.22889748848535e-06,5.88020618016765e-07,0.000254094277217188,5.88020618016765e-07,0.000254094277217188,-2.91225792895048e-05,0.00552590077872639
7234.85305736446,-4.13160348696938e-05,9.19855801076973e-06,5.80035246564785e-07,0.000252342801001654,5.80035246564785e-07,0.000252342801001654,-2.87228188008575e-05,0.00548784392525272
7285.02783708791,-4.07507190839447e-05,9.16774865689345e-06,5.72157139769667e-07,0.000250603417115228,5.72157139769668e-07,0.000250603417115228,-2.83285455537677e-05,0.00545004913993679
7335.55058635552,-4.01931134792696e-05,9.13648649424393e-06,5.64384889029044e-07,0.000248876041677905,5.64384889029044e-07,0.000248876041677905,-2.79396842340261e-05,0.00541251461871698
7386.42371838768,-3.96431135749691e-05,9.10478819217421e-06,5.56717103348247e-07,0.000247160591399465,5.56717103348247e-07,0.000247160591399464,-2.75561605609886e-05,0.00537523856993846
7437.64966314091,-3.91006162877753e-05,9.07267003038753e-06,5.49152409145219e-07,0.000245456983575157,5.49152409145218e-07,0.000245456983575157,-2.7177901273395e-05,0.00533821921426806
7489.23086742376,-3.85655199136629e-05,9.04014790715226e-06,5.41689450056876e-07,0.000243765136081444,5.41689450056876e-07,0.000243765136081444,-2.68048341153845e-05,0.00530145478460984
7541.16979501382,-3.80377241098815e-05,9.00723734735025e-06,5.34326886746891e-07,0.000242084967371752,5.34326886746891e-07,0.000242084967371752,-2.64368878227014e-05,0.00526494352602108
7593.46892677528,-3.75171298772105e-05,8.9739535103622e-06,5.27063396714948e-07,0.000240416396472278,5.27063396714948e-07,0.000240416396472278,-2.60739921090907e-05,0.00522868369562905
7646.13076077758,-3.70036395424299e-05,8.94031119779287e-06,5.19897674107442e-07,0.000238759342977818,5.19897674107441e-07,0.000238759342977818,-2.57160776528798e-05,0.00519267356254812
7699.15781241454,-3.64971567410104e-05,8.90632486103984e-06,5.12828429529675e-07,0.00023711372704763,5.12828429529675e-07,0.00023711372704763,-2.53630760837449e-05,0.00515691140779763
7752.55261452471,-3.59975864000135e-05,8.87200860870816e-06,5.05854389859515e-07,0.000235479469401335,5.05854389859515e-07,0.000235479469401335,-2.50149199696577e-05,0.00512139552422016
7806.31771751215,-3.55048347212066e-05,8.8373762138748e-06,4.98974298062572e-07,0.000233856491314843,4.98974298062572e-07,0.000233856491314843,-2.46715428040126e-05,0.00508612421640047
7860.45568946846,-3.50188091643839e-05,8.80244112120504e-06,4.9218691300885e-07,0.000232244714616318,4.9218691300885e-07,0.000232244714616318,-2.43328789929288e-05,0.00505109580058494
7914.96911629522,-3.45394184308973e-05,8.76721645392439e-06,4.85491009290938e-07,0.00023064406168217,4.85491009290937e-07,0.00023064406168217,-2.39988638427283e-05,0.00501630860460156
7969.86060182773,-3.40665724473894e-05,8.73171502064844e-06,4.78885377043675e-07,0.000229054455433081,4.78885377043675e-07,0.000229054455433081,-2.36694335475836e-05,0.00498176096778047
8025.13276795918,-3.36001823497305e-05,8.69594932207378e-06,4.72368821765388e-07,0.000227475819330064,4.72368821765388e-07,0.000227475819330064,-2.3344525177337e-05,0.00494745124087507
8080.78825476607,-3.31401604671547e-05,8.65993155753244e-06,4.659401641406e-07,0.000225908077370548,4.659401641406e-07,0.000225908077370548,-2.30240766654847e-05,0.00491337778598357
8136.82972063413,-3.2686420306595e-05,8.62367363141289e-06,4.59598239864308e-07,0.000224351154084499,4.59598239864309e-07,0.000224351154084499,-2.2708026797328e-05,0.00487953897647125
8193.25984238548,-3.22388765372129e-05,8.58718715944993e-06,4.53341899467771e-07,0.000222804974530566,4.53341899467771e-07,0.000222804974530566,-2.23963151982845e-05,0.00484593319689304
8250.08131540631,-3.17974449751234e-05,8.55048347488632e-06,4.47170008145843e-07,0.000221269464292266,4.47170008145843e-07,0.000221269464292266,-2.20888823223623e-05,0.0048125588429168
8307.29685377578,-3.1362042568309e-05,8.51357363450849e-06,4.4108144558583e-07,0.000219744549474187,4.4108144558583e-07,0.000219744549474187,-2.17856694407897e-05,0.00477941432124701
8364.90919039556,-3.09325873817257e-05,8.47646842455908e-06,4.35075105797905e-07,0.00021823015669823,4.35075105797905e-07,0.00021823015669823,-2.14866186308027e-05,0.00474649804954906
8422.92107712043,-3.05089985825936e-05,8.43917836652846e-06,4.29149896947034e-07,0.000216726213099877,4.29149896947034e-07,0.000216726213099877,-2.11916727645854e-05,0.00471380845637398
8481.33528488963,-3.00911964258752e-05,8.40171372282798e-06,4.23304741186469e-07,0.000215232646324488,4.23304741186469e-07,0.000215232646324488,-2.09007754983624e-05,0.00468134398108378
8540.15460385936,-2.96791022399339e-05,8.36408450234688e-06,4.1753857449275e-07,0.000213749384523627,4.1753857449275e-07,0.000213749384523627,-2.06138712616405e-05,0.00464910307377715
8599.38184353586,-2.9272638412376e-05,8.32630046589575e-06,4.11850346502274e-07,0.000212276356351418,4.11850346502274e-07,0.000212276356351418,-2.03309052465986e-05,0.00461708419521588
8659.01983290984,-2.88717283760695e-05,8.28837113153811e-06,4.06239020349361e-07,0.000210813490960923,4.06239020349361e-07,0.000210813490960923,-2.00518233976218e-05,0.00458528581675152
8719.07142059136,-2.84762965953413e-05,8.25030577981302e-06,4.00703572505898e-07,0.000209360718000559,4.00703572505899e-07,0.000209360718000559,-1.97765724009809e-05,0.00455370642025282
8779.53947494611,-2.80862685523477e-05,8.21211345885041e-06,3.95242992622471e-07,0.000207917967610535,3.9524299262247e-07,0.000207917967610535,-1.9505099674652e-05,0.0045223444980334
8840.42688423224,-2.77015707336195e-05,8.17380298938147e-06,3.89856283371051e-07,0.000206485170419315,3.89856283371051e-07,0.000206485170419315,-1.92373533582763e-05,0.00449119855278016
8901.73655673848,-2.73221306167758e-05,8.1353829696462e-06,3.84542460289194e-07,0.000205062257540114,3.84542460289194e-07,0.000205062257540114,-1.89732823032572e-05,0.00446026709748192
8963.47142092288,-2.69478766574085e-05,8.09686178020019e-06,3.79300551625765e-07,0.000203649160567421,3.79300551625765e-07,0.000203649160567421,-1.87128360629943e-05,0.00442954865535882
9025.63442555289,-2.65787382761323e-05,8.05824758862249e-06,3.74129598188166e-07,0.000202245811573541,3.74129598188166e-07,0.000202245811573541,-1.84559648832498e-05,0.00439904175979195
9088.228539846,-2.62146458458009e-05,8.01954835412678e-06,3.69028653191098e-07,0.000200852143105172,3.69028653191098e-07,0.000200852143105172,-1.82026196926486e-05,0.00436874495425368
9151.25675361174,-2.58555306788844e-05,7.9807718320776e-06,3.63996782106799e-07,0.000199468088180004,3.63996782106798e-07,0.000199468088180004,-1.79527520933074e-05,0.00433865679223825
9214.72207739435,-2.55013250150102e-05,7.94192557841364e-06,3.59033062516812e-07,0.000198093580283348,3.59033062516812e-07,0.000198093580283348,-1.77063143515932e-05,0.00430877583719305
9278.6275426167,-2.5151962008661e-05,7.90301695397986e-06,3.54136583965225e-07,0.000196728553364785,3.54136583965225e-07,0.000196728553364785,-1.74632593890081e-05,0.00427910066245021
9342.97620172496,-2.48073757170314e-05,7.86405312877046e-06,3.49306447813416e-07,0.000195372941834842,3.49306447813416e-07,0.000195372941834842,-1.72235407731996e-05,0.0042496298511587
9407.77112833456,-2.44675010880391e-05,7.82504108608417e-06,3.44541767096266e-07,0.000194026680561701,3.44541767096266e-07,0.000194026680561701,-1.69871127090937e-05,0.00422036199621694
9473.0154173768,-2.41322739484914e-05,7.78598762659397e-06,3.39841666379863e-07,0.000192689704867924,3.39841666379863e-07,0.000192689704867924,-1.67539300301498e-05,0.00419129570020583
9538.71218524687,-2.3801630992401e-05,7.74689937233274e-06,3.35205281620663e-07,0.000191361950527202,3.35205281620663e-07,0.000191361950527202,-1.65239481897359e-05,0.00416242957532221
9604.86456995261,-2.34755097694545e-05,7.70778277059651e-06,3.30631760026117e-07,0.000190043353761141,3.30631760026117e-07,0.000190043353761141,-1.62971232526215e-05,0.00413376224331285
9671.47573126437,-2.31538486736274e-05,7.66864409776728e-06,3.26120259916757e-07,0.00018873385123606,3.26120259916757e-07,0.000188733851236059,-1.60734118865879e-05,0.00410529233540882
9738.54885086602,-2.28365869319461e-05,7.62948946305643e-06,3.21669950589721e-07,0.000187433380059814,3.21669950589721e-07,0.000187433380059814,-1.58527713541529e-05,0.00407701849226036
9806.08713250685,-2.25236645933954e-05,7.59032481217108e-06,3.17280012183722e-07,0.000186141877778654,3.17280012183722e-07,0.000186141877778654,-1.56351595044097e-05,0.00404893936387215
9874.09380215466,-2.22150225179675e-05,7.55115593090421e-06,3.12949635545444e-07,0.000184859282374092,3.12949635545444e-07,0.000184859282374092,-1.54205347649768e-05,0.00402105360953905
9942.57210814976,-2.19106023658538e-05,7.5119884486507e-06,3.08678022097371e-07,0.000183585532259807,3.08678022097371e-07,0.000183585532259807,-1.52088561340598e-05,0.00399335989778229
10011.5253213603,-2.16103465867754e-05,7.47282784185027e-06,3.0446438370701e-07,0.00018232056627856,3.0446438370701e-07,0.00018232056627856,-1.50000831726206e-05,0.00396585690628606
10080.9567353381,-2.13141984094522e-05,7.43367943735923e-06,3.00307942557545e-07,0.000181064323699146,3.00307942557545e-07,0.000181064323699146,-1.47941759966548e-05,0.00393854332183458
10150.8696664767,-2.10221018312073e-05,7.39454841575212e-06,2.96207931019862e-07,0.000179816744213356,2.96207931019862e-07,0.000179816744213356,-1.4591095269575e-05,0.00391141784024952
10221.267454169,-2.07340016077073e-05,7.35543981455494e-06,2.92163591525987e-07,0.000178577767932969,2.92163591525987e-07,0.000178577767932969,-1.43908021946988e-05,0.00388447916632798
10292.1534609671,-2.04498432428344e-05,7.31635853141108e-06,2.88174176443876e-07,0.000177347335386769,2.88174176443876e-07,0.000177347335386769,-1.41932585078387e-05,0.00385772601378073
10363.5310727429,-2.01695729786908e-05,7.27730932718161e-06,2.84238947953605e-07,0.000176125387517579,2.84238947953605e-07,0.000176125387517579,-1.39984264699956e-05,0.00383115710517106
10435.4036988501,-1.98931377857322e-05,7.23829682898097e-06,2.80357177924885e-07,0.000174911865679317,2.80357177924885e-07,0.000174911865679317,-1.38062688601506e-05,0.00380477117185383
10507.7747722864,-1.962048535303e-05,7.19932553314962e-06,2.7652814779596e-07,0.000173706711634079,2.7652814779596e-07,0.000173706711634079,-1.36167489681573e-05,0.00377856695391515
10580.647749858,-1.93515640786596e-05,7.16039980816464e-06,2.72751148453823e-07,0.000172509867549241,2.72751148453823e-07,0.000172509867549241,-1.342983058773e-05,0.00375254320011233
10654.0261123446,-1.90863230602144e-05,7.12152389748991e-06,2.69025480115777e-07,0.000171321275994583,2.69025480115777e-07,0.000171321275994583,-1.32454780095301e-05,0.0037266986678143
10727.9133646656,-1.88247120854431e-05,7.08270192236666e-06,2.65350452212306e-07,0.000170140879939432,2.65350452212306e-07,0.000170140879939432,-1.30636560143449e-05,0.00370103212294241
10802.3130360475,-1.85666816230088e-05,7.04393788454603e-06,2.61725383271271e-07,0.000168968622749832,2.61725383271272e-07,0.000168968622749832,-1.28843298663626e-05,0.00367554233991169
10877.2286801926,-1.83121828133687e-05,7.00523566896442e-06,2.58149600803391e-07,0.000167804448185731,2.58149600803391e-07,0.000167804448185731,-1.27074653065373e-05,0.00365022810157241
10952.6638754485,-1.80611674597736e-05,6.96659904636317e-06,2.54622441189029e-07,0.000166648300398189,2.5462244118903e-07,0.000166648300398189,-1.25330285460466e-05,0.00362508819915217
11028.6222249794,-1.78135880193834e-05,6.92803167585327e-06,2.51143249566252e-07,0.000165500123926608,2.51143249566252e-07,0.000165500123926608,-1.2360986259838e-05,0.00360012143219825
11105.1073569377,-1.75693975945009e-05,6.88953710742675e-06,2.47711379720164e-07,0.000164359863695983,2.47711379720164e-07,0.000164359863695983,-1.21913055802648e-05,0.0035753266085205
11182.1229246378,-1.7328549923918e-05,6.85111878441524e-06,2.44326193973497e-07,0.000163227465014171,2.44326193973497e-07,0.000163227465014171,-1.20239540908077e-05,0.00355070254413446
11259.6726067303,-1.70909993743768e-05,6.81278004589727e-06,2.4098706307846e-07,0.000162102873569186,2.4098706307846e-07,0.000162102873569186,-1.18588998198847e-05,0.00352624806320504
11337.7601073777,-1.6856700932142e-05,6.77452412905506e-06,2.37693366109813e-07,0.000160986035426505,2.37693366109813e-07,0.000160986035426505,-1.16961112347441e-05,0.00350196199799042
11416.3891564316,-1.66256101946839e-05,6.73635417148201e-06,2.3444449035919e-07,0.000159876897026405,2.3444449035919e-07,0.000159876897026405,-1.15355572354423e-05,0.00347784318878647
11495.5635096105,-1.639768336247e-05,6.69827321344161e-06,2.31239831230623e-07,0.000158775405181306,2.31239831230623e-07,0.000158775405181306,-1.13772071489038e-05,0.00345389048387146
11575.2869486794,-1.61728772308652e-05,6.66028420007922e-06,2.28078792137286e-07,0.000157681507073152,2.28078792137285e-07,0.000157681507073152,-1.12210307230629e-05,0.00343010273945123
11655.5632816306,-1.59511491821376e-05,6.62238998358717e-06,2.24960784399429e-07,0.00015659515025079,2.24960784399429e-07,0.00015659515025079,-1.10669981210856e-05,0.0034064788196046
11736.3963428651,-1.573245717757e-05,6.5845933253245e-06,2.21885227143513e-07,0.000155516282627388,2.21885227143513e-07,0.000155516282627388,-1.09150799156712e-05,0.00338301759622936
11817.7899933763,-1.55167597496746e-05,6.54689689789209e-06,2.18851547202499e-07,0.000154444852477857,2.18851547202499e-07,0.000154444852477857,-1.07652470834312e-05,0.00335971794898839
11899.7481209338,-1.53040159945106e-05,6.50930328716421e-06,2.15859179017332e-07,0.000153380808436305,2.15859179017332e-07,0.000153380808436305,-1.06174709993467e-05,0.00333657876525639
11982.2746402699,-1.50941855641024e-05,6.47181499427713e-06,2.12907564539552e-07,0.000152324099493494,2.12907564539552e-07,0.000152324099493494,-1.04717234313002e-05,0.00331359894006675
12065.3734932659,-1.48872286589584e-05,6.43443443757606e-06,2.09996153135076e-07,0.000151274674994337,2.09996153135076e-07,0.000151274674994337,-1.03279765346841e-05,0.00329077737605898
12149.0486491407,-1.46831060206878e-05,6.39716395452085e-06,2.07124401489094e-07,0.000150232484635389,2.07124401489094e-07,0.000150232484635389,-1.01862028470818e-05,0.00326811298342633
12233.3041046402,-1.44817789247155e-05,6.36000580355167e-06,2.04291773512105e-07,0.000149197478462377,2.04291773512105e-07,0.000149197478462377,-1.00463752830225e-05,0.00324560467986392
12318.1438842285,-1.42832091730918e-05,6.32296216591512e-06,2.01497740247056e-07,0.000148169606867738,2.01497740247056e-07,0.000148169606867738,-9.90846712880805e-06,0.00322325139051712
12403.5720402798,-1.40873590873989e-05,6.28603514745199e-06,1.9874177977759e-07,0.000147148820588174,1.98741779777591e-07,0.000147148820588174,-9.77245203741025e-06,0.00320105204793032
12489.5926532723,-1.38941915017495e-05,6.24922678034701e-06,1.96023377137384e-07,0.000146135070702232,1.96023377137384e-07,0.000146135070702232,-9.63830402343856e-06,0.00317900559199604
12576.2098319827,-1.37036697558791e-05,6.21253902484175e-06,1.9334202422057e-07,0.000145128308627895,1.9334202422057e-07,0.000145128308627895,-9.50599745817699e-06,0.00315711096990446
12663.427713683,-1.35157576883288e-05,6.17597377091117e-06,1.90697219693227e-07,0.000144128486120197,1.90697219693227e-07,0.000144128486120197,-9.37550706468854e-06,0.00313536713609313
12751.2504643373,-1.33304196297188e-05,6.13953283990474e-06,1.88088468905938e-07,0.000143135555268844,1.88088468905938e-07,0.000143135555268844,-9.24680791298751e-06,0.00311377305219724
12839.6822788018,-1.3147620396111e-05,6.10321798615267e-06,1.85515283807389e-07,0.00014214946849587,1.85515283807389e-07,0.00014214946849587,-9.11987541527735e-06,0.00309232768700004
12928.7273810244,-1.29673252824595e-05,6.0670308985382e-06,1.82977182859023e-07,0.000141170178553294,1.82977182859022e-07,0.000141170178553294,-8.99468532125456e-06,0.00307103001638372
13018.3900242466,-1.27895000561473e-05,6.03097320203634e-06,1.80473690950703e-07,0.0001401976385208,1.80473690950703e-07,0.0001401976385208,-8.87121371347635e-06,0.00304987902328058
13108.6744912069,-1.26141109506099e-05,5.99504645922013e-06,1.78004339317421e-07,0.000139231801803439,1.78004339317421e-07,0.000139231801803439,-8.74943700279253e-06,0.00302887369762455
13199.5850943454,-1.24411246590421e-05,5.95925217173466e-06,1.75568665456993e-07,0.000138272622129339,1.75568665456992e-07,0.000138272622129339,-8.62933192383941e-06,0.003008013036303
13291.1261760091,-1.22705083281898e-05,5.92359178173995e-06,1.73166213048765e-07,0.000137320053547438,1.73166213048765e-07,0.000137320053547438,-8.51087553059621e-06,0.00298729604310899
13383.3021086605,-1.21022295522228e-05,5.88806667332289e-06,1.70796531873309e-07,0.000136374050425229,1.70796531873309e-07,0.000136374050425229,-8.39404519200181e-06,0.00296672172869367
13476.1172950852,-1.19362563666902e-05,5.85267817387927e-06,1.68459177733092e-07,0.000135434567446526,1.68459177733092e-07,0.000135434567446526,-8.27881858763214e-06,0.00294628911051919
13569.576168603,-1.17725572425556e-05,5.81742755546627e-06,1.6615371237412e-07,0.000134501559609244,1.6615371237412e-07,0.000134501559609244,-8.16517370343673e-06,0.00292599721281185
13663.6831932795,-1.16111010803113e-05,5.782316036126e-06,1.63879703408533e-07,0.000133574982223194,1.63879703408533e-07,0.000133574982223194,-8.05308882753352e-06,0.0029058450665155
13758.4428641392,-1.14518572041716e-05,5.74734478118098e-06,1.61636724238161e-07,0.000132654790907893,1.61636724238161e-07,0.000132654790907893,-7.94254254606186e-06,0.00288583170924544
13853.8597073802,-1.12947953563427e-05,5.7125149045017e-06,1.59424353979003e-07,0.000131740941590398,1.59424353979003e-07,0.000131740941590398,-7.83351373909191e-06,0.00286595618524244
13949.9382805904,-1.11398856913696e-05,5.67782746974723e-06,1.5724217738665e-07,0.000130833390503143,1.5724217738665e-07,0.000130833390503143,-7.72598157659064e-06,0.00284621754532721
14046.6831729655,-1.09870987705574e-05,5.64328349157914e-06,1.55089784782617e-07,0.000129932094181802,1.55089784782617e-07,0.000129932094181802,-7.6199255144427e-06,0.00282661484685514
14144.0990055278,-1.08364055564676e-05,5.60888393684955e-06,1.52966771981592e-07,0.000129037009463164,1.52966771981592e-07,0.000129037009463164,-7.51532529052648e-06,0.00280714715367131
14242.190431347,-1.06877774074878e-05,5.57462972576354e-06,1.50872740219574e-07,0.000128148093483022,1.50872740219574e-07,0.000128148093483022,-7.41216092084334e-06,0.00278781353606589
14340.9621357626,-1.05411860724736e-05,5.54052173301674e-06,1.48807296082915e-07,0.000127265303674079,1.48807296082915e-07,0.000127265303674079,-7.31041269570066e-06,0.00276861307072981
14440.4188366077,-1.03966036854619e-05,5.50656078890838e-06,1.46770051438229e-07,0.000126388597763867,1.46770051438229e-07,0.000126388597763867,-7.21006117594662e-06,0.00274954484071065
14540.5652844341,-1.0254002760455e-05,5.47274768043053e-06,1.44760623363182e-07,0.000125517933772686,1.44760623363182e-07,0.000125517933772686,-7.11108718925723e-06,0.00273060793536903
14641.4062627396,-1.01133561862744e-05,5.43908315233372e-06,1.42778634078137e-07,0.000124653270011553,1.42778634078137e-07,0.000124653270011553,-7.01347182647378e-06,0.00271180145033505
14742.946588196,-9.97463722148345e-06,5.40556790816979e-06,1.40823710878655e-07,0.000123794565080165,1.40823710878655e-07,0.000123794565080165,-6.91719643799105e-06,0.00269312448746528
14845.1911108798,-9.83781948937693e-06,5.37220261131213e-06,1.38895486068832e-07,0.000122941777864883,1.38895486068832e-07,0.000122941777864883,-6.82224263019465e-06,0.00267457615479981
14948.1447145032,-9.7028769730392e-06,5.33898788595397e-06,1.36993596895481e-07,0.000122094867536724,1.36993596895481e-07,0.000122094867536724,-6.72859226194764e-06,0.00265615556651983
15051.8123166476,-9.56978401046699e-06,5.30592431808503e-06,1.35117685483124e-07,0.00012125379354937,1.35117685483124e-07,0.00012125379354937,-6.63622744112495e-06,0.00263786184290526
15156.1988689989,-9.43851528975845e-06,5.27301245644719e-06,1.33267398769812e-07,0.000120418515637193,1.33267398769812e-07,0.000120418515637193,-6.54513052119582e-06,0.00261969411029286
15261.3093575835,-9.30904584436588e-06,5.24025281346927e-06,1.31442388443738e-07,0.000119588993813291,1.31442388443738e-07,0.000119588993813291,-6.45528409785272e-06,0.00260165150103457
15367.1488030065,-9.18135104841265e-06,5.20764586618184e-06,1.29642310880662e-07,0.00011876518836754,1.29642310880662e-07,0.00011876518836754,-6.36667100568686e-06,0.00258373315345606
15473.7222606918,-9.05540661207222e-06,5.17519205711187e-06,1.27866827082106e-07,0.00011794705986466,1.27866827082106e-07,0.00011794705986466,-6.27927431490906e-06,0.00256593821181568
15581.0348211234,-8.93118857700974e-06,5.14289179515828e-06,1.26115602614347e-07,0.000117134569142296,1.26115602614347e-07,0.000117134569142296,-6.19307732811586e-06,0.00254826582626365
15689.0916100885,-8.80867331188403e-06,5.11074545644818e-06,1.24388307548159e-07,0.000116327677309108,1.24388307548159e-07,0.000116327677309108,-6.10806357709979e-06,0.00253071515280145
15797.8977889225,-8.68783750791064e-06,5.07875338517472e-06,1.22684616399341e-07,0.00011552634574288,1.22684616399341e-07,0.00011552634574288,-6.02421681970364e-06,0.00251328535324167
15907.4585547554,-8.56865817448364e-06,5.04691589441656e-06,1.21004208069973e-07,0.000114730536088642,1.21004208069973e-07,0.000114730536088642,-5.94152103671766e-06,0.00249597559516791
16017.7791407599,-8.4511126348569e-06,5.01523326693952e-06,1.19346765790434e-07,0.000113940210256801,1.19346765790434e-07,0.000113940210256801,-5.85996042881958e-06,0.00247878505189516
16128.8648164017,-8.33517852188264e-06,4.98370575598074e-06,1.17711977062149e-07,0.000113155330421291,1.17711977062149e-07,0.000113155330421291,-5.77951941355639e-06,0.00246171290243029
16240.720887691,-8.22083377380781e-06,4.95233358601574e-06,1.16099533601062e-07,0.000112375859017733,1.16099533601062e-07,0.000112375859017733,-5.70018262236783e-06,0.00244475833143297
16353.352697436,-8.10805663012636e-06,4.92111695350864e-06,1.14509131281827e-07,0.000111601758741606,1.14509131281827e-07,0.000111601758741606,-5.62193489765035e-06,0.00242792052917668
16466.765625498,-7.9968256274878e-06,4.89005602764605e-06,1.12940470082718e-07,0.000110832992546441,1.12940470082718e-07,0.000110832992546441,-5.5447612898618e-06,0.00241119869151015
16580.9650890484,-7.88711959566015e-06,4.85915095105478e-06,1.11393254031228e-07,0.000110069523642014,1.11393254031228e-07,0.000110069523642014,-5.46864705466543e-06,0.00239459201981896
16695.9565428276,-7.77891765354771e-06,4.8284018405039e-06,1.09867191150375e-07,0.00010931131549256,1.09867191150375e-07,0.00010931131549256,-5.39357765011348e-06,0.00237809972098747
16811.7454794054,-7.67219920526187e-06,4.79780878759129e-06,1.08361993405681e-07,0.000108558331815002,1.08361993405681e-07,0.000108558331815002,-5.31953873386904e-06,0.00236172100736093
16928.3374294433,-7.56694393624527e-06,4.76737185941519e-06,1.06877376652843e-07,0.000107810536577186,1.06877376652843e-07,0.000107810536577186,-5.24651616046643e-06,0.00234545509670795
17045.737961959,-7.46313180944758e-06,4.73709109923086e-06,1.0541306058606e-07,0.000107067893996133,1.0541306058606e-07,0.000107067893996133,-5.17449597860877e-06,0.00232930121218315
17163.9526845917,-7.36074306155326e-06,4.70696652709286e-06,1.03968768687034e-07,0.000106330368536302,1.03968768687034e-07,0.000106330368536302,-5.10346442850307e-06,0.00231325858229013
17282.9872438709,-7.25975819925961e-06,4.6769981404831e-06,1.02544228174617e-07,0.000105597924907865,1.02544228174617e-07,0.000105597924907865,-5.03340793923145e-06,0.0022973264408446
17402.8473254854,-7.16015799560541e-06,4.64718591492504e-06,1.01139169955108e-07,0.000104870528064996,1.01139169955108e-07,0.000104870528064996,-4.96431312615888e-06,0.00228150402693788
17523.5386545551,-7.06192348634854e-06,4.61752980458425e-06,9.97533285731895e-08,0.000104148143204172,9.97533285731894e-08,0.000104148143204172,-4.89616678837606e-06,0.00226579058490056
17645.0669959044,-6.96503596639284e-06,4.5880297428558e-06,9.83864421634927e-08,0.000103430735762481,9.83864421634927e-08,0.000103430735762481,-4.82895590617783e-06,0.00225018536426649
17767.4381543379,-6.86947698626273e-06,4.55868564293843e-06,9.70382524027885e-08,0.000102718271415951,9.70382524027885e-08,0.000102718271415951,-4.76266763857578e-06,0.00223468761973689
17890.6579749169,-6.77522834862569e-06,4.52949739839613e-06,9.57085044627946e-08,0.000102010716077884,9.57085044627946e-08,0.000102010716077884,-4.69728932084535e-06,0.00221929661114486
18014.7323432395,-6.68227210486131e-06,4.50046488370713e-06,9.43969469635896e-08,0.000101308035897203,9.43969469635896e-08,0.000101308035897203,-4.63280846210629e-06,0.00220401160342003
18139.667185721,-6.59059055167695e-06,4.47158795480078e-06,9.31033319276333e-08,0.000100610197256815,9.31033319276332e-08,0.000100610197256815,-4.56921274293663e-06,0.0021888318665535
18265.4684698776,-6.50016622776866e-06,4.44286644958226e-06,9.18274147343743e-08,9.99171667719791e-05,9.18274147343744e-08,9.99171667719791e-05,-4.50649001301908e-06,0.00217375667556299
18392.1422046107,-6.41098191052756e-06,4.41430018844584e-06,9.05689540754532e-08,9.92289112886902e-05,9.05689540754533e-08,9.92289112886902e-05,-4.44462828882001e-06,0.00215878531045825
18519.6944404947,-6.3230206127903e-06,4.3858889747764e-06,8.93277119104776e-08,9.85453978820741e-05,8.93277119104776e-08,9.85453978820741e-05,-4.3836157513001e-06,0.00214391705620669
18648.1312700654,-6.2362655796337e-06,4.35763259543991e-06,8.81034534233774e-08,9.78665938547936e-05,8.81034534233774e-08,9.78665938547936e-05,-4.32344074365655e-06,0.00212915120269931
18777.4588281112,-6.15070028521242e-06,4.32953082126281e-06,8.68959469793214e-08,9.71924667354645e-05,8.68959469793213e-08,9.71924667354645e-05,-4.26409176909612e-06,0.00211448704471673
18907.6832919665,-6.06630842963947e-06,4.30158340750066e-06,8.57049640821953e-08,9.65229842770843e-05,8.57049640821953e-08,9.65229842770843e-05,-4.20555748863886e-06,0.00209992388189562
19038.810881806,-5.98307393590892e-06,4.27379009429627e-06,8.45302793326332e-08,9.58581144554726e-05,8.45302793326332e-08,9.58581144554726e-05,-4.14782671895201e-06,0.00208546101869521
19170.8478609426,-5.90098094685995e-06,4.24615060712744e-06,8.33716703865908e-08,9.51978254677203e-05,8.33716703865908e-08,9.51978254677203e-05,-4.09088843021342e-06,0.00207109776436414
19303.8005361258,-5.82001382218223e-06,4.21866465724468e-06,8.22289179144639e-08,9.4542085730652e-05,8.22289179144638e-08,9.4542085730652e-05,-4.03473174400461e-06,0.00205683343290749
19437.6752578439,-5.7401571354615e-06,4.19133194209895e-06,8.11018055607325e-08,9.38908638792978e-05,8.11018055607325e-08,9.38908638792978e-05,-3.97934593123241e-06,0.00204266734305401
19572.4784206263,-5.66139567126535e-06,4.16415214575985e-06,7.99901199041374e-08,9.32441287653774e-05,7.99901199041374e-08,9.32441287653774e-05,-3.92472041007945e-06,0.00202859881822366
19708.2164633496,-5.58371442226816e-06,4.13712493932415e-06,7.88936504183707e-08,9.26018494557927e-05,7.88936504183707e-08,9.26018494557927e-05,-3.87084474398247e-06,0.00201462718649527
19844.8958695448,-5.50709858641518e-06,4.11024998131526e-06,7.78121894332842e-08,9.19639952311339e-05,7.78121894332843e-08,9.19639952311339e-05,-3.81770863963869e-06,0.00200075178057449
19982.5231677076,-5.43153356412471e-06,4.08352691807336e-06,7.67455320965999e-08,9.13305355841933e-05,7.67455320965999e-08,9.13305355841933e-05,-3.76530194503921e-06,0.00198697193776197
20121.1049316092,-5.35700495552842e-06,4.05695538413693e-06,7.56934763361263e-08,9.07014402184923e-05,7.56934763361263e-08,9.07014402184923e-05,-3.71361464752974e-06,0.00197328699992168
20260.6477806113,-5.28349855774873e-06,4.03053500261529e-06,7.46558228224633e-08,9.00766790468159e-05,7.46558228224634e-08,9.00766790468159e-05,-3.66263687189765e-06,0.00195969631344954
20401.1583799816,-5.21100036221337e-06,4.00426538555285e-06,7.36323749322014e-08,8.94562221897609e-05,7.36323749322014e-08,8.94562221897609e-05,-3.61235887848551e-06,0.00194619922924223
20542.6434412127,-5.13949655200592e-06,3.97814613428487e-06,7.26229387115968e-08,8.88400399742908e-05,7.26229387115968e-08,8.88400399742908e-05,-3.56277106133033e-06,0.00193279510266616
20685.1097223421,-5.06897349925261e-06,3.95217683978512e-06,7.16273228407283e-08,8.82281029323044e-05,7.16273228407284e-08,8.82281029323044e-05,-3.5138639463285e-06,0.00191948329352675
20828.5640282755,-4.99941776254421e-06,3.92635708300556e-06,7.06453385981203e-08,8.76203817992111e-05,7.06453385981202e-08,8.76203817992111e-05,-3.4656281894258e-06,0.00190626316603787
20973.0132111114,-4.93081608439307e-06,3.90068643520815e-06,6.96767998258332e-08,8.70168475125195e-05,6.96767998258332e-08,8.70168475125195e-05,-3.41805457483234e-06,0.00189313408879147
21118.464170469,-4.86315538872442e-06,3.87516445828905e-06,6.87215228950094e-08,8.64174712104328e-05,6.87215228950094e-08,8.64174712104328e-05,-3.37113401326189e-06,0.00188009543472746
21264.923853817,-4.79642277840188e-06,3.8497907050953e-06,6.77793266718758e-08,8.58222242304572e-05,6.77793266718758e-08,8.58222242304572e-05,-3.32485754019556e-06,0.00186714658110377
21412.3992568061,-4.73060553278627e-06,3.82456471973414e-06,6.6850032484189e-08,8.52310781080172e-05,6.68500324841891e-08,8.52310781080172e-05,-3.27921631416903e-06,0.00185428690946665
21560.8974236026,-4.66569110532779e-06,3.79948603787525e-06,6.59334640881278e-08,8.46440045750835e-05,6.59334640881278e-08,8.46440045750835e-05,-3.23420161508365e-06,0.00184151580562112
21710.4254472254,-4.60166712119052e-06,3.77455418704581e-06,6.50294476356143e-08,8.40609755588073e-05,6.50294476356144e-08,8.40609755588073e-05,-3.18980484254035e-06,0.00182883265960167
21860.9904698845,-4.53852137490953e-06,3.74976868691884e-06,6.4137811642074e-08,8.34819631801679e-05,6.41378116420741e-08,8.34819631801679e-05,-3.14601751419672e-06,0.00181623686564314
22012.599683322,-4.47624182807934e-06,3.72512904959467e-06,6.32583869546133e-08,8.29069397526264e-05,6.32583869546133e-08,8.29069397526264e-05,-3.10283126414644e-06,0.00180372782215181
22165.260329156,-4.41481660707416e-06,3.70063477987592e-06,6.23910067206227e-08,8.23358777807915e-05,6.23910067206227e-08,8.23358777807915e-05,-3.06023784132106e-06,0.00179130493167668
22318.9796992262,-4.35423400079865e-06,3.67628537553599e-06,6.15355063567898e-08,8.17687499590926e-05,6.15355063567899e-08,8.17687499590926e-05,-3.01822910791366e-06,0.00177896760088095
22473.7651359423,-4.29448245846962e-06,3.65208032758124e-06,6.06917235185262e-08,8.12055291704644e-05,6.06917235185262e-08,8.12055291704644e-05,-2.97679703782422e-06,0.00176671524051371
22629.6240326348,-4.23555058742742e-06,3.62801912050697e-06,5.98594980697929e-08,8.06461884850382e-05,5.98594980697929e-08,8.06461884850382e-05,-2.9359337151262e-06,0.00175454726538178
22786.5638339077,-4.17742715097745e-06,3.60410123254746e-06,5.90386720533309e-08,8.00907011588452e-05,5.90386720533309e-08,8.00907011588452e-05,-2.89563133255433e-06,0.00174246309432183
22944.592035995,-4.1201010662606e-06,3.5803261359199e-06,5.82290896612799e-08,7.95390406325259e-05,5.82290896612798e-08,7.95390406325259e-05,-2.85588219001298e-06,0.00173046215017258
23103.7161871177,-4.06356140215291e-06,3.55669329706277e-06,5.74305972061899e-08,7.89911805300521e-05,5.74305972061899e-08,7.89911805300521e-05,-2.8166786931052e-06,0.0017185438597473
23263.9438878451,-4.00779737719354e-06,3.5332021768683e-06,5.66430430924142e-08,7.84470946574537e-05,5.66430430924142e-08,7.84470946574537e-05,-2.77801335168173e-06,0.00170670765380639
23425.2827914574,-3.95279835754106e-06,3.50985223090965e-06,5.58662777878838e-08,7.79067570015587e-05,5.58662777878838e-08,7.79067570015587e-05,-2.73987877841015e-06,0.00169495296703027
23587.7406043117,-3.89855385495729e-06,3.48664290966241e-06,5.51001537962529e-08,7.73701417287383e-05,5.51001537962528e-08,7.73701417287383e-05,-2.70226768736347e-06,0.00168327923799236
23751.3250862094,-3.84505352481881e-06,3.46357365872099e-06,5.43445256294173e-08,7.6837223183664e-05,5.43445256294173e-08,7.6837223183664e-05,-2.66517289262825e-06,0.00167168590913227
23916.0440507678,-3.79228716415521e-06,3.44064391900967e-06,5.35992497803944e-08,7.63079758880707e-05,5.35992497803944e-08,7.63079758880707e-05,-2.62858730693171e-06,0.00166017242672921
24081.9053657923,-3.74024470971422e-06,3.41785312698868e-06,5.28641846965658e-08,7.57823745395305e-05,5.28641846965658e-08,7.57823745395305e-05,-2.59250394028777e-06,0.00164873824087552
24248.9169536531,-3.68891623605299e-06,3.39520071485522e-06,5.21391907532727e-08,7.52603940102337e-05,5.21391907532727e-08,7.52603940102337e-05,-2.55691589866159e-06,0.00163738280545048
24417.0867916629,-3.63829195365546e-06,3.37268611073965e-06,5.14241302277657e-08,7.474200934578e-05,5.14241302277656e-08,7.474200934578e-05,-2.52181638265255e-06,0.00162610557809416
24586.4229124585,-3.58836220707515e-06,3.35030873889691e-06,5.07188672734962e-08,7.42271957639754e-05,5.07188672734962e-08,7.42271957639754e-05,-2.48719868619516e-06,0.0016149060201816
24756.933404384,-3.5391174731034e-06,3.32806801989327e-06,5.00232678947553e-08,7.37159286536411e-05,5.00232678947553e-08,7.37159286536411e-05,-2.45305619527798e-06,0.00160378359679704
24928.6264118777,-3.49054835896235e-06,3.30596337078854e-06,4.93371999216448e-08,7.32081835734274e-05,4.93371999216448e-08,7.32081835734274e-05,-2.41938238667992e-06,0.00159273777670842
25101.5101358603,-3.44264560052263e-06,3.28399420531379e-06,4.86605329853857e-08,7.27039362506388e-05,4.86605329853857e-08,7.27039362506388e-05,-2.38617082672411e-06,0.00158176803234201
25275.5928341276,-3.39540006054519e-06,3.2621599340447e-06,4.79931384939526e-08,7.22031625800643e-05,4.79931384939526e-08,7.22031625800643e-05,-2.35341517004867e-06,0.00157087383975721
25450.882821744,-3.34880272694718e-06,3.24045996457072e-06,4.73348896080354e-08,7.17058386228191e-05,4.73348896080353e-08,7.17058386228191e-05,-2.32110915839448e-06,0.00156005467862156
25627.3884714405,-3.30284471109121e-06,3.21889370165987e-06,4.6685661217318e-08,7.12119406051917e-05,4.6685661217318e-08,7.12119406051917e-05,-2.28924661940954e-06,0.00154931003218587
25805.1182140139,-3.25751724609822e-06,3.19746054741968e-06,4.60453299170776e-08,7.07214449175009e-05,4.60453299170776e-08,7.07214449175009e-05,-2.25782146546974e-06,0.00153863938725958
25984.08053873,-3.21281168518292e-06,3.17615990145395e-06,4.5413773985092e-08,7.02343281129596e-05,4.5413773985092e-08,7.02343281129596e-05,-2.22682769251587e-06,0.00152804223418623
26164.2839937291,-3.16871950001221e-06,3.15499116101563e-06,4.47908733588582e-08,6.97505669065473e-05,4.47908733588582e-08,6.97505669065473e-05,-2.19625937890647e-06,0.00151751806681916
26345.7371864336,-3.12523227908584e-06,3.13395372115598e-06,4.41765096131144e-08,6.92701381738904e-05,4.41765096131144e-08,6.92701381738904e-05,-2.16611068428662e-06,0.00150706638249731
26528.4487839603,-3.082341726139e-06,3.11304697486985e-06,4.35705659376602e-08,6.87930189501495e-05,4.35705659376602e-08,6.87930189501495e-05,-2.13637584847203e-06,0.00149668668202124
26712.4275135331,-3.04003965856686e-06,3.09227031323733e-06,4.29729271154773e-08,6.8319186428916e-05,4.29729271154773e-08,6.8319186428916e-05,-2.10704919034862e-06,0.00148637846962933
26897.6821629011,-2.99831800587041e-06,3.07162312556188e-06,4.23834795011379e-08,6.78486179611148e-05,4.23834795011379e-08,6.78486179611148e-05,-2.07812510678715e-06,0.00147614125297402
27084.2215807571,-2.95716880812358e-06,3.05110479950485e-06,4.18021109995064e-08,6.7381291053916e-05,4.18021109995063e-08,6.7381291053916e-05,-2.04959807157272e-06,0.00146597454309842
27272.0546771616,-2.91658421446111e-06,3.03071472121665e-06,4.12287110447217e-08,6.6917183369653e-05,4.12287110447217e-08,6.6917183369653e-05,-2.02146263434897e-06,0.00145587785441286
27461.1904239671,-2.87655648158717e-06,3.01045227546457e-06,4.06631705794652e-08,6.64562727247494e-05,4.06631705794653e-08,6.64562727247494e-05,-1.99371341957687e-06,0.00144585070467177
27651.6378552475,-2.83707797230418e-06,2.99031684575719e-06,4.01053820345021e-08,6.59985370886523e-05,4.01053820345021e-08,6.59985370886522e-05,-1.9663451255076e-06,0.00143589261495063
27843.4060677294,-2.79814115406175e-06,2.97030781446578e-06,3.95552393085e-08,6.55439545827737e-05,3.95552393085e-08,6.55439545827737e-05,-1.93935252316976e-06,0.00142600310962313
28036.5042212264,-2.7597385975253e-06,2.95042456294233e-06,3.90126377481158e-08,6.50925034794391e-05,3.90126377481158e-08,6.50925034794391e-05,-1.91273045537028e-06,0.00141618171633842
28230.9415390768,-2.72186297516433e-06,2.93066647163477e-06,3.84774741283507e-08,6.46441622008436e-05,3.84774741283507e-08,6.46441622008436e-05,-1.88647383570924e-06,0.00140642796599859
28426.7273085842,-2.68450705985979e-06,2.91103292019891e-06,3.79496466331675e-08,6.41989093180147e-05,3.79496466331675e-08,6.41989093180147e-05,-1.86057764760797e-06,0.00139674139273626
28623.8708814609,-2.64766372353055e-06,2.89152328760765e-06,3.74290548363695e-08,6.37567235497833e-05,3.74290548363695e-08,6.37567235497833e-05,-1.83503694335077e-06,0.00138712153389234
28822.3816742749,-2.61132593577843e-06,2.87213695225722e-06,3.69155996827335e-08,6.33175837617608e-05,3.69155996827335e-08,6.33175837617608e-05,-1.80984684313952e-06,0.00137756792999393
29022.2691688993,-2.57548676255197e-06,2.85287329207064e-06,3.64091834693983e-08,6.28814689653244e-05,3.64091834693983e-08,6.28814689653244e-05,-1.7850025341615e-06,0.0013680801247324
29223.5429129655,-2.5401393648281e-06,2.83373168459835e-06,3.59097098275016e-08,6.24483583166085e-05,3.59097098275016e-08,6.24483583166085e-05,-1.76049926966979e-06,0.0013586576649416
29426.2125203191,-2.50527699731207e-06,2.81471150711636e-06,3.54170837040645e-08,6.2018231115504e-05,3.54170837040645e-08,6.2018231115504e-05,-1.73633236807645e-06,0.00134930010057621
29630.2876714792,-2.4708930071549e-06,2.79581213672146e-06,3.49312113441177e-08,6.15910668046638e-05,3.49312113441177e-08,6.15910668046638e-05,-1.71249721205811e-06,0.00134000698469024
29835.7781141006,-2.43698083268848e-06,2.77703295042418e-06,3.44520002730703e-08,6.1166844968516e-05,3.44520002730703e-08,6.1166844968516e-05,-1.68898924767378e-06,0.00133077787341573
30042.6936634399,-2.40353400217778e-06,2.75837332523897e-06,3.3979359279313e-08,6.07455453322829e-05,3.3979359279313e-08,6.07455453322829e-05,-1.66580398349483e-06,0.00132161232594153
30251.0442028234,-2.37054613259022e-06,2.73983263827211e-06,3.35131983970576e-08,6.03271477610085e-05,3.35131983970577e-08,6.03271477610084e-05,-1.64293698974689e-06,0.00131250990449225
30460.8396841202,-2.33801092838171e-06,2.7214102668071e-06,3.30534288894047e-08,5.99116322585906e-05,3.30534288894048e-08,5.99116322585906e-05,-1.62038389746351e-06,0.00130347017430735
30672.0901282168,-2.30592218029935e-06,2.70310558838776e-06,3.2599963231642e-08,5.94989789668222e-05,3.2599963231642e-08,5.94989789668222e-05,-1.59814039765153e-06,0.00129449270362043
30884.8056254963,-2.27427376420035e-06,2.68491798089899e-06,3.21527150947648e-08,5.90891681644367e-05,3.21527150947648e-08,5.90891681644367e-05,-1.57620224046772e-06,0.00128557706363854
31098.9963363199,-2.24305963988724e-06,2.66684682264535e-06,3.17115993292201e-08,5.86821802661627e-05,3.17115993292201e-08,5.86821802661627e-05,-1.55456523440695e-06,0.00127672282852177
31314.6724915125,-2.21227384995876e-06,2.6488914924273e-06,3.12765319488684e-08,5.82779958217827e-05,3.12765319488684e-08,5.82779958217827e-05,-1.53322524550129e-06,0.00126792957536287
31531.8443928511,-2.18191051867666e-06,2.63105136961552e-06,3.08474301151626e-08,5.78765955152005e-05,3.08474301151626e-08,5.78765955152005e-05,-1.51217819653029e-06,0.00125919688416708
31750.5224135575,-2.15196385084774e-06,2.61332583422288e-06,3.04242121215388e-08,5.74779601635135e-05,3.04242121215388e-08,5.74779601635135e-05,-1.49142006624196e-06,0.00125052433783209
31970.7169987928,-2.12242813072136e-06,2.59571426697453e-06,3.00067973780185e-08,5.70820707160929e-05,3.00067973780185e-08,5.70820707160929e-05,-1.47094688858451e-06,0.00124191152212808
32192.4386661572,-2.09329772090183e-06,2.57821604937592e-06,2.95951063960174e-08,5.66889082536685e-05,2.95951063960174e-08,5.66889082536685e-05,-1.45075475194861e-06,0.00123335802567798
32415.6980061919,-2.06456706127578e-06,2.56083056377886e-06,2.918906077336e-08,5.62984539874222e-05,2.918906077336e-08,5.62984539874222e-05,-1.43083979842011e-06,0.00122486343993781
32640.5056828852,-2.03623066795408e-06,2.54355719344565e-06,2.87885831794953e-08,5.5910689258085e-05,2.87885831794953e-08,5.5910689258085e-05,-1.41119822304289e-06,0.00121642735917718
32866.8724341813,-2.00828313222827e-06,2.52639532261138e-06,2.8393597340913e-08,5.55255955350434e-05,2.8393597340913e-08,5.55255955350434e-05,-1.39182627309201e-06,0.00120804938045989
33094.8090724944,-1.98071911954116e-06,2.50934433654432e-06,2.80040280267548e-08,5.51431544154489e-05,2.80040280267548e-08,5.51431544154489e-05,-1.37272024735661e-06,0.00119972910362473
33324.3264852235,-1.95353336847162e-06,2.49240362160462e-06,2.76198010346221e-08,5.47633476233365e-05,2.7619801034622e-08,5.47633476233365e-05,-1.35387649543293e-06,0.00119146613126635
33555.4356352742,-1.92672068973311e-06,2.47557256530116e-06,2.72408431765729e-08,5.43861570087468e-05,2.72408431765729e-08,5.43861570087468e-05,-1.33529141702674e-06,0.00118326006871628
33788.1475615808,-1.90027596518595e-06,2.45885055634676e-06,2.68670822653102e-08,5.40115645468568e-05,2.68670822653102e-08,5.40115645468568e-05,-1.3169614612656e-06,0.00117511052402409
34022.4733796346,-1.87419414686304e-06,2.44223698471167e-06,2.64984471005545e-08,5.36395523371139e-05,2.64984471005545e-08,5.36395523371139e-05,-1.29888312602037e-06,0.00116701710793867
34258.4242820144,-1.84847025600896e-06,2.42573124167546e-06,2.61348674556024e-08,5.32701026023787e-05,2.61348674556024e-08,5.32701026023787e-05,-1.28105295723617e-06,0.00115897943388966
34496.0115389212,-1.82309938213212e-06,2.40933271987727e-06,2.57762740640652e-08,5.29031976880714e-05,2.57762740640652e-08,5.29031976880714e-05,-1.26346754827242e-06,0.00115099711796895
34735.2464987164,-1.79807668206992e-06,2.39304081336458e-06,2.54225986067883e-08,5.25388200613262e-05,2.54225986067883e-08,5.25388200613262e-05,-1.24612353925203e-06,0.00114306977891241
34976.1405884643,-1.77339737906661e-06,2.37685491764031e-06,2.50737736989457e-08,5.21769523101495e-05,2.50737736989457e-08,5.21769523101495e-05,-1.22901761641944e-06,0.00113519703808162
35218.7053144771,-1.74905676186385e-06,2.36077442970864e-06,2.47297328773106e-08,5.18175771425858e-05,2.47297328773106e-08,5.18175771425858e-05,-1.21214651150755e-06,0.00112737851944582
35462.9522628655,-1.72505018380358e-06,2.34479874811913e-06,2.43904105876965e-08,5.14606773858883e-05,2.43904105876965e-08,5.14606773858883e-05,-1.19550700111324e-06,0.00111961384956396
35708.8931000911,-1.7013730619433e-06,2.32892727300964e-06,2.40557421725701e-08,5.11062359856956e-05,2.40557421725701e-08,5.11062359856956e-05,-1.1790959060816e-06,0.00111190265756686
35956.5395735246,-1.67802087618323e-06,2.31315940614769e-06,2.37256638588298e-08,5.07542360052139e-05,2.37256638588298e-08,5.07542360052139e-05,-1.16291009089847e-06,0.00110424457513949
36205.9035120061,-1.65498916840566e-06,2.29749455097057e-06,2.34001127457512e-08,5.04046606244054e-05,2.34001127457511e-08,5.04046606244054e-05,-1.14694646309144e-06,0.00109663923650338
36456.9968264106,-1.6322735416258e-06,2.28193211262406e-06,2.30790267930941e-08,5.00574931391817e-05,2.30790267930942e-08,5.00574931391817e-05,-1.13120197263894e-06,0.00108908627839919
36709.831510217,-1.60986965915444e-06,2.26647149799989e-06,2.27623448093725e-08,4.97127169606032e-05,2.27623448093725e-08,4.97127169606032e-05,-1.1156736113876e-06,0.0010815853400693
36964.4196400802,-1.58777324377197e-06,2.25111211577194e-06,2.24500064402815e-08,4.9370315614084e-05,2.24500064402815e-08,4.9370315614084e-05,-1.10035841247748e-06,0.00107413606324066
37220.7733764093,-1.56598007691364e-06,2.23585337643113e-06,2.21419521572821e-08,4.90302727386021e-05,2.21419521572821e-08,4.90302727386021e-05,-1.08525344977522e-06,0.00106673809210759
37478.9049639467,-1.54448599786613e-06,2.22069469231922e-06,2.18381232463404e-08,4.86925720859156e-05,2.18381232463404e-08,4.86925720859156e-05,-1.07035583731505e-06,0.00105939107331488
37738.8267323548,-1.52328690297485e-06,2.20563547766129e-06,2.15384617968186e-08,4.83571975197835e-05,2.15384617968186e-08,4.83571975197835e-05,-1.05566272874733e-06,0.00105209465594086
38000.5510968034,-1.50237874486235e-06,2.19067514859724e-06,2.1242910690518e-08,4.80241330151927e-05,2.1242910690518e-08,4.80241330151927e-05,-1.04117131679478e-06,0.00104484849148064
38264.0905585636,-1.48175753165722e-06,2.17581312321196e-06,2.09514135908685e-08,4.76933626575901e-05,2.09514135908685e-08,4.76933626575901e-05,-1.02687883271613e-06,0.00103765223382952
38529.4577056047,-1.46141932623361e-06,2.1610488215646e-06,2.0663914932267e-08,4.73648706421198e-05,2.0663914932267e-08,4.73648706421198e-05,-1.01278254577715e-06,0.00103050553926638
38796.6652131954,-1.44136024546114e-06,2.14638166571661e-06,2.0380359909558e-08,4.70386412728658e-05,2.0380359909558e-08,4.70386412728658e-05,-9.98879762728872e-07,0.00102340806643735
39065.7258445091,-1.42157645946509e-06,2.13181107975882e-06,2.01006944676584e-08,4.67146589621003e-05,2.01006944676584e-08,4.67146589621003e-05,-9.85167827293096e-07,0.00101635947633945
39336.6524512341,-1.40206419089668e-06,2.11733648983749e-06,1.98248652913225e-08,4.6392908229536e-05,1.98248652913225e-08,4.6392908229536e-05,-9.71644119654834e-07,0.00100935943230442
39609.4579741865,-1.38281971421333e-06,2.10295732417929e-06,1.95528197950458e-08,4.60733737015855e-05,1.95528197950458e-08,4.60733737015855e-05,-9.58306055961823e-07,0.00100240759998266
39884.1554439296,-1.36383935496875e-06,2.08867301311542e-06,1.92845061131055e-08,4.57560401106238e-05,1.92845061131055e-08,4.57560401106238e-05,-9.4515108783082e-07,0.000995503647327215
40160.7579813948,-1.34511948911283e-06,2.07448298910468e-06,1.90198730897369e-08,4.54408922942576e-05,1.90198730897369e-08,4.54408922942577e-05,-9.32176701860758e-07,0.000988647244577985
40439.2787985098,-1.32665654230095e-06,2.06038668675564e-06,1.87588702694422e-08,4.51279151945985e-05,1.87588702694422e-08,4.51279151945985e-05,-9.19380419152506e-07,0.000981838064245919
40719.7311988284,-1.30844698921292e-06,2.04638354284792e-06,1.85014478874318e-08,4.48170938575418e-05,1.85014478874317e-08,4.48170938575418e-05,-9.06759794835291e-07,0.000975075781097406
41002.1285781671,-1.29048735288107e-06,2.03247299635257e-06,1.82475568601939e-08,4.45084134320502e-05,1.82475568601939e-08,4.45084134320502e-05,-8.94312417599561e-07,0.00096836007213873
41286.4844252437,-1.27277420402766e-06,2.01865448845159e-06,1.79971487761942e-08,4.42018591694426e-05,1.79971487761942e-08,4.42018591694426e-05,-8.8203590923631e-07,0.000961690616600659
41572.812322323,-1.25530416041127e-06,2.00492746255658e-06,1.77501758866997e-08,4.38974164226872e-05,1.77501758866997e-08,4.38974164226872e-05,-8.69927924182686e-07,0.000955067095923108
41861.1259458642,-1.23807388618219e-06,1.99129136432664e-06,1.75065910967291e-08,4.35950706457006e-05,1.75065910967291e-08,4.35950706457006e-05,-8.57986149073872e-07,0.000948489193739943
42151.4390671752,-1.22108009124658e-06,1.97774564168534e-06,1.72663479561242e-08,4.32948073926506e-05,1.72663479561242e-08,4.32948073926506e-05,-8.4620830230108e-07,0.000941956595863859
42443.7655530697,-1.20431953063938e-06,1.96428974483706e-06,1.70294006507447e-08,4.29966123172647e-05,1.70294006507447e-08,4.29966123172647e-05,-8.3459213357566e-07,0.00093546899027139
42738.1193665299,-1.18778900390576e-06,1.95092312628242e-06,1.67957039937802e-08,4.27004711721428e-05,1.67957039937802e-08,4.27004711721428e-05,-8.23135423499134e-07,0.00092902606708799
43034.5145673733,-1.1714853544911e-06,1.93764524083309e-06,1.65652134171829e-08,4.24063698080753e-05,1.65652134171829e-08,4.24063698080753e-05,-8.11835983139197e-07,0.000922627518573252
43332.9653129246,-1.15540546913918e-06,1.92445554562576e-06,1.63378849632143e-08,4.21142941733648e-05,1.63378849632143e-08,4.21142941733648e-05,-8.00691653611472e-07,0.000916273039106199
43633.4858586911,-1.1395462772988e-06,1.91135350013547e-06,1.61136752761088e-08,4.18242303131542e-05,1.61136752761088e-08,4.18242303131542e-05,-7.8970030566707e-07,0.000909962325170695
43936.0905590448,-1.12390475053833e-06,1.89833856618823e-06,1.58925415938491e-08,4.15361643687575e-05,1.58925415938491e-08,4.15361643687575e-05,-7.78859839285753e-07,0.000903695075340945
44240.7938679069,-1.10847790196843e-06,1.885410207973e-06,1.56744417400543e-08,4.12500825769972e-05,1.56744417400543e-08,4.12500825769972e-05,-7.68168183274734e-07,0.000897470990267109
44547.6103394389,-1.09326278567257e-06,1.87256789205289e-06,1.54593341159781e-08,4.09659712695442e-05,1.54593341159781e-08,4.09659712695442e-05,-7.57623294872935e-07,0.00089128977266099
44856.5546287376,-1.07825649614539e-06,1.85981108737588e-06,1.5247177692616e-08,4.06838168722648e-05,1.5247177692616e-08,4.06838168722648e-05,-7.47223159360727e-07,0.000885151127281858
45167.641492535,-1.06345616773871e-06,1.84713926528477e-06,1.50379320029191e-08,4.04036059045691e-05,1.50379320029191e-08,4.04036059045691e-05,-7.36965789674977e-07,0.000879054760922327
45480.8857899031,-1.0488589741152e-06,1.83455189952666e-06,1.48315571341147e-08,4.01253249787673e-05,1.48315571341147e-08,4.01253249787673e-05,-7.26849226029426e-07,0.00087300038239437
45796.3024829641,-1.03446212770943e-06,1.82204846626168e-06,1.46280137201313e-08,3.98489607994273e-05,1.46280137201314e-08,3.98489607994273e-05,-7.16871535540237e-07,0.000866987702515403
46113.9066376045,-1.02026287919639e-06,1.80962844407126e-06,1.44272629341261e-08,3.95745001627394e-05,1.44272629341261e-08,3.95745001627394e-05,-7.0703081185672e-07,0.00086101643409448
46433.713424195,-1.0062585169672e-06,1.79729131396578e-06,1.42292664811143e-08,3.93019299558833e-05,1.42292664811144e-08,3.93019299558833e-05,-6.97325174797089e-07,0.000855086291918569
46755.7381183149,-9.92446366612088e-07,1.78503655939167e-06,1.40339865906997e-08,3.90312371564012e-05,1.40339865906996e-08,3.90312371564012e-05,-6.8775276998926e-07,0.000849196992738945
47079.9961014825,-9.78823790410362e-07,1.77286366623802e-06,1.38413860099023e-08,3.87624088315737e-05,1.38413860099023e-08,3.87624088315737e-05,-6.78311768516534e-07,0.000843348255257645
47406.5028618884,-9.65388186827444e-07,1.76077212284256e-06,1.36514279960862e-08,3.84954321378011e-05,1.36514279960863e-08,3.84954321378011e-05,-6.69000366568189e-07,0.00083753980011405
47735.2739951367,-9.5213699001871e-07,1.74876141999727e-06,1.3464076309981e-08,3.82302943199888e-05,1.3464076309981e-08,3.82302943199888e-05,-6.5981678509483e-07,0.000831771349871529
48066.3252049891,-9.39067669340206e-07,1.73683105095335e-06,1.32792952088001e-08,3.79669827109364e-05,1.32792952088001e-08,3.79669827109364e-05,-6.50759269468501e-07,0.000826042629004205
48399.6723041153,-9.26177728865988e-07,1.72498051142583e-06,1.30970494394522e-08,3.77054847307317e-05,1.30970494394522e-08,3.77054847307317e-05,-6.41826089147432e-07,0.000820353363883779
48735.331214848,-9.13464706912143e-07,1.71320929959763e-06,1.29173042318451e-08,3.74457878861486e-05,1.29173042318451e-08,3.74457878861486e-05,-6.33015537345426e-07,0.000814703282766477
49073.317969944,-9.00926175567256e-07,1.70151691612317e-06,1.27400252922807e-08,3.71878797700488e-05,1.27400252922807e-08,3.71878797700488e-05,-6.24325930705738e-07,0.00080909211578006
49413.6487133493,-8.88559740229382e-07,1.68990286413158e-06,1.25651787969402e-08,3.69317480607887e-05,1.25651787969402e-08,3.69317480607887e-05,-6.15755608979479e-07,0.000803519594910946
49756.3397009709,-8.76363039149287e-07,1.67836664922938e-06,1.23927313854581e-08,3.66773805216288e-05,1.23927313854581e-08,3.66773805216288e-05,-6.07302934708389e-07,0.000797985453991398
50101.4073014524,-8.64333742980009e-07,1.66690777950287e-06,1.22226501545831e-08,3.64247650001491e-05,1.22226501545831e-08,3.64247650001491e-05,-5.98966292912007e-07,0.000792489428686827
50448.8679969571,-8.52469554332534e-07,1.65552576551997e-06,1.20549026519266e-08,3.61738894276666e-05,1.20549026519266e-08,3.61738894276666e-05,-5.90744090779098e-07,0.000787031256483153
50798.7383839539,-8.40768207337607e-07,1.64422012033176e-06,1.18894568697951e-08,3.59247418186587e-05,1.18894568697951e-08,3.59247418186587e-05,-5.82634757363344e-07,0.000781610676674277
51151.0351740109,-8.29227467213497e-07,1.63299035947354e-06,1.17262812391074e-08,3.56773102701887e-05,1.17262812391074e-08,3.56773102701887e-05,-5.74636743283193e-07,0.000776227430349628
51505.7751945938,-8.17845129839719e-07,1.62183600096561e-06,1.15653446233945e-08,3.5431582961337e-05,1.15653446233946e-08,3.5431582961337e-05,-5.66748520425837e-07,0.000770881260381791
51862.9753898685,-8.06619021336591e-07,1.61075656531359e-06,1.1406616312882e-08,3.5187548152635e-05,1.1406616312882e-08,3.5187548152635e-05,-5.58968581655264e-07,0.000765571911414242
52222.6528215118,-7.95546997650516e-07,1.59975157550843e-06,1.12500660186512e-08,3.49451941855037e-05,1.12500660186512e-08,3.49451941855037e-05,-5.51295440524282e-07,0.000760299129849133
52584.8246695256,-7.84626944145002e-07,1.58882055702604e-06,1.10956638668824e-08,3.47045094816955e-05,1.10956638668824e-08,3.47045094816955e-05,-5.43727630990549e-07,0.0007550626638352
52949.5082330576,-7.73856775197227e-07,1.5779630378266e-06,1.09433803931749e-08,3.44654825427407e-05,1.0943380393175e-08,3.44654825427407e-05,-5.36263707136445e-07,0.000749862263255714
53316.7209312277,-7.63234433800176e-07,1.56717854835355e-06,1.0793186536945e-08,3.42281019493968e-05,1.0793186536945e-08,3.42281019493968e-05,-5.28902242892838e-07,0.000744697679716558
53686.4803039601,-7.52757891170199e-07,1.55646662153221e-06,1.06450536359004e-08,3.39923563611024e-05,1.06450536359004e-08,3.39923563611024e-05,-5.21641831766604e-07,0.000739568666534343
54058.8040128205,-7.42425146359968e-07,1.54582679276811e-06,1.04989534205902e-08,3.37582345154351e-05,1.04989534205902e-08,3.37582345154351e-05,-5.14481086571916e-07,0.000734474978724641
54433.709841861,-7.32234225876709e-07,1.53525859994506e-06,1.03548580090285e-08,3.35257252275716e-05,1.03548580090285e-08,3.35257252275716e-05,-5.074186391652e-07,0.000729416372990277
54811.215698468,-7.22183183305704e-07,1.52476158342284e-06,1.02127399013927e-08,3.32948173897537e-05,1.02127399013927e-08,3.32948173897537e-05,-5.00453140183746e-07,0.000724392607709714
55191.3396142186,-7.12270098938905e-07,1.51433528603466e-06,1.00725719747925e-08,3.30654999707562e-05,1.00725719747925e-08,3.30654999707562e-05,-4.9358325878789e-07,0.000719403442925506
55574.0997457415,-7.02493079408682e-07,1.50397925308434e-06,9.93432747811133e-09,3.28377620153595e-05,9.93432747811133e-09,3.28377620153595e-05,-4.86807682406759e-07,0.00071444864033285
55959.5143755845,-6.92850257326552e-07,1.49369303234318e-06,9.79798002691813e-09,3.26115926438253e-05,9.79798002691814e-09,3.26115926438253e-05,-4.80125116487474e-07,0.000709527963268188
56347.6019130871,-6.83339790926886e-07,1.48347617404662e-06,9.66350359844815e-09,3.23869810513765e-05,9.66350359844815e-09,3.23869810513765e-05,-4.73534284247831e-07,0.000704641176697921
56738.380895261,-6.73959863715474e-07,1.47332823089056e-06,9.53087252665236e-09,3.21639165076799e-05,9.53087252665235e-09,3.21639165076799e-05,-4.67033926432345e-07,0.00069978804720717
57131.8699876742,-6.64708684122938e-07,1.46324875802755e-06,9.40006149731481e-09,3.19423883563332e-05,9.4000614973148e-09,3.19423883563332e-05,-4.60622801071669e-07,0.000694968342988637
57528.0879853436,-6.55584485162848e-07,1.45323731306263e-06,9.27104554323603e-09,3.17223860143552e-05,9.27104554323603e-09,3.17223860143552e-05,-4.54299683245292e-07,0.000690181833831529
57927.053813632,-6.4658552409458e-07,1.443293456049e-06,9.14380003948286e-09,3.15038989716795e-05,9.14380003948286e-09,3.15038989716795e-05,-4.4806336484752e-07,0.000685428291110565
58328.7865291527,-6.37710082090736e-07,1.43341674948343e-06,9.01830069870236e-09,3.12869167906518e-05,9.01830069870236e-09,3.12869167906518e-05,-4.41912654356641e-07,0.000680707487775054
58733.3053206791,-6.28956463909176e-07,1.42360675830147e-06,8.89452356650052e-09,3.1071429105531e-05,8.89452356650052e-09,3.1071429105531e-05,-4.35846376607288e-07,0.00067601919833806
59140.6295100621,-6.20322997569494e-07,1.41386304987241e-06,8.77244501688334e-09,3.08574256219926e-05,8.77244501688334e-09,3.08574256219926e-05,-4.29863372565896e-07,0.000671363198865617
59550.7785531519,-6.11808034033977e-07,1.40418519399413e-06,8.65204174776077e-09,3.06448961166372e-05,8.65204174776077e-09,3.06448961166372e-05,-4.23962499109275e-07,0.000666739266966051
59963.7720407286,-6.0340994689289e-07,1.3945727628876e-06,8.53329077651147e-09,3.04338304365009e-05,8.53329077651147e-09,3.0433830436501e-05,-4.18142628806187e-07,0.000662147181779343
60379.6296994364,-5.95127132054117e-07,1.3850253311913e-06,8.41616943560876e-09,3.02242184985703e-05,8.41616943560877e-09,3.02242184985703e-05,-4.12402649701958e-07,0.000657586723966593
60798.3713927276,-5.86958007437017e-07,1.37554247595543e-06,8.30065536830573e-09,3.00160502892993e-05,8.30065536830573e-09,3.00160502892993e-05,-4.06741465106007e-07,0.000653057675699535
61220.0171218097,-5.78901012670512e-07,1.36612377663592e-06,8.18672652437973e-09,2.98093158641314e-05,8.18672652437974e-09,2.98093158641314e-05,-4.01157993382335e-07,0.000648559820650141
61644.5870266023,-5.70954608795281e-07,1.35676881508824e-06,8.07436115593468e-09,2.96040053470232e-05,8.07436115593469e-09,2.96040053470232e-05,-3.95651167742846e-07,0.000644092943980282
62072.1013866976,-5.63117277970064e-07,1.34747717556109e-06,7.96353781326102e-09,2.94001089299724e-05,7.96353781326102e-09,2.94001089299724e-05,-3.90219936043545e-07,0.000639656832331472
62502.5806223305,-5.55387523181964e-07,1.3382484446899e-06,7.8542353407518e-09,2.91976168725488e-05,7.8542353407518e-09,2.91976168725488e-05,-3.84863260583501e-07,0.000635251273814675
62936.0452953524,-5.47763867960753e-07,1.32908221149018e-06,7.74643287287519e-09,2.89965195014283e-05,7.74643287287519e-09,2.89965195014283e-05,-3.79580117906595e-07,0.000630876058000189
63372.5161102152,-5.40244856097056e-07,1.31997806735066e-06,7.64010983020126e-09,2.87968072099303e-05,7.64010983020127e-09,2.87968072099303e-05,-3.74369498605968e-07,0.000626530975907587
63812.0139149584,-5.32829051364436e-07,1.31093560602641e-06,7.53524591548385e-09,2.85984704575589e-05,7.53524591548385e-09,2.85984704575589e-05,-3.69230407131174e-07,0.000622215819995749
64254.5597022062,-5.25515037245255e-07,1.30195442363164e-06,7.43182110979518e-09,2.84014997695455e-05,7.43182110979518e-09,2.84014997695455e-05,-3.6416186159796e-07,0.000617930384152934
64700.1746101695,-5.18301416660324e-07,1.29303411863254e-06,7.32981566871407e-09,2.82058857363969e-05,7.32981566871408e-09,2.82058857363969e-05,-3.59162893600676e-07,0.000613674463686952
65148.8799236562,-5.11186811702229e-07,1.28417429183981e-06,7.22921011856558e-09,2.80116190134446e-05,7.22921011856558e-09,2.80116190134446e-05,-3.54232548027244e-07,0.000609447855315373
65600.697075087,-5.04169863372342e-07,1.27537454640123e-06,7.12998525271252e-09,2.78186903203982e-05,7.12998525271252e-09,2.78186903203982e-05,-3.49369882876679e-07,0.000605250357155829
66055.6476455202,-4.97249231321409e-07,1.26663448779396e-06,7.03212212789737e-09,2.76270904409017e-05,7.03212212789737e-09,2.76270904409017e-05,-3.44573969079107e-07,0.000601081768716364
66513.7533656814,-4.90423593593723e-07,1.25795372381683e-06,6.93560206063446e-09,2.74368102220927e-05,6.93560206063445e-09,2.74368102220927e-05,-3.39843890318259e-07,0.000596941890885866
66975.0361170023,-4.83691646374777e-07,1.24933186458244e-06,6.84040662365105e-09,2.72478405741647e-05,6.84040662365105e-09,2.72478405741647e-05,-3.35178742856395e-07,0.000592830525924547
67439.5179326655,-4.77052103742402e-07,1.24076852250916e-06,6.74651764237766e-09,2.70601724699326e-05,6.74651764237767e-09,2.70601724699326e-05,-3.30577635361645e-07,0.00058874747745451
67907.2209986571,-4.70503697421288e-07,1.23226331231306e-06,6.65391719148578e-09,2.68737969444011e-05,6.65391719148578e-09,2.68737969444011e-05,-3.26039688737695e-07,0.000584692550450359
68378.167654826,-4.64045176540909e-07,1.22381585099972e-06,6.5625875914734e-09,2.66887050943358e-05,6.56258759147341e-09,2.66887050943358e-05,-3.21564035955846e-07,0.000580665551229894
68852.3803959518,-4.57675307396723e-07,1.2154257578559e-06,6.47251140529685e-09,2.65048880778377e-05,6.47251140529686e-09,2.65048880778377e-05,-3.17149821889341e-07,0.000576666287444852
69329.8818728181,-4.51392873214688e-07,1.20709265444115e-06,6.38367143504906e-09,2.63223371139206e-05,6.38367143504906e-09,2.63223371139206e-05,-3.12796203149996e-07,0.000572694568071726
69810.6948932956,-4.45196673918969e-07,1.19881616457935e-06,6.29605071868285e-09,2.61410434820906e-05,6.29605071868285e-09,2.61410434820906e-05,-3.08502347927057e-07,0.000568750203402638
70294.8424234306,-4.39085525902866e-07,1.19059591435011e-06,6.20963252677945e-09,2.59609985219302e-05,6.20963252677945e-09,2.59609985219302e-05,-3.04267435828276e-07,0.00056483300503628
70782.3475885425,-4.33058261802849e-07,1.18243153208011e-06,6.12440035936081e-09,2.57821936326833e-05,6.12440035936081e-09,2.57821936326833e-05,-3.00090657723162e-07,0.000560942785868915
71273.2336743282,-4.27113730275722e-07,1.17432264833437e-06,6.04033794274588e-09,2.56046202728445e-05,6.04033794274588e-09,2.56046202728445e-05,-2.95971215588395e-07,0.00055707936008544
71767.5241279742,-4.21250795778816e-07,1.16626889590743e-06,5.95742922644954e-09,2.54282699597505e-05,5.95742922644953e-09,2.54282699597505e-05,-2.91908322355349e-07,0.000553242543150513
72265.2425592773,-4.15468338353213e-07,1.15826990981443e-06,5.87565838012421e-09,2.52531342691746e-05,5.87565838012421e-09,2.52531342691746e-05,-2.87901201759715e-07,0.000549432151799735
72766.4127417709,-4.09765253409945e-07,1.15032532728218e-06,5.79500979054328e-09,2.50792048349244e-05,5.79500979054329e-09,2.50792048349244e-05,-2.83949088193194e-07,0.000545648004030904
73271.058613862,-4.04140451519101e-07,1.14243478774011e-06,5.71546805862552e-09,2.49064733484409e-05,5.71546805862552e-09,2.49064733484409e-05,-2.80051226557209e-07,0.000541889919095313
73779.2042799737,-3.98592858201861e-07,1.13459793281117e-06,5.63701799650068e-09,2.47349315584022e-05,5.63701799650068e-09,2.47349315584022e-05,-2.76206872118645e-07,0.000538157717489127
74290.8740116972,-3.93121413725346e-07,1.12681440630266e-06,5.55964462461466e-09,2.45645712703284e-05,5.55964462461466e-09,2.45645712703284e-05,-2.72415290367552e-07,0.0005344512209448
74806.0922489501,-3.87725072900314e-07,1.11908385419704e-06,5.48333316887491e-09,2.43953843461904e-05,5.48333316887491e-09,2.43953843461904e-05,-2.68675756876816e-07,0.000530770252422571
75324.8836011454,-3.82402804881602e-07,1.1114059246426e-06,5.40806905783428e-09,2.42273627040202e-05,5.40806905783428e-09,2.42273627040202e-05,-2.6498755716374e-07,0.000527114636101994
75847.2728483651,-3.7715359297133e-07,1.10378026794422e-06,5.33383791991393e-09,2.40604983175253e-05,5.33383791991393e-09,2.40604983175253e-05,-2.61349986553549e-07,0.000523484197373557
76373.2849425456,-3.71976434424775e-07,1.09620653655388e-06,5.2606255806638e-09,2.38947832157043e-05,5.2606255806638e-09,2.38947832157043e-05,-2.57762350044736e-07,0.000519878762830327
76902.9450086679,-3.66870340258943e-07,1.08868438506134e-06,5.18841806006094e-09,2.37302094824664e-05,5.18841806006094e-09,2.37302094824664e-05,-2.54223962176292e-07,0.000516298160259681
77436.2783459591,-3.61834335063729e-07,1.08121347018458e-06,5.11720156984454e-09,2.35667692562526e-05,5.11720156984454e-09,2.35667692562526e-05,-2.50734146896727e-07,0.000512742218635068
77973.3104290997,-3.56867456815699e-07,1.07379345076035e-06,5.04696251088758e-09,2.34044547296603e-05,5.04696251088758e-09,2.34044547296603e-05,-2.47292237434914e-07,0.000509210768107853
78514.0669094413,-3.51968756694401e-07,1.06642398773459e-06,4.97768747060435e-09,2.32432581490694e-05,4.97768747060435e-09,2.32432581490694e-05,-2.43897576172686e-07,0.000505703639999191
79058.5736162311,-3.47137298901212e-07,1.05910474415281e-06,4.90936322039362e-09,2.30831718142726e-05,4.90936322039362e-09,2.30831718142726e-05,-2.40549514519199e-07,0.000502220666791986
79606.8565578463,-3.42372160480661e-07,1.05183538515053e-06,4.84197671311655e-09,2.29241880781064e-05,4.84197671311655e-09,2.29241880781064e-05,-2.37247412787005e-07,0.000498761682122873
80158.9419230357,-3.37672431144206e-07,1.04461557794355e-06,4.77551508060939e-09,2.27662993460864e-05,4.77551508060939e-09,2.27662993460864e-05,-2.33990640069837e-07,0.000495326520774289
80714.8560821713,-3.33037213096425e-07,1.0374449918183e-06,4.70996563123002e-09,2.26094980760436e-05,4.70996563123002e-09,2.26094980760436e-05,-2.30778574122064e-07,0.000491915018666567
81274.6255885071,-3.28465620863596e-07,1.03032329812213e-06,4.64531584743821e-09,2.24537767777642e-05,4.64531584743821e-09,2.24537767777642e-05,-2.2761060123981e-07,0.000488527012850111
81838.2771794484,-3.2395678112462e-07,1.02325017025352e-06,4.58155338340889e-09,2.22991280126315e-05,4.58155338340889e-09,2.22991280126315e-05,-2.24486116143691e-07,0.000485162341497602
82405.8377778279,-3.19509832544274e-07,1.01622528365236e-06,4.51866606267825e-09,2.21455443932705e-05,4.51866606267825e-09,2.21455443932705e-05,-2.21404521863176e-07,0.00048182084389628
82977.3344931927,-3.15123925608737e-07,1.0092483157901e-06,4.45664187582183e-09,2.19930185831945e-05,4.45664187582183e-09,2.19930185831945e-05,-2.18365229622526e-07,0.000478502360440257
83552.7946230977,-3.1079822246339e-07,1.00231894616003e-06,4.39546897816474e-09,2.18415432964549e-05,4.39546897816474e-09,2.18415432964549e-05,-2.15367658728306e-07,0.000475206732622905
84132.2456544116,-3.0653189675282e-07,9.95436856267339e-07,4.33513568752278e-09,2.16911112972922e-05,4.33513568752278e-09,2.16911112972922e-05,-2.12411236458428e-07,0.000471933803029275
84715.7152646274,-3.02324133463039e-07,9.88601729619363e-07,4.27563048197498e-09,2.1541715399791e-05,4.27563048197499e-09,2.1541715399791e-05,-2.09495397952739e-07,0.000468683415328584
85303.2313231867,-2.98174128765847e-07,9.81813251715667e-07,4.21694199766621e-09,2.13933484675358e-05,4.21694199766621e-09,2.13933484675358e-05,-2.06619586105085e-07,0.000465455414266748
85894.8218928089,-2.94081089865353e-07,9.750711100382e-07,4.15905902664021e-09,2.12460034132707e-05,4.15905902664021e-09,2.12460034132707e-05,-2.03783251456882e-07,0.000462249645658964
86490.5152308334,-2.90044234846574e-07,9.68374994041393e-07,4.101970514702e-09,2.10996731985597e-05,4.101970514702e-09,2.10996731985597e-05,-2.00985852092125e-07,0.000459065956382347
87090.3397905676,-2.8606279252614e-07,9.61724595142284e-07,4.04566555930988e-09,2.09543508334512e-05,4.04566555930988e-09,2.09543508334512e-05,-1.98226853533856e-07,0.000455904194368621
87694.3242226474,-2.82136002305018e-07,9.55119606710599e-07,3.99013340749596e-09,2.08100293761433e-05,3.99013340749596e-09,2.08100293761433e-05,-1.95505728642043e-07,0.000452764208596845
88302.4973764047,-2.78263114023282e-07,9.4855972405886e-07,3.93536345381547e-09,2.06667019326522e-05,3.93536345381546e-09,2.06667019326522e-05,-1.92821957512865e-07,0.000449645849086212
88914.8883012464,-2.74443387816855e-07,9.42044644432461e-07,3.88134523832392e-09,2.0524361656483e-05,3.88134523832392e-09,2.0524361656483e-05,-1.90175027379378e-07,0.000446548966888875
89531.5262480405,-2.70676093976232e-07,9.35574066999764e-07,3.82806844458212e-09,2.0383001748302e-05,3.82806844458212e-09,2.0383001748302e-05,-1.87564432513548e-07,0.000443473414082842
90152.440670515,-2.66960512807126e-07,9.29147692842175e-07,3.77552289768846e-09,2.02426154556121e-05,3.77552289768847e-09,2.02426154556121e-05,-1.8498967412962e-07,0.000440419043764902
90777.661226663,-2.63295934493042e-07,9.22765224944237e-07,3.72369856233815e-09,2.01031960724298e-05,3.72369856233816e-09,2.01031960724298e-05,-1.82450260288824e-07,0.000437385710043617
91407.217780161,-2.59681658959717e-07,9.16426368183704e-07,3.67258554090898e-09,1.9964736938965e-05,3.67258554090898e-09,1.9964736938965e-05,-1.79945705805385e-07,0.000434373268032344
92041.1404017939,-2.5611699574144e-07,9.10130829321643e-07,3.62217407157346e-09,1.98272314413025e-05,3.62217407157346e-09,1.98272314413025e-05,-1.7747553215382e-07,0.000431381573842327
92679.4593708925,-2.5260126384919e-07,9.03878316992513e-07,3.57245452643662e-09,1.96906730110859e-05,3.57245452643662e-09,1.96906730110859e-05,-1.75039267377509e-07,0.000428410484575812
93322.2051767786,-2.49133791640593e-07,8.97668541694276e-07,3.52341740969951e-09,1.95550551252039e-05,3.52341740969951e-09,1.95550551252039e-05,-1.7263644599853e-07,0.000425459858319231
93969.4085202226,-2.45713916691651e-07,8.91501215778489e-07,3.47505335584767e-09,1.94203713054784e-05,3.47505335584767e-09,1.94203713054784e-05,-1.70266608928714e-07,0.000422529554136418
94621.1003149089,-2.42340985670251e-07,8.85376053440427e-07,3.4273531278646e-09,1.92866151183549e-05,3.4273531278646e-09,1.92866151183549e-05,-1.6792930338194e-07,0.000419619432061881
95277.3116889132,-2.39014354211384e-07,8.79292770709195e-07,3.38030761546953e-09,1.91537801745948e-05,3.38030761546952e-09,1.91537801745948e-05,-1.65624082787617e-07,0.000416729353094114
95938.0739861886,-2.35733386794097e-07,8.73251085437872e-07,3.3339078333795e-09,1.90218601289709e-05,3.3339078333795e-09,1.90218601289709e-05,-1.6335050670537e-07,0.00041385917918896
96603.4187680637,-2.32497456620121e-07,8.67250717293636e-07,3.28814491959507e-09,1.88908486799629e-05,3.28814491959507e-09,1.88908486799629e-05,-1.6110814074088e-07,0.000411008773253017
97273.3778147489,-2.29305945494173e-07,8.6129138774794e-07,3.24301013370976e-09,1.87607395694575e-05,3.24301013370976e-09,1.87607395694575e-05,-1.58896556462896e-07,0.00040817799913709
97947.983126856,-2.26158243705884e-07,8.55372820066662e-07,3.19849485524229e-09,1.86315265824485e-05,3.19849485524229e-09,1.86315265824485e-05,-1.56715331321372e-07,0.000405366721629686
98627.2669269249,-2.23053749913373e-07,8.49494739300304e-07,3.15459058199211e-09,1.850320354674e-05,3.15459058199211e-09,1.850320354674e-05,-1.54564048566739e-07,0.00040257480645056
99311.2616609643,-2.19991871028387e-07,8.43656872274175e-07,3.11128892841706e-09,1.83757643326517e-05,3.11128892841706e-09,1.83757643326517e-05,-1.52442297170278e-07,0.000399802120244297
100000,-2.16972022103048e-07,8.37858947578623e-07,3.06858162403357e-09,1.82492028527257e-05,3.06858162403357e-09,1.82492028527257e-05,-1.50349671745586e-07,0.000397048530573946
