Frequency_Hz,Y11_Real,Y11_Imag,Y12_Real,Y12_Imag,Y21_Real,Y21_Imag,Y22_Real,Y22_Imag
0.1,0.618700425336701,-0.00562728655857279,-1.02184695039241,-0.00036212704340308,0.0862196983056581,-0.000362638074733994,-0.78611203084076,-1.87361871455197e-05
0.100693514841637,0.618700052970068,-0.00566633845888754,-1.02184735570015,-0.000364637089538994,0.0862197577680648,-0.000365158812289463,-0.786113352772647,-1.88019708861273e-05
0.10139183931163,0.618699675358107,-0.00570566172687863,-1.02184776665266,-0.000367164514639728,0.0862198180486671,-0.00036769715228056,-0.786114693020133,-1.88668707313822e-05
0.102095006765465,0.618699292426069,-0.00574525825562174,-1.0218481833286,-0.00036970943862826,0.0862198791585902,-0.000370253219293989,-0.786116051835806,-1.8930852613494e-05
0.102803050789954,0.618698904098116,-0.00578512995154866,-1.02184860580774,-0.000372271982246462,0.0862199411091066,-0.000372827138832444,-0.786117429475706,-1.89938816479301e-05
0.103516005204838,0.618698510297306,-0.00582527873454454,-1.02184903417094,-0.000374852267060535,0.0862200039116382,-0.000375419037322031,-0.786118826199369,-1.90559221157349e-05
0.104233904064403,0.618698110945572,-0.00586570653804578,-1.02184946850022,-0.00037745041546643,0.0862200675777582,-0.00037802904211975,-0.786120242269875,-1.91169374455513e-05
0.104956781659108,0.618697705963711,-0.00590641530913894,-1.02184990887872,-0.00038006655069534,0.0862201321191929,-0.000380657281521083,-0.786121677953895,-1.91768901952188e-05
0.105684672517218,0.618697295271362,-0.00594740700866005,-1.02185035539076,-0.000382700796819173,0.0862201975478235,-0.000383303884767609,-0.786123133521739,-1.92357420329137e-05
0.106417611406461,0.618696878786991,-0.00598868361129513,-1.02185080812181,-0.000385353278756106,0.0862202638756886,-0.000385968982054737,-0.786124609247404,-1.92934537180667e-05
0.10715563333568,0.618696456427872,-0.00603024710568108,-1.02185126715857,-0.000388024122276141,0.0862203311149852,-0.000388652704539492,-0.786126105408623,-1.93499850817749e-05
0.107898773556513,0.618696028110069,-0.00607209949450778,-1.02185173258891,-0.00039071345400672,0.0862203992780717,-0.000391355184348389,-0.786127622286919,-1.94052950067622e-05
0.108647067565072,0.618695593748418,-0.00611424279462063,-1.02185220450195,-0.000393421401438302,0.0862204683774689,-0.000394076554585382,-0.786129160167648,-1.94593414070271e-05
0.109400551103639,0.618695153256506,-0.00615667903712418,-1.02185268298805,-0.000396148092930119,0.086220538425863,-0.00039681694933989,-0.786130719340058,-1.95120812070682e-05
0.110159260162376,0.618694706546657,-0.00619941026748641,-1.02185316813884,-0.000398893657715782,0.0862206094361068,-0.000399576503694915,-0.786132300097335,-1.95634703205813e-05
0.11092323098104,0.618694253529907,-0.00624243854564393,-1.02185366004721,-0.000401658225909029,0.0862206814212223,-0.000402355353735227,-0.786133902736659,-1.96134636287412e-05
0.111692500050717,0.618693794115987,-0.006285765946108,-1.02185415880737,-0.000404441928509519,0.0862207543944026,-0.000405153636555643,-0.786135527559254,-1.96620149581356e-05
0.112467104115564,0.618693328213304,-0.00632939455807136,-1.02185466451481,-0.000407244897408588,0.0862208283690137,-0.000407971490269389,-0.786137174870446,-1.97090770581512e-05
0.113247080174565,0.618692855728919,-0.00637332648551591,-1.02185517726639,-0.000410067265395079,0.0862209033585973,-0.000410809054016538,-0.786138844979713,-1.97546015778191e-05
0.114032465483296,0.618692376568525,-0.00641756384732132,-1.02185569716031,-0.000412909166161214,0.0862209793768722,-0.000413666467972544,-0.786140538200742,-1.97985390424163e-05
0.114823297555707,0.61869189063643,-0.00646210877737447,-1.02185622429613,-0.000415770734308459,0.0862210564377372,-0.000416543873356863,-0.786142254851488,-1.98408388293325e-05
0.115619614165913,0.618691397835532,-0.00650696342467972,-1.02185675877481,-0.000418652105353462,0.0862211345552725,-0.000419441412441659,-0.786143995254224,-1.98814491434995e-05
0.116421453349997,0.618690898067299,-0.00655212995347017,-1.02185730069873,-0.000421553415734004,0.0862212137437426,-0.000422359228560595,-0.786145759735604,-1.99203169925569e-05
0.117228853407829,0.618690391231748,-0.00659761054331964,-1.02185785017167,-0.000424474802814991,0.0862212940175982,-0.000425297466117728,-0.786147548626719,-1.99573881610737e-05
0.118041852904894,0.618689877227418,-0.0066434073892558,-1.02185840729889,-0.000427416404894439,0.0862213753914782,-0.000428256270596487,-0.786149362263154,-1.99926071845422e-05
0.118860490674132,0.618689355951353,-0.00668952270187395,-1.02185897218711,-0.000430378361209596,0.0862214578802128,-0.000431235788568742,-0.786151200985051,-2.00259173228495e-05
0.1196848058178,0.618688827299074,-0.00673595870745192,-1.02185954494453,-0.000433360811942958,0.0862215414988248,-0.000434236167703976,-0.786153065137166,-2.00572605330157e-05
0.120514837709331,0.61868829116456,-0.00678271764806576,-1.02186012568087,-0.000436363898228419,0.0862216262625326,-0.000437257556778549,-0.786154955068931,-2.00865774414374e-05
0.12135062599522,0.618687747440219,-0.0068298017817065,-1.02186071450739,-0.000439387762157418,0.0862217121867523,-0.000440300105685057,-0.786156871134517,-2.01138073157164e-05
0.122192210596917,0.618687196016868,-0.00687721338239768,-1.02186131153689,-0.000442432546785122,0.0862217992871,-0.000443363965441794,-0.786158813692894,-2.01388880356201e-05
0.123039631712731,0.618686636783706,-0.00692495474031402,-1.02186191688375,-0.000445498396136661,0.0862218875793944,-0.000446449288202305,-0.786160783107897,-2.01617560637857e-05
0.123892929819754,0.618686069628288,-0.00697302816190089,-1.02186253066395,-0.000448585455213322,0.086221977079659,-0.000449556227265055,-0.786162779748287,-2.01823464154316e-05
0.124752145675793,0.618685494436502,-0.00702143596999485,-1.0218631529951,-0.000451693869998902,0.0862220678041246,-0.000452684937083185,-0.786164803987819,-2.02005926278198e-05
0.125617320321316,0.618684911092541,-0.00707018050394518,-1.02186378399643,-0.00045482378746598,0.0862221597692319,-0.000455835573274384,-0.786166856205303,-2.02164267288363e-05
0.126488495081411,0.618684319478877,-0.00711926411973638,-1.02186442378885,-0.000457975355582268,0.0862222529916337,-0.00045900829263086,-0.786168936784678,-2.02297792050651e-05
0.127365711567764,0.618683719476234,-0.00716868919011155,-1.02186507249497,-0.00046114872331701,0.0862223474881975,-0.000462203253129416,-0.786171046115071,-2.02405789691204e-05
0.128249011680643,0.61868311096356,-0.00721845810469698,-1.02186573023909,-0.000464344040647387,0.0862224432760081,-0.00046542061394164,-0.786173184590869,-2.02487533263532e-05
0.129138437610901,0.618682493818002,-0.00726857327012766,-1.02186639714727,-0.000467561458564941,0.0862225403723702,-0.000468660535444203,-0.786175352611789,-2.02542279408441e-05
0.130034031841991,0.618681867914872,-0.00731903711017377,-1.02186707334731,-0.000470801129082097,0.0862226387948107,-0.000471923179229262,-0.786177550582944,-2.02569268007852e-05
0.130935837151994,0.618681233127625,-0.00736985206586838,-1.02186775896881,-0.000474063205238654,0.0862227385610816,-0.000475208708114996,-0.78617977891492,-2.02567721830013e-05
0.131843896615665,0.618680589327825,-0.00742102059563585,-1.02186845414318,-0.000477347841108307,0.0862228396891623,-0.000478517286156216,-0.786182038023837,-2.02536846168749e-05
0.132758253606487,0.618679936385115,-0.00747254517542182,-1.02186915900367,-0.000480655191805271,0.0862229421972624,-0.000481849078655141,-0.786184328331433,-2.02475828475421e-05
0.133678951798747,0.618679274167191,-0.00752442829882377,-1.02186987368537,-0.000483985413490854,0.0862230461038244,-0.000485204252172254,-0.786186650265129,-2.02383837981587e-05
0.134606035169616,0.618678602539767,-0.0075766724772228,-1.0218705983253,-0.000487338663380103,0.0862231514275263,-0.000488582974537287,-0.786189004258105,-2.02260025316467e-05
0.135539548001256,0.618677921366545,-0.00762928023991679,-1.02187133306235,-0.000490715099748514,0.0862232581872842,-0.000491985414860341,-0.786191390749379,-2.02103522114264e-05
0.136479534882933,0.618677230509183,-0.00768225413425419,-1.02187207803738,-0.00049411488193868,0.0862233664022552,-0.000495411743543109,-0.786193810183875,-2.0191344061532e-05
0.137426040713143,0.618676529827262,-0.00773559672576936,-1.02187283339322,-0.000497538170367084,0.0862234760918401,-0.000498862132290232,-0.786196263012506,-2.01688873257902e-05
0.138379110701763,0.618675819178256,-0.00778931059831864,-1.02187359927468,-0.000500985126530835,0.086223587275686,-0.000502336754120782,-0.786198749692253,-2.01428892262143e-05
0.139338790372205,0.618675098417493,-0.00784339835421783,-1.02187437582861,-0.000504455913014488,0.0862236999736891,-0.000505835783379867,-0.786201270686234,-2.01132549205729e-05
0.140305125563594,0.618674367398127,-0.00789786261438071,-1.02187516320391,-0.000507950693496888,0.086223814205998,-0.000509359395750373,-0.786203826463795,-2.00798874590083e-05
0.141278162432955,0.618673625971098,-0.00795270601845874,-1.02187596155155,-0.000511469632758003,0.0862239299930157,-0.000512907768264831,-0.786206417500584,-2.00426877399185e-05
0.14225794745742,0.618672873985098,-0.0080079312249819,-1.02187677102464,-0.00051501289668586,0.086224047355403,-0.00051648107931742,-0.786209044278632,-2.00015544647714e-05
0.143244527436446,0.618672111286538,-0.00806354091150064,-1.0218775917784,-0.000518580652283447,0.0862241663140813,-0.0005200795086761,-0.78621170728644,-1.99563840921207e-05
0.14423794949405,0.618671337719509,-0.00811953777472924,-1.02187842397024,-0.000522173067675673,0.0862242868902352,-0.000523703237494895,-0.786214407019057,-1.99070707906229e-05
0.145238261081064,0.618670553125743,-0.00817592453069004,-1.02187926775977,-0.000525790312116419,0.086224409105316,-0.000527352448326292,-0.786217143978168,-1.98535063912417e-05
0.146245509977397,0.61866975734458,-0.0082327039148592,-1.02188012330883,-0.00052943255599546,0.0862245329810438,-0.000531027325133807,-0.786219918672177,-1.97955803381555e-05
0.147259744294318,0.618668950212923,-0.00828987868231352,-1.02188099078152,-0.000533099970845601,0.0862246585394111,-0.000534728053304676,-0.786222731616295,-1.97331796390962e-05
0.148281012476756,0.618668131565205,-0.00834745160787842,-1.02188187034424,-0.000536792729349729,0.0862247858026855,-0.000538454819662687,-0.786225583332628,-1.96661888143407e-05
0.149309363305612,0.618667301233346,-0.0084054254862774,-1.02188276216572,-0.000540511005347926,0.0862249147934128,-0.000542207812481188,-0.786228474350261,-1.95944898448083e-05
0.150344845900091,0.618666459046711,-0.00846380313228243,-1.02188366641705,-0.000544254973844624,0.0862250455344198,-0.000545987221496191,-0.786231405205351,-1.95179621191796e-05
0.151387509720044,0.618665604832073,-0.00852258738086606,-1.02188458327173,-0.000548024811015761,0.0862251780488175,-0.000549793237919694,-0.786234376441219,-1.94364823797588e-05
0.152437404568337,0.618664738413566,-0.00858178108735424,-1.02188551290565,-0.000551820694216021,0.0862253123600042,-0.000553626054453093,-0.786237388608435,-1.93499246673931e-05
0.153494580593225,0.618663859612645,-0.00864138712758104,-1.02188645549719,-0.000555642801986025,0.086225448491668,-0.000557485865300791,-0.786240442264918,-1.92581602652744e-05
0.154559088290748,0.618662968248045,-0.00870140839804412,-1.02188741122724,-0.000559491314059621,0.0862255864677909,-0.000561372866183941,-0.786243537976024,-1.91610576414578e-05
0.155630978507143,0.618662064135728,-0.00876184781606199,-1.02188838027919,-0.000563366411371165,0.0862257263126508,-0.000565287254354371,-0.786246676314642,-1.90584823904424e-05
0.156710302441275,0.618661147088849,-0.00882270831993228,-1.02188936283901,-0.000567268276062837,0.0862258680508253,-0.000569229228608642,-0.78624985786129,-1.8950297173366e-05
0.15779711164708,0.618660216917701,-0.00888399286909138,-1.02189035909529,-0.000571197091492,0.0862260117071946,-0.000573198989302288,-0.786253083204214,-1.88363616572262e-05
0.158891458036027,0.618659273429673,-0.00894570444427576,-1.02189136923923,-0.000575153042238555,0.0862261573069447,-0.000577196738364234,-0.78625635293948,-1.87165324525215e-05
0.159993393879601,0.618658316429202,-0.00900784604768423,-1.02189239346474,-0.000579136314112376,0.0862263048755703,-0.000581222679311353,-0.786259667671079,-1.85906630500929e-05
0.161102971811794,0.618657345717723,-0.00907042070314182,-1.02189343196842,-0.00058314709416072,0.0862264544388783,-0.000585277017263219,-0.786263028011024,-1.84586037563356e-05
0.162220244831628,0.618656361093619,-0.00913343145626504,-1.02189448494965,-0.000587185570675657,0.0862266060229907,-0.000589359958957013,-0.786266434579449,-1.83202016272449e-05
0.163345266305675,0.618655362352174,-0.00919688137462846,-1.02189555261056,-0.000591251933201618,0.0862267596543481,-0.00059347171276263,-0.786269888004716,-1.81753004011784e-05
0.164478089970617,0.618654349285521,-0.00926077354793298,-1.02189663515617,-0.000595346372542837,0.0862269153597125,-0.000597612488697952,-0.786273388923515,-1.80237404301814e-05
0.165618769935804,0.618653321682588,-0.00932511108817503,-1.02189773279432,-0.000599469080770913,0.0862270731661709,-0.000601782498444286,-0.786276937980971,-1.78653586100294e-05
0.166767360685846,0.618652279329045,-0.00938989712981768,-1.02189884573579,-0.000603620251232395,0.0862272331011383,-0.000605981955362012,-0.786280535830745,-1.76999883087711e-05
0.167923917083208,0.618651222007253,-0.00945513482996314,-1.0218999741943,-0.000607800078556302,0.086227395192361,-0.000610211074506408,-0.786284183135147,-1.75274592938771e-05
0.169088494370839,0.618650149496207,-0.00952082736852651,-1.02190111838659,-0.00061200875866179,0.0862275594679196,-0.000614470072643657,-0.786287880565237,-1.73475976580628e-05
0.170261148174801,0.618649061571481,-0.00958697794841138,-1.02190227853241,-0.000616246488765761,0.0862277259562328,-0.000618759168267063,-0.786291628800942,-1.71602257433706e-05
0.171441934506935,0.618647958005169,-0.00965358979568635,-1.0219034548546,-0.000620513467390511,0.0862278946860601,-0.000623078581613423,-0.786295428531159,-1.69651620640088e-05
0.172630909767531,0.618646838565831,-0.0097206661597639,-1.02190464757913,-0.000624809894371393,0.0862280656865055,-0.000627428534679657,-0.78629928045387,-1.67622212274288e-05
0.173828130748022,0.618645703018429,-0.00978821031358004,-1.02190585693512,-0.000629135970864569,0.0862282389870203,-0.000631809251239577,-0.786303185276254,-1.65512138540144e-05
0.1750336546337,0.618644551124272,-0.00985622555377594,-1.02190708315493,-0.000633491899354615,0.0862284146174069,-0.000636220956860905,-0.786307143714803,-1.63319464950018e-05
0.176247539006444,0.618643382640951,-0.00992471520088099,-1.02190832647416,-0.00063787788366244,0.0862285926078215,-0.000640663878922461,-0.786311156495432,-1.61042215489765e-05
0.177469841847474,0.618642197322278,-0.00999368259949741,-1.02190958713171,-0.000642294128952864,0.0862287729887782,-0.000645138246631591,-0.7863152243536,-1.58678371764281e-05
0.178700621540116,0.618640994918223,-0.0100631311184865,-1.02191086536985,-0.000646740841742495,0.0862289557911512,-0.000649644291041774,-0.786319348034424,-1.56225872129656e-05
0.179939936872594,0.618639775174851,-0.0101330641511565,-1.02191216143422,-0.000651218229907494,0.086229141046179,-0.00065418224507049,-0.7863235282928,-1.53682610804229e-05
0.181187847040838,0.618638537834252,-0.0102034851154523,-1.02191347557394,-0.000655726502691426,0.0862293287854674,-0.000658752343517242,-0.786327765893524,-1.51046436966118e-05
0.182444411651309,0.618637282634476,-0.0102743974541459,-1.0219148080416,-0.000660265870713047,0.0862295190409926,-0.000663354823081858,-0.786332061611407,-1.4831515382896e-05
0.183709690723849,0.618636009309468,-0.01034580463503,-1.02191615909334,-0.000664836545974136,0.0862297118451045,-0.000667989922382998,-0.786336416231405,-1.4548651770141e-05
0.184983744694544,0.618634717588992,-0.0104177101511117,-1.02191752898891,-0.000669438741867433,0.0862299072305303,-0.00067265788197685,-0.786340830548738,-1.42558237029994e-05
0.186266634418617,0.618633407198566,-0.0104901175208095,-1.02191891799167,-0.000674072673184489,0.0862301052303775,-0.000677358944376133,-0.786345305369015,-1.39527971417808e-05
0.187558421173328,0.618632077859388,-0.01056303028815,-1.02192032636872,-0.000678738556123475,0.0862303058781372,-0.000682093354069256,-0.786349841508362,-1.36393330629481e-05
0.188859166660905,0.61863072928826,-0.0106364520229683,-1.02192175439088,-0.00068343660829721,0.0862305092076873,-0.000686861357539764,-0.786354439793548,-1.33151873573101e-05
0.190168933011491,0.618629361197519,-0.0107103863211091,-1.02192320233278,-0.000688167048740987,0.0862307152532959,-0.000691663203286004,-0.786359101062114,-1.29801107263267e-05
0.191487782786108,0.618627973294954,-0.0107848368046294,-1.02192467047291,-0.000692930097920541,0.0862309240496243,-0.000696499141841038,-0.786363826162502,-1.26338485763738e-05
0.192815778979652,0.618626565283733,-0.0108598071220036,-1.02192615909367,-0.000697725977739986,0.0862311356317306,-0.000701369425792815,-0.786368615954189,-1.22761409109134e-05
0.194152985023894,0.618625136862323,-0.0109353009483298,-1.02192766848142,-0.000702554911549719,0.0862313500350725,-0.000706274309804559,-0.786373471307814,-1.19067222204977e-05
0.195499464790516,0.618623687724409,-0.0110113219855384,-1.02192919892655,-0.000707417124154428,0.0862315672955106,-0.000711214050635453,-0.786378393105318,-1.15253213708866e-05
0.196855282594159,0.618622217558811,-0.0110878739626021,-1.02193075072352,-0.000712312841821029,0.0862317874493118,-0.000716188907161569,-0.786383382240074,-1.11316614884865e-05
0.198220503195496,0.618620726049402,-0.0111649606357479,-1.02193232417095,-0.000717242292286587,0.086232010533152,-0.000721199140397029,-0.786388439617025,-1.07254598439993e-05
0.199595191804325,0.618619212875022,-0.0112425857886708,-1.02193391957162,-0.000722205704766367,0.0862322365841199,-0.000726245013515469,-0.786393566152822,-1.03064277337667e-05
0.200979414082682,0.618617677709392,-0.0113207532327498,-1.02193553723261,-0.000727203309961733,0.0862324656397192,-0.000731326791871759,-0.786398762775962,-9.874270358326e-06
0.202373236147981,0.618616120221025,-0.0113994668072651,-1.02193717746527,-0.000732235340068166,0.0862326977378726,-0.000736444743023989,-0.78640403042693,-9.42868669921715e-06
0.203776724576168,0.618614540073135,-0.0114787303796178,-1.02193884058536,-0.000737302028783207,0.0862329329169242,-0.000741599136755738,-0.786409370058336,-8.96936939312476e-06
0.205189946404906,0.618612936923549,-0.0115585478455509,-1.02194052691306,-0.00074240361131445,0.0862331712156427,-0.000746790245098605,-0.786414782635063,-8.49600460343936e-06
0.206612969136771,0.618611310424606,-0.0116389231293731,-1.02194223677307,-0.000747540324387511,0.0862334126732246,-0.000752018342355079,-0.786420269134406,-8.00827188948694e-06
0.208045860742482,0.61860966022307,-0.0117198601841833,-1.02194397049465,-0.000752712406253978,0.0862336573292968,-0.000757283705121613,-0.78642583054622,-7.50584407328836e-06
0.209488689664142,0.61860798596003,-0.0118013629920984,-1.02194572841167,-0.000757920096699366,0.0862339052239197,-0.000762586612312059,-0.786431467873067,-6.98838710361249e-06
0.210941524818514,0.618606287270797,-0.0118834355644821,-1.02194751086274,-0.000763163637051107,0.0862341563975902,-0.000767927345181368,-0.786437182130363,-6.45555991746205e-06
0.212404435600306,0.618604563784809,-0.011966081942176,-1.0219493181912,-0.000768443270186457,0.0862344108912442,-0.000773306187349601,-0.786442974346524,-5.90701429871443e-06
0.21387749188549,0.618602815125525,-0.0120493061957326,-1.02195115074523,-0.000773759240540458,0.0862346687462597,-0.000778723424826229,-0.786448845563122,-5.34239473445886e-06
0.215360764034637,0.618601040910322,-0.0121331124256507,-1.02195300887791,-0.000779111794113812,0.0862349300044593,-0.00078417934603476,-0.786454796835032,-4.76133826807223e-06
0.21685432289628,0.618599240750387,-0.0122175047626126,-1.02195489294729,-0.000784501178480865,0.0862351947081129,-0.000789674241837668,-0.786460829230587,-4.16347434982478e-06
0.218358239810298,0.618597414250608,-0.0123024873677227,-1.02195680331647,-0.000789927642797415,0.0862354628999407,-0.00079520840556164,-0.786466943831733,-3.54842468436312e-06
0.21987258661132,0.618595561009464,-0.0123880644327494,-1.02195874035366,-0.000795391437808664,0.0862357346231153,-0.000800782133023137,-0.786473141734179,-2.91580307559824e-06
0.22139743563216,0.618593680618915,-0.0124742401803683,-1.02196070443224,-0.000800892815856984,0.0862360099212643,-0.0008063957225543,-0.786479424047564,-2.26521526813794e-06
0.222932859707273,0.618591772664279,-0.0125610188644074,-1.02196269593087,-0.000806432030889846,0.086236288838473,-0.000812049475029169,-0.786485791895602,-1.59625878631831e-06
0.224478932176229,0.618589836724123,-0.0126484047700949,-1.02196471523352,-0.000812009338467555,0.0862365714192868,-0.000817743693890234,-0.786492246416253,-9.0852276944664e-07
0.22603572688722,0.61858787237014,-0.0127364022143085,-1.02196676272961,-0.000817624995771052,0.0862368577087129,-0.000823478685175338,-0.786498788761876,-2.01587804574133e-07
0.227603318200585,0.618585879167025,-0.0128250155458279,-1.021968838814,-0.000823279261609695,0.0862371477522233,-0.000829254757544913,-0.786505420099392,5.24974244395238e-07
0.229181780992365,0.618583856672355,-0.0129142491455881,-1.02197094388714,-0.000828972396428953,0.0862374415957567,-0.000835072222309558,-0.786512141610449,1.27160041052399e-06
0.230771190657875,0.618581804436459,-0.0130041074269357,-1.02197307835514,-0.000834704662318123,0.0862377392857204,-0.000840931393458004,-0.786518954491586,2.03873680128253e-06
0.23237162311531,0.618579722002293,-0.0130945948358877,-1.02197524262982,-0.000840476323017907,0.0862380408689925,-0.000846832587685383,-0.786525859954393,2.82683877898815e-06
0.233983154809368,0.618577608905302,-0.0131857158513914,-1.02197743712879,-0.00084628764392812,0.0862383463929236,-0.000852776124421896,-0.786532859225686,3.63637114499105e-06
0.235605862714901,0.618575464673291,-0.0132774749855873,-1.02197966227557,-0.000852138892115262,0.0862386559053391,-0.00085876232586183,-0.786539953547667,4.46780832696891e-06
0.237239824340596,0.61857328882629,-0.0133698767840746,-1.02198191849967,-0.000858030336319964,0.0862389694545402,-0.000864791516992972,-0.786547144178098,5.32163457028778e-06
0.238885117732672,0.618571080876409,-0.0134629258261776,-1.02198420623663,-0.000863962246964556,0.0862392870893062,-0.000870864025626355,-0.786554432390466,6.19834413226328e-06
0.240541821478611,0.618568840327697,-0.0135566267252159,-1.02198652592815,-0.000869934896160465,0.0862396088588955,-0.000876980182426415,-0.786561819474161,7.09844148076566e-06
0.242210014710909,0.618566566676004,-0.0136509841287757,-1.02198887802217,-0.000875948557715608,0.0862399348130474,-0.000883140320941553,-0.786569306734642,8.02244149611386e-06
0.24388977711086,0.618564259408824,-0.013746002718984,-1.02199126297295,-0.000882003507141692,0.0862402650019832,-0.000889344777635017,-0.786576895493611,8.97086967679983e-06
0.24558118891236,0.618561918005151,-0.0138416872127851,-1.02199368124116,-0.000888100021661543,0.0862405994764071,-0.000895593891916276,-0.786584587089192,9.94426234933454e-06
0.247284330905736,0.618559541935323,-0.0139380423622189,-1.02199613329397,-0.000894238380216267,0.0862409382875079,-0.000901888006172699,-0.786592382876102,1.09431668815774e-05
0.24899928444161,0.618557130660866,-0.0140350729547022,-1.02199861960518,-0.000900418863472387,0.0862412814869593,-0.000908227465801707,-0.786600284225829,1.19681419003675e-05
0.250726131434783,0.618554683634336,-0.0141327838133119,-1.02200114065524,-0.000906641753828923,0.0862416291269211,-0.000914612619243318,-0.78660829252681,1.30197575131524e-05
0.252464954368146,0.618552200299154,-0.0142311797970707,-1.02200369693143,-0.000912907335424401,0.0862419812600395,-0.000921043818013077,-0.78661640918461,1.40985955335848e-05
0.254215836296621,0.618549680089443,-0.0143302658012348,-1.0220062889279,-0.000919215894143774,0.0862423379394478,-0.00092752141673546,-0.7866246356221,1.52052497114363e-05
0.25597886085113,0.618547122429856,-0.014430046757585,-1.02200891714579,-0.000925567717625246,0.0862426992187668,-0.000934045773177661,-0.786632973279638,1.63403259667155e-05
0.257754112242586,0.618544526735408,-0.014530527634719,-1.02201158209331,-0.000931963095267045,0.0862430651521047,-0.000940617248283822,-0.786641423615252,1.75044426279636e-05
0.259541675265918,0.618541892411295,-0.0146317134383462,-1.02201428428589,-0.000938402318234076,0.0862434357940574,-0.00094723620620971,-0.786649988104821,1.8698230675393e-05
0.261341635304121,0.618539218852722,-0.0147336092115864,-1.02201702424622,-0.000944885679464536,0.0862438111997082,-0.000953903014357832,-0.786658668242257,1.99223339877597e-05
0.263154078332332,0.618536505444711,-0.0148362200352687,-1.02201980250442,-0.000951413473676294,0.0862441914246277,-0.000960618043412977,-0.786667465539695,2.11774095944667e-05
0.26497909092194,0.618533751561927,-0.0149395510282345,-1.02202261959807,-0.000957985997373401,0.0862445765248728,-0.000967381667378248,-0.78667638152767,2.24641279319843e-05
0.266816760244719,0.618530956568478,-0.015043607347642,-1.0220254760724,-0.000964603548852239,0.0862449665569866,-0.0009741942636115,-0.786685417755308,2.37831731046551e-05
0.268667174076992,0.618528119817725,-0.015148394189274,-1.02202837248035,-0.000971266428207759,0.0862453615779971,-0.000981056212862303,-0.786694575790511,2.51352431508561e-05
0.270530420803823,0.618525240652086,-0.0152539167878469,-1.02203130938267,-0.000977974937339459,0.0862457616454162,-0.00098796789930931,-0.786703857220146,2.65210503135882e-05
0.27240658942324,0.618522318402837,-0.0153601804173237,-1.02203428734809,-0.000984729379957361,0.0862461668172386,-0.00099492971059816,-0.786713263650229,2.7941321316019e-05
0.274295769550488,0.618519352389899,-0.0154671903912279,-1.02203730695337,-0.00099153006158777,0.0862465771519399,-0.00100194203787979,-0.78672279670612,2.93967976420784e-05
0.276198051422303,0.618516341921638,-0.0155749520629611,-1.02204036878345,-0.000998377289578863,0.086246992708475,-0.0010090052758493,-0.786732458032703,3.08882358221185e-05
0.278113525901229,0.618513286294648,-0.0156834708261223,-1.02204347343158,-0.00100527137310634,0.0862474135462764,-0.00101611982278527,-0.786742249294586,3.24164077237371e-05
0.280042284479955,0.618510184793533,-0.0157927521148302,-1.02204662149941,-0.00101221262317875,0.0862478397252516,-0.00102328608058956,-0.786752172176286,3.39821008476099e-05
0.281984419285683,0.618507036690685,-0.0159028014040473,-1.02204981359711,-0.00101920135264264,0.0862482713057807,-0.00103050445482767,-0.786762228382419,3.55861186289858e-05
0.283940023084533,0.618503841246063,-0.0160136242099074,-1.02205305034353,-0.00102623787618768,0.0862487083487139,-0.00103777535476951,-0.786772419637894,3.72292807442609e-05
0.285909189285972,0.618500597706955,-0.0161252260900448,-1.0220563323663,-0.00103332251035161,0.086249150915368,-0.00104509919343079,-0.786782747688103,3.89124234232846e-05
0.287892011947275,0.61849730530775,-0.0162376126439261,-1.02205966030195,-0.00104045557352484,0.0862495990675238,-0.0010524763876148,-0.786793214299116,4.06363997667858e-05
0.289888585778017,0.618493963269696,-0.0163507895131852,-1.02206303479606,-0.00104763738595518,0.086250052867422,-0.00105990735795489,-0.786803821257868,4.24020800699892e-05
0.291899006144599,0.618490570800656,-0.0164647623819596,-1.02206645650335,-0.00105486826975205,0.0862505123777595,-0.00106739252895726,-0.786814570372356,4.42103521514775e-05
0.293923369074803,0.618487127094858,-0.0165795369772299,-1.02206992608787,-0.00106214854889074,0.0862509776616854,-0.00107493232904445,-0.786825463471833,4.60621216882007e-05
0.295961771262377,0.618483631332642,-0.0166951190691623,-1.02207344422311,-0.00106947854921636,0.0862514487827964,-0.00108252719059932,-0.786836502406996,4.79583125560651e-05
0.298014310071653,0.618480082680203,-0.016811514471452,-1.02207701159212,-0.00107685859844764,0.0862519258051318,-0.00109017755000954,-0.786847689050183,4.98998671768641e-05
0.300081083542203,0.618476480289325,-0.0169287290416705,-1.02208062888765,-0.00108428902618045,0.0862524087931688,-0.00109788384771262,-0.786859025295563,5.18877468708295e-05
0.302162190393513,0.618472823297113,-0.0170467686816151,-1.02208429681233,-0.00109177016389117,0.0862528978118167,-0.00110564652824161,-0.786870513059333,5.39229322155804e-05
0.304257730029708,0.618469110825718,-0.01716563933766,-1.02208801607877,-0.00109930234493968,0.0862533929264111,-0.00111346604027118,-0.786882154279908,5.6006423411567e-05
0.306367802544292,0.61846534198206,-0.0172853470011108,-1.02209178740972,-0.00110688590457243,0.086253894202708,-0.00112134283666441,-0.786893950918114,5.81392406531489e-05
0.308492508724934,0.618461515857538,-0.0174058977085613,-1.02209561153822,-0.0011145211799248,0.0862544017068767,-0.0011292773745201,-0.78690590495738,6.03224245069589e-05
0.31063195005828,0.618457631527744,-0.0175272975422519,-1.02209948920777,-0.00112220851002363,0.0862549155054934,-0.00113727011522062,-0.786918018403934,6.25570362959849e-05
0.312786228734801,0.618453688052166,-0.0176495526304315,-1.02210342117242,-0.00112994823578919,0.0862554356655336,-0.00114532152448037,-0.786930293286989,6.4844158490715e-05
0.314955447653674,0.618449684473884,-0.017772669147721,-1.02210740819699,-0.001137740700037,0.086255962254364,-0.00115343207239485,-0.786942731658937,6.71848951068893e-05
0.317139710427697,0.618445619819263,-0.0178966533154798,-1.0221114510572,-0.00114558624747936,0.086256495339735,-0.00116160223349024,-0.786955335595542,6.95803721097316e-05
0.319339121388238,0.618441493097639,-0.0180215114021738,-1.02211555053983,-0.00115348522472651,0.0862570349897714,-0.00116983248677367,-0.786968107196127,7.20317378257451e-05
0.321553785590219,0.618437303300999,-0.018147249723747,-1.02211970744285,-0.00116143798028755,0.0862575812729637,-0.00117812331578402,-0.786981048583763,7.45401633606702e-05
0.323783808817133,0.618433049403656,-0.0182738746439941,-1.02212392257566,-0.00116944486457096,0.0862581342581585,-0.00118647520864335,-0.78699416190546,7.7106843025157e-05
0.326029297586097,0.618428730361913,-0.0184013925749359,-1.02212819675919,-0.00117750622988491,0.0862586940145483,-0.0011948886581089,-0.787007449332353,7.97329947669623e-05
0.328290359152942,0.618424345113728,-0.0185298099771977,-1.02213253082608,-0.00118562243043701,0.0862592606116612,-0.00120336416162579,-0.78702091305989,8.24198606110549e-05
0.330567101517332,0.618419892578365,-0.0186591333603887,-1.02213692562086,-0.00119379382233389,0.0862598341193497,-0.00121190222138021,-0.787034555308015,8.51687071065088e-05
0.332859633427924,0.618415371656043,-0.0187893692834845,-1.02214138200015,-0.0012020207635804,0.0862604146077794,-0.00122050334435334,-0.787048378321355,8.79808257812087e-05
0.335168064387565,0.618410781227576,-0.0189205243552112,-1.02214590083279,-0.00121030361407826,0.0862610021474165,-0.00122916804237583,-0.787062384369402,9.08575336039524e-05
0.337492504658521,0.618406120154008,-0.0190526052344327,-1.02215048300003,-0.00121864273562444,0.0862615968090156,-0.00123789683218297,-0.787076575746695,9.380017345402e-05
0.339833065267741,0.618401387276239,-0.0191856186305383,-1.02215512939574,-0.00122703849190907,0.0862621986636064,-0.00124669023547036,-0.787090954772999,9.68101145985556e-05
0.342189858012163,0.618396581414646,-0.0193195713038345,-1.02215984092657,-0.00123549124851307,0.0862628077824797,-0.00125554877895042,-0.787105523793486,9.98887531780124e-05
0.344562995464054,0.61839170136869,-0.0194544700659371,-1.02216461851215,-0.00124400137290492,0.0862634242371735,-0.00126447299440932,-0.787120285178909,0.000103037512699175
0.346952590976386,0.618386745916529,-0.0195903217801665,-1.02216946308526,-0.00125256923443758,0.0862640480994574,-0.00127346341876474,-0.787135241325779,0.0001062578445363
0.349358758688252,0.618381713814608,-0.0197271333619441,-1.02217437559205,-0.00126119520434433,0.0862646794413176,-0.00128252059412414,-0.787150394656536,0.000109551228440224
0.351781613530314,0.618376603797251,-0.0198649117791914,-1.02217935699221,-0.00126987965573451,0.0862653183349402,-0.00129164506784376,-0.787165747619724,0.000112919173056072
0.354221271230298,0.618371414576243,-0.0200036640527302,-1.0221844082592,-0.00127862296358857,0.0862659648526948,-0.00130083739258822,-0.787181302690153,0.000116363216448687
0.356677848318515,0.618366144840402,-0.0201433972566855,-1.02218953038043,-0.00128742550475263,0.0862666190671161,-0.00131009812639083,-0.787197062369071,0.000119884926636768
0.359151462133436,0.618360793255148,-0.020284118518889,-1.02219472435745,-0.00129628765793256,0.0862672810508864,-0.00131942783271449,-0.787213029184328,0.000123485902135428
0.361642230827288,0.618355358462054,-0.0204258350212857,-1.02219999120621,-0.00130520980368726,0.0862679508768162,-0.0013288270805133,-0.787229205690532,0.000127167772507403
0.364150273371703,0.6183498390784,-0.0205685540003409,-1.02220533195722,-0.00131419232442168,0.0862686286178246,-0.00133829644429482,-0.78724559446921,0.00013093219892274
0.366675709563398,0.61834423369671,-0.0207122827474496,-1.02221074765579,-0.00132323560437889,0.0862693143469186,-0.00134783650418299,-0.787262198128968,0.000134780874726986
0.369218660029898,0.618338540884283,-0.0208570286093473,-1.02221623936225,-0.00133234002963183,0.0862700081371721,-0.00135744784598168,-0.787279019305635,0.000138715526019101
0.371779246235299,0.618332759182719,-0.0210027989885216,-1.02222180815216,-0.00134150598807414,0.0862707100617035,-0.00136713106123898,-0.787296060662418,0.00014273791223729
0.374357590486067,0.618326887107429,-0.0211496013436264,-1.02222745511654,-0.00135073386941055,0.0862714201936531,-0.00137688674731211,-0.787313324890047,0.000146849826754336
0.376953815936883,0.618320923147139,-0.021297443189896,-1.02223318136211,-0.00136002406514621,0.0862721386061593,-0.00138671550743298,-0.787330814706916,0.000151053097482201
0.379568046596523,0.618314865763387,-0.0214463320995621,-1.02223898801149,-0.00136937696857585,0.0862728653723341,-0.00139661795077445,-0.787348532859221,0.000155349587485226
0.382200407333782,0.618308713390007,-0.02159627570227,-1.02224487620347,-0.00137879297477161,0.0862736005652373,-0.00140659469251728,-0.787366482121097,0.000159741195603247
0.384851023883439,0.618302464432604,-0.0217472816854977,-1.02225084709325,-0.00138827248057045,0.0862743442578508,-0.00141664635391767,-0.787384665294747,0.000164229857083836
0.387520022852263,0.618296117268022,-0.0218993577949749,-1.02225690185264,-0.00139781588456069,0.0862750965230505,-0.00142677356237558,-0.787403085210566,0.000168817544223626
0.390207531725059,0.6182896702438,-0.0220525118351031,-1.02226304167036,-0.00140742358706754,0.0862758574335789,-0.00143697695150358,-0.787421744727269,0.000173506267019813
0.392913678870758,0.618283121677613,-0.0222067516693766,-1.02226926775226,-0.00141709599013817,0.0862766270620153,-0.00144725716119652,-0.787440646732,0.000178298073830685
0.395638593548549,0.618276469856714,-0.0223620852208047,-1.02227558132157,-0.00142683349752539,0.0862774054807462,-0.00145761483770174,-0.787459794140451,0.000183195052046281
0.398382405914052,0.618269713037356,-0.0225185204723332,-1.02228198361919,-0.00143663651467075,0.0862781927619336,-0.00146805063369001,-0.78747918989697,0.000188199328768568
0.401145247025537,0.618262849444206,-0.0226760654672679,-1.02228847590392,-0.0014465054486867,0.086278988977483,-0.00147856520832712,-0.787498836974655,0.000193313071501416
0.403927248850181,0.618255877269749,-0.0228347283096975,-1.02229505945274,-0.00145644070833743,0.0862797941990103,-0.00148915922734608,-0.787518738375459,0.000198538488850597
0.406728544270374,0.618248794673681,-0.0229945171649167,-1.02230173556107,-0.00146644270401919,0.0862806084978071,-0.00149983336312008,-0.787538897130279,0.000203877831233934
0.409549267090063,0.618241599782292,-0.0231554402598507,-1.02230850554309,-0.00147651184773913,0.0862814319448056,-0.001510588294736,-0.787559316299039,0.000209333391600924
0.412389552041149,0.618234290687835,-0.0233175058834778,-1.02231537073193,-0.00148664855309318,0.0862822646105416,-0.00152142470806864,-0.787579998970771,0.000214907506163514
0.415249534789915,0.618226865447883,-0.0234807223872538,-1.02232233248005,-0.00149685323524305,0.0862831065651171,-0.00153234329585551,-0.787600948263688,0.000220602555135507
0.418129351943512,0.61821932208468,-0.0236450981855348,-1.02232939215948,-0.00150712631089167,0.0862839578781612,-0.00154334475777239,-0.787622167325251,0.000226420963484131
0.421029141056481,0.618211658584475,-0.0238106417559999,-1.02233655116209,-0.00151746819825772,0.0862848186187901,-0.00155442980050937,-0.787643659332224,0.000232365201690149
0.423949040637325,0.618203872896845,-0.0239773616400748,-1.02234381089995,-0.00152787931704879,0.0862856888555651,-0.00156559913784768,-0.787665427490735,0.000238437786519385
0.426889190155123,0.618195962934006,-0.0241452664433518,-1.02235117280557,-0.00153836008843329,0.0862865686564507,-0.00157685349073698,-0.787687475036314,0.000244641281804375
0.429849730046193,0.618187926570112,-0.0243143648360123,-1.02235863833225,-0.00154891093501099,0.0862874580887703,-0.00158819358737342,-0.787709805233932,0.000250978299236621
0.432830801720801,0.618179761640545,-0.0244846655532458,-1.02236620895436,-0.0015595322807824,0.0862883572191609,-0.00159962016327816,-0.787732421378036,0.000257451499168532
0.435832547569911,0.618171465941184,-0.0246561773956694,-1.02237388616769,-0.0015702245511163,0.0862892661135263,-0.00161113396137667,-0.787755326792565,0.000264063591427638
0.438855110971994,0.61816303722767,-0.0248289092297448,-1.02238167148973,-0.00158098817271633,0.0862901848369894,-0.00162273573207838,-0.787778524830966,0.000270817336139456
0.441898636299867,0.618154473214652,-0.0250028699881948,-1.02238956646003,-0.00159182357358557,0.0862911134538426,-0.00163442623335718,-0.787802018876203,0.000277715544562268
0.444963268927599,0.618145771575022,-0.0251780686704174,-1.02239757264052,-0.00160273118299009,0.0862920520274971,-0.00164620623083231,-0.787825812340744,0.000284761079932139
0.448049155237445,0.618136929939137,-0.0253545143428986,-1.02240569161583,-0.00161371143142022,0.0862930006204301,-0.00165807649784983,-0.787849908666561,0.000291956858318454
0.451156442626847,0.61812794589403,-0.0255322161396231,-1.02241392499366,-0.0016247647505508,0.0862939592941315,-0.00167003781556477,-0.787874311325095,0.000299305849490616
0.454285279515466,0.618118816982597,-0.0257111832624824,-1.02242227440512,-0.00163589157319931,0.0862949281090482,-0.00168209097302367,-0.787899023817233,0.000306811077795011
0.457435815352278,0.618109540702786,-0.0258914249816808,-1.02243074150505,-0.00164709233328235,0.0862959071245275,-0.0016942367672477,-0.787924049673263,0.000314475623042931
0.46060820062271,0.618100114506758,-0.0260729506361389,-1.02243932797244,-0.00165836746577025,0.0862968963987581,-0.00170647600331637,-0.787949392452822,0.000322302621409032
0.463802586855826,0.61809053580004,-0.0262557696338941,-1.02244803551073,-0.00166971740663975,0.0862978959887104,-0.00171880949445159,-0.787975055744833,0.000330295266341124
0.467019126631568,0.618080801940666,-0.0264398914524977,-1.0224568658482,-0.00168114259282488,0.0862989059500746,-0.00173123806210239,-0.788001043167432,0.000338456809479831
0.470257973588042,0.618070910238295,-0.0266253256394095,-1.0224658207384,-0.0016926434621654,0.086299926337197,-0.00174376253602996,-0.78802735836788,0.000346790561589594
0.473519282428857,0.618060857953325,-0.026812081812388,-1.02247490196042,-0.00170422045335372,0.0863009572030149,-0.00175638375439323,-0.788054005022474,0.00035529989350036
0.476803208930514,0.618050642295983,-0.0270001696598779,-1.02248411131939,-0.00171587400587921,0.0863019985989901,-0.00176910256383489,-0.788080986836429,0.000363988237059548
0.480109909949849,0.618040260425405,-0.0271895989413926,-1.0224934506468,-0.00172760455997033,0.0863030505750396,-0.00178191981956779,-0.788108307543763,0.000372859086095439
0.483439543431522,0.618029709448701,-0.0273803794878927,-1.02250292180092,-0.0017394125565347,0.086304113179465,-0.00179483638546172,-0.788135970907166,0.000381915997390042
0.486792268415562,0.618018986419997,-0.0275725212021608,-1.02251252666723,-0.0017512984370965,0.0863051864588808,-0.00180785313413074,-0.788163980717845,0.000391162591663968
0.490168245044966,0.618008088339478,-0.0277660340591703,-1.02252226715878,-0.00176326264373147,0.0863062704581394,-0.0018209709470206,-0.788192340795374,0.000400602554570667
0.493567634573345,0.617997012152393,-0.0279609281064504,-1.02253214521667,-0.00177530561899952,0.0863073652202554,-0.00183419071449675,-0.788221054987515,0.000410239637701815
0.496990599372628,0.617985754748064,-0.0281572134644444,-1.02254216281042,-0.00178742780587457,0.086308470786327,-0.00184751333593251,-0.788250127170034,0.000420077659602808
0.500437302940819,0.617974312958868,-0.0283549003268643,-1.02255232193843,-0.0017996296476715,0.0863095871954563,-0.00186093971979763,-0.788279561246498,0.000430120506798914
0.503907909909802,0.617962683559206,-0.0285539989610373,-1.02256262462842,-0.00181191158797089,0.086310714484667,-0.00187447078374707,-0.788309361148058,0.000440372134831307
0.50740258605321,0.617950863264456,-0.0287545197082478,-1.02257307293786,-0.0018242740705399,0.0863118526888201,-0.00188810745471004,-0.78833953083322,0.000450836569303864
0.510921498294339,0.617938848729908,-0.0289564729840726,-1.02258366895445,-0.0018367175392514,0.0863130018405279,-0.00190185066897929,-0.788370074287598,0.000461517906939296
0.514464814714125,0.617926636549683,-0.0291598692787084,-1.02259441479653,-0.00184924243799862,0.0863141619700651,-0.00191570137230047,-0.788400995523648,0.000472420316646044
0.518032704559168,0.617914223255638,-0.0293647191572937,-1.02260531261361,-0.00186184921060796,0.0863153331052789,-0.00192966051996193,-0.788432298580393,0.000483548040594639
0.52162533824982,0.617901605316248,-0.0295710332602218,-1.0226163645868,-0.00187453830074743,0.0863165152714957,-0.00194372907688428,-0.788463987523126,0.000494905395303585
0.525242887388322,0.617888779135478,-0.0297788223034468,-1.02262757292928,-0.00188731015183227,0.0863177084914263,-0.00195790801771041,-0.788496066443098,0.000506496772735732
0.528885524767003,0.617875741051633,-0.0299880970787816,-1.02263893988684,-0.00190016520692708,0.0863189127850689,-0.00197219832689532,-0.788528539457185,0.000518326641403111
0.532553424376533,0.617862487336193,-0.030198868454187,-1.02265046773833,-0.00191310390864392,0.0863201281696093,-0.00198660099879616,-0.788561410707545,0.000530399547481686
0.536246761414231,0.617849014192629,-0.0304111473740525,-1.02266215879621,-0.00192612669903718,0.086321354659319,-0.00200111703776223,-0.788594684361246,0.000542720115935286
0.539965712292437,0.617835317755203,-0.0306249448594674,-1.022674015407,-0.00193923401949417,0.0863225922654513,-0.00201574745822487,-0.788628364609889,0.000555293051648337
0.543710454646936,0.61782139408775,-0.0308402720084825,-1.02268603995185,-0.00195242631062191,0.0863238409961345,-0.00203049328478741,-0.788662455669194,0.0005681231405672
0.547481167345445,0.617807239182442,-0.0310571399963626,-1.02269823484705,-0.00196570401213,0.0863251008562627,-0.00204535555231499,-0.788696961778583,0.000581215250850975
0.551278030496154,0.617792848958533,-0.0312755600758276,-1.02271060254458,-0.00197906756270885,0.0863263718473846,-0.00206033530602417,-0.788731887200738,0.000594574334029457
0.55510122545633,0.61777821926109,-0.0314955435772836,-1.02272314553263,-0.00199251739990392,0.0863276539675895,-0.00207543360157242,-0.788767236221131,0.000608205426170377
0.558950934840979,0.617763345859701,-0.0317171019090433,-1.02273586633618,-0.00200605395998522,0.0863289472113903,-0.00209065150514743,-0.788803013147543,0.000622113649053957
0.56282734253157,0.617748224447171,-0.0319402465575336,-1.02274876751753,-0.00201967767781211,0.0863302515696048,-0.00210599009355604,-0.78883922230956,0.000636304211355632
0.566730633684818,0.617732850638189,-0.0321649890874929,-1.02276185167691,-0.00203338898669372,0.0863315670292342,-0.00212145045431298,-0.788875868058039,0.000650782409835432
0.570660994741526,0.617717219967994,-0.032391341142155,-1.02277512145302,-0.00204718831824378,0.0863328935733381,-0.00213703368572924,-0.788912954764566,0.000665553630535665
0.574618613435493,0.617701327891004,-0.0326193144434209,-1.02278857952367,-0.00206107610223093,0.0863342311809081,-0.00215274089699996,-0.788950486820879,0.000680623349984671
0.578603678802477,0.617685169779439,-0.0328489207920169,-1.0228022286063,-0.00207505276642341,0.0863355798267377,-0.00216857320829196,-0.788988468638271,0.000695997136407056
0.582616381189231,0.617668740921925,-0.0330801720676401,-1.02281607145866,-0.00208911873642847,0.0863369394812903,-0.00218453175083079,-0.789026904646979,0.000711680650941071
0.586656912262587,0.617652036522073,-0.0333130802290883,-1.0228301108794,-0.00210327443552608,0.0863383101105636,-0.00220061766698715,-0.789065799295531,0.000727679648861196
0.590725465018618,0.617635051697042,-0.0335476573143772,-1.02284434970869,-0.00211752028449705,0.0863396916759518,-0.00221683211036282,-0.789105157050089,0.000743999980806542
0.594822233791852,0.617617781476089,-0.0337839154408416,-1.02285879082883,-0.00213185670144498,0.0863410841341048,-0.00223317624587584,-0.78914498239375,0.000760647594014507
0.598947414264556,0.617600220799096,-0.0340218668052214,-1.02287343716496,-0.00214628410161217,0.0863424874367845,-0.0022496512498451,-0.789185279825834,0.000777628533559449
0.603101203476082,0.617582364515075,-0.0342615236837318,-1.02288829168565,-0.00216080289718933,0.0863439015307184,-0.00226625831007405,-0.789226053861137,0.000794948943595636
0.607283799832281,0.617564207380664,-0.0345028984321172,-1.02290335740361,-0.0021754134971186,0.08634532635745,-0.00228299862593372,-0.789267309029168,0.000812615068604555
0.611495403114975,0.617545744058595,-0.0347460034856891,-1.02291863737634,-0.00219011630688973,0.0863467618531866,-0.00229987340844477,-0.789309049873348,0.000830633254645469
0.615736214491506,0.61752696911615,-0.0349908513593446,-1.0229341347068,-0.00220491172832993,0.0863482079486438,-0.00231688388035865,-0.789351280950192,0.000849009950609741
0.620006436524339,0.617507877023595,-0.0352374546475696,-1.02294985254415,-0.00221980015938573,0.0863496645688872,-0.00233403127623782,-0.789394006828458,0.000867751709477699
0.624306273180741,0.617488462152598,-0.0354858260244223,-1.02296579408442,-0.00223478199389822,0.0863511316331712,-0.00235131684253473,-0.789437232088269,0.000886865189577535
0.628635929842521,0.617468718774629,-0.0357359782434985,-1.02298196257123,-0.00224985762137025,0.0863526090547746,-0.00236874183766997,-0.789480961320209,0.00090635715584661
0.632995613315842,0.617448641059338,-0.035987924137877,-1.02299836129653,-0.00226502742672632,0.0863540967408328,-0.00238630753210892,-0.789525199124388,0.000926234481093469
0.637385531841099,0.617428223072921,-0.0362416766200464,-1.02301499360133,-0.0022802917900638,0.086355594592168,-0.00240401520843741,-0.789569950109477,0.00094650414726144
0.641805895102865,0.617407458776461,-0.0364972486818106,-1.02303186287644,-0.00229565108639632,0.0863571025031147,-0.00242186616143588,-0.789615218891719,0.000967173246691572
0.646256914239905,0.617386342024257,-0.0367546533941738,-1.02304897256325,-0.00231110568538863,0.0863586203613437,-0.00243986169815223,-0.7896610100939,0.000988248983385898
0.650738801855265,0.617364866562133,-0.0370139039072045,-1.02306632615448,-0.00232665595108258,0.0863601480476818,-0.0024580031379732,-0.789707328344303,0.00100973867426971
0.655251772026422,0.617343026025728,-0.0372750134498776,-1.02308392719496,-0.00234230224161389,0.0863616854359286,-0.0024762918126942,-0.789754178275619,0.00103164975045253
0.659796040315516,0.617320813938772,-0.037537995329894,-1.02310177928245,-0.00235804490892003,0.086363232392671,-0.00249472906658754,-0.78980156452383,0.00105398975848631
0.664371823779638,0.617298223711339,-0.0378028629334771,-1.02311988606841,-0.0023738842984382,0.0863647887770926,-0.00251331625646895,-0.789849491727071,0.00107676636162182
0.668979340981204,0.617275248638089,-0.0380696297251471,-1.02313825125886,-0.00238982074879369,0.0863663544407821,-0.00253205475176238,-0.789897964524441,0.00109998734106112
0.673618811998395,0.617251881896491,-0.0383383092474696,-1.02315687861515,-0.00240585459147782,0.0863679292275368,-0.00255094593456296,-0.7899469875548,0.00112366059720645
0.678290458435663,0.617228116545024,-0.0386089151207814,-1.02317577195485,-0.00242198615051577,0.0863695129731639,-0.00256999119969796,-0.78999656545552,0.00114779415090371
0.682994503434323,0.617203945521372,-0.0388814610428903,-1.02319493515259,-0.00243821574212344,0.0863711055052776,-0.00258919195478584,-0.790046702861212,0.00117239614468101
0.687731171683206,0.61717936164059,-0.0391559607887502,-1.0232143721409,-0.00245454367435331,0.0863727066430942,-0.0026085496202932,-0.790097404402415,0.00119747484398125
0.692500689429393,0.617154357593265,-0.039432428210109,-1.02323408691112,-0.00247097024672928,0.0863743161972226,-0.00262806562958949,-0.790148674704252,0.00122303863838724
0.697303284489026,0.617128925943654,-0.039710877235132,-1.02325408351426,-0.00248749574986916,0.0863759339694524,-0.00264774142899961,-0.79020051838505,0.00124909604283957
0.70213918625818,0.617103059127811,-0.0399913218679954,-1.02327436606192,-0.00250412046509588,0.0863775597525388,-0.002667578477854,-0.790252940054937,0.00127565569884591
0.70700862572383,0.617076749451692,-0.040273776188455,-1.02329493872721,-0.00252084466403588,0.0863791933299835,-0.00268757824853644,-0.790305944314383,0.00130272637568057
0.71191183547488,0.617049989089254,-0.0405582543513844,-1.02331580574564,-0.00253766860820484,0.086380834475813,-0.00270774222652926,-0.79035953575273,0.00133031697157526
0.716849049713269,0.617022770080531,-0.0408447705862867,-1.02333697141609,-0.00255459254858083,0.0863824829543531,-0.002728071910456,-0.790413718946667,0.0013584365148972
0.721820504265165,0.616995084329702,-0.0411333391967754,-1.02335844010176,-0.00257161672516339,0.0863841385200011,-0.00274856881212135,-0.790468498458684,0.00138709416531688
0.726826436592224,0.616966923603137,-0.041423974560026,-1.02338021623112,-0.00258874136651921,0.0863858009169933,-0.00276923445654825,-0.790523878835482,0.00141629921496214
0.731867085802933,0.616938279527443,-0.0417166911261979,-1.02340230429891,-0.00260596668931382,0.0863874698791706,-0.00279007038201221,-0.790579864606353,0.0014460610895593
0.736942692664033,0.616909143587475,-0.0420115034178251,-1.0234247088671,-0.0026232928978282,0.0863891451297401,-0.0028110781400726,-0.790636460281515,0.00147638934955932
0.742053499612018,0.616879507124358,-0.0423084260291757,-1.02344743456591,-0.00264072018346112,0.0863908263810336,-0.00283225929560088,-0.790693670350421,0.00150729369124888
0.747199750764715,0.616849361333481,-0.04260747362558,-1.02347048609483,-0.00265824872421565,0.0863925133342632,-0.00285361542680566,-0.790751499280028,0.00153878394784465
0.752381691932944,0.616818697262479,-0.0429086609427256,-1.02349386822364,-0.00267587868417002,0.0863942056792733,-0.00287514812525445,-0.790809951513027,0.00157087009057028
0.757599570632259,0.616787505809213,-0.0432120027859209,-1.02351758579347,-0.0026936102129326,0.0863959030942898,-0.00289685899589224,-0.790869031466039,0.00160356222971553
0.762853636094773,0.616755777719728,-0.0435175140293244,-1.02354164371783,-0.00271144344507987,0.0863976052456656,-0.00291874965705632,-0.790928743527774,0.00163687061567477
0.768144139281058,0.616723503586208,-0.0438252096151412,-1.0235660469837,-0.00272937849957784,0.086399311787624,-0.00294082174048783,-0.790989092057152,0.00167080563996583
0.773471332892138,0.616690673844914,-0.0441351045527843,-1.02359080065261,-0.00274741547918544,0.0864010223619976,-0.00296307689133948,-0.791050081381391,0.00170537783622804
0.778835471381553,0.616657278774118,-0.0444472139180022,-1.02361590986172,-0.00276555446984059,0.0864027365979654,-0.00298551676817958,-0.791111715794053,0.00174059788119577
0.784236810967519,0.616623308492023,-0.0447615528519714,-1.02364137982496,-0.00278379554002725,0.0864044541117864,-0.0030081430429922,-0.791173999553058,0.00177647659564981
0.78967560964516,0.616588752954674,-0.0450781365603522,-1.02366721583413,-0.0028021387401245,0.0864061745065298,-0.00303095740117331,-0.791236936878658,0.00181302494534377
0.795152127198837,0.616553601953866,-0.0453969803123106,-1.02369342326004,-0.00282058410173502,0.0864078973718027,-0.00305396154152303,-0.791300531951374,0.00185025404190386
0.800666625214554,0.616517845115039,-0.045718099439502,-1.02372000755366,-0.00283913163699508,0.086409622283475,-0.00307715717623347,-0.791364788909903,0.0018881751437026
0.806219367092452,0.616481471895164,-0.0460415093350194,-1.0237469742473,-0.00285778133786344,0.0864113488034014,-0.00310054603087255,-0.79142971184898,0.00192679965670345
0.811810618059391,0.616444471580628,-0.0463672254523033,-1.02377432895576,-0.0028765331753894,0.0864130764791395,-0.00312412984436328,-0.791495304817209,0.0019661391352766
0.817440645181619,0.61640683328511,-0.0466952633040155,-1.02380207737755,-0.00289538709896001,0.086414804843667,-0.0031479103689586,-0.791561571814854,0.00200620528298412
0.823109717377527,0.616368545947449,-0.0470256384608734,-1.02383022529607,-0.00291434303552503,0.0864165334150946,-0.00317188937021172,-0.791628516791602,0.00204700995333346
0.828818105430497,0.616329598329509,-0.0473583665504473,-1.02385877858084,-0.00293340088879959,0.0864182616963772,-0.00319606862694172,-0.791696143644281,0.00208856515049793
0.834566082001833,0.616289979014042,-0.0476934632559183,-1.02388774318872,-0.00295256053844412,0.0864199891750217,-0.00322044993119435,-0.791764456214548,0.00213088303000275
0.840353921643785,0.616249676402541,-0.048030944314798,-1.02391712516516,-0.00297182183922043,0.0864217153227929,-0.00324503508819805,-0.791833458286543,0.00217397589937651
0.846181900812664,0.616208678713096,-0.0483708255176073,-1.02394693064548,-0.00299118462012425,0.0864234395954167,-0.00326982591631481,-0.791903153584505,0.00221785621876541
0.852050297882047,0.616166973978245,-0.0487131227065185,-1.0239771658561,-0.00301064868349274,0.0864251614322807,-0.00329482424698617,-0.791973545770356,0.00226253660150955
0.857959393156072,0.616124550042819,-0.049057851773954,-1.02400783711585,-0.0030302138040873,0.0864268802561327,-0.00332003192467381,-0.792044638441252,0.00230802981468087
0.863909468882829,0.616081394561795,-0.0494050286611482,-1.02403895083724,-0.00304987972815016,0.0864285954727769,-0.00334545080679502,-0.7921164351271,0.00235434877958007
0.86990080926784,0.616037494998138,-0.0497546693566666,-1.02407051352782,-0.0030696461724351,0.0864303064707676,-0.00337108276365268,-0.79218893928804,0.00240150657219212
0.875933700487633,0.615992838620649,-0.0501067898948855,-1.02410253179144,-0.00308951282321096,0.0864320126211014,-0.00339692967835984,-0.7922621543119,0.00244951642359931
0.882008430703416,0.615947412501815,-0.0504614063544301,-1.02413501232964,-0.00310947933523775,0.0864337132769067,-0.00342299344675857,-0.792336083511617,0.00249839172034916
0.888125290074835,0.615901203515653,-0.0508185348565728,-1.02416796194294,-0.00312954533071484,0.0864354077731316,-0.00344927597733332,-0.792410730122623,0.00254814600477832
0.894284570773836,0.615854198335567,-0.0511781915635892,-1.02420138753224,-0.00314971039819989,0.0864370954262299,-0.00347577919111836,-0.792486097300212,0.00259879297528853
0.900486566998624,0.615806383432196,-0.0515403926770724,-1.0242352961002,-0.0031699740914992,0.0864387755338455,-0.00350250502159936,-0.792562188116865,0.00265034648657553
0.906731574987708,0.615757745071273,-0.051905154436207,-1.02426969475258,-0.00319033592852715,0.086440447374495,-0.00352945541460915,-0.792639005559556,0.00270282054980858
0.913019893034057,0.615708269311489,-0.0522724931160005,-1.02430459069967,-0.00321079539013594,0.0864421102072482,-0.00355663232821713,-0.792716552527024,0.00275622933275838
0.919351821499347,0.615657942002355,-0.0526424250254737,-1.02433999125766,-0.00323135191891348,0.0864437632714085,-0.00358403773261288,-0.792794831827023,0.00281058715987603
0.925727662828307,0.615606748782073,-0.0530149665058077,-1.02437590385011,-0.00325200491794948,0.0864454057861903,-0.0036116736099832,-0.792873846173543,0.00286590851231544
0.932147721563161,0.61555467507542,-0.0533901339284516,-1.02441233600933,-0.00327275374956926,0.0864470369503964,-0.00363954195438316,-0.792953598184009,0.00292220802790472
0.938612304358183,0.615501706091627,-0.0537679436931851,-1.02444929537784,-0.00329359773403387,0.0864486559420939,-0.00366764477160039,-0.793034090376451,0.00297950050105994
0.945121719994339,0.615447826822271,-0.0541484122261418,-1.02448678970982,-0.00331453614820697,0.0864502619182888,-0.00369598407901314,-0.793115325166659,0.00303780088264322
0.951676279394036,0.61539302203918,-0.0545315559777887,-1.02452482687255,-0.00333556822418629,0.0864518540145999,-0.0037245619054417,-0.793197304865309,0.00309712427976333
0.958276295635973,0.61533727629234,-0.0549173914208647,-1.02456341484792,-0.00335669314790088,0.0864534313449321,-0.00375338029099304,-0.793280031675073,0.00315748595551579
0.964922083970099,0.615280573907815,-0.0553059350482766,-1.02460256173385,-0.00337791005767152,0.0864549930011489,-0.00378244128689893,-0.79336350768771,0.00321890132866443
0.971613961832666,0.615222898985677,-0.0556972033709534,-1.02464227574583,-0.00339921804273545,0.0864565380527443,-0.00381174695534712,-0.793447734881135,0.00328138597326066
0.978352248861393,0.615164235397945,-0.0560912129156585,-1.02468256521839,-0.00342061614173288,0.0864580655465144,-0.00384129936930558,-0.793532715116476,0.00334495561819953
0.985137266910738,0.615104566786542,-0.0564879802227609,-1.02472343860662,-0.00344210334115633,0.0864595745062289,-0.00387110061234005,-0.793618450135114,0.00340962614671453
0.991969340067262,0.615043876561257,-0.0568875218439634,-1.02476490448764,-0.00346367857376111,0.086461063932302,-0.00390115277842428,-0.793704941555708,0.00347541359580461
0.998848794665118,0.614982147897724,-0.0572898543399907,-1.02480697156219,-0.00348534071693611,0.0864625328014641,-0.00393145797174342,-0.79379219087121,0.00354233415559785
1.00577595930163,0.614919363735412,-0.0576949942782346,-1.02484964865611,-0.00350708859103514,0.0864639800664328,-0.00396201830649016,-0.793880199445868,0.00361040416864705
1.01275116485301,0.614855506775638,-0.05810295823036,-1.02489294472186,-0.00352892095766724,0.0864654046555849,-0.00399283590665375,-0.793968968512222,0.00367964012915839
1.01977474449012,0.614790559479579,-0.0585137627698675,-1.02493686884011,-0.00355083651794512,0.0864668054726284,-0.00402391290580169,-0.794058499168089,0.00375005868215034
1.02684703369442,0.614724504066316,-0.0589274244696171,-1.02498143022125,-0.00357283391069255,0.0864681813962755,-0.00405525144685424,-0.794148792373542,0.00382167662254357
1.033968370274,0.614657322510887,-0.0593439598993102,-1.02502663820694,-0.00359491171060818,0.0864695312799161,-0.00408685368185154,-0.794239848947891,0.00389451089418047
1.04113909437969,0.614588996542352,-0.0597633856229314,-1.0250725022717,-0.00361706842638562,0.086470853951292,-0.00411872177171325,-0.794331669566655,0.00396857858877209
1.0483595485213,0.614519507641884,-0.0601857181961502,-1.02511903202441,-0.00363930249879013,0.0864721482121729,-0.00415085788599095,-0.794424254758538,0.00404389694477458
1.05563007758401,0.614448837040876,-0.0606109741636832,-1.02516623720994,-0.00366161229868957,0.0864734128380329,-0.00418326420261303,-0.794517604902403,0.00412048334619125
1.06295102884484,0.614376965719061,-0.061039170056616,-1.02521412771066,-0.00368399612504047,0.0864746465777289,-0.00421594290762195,-0.794611720224253,0.00419835532130108
1.07032275198921,0.614303874402657,-0.0614703223896858,-1.02526271354803,-0.00370645220282703,0.0864758481531798,-0.00424889619490417,-0.794706600794212,0.00427753054131363
1.07774559912768,0.614229543562528,-0.0619044476585261,-1.0253120048842,-0.00372897868095397,0.0864770162590489,-0.00428212626591245,-0.794802246523522,0.00435802681894804
1.08521992481272,0.614153953412369,-0.0623415623368708,-1.02536201202351,-0.00375157363009086,0.0864781495624263,-0.0043156353293806,-0.794898657161541,0.00443986210693725
1.0927460860557,0.614077083906904,-0.0627816828737216,-1.02541274541414,-0.003774235040469,0.0864792467025151,-0.00434942560103069,-0.794995832292756,0.00452305449645513
1.1003244423439,0.613998914740115,-0.0632248256904762,-1.02546421564961,-0.00379696081962821,0.0864803062903185,-0.00438349930327266,-0.795093771333811,0.00460762221546868
1.10795535565772,0.613919425343481,-0.0636710071780196,-1.02551643347042,-0.00381974879011487,0.08648132690833,-0.00441785866489627,-0.795192473530551,0.00469358362701083
1.11563919048792,0.613838594884248,-0.0641202436937774,-1.02556940976554,-0.00384259668712904,0.0864823071102263,-0.00445250592075567,-0.795291937955077,0.00478095722737937
1.12337631385307,0.61375640226372,-0.064572551558732,-1.02562315557405,-0.00386550215612055,0.0864832454205623,-0.00448744331144606,-0.795392163502837,0.00486976164425518
1.13116709531708,0.613672826115562,-0.065027947054403,-1.02567768208665,-0.00388846275033373,0.0864841403344695,-0.0045226730829731,-0.79549314888972,0.00496001563474424
1.13901190700682,0.61358784480414,-0.0654864464197902,-1.02573300064723,-0.00391147592829935,0.0864849903173576,-0.00455819748641452,-0.795594892649192,0.00505173808334214
1.14691112362992,0.613501436422878,-0.0659480658482813,-1.02578912275443,-0.00393453905127383,0.0864857938046189,-0.00459401877757435,-0.795697393129451,0.00514494799982029
1.15486512249268,0.613413578792633,-0.0664128214845234,-1.02584606006321,-0.00395764938062484,0.0864865492013366,-0.00463013921662941,-0.795800648490612,0.00523966451703373
1.16287428351806,0.613324249460101,-0.0668807294212605,-1.02590382438634,-0.0039808040751622,0.0864872548819962,-0.00466656106776854,-0.795904656701927,0.00533590688865176
1.17093898926384,0.613233425696244,-0.0673518056961345,-1.02596242769594,-0.00400400018841482,0.0864879091902015,-0.00470328659882423,-0.796009415539042,0.00543369448681175
1.1790596249409,0.613141084494742,-0.0678260662884526,-1.02602188212507,-0.00402723466585098,0.0864885104383937,-0.00474031808089677,-0.796114922581281,0.00553304679969374
1.18723657843162,0.613047202570467,-0.0683035271159206,-1.02608219996914,-0.00405050434204329,0.0864890569075755,-0.00477765778797115,-0.796221175208982,0.00563398342902016
1.19547024030838,0.61295175635798,-0.0687842040313421,-1.02614339368752,-0.00407380593777704,0.0864895468470385,-0.00481530799652648,-0.796328170600872,0.00573652408747632
1.20376100385228,0.612854722010059,-0.069268112819284,-1.02620547590495,-0.00409713605710076,0.0864899784740963,-0.00485327098513823,-0.796435905731477,0.00584068859605869
1.21210926507183,0.612756075396244,-0.0697552691927089,-1.02626845941306,-0.00412049118431913,0.086490349973821,-0.00489154903407315,-0.796544377368596,0.00594649688134341
1.22051542272196,0.612655792101411,-0.0702456887895755,-1.02633235717184,-0.00414386768092793,0.0864906594987861,-0.00493014442487704,-0.796653582070811,0.00605396897268345
1.22897987832301,0.612553847424366,-0.0707393871694046,-1.02639718231107,-0.00416726178248941,0.0864909051688124,-0.00496905943995544,-0.796763516185058,0.00616312499932958
1.23750303617991,0.612450216376473,-0.0712363798098147,-1.02646294813178,-0.00419066959544857,0.0864910850707213,-0.00500829636214724,-0.796874175844245,0.00627398518747929
1.24608530340153,0.612344873680294,-0.0717366821030241,-1.02652966810766,-0.00421408709388965,0.0864911972580919,-0.00504785747429133,-0.796985556964941,0.006386569857253
1.25472708992008,0.612237793768259,-0.0722403093523223,-1.02659735588647,-0.00423751011623147,0.0864912397510239,-0.00508774505878643,-0.79709765524511,0.00650089941959947
1.26342880851072,0.612128950781368,-0.072747276768509,-1.02666602529142,-0.00426093436186242,0.0864912105359068,-0.00512796139714404,-0.797210466161915,0.00661699437313062
1.27219087481126,0.612018318567903,-0.0732575994663022,-1.02673569032253,-0.0042843553877138,0.0864911075651944,-0.00516850876953478,-0.797323984969593,0.00673487530088884
1.28101370734203,0.611905870682175,-0.073771292460715,-1.02680636515799,-0.00430776860477131,0.0864909287571855,-0.00520938945432799,-0.797438206697386,0.00685456286704461
1.28989772752585,0.611791580383291,-0.0742883706634007,-1.02687806415546,-0.00433116927452371,0.0864906719958108,-0.00525060572762496,-0.797553126147551,0.00697607781353043
1.29884335970818,0.611675420633942,-0.0748088488789687,-1.0269508018534,-0.00435455250534936,0.0864903351304261,-0.00529215986278571,-0.797668737893441,0.00709944095660969
1.30785103117738,0.611557364099226,-0.0753327418012674,-1.02702459297232,-0.0043779132488391,0.0864899159756117,-0.00533405412994942,-0.79778503627766,0.00722467318338144
1.31692117218509,0.611437383145477,-0.0758600640096371,-1.02709945241603,-0.00440124629605562,0.0864894123109791,-0.00537629079554871,-0.797902015410299,0.0073517954482249
1.32605421596686,0.611315449839135,-0.0763908299651339,-1.02717539527289,-0.00442454627372876,0.0864888218809842,-0.00541887212181794,-0.798019669167248,0.0074808287691861
1.33525059876274,0.611191535945625,-0.0769250540067194,-1.02725243681697,-0.00444780764038685,0.0864881423947468,-0.00546180036629545,-0.798137991188591,0.00761179422430419
1.34451075983821,0.61106561292827,-0.0774627503474227,-1.02733059250924,-0.00447102468242211,0.086487371525878,-0.00550507778132003,-0.798256974877096,0.00774471294788531
1.3538351415051,0.610937651947216,-0.0780039330704698,-1.02740987799867,-0.00449419151009278,0.0864865069123147,-0.00554870661352172,-0.798376613396775,0.00787960612672139
1.36322418914273,0.610807623858389,-0.0785486161253824,-1.0274903091234,-0.00451730205345818,0.0864855461561611,-0.00559268910330707,-0.798496899671551,0.00801649499625917
1.37267835121923,0.610675499212469,-0.0790968133240459,-1.02757190191173,-0.00454035005824902,0.0864844868235376,-0.00563702748433894,-0.798617826384003,0.00815540083671906
1.38219807931287,0.610541248253884,-0.079648538336745,-1.02765467258322,-0.00456332908167131,0.0864833264444379,-0.00568172398301107,-0.798739385974216,0.00829634496917042
1.39178382813373,0.610404840919831,-0.0802038046881691,-1.02773863754966,-0.00458623248814452,0.0864820625125932,-0.00572678081791752,-0.798861570638718,0.00843934875155977
1.40143605554534,0.610266246839314,-0.0807626257533844,-1.02782381341603,-0.00460905344497212,0.0864806924853446,-0.00577220019931707,-0.798984372329523,0.00858443357470096
1.4111552225866,0.610125435332203,-0.0813250147537744,-1.02791021698143,-0.00463178491794661,0.0864792137835231,-0.00581798432859295,-0.799107782753266,0.00873162085822526
1.42094179349378,0.609982375408314,-0.0818909847529479,-1.02799786523997,-0.00465441966688693,0.0864776237913381,-0.00586413539770769,-0.79923179337045,0.00888093204649576
1.43079623572268,0.609837035766513,-0.0824605486526133,-1.02808677538163,-0.00467695024110834,0.0864759198562738,-0.00591065558865361,-0.799356395394785,0.00903238860449057
1.440719019971,0.609689384793834,-0.0830337191884192,-1.02817696479301,-0.00469936897482595,0.0864740992889939,-0.00595754707289891,-0.799481579792643,0.00918601201365454
1.45071062020079,0.609539390564618,-0.0836105089257628,-1.02826845105814,-0.00472166798248955,0.0864721593632543,-0.00600481201082951,-0.799607337282613,0.00934182376772513
1.46077151366109,0.609387020839678,-0.0841909302555596,-1.02836125195916,-0.00474383915405147,0.086470097315825,-0.00605245255118696,-0.799733658335171,0.00949984536853576
1.47090218091073,0.609232243065472,-0.0847749953899829,-1.028455385477,-0.0047658741501663,0.0864679103464199,-0.00610047083050238,-0.799860533172451,0.0096600983217961
1.48110310584131,0.609075024373304,-0.0853627163581617,-1.02855086979201,-0.00478776439732265,0.0864655956176354,-0.00614886897252679,-0.799987951768139,0.00982260413285879
1.49137477570027,0.60891533157854,-0.0859541050018471,-1.02864772328449,-0.00480950108290701,0.0864631502548976,-0.00619764908765787,-0.800115903847469,0.0099873843024702
1.50171768111418,0.608753131179844,-0.0865491729710367,-1.02874596453523,-0.00483107515019898,0.0864605713464182,-0.0062468132723633,-0.80024437888734,0.0101544603225113
1.5121323161122,0.608588389358427,-0.0871479317195634,-1.02884561232598,-0.00485247729329866,0.0864578559431596,-0.0062963636086011,-0.800373366116545,0.0103238536717332
1.52261917814963,0.608421071977324,-0.0877503925006431,-1.02894668563984,-0.004873697951986,0.0864550010588081,-0.00634630216323671,-0.800502854516119,0.0104955858114884
1.53317876813171,0.608251144580679,-0.0883565663623837,-1.02904920366165,-0.00489472730651058,0.0864520036697567,-0.00639663098745744,-0.800632832819797,0.0106696781814627
1.54381159043753,0.608078572393055,-0.0889664641432501,-1.02915318577824,-0.00491555527231469,0.0864488607150967,-0.00644735211618408,-0.800763289514595,0.0108461521954126
1.55451815294413,0.607903320318757,-0.0895800964674902,-1.0292586515787,-0.00493617149468625,0.0864455690966177,-0.00649846756748015,-0.800894212841511,0.0110250292369091
1.56529896705074,0.607725352941176,-0.0901974737405145,-1.02936562085455,-0.00495656534334502,0.0864421256788177,-0.00654997934195875,-0.801025590796335,0.0112063306550946
1.57615454770323,0.607544634522149,-0.090818606144232,-1.02947411359986,-0.00497672590695883,0.086438527288921,-0.0066018894221873,-0.80115741113059,0.0113900777604556
1.58708541341869,0.607361129001341,-0.0914435036323406,-1.02958415001132,-0.00499664198759275,0.0864347707169064,-0.00665419977209021,-0.80128966135258,0.0115762918206135
1.5980920863102,0.607174799995633,-0.0920721759255695,-1.02969575048818,-0.00501630209508888,0.0864308527155436,-0.00670691233634992,-0.801422328728568,0.0117649940561415
1.60917509211179,0.60698561079855,-0.0927046325068729,-1.02980893563222,-0.00503569444137866,0.0864267700004388,-0.00676002903980609,-0.801555400284063,0.0119562056364064
1.62033496020352,0.606793524379681,-0.0933408826165744,-1.02992372624762,-0.00505480693472668,0.08642251925009,-0.00681355178685348,-0.801688862805231,0.0121499476754443
1.63157222363676,0.606598503384141,-0.0939809352474602,-1.03004014334067,-0.00507362717390583,0.0864180971059511,-0.00686748246083846,-0.801822702840427,0.0123462412278701
1.64288741915971,0.606400510132037,-0.0946247991398172,-1.03015820811957,-0.00509214244230541,0.0864135001725045,-0.00692182292345438,-0.801956906701837,0.0125451072848274
1.65428108724297,0.606199506617961,-0.0952724827764203,-1.03027794199402,-0.00511033970197064,0.0864087250173436,-0.00697657501413599,-0.802091460467243,0.012746566769982
1.6657537721054,0.605995454510497,-0.0959239943774606,-1.0303993665748,-0.00512820558757415,0.0864037681712646,-0.00703174054945304,-0.802226349981903,0.0129506405355629
1.67730602174008,0.605788315151757,-0.0965793418954173,-1.03052250367328,-0.00514572640032068,0.0863986261283659,-0.00708732132250317,-0.802361560860547,0.0131573493584555
1.68893838794052,0.605578049556932,-0.0972385330098709,-1.03064737530082,-0.00516288810178325,0.0863932953461584,-0.00714331910230442,-0.802497078489484,0.0133667139363496
1.70065142632699,0.605364618413862,-0.0979015751222539,-1.03077400366809,-0.00517967630767241,0.0863877722456834,-0.00719973563318721,-0.802632888028827,0.0135787548839482
1.71244569637308,0.605147982082637,-0.0985684753505406,-1.03090241118435,-0.00519607628153829,0.0863820532116403,-0.00725657263418635,-0.802768974414826,0.0137934927292402
1.72432176143241,0.604928100595215,-0.0992392405238714,-1.03103262045662,-0.00521207292840553,0.086376134592523,-0.00731383179843275,-0.802905322362311,0.0140109479098396
1.73628018876552,0.604704933655069,-0.0999138771771108,-1.03116465428876,-0.00522765078834123,0.0863700127007649,-0.00737151479254537,-0.80304191636725,0.0142311407693981
1.74832154956701,0.604478440636854,-0.100592391545339,-1.03129853568044,-0.00524279402995628,0.0863636838128931,-0.0074296232560234,-0.803178740709399,0.0144540915540928
1.7604464189928,0.604248580586104,-0.101274789558271,-1.03143428782612,-0.0052574864438405,0.0863571441696916,-0.00748815880063864,-0.803315779455078,0.0146798204091929
1.77265537618758,0.604015312218959,-0.101961076834606,-1.03157193411383,-0.00527171143593103,0.0863503899763728,-0.0075471230098286,-0.803453016460027,0.014908347375711
1.78494900431252,0.603778593921916,-0.102651258676305,-1.03171149812388,-0.00528545202081548,0.086343417402758,-0.00760651743808998,-0.803590435372377,0.0151396923871407
1.79732789057308,0.603538383751614,-0.103345340062787,-1.03185300362757,-0.00529869081496828,0.0863362225834662,-0.00766634361037298,-0.803728019635716,0.015373875266286
1.80979262624709,0.603294639434652,-0.104043325645053,-1.03199647458565,-0.00531141002992283,0.0863288016181122,-0.00772660302147657,-0.803865752492245,0.0156109157221845
1.82234380671297,0.603047318367433,-0.104745219739731,-1.03214193514682,-0.00532359146537731,0.0863211505715125,-0.00778729713544441,-0.804003616986033,0.0158508333471297
1.83498203147818,0.602796377616059,-0.105451026323036,-1.03228940964607,-0.00533521650223659,0.0863132654738999,-0.00784842738496217,-0.804141595966356,0.0160936476137944
1.84770790420785,0.602541773916244,-0.10616074902465,-1.0324389226029,-0.0053462660955883,0.0863051423211467,-0.00790999517075576,-0.804279672091125,0.0163393778724601
1.86052203275364,0.602283463673281,-0.106874391121516,-1.03259049871949,-0.00535672076761615,0.0862967770749959,-0.00797200186099093,-0.804417827830402,0.0165880433483539
1.87342502918271,0.602021402962048,-0.107591955531544,-1.03274416287871,-0.00536656060044788,0.0862881656633009,-0.00803444879067416,-0.804556045469987,0.0168396631390981
1.88641750980704,0.601755547527045,-0.108313444807231,-1.03289994014208,-0.00537576522894076,0.0862793039802735,-0.00809733726105502,-0.804694307115086,0.0170942562122748
1.89950009521279,0.601485852782499,-0.109038861129186,-1.03305785574758,-0.00538431383340293,0.0862701878867392,-0.00816066853902996,-0.804832594694057,0.0173518414031079
1.91267341029,0.601212273812495,-0.109768206299568,-1.03321793510732,-0.00539218513225231,0.086260813210402,-0.00822444385654779,-0.804970889962217,0.0176124374122674
1.92593808426241,0.600934765371171,-0.110501481735426,-1.03338020380522,-0.00539935737461378,0.0862511757461158,-0.00828866441001658,-0.805109174505722,0.0178760628037952
1.93929475071751,0.600653281882965,-0.111238688461941,-1.03354468759441,-0.00540580833285262,0.086241271256164,-0.00835333135971257,-0.805247429745501,0.0181427360031602
1.95274404763682,0.60036777744291,-0.111979827105575,-1.03371141239462,-0.00541151529504857,0.0862310954705481,-0.00841844582919051,-0.80538563694126,0.0184124752954405
1.96628661742637,0.600078205817004,-0.112724897887117,-1.03388040428945,-0.00541645505740654,0.086220644087282,-0.00848400890469608,-0.805523777195526,0.0186852988236388
1.97992310694735,0.599784520442619,-0.113473900614627,-1.03405168952344,-0.00542060391660915,0.086209912772696,-0.00855002163457989,-0.805661831457749,0.0189612245871299
1.99365416754703,0.599486674429002,-0.114226834676282,-1.03422529449911,-0.00542393766210689,0.086198897161747,-0.00861648502871361,-0.805799780528447,0.019240270440246
2.00748045508988,0.59918462055782,-0.114983699033109,-1.03440124577379,-0.0054264315683506,0.0861875928583369,-0.00868340005790788,-0.805937605063393,0.0195224540909989
2.0214026299889,0.598878311283794,-0.11574449221162,-1.0345795700564,-0.00542806038696383,0.0861759954356388,-0.00875076765333209,-0.806075285577835,0.0198077930999433
2.03542135723711,0.598567698735399,-0.116509212296335,-1.03476029420401,-0.00542879833885784,0.0861641004364297,-0.00881858870593633,-0.806212802450751,0.0200963048791812
2.0495373064394,0.598252734715647,-0.117277856922198,-1.03494344521836,-0.00542861910628747,0.0861519033734314,-0.0088868640658751,-0.80635013592913,0.0203880066915097
2.06375115184445,0.597933370702952,-0.118050423266878,-1.03512905024213,-0.00542749582485211,0.0861393997296585,-0.00895559454193315,-0.806487266132275,0.0206829156497138
2.07806357237695,0.597609557852083,-0.118826908042968,-1.03531713655521,-0.00542540107543879,0.0861265849587733,-0.00902478090095324,-0.806624173056122,0.0209810487160057
2.09247525167004,0.5972812469952,-0.11960730749006,-1.03550773157071,-0.00542230687610981,0.0861134544854488,-0.0090944238672659,-0.806760836577577,0.0212824227016101
2.10698687809795,0.596948388642998,-0.120391617366713,-1.03570086283086,-0.0054181846739369,0.0861000037057381,-0.00916452412212118,-0.806897236458851,0.0215870542664995
2.12159914480891,0.596610932985939,-0.121179832942308,-1.0358965580028,-0.00541300533678002,0.086086227987451,-0.0092350823031224,-0.807033352351811,0.0218949599192759
2.1363127497582,0.596268829895589,-0.121971948988779,-1.03609484487417,-0.00540673914501419,0.0860721226705386,-0.0093060990036618,-0.807169163802316,0.0222061560172052
2.15112839574156,0.59592202892607,-0.122767959772238,-1.03629575134854,-0.00539935578320411,0.0860576830674836,-0.00937757477235824,-0.807304650254552,0.022520658766398
2.1660467904287,0.595570479315614,-0.123567859044473,-1.03649930544078,-0.00539082433172683,0.086042904463699,-0.00944951011249667,-0.807439791055357,0.0228384842221443
2.18106864639712,0.595214129988241,-0.124371640034337,-1.03670553527212,-0.005381113258346,0.0860277821179334,-0.00952190548146964,-0.80757456545852,0.0231596482893954
2.19619468116618,0.59485292955556,-0.12517929543901,-1.03691446906518,-0.00537019040973627,0.0860123112626827,-0.00959476129022066,-0.807708952629071,0.0234841667233979
2.21142561723131,0.594486826318687,-0.125990817415155,-1.03712613513876,-0.00535802300295934,0.0859964871046104,-0.00966807790268931,-0.807842931647524,0.0238120551304771
2.22676218209858,0.594115768270309,-0.126806197569941,-1.03734056190248,-0.00534457761689558,0.0859803048249731,-0.00974185563525819,-0.80797648151411,0.0241433289689695
2.24220510831939,0.593739703096871,-0.127625426951959,-1.03755777785127,-0.00532982018362804,0.0859637595800547,-0.00981609475620178,-0.808109581152953,0.0244780035503057
2.25775513352553,0.593358578180916,-0.128448496042013,-1.03777781155962,-0.00531371597978444,0.085946846501607,-0.00989079548513678,-0.808242209416214,0.024816094040239
2.27341300046436,0.592972340603568,-0.129275394743798,-1.03800069167576,-0.00529622961783605,0.0859295606972971,-0.00996595799247443,-0.80837434508818,0.025157615460224
2.28917945703428,0.592580937147164,-0.130106112374454,-1.03822644691555,-0.00527732503735603,0.0859118972511628,-0.0100415823988742,-0.808505966889311,0.0255025826889387
2.30505525632052,0.592184314298054,-0.130940637655009,-1.03845510605623,-0.00525696549623811,0.0858938512240748,-0.0101176687746992,-0.808637053480212,0.0258510104639529
2.32104115663104,0.591782418249554,-0.131778958700702,-1.03868669793002,-0.00523511356187853,0.0858754176542059,-0.0101942171394735,-0.808767583465559,0.0262029133835394
2.33713792153279,0.591375194905079,-0.132621063011191,-1.03892125141743,-0.00521173110232151,0.085856591557508,-0.0102712274613403,-0.808897535397945,0.0265583059086267
2.35334631988814,0.590962589881443,-0.133466937460648,-1.03915879544047,-0.0051867792773716,0.0858373679281965,-0.0103486996565221,-0.809026887781658,0.0269172023648909
2.36966712589169,0.590544548512345,-0.134316568287738,-1.03939935895564,-0.0051602185296733,0.0858177417392419,-0.0104266335887822,-0.809155619076384,0.027279616944987
2.38610111910714,0.590121015852042,-0.135169941085492,-1.03964297094665,-0.0051320085757619,0.0857977079428692,-0.0105050290688879,-0.809283707700819,0.0276455637109139
2.40264908450462,0.589691936679214,-0.136027040791063,-1.03988966041701,-0.00510210839708591,0.0857772614710647,-0.010583885854074,-0.809411132036202,0.0280150565965134
2.41931181249812,0.589257255501027,-0.136887851675376,-1.04013945638238,-0.00507047623100504,0.0857563972360912,-0.0106632036475095,-0.809537870429753,0.0283881094101011
2.43609009898327,0.588816916557405,-0.137752357332676,-1.04039238786272,-0.00503706956176481,0.0857351101310104,-0.0107429820977635,-0.809663901198014,0.028764735837223
2.45298474537537,0.58837086382551,-0.138620540669967,-1.04064848387419,-0.00500184511145024,0.0857133950302136,-0.0108232207982743,-0.809789202630089,0.0291449494435409
2.46999655864764,0.58791904102444,-0.139492383896352,-1.04090777342083,-0.00496475883092379,0.085691246789961,-0.0109039192868184,-0.809913752990783,0.0295287636778367
2.48712635136979,0.587461391620156,-0.14036786851227,-1.04117028548608,-0.00492576589074617,0.0856686602489283,-0.0109850770449813,-0.810037530523623,0.0299161918751387
2.50437494174681,0.58699785883063,-0.141246975298643,-1.04143604902399,-0.00488482067208679,0.0856456302287632,-0.01106669349763,-0.810160513453775,0.0303072472599629
2.52174315365806,0.586528385631238,-0.142129684305929,-1.0417050929502,-0.0048418767576246,0.0856221515346486,-0.0111487680123855,-0.810282679990836,0.0307019429496672
2.53923181669665,0.586052914760391,-0.143015974843077,-1.04197744613276,-0.00479688692244373,0.0855982189558767,-0.011231299899098,-0.810404008331508,0.0311002919579154
2.55684176620901,0.585571388725419,-0.143905825466406,-1.04225313738262,-0.00474980312492596,0.0855738272664305,-0.0113142884093222,-0.810524476662145,0.031502307198247
2.57457384333485,0.585083749808706,-0.144799213968399,-1.0425321954439,-0.0047005764976451,0.0855489712255753,-0.0113977327357944,-0.810644063161173,0.0319080014877477
2.59242889504728,0.58458994007409,-0.145696117366414,-1.04281464898395,-0.00464915733826565,0.0855236455784588,-0.0114816320119109,-0.810762746001371,0.0323173875508201
2.61040777419332,0.584089901373532,-0.146596511891323,-1.0431005265831,-0.00459549510045065,0.0854978450567218,-0.0115659853112074,-0.810880503352027,0.0327304780230464
2.6285113395346,0.583583575354055,-0.147500372976084,-1.04338985672416,-0.00453953838478083,0.0854715643791178,-0.0116507916468401,-0.810997313380941,0.0331472854551435
2.64674045578839,0.583070903464973,-0.148407675244247,-1.0436826677817,-0.00448123492969227,0.0854447982521428,-0.0117360499710678,-0.811113154256294,0.0335678223170017
2.6650959936689,0.582551826965396,-0.149318392498393,-1.04397898801099,-0.004420531602433,0.0854175413706757,-0.0118217591747364,-0.811228004148369,0.033992101001807
2.68357882992886,0.582026286932041,-0.150232497708528,-1.04427884553677,-0.00435737439004613,0.0853897884186285,-0.0119079180867632,-0.811341841231122,0.0344201338302392
2.70218984740145,0.581494224267329,-0.151149963000421,-1.04458226834161,-0.0042917083903834,0.0853615340696079,-0.0119945254736248,-0.811454643683603,0.0348519330547444
2.72092993504239,0.580955579707804,-0.1520707596439,-1.04488928425412,-0.00422347780315241,0.0853327729875874,-0.0120815800388454,-0.81156638969122,0.0352875108638739
2.73979998797246,0.58041029383285,-0.15299485804111,-1.04519992093679,-0.00415262592100518,0.0853034998275904,-0.0121690804224872,-0.81167705744685,0.0357268793866883
2.75880090752022,0.579858307073739,-0.153922227714737,-1.04551420587358,-0.00407909512067017,0.0852737092363856,-0.0122570252006432,-0.811786625151785,0.0361700506972202
2.77793360126509,0.579299559722991,-0.154852837296212,-1.04583216635718,-0.00400282685413661,0.0852433958531933,-0.0123454128849313,-0.811895071016526,0.0366170368189905
2.79719898308069,0.578733991944075,-0.15578665451389,-1.04615382947607,-0.00392376163989372,0.0852125543104038,-0.0124342419219914,-0.812002373261403,0.0370678497295752
2.81659797317847,0.578161543781444,-0.156723646181224,-1.04647922210111,-0.00384183905423197,0.0851811792343087,-0.0125235106929844,-0.812108510117036,0.0375225013652163
2.83613149815172,0.577582155170909,-0.157663778184926,-1.046808370872,-0.00375699772261295,0.0851492652458439,-0.0126132175130938,-0.812213459824629,0.0379810036254718
2.85580049101974,0.576995765950364,-0.158607015473142,-1.04714130218334,-0.0036691753111126,0.0851168069613463,-0.0127033606310302,-0.812317200636091,0.0384433683779012
2.87560589127251,0.576402315870861,-0.159553322043628,-1.04747804217035,-0.00357830851794477,0.0850837989933225,-0.0127939382285388,-0.812419710813992,0.0389096074627814
2.89554864491548,0.575801744608051,-0.160502660931953,-1.04781861669436,-0.00348433306507329,0.0850502359512322,-0.0128849484199098,-0.812520968631344,0.0393797326978448
2.91562970451479,0.575193991773986,-0.161454994199722,-1.04816305132792,-0.00338718368991725,0.0850161124422843,-0.0129763892514922,-0.812620952371212,0.0398537558830398
2.93585002924278,0.574578996929287,-0.162410282922841,-1.04851137133958,-0.00328679413715566,0.0849814230722475,-0.0130682587012122,-0.812719640326147,0.0403316888053049
2.95621058492378,0.573956699595691,-0.163368487179825,-1.0488636016784,-0.00318309715064358,0.0849461624462748,-0.0131605546780937,-0.812817010797452,0.0408135432433513
2.97671234408028,0.573327039268979,-0.164329566040158,-1.04921976695804,-0.00307602446544214,0.0849103251697432,-0.0132532750217853,-0.812913042094265,0.041299330972452
2.99735628597932,0.572689955432282,-0.165293477552717,-1.0495798914406,-0.00296550679997237,0.0848739058491071,-0.0133464175020898,-0.813007712532472,0.0417890637692284
3.01814339667932,0.572045387569789,-0.166260178734275,-1.04994399902007,-0.00285147384830031,0.0848368990927683,-0.0134399798185,-0.813101000433442,0.042282753416432
3.03907466907719,0.571393275180831,-0.167229625558075,-1.05031211320544,-0.00273385427256284,0.0847992995119601,-0.013533959599739,-0.813192884122586,0.0427804117077147
3.06015110295567,0.570733557794378,-0.168201772942509,-1.05068425710351,-0.00261257569554046,0.0847611017216479,-0.0136283544033061,-0.813283341927738,0.0432820504523845
3.08137370503119,0.570066174983929,-0.169176574739893,-1.05106045340129,-0.00248756469338735,0.0847223003414455,-0.0137231617150294,-0.813372352177364,0.0437876814801382
3.10274348900188,0.569391066382813,-0.170153983725362,-1.05144072434809,-0.00235874678852677,0.0846828899965477,-0.0138183789486238,-0.81345989319859,0.0442973166457692
3.12426147559604,0.568708171699895,-0.171133951585885,-1.05182509173725,-0.00222604644272151,0.0846428653186793,-0.0139140034452562,-0.813545943315059,0.0448109678338445
3.14592869262085,0.568017430735695,-0.172116428909421,-1.05221357688747,-0.00208938705032807,0.0846022209470608,-0.0140100324731182,-0.813630480844608,0.0453286469633445
3.16774617501149,0.567318783398927,-0.17310136517422,-1.05260620062389,-0.00194869093174349,0.0845609515293914,-0.0141064632270063,-0.813713484096777,0.0458503659922631
3.18971496488059,0.56661216972345,-0.174088708738287,-1.05300298325867,-0.0018038793270575,0.0845190517228492,-0.01420329282791,-0.813794931370134,0.0463761369221604
3.21183611156796,0.565897529885646,-0.175078406829016,-1.05340394457131,-0.00165487238991635,0.0844765161951083,-0.014300518322609,-0.813874800949441,0.0469059718026653
3.23411067169074,0.565174804222219,-0.176070405533007,-1.05380910378856,-0.00150158918161053,0.0844333396253748,-0.0143981366832792,-0.813953071102631,0.0474398827359217
3.25653970919388,0.564443933248417,-0.177064649786083,-1.05421847956399,-0.00134394766539675,0.0843895167054391,-0.0144961448071093,-0.814029720077634,0.047977881880976
3.27912429540095,0.563704857676683,-0.178061083363517,-1.05463208995715,-0.00118186470106402,0.0843450421407481,-0.0145945395159261,-0.814104726099015,0.0485199814580958
3.30186550906528,0.562957518435737,-0.179059648870474,-1.05504995241241,-0.00101525603975638,0.0842999106514941,-0.0146933175558325,-0.814178067364456,0.0490661937530225
3.32476443642155,0.562201856690084,-0.180060287732699,-1.05547208373739,-0.000844036319061658,0.084254116973723,-0.0147924755968557,-0.814249722041064,0.0496165311211458
3.3478221712376,0.561437813859953,-0.181062940187448,-1.05589850008106,-0.000668119058376937,0.0842076558604614,-0.0148920102326078,-0.814319668261524,0.0501710059916013
3.37103981486675,0.56066533164167,-0.18206754527468,-1.05632921691143,-0.000487416654566919,0.0841605220828616,-0.0149919179799598,-0.814387884120076,0.0507296308712833
3.39441847630035,0.559884352028455,-0.183074040828533,-1.05676424899288,-0.000301840377919305,0.0841127104313658,-0.0150921952787276,-0.814454347668336,0.0512924183487686
3.41795927222076,0.559094817331655,-0.184082363469087,-1.05720361036314,-0.000111300368417999,0.0840642157168902,-0.0151928384913735,-0.814519036910966,0.0518593810981497
3.44166332705473,0.558296670202409,-0.185092448594424,-1.05764731430988,8.42943676623853e-05,0.0840150327720263,-0.0152938439027215,-0.81458192980117,0.052430531882768
3.46553177302703,0.557489853653729,-0.186104230373024,-1.05809537334691,0.000285035960821967,0.0839651564522632,-0.0153952077196883,-0.814643004236052,0.0530058835588491
3.48956575021462,0.556674311083027,-0.187117641736481,-1.05854779919007,0.000491017681050976,0.0839145816372282,-0.0154969260710307,-0.814702238051806,0.053585449079029
3.51376640660105,0.555849986295051,-0.188132614372573,-1.05900460273271,0.000702333940182487,0.0838633032319462,-0.0155989950071096,-0.814759609018765,0.0541692414957742
3.53813489813128,0.55501682352525,-0.189149078718697,-1.05946579402079,0.000919080293869667,0.0838113161681194,-0.0157014104996719,-0.8148150948363,0.0547572739646853
3.56267238876697,0.554174767463562,-0.19016696395568,-1.05993138222767,0.00114135344317268,0.0837586154054254,-0.0158041684416505,-0.814868673127569,0.0553495597476844
3.58738005054197,0.553323763278616,-0.191186198001988,-1.06040137562846,0.00136925123574488,0.0837051959328344,-0.015907264646984,-0.814920321434132,0.0559461122160806
3.61225906361841,0.552463756642345,-0.192206707508343,-1.06087578157414,0.00160287266660314,0.0836510527699461,-0.016010694850456,-0.814970017210411,0.0565469448535105
3.63731061634298,0.551594693755011,-0.193228417852761,-1.06135460646513,0.00184231787846784,0.0835961809683445,-0.0161144547075556,-0.815017737818028,0.0571520712587487
3.66253590530377,0.550716521370636,-0.194251253136038,-1.06183785572475,0.0020876881616621,0.0835405756129727,-0.0162185397943594,-0.815063460520001,0.0577615051483867
3.68793613538733,0.549829186822829,-0.195275136177687,-1.06232553377208,0.00233908595355248,0.0834842318235257,-0.0163229456074357,-0.815107162474803,0.0583752603593747
3.71351251983634,0.548932638051007,-0.196299988512353,-1.06281764399471,0.00259661483752122,0.0834271447558614,-0.0164276675637728,-0.815148820730302,0.0589933508514237
3.73926628030746,0.548026823627008,-0.197325730386709,-1.06331418872096,0.00286037954145246,0.0833693096034309,-0.0165327010007309,-0.81518841221757,0.0596157907092645
3.76519864692972,0.547111692782079,-0.19835228075686,-1.06381516919189,0.00313048593572024,0.0833107215987254,-0.0166380411760193,-0.815225913744567,0.06024259414476
3.7913108583633,0.54618719543424,-0.199379557286271,-1.06432058553294,0.0034070410306643,0.0832513760147422,-0.0167436832676996,-0.815261301989711,0.0608737754988684
3.81760416185865,0.54525328221602,-0.200407476344225,-1.06483043672524,0.00369015297353931,0.0831912681664672,-0.0168496223742158,-0.815294553495325,0.0615093492434517
3.84407981331609,0.54430990450254,-0.201435953004834,-1.0653447205766,0.00397993104492,0.0831303934123746,-0.016955853514452,-0.815325644660978,0.0621493299829304
3.87073907734582,0.543357014439953,-0.202464901046623,-1.06586343369225,0.00427648565455435,0.083068747155944,-0.017062371627819,-0.815354551736711,0.0627937324557772
3.89758322732826,0.542394564974223,-0.203494232952696,-1.06638657144519,0.00457992833664472,0.0830063248471924,-0.0171691715743699,-0.815381250816156,0.0634425715358493
3.92461354547494,0.54142250988023,-0.204523859911497,-1.06691412794631,0.00489037174454299,0.0829431219842235,-0.0172762481349473,-0.815405717829557,0.0640958622335572
3.95183132288971,0.540440803791199,-0.205553691818196,-1.06744609601423,0.0052079296448499,0.0828791341147912,-0.0173835960113604,-0.815427928536686,0.0647536196968633
3.97923785963041,0.539449402228431,-0.206583637276704,-1.06798246714481,0.00553271691089929,0.0828143568378785,-0.0174912098265958,-0.815447858519665,0.0654158592121129
4.00683446477099,0.538448261631338,-0.207613603602331,-1.06852323148046,0.00586484951561245,0.0827487858052904,-0.0175990841250603,-0.815465483175698,0.0660825962046903
4.03462245646401,0.537437339387757,-0.208643496825114,-1.06906837777913,0.00620444452371477,0.0826824167232602,-0.0177072133728585,-0.815480777709709,0.0667538462395009
4.06260316200361,0.536416593864533,-0.209673221693821,-1.06961789338313,0.00655162008329208,0.0826152453540697,-0.0178155919581053,-0.815493717126897,0.0674296250212749
4.09077791788892,0.535385984438367,-0.21070268168065,-1.07017176418763,0.00690649541667765,0.08254726751768,-0.017924214191274,-0.815504276225211,0.0681099483946902
4.11914806988789,0.534345471526902,-0.211731778986635,-1.07072997460903,0.00726919081065469,0.082478479093376,-0.0180330743055817,-0.815512429587745,0.0687948323443149
4.14771497310157,0.533295016620036,-0.212760414547786,-1.07129250755302,0.00763982760595805,0.0824088760214194,-0.0181421664574118,-0.815518151575057,0.0694842929943621
4.17647999202884,0.532234582311454,-0.213788488041952,-1.07185934438254,0.00801852818606619,0.0823384543047141,-0.0182514847267753,-0.815521416317421,0.0701783466082609
4.20544450063156,0.531164132330355,-0.214815897896457,-1.07243046488549,0.00840541596526306,0.0822672100104785,-0.0183610231178116,-0.81552219770701,0.0708770095880366
4.23460988240025,0.530083631573355,-0.215842541296486,-1.0730058472423,0.00880061537596266,0.0821951392719278,-0.0184707755593294,-0.815520469390016,0.071580298473501
4.26397753042013,0.528993046136559,-0.216868314194268,-1.07358546799331,0.0092042518552774,0.0821222382899624,-0.0185807359053887,-0.815516204758711,0.072288229941249
4.29354884743766,0.527892343347776,-0.217893111319048,-1.07416930200607,0.00961645183082144,0.0820485033348638,-0.0186908979359248,-0.815509376943453,0.0730008208034625
4.32332524592758,0.526781491798861,-0.218916826187866,-1.07475732244244,0.0100373427057338,0.0819739307479946,-0.0188012553574148,-0.815499958804638,0.0737180880065157
4.35330814816033,0.525660461378165,-0.219939351117165,-1.07534950072567,0.0104670528429085,0.0818985169435039,-0.018911801803588,-0.81548792292461,0.0744400486293844
4.38349898627002,0.524529223303068,-0.220960577235228,-1.07594580650727,0.0109057115484187,0.0818222584100356,-0.0190225308361797,-0.815473241599519,0.0751667198818536
4.41389920232282,0.52338775015259,-0.221980394495468,-1.07654620763393,0.0113534490541262,0.081745151712438,-0.0191334359457314,-0.815455886831145,0.0758981191025268
4.44451024838583,0.522236015900033,-0.222998691690567,-1.07715067011426,0.0118103964994587,0.0816671934934756,-0.0192445105524349,-0.815435830318686,0.0766342637566293
4.47533358659646,0.521073995945665,-0.2240153564675,-1.07775915808561,0.0122766859123488,0.0815883804755395,-0.0193557480070245,-0.815413043450512,0.0773751714336102
4.50637068923228,0.519901667149388,-0.225030275343424,-1.07837163378079,0.0127524501893194,0.0815087094623568,-0.0194671415917148,-0.815387497295886,0.0781208598445372
4.53762303878129,0.518719007863401,-0.22604333372247,-1.07898805749479,0.0132378230747077,0.081428177340697,-0.0195786845211873,-0.815359162596673,0.0788713468192859
4.56909212801278,0.517525997964809,-0.227054415913432,-1.07960838755156,0.0137329391390147,0.0813467810820739,-0.0196903699436246,-0.81532800975902,0.0796266503035202
4.60077946004862,0.516322618888166,-0.228063405148363,-1.08023258027078,0.0142379337563727,0.0812645177444421,-0.0198021909417934,-0.815294008845016,0.0803867883554647
4.63268654843505,0.515108853657925,-0.229070183602097,-1.08086058993477,0.0147529430811201,0.081181384473887,-0.0199141405341772,-0.815257129564356,0.0811517791424659
4.66481491721498,0.513884686920776,-0.230074632412693,-1.08149236875534,0.0152781040234737,0.081097378506305,-0.0200262116761587,-0.815217341265976,0.0819216409373429
4.69716610100076,0.512650104977827,-0.231076631702812,-1.08212786684093,0.0158135542242909,0.0810124971690753,-0.0201383972612521,-0.815174612929701,0.082696392114526
4.72974164504755,0.511405095816626,-0.232076060602037,-1.08276703216368,0.0163594320289132,0.0809267378827189,-0.0202506901223867,-0.815128913157882,0.083476051145982
4.76254310532705,0.510149649142979,-0.233072797270142,-1.08340981052681,0.0169158764600861,0.0808400981625455,-0.0203630830332409,-0.815080210167044,0.0842606365969258
4.79557204860185,0.508883756412551,-0.234066718921308,-1.0840561455321,0.0174830271899413,0.0807525756202851,-0.0204755687096279,-0.815028471779538,0.0850501671213174
4.82883005250031,0.507607410862206,-0.235057701849299,-1.08470597854753,0.0180610245110449,0.0806641679657038,-0.0205881398109331,-0.814973665415207,0.0858446614571433
4.86231870559183,0.50632060754107,-0.236045621453596,-1.08535924867523,0.0186500093064969,0.0805748730082009,-0.0207007889416031,-0.814915758083066,0.0866441384214826
4.89603960746281,0.505023343341287,-0.237030352266492,-1.0860158927196,0.0192501230190816,0.0804846886583876,-0.0208135086526865,-0.814854716373006,0.0874486169053555
4.92999436879299,0.503715617028432,-0.23801176798116,-1.08667584515578,0.019861507619464,0.080393612929643,-0.0209262914434273,-0.814790506447516,0.0882581158683556
4.96418461143244,0.502397429271561,-0.238989741480675,-1.08733903809827,0.0204843055734264,0.0803016439396478,-0.0210391297629102,-0.814723094033443,0.0890726543330647
4.99861196847899,0.501068782672853,-0.239964144868011,-1.08800540127009,0.0211186598081438,0.0802087799118931,-0.021152016011758,-0.814652444413776,0.0898922513792484
5.03327808435624,0.499729681796838,-0.240934849497003,-1.08867486197207,0.0217647136774957,0.0801150191771621,-0.0212649425438811,-0.81457852241947,0.0907169261378344
5.06818461489212,0.498380133199151,-0.241901726004263,-1.08934734505268,0.0224226109264118,0.0800203601749837,-0.0213779016682791,-0.814501292421313,0.0915466977846722
5.10333322739797,0.497020145454807,-0.242864644342074,-1.09002277287815,0.0230924956542514,0.0799248014550553,-0.0214908856508944,-0.814420718321832,0.0923815855340732
5.13872560074817,0.495649729185946,-0.243823473812226,-1.09070106530313,0.023774512277214,0.0798283416786341,-0.0216038867165166,-0.814336763547255,0.0932216086321325
5.17436342546036,0.494268897089033,-0.244778083100811,-1.09138213964169,0.0244688054897876,0.0797309796198937,-0.0217168970507393,-0.814249391039523,0.0940667863498303
5.21024840377617,0.492877663961463,-0.245728340313972,-1.0920659106389,0.0251755202252294,0.0796327141672447,-0.0218299088019667,-0.81415856324836,0.0949171379759159
5.24638224974252,0.491476046727564,-0.246674113014579,-1.09275229044289,0.025894801615085,0.0795335443246181,-0.0219429140834712,-0.8140642421234,0.0957726828095706
5.2827666892935,0.490064064463933,-0.247615268259851,-1.09344118857743,0.0266267949477489,0.0794334692127083,-0.0220559049755011,-0.813966389106391,0.0966334401528523
5.31940346033281,0.48864173842411,-0.248551672639895,-1.09413251191513,0.0273716456260695,0.0793324880701743,-0.0221688735274372,-0.813864965123457,0.0974994293029208
5.35629431281677,0.487209092062523,-0.249483192317159,-1.09482616465124,0.0281294991240054,0.0792306002547981,-0.0222818117599983,-0.813759930577442,0.098370669544044
5.39344100883792,0.485766151057698,-0.250409693066795,-1.095522048278,0.0289005009423344,0.0791278052445963,-0.0223947116674949,-0.813651245340329,0.0992471801393859
5.43084532270915,0.484312943334687,-0.251331040317902,-1.09622006155976,0.029684796563428,0.0790241026388856,-0.0225075652201296,-0.813538868745739,0.100128980322575
5.4685090410485,0.482849499086689,-0.252247099195659,-1.09692010050872,0.0304825314050962,0.0789194921592976,-0.0226203643663443,-0.813422759581527,0.101016089289056
5.50643396286443,0.481375850795824,-0.253157734564311,-1.0976220583614,0.0312938507735077,0.0788139736507431,-0.0227331010352128,-0.813302876082454,0.101908526187221
5.54462189964184,0.479892033253039,-0.254062811071007,-1.09832582555588,0.0321188998152025,0.0787075470823231,-0.022845767138877,-0.81317917592297,0.102806310109331
5.58307467542852,0.478398083577105,-0.254962193190469,-1.09903128970978,0.0329578234682014,0.0786002125481842,-0.0229583545750276,-0.81305161621008,0.103709460082206
5.6217941269223,0.476894041232678,-0.255855745270473,-1.09973833559906,0.0338107664122264,0.0784919702683171,-0.0230708552294254,-0.812920153476331,0.104617995057716
5.66078210355879,0.475379948047389,-0.25674333157812,-1.10044684513771,0.0346778730180436,0.078382820589297,-0.023183260978465,-0.812784743672891,0.105531933903046
5.70004046759971,0.473855848227937,-0.257624816346884,-1.10115669735818,0.0355592872959432,0.078272763984962,-0.0232955636917766,-0.812645342162752,0.106451295390744
5.73957109422183,0.472321788375152,-0.258500063824411,-1.10186776839283,0.03645515284337,0.0781618010570299,-0.023407755234867,-0.812501903714041,0.107376098188568
5.77937587160657,0.470777817497992,-0.259368938321042,-1.10257993145622,0.0373656127917201,0.0780499325356502,-0.0235198274717963,-0.812354382493458,0.108306360849102
5.81945670103016,0.469223987026459,-0.260231304259047,-1.10329305682839,0.03829080975232,0.0779371592798902,-0.0236317722678903,-0.812202732059834,0.109242101799173
5.85981549695445,0.467660350823383,-0.261087026222528,-1.10400701183907,0.0392308857616073,0.0778234822781529,-0.0237435814924861,-0.812046905357818,0.110183339329053
5.90045418711838,0.466086965195068,-0.261935969007987,-1.104721660853,0.0401859822255274,0.0777089026485261,-0.0238552470217094,-0.811886854711707,0.111130091581445
5.94137471263004,0.464503888900754,-0.262777997675508,-1.10543686525612,0.0411562398631699,0.077593421639059,-0.0239667607412815,-0.811722531819394,0.112082376540266
5.9825790280594,0.46291118316088,-0.263612977600538,-1.10615248344298,0.0421417986496637,0.0774770406279675,-0.0240781145493546,-0.811553887746482,0.113040212019221
6.02406910153166,0.461308911664109,-0.26444077452624,-1.10686837080513,0.0431427977583488,0.077359761123764,-0.024189300359373,-0.81138087292052,0.114003615650162
6.06584691482126,0.459697140573104,-0.265261254616373,-1.10758437972066,0.0441593755022538,0.0772415847653119,-0.0243003101029586,-0.81120343712541,0.114972604871256
6.10791446344653,0.45807593852901,-0.266074284508674,-1.1083003595449,0.0451916692748945,0.0771225133218019,-0.0244111357328179,-0.811021529495953,0.115947196914927
6.15027375676503,0.456445376654642,-0.266879731368721,-1.10901615660221,0.0462398154904264,0.0770025486926509,-0.0245217692256696,-0.810835098512565,0.116927408795617
6.19292681806951,0.45480552855633,-0.267677462944214,-1.10973161417907,0.0473039495231665,0.0768816929073195,-0.0246322025851887,-0.810644091996147,0.117913257297328
6.23587568468454,0.453156470324417,-0.268467347619667,-1.11044657251824,0.0483842056465193,0.0767599481250488,-0.0247424278449668,-0.810448457103128,0.118904758960973
6.27912240806387,0.451498280532381,-0.269249254471459,-1.11116086881431,0.0494807169713289,0.0766373166345141,-0.0248524370714846,-0.810248140320678,0.11990193007152
6.32266905388835,0.449831040234558,-0.270023053323208,-1.11187433721036,0.0505936153836861,0.0765138008533951,-0.0249622223670957,-0.810043087462097,0.120904786644948
6.36651770216467,0.448154832962454,-0.270788614801432,-1.11258680879598,0.0517230314822192,0.0763894033278615,-0.0250717758730171,-0.809833243662382,0.121913344414999
6.41067044732463,0.44646974471962,-0.27154581039146,-1.11329811160662,0.0528690945148987,0.076264126731972,-0.0251810897723263,-0.809618553373978,0.122927618819738
6.45512939832527,0.444775863975075,-0.272294512493543,-1.11400807062414,0.0540319323153852,0.0761379738669875,-0.0252901562929605,-0.809398960362724,0.123947624987924
6.49989667874954,0.443073281655265,-0.273034594479132,-1.11471650777883,0.0552116712389527,0.0760109476605954,-0.025398967710716,-0.809174407703984,0.124973377725184
6.54497442690774,0.44136209113454,-0.273765930747283,-1.1154232419527,0.0564084360980172,0.0758830511660469,-0.0255075163522448,-0.808944837778972,0.126004891500003
6.5903647959397,0.439642388224128,-0.27448839678113,-1.11612808898419,0.0576223500973057,0.0757542875612045,-0.0256157945980463,-0.808710192271294,0.127042180429526
6.63606995391757,0.437914271159618,-0.275201869204407,-1.11683086167424,0.0588535347686972,0.0756246601474996,-0.0257237948854497,-0.808470412163675,0.128085258265175
6.68209208394941,0.436177840586903,-0.275906225837946,-1.11753136979377,0.0601021099057705,0.075494172348801,-0.0258315097115865,-0.80822543773491,0.129134138378079
6.72843338428345,0.434433199546618,-0.276601345756135,-1.11822942009264,0.0613681934980918,0.0753628277101917,-0.025938931636348,-0.807975208557023,0.130188833744333
6.77509606841313,0.432680453457023,-0.277287109343263,-1.11892481630994,0.0626519016652802,0.0752306298966562,-0.0260460532853257,-0.80771966349264,0.131249356930067
6.82208236518274,0.430919710095361,-0.277963398349724,-1.11961735918584,0.0639533485908846,0.0750975826916756,-0.0261528673527325,-0.807458740692597,0.132315720076346
6.86939451889399,0.429151079577657,-0.27863009594803,-1.12030684647481,0.0652726464561078,0.0749636899957324,-0.0262593666042998,-0.807192377593755,0.133387934883893
6.91703478941313,0.427374674336977,-0.279287086788571,-1.12099307296033,0.0666099053734163,0.0748289558247243,-0.0263655438801492,-0.806920510917066,0.134466012597641
6.96500545227891,0.42559060910013,-0.279934257055095,-1.12167583047115,0.0679652333200743,0.0746933843082868,-0.0264713920976343,-0.806643076665853,0.135549963991116
7.0133087988113,0.423799000862823,-0.280571494519851,-1.12235490789891,0.0693387360716328,0.0745569796880251,-0.026576904254151,-0.806360010124348,0.13663979935065
7.06194713622089,0.421999968863264,-0.281198688598337,-1.12303009121736,0.0707305171354218,0.074419746315656,-0.0266820734299114,-0.806071245856457,0.137735528459435
7.11092278771915,0.420193634554222,-0.281815730403622,-1.12370116350306,0.0721406776840745,0.0742816886510598,-0.0267868927906798,-0.805776717704782,0.138837160581406
7.16023809262934,0.418380121573542,-0.282422512800173,-1.12436790495752,0.073569316489128,0.0741428112602426,-0.0268913555904664,-0.805476358789889,0.139944704444979
7.20989540649828,0.416559555713133,-0.28301893045716,-1.1250300929309,0.0750165298547378,0.074003118813211,-0.0269954551741765,-0.805170101509832,0.141058168226613
7.25989710120885,0.414732064886424,-0.283604879901173,-1.12568750194723,0.0764824115515418,0.0738626160817576,-0.0270991849802117,-0.80485787753994,0.14217755953424
7.31024556509332,0.412897779094306,-0.284180259568304,-1.12633990373112,0.0779670527507203,0.0737213079371609,-0.0272025385430192,-0.804539617832858,0.14330288539052
7.36094320304735,0.411056830389576,-0.28474496985555,-1.12698706723595,0.0794705419582816,0.0735791993477986,-0.0273055094955875,-0.804215252618872,0.144434152215973
7.41199243664497,0.409209352839887,-0.285298913171496,-1.12762875867363,0.0809929649496202,0.0734362953766768,-0.0274080915718845,-0.803884711406483,0.14557136581194
7.46339570425412,0.407355482489222,-0.285841993986201,-1.12826474154578,0.0825344047043831,0.0732926011788751,-0.0275102786092343,-0.803547922983281,0.146714531343425
7.51515546115323,0.405495357317919,-0.286374118880271,-1.12889477667653,0.084094941341684,0.0731481219989107,-0.0276120645506316,-0.803204815417079,0.147863653321777
7.56727417964842,0.403629117201252,-0.286895196593058,-1.12951862224667,0.0856746520557045,0.0730028631680212,-0.027713443446988,-0.802855316057344,0.149018735587251
7.61975434919166,0.401756903866598,-0.287405138069924,-1.13013603382943,0.0872736110517201,0.0728568301013687,-0.0278144094593097,-0.802499351536907,0.150179781291428
7.67259847649959,0.39987886084921,-0.287903856508547,-1.13074676442761,0.0888918894825915,0.0727100282951674,-0.0279149568608016,-0.802136847773973,0.151346792879506
7.72580908567334,0.397995133446619,-0.288391267404211,-1.13135056451229,0.0905295553857574,0.0725624633237353,-0.0280150800388966,-0.801767729974424,0.152519772072462
7.77938871831903,0.396105868671694,-0.288867288594021,-1.13194718206292,0.0921866736207698,0.0724141408364728,-0.0281147734972049,-0.801391922634418,0.153698719849096
7.83333993366922,0.394211215204384,-0.28933184030003,-1.13253636260891,0.0938633058074027,0.0722650665547705,-0.0282140318573839,-0.801009349543302,0.154883636427952
7.8876653087051,0.392311323342175,-0.289784845171199,-1.13311784927262,0.0955595102643821,0.0721152462688479,-0.0283128498609218,-0.800619933786825,0.156074521249118
7.94236743827963,0.39040634494929,-0.290226228324169,-1.13369138281381,0.0972753419487637,0.0719646858345253,-0.0284112223708358,-0.800223597750667,0.157271372955916
7.99744893524145,0.388496433404669,-0.290655917382795,-1.13425670167544,0.099010852395999,0.0718133911699319,-0.0285091443732796,-0.799820263124289,0.158474189376487
8.0529124305597,0.386581743548756,-0.291073842516397,-1.13481354203093,0.100766089660728,0.0716613682521519,-0.0286066109790597,-0.799409850905098,0.159682967505257
8.10876057344967,0.384662431629137,-0.291479936476699,-1.13536163783273,0.102541098258325,0.071508623113812,-0.0287036174250559,-0.798992281402939,0.160897703484316
8.16499603149936,0.382738655245062,-0.291874134633402,-1.13590072086228,0.104335919107247,0.0713551618396125,-0.0288001590755454,-0.798567474244918,0.162118392584684
8.22162149079689,0.380810573290889,-0.292256375008359,-1.13643052078128,0.106150589472197,0.0712009905628052,-0.0288962314234273,-0.798135348380558,0.16334502918749
8.27863965605879,0.378878345898496,-0.292626598308323,-1.13695076518431,0.107985142908156,0.0710461154616203,-0.0289918300913449,-0.797695822087293,0.164577606765061
8.33605325075921,0.376942134378695,-0.292984747956216,-1.13746117965271,0.109839609205302,0.0708905427556472,-0.0290869508327039,-0.797248812976302,0.165816117861914
8.39386501726,0.375002101161694,-0.293330770120902,-1.13796148780974,0.111714014334856,0.0707342787021697,-0.0291815895325857,-0.796794237998693,0.167060554075676
8.45207771694168,0.373058409736661,-0.293664613745414,-1.13845141137696,0.113608380395878,0.0705773295924612,-0.0292757422085512,-0.796332013452035,0.168310906037918
8.51069413033537,0.371111224590417,-0.293986230573621,-1.1389306702319,0.115522725563046,0.070419701748042,-0.0293694050113354,-0.795862054987242,0.169567163394915
8.56971705725559,0.369160711145318,-0.29429557517529,-1.13939898246685,0.11745706403545,0.0702614015169022,-0.0294625742254306,-0.795384277615827,0.170829314788339
8.62914931693396,0.36720703569638,-0.294592604969525,-1.13985606444887,0.119411405986425,0.0701024352696938,-0.0295552462695554,-0.794898595717502,0.172097347835879
8.68899374815392,0.365250365347672,-0.294877280246551,-1.14030163088091,0.121385757514444,0.0699428093958962,-0.0296474176970098,-0.794404923048163,0.173371249111804
8.74925320938629,0.363290867948059,-0.295149564187818,-1.14073539486409,0.123380120595111,0.0697825302999572,-0.0297390851959132,-0.793903172748237,0.174651004127468
8.80993057892579,0.361328712026319,-0.295409422884406,-1.14115706796101,0.125394493034265,0.069621604397415,-0.0298302455893251,-0.793393257351406,0.175936597311758
8.87102875502857,0.359364066725697,-0.295656825353707,-1.14156636026017,0.127428868422226,0.0694600381110035,-0.0299208958352472,-0.792875088793716,0.177228011991501
8.93255065605059,0.35739710173796,-0.295891743554363,-1.14196298044141,0.129483236089204,0.0692978378667454,-0.0300110330265053,-0.792348578423069,0.178525230371818
8.99449922058705,0.35542798723698,-0.296114152399442,-1.1423466358423,0.131557581061888,0.0691350100900373,-0.0301006543905109,-0.791813637009103,0.179828233516451
9.05687740761275,0.353456893811931,-0.296324029767838,-1.14271703252559,0.133651884021242,0.0689715612017297,-0.0301897572889007,-0.791270174753468,0.181137001328044
9.11968819662343,0.351483992400123,-0.296521356513886,-1.14307387534752,0.135766121261525,0.0688074976142066,-0.0302783392170543,-0.790718101300504,0.182451512528409
9.18293458777804,0.349509454219558,-0.296706116475162,-1.1434168680271,0.137900264650548,0.0686428257274685,-0.0303663978034891,-0.790157325748313,0.183771744638755
9.2466196020421,0.347533450701243,-0.296878296478485,-1.14374571321619,0.140054281591192,0.0684775519252232,-0.030453930809132,-0.789587756660249,0.185097673959911
9.31074628133199,0.345556153421325,-0.297037886344082,-1.14406011257051,0.142228134984197,0.0683116825709878,-0.0305409361264679,-0.789009302076813,0.186429275552531
9.3753176886602,0.343577734033106,-0.297184878887943,-1.14435976682141,0.144421783192243,0.068145224004206,-0.0306274117785647,-0.788421869527969,0.187766523217292
9.44033690828169,0.341598364198988,-0.297319269922325,-1.14464437584846,0.146635180005323,0.0679781825363858,-0.030713355917975,-0.787825366045879,0.189109389475094
9.50580704584117,0.339618215522416,-0.297441058254438,-1.14491363875273,0.148868274607441,0.0678105644472602,-0.0307987668255143,-0.787219698178069,0.190457845547265
9.57173122852146,0.337637459479862,-0.297550245683291,-1.14516725393088,0.151121011544626,0.0676423759809764,-0.0308836429089168,-0.786604772001015,0.191811861335773
9.63811260519287,0.33565626735292,-0.297646836994698,-1.14540491914984,0.15339333069428,0.0674736233423167,-0.0309679827013682,-0.785980493134181,0.193171405403463
9.70495434656358,0.333674810160563,-0.297730839954473,-1.14562633162221,0.155685167235874,0.0673043126929557,-0.0310517848599174,-0.785346766754479,0.194536444954308
9.7722596453311,0.33169325859162,-0.29780226529978,-1.14583118808225,0.157996451622988,0.0671344501477575,-0.0311350481637668,-0.78470349761119,0.195906945813703
9.84003171633479,0.329711782937522,-0.297861126728689,-1.14601918486249,0.160327109556714,0.0669640417711174,-0.0312177715124421,-0.784050590041324,0.197282872408782
9.90827379670937,0.327730553025398,-0.297907440887912,-1.14619001797088,0.162677061960415,0.0667930935733516,-0.0312999539238441,-0.78338794798544,0.198664187748789
9.97698914603959,0.325749738151539,-0.297941227358748,-1.14634338316847,0.165046224955856,0.06662161150714,-0.0313815945321815,-0.782715475003923,0.2000508534055
10.0461810465159,0.32376950701532,-0.297962508641256,-1.14647897604758,0.167434509840698,0.0664496014640249,-0.0314626925857879,-0.782033074293724,0.201442829493698
10.1158528030912,0.321790027653619,-0.297971310136654,-1.14659649211048,0.16984182306737,0.0662770692709698,-0.0315432474448237,-0.781340648705572,0.202840074651716
10.1860077436388,0.319811467375783,-0.297967660127976,-1.14669562684845,0.172268066223316,0.0661040206869834,-0.0316232585788639,-0.78063810076166,0.204242546022056
10.2566492191112,0.317833992699208,-0.297951589758998,-1.14677607582131,0.174713136012603,0.0659304613998107,-0.0317027255643752,-0.779925332673801,0.205650199232091
10.3277806037004,0.315857769285575,-0.297923133011466,-1.14683753473726,0.177176924238918,0.0657563970226973,-0.0317816480820826,-0.779202246362079,0.207062988374847
10.3994052949988,0.313882961877801,-0.297882326680629,-1.14687969953315,0.179659317789928,0.0655818330912281,-0.0318600259142288,-0.77846874347398,0.208480865989897
10.4715267141616,0.311909734237747,-0.297829210349122,-1.14690226645502,0.182160198623009,0.0654067750602469,-0.0319378589417271,-0.777724725404014,0.209903783044352
10.5441483060703,0.309938249084748,-0.297763826359217,-1.14690493213896,0.184679443752343,0.0652312283008581,-0.0320151471412123,-0.776970093313844,0.211331688913968
10.6172735394972,0.307968668034993,-0.297686219783463,-1.14688739369222,0.187216925237379,0.0650551980975153,-0.0320918905819898,-0.776204748152906,0.212764531364386
10.6909059072708,0.30600115154183,-0.297596438393763,-1.14684934877462,0.189772510172648,0.0648786896452007,-0.0321680894228862,-0.775428590679538,0.214202256532494
10.7650489264432,0.304035858837012,-0.297494532628899,-1.14679049568008,0.192346060678933,0.0647017080466972,-0.0322437439090054,-0.774641521482626,0.215644808907943
10.8397061384575,0.302072947872961,-0.297380555560555,-1.14671053341849,0.194937433895788,0.0645242583099581,-0.0323188543683904,-0.773843441003759,0.217092131314809
10.9148811093176,0.300112575266065,-0.297254562857862,-1.1466091617976,0.19754648197539,0.0643463453455766,-0.0323934212085961,-0.773034249559903,0.218544164893424
10.9905774297578,0.298154896241075,-0.297116612750503,-1.14648608150518,0.200173052077735,0.0641679739643587,-0.032467444913175,-0.772213847366608,0.220000849082381
11.0667987154147,0.296200064576628,-0.29696676599042,-1.14634099419124,0.202816986367148,0.0639891488750024,-0.0325409260380784,-0.771382134561731,0.221462121600717
11.1435486070002,0.294248232551943,-0.296805085812156,-1.1461736025504,0.205478122010122,0.0638098746818866,-0.0326138652079782,-0.770539011229699,0.222927918430298
11.2208307704748,0.292299550894729,-0.296631637891876,-1.1459836104043,0.20815629117446,0.0636301558829711,-0.03268626311251,-0.769684377426311,0.224398173798414
11.2986488972231,0.290354168730337,-0.296446490305104,-1.14577072278416,0.210851321029722,0.0634499968678127,-0.0327581205024438,-0.768818133204073,0.225872820160584
11.3770067042298,0.288412233532202,-0.296249713483224,-1.14553464601327,0.213563033748965,0.0632694019156978,-0.0328294381857831,-0.767940178638082,0.227351788183597
11.4559079342577,0.28647389107359,-0.296041380168781,-1.14527508778964,0.216291246511763,0.0630883751938957,-0.0329002170237983,-0.767050413852458,0.228835006728795
11.535356356026,0.284539285380712,-0.295821565369633,-1.14499175726861,0.219035771508508,0.0629069207560335,-0.0329704579269968,-0.766148739047326,0.230322402835616
11.6153557643908,0.282608558687199,-0.295590346311999,-1.1446843651454,0.221796415945971,0.0627250425405962,-0.0330401618510335,-0.765235054526354,0.231813901705393
11.6959099805258,0.280681851390007,-0.29534780239244,-1.14435262373778,0.224572982054124,0.0625427443695533,-0.0331093297925663,-0.764309260724848,0.233309426685448
11.7770228521052,0.27875930200674,-0.295094015128832,-1.1439962470686,0.227365267094207,0.0623600299471143,-0.0331779627850603,-0.763371258238406,0.234808899253477
11.8586982534876,0.276841047134449,-0.294829068110374,-1.14361495094835,0.230173063368032,0.0621769028586147,-0.0332460618945448,-0.762420947852145,0.236312239002235
11.9409400859005,0.27492722140991,-0.294553046946676,-1.14320845305758,0.232996158228523,0.0619933665695345,-0.0333136282153256,-0.76145823057048,0.237819363624561
12.0237522776272,0.273017957471417,-0.29426603921598,-1.1427764730294,0.235834334091469,0.0618094244246507,-0.0333806628656603,-0.760483007647483,0.239330188898725
12.1071387841942,0.2711133859221,-0.293968134412564,-1.14231873253174,0.238687368448494,0.0616250796473254,-0.0334471669833964,-0.759495180617809,0.240844628674135
12.1911035885602,0.269213635294788,-0.29365942389337,-1.14183495534965,0.241555033881228,0.0614403353389304,-0.0335131417215801,-0.758494651328191,0.242362594857413
12.2756507013062,0.267318832018446,-0.293340000823929,-1.14132486746746,0.244437098076678,0.0612551944784105,-0.0335785882440379,-0.757481321969517,0.243883997398852
12.3607841608273,0.265429100386179,-0.293009960123598,-1.14078819715081,0.247333323843786,0.0610696599219855,-0.0336435077209359,-0.756455095109474,0.24540874427927
12.4465080335254,0.263544562524841,-0.292669398410198,-1.14022467502865,0.250243469131168,0.0608837344029924,-0.0337079013243216,-0.755415873725771,0.246936741497286
12.5328264140034,0.26166533836624,-0.292318413944074,-1.13963403417504,0.253167287046029,0.0606974205318686,-0.0337717702236521,-0.754363561239942,0.248467893057019
12.6197434252612,0.259791545619959,-0.291957106571648,-1.13901601019088,0.25610452587425,0.0605107207962765,-0.0338351155813131,-0.753298061551721,0.250002100956248
12.7072632188919,0.257923299747801,-0.291585577668504,-1.1383703412855,0.259054929101634,0.0603236375613704,-0.0338979385481332,-0.752219279073994,0.251539265175027
12.7953899752808,0.25606071393986,-0.291203930082058,-1.13769676835808,0.262018235436316,0.0601361730702056,-0.0339602402588983,-0.751127118768331,0.25307928366479
12.8841279038047,0.25420389909222,-0.290812268073879,-1.13699503507904,0.264994178832328,0.0599483294442907,-0.0340220218278701,-0.75002148618109,0.254622052337958
12.9734812430331,0.252352963786298,-0.290410697261684,-1.13626488797113,0.267982488514312,0.0597601086842818,-0.0340832843443133,-0.748902287480094,0.256167465058063
13.0634542609305,0.250508014269817,-0.289999324561082,-1.13550607649053,0.270982889003386,0.0595715126708202,-0.0341440288680359,-0.747769429491883,0.257715413630415
13.1540512550606,0.248669154439411,-0.289578258127111,-1.1347183531077,0.273995100144157,0.0593825431655125,-0.0342042564249477,-0.746622819739531,0.259265787793322
13.2452765527909,0.24683648582487,-0.289147607295607,-1.1339014733881,0.277018837132883,0.059193201812053,-0.0342639680026398,-0.745462366481036,0.26081847520989
13.3371345115004,0.245010107575006,-0.28870748252447,-1.13305519607281,0.280053810546771,0.059003490137487,-0.0343231645459923,-0.744287978748264,0.26237336146042
13.4296295187868,0.243190116445146,-0.28825799533487,-1.13217928315889,0.283099726374439,0.0588134095536171,-0.0343818469528115,-0.743099566386464,0.263930330035415
13.5227659926764,0.241376606786242,-0.287799258252437,-1.1312734999797,0.286156286047507,0.0586229613585476,-0.0344400160695036,-0.741897040094328,0.265489262329235
13.6165483818355,0.23956967053558,-0.287331384748491,-1.13033761528495,0.289223186473357,0.0584321467383705,-0.0344976726867876,-0.740680311464608,0.267050037634394
13.7109811657822,0.237769397209092,-0.286854489181356,-1.12937140132069,0.29230012006903,0.0582409667689887,-0.034554817535453,-0.739449293025273,0.268612533136544
13.806068855101,0.235975873895247,-0.286368686737801,-1.12837463390901,0.295386774796301,0.0580494224180769,-0.0346114512821653,-0.738203898281209,0.270176623910157
13.9018159916578,0.234189185250518,-0.285874093374663,-1.1273470925277,0.298482834197894,0.0578575145471792,-0.0346675745253251,-0.736944041756444,0.271742182914917
13.998227148817,0.232409413496402,-0.28537082576069,-1.12628856038965,0.301587977434892,0.0576652439139401,-0.034723187790984,-0.735669639036907,0.273309080992863
14.0953069316601,0.230636638417979,-0.284859001218649,-1.12519882452211,0.304701879325298,0.0574726111744696,-0.0347782915288218,-0.734380606813691,0.274877186866286
14.1930599772055,0.228870937363992,-0.284338737667749,-1.12407767584576,0.307824210383803,0.0572796168858398,-0.0348328861081892,-0.733076862926836,0.276446367136413
14.2914909546299,0.227112385248437,-0.283810153566413,-1.12292490925364,0.310954636862734,0.0570862615087101,-0.0348869718142203,-0.731758326409598,0.278016486282895
14.3906045654914,0.225361054553631,-0.283273367855448,-1.12174032368982,0.314092820794211,0.0568925454100813,-0.034940548844019,-0.730424917533217,0.279587406664122
14.4904055439544,0.223617015334745,-0.28272849990165,-1.12052372222793,0.317238420033512,0.0566984688661747,-0.0349936173029224,-0.72907655785215,0.281158988518384
14.5908986570152,0.221880335225771,-0.282175669441887,-1.11927491214953,0.320391088303674,0.0565040320654343,-0.0350461772008464,-0.727713170249781,0.28273108996591
14.6920887047298,0.22015107944692,-0.281614996527695,-1.11799370502217,0.323550475241321,0.0563092351116516,-0.0350982284487172,-0.726334678984572,0.284303567011795
14.7939805204436,0.218429310813394,-0.281046601470425,-1.11667991677738,0.326716226443754,0.0561140780272071,-0.0351497708549914,-0.724941009736661,0.285876273549843
14.8965789710218,0.216715089745537,-0.280470604786987,-1.11533336778834,0.329887983517296,0.05591856075643,-0.0352008041222698,-0.723532089654881,0.28744906136735
14.999888957082,0.215008474280322,-0.279887127146213,-1.11395388294736,0.333065384126929,0.0557226831690704,-0.0352513278440073,-0.722107847404192,0.289021780150845
15.1039154132284,0.213309520084152,-0.279296289315878,-1.11254129174319,0.336248062047217,0.0555264450638823,-0.0353013415013245,-0.720668213213505,0.290594277492818
15.2086633082875,0.211618280466942,-0.278698212110425,-1.11109542833797,0.339435647214554,0.0553298461723154,-0.0353508444599216,-0.719213118923884,0.292166398899447
15.3141376455451,0.209934806397458,-0.278093016339402,-1.10961613164405,0.342627765780728,0.0551328861623109,-0.0353998359671008,-0.717742498037106,0.293737987799355
15.4203434629857,0.208259146519885,-0.277480822756666,-1.10810324540048,0.345824040167846,0.0549355646422006,-0.035448315148899,-0.71625628576457,0.295308885553418
15.5272858335329,0.206591347171582,-0.276861752010367,-1.10655661824923,0.349024089124622,0.054737881164703,-0.035496281007334,-0.714754419076515,0.296878931465642
15.6349698652918,0.204931452402008,-0.276235924593753,-1.10497610381117,0.352227527784046,0.0545398352310169,-0.0355437324177691,-0.713236836751556,0.298447962795131
15.7434007017931,0.20327950399277,-0.275603460796811,-1.10336156076164,0.355433967722463,0.0543414262950057,-0.0355906681263958,-0.711703479426488,0.30001581476917
15.8525835222385,0.201635541478784,-0.27496448065878,-1.10171285290584,0.358643017020077,0.0541426537674711,-0.0356370867478419,-0.710154289646355,0.30158232059745
15.9625235417481,0.199999602170485,-0.274319103921559,-1.10002984925378,0.361854280322901,0.0539435170205121,-0.0356829867629041,-0.708589211914749,0.303147311487442
16.07322601161,0.198371721177083,-0.27366744998403,-1.09831242409487,0.365067358906171,0.0537440153919651,-0.03572836651641,-0.707008192744332,0.304710616660947
16.1846962195303,0.19675193143081,-0.27300963785732,-1.09656045707222,0.368281850739251,0.0535441481899225,-0.0357732242152111,-0.705411180707531,0.306272063371856
16.2969394898867,0.195140263712132,-0.272345786121028,-1.09477383325643,0.371497350552043,0.0533439146973247,-0.0358175579263109,-0.703798126487403,0.307831476925113
16.4099611839816,0.19353674667589,-0.271676012880428,-1.09295244321904,0.374713449902933,0.0531433141766225,-0.035861365575128,-0.702168982928629,0.309388680696925
16.5237667002994,0.19194140687834,-0.271000435724676,-1.09109618310547,0.377929737248278,0.0529423458745063,-0.0359046449438995,-0.700523705088616,0.310943496156226
16.6383614747635,0.190354268805041,-0.27031917168603,-1.08920495470753,0.381145798013479,0.052741009026697,-0.0359473936702245,-0.698862250288677,0.312495742887414
16.7537509809962,0.188775354899577,-0.269632337200111,-1.08727866553539,0.384361214665637,0.0525393028627949,-0.0359896092457511,-0.697184578165259,0.314045238614387
16.8699407305804,0.187204685593063,-0.2689400480672,-1.08531722888904,0.38757556678783,0.052337226611183,-0.0360312890150089,-0.695490650721181,0.31559179922588
16.9869362733223,0.1856422793344,-0.268242419414613,-1.08332056392918,0.390788431155025,0.0521347795039801,-0.0360724301743883,-0.693780432376863,0.317135238802141
17.1047431975172,0.184088152621246,-0.267539565660136,-1.08128859574746,0.393999381811647,0.0519319607820391,-0.0361130297712684,-0.692053890021511,0.318675369642942
17.2233671302159,0.182542320031672,-0.266831600476559,-1.07922125543618,0.39720799015082,0.0517287696999866,-0.0361530847032966,-0.690310993064207,0.320212002296956
17.3428137374936,0.181004794256459,-0.266118636757295,-1.07711848015723,0.400413824995309,0.0515252055312992,-0.0361925917178186,-0.688551713484899,0.321744945592501
17.4630887247206,0.179475586131998,-0.265400786583119,-1.07498021321038,0.40361645268018,0.0513212675734125,-0.0362315474114633,-0.686776025885228,0.323274006669678
17.5841978368348,0.17795470467377,-0.264678161190004,-1.07280640410076,0.406815437137182,0.0511169551528572,-0.0362699482298816,-0.68498390753917,0.324798991013906
17.7061468586161,0.176442157110354,-0.263950870938093,-1.07059700860562,0.410010339980893,0.0509122676304192,-0.0363077904676414,-0.683175338443456,0.326319702490878
17.8289416149627,0.174937948917948,-0.263219025281786,-1.06835198884018,0.413200720596622,0.0507072044063182,-0.0363450702682797,-0.681350301367726,0.327835943382927
17.9525879711692,0.173442083855335,-0.262482732740965,-1.06607131332267,0.416386136230101,0.0505017649254004,-0.036381783624512,-0.679508781904377,0.329347514426842
18.0770918332073,0.1719545639993,-0.261742100873346,-1.06375495703836,0.419566142078973,0.05029594868234,-0.0364179263786007,-0.677650768518076,0.330854214853123
18.2024591480069,0.170475389780427,-0.260997236247977,-1.06140290150271,0.422740291386088,0.0500897552268472,-0.0364534942228827,-0.675776252594887,0.332355842426683
18.3286959037413,0.16900456001926,-0.260248244419864,-1.05901513482339,0.425908135534627,0.0498831841688741,-0.0364884827004563,-0.673885228490964,0.333852193489017
18.4558081301122,0.167542071962791,-0.259495229905743,-1.05659165176133,0.429069224145052,0.0496762351838176,-0.0365228872060287,-0.671977693580796,0.335343063001833
18.5838018986386,0.166087921321236,-0.258738296160981,-1.05413245379052,0.43222310517391,0.049468908017712,-0.0365567029869231,-0.670053648304923,0.336828244592155
18.7126833229461,0.164642102305067,-0.257977545557626,-1.05163754915673,0.435369325014473,0.0492612024924077,-0.036589925144247,-0.668113096217104,0.338307530598897
18.8424585590593,0.163204607662273,-0.257213079363573,-1.04910695293491,0.438507428599254,0.0490531185107306,-0.0366225486342202,-0.666156044030898,0.339780712120919
18.9731338056957,0.161775428715802,-0.256444997722876,-1.04654068708533,0.441636959504363,0.0488446560616184,-0.0366545682696628,-0.664182501665583,0.341247579066551
19.1047153045619,0.160354555401172,-0.255673399637171,-1.04393878050834,0.444757460055744,0.0486358152252276,-0.0366859787216436,-0.662192482291397,0.342707920204603
19.2372093406515,0.158941976304193,-0.25489838294823,-1.04130126909771,0.447868471437272,0.0484265961780069,-0.0367167745212875,-0.660186002374043,0.344161523216843
19.3706222425457,0.157537678698797,-0.254120044321619,-1.0386281957925,0.450969533800705,0.0482169991977337,-0.0367469500617412,-0.658163081718405,0.345608174751951
19.5049603827152,0.156141648584917,-0.253338479231468,-1.03591961062737,0.454060186377509,0.0480070246685056,-0.0367764996002975,-0.656123743511444,0.347047660480936
19.6402301778248,0.154753870726405,-0.252553781946335,-1.03317557078126,0.457139967592531,0.0477966730856859,-0.0368054172606764,-0.654068014364207,0.348479765154017
19.7764380890397,0.153374328688948,-0.251766045516164,-1.03039614062444,0.460208415179516,0.0475859450607955,-0.0368336970354621,-0.651995924352917,0.349904272658953
19.9135906223344,0.152003004877956,-0.250975361760314,-1.02758139176377,0.463265066298466,0.0473748413263476,-0.0368613327886946,-0.649907507059088,0.351320966080818
20.0516943288031,0.150639880576387,-0.250181821256669,-1.02473140308619,0.466309457654823,0.0471633627406201,-0.0368883182586156,-0.64780279960861,0.35272962776321
20.1907558049731,0.149284935982489,-0.249385513331795,-1.02184626080027,0.469341125620457,0.046951510292362,-0.0369146470605655,-0.645681842709776,0.354130039370875
20.3307816931193,0.147938150247428,-0.248586526052149,-1.01892605847591,0.472359606356449,0.0467392851054267,-0.0369403126900312,-0.643544680690172,0.355521981953741
20.4717786815819,0.146599501512767,-0.247784946216321,-1.01597089708189,0.475364435937645,0.0465266884433312,-0.0369653085258429,-0.641391361532412,0.356905236012335
20.6137535050858,0.145268966947783,-0.246980859348296,-1.01298088502148,0.478355150478959,0.0463137217137321,-0.0369896278335168,-0.639221936908639,0.358279581564575
20.756712945062,0.143946522786577,-0.246174349691724,-1.00995613816575,0.481331286263398,0.0461003864728184,-0.0370132637687432,-0.637036462213768,0.359644798213912
20.900663829972,0.142632144364975,-0.245365500205177,-1.00689677988476,0.484292379871782,0.0458866844296126,-0.0370362093810171,-0.634834996597405,0.361000665218805
21.0456130356336,0.14132580615717,-0.244554392558394,-1.0038029410764,0.487237968314132,0.0456726174501788,-0.0370584576174083,-0.632617602994401,0.362346961563496
21.1915674855492,0.1400274818121,-0.243741107129477,-1.00067476019283,0.490167589162676,0.0454581875617308,-0.0370800013264698,-0.630384348153987,0.363683466030073
21.338534151237,0.138737144189532,-0.242925723003038,-0.997512383264573,0.493080780686464,0.0452433969566377,-0.0371008332622815,-0.628135302667443,0.365009957271784
21.4865200525637,0.137454765395816,-0.242108317969273,-0.994315963921959,0.495977081987521,0.0450282479963218,-0.0371209460886253,-0.625870540994262,0.366326213887578
21.6355322580795,0.136180316819317,-0.241288968523952,-0.991085663414109,0.498856033138515,0.0448127432150443,-0.0371403323832904,-0.623590141486739,0.367632014497845
21.7855778853565,0.134913769165465,-0.240467749869299,-0.987821650625187,0.50171717532189,0.0445968853235759,-0.0371589846425051,-0.621294186412962,0.368927137821311
21.9366641013278,0.133655092491436,-0.239644735915746,-0.984524102087951,0.504560050970409,0.0443806772127466,-0.0371768952854909,-0.618982761978141,0.370211362753069
22.0887981226306,0.132404256240424,-0.238819999284553,-0.981193201994508,0.507384203909063,0.044164121956872,-0.0371940566591378,-0.616655958344237,0.371484468443701
22.2419872159503,0.131161229275485,-0.23799361131126,-0.977829142204204,0.510189179498282,0.0439472228170512,-0.037210461042795,-0.614313869647844,0.372746234379449
22.396238698368,0.129925979912948,-0.23716564204996,-0.97443212224858,0.512974524778396,0.0437299832443332,-0.0372261006531751,-0.611956594016276,0.373996440463411
22.5515599377096,0.128698475955355,-0.236336160278372,-0.971002349333332,0.515739788615285,0.0435124068827482,-0.0372409676493674,-0.609584233581817,0.375234867097697
22.7079583528983,0.127478684723932,-0.235505233503696,-0.967540038337209,0.518484521847144,0.0432944975721985,-0.0372550541379565,-0.607196894494096,0.376461295266525
22.8654414143084,0.126266573090555,-0.234672927969227,-0.964045411807776,0.521208277432309,0.0430762593512085,-0.0372683521782424,-0.604794686930535,0.377675506620193
23.0240166441225,0.125062107509217,-0.233839308661702,-0.960518699953999,0.52391061059806,0.042857696459527,-0.0372808537875584,-0.602377725104834,0.378877283559895
23.1836916166905,0.123865254046955,-0.233004439319379,-0.956960140635565,0.526591078990339,0.042638813340581,-0.0372925509466811,-0.599946127273462,0.380066409323315
23.3444739588916,0.122675978414245,-0.232168382440794,-0.953369979348903,0.529249242824295,0.0424196146437772,-0.0373034356053304,-0.597500015740096,0.381242668070964
23.5063713504986,0.121494245994835,-0.231331199294214,-0.949748469209826,0.531884665035584,0.0422001052266465,-0.0373134996877532,-0.595039516857989,0.382405844973202
23.6693915245447,0.120320021875016,-0.23049294992773,-0.946095870932761,0.534496911432337,0.0419802901568322,-0.0373227350983877,-0.592564761030222,0.383555726297884
23.8335422676926,0.119153270872306,-0.229653693179986,-0.942412452806492,0.537085550847716,0.0417601747139144,-0.037331133727602,-0.59007588270781,0.384692099498584
23.9988314206069,0.117993957563542,-0.228813486691523,-0.938698490666383,0.539650155292957,0.0415397643910721,-0.0373386874575041,-0.58757302038562,0.385814753303337
24.1652668783283,0.116842046312368,-0.227972386916708,-0.934954267863021,0.542190300110827,0.0413190648965785,-0.0373453881678171,-0.585056316596091,0.386923477803833
24.3328565906507,0.11569750129611,-0.227130449136228,-0.931180075227239,0.544705564129383,0.0410980821551265,-0.0373512277418155,-0.582525917900695,0.388018064545008
24.5016085625011,0.114560286532023,-0.226287727470129,-0.927376211031476,0.547195529815948,0.0408768223089842,-0.0373561980723164,-0.579981974879145,0.389098306614979
24.6715308543219,0.113430365902904,-0.225444274891385,-0.923542980947424,0.549659783431202,0.0406552917189767,-0.0373602910677224,-0.577424642116299,0.390163998735239
24.8426315824557,0.112307703182069,-0.224600143239948,-0.919680697999947,0.552097915183282,0.0404334969652926,-0.037363498658109,-0.574854078186748,0.391214937351061
25.0149189195333,0.111192262057673,-0.223755383237297,-0.91578968251721,0.554509519381797,0.0402114448481139,-0.0373658128013525,-0.572270445637063,0.392250920722044
25.1884010948637,0.110084006156375,-0.222910044501423,-0.911870262077006,0.556894194591638,0.0399891423880678,-0.0373672254892925,-0.569673910965685,0.393271749012731
25.3630863948277,0.108982899066346,-0.222064175562255,-0.907922771449253,0.55925154378649,0.0397665968264973,-0.0373677287539235,-0.567064644600432,0.394277224383231
25.538983163273,0.107888904359599,-0.221217823877498,-0.903947552534623,0.561581174501921,0.0395438156255524,-0.0373673146736111,-0.564442820873621,0.395267151079774
25.7160998019135,0.106801985613653,-0.220371035848844,-0.8999449542993,0.563882698987951,0.0393208064680978,-0.0373659753793253,-0.561808617994772,0.396241335525125
25.89444477073,0.105722106432516,-0.219523856838568,-0.895915332705839,0.56615573436097,0.0390975772574379,-0.037363703060888,-0.559162218020903,0.3971995864088
26.0740265883745,0.104649230466989,-0.218676331186444,-0.891859050640111,0.568399902754907,0.0388741361168582,-0.0373604899732257,-0.556503806824402,0.398141714776995
26.2548538325773,0.103583321434282,-0.217828502227,-0.887776477834341,0.570614831471521,0.0386504913889813,-0.0373563284426256,-0.553833574058455,0.399067534122155
26.4369351405564,0.102524343136947,-0.216980412307056,-0.88366799078621,0.572800153129694,0.0384266516349399,-0.0373512108729858,-0.551151713120049,0.399976860472125
26.6202792094301,0.101472259481123,-0.216132102803545,-0.879533972674049,0.574955505813622,0.038202625633363,-0.0373451297520561,-0.548458421110538,0.400869512478793
26.8048947966327,0.100427034494091,-0.215283614141588,-0.875374813268091,0.577080533219764,0.0379784223791782,-0.0373380776576632,-0.545753898793763,0.401745311506152
26.9907907203326,0.0993886323411395,-0.214434985812791,-0.87119090883783,0.579174884802443,0.0377540510822295,-0.0373300472639139,-0.543038350551753,0.402604081717711
27.1779758598533,0.0983570173417418,-0.213586256393769,-0.866982662055466,0.581238215917963,0.0375295211657095,-0.0373210313473707,-0.540311984337994,0.403445650163176
27.3664591560979,0.0973321539850456,-0.212737463564839,-0.862750481895463,0.583270187967136,0.0373048422644095,-0.0373110227931952,-0.537575011628284,0.404269846864328
27.556249611976,0.0963140069446754,-0.211888644128895,-0.858494783530255,0.585270468536076,0.0370800242227854,-0.0373000146012518,-0.534827647369181,0.405076504900007
27.7473562928336,0.0953025410928513,-0.21103983403042,-0.85421598822209,0.587238731535157,0.0368550770928422,-0.0372879998921666,-0.532070109924069,0.405865460490153
27.9397883268864,0.0942977215138258,-0.210191068374629,-0.849914523211087,0.589174657335994,0.0366300111318376,-0.0372749719133367,-0.529302621016846,0.406636553078797
28.1335549056553,0.0932995135166427,-0.209342381446716,-0.845590821599492,0.591077932906336,0.0364048367998056,-0.0372609240448822,-0.526525405673256,0.407389625415955
28.3286652844062,0.0923078826472215,-0.208493806731179,-0.841245322232213,0.592948251942745,0.0361795647569035,-0.0372458498055379,-0.523738692159905,0.408124523638321
28.5251287825912,0.0913227946997719,-0.207645376931216,-0.836878469573651,0.594785315000931,0.035954205860581,-0.0372297428584758,-0.520942711920958,0.408841097348707
28.7229547842946,0.0903442157275434,-0.206797123988165,-0.832490713580883,0.596588829623634,0.0357287711625763,-0.0372125970170561,-0.518137699512569,0.409539199694145
28.9221527386804,0.0893721120529159,-0.205949079100965,-0.828082509573246,0.598358510465927,0.0355032719057401,-0.0371944062504985,-0.515323892535065,0.410218687442573
29.1227321604441,0.0884064502768362,-0.205101272745627,-0.823654318098393,0.600094079417812,0.0352777195206889,-0.0371751646894701,-0.512501531562918,0.410879421058039
29.324702630267,0.087447197287609,-0.204253734694688,-0.819206604794851,0.601795265724011,0.0350521256222921,-0.0371548666315837,-0.509670860072539,0.411521264774349
29.5280737952738,0.0864943202690468,-0.203406494036636,-0.814739840251189,0.603461806100807,0.0348265020059938,-0.0371335065468012,-0.506832124367943,0.41214408666708
29.7328553694936,0.0855477867079893,-0.202559579195288,-0.81025449986182,0.605093444849849,0.0346008606439731,-0.0371110790827368,-0.50398557350431,0.4127477587239
29.9390571343235,0.0846075644011976,-0.201713017949094,-0.805751063679557,0.606689933968788,0.0343752136811464,-0.0370875790698555,-0.50113145920951,0.413332156913113
30.1466889389963,0.0836736214616336,-0.200866837450362,-0.801230016264959,0.608251033258637,0.034149573431013,-0.0370630015265614,-0.498270035803607,0.413897161250366
30.3557607010504,0.0827459263241324,-0.200021064244379,-0.796691846532592,0.609776510427754,0.0339239523713499,-0.03703734166417,-0.495401560116429,0.414442655863457
30.566282406804,0.0818244477504782,-0.199175724288413,-0.792137047594252,0.61126614119233,0.033698363139758,-0.0370105948917614,-0.492526291403219,0.414968529055165
30.7782641118319,0.0809091548338923,-0.198330842970584,-0.787566116599277,0.612719709373282,0.0334728185290631,-0.0369827568209085,-0.489644491258448,0.415474673364053
30.9917159414457,0.0800000170029443,-0.197486445128581,-0.782979554572018,0.61413700698946,0.0332473314825767,-0.0369538232702757,-0.486756423527839,0.41596098562317
31.2066480911777,0.079097004024897,-0.196642555068213,-0.778377866246583,0.615517834347047,0.0330219150892203,-0.036923790270084,-0.483862354218654,0.416427367016599
31.4230708272674,0.0782000860084954,-0.195799196581786,-0.773761559898954,0.616862000125082,0.0327965825785166,-0.0368926540664381,-0.480962551408314,0.416873723133793
31.6409944871527,0.077309233406212,-0.19495639296628,-0.76913114717658,0.618169321456995,0.0325713473154538,-0.036860411125511,-0.478057285151413,0.417299964021632
31.8604294799627,0.0764244170159597,-0.194114167041314,-0.764487142925568,0.619439624008077,0.0323462227952251,-0.0368270581375823,-0.475146827385191,0.417706004234162
32.0813862870155,0.0755456079822839,-0.193272541166901,-0.759830065015567,0.620672742048795,0.0321212226378506,-0.036792592020927,-0.472231451833538,0.418091762879956
32.3038754623189,0.0746727777970473,-0.192431537260953,-0.75516043416249,0.621868518523872,0.0318963605826845,-0.0367570099255491,-0.469311433909586,0.418457163667042
32.5279076330741,0.0738058982996181,-0.191591176816553,-0.750478773749171,0.623026805117049,0.0316716504828133,-0.0367203092367591,-0.466387050616985,0.418802134945361
32.7534935001834,0.0729449416765775,-0.190751480918953,-0.745785609644088,0.624147462311475,0.0314471062993504,-0.0366824875785902,-0.463458580449904,0.419126609746703
32.9806438387618,0.0720898804609556,-0.189912470262316,-0.741081470018294,0.625230359445626,0.0312227420956314,-0.0366435428170499,-0.460526303291869,0.419430525822085
33.2093694986511,0.0712406875310137,-0.189074165166163,-0.736366885160659,0.626275374764718,0.0309985720313159,-0.036603473063206,-0.45759050031348,0.419713825676512
33.4396814049384,0.0703973361085824,-0.188236585591536,-0.731642387291581,0.627282395467533,0.0307746103564013,-0.0365622766761009,-0.45465145386911,0.419976456601118
33.6715905584778,0.0695597997569729,-0.187399751156853,-0.726908510375284,0.628251317748612,0.0305508714051539,-0.0365199522654954,-0.451709447392655,0.420218370702616
33.9051080364161,0.0687280523784722,-0.186563681153458,-0.72216578993085,0.629182046835766,0.0303273695899627,-0.0364764986944359,-0.448764765292419,0.420439524930048
34.1402449927217,0.0679020682114399,-0.185728394560842,-0.717414762842119,0.630074497022842,0.0301041193951218,-0.0364319150816453,-0.445817692845218,0.420639881098801
34.3770126587175,0.0670818218270176,-0.184893910061542,-0.712655967166601,0.630928591697732,0.0298811353705467,-0.0363862008037345,-0.442868516089778,0.420819405911852
34.6154223436172,0.0662672881254682,-0.184060246055697,-0.707889941943537,0.631744263365556,0.0296584321254312,-0.0363393554972326,-0.439917521719523,0.420978070978238
34.8554854350656,0.0654584423321577,-0.183227420675266,-0.703117227001267,0.632521453667017,0.0294360243218497,-0.0362913790604344,-0.436964996974837,0.421115852828716
35.0972133996824,0.0646552599931955,-0.182395451797889,-0.698338362764034,0.633260113391869,0.0292139266683112,-0.0362422716550639,-0.434011229534873,0.421232732928596
35.3406177836102,0.0638577169707474,-0.181564357060396,-0.69355389005838,0.633960202487516,0.0289921539132713,-0.036192033707752,-0.431056507409009,0.421328697687743
35.5857102130658,0.0630657894380357,-0.180734153871944,-0.688764349919285,0.634621690062689,0.0287707208386072,-0.036140665911328,-0.428101118828042,0.421403738467723
35.8325023948954,0.0622794538740431,-0.179904859426799,-0.683970283396186,0.635244554386212,0.0285496422530632,-0.0360881692259238,-0.425145352135185,0.421457851586103
36.081006117134,0.061498687057933,-0.179076490716732,-0.679172231359035,0.635828782880842,0.0283289329856709,-0.0360345448798898,-0.422189495676986,0.421491038317875
36.3312332495683,0.0607234660632028,-0.178249064543044,-0.674370734304539,0.636374372112192,0.0281086078791516,-0.0359797943705232,-0.419233837694227,0.421503304894026
36.5831957443038,0.0599537682515848,-0.177422597528213,-0.669566332162739,0.636881327772723,0.0278886817833061,-0.0359239194646071,-0.416278666212917,0.421494662497244
36.8369056363357,0.0591895712667086,-0.176597106127147,-0.664759564104063,0.637349664660841,0.0276691695483984,-0.0358669221987617,-0.413324268935447,0.421465127254756
37.0923750441235,0.0584308530275418,-0.175772606638062,-0.659950968347015,0.637779406655086,0.0274500860185387,-0.0358088048796066,-0.410370933132006,0.421414720228329
37.3496161701702,0.0576775917216224,-0.174949115212959,-0.655141081966645,0.638170586683461,0.0272314460250722,-0.0357495700837364,-0.407418945532342,0.421343467401417
37.6086413016048,0.056929765798097,-0.174126647867726,-0.650330440703941,0.638523246687899,0.0270132643799798,-0.0356892206575078,-0.404468592217958,0.421251399663487
37.8694628107695,0.0561873539605821,-0.173305220491831,-0.645519578776292,0.638837437583927,0.0267955558692954,-0.0356277597166417,-0.401520158514822,0.421138552791531
38.1320931558105,0.05545033515986,-0.172484848857634,-0.640709028689175,0.639113219215536,0.0265783352465475,-0.0355651906456392,-0.398573928886684,0.421004967428787
38.3965448812729,0.0547186885864255,-0.171665548629308,-0.635899321049201,0.639350660305322,0.0263616172262291,-0.0355015170970141,-0.395630186829085,0.42085068906069
38.6628306187004,0.0539923936628977,-0.170847335371356,-0.631090984378656,0.639549838399924,0.0261454164773032,-0.0354367429903428,-0.392689214764135,0.420675767988079
38.9309630872381,0.0532714300363098,-0.17003022455675,-0.626284544931699,0.63971083981082,0.0259297476167482,-0.0353708725111333,-0.389751293936148,0.420480259297689
39.2009550942403,0.0525557775702923,-0.169214231574672,-0.621480526512329,0.639833759550541,0.0257146252031493,-0.0353039101095156,-0.386816704308216,0.420264222829955
39.4728195358824,0.0518454163371623,-0.168399371737869,-0.616679450294279,0.639918701264351,0.0255000637303426,-0.0352358604987544,-0.383885724459807,0.420027723144173
39.7465693977764,0.0511403266099329,-0.167585660289623,-0.611881834642956,0.639965777157466,0.0252860776211148,-0.035166728653588,-0.380958631485446,0.419770829481033
40.0222177555915,0.0504404888542562,-0.166773112410332,-0.607088194939564,0.639975107917885,0.025072681220966,-0.0350965198083943,-0.378035700894588,0.419493615722595
40.2997777756789,0.0497458837203126,-0.165961743223719,-0.602299043407539,0.639946822634897,0.0248598887919403,-0.0350252394551874,-0.375117206512728,0.419196160349716
40.5792627157,0.0490564920346599,-0.165151567802651,-0.597514888941423,0.639881058713349,0.024647714506528,-0.0349528933414472,-0.372203420383849,0.418878546396999
40.8606859252603,0.0483722947920539,-0.164342601174601,-0.592736236938293,0.639777961783762,0.0244361724416468,-0.0348794874677844,-0.369294612674255,0.418540861405294
41.1440608465467,0.0476932731472544,-0.163534858326722,-0.587963589131866,0.639637685608365,0.024225276572704,-0.0348050280854456,-0.366391051577885,0.418183197371814
41.4294010149697,0.0470194084068265,-0.16272835421057,-0.583197443429408,0.639460391983165,0.0240150407677473,-0.03472952169366,-0.363493003223157,0.417805650697902
41.7167200598098,0.0463506820209515,-0.161923103746461,-0.578438293751541,0.639246250636114,0.0238054787817061,-0.0346529750368318,-0.360600731581416,0.417408322134519
42.0060317048688,0.0456870755752571,-0.16111912182747,-0.573686629875067,0.638995439121499,0.02359660425073,-0.0345753951015816,-0.357714498377055,0.416991316725496
42.2973497691249,0.0450285707826791,-0.160316423323088,-0.568942937278916,0.638708142710645,0.0233884306866276,-0.0344967891136418,-0.354834562999367,0.416554743748617
42.5906881673929,0.0443751494753648,-0.159515023082529,-0.564207696993315,0.638384554279031,0.0231809714714094,-0.034417164534607,-0.351961182416182,0.416098716654586
42.8860609109892,0.0437267935966294,-0.158714935937699,-0.559481385452272,0.638024874189937,0.0229742398519402,-0.0343365290585462,-0.349094611089359,0.415623353003947
43.1834821084004,0.0430834851929752,-0.157916176705842,-0.554764474349477,0.637629310174726,0.0227682489347036,-0.0342548906084797,-0.346235100892183,0.415128774402012
43.4829659659579,0.0424452064061843,-0.157118760191849,-0.550057430497703,0.637198077209876,0.0225630116806831,-0.0341722573327235,-0.343382901028714,0.414615106431872
43.7845267885158,0.0418119394654926,-0.156322701190258,-0.545360715691791,0.636731397390883,0.0223585409003622,-0.0340886376011086,-0.34053825795515,0.414082478585548
44.0881789801347,0.0411836666798571,-0.155528014486943,-0.540674786575304,0.636229499803143,0.0221548492488484,-0.0340040400010763,-0.337701415303244,0.413531024193358
44.3939370447695,0.0405603704303224,-0.154734714860497,-0.53600009451092,0.635692620389946,0.0219519492211231,-0.0339184733336559,-0.33487261380582,0.412960880351565
44.701815586962,0.0399420331624979,-0.153942817083318,-0.531337085454639,0.635121001817698,0.021749853147421,-0.033831946609329,-0.332052091224436,0.412372187848377
45.0118293125388,0.0393286373791511,-0.153152335922416,-0.526686199833872,0.634514893338494,0.0215485731887409,-0.0337444690437844,-0.32924008227923,0.411765091088372
45.3239930293136,0.0387201656329268,-0.152363286139928,-0.522047872429471,0.633874550650178,0.0213481213324926,-0.0336560500535689,-0.326436818580988,0.411139738015426
45.6383216477945,0.0381166005191995,-0.151575682493372,-0.517422532261755,0.633200235754007,0.0211485093882798,-0.0335666992516389,-0.32364252856547,0.410496280034203
45.954830181896,0.0375179246690643,-0.150789539735634,-0.512810602480597,0.632492216810052,0.020949748983823,-0.0334764264428164,-0.320857437430021,0.409834871930296
46.2735337496566,0.0369241207424759,-0.150004872614696,-0.508212500259603,0.631750767990477,0.0207518515610243,-0.0333852416191559,-0.3180817670725,0.409155671789093
46.5944475739604,0.036335171421539,-0.149221695873126,-0.503628636694441,0.630976169330806,0.0205548283721758,-0.0332931549552259,-0.315315736032558,0.408458840913432
46.9175869832646,0.0357510594039592,-0.148440024247325,-0.499059416705351,0.63016870657933,0.0203586904763127,-0.0332001768033102,-0.312559559435278,0.407744543740132
47.2429674123316,0.0351717673966565,-0.147659872466547,-0.49450523894387,0.629328671044776,0.0201634487357141,-0.0331063176885343,-0.309813448937209,0.407012947755479
47.5706044029659,0.0345972781095507,-0.146881255251696,-0.489966495703806,0.628456359442379,0.0199691138125518,-0.0330115883039215,-0.307077612674803,0.406264223409727
47.9005136047569,0.0340275742495192,-0.146104187313921,-0.485443572836483,0.627552073738477,0.0197756961656886,-0.0329159995053835,-0.304352255215275,0.405498544030717
48.2327107758263,0.0334626385145362,-0.145328683352997,-0.480936849670274,0.626616120993777,0.0195832060476277,-0.0328195623066512,-0.301637577509905,0.40471608573666
48.5672117835806,0.032902453587993,-0.144554758055525,-0.476446698934443,0.625648813205418,0.0193916535016125,-0.0327222878741502,-0.298933776849781,0.403917027348191
48.904032605469,0.0323470021332074,-0.143782426092935,-0.471973486687303,0.624650467147965,0.0192010483588795,-0.0326241875218254,-0.296241046823991,0.403101550299751
49.243189329747,0.031796266788122,-0.143011702119329,-0.467517572248697,0.623621404213463,0.0190114002360636,-0.0325252727059208,-0.293559577280285,0.402269838550378
49.5846981562442,0.0312502301601972,-0.142242600769147,-0.4630793081368,0.622561950250689,0.018822718532756,-0.032425555019719,-0.290889554288186,0.401422078493985
49.9285753971387,0.0307088748214998,-0.14147513665468,-0.458659040009254,0.621472435403728,0.0186350124292157,-0.0323250461882449,-0.288231160104568,0.400558458869205
50.2748374777359,0.030172183303991,-0.140709324363437,-0.454257106608602,0.620353193950007,0.0184482908842337,-0.0322237580629386,-0.28558457314169,0.399679170668864
50.6235009372529,0.0296401380950145,-0.139945178455368,-0.449873839712042,0.619204564137904,0.0182625626331508,-0.032121702616303,-0.28294996793768,0.398784407049175
50.974582429609,0.0291127216329875,-0.139182713459968,-0.445509564085458,0.61802688802408,0.0180778361860273,-0.0320188919365301,-0.280327515129469,0.397874363238709
51.3280987242209,0.0285899163032953,-0.138421943873243,-0.441164597441722,0.61682051131064,0.0178941198259652,-0.0319153382221111,-0.277717381428148,0.396949236447226
51.6840667068035,0.0280717044343912,-0.137662884154582,-0.436839250403242,0.615585783182258,0.0177114216075824,-0.0318110537764346,-0.27511972959676,0.396009225774442
52.0425033801768,0.0275580682941016,-0.136905548723513,-0.432533826468731,0.614323056143383,0.0175297493556367,-0.0317060510023784,-0.27253471843049,0.395054532118784
52.4034258650778,0.0270489900861376,-0.136149951956369,-0.42824862198415,0.613032685855654,0.0173491106638,-0.0316003423968984,-0.269962502739243,0.394085358086228
52.7668514009784,0.0265444519468127,-0.135396108182868,-0.423983926117814,0.61171503097563,0.0171695128935817,-0.03149394054562,-0.267403233332604,0.393101907899267
53.1327973469088,0.0260444359419667,-0.134644031682613,-0.419740020839602,0.610370452992972,0.0169909631733988,-0.0313868581174352,-0.26485705700713,0.392104387306089
53.5012811822866,0.0255489240640949,-0.133893736681522,-0.415517180904237,0.608999316069161,0.0168134683977925,-0.0312791078591111,-0.262324116535987,0.39109300349003
53.8723205077517,0.0250578982296833,-0.1331452373482,-0.411315673838595,0.607601986876898,0.0166370352267894,-0.0311707025899137,-0.259804550660866,0.390067964979359
54.2459330460073,0.0245713402767461,-0.132398547790253,-0.407135759932978,0.606178834440269,0.016461670085406,-0.0310616551962496,-0.257298494086194,0.389029481557466
54.6221366426659,0.0240892319625681,-0.131653682050563,-0.40297769223632,0.604730229975797,0.0162873791632936,-0.0309519786263325,-0.254806077475569,0.38797776417352
55.0009492671021,0.0236115549616461,-0.130910654103512,-0.398841716555253,0.603256546734474,0.0161141684145236,-0.0308416858848754,-0.252327427450425,0.386913024853635
55.3823890133107,0.0231382908638319,-0.130169477851194,-0.394728071456984,0.601758159844887,0.0159420435575101,-0.0307307900278151,-0.249862666590864,0.385835476612635
55.7664741007712,0.0226694211726716,-0.129430167119586,-0.390636988275924,0.600235446157529,0.0157710100750671,-0.0306193041570704,-0.247411913438641,0.384745333366449
56.1532228753178,0.0222049273039404,-0.128692735654714,-0.386568691123993,0.598688784090389,0.0156010732145998,-0.0305072414153397,-0.244975282502262,0.3836428098452
56.5426538100157,0.0217447905843713,-0.12795719711881,-0.382523396904551,0.597118553475919,0.0154322379884266,-0.0303946149809396,-0.242552884264147,0.382528121507052
56.9347855060436,0.021288992250573,-0.12722356508646,-0.378501315329878,0.595525135409469,0.0152645091742292,-0.0302814380626897,-0.240144825189836,0.381401484452849
57.3296366935823,0.0208375134481362,-0.126491853040763,-0.374502648942127,0.593908912099273,0.0150978913156295,-0.0301677238948459,-0.237751207739186,0.380263115341615
57.7272262327089,0.0203903352309244,-0.125762074369498,-0.370527593137697,0.592270266718064,0.0149323887228895,-0.0300534857320854,-0.235372130379522,0.379113231306943
58.1275731142982,0.0199474385605459,-0.125034242361314,-0.366576336194923,0.590609583256418,0.0147680054737327,-0.029938736844547,-0.2330076876007,0.377952049874346
58.5306964609293,0.0195088043060041,-0.124308370201931,-0.362649059305032,0.588927246377885,0.014604745414283,-0.0298234905129293,-0.230657969932038,0.37677978887959
58.9366155277994,0.0190744132435227,-0.123584470970387,-0.358745936606275,0.587223641275984,0.0144426121601199,-0.0297077600236498,-0.228323063961073,0.375596666388066
59.3453497036433,0.0186442460565412,-0.122862557635307,-0.354867135221149,0.58549915353315,0.0142816090974461,-0.0295915586640673,-0.226003052354092,0.374402900615245
59.7569185116595,0.0182182833358783,-0.122142643051215,-0.351012815296645,0.583754168981678,0.0141217393843646,-0.0294748997177712,-0.2236980138784,0.373198709848237
60.1713416104428,0.0177965055800586,-0.121424739954901,-0.347183130047424,0.581989073566739,0.0139630059522632,-0.0293577964599389,-0.22140802342627,0.371984312368521
60.5886387949234,0.0173788931957979,-0.120708860961825,-0.343378225801845,0.580204253211542,0.0138054115073026,-0.0292402621527642,-0.219133152040536,0.370759926375852
61.0088299973121,0.016965426498645,-0.119995018562585,-0.339598242050759,0.578400093684666,0.0136489585320056,-0.0291223100409597,-0.216873466941769,0.369525769913399
61.4319352880526,0.0165560857137729,-0.119283225119446,-0.335843311498976,0.576576980469659,0.0134936492869437,-0.029003953347334,-0.214629031557001,0.368282060794139
61.8579748767801,0.0161508509769179,-0.11857349286293,-0.332113560119337,0.574735298636923,0.0133394858125194,-0.0288852052684465,-0.212399905549936,0.367029016528534
62.2869691132868,0.0157497023354599,-0.117865833888474,-0.32840910720928,0.572875432717943,0.0131864699308387,-0.0287660789703422,-0.210186144852608,0.365766854253527
62.7189384884933,0.0153526197496416,-0.117160260153168,-0.324730065449832,0.570997766581918,0.013034603247674,-0.0286465875843666,-0.207987801698422,0.364495790662874
63.1539036354283,0.0149595830939194,-0.116456783472558,-0.321076540966927,0.569102683314811,0.0128838871545102,-0.028526744203064,-0.205804924656554,0.36321604193885
63.5918853302131,0.014570572158444,-0.115755415517545,-0.317448633394968,0.567190565100883,0.0127343228306749,-0.0284065618761603,-0.203637558667626,0.361927823685332
64.032904493055,0.0141855666506645,-0.11505616781135,-0.313846435942543,0.565261793106722,0.0125859112455462,-0.028286053606631,-0.201485745080631,0.360631350862301
64.4769821892457,0.0138045461970514,-0.114359051726581,-0.310270035460201,0.563316747367819,0.0124386531608372,-0.0281652323468567,-0.199349521691048,0.359326837721766
64.9241396301678,0.0134274903449345,-0.11366407848238,-0.306719512510208,0.56135580667771,0.0122925491329526,-0.0280441109948665,-0.197228922780097,0.358014497745141
65.3743981743082,0.0130543785644501,-0.112971259141665,-0.303194941438189,0.55937934847971,0.0121475995154148,-0.0279227023906705,-0.195123979155087,0.356694543582071
65.827779328278,0.0126851902505933,-0.112280604608473,-0.299696390446572,0.55738774876127,0.0120038044613565,-0.0278010193126836,-0.193034718190792,0.355367186990748
66.2843047478397,0.0123199047253698,-0.111592125625388,-0.296223921669735,0.555381381950966,0.0118611639260762,-0.0276790744742389,-0.190961163871836,0.354032638779702
66.7439962389419,0.0119585012400438,-0.110905832771083,-0.292777591250786,0.553360620818149,0.0117196776696532,-0.0275568805201942,-0.188903336835997,0.352691108751097
67.2068757587607,0.0116009589774758,-0.11022173645795,-0.289357449419875,0.551325836375259,0.01157934525962,-0.02743445002363,-0.186861254418416,0.351342805645528
67.6729654167483,0.0112472570545458,-0.109539846929844,-0.285963540573954,0.549277397782824,0.0114401660736882,-0.0273117954826416,-0.18483493069664,0.34998793708834
68.1422874756894,0.010897374524658,-0.108860174259927,-0.282595903357911,0.547215672257152,0.0113021393025244,-0.0271889293172234,-0.182824376536457,0.348626709537455
68.6148643527643,0.0105512903803209,-0.108182728348618,-0.279254570746969,0.545141024980715,0.0111652639525741,-0.0270658638662478,-0.180829599638473,0.347259328232734
69.0907186206199,0.010208983555799,-0.107507518921651,-0.275939570130295,0.543053819015236,0.0110295388489301,-0.0269426113845381,-0.178850604585393,0.345885997146858
69.5698730084476,0.00987043292983122,-0.106834555528243,-0.272650923395715,0.540954415217477,0.0108949626382413,-0.026819184040035,-0.176887392889936,0.344506918937738
70.0523504030693,0.00953561732841076,-0.106163847539372,-0.269388647015456,0.538843172157732,0.0107615337916614,-0.0266955939110578,-0.174939963043361,0.343122294902453
70.5381738500302,0.0092045155276228,-0.105495404146162,-0.266152752132848,0.536720446041009,0.010629250607832,-0.0265718529836595,-0.173008310564547,0.341732324932713
71.0273665547,0.00887710625653443,-0.104829234358381,-0.262943244649883,0.534586590630909,0.0104981112158984,-0.0264479731490758,-0.171092428049577,0.340337207471845
71.5199518833807,0.00855336820013287,-0.10416534700305,-0.259760125315577,0.53244195717619,0.0103681135785554,-0.0263239662012684,-0.169192305221791,0.338937139473295
72.0159533644237,0.00823328000230713,-0.103503750723163,-0.256603389815035,0.53028689433999,0.01023925549512,-0.0261998438345611,-0.167307928982256,0.337532316360647
72.5153946893524,0.0079168202688692,-0.102844453976522,-0.253473028859162,0.528121748131731,0.010111534604628,-0.0260756176413696,-0.165439283460616,0.336122931989141
73.0182997139948,0.00760396757060981,-0.102187465034675,-0.25036902827493,0.525946861841647,0.00998494838895194,-0.0259512991100237,-0.16358635006627,0.334709178608698
73.5246924596224,0.00729470044638464,-0.101532791981976,-0.24729136909614,0.523762575977954,0.00985949417593815,-0.0258268996226813,-0.161749107539848,0.333291246828425
74.0345971140979,0.00698899740622699,-0.100880442714748,-0.244240027654596,0.521569228206623,0.00973516914255956,-0.025702430453335,-0.159927532004936,0.331869325582606
74.5480380330304,0.00668683693448248,-0.100230424940557,-0.241214975671632,0.51936715329375,0.00961197031808221,-0.0255779027659083,-0.158121597020009,0.330443602098151
75.0650397409388,0.00638819749296168,-0.099582746177604,-0.238216180349908,0.517156683050485,0.00948989458724274,-0.0254533276124427,-0.156331273630537,0.329014261863515
75.585626932423,0.00609305752410694,-0.0989374137542167,-0.23524360446543,0.514938146280509,0.00936893869343454,-0.025328715931374,-0.154556530421223,0.327581488599042
76.1098244733437,0.00580139545416912,-0.0982944348084537,-0.232297206459701,0.512711868730036,0.00924909924189992,-0.0252040785458971,-0.15279733356834,0.326145464228751
76.6376574020103,0.00551318969639063,-0.0976538162878164,-0.22937694053196,0.510478173040292,0.00913037270292626,-0.0250794261624179,-0.151053646892123,0.324706368853526
77.1691509303763,0.00522841865419101,-0.0970155649490671,-0.226482756731443,0.508237378702475,0.00901275541504371,-0.0249547693690929,-0.14932543190918,0.32326438072571
77.7043304452438,0.00494706072435121,-0.0963796873581518,-0.22361460104959,0.505989802015135,0.0088962435882221,-0.0248301186344533,-0.147612647884901,0.321819676225071
78.2432215094763,0.00466909430019308,-0.0957461898902278,-0.220772415512161,0.503735756043967,0.00878083330706511,-0.0247054843061138,-0.145915251885813,0.320372429836141
78.7858498632195,0.00439449777475071,-0.0951150787297934,-0.217956138271189,0.501475550583969,0.00866652053399953,-0.0245808766095657,-0.144233198831857,0.318922814126894
79.3322414251308,0.00412324954392997,-0.0944863598709192,-0.215165703696713,0.499209492123939,0.00855330111245747,-0.0244563056470509,-0.142566441548561,0.317470999728751
79.8824222936175,0.00385532800965309,-0.0938600391175794,-0.21240104246825,0.496937883813277,0.00844117077004966,-0.0243317813965181,-0.140914930819064,0.316017155317897
80.436418748083,0.00359071158298511,-0.0932361220840809,-0.209662081665939,0.494661025431055,0.00833012512172787,-0.0242073137106581,-0.139278615435974,0.314561447597877
80.9942572501823,0.0033293786872389,-0.0926146141955887,-0.206948744861316,0.492379213357317,0.00822015967293463,-0.0240829123160182,-0.137657442253021,0.313104041283469
81.555964445086,0.00307130776105593,-0.0919955206887469,-0.204260952207665,0.490092740546575,0.00811126982273837,-0.0239585868121928,-0.136051356236487,0.311645099085793
82.121567162753,0.00281647726145975,-0.0913788466123915,-0.201598620529901,0.48780189650346,0.0080034508669524,-0.0238343466710915,-0.134460300516374,0.310184781698652
82.6910924192116,0.00256486566687932,-0.0907645968283554,-0.198961663413942,0.485506967260491,0.00789669800123593,-0.0237102012362801,-0.1328842164373,0.308723247786073
83.2645674178507,0.00231645148013959,-0.0901527760123611,-0.196349991295516,0.483208235357926,0.00779100632417554,-0.023586159722396,-0.131323043609082,0.307260653971027
83.8420195507184,0.00207121323141655,-0.0895433886550022,-0.193763511548375,0.480905979825648,0.00768637084034564,-0.0234622312146344,-0.129776719956986,0.30579715482531
84.423476399831,0.00182912948115426,-0.0889364390628082,-0.191202128571865,0.478600476167043,0.00758278646334636,-0.0233384246683053,-0.128245181771636,0.304332902860558
85.0089657384898,0.00159017882294153,-0.0883319313593935,-0.188665743877813,0.47629199634485,0.00748024801881748,-0.0232147489084592,-0.12672836375853,0.302868048520372
85.5985155326084,0.00135433988634569,-0.0877298694866864,-0.186154256176703,0.473980808768911,0.00737875024742702,-0.0230912126295802,-0.125226199087178,0.301402740173534
86.1921539420481,0.00112159133970139,-0.0871302572062371,-0.1836675614631,0.471667178285804,0.0072782878078332,-0.0229678243953448,-0.123738619439805,0.299937124108288
86.7899093219629,0.000891911892852157,-0.0865330981006019,-0.18120555310028,0.469351366170299,0.00717885527961853,-0.0228445926384452,-0.122265555059633,0.298471344527657
87.3918102241541,0.000665280299842771,-0.0859383955748012,-0.178768121904052,0.467033630118611,0.00708044716619487,-0.0227215256604751,-0.120806934798698,0.297005543545788
87.9978853984339,0.00044167536156031,-0.0853461528578498,-0.176355156225722,0.464714224243394,0.00698305789767825,-0.0225986316318779,-0.119362686165201,0.295539861185277
88.6081637939989,0.000221075928322293,-0.0847563730043563,-0.173966542034186,0.462393399070439,0.00688668183373255,-0.022475918591953,-0.117932735370365,0.294074435375471
89.2226745608124,3.46090240975136e-06,-0.0841690588961893,-0.171602162997115,0.460071401537031,0.0067913132663808,-0.0223533944489219,-0.116517007374794,0.292609401951716
89.8414470509972,-0.000211190759456092,-0.0835842132442092,-0.169261900561207,0.457748474991924,0.00669694642278337,-0.0222310669800503,-0.115115425934306,0.291144894655516
90.4645108202374,-0.000422900043695282,-0.0830018385900611,-0.166945634031482,0.455424859196895,0.00660357546798199,-0.0221089438318251,-0.113727913645239,0.289681045135599
91.0918956291901,-0.000631687877510312,-0.0824219373080287,-0.164653240649605,0.453100790329814,0.00651119450760886,-0.021987032520186,-0.112354391989206,0.288217982949847
91.7236314449071,-0.000837575126588233,-0.0818445116069448,-0.1623845956712,0.450776500989224,0.00641979759055998,-0.0218653404308081,-0.110994781377294,0.286755835568078
92.3597484422661,-0.00104058259286522,-0.0812695635321574,-0.160139572442147,0.448452220200343,0.00632937871163202,-0.0217438748194362,-0.109649001193695,0.285294728375649
93.0002770054119,-0.00124073101235467,-0.0806970949675483,-0.157918042473842,0.446128173422486,0.00623993181412201,-0.0216226428122667,-0.108316969838747,0.283834784677859
93.645247729208,-0.00143804105304007,-0.080127107637601,-0.155719875517396,0.443804582557835,0.00615145079238917,-0.0215016514063787,-0.106998604771401,0.282376125705125
94.2946914206979,-0.0016325333128337,-0.0795596031095177,-0.153544939636762,0.441481665961535,0.00606392949437845,-0.0213809074702096,-0.105693822551069,0.280918870618916
94.9486391005764,-0.0018242283176021,-0.0789945827953802,-0.151393101280777,0.439159638453057,0.00597736172410501,-0.0212604177440761,-0.10440253887888,0.279463136518407
95.6071220046713,-0.00201314651925924,-0.078432047954354,-0.149264225354103,0.436838711328802,0.00589174124409932,-0.0211401888407379,-0.103124668638312,0.278009038447839
96.2701715854358,-0.00219930829392823,-0.0778719996949329,-0.14715817528705,0.43451909237589,0.00580706177781239,-0.0210202272460024,-0.101860125935202,0.276556689404565
96.9378195134503,-0.00238273394017217,-0.0773144389772211,-0.145074813104283,0.432200985887102,0.00572331701198065,-0.0209005393193707,-0.100608824137132,0.275106200347746
97.6100976789355,-0.00256344367729508,-0.0767593666152505,-0.143013999492387,0.429884592676936,0.00564050059895024,-0.0207811312947204,-0.0993706759121718,0.273657680207686
98.2870381932754,-0.00274145764371318,-0.0762067832793315,-0.140975593866295,0.427570110098724,0.0055586061589603,-0.0206620092810271,-0.0981455932669939,0.27221123589578
98.9686733905512,-0.00291679589539726,-0.0756566894984337,-0.138959454434566,0.425257732062784,0.00547762728238507,-0.0205431792631203,-0.0969334875843343,0.270766972315045
99.6550358290861,-0.0030894784043864,-0.0751090856625951,-0.136965438263506,0.422947649055561,0.00539755753193439,-0.0204246471024743,-0.0957342696598126,0.269324992371227
100.346158292999,-0.0032595250573736,-0.0745639720253564,-0.134993401340123,0.420640048159716,0.00531839044481272,-0.0203064185380317,-0.0945478497381,0.267885396984443
101.042073793774,-0.00342695565436346,-0.0740213487062193,-0.133043198633928,0.41833511307513,0.00524011953483609,-0.020188499187058,-0.0933741375484336,0.266448285101358
101.742815571832,-0.00359178990740209,-0.073481215693125,-0.13111468415755,0.416033024140776,0.00516273829450732,-0.0200708945460268,-0.0922130423394785,0.265013753707854
102.448417098122,-0.00375404743937959,-0.072943572844952,-0.1292077110262,0.413733958357438,0.00508624019704905,-0.0199536099915335,-0.0910644729135319,0.263581897842183
103.15891207572,-0.00391374778290506,-0.0724084198940291,-0.127322131515944,0.411438089411213,0.00501061869839475,-0.0198366507812357,-0.0899283376600715,0.262152810608585
103.874334441436,-0.00407091037925418,-0.0718757564486634,-0.125457797120814,0.409145587697791,0.00493586723913756,-0.019720022054821,-0.0888045445886469,0.260726583191338
104.594718367439,-0.00422555457738927,-0.0713455819956787,-0.123614558608742,0.406856620347451,0.00486197924643709,-0.0196037288349982,-0.0876930013611145,0.259303304869232
105.320098262886,-0.00437769963305188,-0.0708178959029644,-0.121792266076325,0.404571351250754,0.00478894813588418,-0.0194877760285129,-0.0865936153232153,0.257883063030446
106.050508775566,-0.00452736470792757,-0.0702926974220306,-0.11999076900242,0.402289941084885,0.00471676731332358,-0.0193721684271846,-0.0855062935354992,0.256465943187793
106.785984793556,-0.00467456886888271,-0.0697699856905682,-0.118209916300571,0.400012547340628,0.00464543017663489,-0.0192569107089657,-0.084430942803595,0.255052028994343
107.526561446888,-0.00481933108727307,-0.0692497597350119,-0.116449556370278,0.397739324349914,0.00457493011747168,-0.0191420074390191,-0.0833674697078292,0.253641402259375
108.272274109224,-0.00496167023832383,-0.0687320184731035,-0.114709537147099,0.395470423313944,0.00450526052295906,-0.0190274630708155,-0.0823157806321964,0.252234142964658
109.023158399549,-0.00510160510058055,-0.0682167607164534,-0.112989706151611,0.393205992331811,0.00443641477734981,-0.0189132819472475,-0.0812757817926829,0.250830329281041
109.779250183872,-0.00523915435543068,-0.0677039851730985,-0.111289910537214,0.390946176429639,0.00436838626363942,-0.0187994683017601,-0.0802473792649478,0.249430037585323
110.540585576935,-0.00537433658669523,-0.067193690450054,-0.109609997136797,0.388691117590158,0.00430116836514009,-0.0186860262594964,-0.0792304790113646,0.248033342477405
111.307200943943,-0.00550717028028979,-0.0666858750558573,-0.107949812508272,0.386440954782725,0.00423475446701407,-0.0185729598384572,-0.0782249869074273,0.246640316797683
112.079132902301,-0.00563767382395452,-0.0661805374031021,-0.106309202978978,0.38419582399374,0.00416913795776654,-0.0184602729506742,-0.0772308087675249,0.245251031644693
112.856418323356,-0.00576586550705229,-0.0656776758109603,-0.104688014688972,0.381955858257428,0.00410431223069851,-0.0183479694033941,-0.0762478503700893,0.243865556392963
113.639094334169,-0.00589176352043448,-0.06517728850769,-0.103086093633202,0.37972118768697,0.00404027068531969,-0.0182360529002746,-0.0752760174821216,0.242483958711082
114.427198319278,-0.00601538595637328,-0.0646793736331274,-0.101503285702592,0.377491939505941,0.00397700672872213,-0.0181245270425895,-0.0743152158831001,0.241106304579949
115.220767922492,-0.0061367508085602,-0.0641839292411618,-0.0999394367240252,0.375268238080044,0.0039145137769146,-0.0180133953304437,-0.0733653513882788,0.239732658311207
116.019841048683,-0.0062558759721695,-0.0636909533021895,-0.0983943924992529,0.373050204949094,0.00385278525611832,-0.0179026611639948,-0.0724263298713775,0.238363082565829
116.824455865599,-0.006372779243986,-0.0632004437055475,-0.0968679988427321,0.370837958859244,0.00379181460402425,-0.0177923278446833,-0.0714980572866735,0.236997638372852
117.634650805689,-0.00648747832259598,-0.0627123982619236,-0.0953601016184046,0.368631615795416,0.00373159527101256,-0.0176823985764675,-0.0705804396904986,0.235636385148245
118.450464567934,-0.00659999080864052,-0.0622268147057409,-0.0938705467754289,0.366431289013918,0.00367212072133449,-0.0175728764670646,-0.0696733832621479,0.234279380713895
119.271936119701,-0.00671033420513009,-0.0617436906975162,-0.0923991803828767,0.364237089075221,0.00361338443425712,-0.0174637645291959,-0.0687767943242075,0.232926681316693
120.099104698599,-0.0068185259178193,-0.0612630238261896,-0.0909458486634056,0.362049123876874,0.00355537990517157,-0.0173550656818351,-0.0678905793623075,0.231578341647721
120.932009814357,-0.00692458325564089,-0.0607848116114242,-0.0895103980259217,0.359867498686532,0.00349810064666492,-0.0172467827514602,-0.0670146450443067,0.230234414861508
121.77069125071,-0.00702852343119762,-0.0603090515058742,-0.0880926750972431,0.357692316175075,0.00344154018955644,-0.0171389184733063,-0.0661488982389164,0.228894952595363
122.615189067297,-0.00713036356131098,-0.0598357408974191,-0.0866925267527795,0.355523676449801,0.00338569208389861,-0.0170314754926207,-0.0652932460337706,0.22756000498876
123.46554360158,-0.0072301206676256,-0.0593648771113636,-0.0853098001462391,0.35336167708767,0.00333054989994335,-0.0169244563659169,-0.0644475957529487,0.226229620702763
124.321795470765,-0.00732781167726788,-0.0588964574126014,-0.0839443427383778,0.351206413168569,0.00327610722907404,-0.0168178635622301,-0.0636118549739602,0.224903846939494
125.183985573745,-0.00742345342355786,-0.0584304790077405,-0.082596002324804,0.349057977308599,0.00322235768470371,-0.01671169946437,-0.062785931544196,0.223582729461612
126.052155093052,-0.00751706264677272,-0.0579669390471898,-0.0812646270628529,0.346916459693344,0.00316929490314009,-0.0166059663701729,-0.0619697335968568,0.222266312611816
126.926345496825,-0.00760865599496082,-0.0575058346272051,-0.0799500654975447,0.344781948111119,0.0031169125444179,-0.0165006664937512,-0.0611631695663642,0.220954639332338
127.806598540793,-0.00769825002480473,-0.0570471627918929,-0.0786521665866411,0.342654527986167,0.00306520429309897,-0.0163958019667397,-0.0603661482032634,0.219647751184439
128.692956270265,-0.00778586120253192,-0.0565909205351715,-0.0773707797248143,0.340534282411801,0.00301416385904069,-0.0162913748395384,-0.0595785785886242,0.218345688367881
129.585461022141,-0.00787150590487166,-0.0561371048026868,-0.0761057547669434,0.33842129218346,0.00296378497813343,-0.0161873870825513,-0.05880037014795,0.217048489740373
130.484155426934,-0.00795520042005664,-0.0556857124936834,-0.0748569420505535,0.336315635831672,0.00291406141300724,-0.0160838405874199,-0.0580314326646007,0.215756192836989
131.389082410804,-0.00803696094886788,-0.0552367404628281,-0.0736241924174114,0.334217389654914,0.00286498695370876,-0.0159807371682519,-0.057271676292739,0.214468833889536
132.300285197614,-0.00811680360572131,-0.0547901855219858,-0.0724073572342937,0.332126627752335,0.00281655541834844,-0.0158780785628438,-0.0565210115698072,0.213186447845872
133.217807310988,-0.00819474441979456,-0.0543460444419459,-0.0712062884129417,0.330043422056346,0.00276876065371901,-0.0157758664338968,-0.0557793494285434,0.211909068389164
134.141692576393,-0.00827079933619235,-0.0539043139540997,-0.07002083842922,0.327967842365058,0.00272159653588557,-0.0156741023702265,-0.0550466012085444,0.210636727957084
135.071985123233,-0.00834498421714884,-0.053464990752065,-0.0688508603414912,0.325899956374549,0.00267505697074783,-0.0155727878879644,-0.054322678667384,0.209369457760925
136.008729386957,-0.00841731484326541,-0.0530280714932603,-0.0676962078082244,0.323839829710953,0.00262913589457525,-0.0154719244317524,-0.053607493991294,0.208107287804644
136.951970111177,-0.00848780691478219,-0.052593552800425,-0.0665567351048525,0.32178752596236,0.00258382727451541,-0.0153715133759286,-0.0529009598054176,0.206850246903803
137.901752349813,-0.00855647605288155,-0.0521614312630861,-0.0654322971398915,0.319743106710506,0.00253912510907635,-0.0152715560257045,-0.0522029891836408,0.205598362704436
138.858121469236,-0.00862333780102211,-0.0517317034389706,-0.0643227494703406,0.31770663156226,0.00249502342858338,-0.0151720536183329,-0.051513495658013,0.2043516617018
139.821123150444,-0.00868840762630131,-0.051304365855362,-0.0632279483163757,0.31567815818087,0.00245151629561093,-0.0150730073242673,-0.0508323932277622,0.203110169259025
140.790803391236,-0.008751700920845,-0.0508794150104009,-0.0621477505753526,0.313657742316987,0.00240859780538999,-0.01497441824831,-0.0501595963679139,0.20187390962566
141.767208508414,-0.00881323300322217,-0.0504568473743291,-0.0610820138351349,0.311645437839438,0.00236626208619175,-0.0148762874307514,-0.0494950200375221,0.200642905956088
142.750385139995,-0.00887301911988316,-0.0500366593906759,-0.060030596386764,0.309641296765744,0.00232450329968802,-0.0147786158484982,-0.0488385796875206,0.199417180327835
143.740380247435,-0.00893107444661949,-0.0496188474773869,-0.0589933572364823,0.307645369292376,0.00228331564128882,-0.014681404416191,-0.0481901912682004,0.198196753759741
144.737241117876,-0.00898741409004359,-0.0492034080278937,-0.0579701561171285,0.30565770382474,0.00224269334045802,-0.0145846539873104,-0.0475497712363241,0.196981646230002
145.741015366405,-0.00904205308908656,-0.0487903374121253,-0.0569608534989191,0.303678347006879,0.00220263066100725,-0.0144883653552725,-0.0469172365618838,0.195771876694087
146.751750938323,-0.00909500641651215,-0.0483796319774597,-0.0559653105996306,0.301707343750893,0.00216312190136889,-0.0143925392545124,-0.046292504734509,0.194567463102496
147.769496111443,-0.00914628898044526,-0.047971288049616,-0.0549833893941972,0.299744737266064,0.00212416139484856,-0.0142971763615554,-0.0456754937695352,0.193368422418398
148.794299498388,-0.00919591562591277,-0.0475653019334864,-0.0540149526237411,0.297790569087672,0.00208574350985771,-0.0142022772960769,-0.045066122213738,0.1921747706351
149.826210048919,-0.00924390113639532,-0.0471616699139077,-0.0530598638040473,0.295844879105519,0.00204786265012688,-0.0141078426219498,-0.0444643091507428,0.190986522793383
150.865277052271,-0.00929026023538781,-0.0467603882563725,-0.0521179872334998,0.293907705592127,0.00201051325490011,-0.0140138728482789,-0.043869974206115,0.18980369299867
151.911550139505,-0.0093350075879669,-0.0463614532076797,-0.0511891880004934,0.291979085230623,0.0019736897991111,-0.0139203684304231,-0.0432830375521416,0.188626294438054
152.965079285884,-0.00937815780236364,-0.0459648609965241,-0.0502733319903346,0.290059053142308,0.00193738679354168,-0.0138273297710049,-0.042703419912308,0.187454339397148
154.025914813254,-0.00941972543153927,-0.0455706078340249,-0.0493702858916485,0.288147642913883,0.001901598784963,-0.0137347572209063,-0.0421310425654802,0.186287839276787
155.094107392451,-0.00945972497476247,-0.045178689914194,-0.0484799172023024,0.286244886624358,0.00186632035626018,-0.0136426510802521,-0.0415658273497985,0.185126804609558
156.169708045722,-0.00949817087918601,-0.0447891034143431,-0.0476020942348642,0.284350814871617,0.00183154612654069,-0.0135510115993797,-0.0410076966662892,0.183971245076166
157.25276814916,-0.00953507754142094,-0.0444018444954296,-0.0467366861216072,0.282465456798648,0.00179727075122725,-0.0134598389797956,-0.0404565734822039,0.182821169521633
158.34333943516,-0.00957045930910662,-0.0440169093023435,-0.0458835628190758,0.280588840119425,0.00176348892213554,-0.0133691333751183,-0.0399123813340897,0.181676585971317
159.441473994887,-0.00960433048247444,-0.0436342939641319,-0.0450425951122262,0.278720991144456,0.00173019536753735,-0.0132788948920076,-0.0393750443306014,0.180537501646773
160.547224280766,-0.00963670531590357,-0.0432539945941655,-0.0442136546181558,0.276861934805967,0.00169738485220969,-0.0131891235910807,-0.0388444871550589,0.179403922981426
161.66064310899,-0.00966759801946672,-0.0428760072902441,-0.0433966137894345,0.275011694682754,0.00166505217747027,-0.013099819487814,-0.0383206350677596,0.178275855636075
162.781783662036,-0.0096970227604642,-0.0425003281346433,-0.0425913459170516,0.27317029302467,0.00163319218119994,-0.0130109825534312,-0.0378034139080495,0.17715330451422
163.910699491214,-0.00972499366494428,-0.042126953194102,-0.0417977251329909,0.271337750776768,0.00160179973785252,-0.0129226127157784,-0.0372927500961632,0.17603627377721
165.047444519217,-0.00975152481920806,-0.0417558785197523,-0.0410156264124483,0.269514087603082,0.00157086975845253,-0.0128347098601842,-0.0367885706348355,0.174924766859209
166.192073042701,-0.00977663027129711,-0.0413871001469906,-0.0402449255757031,0.267699321910061,0.00154039719058127,-0.0127472738303067,-0.0362908031106937,0.173818786481988
167.344639734876,-0.00980032403246187,-0.0410206140952921,-0.0394854992896573,0.265893470869638,0.0015103770183518,-0.0126603044289665,-0.0357993756954364,0.172718334669529
168.505199648122,-0.00982262007860923,-0.0406564163679691,-0.0387372250690544,0.264096550441956,0.00148080426237312,-0.012573801418966,-0.0353142171468037,0.171623412762455
169.673808216612,-0.00984353235172725,-0.0402945029518724,-0.0379999812773902,0.262308575397723,0.00145167397970426,-0.0124877645238943,-0.0348352568093469,0.170534021432272
170.850521258965,-0.00986307476128556,-0.039934869817039,-0.0372736471275287,0.260529559340226,0.00142298126379846,-0.0124021934289193,-0.0343624246150017,0.169450160695433
172.03539498091,-0.00988126118560942,-0.0395775129162844,-0.0365581026820337,0.258759514726975,0.00139472124443804,-0.0123170877815647,-0.0338956510834732,0.168371829927216
173.228485977972,-0.0098981054732258,-0.0392224281847429,-0.0358532288532288,0.256998452891006,0.00136688908766044,-0.0122324471924748,-0.0334348673224359,0.167299027875424
174.429851238172,-0.00991362144417991,-0.0388696115393543,-0.0351589074029973,0.255246384061822,0.00133947999567572,-0.0121482712361642,-0.0329800050275564,0.166231752673895
175.639548144754,-0.00992782289132033,-0.0385190588783001,-0.0344750209423334,0.253503317385988,0.00131248920677599,-0.012064559451755,-0.032530996482344,0.165170001855839
176.857634478922,-0.00994072358155118,-0.0381707660803891,-0.0338014529306557,0.251769260947366,0.00128591199523731,-0.0119813113436998,-0.0320877745578337,0.164113772366987
178.084168422602,-0.00995233725704965,-0.0378247290043941,-0.0331380876748943,0.250044221787013,0.00125974367121427,-0.0118985263824918,-0.0316502727121088,0.163063060578553
179.319208561219,-0.00996267763644749,-0.0374809434883401,-0.0324848103283625,0.248328205922726,0.00123397958062779,-0.0118162040053607,-0.0312184249896669,0.162017862300027
180.562813886497,-0.00997175841597458,-0.0371394053487464,-0.0318415068894226,0.246621218368237,0.00120861510504647,-0.0117343436169563,-0.0307921660206353,0.160978172791776
181.815043799277,-0.00997959327056343,-0.0368001103798225,-0.0312080641999585,0.244923263152079,0.00118364566156197,-0.0116529445900185,-0.0303714310198405,0.159943986777468
183.075958112354,-0.00998619585491284,-0.0364630543526204,-0.0305843699436628,0.243234343336099,0.00115906670265861,-0.011572006266034,-0.0299561557857381,0.158915298456317
184.345617053333,-0.00999157980450945,-0.0361282330141433,-0.0299703126441495,0.241554461033642,0.00113487371607777,-0.011491527955881,-0.0295462766992055,0.157892101515146
185.624081267505,-0.0099957587366057,-0.0357956420864143,-0.0293657816629031,0.239883617427398,0.00111106222467728,-0.0114115089404596,-0.0291417307222054,0.156874389140271
186.911411820748,-0.00999874625115292,-0.0354652772655032,-0.0287706671970714,0.238221812786921,0.00108762778628632,-0.0113319484713113,-0.028742455396322,0.155862154029214
188.207670202438,-0.0100005559316881,-0.035137134220517,-0.0281848602771138,0.236569046485815,0.00106456599355601,-0.0112528457712247,-0.0283483888411769,0.15485538840223
189.512918328392,-0.0100012013461732,-0.0348112085925515,-0.027608252764312,0.234925317018602,0.00104187247380611,-0.0111742000348292,-0.027959469752727,0.153854084013662
190.827218543819,-0.0100006960477859,-0.0344874959936094,-0.027040737348154,0.233290622017267,0.0010195428888682,-0.011096010429177,-0.0275756374014513,0.152858232163123
192.150633626303,-0.00999905357566,-0.0341659920054836,-0.0264822075435988,0.231664958267488,0.000997572934925545,-0.0110182760943123,-0.0271968316304285,0.151867823706501
193.483226788801,-0.00999628745557554,-0.0338466921786091,-0.0259325576882301,0.230048321724552,0.00097595834235008,-0.0109409961438292,-0.0268229928533116,0.150882849066796
194.82506168266,-0.00999241120059611,-0.0335295920308847,-0.025391682939309,0.228440707528962,0.000954694875536714,-0.0108641696654174,-0.026454062052203,0.149903298244779
196.176202400658,-0.00998743831165362,-0.0332146870464662,-0.0248594792707319,0.226842110021743,0.000933778332735318,-0.0107877957213969,-0.0260899807754333,0.148929160829484
197.536713480066,-0.00998138227807874,-0.0329019726745329,-0.0243358434699013,0.225252522759449,0.000913204545880657,-0.0107118733492411,-0.0257306911352495,0.147960426008537
198.906659905733,-0.0099742565780766,-0.0325914443280294,-0.0238206731345193,0.223671938528869,0.000892969380420527,-0.0106364015620888,-0.025376135805415,0.146997082578306
200.286107113184,-0.00996607467914665,-0.0322830973823847,-0.0233138666693087,0.22210034936145,0.000873068735142401,-0.0105613793492447,-0.0250262580187263,0.146039118953897
201.675120991751,-0.00995685003844596,-0.0319769271742102,-0.0228153232826695,0.220537746547427,0.000853498541998816,-0.0104868056766706,-0.0246810015644487,0.145086523178975
203.073767887718,-0.0099465961030954,-0.0316729289999782,-0.0223249429832789,0.218984120649683,0.00083425476593175,-0.0104126794874641,-0.0243403107856767,0.144139282935428
204.482114607491,-0.0099353263104278,-0.0313710981146842,-0.0218426265766397,0.217439461517319,0.000815333404696253,-0.0103389997023286,-0.0240041305766205,0.14319738555287
205.900228420788,-0.00992305408817776,-0.0310714297304935,-0.0213682756615845,0.215903758298966,0.00079673048868354,-0.0102657652200321,-0.0236724063798235,0.142260818017981
207.32817706385,-0.00990979285461237,-0.0307739190153748,-0.020901792626742,0.214376999455826,0.000778442080743796,-0.0101929749178567,-0.0233450841833133,0.141329566983689
208.766028742684,-0.00989555601860262,-0.0304785610917225,-0.0204430806469703,0.21285917277445,0.000760464276008867,-0.0101206276520377,-0.0230221105176901,0.140403618778196
210.213852136311,-0.00988035697963487,-0.0301853510349712,-0.019992043679765,0.211350265379265,0.000742793201715099,-0.010048722258194,-0.0227034324531554,0.139482959413849
211.671716400053,-0.00986420912776232,-0.0298942838722013,-0.0195485864616448,0.209850263744854,0.000725425017026463,-0.00997725755174856,-0.0223889975964837,0.138567574595858
213.139691168835,-0.00984712584349604,-0.0296053545807419,-0.0191126145045223,0.208359153707982,0.000708355912858196,-0.00990623232834012,-0.0220787540879412,0.137657449730859
214.617846560511,-0.00982912049763549,-0.0293185580867691,-0.0186840340920641,0.206876920479395,0.000691582111701129,-0.00983564536422587,-0.0217726505981536,0.136752569935332
216.10625317921,-0.00981020645103845,-0.029033889263905,-0.0182627522760443,0.205403548655374,0.000675099867446844,-0.00976549541667563,-0.0214706363249256,0.135852920043867
217.604982118714,-0.00979039705433029,-0.0287513429318177,-0.0178486768726976,0.203939022229075,0.000658905465213867,-0.00969578122435761,-0.0211726609900166,0.134958484617284
219.114104965849,-0.00976970564755258,-0.0284709138548244,-0.0174417164590746,0.202483324601629,0.000642995221175007,-0.00962650150771593,-0.0208786748358728,0.134069247950607
220.633693803907,-0.00974814555975134,-0.0281925967405012,-0.0170417803694052,0.201036438593047,0.000627365482386016,-0.00955765496934029,-0.0205886286223203,0.133185194080899
222.163821216089,-0.00972573010850489,-0.0279163862382999,-0.0166487786914721,0.199598346452892,0.000612012626615683,-0.00948924029432778,-0.020302473623221,0.132306306794952
223.704560288971,-0.00970247259939178,-0.0276422769381751,-0.0162626222629997,0.198169029870765,0.000596933062177499,-0.00942125615063735,-0.0200201616230934,0.131432569636839
225.255984615994,-0.00967838632539903,-0.0273702633692235,-0.0158832226680612,0.196748469986577,0.000582123227763011,-0.0093537011894369,-0.0197416449137019,0.130563965915324
226.818168300982,-0.00965348456627105,-0.0271003399983366,-0.0155104922335071,0.195336647400636,0.000567579592276969,-0.00928657404544341,-0.019466876290615,0.129700478711148
228.391185961678,-0.00962778058779998,-0.0268325012288707,-0.0151443440254178,0.193933542183542,0.000553298654674369,-0.00921987333725623,-0.0191958090497367,0.128842090884165
229.975112733314,-0.00960128764105762,-0.0265667413993341,-0.0147846918455844,0.1925391338859,0.000539276943799485,-0.00915359766768379,-0.0189283969838122,0.127988785080357
231.570024272191,-0.00957401896157,-0.0263030547820955,-0.0144314502280185,0.191153401547854,0.000525511018226964,-0.00908774562406395,-0.0186645943789095,0.127140543738716
233.175996759301,-0.00954598776843502,-0.0260414355821141,-0.0140845344354951,0.189776323708457,0.000511997466105083,-0.00902231577857823,-0.0184043560108801,0.126297349097994
234.793106903962,-0.00951720726338402,-0.0257818779356948,-0.0137438604561293,0.188407878414861,0.000498732905001208,-0.00895730668856014,-0.0181476371418008,0.125459183203333
236.421431947482,-0.00948769062978821,-0.0255243759092684,-0.0134093449999896,0.187048043231365,0.000485713981749528,-0.00889271689679783,-0.0178943935163965,0.124626027912762
238.061049666849,-0.00945745103161082,-0.025268923498202,-0.0130809054957502,0.185696795248288,0.000472937372301123,-0.00882854493183124,-0.0176445813584487,0.123797864903577
239.712038378445,-0.00942650161230591,-0.0250155146256378,-0.0127584600873822,0.184354111090713,0.000460399781576382,-0.00876478930824406,-0.0173981573671892,0.122974675678597
241.374476941791,-0.00939485549366505,-0.0247641431413651,-0.0124419276308863,0.18301996692707,0.00044809794331985,-0.0087014485269506,-0.0171550787136822,0.122156441572299
243.048444763306,-0.00936252577461287,-0.0245148028207255,-0.012131227691068,0.181694338477589,0.000436028619957487,-0.00863852107547788,-0.0169153030371953,0.121343143756844
244.734021800108,-0.00932952552995279,-0.0242674873635548,-0.0118262805383562,0.180377201022617,0.000424188602456393,-0.00857600542824314,-0.0166787884415618,0.120534763247973
246.431288563827,-0.00929586780906399,-0.0240221903931611,-0.0115270071456661,0.179068529410809,0.000412574710186999,-0.00851390004682687,-0.0164454934915358,0.119731280910799
248.140326124455,-0.00926156563455127,-0.023778905455343,-0.0112333291853068,0.177768298067193,0.000401183790787732,-0.0084522033802417,-0.0162153772091408,0.118932677465487
249.861216114214,-0.00922663200084886,-0.0235376260174489,-0.0109451690259339,0.176476481001116,0.000390012720032158,-0.00839091386519731,-0.015988399070014,0.118138933492817
251.594040731461,-0.00919107987277989,-0.0232983454674775,-0.0106624497295489,0.175193051814083,0.000379058401698593,-0.00833002992636153,-0.0157645189997477,0.117350029439645
253.338882744608,-0.00915492218407275,-0.0230610571132237,-0.0103850950485431,0.173917983707477,0.000368317767442169,-0.00826954997661774,-0.0155436973702287,0.116565945624249
255.09582549608,-0.00911817183583623,-0.0228257541814696,-0.0101130294227879,0.17265124949019,0.000357787776669343,-0.00820947241731907,-0.0153258949959766,0.115786662241583
256.864952906292,-0.00908084169499477,-0.0225924298172222,-0.0098461779767705,0.171392821586137,0.000347465416414809,-0.00814979563853913,-0.0151110731304835,0.11501215936841
258.646349477661,-0.00904294459268563,-0.0223610770829998,-0.00958446651677489,0.170142672041694,0.000337347701220798,-0.00809051801931988,-0.014899193462555,0.114242416968349
260.440100298641,-0.00900449332261963,-0.0221316889581685,-0.00932782152810751,0.168900772533032,0.000327431673018713,-0.0080316379279165,-0.014690218112654,0.113477414896811
262.246291047787,-0.00896550063940734,-0.0219042583383287,-0.00907617017236704,0.167667094373375,0.000317714401013075,-0.00797315372203963,-0.0144841096292488,0.112717132905843
264.065007997846,-0.00892597925685235,-0.0216787780347552,-0.00882944028475752,0.166441608520167,0.000308192981567713,-0.00791506374909511,-0.0142808309851659,0.111961550648874
265.896338019882,-0.00888594184621358,-0.0214552407738893,-0.00858756037144392,0.165224285582174,0.000298864538094157,-0.00785736634642119,-0.0140803455739487,0.111210647685359
267.740368587419,-0.00884540103443858,-0.0212336391968864,-0.00835045960694917,0.164015095826501,0.000289726220942174,-0.00780005984152376,-0.0138826172062232,0.110464403485345
269.597187780627,-0.00880436940236954,-0.0210139658592184,-0.00811806783159154,0.162814009185547,0.000280775207292385,-0.00774314255230934,-0.0136876101060712,0.109722797433925
271.466884290521,-0.00876285948292418,-0.0207962132303327,-0.00789031554896092,0.161620995263894,0.000272008701050887,-0.00768661278731617,-0.0134952889074124,0.108985808835619
273.349547423206,-0.00872088375925342,-0.0205803736933686,-0.00766713392343291,0.160436023345128,0.000263423932745829,-0.00763046884594368,-0.0133056186503955,0.108253416918657
275.245267104134,-0.00867845466287782,-0.020366439544931,-0.00744845477771909,0.159259062398609,0.000255018159425841,-0.00757470901868013,-0.0131185647777998,0.107525600839179
277.154133882404,-0.00863558457180487,-0.0201544029949241,-0.0072342105904519,0.158090081086182,0.000246788664560264,-0.00751933158732885,-0.0129340931314471,0.106802339685342
279.07623893509,-0.00859228580862922,-0.019944256166443,-0.00702433449380272,0.156929047768836,0.00023873275794108,-0.00746433482523309,-0.0127521699486259,0.106083612481356
281.011674071587,-0.00854857063861792,-0.0197359910957264,-0.00681876027113102,0.155775930513317,0.000230847775586464,-0.00740971699749964,-0.0125727618585272,0.105369398191425
282.960531738006,-0.00850445126778273,-0.0195295997321687,-0.00661742235466304,0.154630697098691,0.000223131079645869,-0.00735547636122116,-0.0123958358786934,0.104659675723611
284.922905021585,-0.00845993984094165,-0.019325073938394,-0.0064202558231981,0.153493315022867,0.000215580058306546,-0.00730161116569769,-0.0122213594114803,0.103954423933622
286.898887655133,-0.00841504843977185,-0.0191224054903901,-0.00622719639984053,0.152363751509078,0.000208192125701432,-0.00724811965265703,-0.0120493002405333,0.103253621628518
288.888574021513,-0.00836978908085598,-0.0189215860777047,-0.00603818044975512,0.151241973512327,0.000200964721818263,-0.00719500005647437,-0.0118796265272781,0.102557247570337
290.892059158146,-0.00832417371372423,-0.0187226073037026,-0.00585314497794427,0.150127947725793,0.000193895312409868,-0.00714225060439116,-0.011712306807426,0.101865280479654
292.909438761552,-0.00827821421889405,-0.0185254606858851,-0.00567202762704444,0.149021640587206,0.000186981388905501,-0.00708986951673332,-0.011547309987495,0.101177699039059
294.940809191919,-0.00823192240590979,-0.0183301376562703,-0.00549476667513989,0.147923018285193,0.000180220468323133,-0.00703785500712881,-0.0113846053413465,0.100494481896563
296.986267477709,-0.00818531001138433,-0.0181366295618356,-0.00532130103359157,0.146832046765593,0.000173610093182605,-0.00698620528272476,-0.0112241625067383,0.0998156076689355
299.045911320291,-0.00813838869704501,-0.0179449276650215,-0.00515157024487879,0.145748691737743,0.000167147831419515,-0.0069349185444041,-0.0110659514818942,0.0991410549449711
301.119839098607,-0.00809117004778558,-0.0177550231442963,-0.00498551448045146,0.144672918680738,0.000160831276299763,-0.00688399298700179,-0.0109099426220904,0.0984708022886837
303.208149873869,-0.00804366556972673,-0.0175669070947823,-0.00482307453859072,0.143604692849673,0.00015465804633463,-0.00683342679952078,-0.0107561066362599,0.0978048282424373
305.310943394298,-0.00799588668828693,-0.0173805705289417,-0.00466419184227552,0.142543979281859,0.0001486257851963,-0.00678321816534763,-0.0106044145836134,0.0971431113300083
307.428320099879,-0.00794784474626582,-0.0171960043773236,-0.00450880843705306,0.141490742803009,0.000142732161633703,-0.00673336526246792,-0.0104548378702789,0.0964856300595832
309.560381127168,-0.00789955100194215,-0.0170131994893696,-0.00435686698891048,0.140444948033419,0.000136974869388594,-0.00668386626368143,-0.0103073482459593,0.0958323629266919
311.707228314113,-0.00785101662718822,-0.0168321466342792,-0.00420831078214589,0.139406559394119,0.000131351627111751,-0.0066347193368172,-0.0101619178006081,0.0951832884170788
313.868964204927,-0.00780225270560291,-0.0166528365019332,-0.00406308371723616,0.138375541113009,0.000125860178279187,-0.0065859226449484,-0.0100185189611242,0.0945383850095111
316.045692054981,-0.00775327023066518,-0.0164752597038745,-0.00392113030869927,0.137351857230977,0.000120498291108285,-0.00653747434660711,-0.00987712448806494,0.093897631178528
318.237515835737,-0.00770408010390994,-0.0162994067743458,-0.00378239568294907,0.136335471607999,0.000115263758473739,-0.00648937259599896,-0.00973770747237862,0.0932610053971289
320.444540239715,-0.00765469313312823,-0.0161252681713836,-0.00364682557614003,0.135326347929224,0.000110154397823208,-0.00644161554321775,-0.00960024133215598,0.0926284861394046
322.666870685493,-0.00760512003059357,-0.0159528342779664,-0.003514366332,0.134324449711041,0.000105168051092589,-0.00639420133445992,-0.00946469980940099,0.0920000518831098
324.904613322743,-0.00755537141131616,-0.0157820954032179,-0.00338496489964856,0.133329740307133,0.000100302584620795,-0.00634712811223896,-0.00933105696682128,0.0913756811121807
327.1578750373,-0.0075054577913268,-0.0156130417836621,-0.00325856883139902,0.132342182914511,9.55558890639606e-05,-0.00630039401559973,-0.00919928718463794,0.0907553523191957
329.426763456268,-0.00745538958599224,-0.0154456635845312,-0.00313512628054187,0.131361740579534,9.09258793089607e-05,-0.00625399718033271,-0.00906936515741517,0.0901390440077834
331.711386953162,-0.00740517710836352,-0.0152799509011231,-0.00301458599910772,0.130388376203914,8.64104943861739e-05,-0.00620793573918808,-0.00894126589090973,0.0895267346949761
334.011854653082,-0.00735483056755907,-0.0151158937602093,-0.00289689733560751,0.129422052550706,8.20076973813756e-05,-0.00616220782208975,-0.0088149646989402,0.0889184029135115
336.328276437929,-0.00730436006718394,-0.0149534821214902,-0.0027820102327484,0.128462732250274,7.77154753466937e-05,-0.00611681155634921,-0.00869043720027628,0.0883140272140826
338.660762951648,-0.00725377560378691,-0.014792705879098,-0.00266987522512305,0.12751037780625,7.35318392105274e-05,-0.0060717450668792,-0.0085676593155481,0.0877135861675376
341.009425605519,-0.0072030870653566,-0.0146335548631438,-0.0025604434368708,0.126564951601472,6.94548236863582e-05,-0.00602700647640717,-0.00844660726417557,0.0871170583670293
343.374376583475,-0.00715230422985843,-0.01447601884131,-0.00245366657930866,0.1256264159039,6.54824871803612e-05,-0.00598259390568859,-0.00832725756131794,0.0865244224301168
345.75572884746,-0.00710143676381324,-0.0143200875204844,-0.00234949694853076,0.124694732872516,6.16129116977546e-05,-0.00593850547371988,-0.00820958701484346,0.0859356570008181
348.153596142828,-0.00705049422091929,-0.0141657505484356,-0.00224788742297425,0.123769864563209,5.78442027477979e-05,-0.00589473929795109,-0.00809357272231924,0.0853507407516166
350.568093003772,-0.00699948604071866,-0.0140129975155281,-0.00214879146095033,0.122851772934632,5.41744892473824e-05,-0.00585129349449823,-0.0079791920680214,0.084769652385421
352.999334758797,-0.00694842154730914,-0.0138618179564747,-0.00205216309813892,0.121940419854045,5.06019234231375e-05,-0.00580816617835518,-0.0078664227199653,0.0841923706374796
355.44743753623,-0.00689730994810286,-0.0137122013521257,-0.00195795694504528,0.121035767103128,4.71246807119918e-05,-0.00576535546360514,-0.00775524262695615,0.0836188742772499
357.912518269762,-0.00684616033263258,-0.0135641371312927,-0.00186612818441773,0.120137776383777,4.37409596601331e-05,-0.00572285946363166,-0.00764563001565981,0.0830491421102248
360.39469470404,-0.00679498167140669,-0.0134176146726051,-0.00177663256862456,0.119246409323876,4.04489818202977e-05,-0.00568067629132899,-0.00753756338769373,0.0824831529797148
362.894085400285,-0.00674378281481368,-0.0132726233063979,-0.00168942641698965,0.118361627483037,3.72469916473519e-05,-0.00563880405931191,-0.00743102151673827,0.0819208857685884
365.410809741959,-0.00669257249207704,-0.0131291523166296,-0.0016044666130851,0.117483392358317,3.41332563921007e-05,-0.00559724088012489,-0.00732598344566806,0.0813623194009708
367.944987940466,-0.00664135931026132,-0.0129871909428271,-0.00152171060198026,0.116611665389911,3.11060659932908e-05,-0.00555598486645043,-0.00722242848370371,0.0808074328439013
370.496741040893,-0.00659015175332999,-0.0128467283820572,-0.00144111638744602,0.11574640796681,2.81637329677526e-05,-0.00551503413131673,-0.00712033620358354,0.0802562051089506
373.066190927794,-0.00653895818125583,-0.0127077537909224,-0.00136264252911358,0.114887581432424,2.53045922986516e-05,-0.00547438678830437,-0.00701968643875552,0.0797086152537979
375.653460331008,-0.00648778682918435,-0.0125702562875789,-0.00128624813958697,0.114035147090187,2.25270013218102e-05,-0.00543404095175219,-0.00692045928058929,0.07916464238377
378.258672831527,-0.00643664580665073,-0.0124342249537757,-0.00121189288150859,0.113189066209115,1.98293396100701e-05,-0.00539399473696207,-0.00682263507560831,0.0786242656533415
380.881952867393,-0.00638554309685076,-0.0122996488369126,-0.00113953696457717,0.112349300029332,1.72100088556635e-05,-0.0053542462604027,-0.00672619442274195,0.0780874642675968
383.523425739646,-0.00633448655596609,-0.0121665169521149,-0.00106914114251784,0.111515809767565,1.46674327505764e-05,-0.00531479363991226,-0.00663111817059769,0.0775542174836559
386.183217618305,-0.00628348391254421,-0.012034818284324,-0.00100066671000354,0.110688556622591,1.22000568648774e-05,-0.00527563499489977,-0.00653738741475319,0.0770245046120635
388.861455548399,-0.00623254276693317,-0.0119045417904017,-0.000934075499527788,0.109867501780654,9.80634852299671e-06,-0.00523676844654529,-0.00644498349506833,0.0764983050181414
391.558267456034,-0.00618167059077145,-0.0117756764012454,-0.000869329878228456,0.109052606420838,7.48479667794837e-06,-0.00519819211799875,-0.00635388799301717,0.0759755981233067
394.273782154498,-0.00613087472653302,-0.0116482110239144,-0.000806392744662222,0.108243831720388,5.23391178347641e-06,-0.0051599041345773,-0.00626408272903965,0.0754563634063545
397.008129350424,-0.00608016238712745,-0.0115221345437636,-0.000745227525529926,0.107441138860002,3.05222566412885e-06,-0.00512190262396125,-0.00617554975991314,0.0749405804047069
399.761439649975,-0.00602954065555537,-0.0113974358265841,-0.000685798172352606,0.106644489029064,9.38291383252891e-07,-0.00508418571638842,-0.00608827137614374,0.0744282287156277
402.533844565089,-0.00597901648461894,-0.0112741037207483,-0.000628069158098432,0.105853843430837,-1.10931689108516e-06,-0.00504675154484684,-0.00600223009937728,0.0739192879974048
405.325476519761,-0.00592859669668728,-0.0111521270593585,-0.000572005473760656,0.105069163287602,-3.09200402225351e-06,-0.00500959824526578,-0.00591740867982994,0.0734137379704993
408.136468856361,-0.00587828798351676,-0.0110314946623958,-0.000517572624886841,0.104290409845754,-5.0111540432665e-06,-0.004972723956705,-0.0058337900937385,0.0729115584186628
410.966955842014,-0.0058280969061257,-0.0109121953388697,-0.000464736628059764,0.103517544380832,-6.86813029704924e-06,-0.00493612682154214,-0.00575135754083016,0.0724127291900234
413.817072675003,-0.00577802989472331,-0.0107942178889647,-0.000413464007330265,0.102750528202513,-8.66427557873726e-06,-0.00489980498565821,-0.00567009444181185,0.0719172301981403
416.686955491232,-0.00572809324869252,-0.0106775511061841,-0.000363721790602716,0.101989322659533,-1.04009122799905e-05,-0.00486375659862112,-0.00558998443587903,0.0714250414230277
419.576741370729,-0.00567829313662615,-0.0105621837794876,-0.000315477505973454,0.101233889144567,-1.2079342535305e-05,-0.00482797981386713,-0.00551101137824387,0.0709361429121492
422.486568344193,-0.00562863559641603,-0.0104481046954223,-0.000268699178023021,0.10048418909904,-1.3700848370291e-05,-0.00479247278888023,-0.00543315933768283,0.0704505147813815
425.416575399583,-0.00557912653539464,-0.0103353026402458,-0.000223355324062691,0.099740184017881,-1.52666918518981e-05,-0.00475723368536926,-0.00535641259410354,0.0699681372159505
428.366902488763,-0.00552977173052849,-0.0102237664020381,-0.000179414950336272,0.0990018354542218,-1.67781152405466e-05,-0.0047222606694429,-0.00528075563613098,0.069488990471337
431.337690534184,-0.00548057682866278,-0.0101134847728029,-0.00013684754817782,0.0982691050240247,-1.82363411441435e-05,-0.00468755191178226,-0.00520617315871289,0.0690130548741553
434.329081435613,-0.00543154734681666,-0.0100044465505558,-9.56230901262376e-05,0.0975419544106527,-1.96425726739354e-05,-0.0046531055878112,-0.0051326500607443,0.0685403108230038
437.341218076915,-0.00538268867252834,-0.00989664054139779,-5.57120259977468e-05,0.0968203453693724,-2.09979936021705e-05,-0.0046189198778641,-0.00506017144271128,0.0680707387892872
440.374244332875,-0.00533400606424928,-0.00979005556157326,-1.7085278917162e-05,0.0961042397317915,-2.23037685215189e-05,-0.00458499296735131,-0.00498872260435373,0.0676043193180136
443.428305076071,-0.00528550465178676,-0.0096846804395106,2.02857586909209e-05,0.0953935994102289,-2.35610430062167e-05,-0.00455132304692193,-0.00491828904234722,0.0671410330285633
446.503546183793,-0.00523718943679394,-0.00958050401784453,5.6429229149918e-05,0.0946883864020158,-2.47709437748796e-05,-0.00451790831262406,-0.00484885644800385,0.0666808606154323
449.600114545014,-0.00518906529330656,-0.00947751515541868,9.1372813616885e-05,0.0939885627937277,-2.59345788549462e-05,-0.00448474696606245,-0.00478041070499204,0.0662237828489503
452.718158067401,-0.00514113696832541,-0.0093757027292671,0.000125143736204735,0.0932940907653456,-2.70530377486962e-05,-0.00445183721455338,-0.00471293788707523,0.0657697805759726
455.857825684385,-0.00509340908244351,-0.00927505563657371,0.000157768768139791,0.0926049325943457,-2.81273916007916e-05,-0.00441917727127685,-0.00464642425586946,0.0653188347205478
459.01926736227,-0.00504588613051731,-0.00917556279660841,0.000189274231953441,0.091921050659716,-2.91586933672908e-05,-0.00438676535542603,-0.00458085625861977,0.0648709262845609
462.202634107401,-0.00499857248238062,-0.00907721315263877,0.000219686005706449,0.0912424074459002,-3.01479779860761e-05,-0.00435459969235381,-0.00451622052599535,0.0644260363483515
465.408077973374,-0.00495147238360045,-0.00897999567381628,0.000249029527244625,0.090568965546666,-3.10962625486416e-05,-0.00432267851371656,-0.00445250386990347,0.0639841460713097
468.635752068297,-0.00490458995627362,-0.00888389935703601,0.000277329798484435,0.0899006876688995,-3.20045464731797e-05,-0.00429100005761492,-0.00438969328132206,0.063545236692447
471.885810562108,-0.00485792919986316,-0.00878891322876894,0.00030461138972707,0.0892375366363227,-3.28738116789081e-05,-0.00425956256873173,-0.00432777592815092,0.0631092895309455
475.158408693936,-0.00481149399207335,-0.00869502634686574,0.000330898443999569,0.0885794753931351,-3.37050227615779e-05,-0.00422836429846696,-0.00426673915308162,0.0626762859866838
478.453702779515,-0.00476528808976228,-0.00860222780233143,0.000356214681421417,0.0879264670075773,-3.44991271700966e-05,-0.00419740350506962,-0.00420657047148584,0.0622462075407407
481.771850218653,-0.00471931512989086,-0.00851050672106973,0.000380583403595223,0.087278474675417,-3.52570553842071e-05,-0.00416667845376665,-0.00414725756932229,0.0618190357558773
485.113009502749,-0.00467357863050719,-0.00841985226559664,0.000404027498019776,0.0866354617233573,-3.59797210931558e-05,-0.00413618741688883,-0.00408878830106212,0.0613947522769976
488.477340222363,-0.00462808199176493,-0.00833025363672228,0.000426569442524066,0.085997391612365,-3.66680213752863e-05,-0.00410592867399346,-0.00403115068763271,0.060973338831587
491.865003074839,-0.0045828284969748,-0.00824170007520037,0.000448231309720654,0.0853642279409204,-3.73228368784925e-05,-0.00407590051198416,-0.00397433291437985,0.0605547772301315
495.276159871982,-0.00453782131368776,-0.00815418086334467,0.000469034771476726,0.0847359344481876,-3.79450320014656e-05,-0.00404610122522731,-0.00391832332904826,0.0601390493665152
498.710973547785,-0.00449306349480892,-0.00806768532661175,0.000489001103401392,0.0841124750171038,-3.8535455075669e-05,-0.00401652911566556,-0.00386311043978041,0.0597261372183981
502.169608166212,-0.00444855797974075,-0.00798220283514962,0.000508151189347448,0.0834938136773902,-3.90949385479706e-05,-0.00398718249292807,-0.00380868291313359,0.059316022847574
505.652228929035,-0.00440430759555468,-0.0078977228053115,0.000526505525926156,0.0828799146084809,-3.96242991638714e-05,-0.00395805967443768,-0.00375502957211516,0.0589086884003093
509.159002183727,-0.00436031505818963,-0.00781423470113442,0.000544084227033283,0.082270742142372,-4.01243381512561e-05,-0.00392915898551483,-0.00370213939423594,0.0585041161076621
512.690095431402,-0.00431658297367641,-0.00773172803578217,0.000560907028384906,0.0816662607663906,-4.05958414046038e-05,-0.00390047875947836,-0.00365000150958175,0.0581022882857831
516.245677334823,-0.00427311383938676,-0.00765019237295215,0.000576993292061288,0.0810664351258821,-4.10395796695878e-05,-0.00387201733774314,-0.00359860519890295,0.0577031873361973
519.825917726449,-0.00422991004530584,-0.00756961732824578,0.000592362011057234,0.0804712300268184,-4.14563087279997e-05,-0.00384377306991447,-0.00354793989172204,0.0573067957460687
523.430987616559,-0.00418697387532696,-0.00748999257050224,0.000607031813837372,0.0798806104383239,-4.18467695829275e-05,-0.00381574431387937,-0.00349799516445915,0.056913096088446
527.061059201407,-0.00414430750856733,-0.00741130782309514,0.000621020968894668,0.0792945414951229,-4.22116886441241e-05,-0.00378792943589462,-0.00344876073857552,0.0565220710224912
530.716305871459,-0.00410191302070372,-0.00733355286519199,0.00063434738931067,0.0787129884999057,-4.25517779134972e-05,-0.00376032681067171,-0.00340022647873476,0.0561337032936916
534.396902219665,-0.00405979238532675,-0.00725671753297621,0.000647028637315868,0.0781359169256151,-4.28677351706568e-05,-0.00373293482145855,-0.0033523823909819,0.0557479757340543
538.103024049808,-0.00401794747531273,-0.00718079172083159,0.000659081928848598,0.0775632924176538,-4.31602441584506e-05,-0.00370575186011805,-0.00330521862094029,0.0553648712622843
541.834848384891,-0.00397638006421184,-0.00710576538248904,0.00067052413811096,0.0769950807960114,-4.34299747684286e-05,-0.0036787763272036,-0.00325872545202609,0.0549843728839462
545.592553475602,-0.00393509182765144,-0.00703162853213553,0.000681371802120223,0.0764312480573133,-4.36775832261673e-05,-0.00365200663203134,-0.00321289330368036,0.0546064636916105
549.376318808822,-0.00389408434475351,-0.00695837124548526,0.000691641125254148,0.0758717603767918,-4.39037122763906e-05,-0.0036254411927494,-0.0031677127296189,0.054231126864984
553.1863251162,-0.00385335909956499,-0.00688598366081298,0.00070134798378883,0.0753165841101772,-4.4108991367829e-05,-0.00359907843640394,-0.00312317441609943,0.0538583456710244
557.022754382788,-0.00381291748249984,-0.00681445597994949,0.000710507930427485,0.0747656857955134,-4.42940368377489e-05,-0.00357291679900223,-0.00307926918020627,0.0534881034640405
560.885789855729,-0.00377276079179193,-0.00674377846923945,0.000719136198818791,0.0742190321548954,-4.44594520960961e-05,-0.00354695472557256,-0.00303598796815248,0.0531203836857778
564.775616053012,-0.00373289023495741,-0.0066739414604615,0.000727247708063347,0.073676590096131,-4.46058278091907e-05,-0.00352119067022117,-0.0029933218535993,0.0527551698654888
568.692418772287,-0.00369330693026576,-0.00660493535171088,0.000734857067206831,0.0731383267143267,-4.47337420829157e-05,-0.00349562309618617,-0.00295126203599277,0.0523924456199899
572.636385099737,-0.00365401190821819,-0.00653675060824468,0.000741978579718482,0.0726042092933983,-4.48437606453411e-05,-0.00347025047588844,-0.00290979983891769,0.0520321946537045
576.607703419018,-0.0036150061130326,-0.00646937776328993,0.00074862624795358,0.0720742053075077,-4.49364370287263e-05,-0.00344507129097962,-0.00286892670846864,0.0516744007586917
580.606563420252,-0.00357629040413392,-0.00640280741881471,0.000754813777598584,0.0715482824224256,-4.50123127508471e-05,-0.00342008403238712,-0.00282863421163804,0.0513190478146628
584.633156109091,-0.00353786555764893,-0.00633703024626248,0.000760554582097614,0.071026408496822,-4.50719174955887e-05,-0.00339528720035623,-0.00278891403472128,0.050966119788984
588.687673815838,-0.00349973226790449,-0.0062720369872501,0.000765861787059091,0.0705085515834842,-4.51157692927579e-05,-0.00337067930448942,-0.0027497579817387,0.0506156007366668
592.77031020464,-0.00346189114892833,-0.00620781845422948,0.000770748234641195,0.069994679930464,-4.5144374697057e-05,-0.00334625886378275,-0.00271115797287444,0.0502674748003455
596.881260282727,-0.00342434273595136,-0.00614436553111358,0.000775226487915044,0.0694847619821547,-4.51582289661712e-05,-0.00332202440665948,-0.00267310604293213,0.0499217262102433
601.020720409738,-0.00338708748691067,-0.00608166917386676,0.000779308835204378,0.0689787663802984,-4.5157816237922e-05,-0.00329797447100094,-0.00263559433980714,0.0495783392841254
605.188888307094,-0.00335012578395228,-0.00601972041106002,0.000783007294400596,0.0684766619649255,-4.51436097064347e-05,-0.00327410760417466,-0.00259861512297558,0.0492372984272418
609.385963067442,-0.00331345793493275,-0.00595851034439152,0.0007863336172521,0.0679784177752259,-4.51160717972782e-05,-0.00325042236305981,-0.0025621607619998,0.0488985881322573
613.612145164168,-0.00327708417491887,-0.00589803014917269,0.000789299293626831,0.0674840030503543,-4.50756543415285e-05,-0.00322691731406996,-0.00252622373505026,0.0485621929791714
617.867636460969,-0.00324100466768457,-0.00583827107478041,0.000791915555746986,0.0669933872301704,-4.50227987487147e-05,-0.0032035910331733,-0.00249079662744394,0.0482280976352273
622.152640221499,-0.00320521950720415,-0.00577922444507569,0.000794193382394934,0.0665065399559132,-4.49579361786035e-05,-0.00318044210591019,-0.00245587213019889,0.0478962868548092
626.467361119072,-0.00316972871914129,-0.00572088165878931,0.000796143503089313,0.0660234310708138,-4.48814877117837e-05,-0.00315746912740825,-0.00242144303860508,0.0475667454793311
630.812005246445,-0.00313453226233281,-0.0056632341898749,0.000797776402230452,0.065544030620644,-4.47938645190097e-05,-0.00313467070239497,-0.0023875022508113,0.0472394584371138
635.186780125658,-0.00309963003026664,-0.00560627358782993,0.000799102323214187,0.0650683088542047,-4.4695468029267e-05,-0.0031120454452078,-0.00235404276642815,0.0469144107432531
639.591894717946,-0.00306502185255319,-0.0055499914779851,0.000800131272513177,0.064596236223754,-4.45866900965229e-05,-0.0030895919798019,-0.00232105768514692,0.0465915874994778
644.027559433723,-0.00303070749638954,-0.00549437956176268,0.000800873023725008,0.0641277833853755,-4.44679131651299e-05,-0.00306730893975552,-0.00228854020537432,0.0462709738939988
648.493986142629,-0.00299668666801559,-0.00543942961690435,0.00080133712158617,0.0636629211992894,-4.4339510433844e-05,-0.00304519496827308,-0.00225648362288301,0.0459525552013489
652.991388183652,-0.00296295901416181,-0.00538513349766893,0.000801532885951243,0.0632016207301064,-4.42018460184318e-05,-0.00302324871818594,-0.00222488132947771,0.0456363167822134
657.519980375318,-0.00292952412348772,-0.00533148313500082,0.000801469415736548,0.0627438532470253,-4.40552751128308e-05,-0.00300146885195096,-0.00219372681167692,0.0453222440832529
662.07997902595,-0.00289638152801067,-0.00527847053666936,0.000801155592827581,0.0622895902239773,-4.3900144148838e-05,-0.00297985404164697,-0.00216301364941012,0.0450103226369167
666.671601944003,-0.00286353070452432,-0.00522608778738002,0.000800600085949584,0.0618388033397154,-4.37367909542965e-05,-0.00295840296896896,-0.00213273551473027,0.0447005380612486
671.295068448464,-0.00283097107600616,-0.00517432704885773,0.000799811354500649,0.061391464477852,-4.35655449097564e-05,-0.0029371143252203,-0.00210288617054161,0.0443928760596847
675.950599379332,-0.00279870201301383,-0.00512318055990309,0.000798797652346779,0.0609475457268461,-4.33867271035839e-05,-0.00291598681130289,-0.00207345946934263,0.0440873224208432
680.638417108163,-0.00276672283506934,-0.00507264063642192,0.000797567031578347,0.0605070193799391,-4.32006504854968e-05,-0.00289501913770532,-0.0020444493519841,0.0437838630183071
685.358745548692,-0.00273503281203116,-0.00502269967142894,0.000796127346227474,0.0600698579350433,-4.30076200185031e-05,-0.00287421002448909,-0.00201584984644198,0.0434824838103992
690.11181016753,-0.00270363116545332,-0.00497335013502587,0.000794486255945818,0.0596360340945809,-4.28079328292246e-05,-0.00285355820127293,-0.00198765506660531,0.0431831708399501
694.897837994932,-0.00267251706993143,-0.00492458457435488,0.000792651229642356,0.0592055207652786,-4.26018783565844e-05,-0.00283306240721529,-0.00195985921107871,0.0428859102340596
699.717057635642,-0.00264168965443499,-0.00487639561352775,0.000790629549080733,0.0587782910579149,-4.23897384988422e-05,-0.002812721390995,-0.00193245656199958,0.0425906882038511
704.569699279812,-0.00261114800362565,-0.00482877595353142,0.000788428312435828,0.0583543182870247,-4.21717877589613e-05,-0.00279253391079019,-0.00190544148386983,0.0422974910442195
709.455994713995,-0.00258089115916117,-0.00478171837211062,0.000786054437809148,0.0579335759705598,-4.19482933882907e-05,-0.00277249873425555,-0.001878808422402,0.0420063051335734
714.376177332221,-0.00255091812098462,-0.00473521572362802,0.000783514666702763,0.0575160378295083,-4.17195155285516e-05,-0.00275261463849785,-0.00185255190337967,0.0417171169335704
719.33048214714,-0.00252122784859848,-0.00468926093890267,0.00078081556745151,0.057101677787473,-4.14857073521133e-05,-0.00273288041004989,-0.00182666653153208,0.0414299129888472
724.31914580125,-0.0024918192623235,-0.00464384702502716,0.000777963538613179,0.0566904699702095,-4.12471152005491e-05,-0.0027132948448429,-0.00180114698942287,0.0411446799267438
729.342406578201,-0.00246269124454183,-0.00459896706516435,0.00077496481231647,0.0562823887051277,-4.10039787214616e-05,-0.00269385674817741,-0.00177598803635269,0.0408614044570219
734.400504414174,-0.00243384264092433,-0.00455461421832398,0.00077182545756654,0.0558774085207538,-4.07565310035696e-05,-0.00267456493469262,-0.00175118450727573,0.0405800733715787
739.493680909344,-0.00240527226164172,-0.00451078171911999,0.000768551383507949,0.0554755041461575,-4.05049987100487e-05,-0.00265541822833436,-0.00172673131172996,0.0403006735441549
744.622179339418,-0.0023769788825594,-0.00446746287750905,0.000765148342644871,0.0550766505103441,-4.02496022101186e-05,-0.00263641546232171,-0.00170262343278103,0.040023191930038
749.786244667259,-0.00234896124641572,-0.00442465107851086,0.000761621934018476,0.0546808227416116,-3.99905557088745e-05,-0.00261755547911219,-0.00167885592597956,0.039747615565761
754.98612355458,-0.00232121806398345,-0.00438233978191096,0.000757977606341364,0.0542879961668764,-3.97280673753554e-05,-0.00259883713036575,-0.00165542391833194,0.0394739315687964
760.222064373731,-0.00229374801521445,-0.0043405225219464,0.000754220661089006,0.0538981463109657,-3.94623394688479e-05,-0.00258025927690751,-0.00163232260728435,0.0392021271372455
765.494317219563,-0.00226654975036719,-0.0042991929069751,0.000750356255548161,0.0535112488958804,-3.91935684634248e-05,-0.00256182078868915,-0.00160954725971987,0.038932189549524
770.803133921369,-0.0022396218911171,-0.00425834461912928,0.000746389405822253,0.0531272798400277,-3.89219451707155e-05,-0.00254352054474936,-0.00158709321096871,0.0386641061640428
776.148768054917,-0.00221296303164969,-0.0042179714139537,0.000742324989793708,0.0527462152574251,-3.86476548609093e-05,-0.00252535743317303,-0.0015649558638313,0.0383978644188861
781.531474954562,-0.00218657173973612,-0.00417806712002905,0.00073816775004329,0.0523680314568774,-3.83708773819924e-05,-0.00250733035104938,-0.00154313068761416,0.0381334518314838
786.951511725437,-0.00216044655779142,-0.00413862563858134,0.00073392229672651,0.0519927049411264,-3.8091787277222e-05,-0.00248943820442908,-0.00152161321717845,0.0378708559982825
792.40913725574,-0.00213458600391504,-0.00409964094307761,0.000729593110407164,0.0516202124059752,-3.78105539008374e-05,-0.00247167990828037,-0.00150039905200107,0.0376100645944111
797.904612229097,-0.00210898857291383,-0.00406110707880853,0.000725184544848096,0.0512505307393887,-3.75273415320158e-05,-0.00245405438644426,-0.00147948385524819,0.0373510653733445
803.438199137013,-0.00208365273730736,-0.00402301816245861,0.000720700829759338,0.0508836370205696,-3.72423094870733e-05,-0.00243656057158874,-0.00145886335286107,0.0370938461665634
809.01016229141,-0.00205857694831552,-0.00398536838166435,0.00071614607350372,0.0505195085190123,-3.69556122299202e-05,-0.00241919740516218,-0.00143853333265409,0.0368383948832113
814.620767837254,-0.00203375963682844,-0.00394815199456088,0.000711524265760143,0.050158122693535,-3.66673994807748e-05,-0.00240196383734593,-0.00141848964342477,0.0365846995097484
820.270283765263,-0.00200919921435871,-0.00391136332931778,0.000706839280144669,0.0497994571912913,-3.63778163231431e-05,-0.00238485882700598,-0.00139872819407583,0.0363327481096034
825.958979924714,-0.00198489407397589,-0.00387499678366435,0.000702094876789635,0.0494434898467618,-3.60870033090716e-05,-0.00236788134164406,-0.00137924495274902,0.0360825288228219
831.687128036326,-0.0019608425912233,-0.00383904682440497,0.000697294704880985,0.0490901986807266,-3.57950965626836e-05,-0.00235103035734786,-0.0013600359459706,0.0358340298657127
837.455001705243,-0.00193704312501731,-0.00380350798692508,0.000692442305154063,0.0487395618992208,-3.55022278820056e-05,-0.00233430485874062,-0.00134109725780847,0.0355872395304921
843.262876434102,-0.00191349401852886,-0.00376837487468805,0.000687541112348087,0.0483915578924713,-3.52085248390953e-05,-0.00231770383893011,-0.00132242502904071,0.0353421461849253
849.111029636188,-0.0018901936000476,-0.00373364215872375,0.000682594457619583,0.0480461652338187,-3.49141108784809e-05,-0.00230122629945695,-0.00130401545633549,0.035098738271966
854.999740648693,-0.00186714018382843,-0.00369930457710891,0.000677605570915019,0.0477033626786235,-3.4619105413922e-05,-0.00228487125024234,-0.00128586479144208,0.0348570043093945
860.92929074605,-0.00184433207092072,-0.00366535693444002,0.000672577583302965,0.0473631291631568,-3.43236239235061e-05,-0.00226863770953528,-0.00126796934039312,0.0346169328894532
866.899963153375,-0.00182176754998023,-0.00363179410129909,0.000667513529266015,0.0470254438034786,-3.4027778043089e-05,-0.00225252470385929,-0.0012503254627177,0.0343785126784809
872.91204305999,-0.00179944489806373,-0.00359861101371272,0.000662416348952842,0.046690285894302,-3.37316756580954e-05,-0.00223653126795858,-0.00123292957066535,0.0341417324165452
878.965817633049,-0.0017773623814066,-0.00356580267260488,0.000657288890390656,0.0463576349078456,-3.343542099369e-05,-0.00222065644474385,-0.0012157781284408,0.0339065809170734
885.061576031251,-0.00175551825618338,-0.00353336414324394,0.000652133911658428,0.0460274704926746,-3.31391147033346e-05,-0.0022048992852376,-0.00119886765144921,0.0336730470664824
891.199609418655,-0.00173391076925144,-0.00350129055468415,0.000646954083021201,0.0456997724725305,-3.28428539557438e-05,-0.00218925884851913,-0.00118219470555206,0.0334411198238067
897.380210978585,-0.00171253815887791,-0.00346957709920225,0.000641751989025843,0.0453745208451518,-3.2546732520254e-05,-0.0021737342016691,-0.00116575590633323,0.0332107882203257
903.603675927636,-0.00169139865544993,-0.00343821903172931,0.000636530130558613,0.0450516957810847,-3.22508408506213e-05,-0.00215832441971383,-0.00114954791837548,0.0329820413591898
909.870301529772,-0.00167049048216851,-0.00340721166927841,0.000631290926864888,0.0447312776224849,-3.19552661672623e-05,-0.00214302858556925,-0.0011335674545469,0.032754868415045
916.18038711053,-0.00164981185572598,-0.00337655039036839,0.000626036717531447,0.0444132468819125,-3.1660092537954e-05,-0.00212784578998462,-0.00111781127529755,0.0325292586336577
922.534234071309,-0.00162936098696727,-0.00334623063444416,0.000620769764431692,0.0440975842411185,-3.13654009570085e-05,-0.00211277513148592,-0.00110227618796578,0.0323052013315374
928.932145903777,-0.00160913608153516,-0.00331624790129374,0.000615492253634176,0.0437842705498255,-3.10712694229378e-05,-0.00209781571631915,-0.00108695904609453,0.0320826858955599
935.374428204358,-0.00158913534049969,-0.00328659775046262,0.000610206297274869,0.0434732868245017,-3.07777730146265e-05,-0.00208296665839332,-0.00107185674875712,0.031861701782589
941.861388688833,-0.00156935696097184,-0.00325727580066554,0.000604913935393543,0.0431646142471302,-3.04849839660282e-05,-0.00206822707922328,-0.00105696623989268,0.0316422385190978
948.39333720704,-0.0015497991367017,-0.00322827772919619,0.000599617137734691,0.0428582341639727,-3.01929717394017e-05,-0.0020535961078725,-0.00104228450765096,0.0314242857007905
954.970585757668,-0.00153046005866128,-0.00319959927133502,0.000594317805513391,0.0425541280843296,-2.99018030971057e-05,-0.00203907288089561,-0.00102780858374644,0.031207832992222
961.593448503166,-0.00151133791561221,-0.00317123621975562,0.000589017773146552,0.0422522776792959,-2.96115421719686e-05,-0.00202465654228088,-0.0010135355428217,0.0309928701264191
968.262241784745,-0.00149243089465834,-0.00314318442392977,0.000583718809949925,0.0419526647805145,-2.93222505362497e-05,-0.00201034624339267,-0.000999462501819769,0.0307793869045004
974.977284137491,-0.00147373718178367,-0.00311543978953163,0.000578422621801364,0.0416552713789261,-2.90339872692113e-05,-0.00199614114291373,-0.000985586619365543,0.0305673731952964
981.738896305574,-0.00145525496237562,-0.00308799827784126,0.000573130852770699,0.0413600796235179,-2.87468090233184e-05,-0.00198204040678755,-0.000971905095155981,0.0303568189349691
988.547401257578,-0.00143698242173388,-0.0030608559051478,0.000567845086716723,0.0410670718200698,-2.84607700890838e-05,-0.00196804320816065,-0.000958415169359086,0.0301477141266326
995.403124201917,-0.00141891774556504,-0.00303400874215248,0.000562566848851663,0.0407762304299002,-2.81759224585769e-05,-0.00195414872732484,-0.000945114122021511,0.0299400488399727
1002.30639260238,-0.00140105912046327,-0.00300745291337181,0.000557297607273634,0.0404875380686106,-2.78923158876141e-05,-0.0019403561516596,-0.000931999272484684,0.0297338132108673
1009.25753619375,-0.00138340473437713,-0.00298118459654121,0.000552038774467463,0.0402009775048304,-2.76099979566493e-05,-0.00192666467557441,-0.000919067978809353,0.0295289974410066
1016.2568869976,-0.00136595277706277,-0.00295520002201916,0.000546791708774356,0.0399165316589612,-2.73290141303821e-05,-0.00191307350045115,-0.000906317637208424,0.0293255917975142
1023.30477933808,-0.00134870144052374,-0.00292949547219235,0.000541557715830846,0.0396341836019233,-2.70494078161025e-05,-0.00189958183458662,-0.000893745681488026,0.0291235866125679
1030.40154985798,-0.00133164891943761,-0.00290406728088181,0.000536338049977439,0.0393539165539006,-2.67712204207899e-05,-0.00188618889313512,-0.000881349582496621,0.0289229722830207
1037.5475375347,-0.00131479341156959,-0.00287891183275045,0.000531133915637447,0.0390757138830902,-2.64944914069853e-05,-0.00187289389805115,-0.000869126847582161,0.0287237392700237
1044.74308369654,-0.00129813311817331,-0.00285402556271198,0.000525946468666401,0.0387995591044509,-2.62192583474541e-05,-0.00185969607803218,-0.000857075020057056,0.0285258780986473
1051.98853203895,-0.00128166624437915,-0.0028294049553417,0.000520776817672524,0.0385254358784558,-2.59455569786595e-05,-0.00184659466846166,-0.000845191678670989,0.0283293793575053
1059.28422864097,-0.00126539099957002,-0.00280504654428902,0.000515626025308686,0.0382533280098463,-2.56734212530617e-05,-0.00183358891135209,-0.000833474437091341,0.0281342336983772
1066.63052198171,-0.00124930559774521,-0.00278094691169228,0.000510495109536295,0.0379832194463904,-2.54028833902658e-05,-0.00182067805528829,-0.000821920943391247,0.0279404318358339
1074.02776295709,-0.00123340825787206,-0.00275710268759561,0.000505385044861546,0.0377150942776418,-2.51339739270307e-05,-0.00180786135537086,-0.00081052887954506,0.0277479645468614
1081.4763048965,-0.00121769720422605,-0.00273351054936842,0.000500296763544499,0.0374489367337056,-2.48667217661635e-05,-0.00179513807315981,-0.000799295960931247,0.0275568226704871
1088.97650357974,-0.0012021706667193,-0.00271016722112736,0.000495231156781379,0.0371847311840049,-2.46011542243121e-05,-0.0017825074766184,-0.000788219935842498,0.0273669971074062
1096.52871725401,-0.00118682688121776,-0.00268706947316114,0.000490189075860585,0.036922462136054,-2.43372970786774e-05,-0.00176996884005724,-0.000777298585003057,0.0271784788196092
1104.13330665098,-0.00117166408984729,-0.00266421412135815,0.000485171333292788,0.036662114234234,-2.40751746126612e-05,-0.00175752144407848,-0.000766529721093079,0.0269912588300102
1111.79063500406,-0.00115668054128885,-0.00264159802663723,0.000480178703915607,0.0364036722585744,-2.38148096604697e-05,-0.00174516457552045,-0.000755911188280013,0.0268053282220756
1119.50106806575,-0.00114187449106295,-0.00261921809438159,0.000475211925973232,0.0361471211235393,-2.35562236506868e-05,-0.00173289752740235,-0.000745440861756818,0.0266206781394552
1127.26497412507,-0.00112724420180369,-0.002597071273876,0.000470271702171475,0.0358924458768182,-2.32994366488398e-05,-0.0017207195988693,-0.000735116647287008,0.0264372997856126
1135.0827240252,-0.00111278794352242,-0.00257515455774752,0.000465358700708633,0.0356396316981231,-2.30444673989697e-05,-0.00170863009513765,-0.000724936480756352,0.0262551844234578
1142.95469118117,-0.00109850399386144,-0.0025534649814097,0.000460473556282614,0.0353886638979907,-2.27913333642286e-05,-0.00169662832744053,-0.000714898327731215,0.0260743233749806
1150.8812515977,-0.00108439063833771,-0.00253199962251048,0.000455616871074711,0.0351395279165906,-2.25400507665166e-05,-0.00168471361297372,-0.00070500018302336,0.0258947080208851
1158.86278388715,-0.00107044617057698,-0.00251075560038393,0.00045078921571048,0.0348922093225394,-2.22906346251796e-05,-0.00167288527484181,-0.000695240070261219,0.0257163298002252
1166.89966928762,-0.00105666889253838,-0.00248973007550572,0.000445991130198083,0.0346466938117213,-2.20430987947823e-05,-0.0016611426420046,-0.000685616041467435,0.0255391802100414
1174.99229168114,-0.00104305711472979,-0.00246892024895278,0.000441223124844562,0.0344029672061153,-2.17974560019749e-05,-0.00164948504922394,-0.000676126176642699,0.0253632508049991
1183.14103761204,-0.00102960915641411,-0.00244832336186677,0.000436485681150392,0.0341610154526281,-2.15537178814681e-05,-0.0016379118370107,-0.00066676858335569,0.0251885331970276
1191.34629630538,-0.00101632334580667,-0.00242793669492195,0.000431779252682753,0.0339208246219352,-2.13118950111361e-05,-0.00162642235157227,-0.000657541396339115,0.0250150190549611
1199.60845968555,-0.00100319802026391,-0.00240775756779705,0.000427104265927891,0.0336823809073276,-2.10719969462605e-05,-0.00161501594476019,-0.000648442777091691,0.0248427001041799
1207.92792239501,-0.000990231526463665,-0.00238778333865164,0.000422461121122991,0.0334456706235666,-2.08340322529347e-05,-0.00160369197401825,-0.000639470913486062,0.0246715681262545
1216.3050818131,-0.000977422220577018,-0.00236801140360671,0.000417850193067906,0.0332106802057449,-2.0598008540642e-05,-0.00159244980233088,-0.000630624019382476,0.0245016149585894
1224.74033807505,-0.000964768468432175,-0.00234843919622982,0.000413271831917181,0.0329773962081562,-2.0363932494025e-05,-0.00158128879817189,-0.000621900334248239,0.0243328324940694
1233.23409409112,-0.000952268645670314,-0.00232906418702463,0.000408726363952695,0.032745805303171,-2.01318099038617e-05,-0.00157020833545352,-0.000613298122782756,0.0241652126807069
1241.78675556577,-0.000939921137893754,-0.00230988388292508,0.000404214092337347,0.0325158942801214,-1.99016456972636e-05,-0.00155920779347593,-0.000604815674548196,0.023998747521291
1250.39873101711,-0.000927724340806519,-0.0022908958267941,0.000399735297850119,0.0322876500441919,-1.96734439671109e-05,-0.00154828655687697,-0.000596451303605577,0.0238334290730369
1259.07043179635,-0.000915676660347576,-0.00227209759692702,0.00039529023960291,0.0320610596153204,-1.9447208000741e-05,-0.00153744401558232,-0.000588203348156309,0.0236692494472386
1267.80227210752,-0.000903776512816818,-0.00225348680655969,0.000390879155739483,0.0318361101271042,-1.92229403079042e-05,-0.00152667956475606,-0.000580070170189018,0.0235062008089214
1276.5946690272,-0.000892022324994059,-0.00223506110338125,0.000386502264116897,0.0316127888257166,-1.90006426480015e-05,-0.00151599260475152,-0.000572050155131643,0.0233442753764967
1285.44804252445,-0.000880412534251177,-0.00221681816905178,0.000382159762969774,0.0313910830688302,-1.87803160566204e-05,-0.00150538254106256,-0.000564141711508705,0.0231834654214185
1294.36281548089,-0.000868945588657544,-0.00219875571872466,0.000377851831557738,0.0311709803245485,-1.8561960871381e-05,-0.00149484878427522,-0.000556343270603649,0.0230237632678405
1303.33941371088,-0.000857619947078987,-0.00218087150057387,0.000373578630796392,0.0309524681703462,-1.83455767571091e-05,-0.00148439075001971,-0.000548653286126236,0.0228651612922763
1312.37826598188,-0.000846434079270363,-0.00216316329532597,0.000369340303872143,0.0307355342920173,-1.81311627303471e-05,-0.00147400785892281,-0.000541070233884858,0.0227076519232594
1321.47980403488,-0.000835386465961994,-0.00214562891579721,0.000365136976841251,0.0305201664826318,-1.79187171832206e-05,-0.00146369953656066,-0.000533592611463754,0.0225512276410061
1330.6444626051,-0.000824475598940032,-0.00212826620643528,0.000360968759213373,0.0303063526415007,-1.77082379066705e-05,-0.0014534652134119,-0.000526218937904999,0.0223958809770792
1339.87267944269,-0.000813699981121019,-0.00211107304286615,0.000356835744519994,0.0300940807731499,-1.74997221130667e-05,-0.00144330432481123,-0.000518947753395259,0.0222416045140541
1349.16489533366,-0.000803058126620685,-0.00209404733144577,0.000352738010868006,0.0298833389863014,-1.72931664582148e-05,-0.0014332163109033,-0.000511777618957179,0.0220883908851855
1358.52155412096,-0.000792548560817248,-0.00207718700881669,0.000348675621478794,0.0296741154928647,-1.70885670627704e-05,-0.0014232006165971,-0.000504707116145401,0.0219362327740768
1367.94310272563,-0.000782169820409264,-0.00206049004146968,0.00034464862521311,0.0294663986069352,-1.68859195330732e-05,-0.00141325669152057,-0.000497734846747062,0.0217851229143498
1377.42999116818,-0.00077192045346828,-0.00204395442531022,0.000340657057082058,0.0292601767438024,-1.66852189814124e-05,-0.00140338398997577,-0.000490859432486803,0.0216350540893179
1386.98267259009,-0.000761799019486325,-0.00202757818522999,0.000336700938744484,0.0290554384189655,-1.64864600457382e-05,-0.00139358197089431,-0.000484079514736126,0.0214860191316591
1396.60160327544,-0.000751804089418501,-0.00201135937468332,0.000332780278991073,0.028852172247159,-1.62896369088295e-05,-0.00138385009779326,-0.000477393754227121,0.0213380109230918
1406.2872426727,-0.000741934245720702,-0.0019952960752685,0.000328895074215431,0.0286503669413857,-1.60947433169311e-05,-0.0013741878387314,-0.000470800830770418,0.0211910223940517
1416.04005341668,-0.000732188082382703,-0.00197938639631414,0.000325045308872465,0.028450011311959,-1.5901772597872e-05,-0.00136459466626583,-0.000464299442977372,0.0210450465233709
1425.86050135065,-0.000722564204956652,-0.00196362847447037,0.000321230955924301,0.0282510942655537,-1.57107176786758e-05,-0.00135507005740909,-0.000457888307986362,0.0209000763379583
1435.74905554856,-0.000713061230581222,-0.00194802047330499,0.000317451977274076,0.0280536048042657,-1.55215711026757e-05,-0.00134561349358652,-0.000451566161193188,0.0207561049124816
1445.70618833745,-0.000703677788001408,-0.00193256058290455,0.000313708324187811,0.0278575320246792,-1.53343250461444e-05,-0.00133622446059413,-0.00044533175598546,0.0206131253690513
1455.73237532004,-0.000694412517584256,-0.0019172470194803,0.000309999937704693,0.0276628651169448,-1.51489713344512e-05,-0.00132690244855676,-0.000439183863480968,0.0204711308769066
1465.8280953974,-0.000685264071330503,-0.00190207802497899,0.000306326749035982,0.0274695933638633,-1.49655014577554e-05,-0.00131764695188673,-0.000433121272269919,0.0203301146521017
1475.99383079187,-0.000676231112882373,-0.0018870518666986,0.000302688679952835,0.027277706139981,-1.47839065862488e-05,-0.0013084574692428,-0.000427142788161048,0.0201900699571962
1486.23006707006,-0.00066731231752756,-0.00187216683690885,0.000299085643163281,0.0270871929106912,-1.46041775849552e-05,-0.00129933350348952,-0.000421247233931468,0.0200509901009443
1496.53729316606,-0.000658506372199589,-0.00185742125247657,0.000295517542678612,0.0268980432313461,-1.44263050281011e-05,-0.00129027456165702,-0.000415433449080283,0.0199128684379885
1506.9160014048,-0.000649811975474608,-0.00184281345449582,0.000291984274169419,0.0267102467463757,-1.42502792130624e-05,-0.00128128015490113,-0.000409700289585835,0.0197756983685527
1517.36668752555,-0.000641227837564792,-0.00182834180792285,0.000288485725311532,0.0265237931884168,-1.40760901739031e-05,-0.0012723497984639,-0.000404046627666593,0.0196394733381389
1527.88985070559,-0.000632752680308394,-0.00181400470121573,0.000285021776122077,0.026338672377449,-1.39037276945097e-05,-0.00126348301163451,-0.000398471351545571,0.0195041868372237
1538.4859935841,-0.000624385237156649,-0.00179980054597877,0.000281592299285916,0.0261548742199404,-1.37331813213363e-05,-0.00125467931771056,-0.00039297336521828,0.0193698324009588
1549.15562228612,-0.000616124253157528,-0.00178572777661162,0.000278197160472657,0.0259723887080005,-1.35644403757658e-05,-0.0012459382439597,-0.000387551588224103,0.019236403608871
1559.89924644673,-0.000607968484936557,-0.00177178484996297,0.000274836218644493,0.0257912059185431,-1.33974939660987e-05,-0.00123725932158171,-0.000382204955421096,0.0191038940845652
1570.71737923542,-0.000599916700674711,-0.001757970244989,0.000271509326355068,0.0256113160124559,-1.32323309991774e-05,-0.00122864208567087,-0.000376932416764114,0.0189722974954292
1581.61053738059,-0.000591967680083561,-0.0017442824624163,0.000268216330039591,0.0254327092337797,-1.30689401916557e-05,-0.00122008607517876,-0.000371732937086254,0.0188416075523392
1592.57924119422,-0.000584120214377701,-0.00173072002440949,0.000264957070296412,0.0252553759088946,-1.29073100809212e-05,-0.00121159083287743,-0.000366605495883529,0.018711818009368
1603.62401459674,-0.000576373106244627,-0.00171728147424328,0.000261731382160265,0.0250793064457164,-1.27474290356804e-05,-0.00120315590532287,-0.000361549087102759,0.0185829226634947
1614.74538514202,-0.000568725169812086,-0.00170396537597907,0.000258539095367371,0.0249044913328988,-1.25892852662134e-05,-0.00119478084281897,-0.000356562718932592,0.0184549153543157
1625.94388404263,-0.000561175230613053,-0.00169077031414604,0.000255380034612619,0.0247309211390458,-1.2432866834308e-05,-0.00118646519938172,-0.000351645413597649,0.0183277899637579
1637.22004619516,-0.000553722125548379,-0.00167769489342662,0.000252254019799005,0.0245585865119306,-1.22781616628794e-05,-0.00117820853270384,-0.000346796207155702,0.0182015404157931
1648.57441020578,-0.000546364702847236,-0.0016647377383464,0.00024916086627952,0.0243874781777243,-1.21251575452852e-05,-0.00117001040411976,-0.000342014149297885,0.018076160676155
1660.00751841599,-0.0005391018220254,-0.0016518974929684,0.000246100385091681,0.0242175869402304,-1.1973842154342e-05,-0.00116187037857094,-0.00033729830315185,0.0179516447520565
1671.51991692849,-0.000531932353841512,-0.00163917282059161,0.00024307238318489,0.0240489036801294,-1.1824203051052e-05,-0.00115378802457156,-0.000332647745087854,0.0178279866919104
1683.11215563331,-0.000524855180251341,-0.00162656240345386,0.000240076663640781,0.0238814193542299,-1.16762276930464e-05,-0.00114576291417457,-0.00032806156452771,0.0177051805850502
1694.78478823403,-0.000517869194360185,-0.00161406494243894,0.00023711302588676,0.0237151249947281,-1.15299034427534e-05,-0.00113779462293806,-0.000323538863756586,0.0175832205614538
1706.53837227424,-0.000510973300373432,-0.00160167915678786,0.000234181265902886,0.0235500117084746,-1.13852175752972e-05,-0.001129882729892,-0.000319078757737568,0.0174621007914681
1718.37346916419,-0.000504166413545411,-0.00158940378381434,0.000231281176422273,0.0233860706762501,-1.12421572861359e-05,-0.00112202681750535,-0.000314680373928994,0.0173418154855356
1730.2906442076,-0.000497447460126562,-0.00157723757862442,0.000228412547125173,0.0232232931520471,-1.11007096984439e-05,-0.00111422647165343,-0.000310342852104474,0.0172223588939229
1742.29046662864,-0.000490815377309039,-0.00156517931384009,0.000225575164826909,0.0230616704623604,-1.09608618702465e-05,-0.00110648128158572,-0.000306065344175586,0.0171037253064507
1754.37350959913,-0.000484269113170769,-0.00155322777932701,0.000222768813659801,0.022901194005485,-1.08226008013126e-05,-0.00109879083989394,-0.00030184701401718,0.016985909052225
1766.54035026596,-0.000477807626618082,-0.00154138178192625,0.000219993275249259,0.022741855250821,-1.06859134398119e-05,-0.0010911547424805,-0.000297687037295282,0.0168689044993707
1778.79156977856,-0.000471429887326961,-0.00152964014518993,0.000217248328884179,0.0225836457381863,-1.05507866887431e-05,-0.00108357258852725,-0.000293584601297531,0.0167527060547666
1791.12775331676,-0.000465134875682954,-0.00151800170912081,0.000214533751681791,0.0224265570771368,-1.04172074121391e-05,-0.00107604398046457,-0.000289538904766123,0.016637308163782
1803.54949011869,-0.00045892158271986,-0.00150646532991577,0.00021184931874712,0.0222705809462933,-1.02851624410548e-05,-0.0010685685239408,-0.000285549157733225,0.0165227053100147
1816.05737350894,-0.000452789010057203,-0.00149502987971305,0.000209194803327172,0.0221157090926766,-1.01546385793436e-05,-0.00106114582779197,-0.000281614581358813,0.0164088920150313
1828.65200092687,-0.000446736169836594,-0.0014836942463434,0.000206569976960021,0.0219619333310486,-1.00256226092287e-05,-0.00105377550401188,-0.000277734407770912,0.0162958628381087
1841.33397395519,-0.000440762084657,-0.00147245733308483,0.000203974609618893,0.0218092455432615,-9.89810129667383e-06,-0.00104645716772244,-0.000273907879908182,0.016183612375977
1854.10389834867,-0.000434865787509029,-0.00146131805842121,0.000201408469851412,0.0216576376776138,-9.77206139655966e-06,-0.00103919043714439,-0.000270134251364837,0.0160721352625647
1866.9623840631,-0.000429046321708215,-0.00145027535580437,0.000198871324914111,0.0215071017482127,-9.64748965767055e-06,-0.00103197493356831,-0.000266412786237832,0.015961426168745
1879.91004528435,-0.000423302740827449,-0.00143932817342001,0.000196362940902366,0.0213576298343446,-9.52437282749785e-06,-0.0010248102813259,-0.000262742758976323,0.0158514798020838
1892.94750045783,-0.000417634108628504,-0.001428475473957,0.000193883082875833,0.0212092140798508,-9.40269765686322e-06,-0.00101769610776164,-0.000259123454233323,0.0157422909065896
1906.0753723179,-0.00041203949899281,-0.00141771623438034,0.000191431514979556,0.0210618466925119,-9.28245090436877e-06,-0.00101063204320466,-0.000255554166719558,0.0156338542624645
1919.29428791772,-0.000406517995851435,-0.00140704944570752,0.000189008000560828,0.0209155199434373,-9.16361934067718e-06,-0.00100361772094102,-0.000252034201059457,0.0155261646858576
1932.60487865912,-0.000401068693114399,-0.00139647411278845,0.000186612302281937,0.0207702261664625,-9.04618975262795e-06,-0.000996652777186156,-0.000248562871649276,0.0154192170286187
1946.00778032282,-0.000395690694599296,-0.00138598925408859,0.000184244182228907,0.0206259577575519,-8.93014894719305e-06,-0.000989736851057757,-0.000245139502517292,0.0153130061780553
1959.50363309877,-0.000390383113959346,-0.0013755939014757,0.000181903402016343,0.0204827071742098,-8.81548375527799e-06,-0.000982869584548828,-0.000241763427186065,0.0152075270566895
1973.09308161673,-0.000385145074610838,-0.00136528710000967,0.000179589722888489,0.0203404669348955,-8.70218103537105e-06,-0.000976050622501087,-0.000238433988536706,0.0151027746220176
1986.77677497706,-0.000379975709660088,-0.00135506790773578,0.000177302905816596,0.0201992296184472,-8.59022767704652e-06,-0.00096927961257865,-0.000235150538675156,0.0149987438662709
2000.55536678172,-0.000374874161829887,-0.00134493539548116,0.000175042711592721,0.0200589878635105,-8.47961060432491e-06,-0.000962556205241973,-0.000231912438800411,0.0148954298161778
2014.42951516552,-0.000369839583385526,-0.00133488864665439,0.000172808900920034,0.0199197343679744,-8.37031677889522e-06,-0.000955880053722107,-0.000228719059074686,0.0147928275327281
2028.39988282751,-0.000364871136060401,-0.00132492675704829,0.000170601234499742,0.0197814618884123,-8.26233320320231e-06,-0.000949250813995192,-0.000225569778495481,0.0146909321109378
2042.46713706267,-0.000359967990981277,-0.00131504883464588,0.000168419473114739,0.0196441632395303,-8.15564692340428e-06,-0.000942668144757266,-0.000222463984769526,0.0145897386796169
2056.63194979376,-0.000355129328593195,-0.00130525399942926,0.000166263377710037,0.0195078312936204,-8.05024503220268e-06,-0.000936131707399299,-0.000219401074188555,0.0144892424011374
2070.89499760343,-0.000350354338584122,-0.00129554138319167,0.00016413270947012,0.0193724589800212,-7.94611467155015e-06,-0.000929641165982543,-0.000216380451506924,0.0143894384712032
2085.25696176653,-0.000345642219809304,-0.00128591012935245,0.000162027229893257,0.0192380392845831,-7.84324303523839e-06,-0.0009231961872141,-0.000213401529820991,0.0142903221186222
2099.71852828265,-0.000340992180215431,-0.00127635939277496,0.000159946700862906,0.0191045652491399,-7.74161737137046e-06,-0.000916796440422795,-0.000210463730450286,0.0141918886050787
2114.2803879089,-0.000336403436764585,-0.00126688833958738,0.000157890884716258,0.0189720299709867,-7.64122498472063e-06,-0.000910441597535275,-0.000207566482820392,0.0140941332249086
2128.94323619287,-0.000331875215358043,-0.00125749614700648,0.000155859544310031,0.018840426602363,-7.54205323898533e-06,-0.000904131333052386,-0.00020470922434756,0.0139970513048749
2143.7077735059,-0.000327406750759936,-0.00124818200316407,0.000153852443083569,0.0187097483499414,-7.44408955892812e-06,-0.000897865324025792,-0.000201891400324991,0.0139006382039454
2158.57470507649,-0.000322997286520822,-0.00123894510693634,0.000151869345119351,0.0185799884743224,-7.34732143242249e-06,-0.000891643250034853,-0.000199112463810786,0.0138048893130718
2173.54474102402,-0.000318646074901173,-0.00122978466777589,0.000149910015200955,0.0184511402895344,-7.25173641239471e-06,-0.00088546479316374,-0.000196371875517526,0.0137098000549702
2188.61859639264,-0.000314352376794827,-0.00122069990554649,0.00014797421886859,0.0183231971625394,-7.15732211867087e-06,-0.000879329637978815,-0.000193669103703471,0.0136153658839027
2203.79699118545,-0.00031011546165241,-0.00121169005036053,0.000146061722472225,0.018196152512744,-7.06406623972998e-06,-0.000873237471506225,-0.000191003624065325,0.0135215822854613
2219.08065039887,-0.000305934607404776,-0.00120275434241904,0.000144172293222426,0.0180699998115159,-6.97195653436691e-06,-0.000867187983209773,-0.000188374919632585,0.0134284447763521
2234.47030405729,-0.000301809100386469,-0.00119389203185436,0.000142305699238938,0.0179447325817055,-6.88098083326723e-06,-0.000861180864968985,-0.000185782480663411,0.0133359489041821
2249.9666872479,-0.000297738235259245,-0.00118510237857534,0.000140461709597108,0.017820344397173,-6.79112704049742e-06,-0.00085521581105745,-0.00018322580454202,0.0132440902472467
2265.57054015586,-0.00029372131493567,-0.00117638465211504,0.000138640094372182,0.0176968288823208,-6.70238313491241e-06,-0.000849292518121362,-0.000180704395677567,0.0131528644143185
2281.28260809959,-0.000289757650502815,-0.00116773813148095,0.000136840624681575,0.0175741797116304,-6.61473717148365e-06,-0.000843410685158314,-0.0001782177654045,0.0130622670444385
2297.10364156645,-0.000285846561146075,-0.00115916210500762,0.000135063072725145,0.0174523906092051,-6.52817728254978e-06,-0.0008375700134963,-0.000175765431884357,0.0129722938067073
2313.0343962485,-0.000281987374073135,-0.00115065587021172,0.000133307211823556,0.0173314553483176,-6.44269167899275e-06,-0.000831770206772957,-0.000173346920008996,0.0128829404000789
2329.07563307866,-0.000278179424438078,-0.00114221873364944,0.000131572816454768,0.0172113677509618,-6.35826865134135e-06,-0.000826010970915016,-0.00017096176130522,0.0127942025531551
2345.22811826701,-0.000274422055265701,-0.00113385001077627,0.000129859662288733,0.0170921216874108,-6.27489657080512e-06,-0.000820292014117983,-0.000168609493840798,0.012706076023982
2361.49262333744,-0.000270714617375999,-0.00112554902580905,0.000128167526220334,0.0169737110757782,-6.19256389024007e-06,-0.000814613046826022,-0.000166289662131832,0.0126185565998471
2377.86992516445,-0.000267056469308895,-0.00111731511159025,0.000126496186400634,0.016856129881586,-6.11125914504938e-06,-0.000808973781712073,-0.000164001817051485,0.012531640097078
2394.36080601029,-0.000263446977249173,-0.00110914760945461,0.00012484542226648,0.0167393721173352,-6.03097095402031e-06,-0.000803373933658155,-0.000161745515740012,0.0124453223608432
2410.96605356231,-0.000259885514951686,-0.0011010458690978,0.000123215014568521,0.0166234318420829,-5.95168802010023e-06,-0.000797813219735908,-0.000159520321516112,0.012359599264953
2427.6864609706,-0.000256371463666809,-0.00109300924844737,0.000121604745397686,0.0165083031610229,-5.87339913111318e-06,-0.000792291359187308,-0.000157325803789546,0.0122744667116628
2444.52282688584,-0.000252904212066183,-0.00108503711353583,0.000120014398210174,0.016393980225071,-5.79609316041939e-06,-0.000786808073405621,-0.000155161537975032,0.0121899206314769
2461.4759554975,-0.000249483156168745,-0.00107712883837571,0.000118443757850995,0.0162804572304554,-5.71975906751942e-06,-0.000781363085916528,-0.000153027105407374,0.0121059569829545
2478.54665657221,-0.000246107699267068,-0.00106928380483685,0.000116892610576125,0.0161677284183107,-5.64438589860488e-06,-0.000775956122359467,-0.000150922093257824,0.0120225717525162
2495.73574549243,-0.000242777251854028,-0.00106150140252558,0.000115360744073302,0.0160557880742771,-5.5699627870578e-06,-0.000770586910469173,-0.000148846094451653,0.0119397609542523
2513.04404329547,-0.000239491231549784,-0.00105378102866595,0.000113847947481523,0.0159446305281034,-5.49647895389982e-06,-0.000765255180057397,-0.000146798707586905,0.0118575206297322
2530.47237671259,-0.000236249063029129,-0.00104612208798301,0.000112354011409271,0.0158342501532544,-5.42392370819377e-06,-0.000759960662994838,-0.000144779536854328,0.0117758468478152
2548.02157820863,-0.000233050177949169,-0.00103852399258788,0.000110878727951523,0.0157246413665227,-5.3522864473985e-06,-0.000754703093193242,-0.00014278819195846,0.0116947357044626
2565.69248602162,-0.000229894014877399,-0.00103098616186482,0.000109421890705582,0.0156157986276448,-5.28155665767931e-06,-0.000749482206587717,-0.000140824288039849,0.0116141833225508
2583.48594420295,-0.000226780019220122,-0.00102350802236019,0.000107983294785757,0.0155077164389205,-5.21172391417486e-06,-0.000744297741119197,-0.000138887445598397,0.0115341858516861
2601.4028026576,-0.000223707643151287,-0.00101608900767321,0.000106562736836946,0.0154003893448378,-5.14277788122296e-06,-0.000739149436717133,-0.000136977290417807,0.0114547394680204
2619.4439171848,-0.000220676345541702,-0.00100872855834851,0.000105160015047155,0.0152938119317005,-5.0747083125458e-06,-0.000734037035282319,-0.000135093453491115,0.0113758403740683
2637.61014951883,-0.000217685591888662,-0.00100142612177061,0.000103774929158983,0.0151879788272606,-5.00750505139693e-06,-0.00072896028066994,-0.000133235570947298,0.0112974847985257
2655.90236737027,-0.000214734854245984,-0.000994181152059971,0.00010240728048011,0.0150828847003543,-4.94115803067077e-06,-0.000723918918672757,-0.000131403283978931,0.011219668996089
2674.32144446737,-0.000211823611154473,-0.000986993109970916,0.000101056871892837,0.0149785242605419,-4.87565727297656e-06,-0.000718912697004505,-0.000129596238770893,0.0111423892472761
2692.86826059784,-0.000208951347572807,-0.000979861462791197,9.9723507862688e-05,0.0148748922577516,-4.81099289067751e-06,-0.000713941365283427,-0.000127814086430086,0.0110656418582486
2711.54370165082,-0.000206117554808867,-0.000972785684243256,9.84069944461186e-05,0.0147719834819275,-4.74715508589712e-06,-0.00070900467501601,-0.000126056482916174,0.0109894231606347
2730.34865965925,-0.0002033217304515,-0.000965765254387114,9.71071392973686e-05,0.0146697927626803,-4.68413415049329e-06,-0.000704102379580861,-0.000124323088973304,0.0109137295113539
2749.28403284242,-0.000200563378302749,-0.000958799659524913,9.58237516744793e-05,0.0145683149689428,-4.62192046600199e-06,-0.00069923423421278,-0.000122613570062826,0.0108385572924426
2768.35072564895,-0.000197842008310511,-0.000951888392107015,9.45566424445054e-05,0.0144675450086284,-4.56050450355125e-06,-0.000694399995986963,-0.00012092759629695,0.0107639029108808
2787.54964879989,-0.000195157136501691,-0.000945030950639712,9.33056240879603e-05,0.0143674778282936,-4.49987682374699e-06,-0.000689599423803402,-0.000119264842373385,0.0106897627984205
2806.88171933232,-0.000192508284915784,-0.000938226839594437,9.20705107025096e-05,0.0142681084128037,-4.44002807653149e-06,-0.000684832278371411,-0.000117624987510887,0.0106161334114145
2826.34786064308,-0.000189894981538965,-0.000931475569318532,9.08511180059535e-05,0.0141694317850023,-4.38094900101596e-06,-0.000680098322194346,-0.000116007715385749,0.0105430112306469
2845.94900253294,-0.000187316760238626,-0.000924776655947472,8.96472633385114e-05,0.0140714430053842,-4.32263042528779e-06,-0.000675397319554445,-0.00011441271406919,0.0104703927611649
2865.68608125093,-0.000184773160698411,-0.000918129621318594,8.84587656644478e-05,0.0139741371717717,-4.26506326619409e-06,-0.000670729036497857,-0.000112839675965647,0.0103982745321112
2885.56003953913,-0.000182263728353723,-0.000911533992886231,8.72854455730514e-05,0.0138775094189941,-4.20823852910191e-06,-0.000666093240819793,-0.000111288297751939,0.0103266530965578
2905.57182667768,-0.000179788014327731,-0.000904989303638305,8.6127125279005e-05,0.013781554918571,-4.15214730763673e-06,-0.000661489702049857,-0.000109758280317317,0.0102555250313412
2925.72239853012,-0.000177345575367854,-0.000898495092014276,8.49836286221556e-05,0.0136862688783988,-4.09678078339944e-06,-0.000656918191437496,-0.000108249328704349,0.0101848869368983
2946.01271758903,-0.00017493597378275,-0.000892050901824502,8.3854781066723e-05,0.0135916465424399,-4.04213022566366e-06,-0.000652378481937627,-0.000106761152050676,0.0101147354371039
2966.44375302203,-0.000172558777379797,-0.000885656282170915,8.27404096999535e-05,0.0134976831904158,-3.98818699105312e-06,-0.000647870348196381,-0.000105293463531572,0.0100450671791088
2987.01648071805,-0.000170213559403075,-0.000879310787369051,8.16403432302552e-05,0.0134043741375033,-3.93494252320122e-06,-0.000643393566537019,-0.000103845980303346,0.00997587883317931
3007.73188333398,-0.000167899898471843,-0.000873013976871362,8.05544119848219e-05,0.0133117147340333,-3.8823883523924e-06,-0.000638947914945963,-0.000102418423447539,0.00990716709253787
3028.59095034155,-0.000165617378519532,-0.000866765415191835,7.94824479067793e-05,0.0132197003651935,-3.83051609518717e-06,-0.00063453317305899,-0.000101010517915919,0.00983892867320472
3049.59467807464,-0.000163365588733229,-0.000860564671831841,7.84242845518606e-05,0.0131283264507335,-3.7793174540307e-06,-0.000630149122147543,-9.96219924762634e-05,0.00977116031384053
3070.74406977686,-0.000161144123493681,-0.000854411321207259,7.73797570846424e-05,0.0130375884446734,-3.72878421684653e-06,-0.000625795545105205,-9.82525796589139e-05,0.00970385877559037
3092.04013564946,-0.000158952582315794,-0.000848304942576782,7.63487022743486e-05,0.0129474818350149,-3.67890825661534e-06,-0.000621472226434275,-9.69020157040851e-05,0.00963702084192847
3113.48389289956,-0.000156790569789652,-0.000842245119971463,7.533095849025e-05,0.012858002143456,-3.62968153094024e-06,-0.000617178952232515,-9.55700405099339e-05,0.00957064331850432
3135.07636578881,-0.000154657695522036,-0.000836231442125389,7.43263656966687e-05,0.0127691449251079,-3.58109608159866e-06,-0.000612915510179993,-9.42563975813593e-05,0.00950472303298955
3156.8185856822,-0.000152553574078466,-0.000830263502407564,7.33347654476124e-05,0.0126809057682157,-3.53314403408193e-06,-0.000608681689526088,-9.29608339795369e-05,0.00943925683492615
3178.71159109747,-0.00015047782492574,-0.000824340898754884,7.23560008810461e-05,0.0125932802938807,-3.4858175971229e-06,-0.000604477281076594,-9.16831002721656e-05,0.00937424159557545
3200.75642775457,-0.000148430072374995,-0.000818463233606268,7.13899167128264e-05,0.0125062641557868,-3.43910906221254e-06,-0.000600302077180979,-9.04229504844267e-05,0.0093096742077684
3222.9541486257,-0.000146409945525268,-0.000812630113837858,7.04363592303048e-05,0.0124198530399288,-3.39301080310568e-06,-0.000596155871719747,-8.91801420506348e-05,0.00924555158575666
3245.30581398558,-0.000144417078207588,-0.000806841150699325,6.94951762856239e-05,0.0123340426643438,-3.34751527531702e-06,-0.000592038460091942,-8.79544357665804e-05,0.00918187066506491
3267.81249146208,-0.000142451108929551,-0.000801095959751214,6.85662172887128e-05,0.0122488287788452,-3.30261501560746e-06,-0.000587949639202759,-8.67455957425442e-05,0.00911862840234399
3290.47525608724,-0.000140511680820433,-0.000795394160803357,6.76493332000017e-05,0.0121642071647596,-3.25830264146173e-06,-0.000583889207451292,-8.55533893569834e-05,0.00905582177522522
3313.29519034861,-0.00013859844157679,-0.000789735377854282,6.67443765228654e-05,0.0120801736346659,-3.21457085055745e-06,-0.000579856964718382,-8.43775872108696e-05,0.00899344778217556
3336.27338424092,-0.000136711043408589,-0.000784119239031665,6.58512012958133e-05,0.0119967240321375,-3.17141242022659e-06,-0.00057585271235461,-8.32179630826802e-05,0.00893150344235397
3359.41093531822,-0.000134849142985822,-0.000778545376533736,6.49696630844317e-05,0.0119138542314867,-3.12882020690928e-06,-0.000571876253168374,-8.20742938840215e-05,0.00886998579546851
3382.70894874623,-0.000133012401385655,-0.000773013426571696,6.40996189730996e-05,0.0118315601375119,-3.08678714560105e-06,-0.000567927391414117,-8.09463596158875e-05,0.0088088919016347
3406.16853735517,-0.000131200484040056,-0.000767523029313052,6.3240927556481e-05,0.0117498376852471,-3.04530624929342e-06,-0.000564005932780636,-7.98339433255315e-05,0.00874821884123455
3429.7908216929,-0.000129413060683953,-0.000762073828825932,6.2393448930814e-05,0.0116686828397144,-3.00437060840865e-06,-0.00056011168437953,-7.87368310639554e-05,0.00868796371477691
3453.57693007845,-0.000127649805303873,-0.000756665473024288,6.15570446849991e-05,0.0115880915956778,-2.96397339022894e-06,-0.000556244454733741,-7.7654811843994e-05,0.00862812364275842
3477.5279986559,-0.000125910396087098,-0.000751297613614031,6.0731577891505e-05,0.0115080599774008,-2.92410783832047e-06,-0.000552404053766215,-7.65876775989977e-05,0.00856869576552572
3501.64517144866,-0.000124194515371317,-0.000745969906040053,5.99169130970989e-05,0.0114285840384058,-2.88476727195289e-06,-0.000548590292788674,-7.55352231420983e-05,0.00850967724313849
3525.92960041413,-0.000122501849594772,-0.000740682009434112,5.91129163134108e-05,0.0113496598612353,-2.84594508551424e-06,-0.000544802984490479,-7.44972461260479e-05,0.00845106525523329
3550.38244549867,-0.000120832089246908,-0.000735433586563605,5.83194550073433e-05,0.0112712835572165,-2.80763474792218e-06,-0.000541041942927625,-7.34735470036311e-05,0.0083928570008887
3575.00487469309,-0.000119184928819511,-0.000730224303781155,5.75363980913365e-05,0.0111934512662276,-2.76982980203147e-06,-0.000537306983511813,-7.24639289886307e-05,0.00833504969849094
3599.79806408833,-0.000117560066758343,-0.000725053830975063,5.67636159134955e-05,0.0111161591564661,-2.73252386403839e-06,-0.000533597922999651,-7.14681980173504e-05,0.00827764058560087
3624.76319793175,-0.000115957205415264,-0.000719921841520546,5.60009802475907e-05,0.0110394034242201,-2.69571062288207e-06,-0.000529914579481939,-7.04861627106755e-05,0.00822062691882147
3649.9014686836,-0.000114376051000847,-0.000714828012231806,5.52483642829396e-05,0.0109631802936414,-2.65938383964348e-06,-0.000526256772373066,-6.95176343366747e-05,0.00816400597366668
3675.21407707406,-0.000112816313537474,-0.000709772023314864,5.45056426141769e-05,0.0108874860165207,-2.62353734694198e-06,-0.000522624322400497,-6.85624267737246e-05,0.00810777504443066
3700.7022321605,-0.000111277706812916,-0.000704753558321191,5.37726912309233e-05,0.0108123168720652,-2.5881650483301e-06,-0.000519017051594375,-6.76203564741588e-05,0.00805193144405848
3726.36715138533,-0.000109759948334398,-0.000699772304102077,5.30493875073576e-05,0.0107376691666781,-2.55326091768653e-06,-0.000515434783277201,-6.6691242428426e-05,0.00799647250401716
3752.21006063407,-0.00010826275928314,-0.000694827950763773,5.23356101917037e-05,0.0106635392337407,-2.51881899860787e-06,-0.000511877342053629,-6.57749061297571e-05,0.00794139557416813
3778.23219429398,-0.00010678586446937,-0.000689920191623348,5.16312393956341e-05,0.010589923433396,-2.48483340379914e-06,-0.000508344553800339,-6.48711715393263e-05,0.00788669802264007
3804.43479531291,-0.000105328992287822,-0.000685048723165282,5.09361565836036e-05,0.0105168181523347,-2.45129831446364e-06,-0.000504836245656023,-6.39798650519077e-05,0.00783237723570307
3830.81911525882,-0.000103891874673685,-0.000680213244998759,5.02502445621132e-05,0.0104442198035832,-2.418207979692e-06,-0.000501352246011446,-6.31008154620106e-05,0.00777843061764333
3857.3864143794,-0.000102474247059041,-0.000675413459815664,4.95733874689165e-05,0.0103721248262937,-2.38555671585115e-06,-0.000497892384499615,-6.2233853930497e-05,0.00772485559063891
3884.13796166242,-0.000101075848329753,-0.00067064907334926,4.89054707621697e-05,0.0103005296855361,-2.35333890597292e-06,-0.000494456491986023,-6.1378813951664e-05,0.00767164959463623
3911.07503489621,-9.96964207828223e-05,-0.000665919794333545,4.82463812095362e-05,0.0102294308720918,-2.32154899914298e-06,-0.000491044400559004,-6.05355313207939e-05,0.00761881008722757
3938.19892073078,-9.83357100842003e-05,-0.000661225334463261,4.75960068772461e-05,0.0101588249022501,-2.29018150988989e-06,-0.000487655943520151,-5.9703844102157e-05,0.00756633454352919
3965.51091473924,-9.69934652270604e-05,-0.00065656540835456,4.69542371191235e-05,0.0100887083176055,-2.25923101757495e-06,-0.000484290955374848,-5.88835925974681e-05,0.00751422045606056
3993.0123214797,-9.56694384905183e-05,-0.000651939733506302,4.63209625655771e-05,0.0100190776848578,-2.2286921657825e-06,-0.000480949271822867,-5.80746193147829e-05,0.00746246533462415
4020.70445455755,-9.43633853988077e-05,-0.00064734803026199,4.56960751125702e-05,0.00994992959561364,-2.19855966171137e-06,-0.000477630729749072,-5.72767689378351e-05,0.00741106670618629
4048.58863668828,-9.3075064680897e-05,-0.000642790021772303,4.50794679105656e-05,0.00988126066618993,-2.16882827556726e-06,-0.000474335167214182,-5.64898882958015e-05,0.00736002211475868
4076.66619976054,-9.18042382305546e-05,-0.000638265433958259,4.44710353534575e-05,0.00981306753741929,-2.13949283995659e-06,-0.000471062423445648,-5.57138263334941e-05,0.00730932912128086
4104.93848489989,-9.05506710668503e-05,-0.000633773995474945,4.38706730674896e-05,0.00974534687445701,-2.11054824928158e-06,-0.000467812338828586,-5.4948434081969e-05,0.00725898530350332
4133.40684253274,-8.93141312950981e-05,-0.000629315437675856,4.32782779001674e-05,0.00967809536659019,-2.08198945913714e-06,-0.000464584754896813,-5.419356462955e-05,0.00720898825587162
4162.07263245095,-8.80943900682283e-05,-0.000624889494577788,4.26937479091665e-05,0.00961130972704823,-2.05381148570936e-06,-0.000461379514323946,-5.34490730932563e-05,0.0071593355894111
4190.93722387671,-8.68912215485959e-05,-0.000620495902826309,4.21169823512447e-05,0.00954498669281549,-2.02600940517605e-06,-0.000458196460914601,-5.27148165906349e-05,0.00711002493161262
4220.00199552799,-8.57044028702098e-05,-0.000616134401661772,4.15478816711552e-05,0.00947912302444531,-1.99857835310918e-06,-0.000455035439595651,-5.19906542119836e-05,0.00706105392631884
4249.26833568435,-8.45337141013928e-05,-0.000611804732885882,4.09863474905736e-05,0.00941371550587601,-1.97151352387966e-06,-0.000451896296407578,-5.12764469929682e-05,0.00701242023361149
4278.73764225332,-8.33789382078562e-05,-0.000607506640828789,4.04322825970334e-05,0.0093487609442484,-1.94481017006428e-06,-0.000448778878495895,-5.05720578876198e-05,0.00696412152969927
4308.41132283705,-8.22398610161974e-05,-0.000603239872316716,3.98855909328809e-05,0.00928425616972512,-1.91846360185525e-06,-0.000445683034102649,-4.98773517417138e-05,0.0069161555068067
4338.2907947997,-8.11162711778058e-05,-0.000599004176640088,3.93461775842471e-05,0.00922019803531147,-1.89246918647209e-06,-0.000442608612557989,-4.91921952665192e-05,0.00686851987306347
4368.37748533501,-8.00079601331856e-05,-0.000594799305522183,3.88139487700444e-05,0.00915658341667806,-1.8668223475764e-06,-0.000439555464271832,-4.85164570129184e-05,0.0068212123523949
4398.67283153455,-7.89147220766787e-05,-0.000590625013088268,3.82888118309871e-05,0.00909340921198481,-1.84151856468919e-06,-0.000436523440725573,-4.78500073458869e-05,0.00677423068441277
4429.17828045629,-7.78363539215991e-05,-0.000586481055835239,3.77706752186433e-05,0.00903067234170691,-1.81655337261128e-06,-0.000433512394463896,-4.71927184193332e-05,0.00672757262430732
4459.89528919383,-7.67726552657602e-05,-0.000582367192601718,3.72594484845148e-05,0.00896836974846195,-1.79192236084648e-06,-0.000430522179086636,-4.65444641512879e-05,0.00668123594273956
4490.82532494586,-7.57234283574053e-05,-0.000578283184538651,3.67550422691553e-05,0.00890649839683899,-1.76762117302798e-06,-0.000427552649240732,-4.59051201994432e-05,0.00663521842573475
4521.96986508636,-7.46884780615267e-05,-0.000574228795080341,3.62573682913216e-05,0.00884505527322884,-1.74364550634774e-06,-0.000424603660612229,-4.52745639370318e-05,0.00658951787457625
4553.33039723509,-7.36676118265796e-05,-0.000570203789915963,3.57663393371677e-05,0.00878403738565619,-1.71999111098928e-06,-0.000421675069918377,-4.46526744290461e-05,0.00654413210570039
4584.90841932869,-7.2660639651577e-05,-0.0005662079369615,3.52818692494775e-05,0.00872344176361288,-1.69665378956355e-06,-0.000418766734899768,-4.40393324087873e-05,0.00649905895059182
4616.7054396922,-7.16673740535743e-05,-0.000562241006332144,3.48038729169437e-05,0.00866326545789307,-1.67362939654843e-06,-0.000415878514312575,-4.3434420254745e-05,0.00645429625567983
4648.72297711114,-7.06876300355266e-05,-0.000558302770315107,3.43322662634908e-05,0.00860350554042948,-1.65091383773138e-06,-0.000413010267920829,-4.28378219677976e-05,0.00640984188223515
4680.96256090399,-6.97212250545296e-05,-0.000554393003342873,3.38669662376491e-05,0.00854415910413144,-1.62850306965594e-06,-0.000410161856488783,-4.22494231487339e-05,0.00636569370626766
4713.42573099534,-6.87679789904264e-05,-0.000550511481966852,3.34078908019747e-05,0.00848522326272407,-1.60639309907147e-06,-0.000407333141773334,-4.16691109760864e-05,0.00632184961842465
4746.11403798933,-6.78277141147894e-05,-0.000546657984831463,3.29549589225255e-05,0.00842669515058921,-1.58457998238677e-06,-0.000404523986516512,-4.10967741842766e-05,0.00627830752388994
4779.02904324382,-6.69002550602635e-05,-0.000542832292648591,3.2508090558388e-05,0.00836857192260739,-1.56305982512721e-06,-0.000401734254438036,-4.05323030420631e-05,0.00623506534228348
4812.17231894485,-6.59854287902764e-05,-0.000539034188172472,3.2067206651261e-05,0.0083108507540016,-1.54182878139573e-06,-0.000398963810227932,-3.99755893312938e-05,0.00619212100756193
4845.54544818188,-6.50830645691031e-05,-0.000535263456174938,3.16322291150955e-05,0.00825352884018199,-1.52088305333752e-06,-0.000396212519539212,-3.94265263259513e-05,0.00614947246791965
4879.1500250233,-6.41929939322902e-05,-0.000531519883421058,3.1203080825793e-05,0.00819660339659236,-1.50021889060856e-06,-0.000393480248980624,-3.88850087714934e-05,0.00610711768569055
4912.98765459257,-6.33150506574307e-05,-0.000527803258645158,3.07796856109643e-05,0.00814007165855775,-1.47983258984805e-06,-0.000390766866109458,-3.83509328644816e-05,0.00606505463725056
4947.05995314498,-6.24490707352865e-05,-0.000524113372527189,3.0361968239749e-05,0.00808393088113334,-1.45972049415471e-06,-0.000388072239424413,-3.78241962324919e-05,0.00602328131292075
4981.36854814472,-6.15948923412596e-05,-0.000520450017669483,2.99498544126975e-05,0.0080281783389549,-1.43987899256703e-06,-0.00038539623835853,-3.7304697914309e-05,0.00598179571687122
5015.91507834275,-6.07523558072006e-05,-0.000516812988573841,2.95432707517163e-05,0.0079728113260902,-1.4203045195475e-06,-0.000382738733272177,-3.67923383403935e-05,0.00594059586702546
5050.70119385496,-5.99213035935617e-05,-0.000513202081618989,2.91421447900793e-05,0.00791782715589211,-1.40099355447082e-06,-0.000380099595446107,-3.62870193136244e-05,0.00589967979496564
5085.72855624109,-5.91015802618788e-05,-0.000509617095038359,2.87464049625031e-05,0.00786322316085255,-1.38194262111616e-06,-0.000377478697074557,-3.57886439903076e-05,0.00585904554583825
5120.998838584,-5.82930324475915e-05,-0.000506057828898228,2.83559805952914e-05,0.00780899669245812,-1.36314828716349e-06,-0.000374875911258424,-3.52971168614516e-05,0.00581869117826069
5156.51372556965,-5.74955088331863e-05,-0.000502524085076164,2.79708018965447e-05,0.00775514512104659,-1.34460716369387e-06,-0.000372291111998485,-3.48123437343012e-05,0.00577861476422825
5192.27491356752,-5.67088601216701e-05,-0.000499015667239823,2.75907999464407e-05,0.00770166583566499,-1.32631590469403e-06,-0.00036972417418868,-3.43342317141321e-05,0.00573881438902196
5228.28411071172,-5.5932939010361e-05,-0.000495532380826042,2.72159066875826e-05,0.00764855624392856,-1.30827120656489e-06,-0.00036717497360945,-3.38626891862952e-05,0.00569928815111683
5264.54303698245,-5.51676001650019e-05,-0.000492074033020265,2.68460549154192e-05,0.00759581377188127,-1.29046980763429e-06,-0.000364643386921136,-3.33976257985149e-05,0.00566003416209099
5301.0534242883,-5.44127001941861e-05,-0.000488640432736264,2.64811782687338e-05,0.00754343586385718,-1.27290848767379e-06,-0.000362129291657421,-3.29389524434306e-05,0.00562105054653521
5337.81701654885,-5.36680976240979e-05,-0.000485231390596173,2.61212112202069e-05,0.0074914199823433,-1.25558406741976e-06,-0.000359632566218845,-3.24865812413837e-05,0.00558233544196326
5374.83556977805,-5.29336528735595e-05,-0.000481846718910816,2.57660890670491e-05,0.00743976360784338,-1.23849340809846e-06,-0.000357153089866353,-3.20404255234426e-05,0.00554388699872269
5412.11085216805,-5.22092282293863e-05,-0.000478486231660326,2.54157479217077e-05,0.00738846423874303,-1.22163341095541e-06,-0.000354690742714919,-3.16003998146653e-05,0.00550570337990644
5449.64464417369,-5.14946878220413e-05,-0.000475149744475054,2.50701247026464e-05,0.00733751939117582,-1.20500101678884e-06,-0.000352245405727203,-3.11664198175933e-05,0.00546778276126482
5487.43873859751,-5.07898976015927e-05,-0.000471837074616763,2.47291571251983e-05,0.00728692659889072,-1.18859320548745e-06,-0.000349816960707277,-3.07384023959774e-05,0.00543012333111835
5525.49494067543,-5.00947253139637e-05,-0.000468548040960093,2.43927836924929e-05,0.00723668341312041,-1.17240699557216e-06,-0.000347405290294387,-3.03162655587275e-05,0.00539272329027095
5563.81506816292,-4.94090404774785e-05,-0.000465282463974312,2.40609436864578e-05,0.00718678740245098,-1.15643944374224e-06,-0.000345010277956785,-2.98999284440876e-05,0.00535558085192399
5602.40095142188,-4.8732714359695e-05,-0.000462040165705315,2.37335771588946e-05,0.00713723615269243,-1.14068764442544e-06,-0.000342631807985594,-2.94893113040293e-05,0.00531869424159067
5641.254433508,-4.8065619954528e-05,-0.000458820969757911,2.34106249226307e-05,0.00708802726675055,-1.12514872933245e-06,-0.00034026976548874,-2.9084335488864e-05,0.00528206169701122
5680.37737025889,-4.74076319596511e-05,-0.000455624701278346,2.30920285427444e-05,0.0070391583644996,-1.1098198670154e-06,-0.000337924036384916,-2.86849234320671e-05,0.00524568146806853
5719.77163038263,-4.67586267541844e-05,-0.000452451186937102,2.2777730327868e-05,0.00699062708265634,-1.0946982624306e-06,-0.000335594507397613,-2.8290998635315e-05,0.00520955181670445
5759.43909554709,-4.61184823766546e-05,-0.000449300254911924,2.24676733215644e-05,0.00694243107465479,-1.07978115650545e-06,-0.000333281066049189,-2.79024856537286e-05,0.00517367101683663
5799.38166046975,-4.54870785032339e-05,-0.000446171734871119,2.21618012937803e-05,0.00689456801052237,-1.06506582570946e-06,-0.000330983600654992,-2.75193100813227e-05,0.00513803735427594
5839.60123300829,-4.48642964262466e-05,-0.000443065457957067,2.18600587323749e-05,0.00684703557675673,-1.05054958162942e-06,-0.000328702000317523,-2.71413985366572e-05,0.00510264912664443
5880.09973425162,-4.42500190329473e-05,-0.00043998125677,2.1562390834725e-05,0.00679983147620398,-1.03622977054872e-06,-0.000326436154920662,-2.6768678648688e-05,0.00506750464329399
5920.87909861173,-4.36441307845612e-05,-0.000436918965351987,2.12687434994055e-05,0.00675295342793752,-1.0221037730308e-06,-0.000324185955123919,-2.64010790428135e-05,0.00503260222522533
5961.94127391598,-4.30465176955908e-05,-0.000433878419171174,2.09790633179459e-05,0.00670639916713825,-1.00816900350666e-06,-0.000321951292356758,-2.60385293271162e-05,0.00499794020500779
6003.28822150028,-4.24570673133779e-05,-0.000430859455106223,2.06932975666627e-05,0.00666016644497544,-9.94422909866544e-07,-0.000319732058812941,-2.56809600787943e-05,0.0049635169266995
6044.92191630263,-4.18756686979259e-05,-0.000427861911431001,2.04113941985685e-05,0.00661425302848889,-9.80862973055618e-07,-0.000317528147444936,-2.53283028307823e-05,0.00492933074576818
6086.84434695757,-4.13022124019732e-05,-0.00042488562779946,2.01333018353554e-05,0.00656865670047176,-9.67486706673779e-07,-0.000315339451958363,-2.49804900585563e-05,0.00489538002901247
6129.05751589107,-4.07365904513196e-05,-0.000421930445230755,1.98589697594551e-05,0.00652337525935466,-9.54291656579503e-07,-0.000313165866806485,-2.46374551671242e-05,0.00486166315448386
6171.56343941625,-4.01786963253987e-05,-0.000418996206094549,1.95883479061748e-05,0.00647840651909038,-9.4127540049769e-07,-0.000311007287184744,-2.42991324781946e-05,0.00482817851140901
6214.36414782964,-3.96284249380976e-05,-0.000416082754096552,1.93213868559077e-05,0.00643374830903984,-9.28435547631582e-07,-0.000308863609025346,-2.39654572175251e-05,0.0047949245001128
6257.46168550822,-3.90856726188169e-05,-0.000413189934264237,1.90580378264193e-05,0.00638939847385878,-9.1576973827861e-07,-0.000306734728991874,-2.36363655024447e-05,0.00476189953194171
6300.85811100697,-3.8550337093773e-05,-0.000410317592932777,1.87982526652089e-05,0.00634535487338548,-9.03275643450304e-07,-0.000304620544473966,-2.33117943295514e-05,0.00472910202918795
6344.55549715731,-3.80223174675342e-05,-0.000407465577731159,1.85419838419456e-05,0.00630161538252934,-8.90950964496066e-07,-0.000302520953582018,-2.29916815625777e-05,0.0046965304250139
6388.55593116599,-3.75015142047943e-05,-0.000404633737568517,1.82891844409795e-05,0.0062581778911604,-8.7879343273097e-07,-0.000300435855141938,-2.26759659204273e-05,0.00466418316337722
6432.86151471492,-3.69878291123746e-05,-0.000401821922620625,1.80398081539264e-05,0.00621504030399968,-8.66800809067404e-07,-0.000298365148689937,-2.23645869653747e-05,0.00463205869895639
6477.47436406142,-3.64811653214576e-05,-0.000399029984316603,1.77938092723282e-05,0.00617220054051056,-8.5497088365067e-07,-0.000296308734467367,-2.20574850914312e-05,0.00460015549707685
6522.39661013943,-3.59814272700442e-05,-0.00039625777532579,1.7551142680385e-05,0.00612965653479083,-8.43301475498399e-07,-0.000294266513415595,-2.17546015128701e-05,0.00456847203363754
6567.63039866118,-3.54885206856373e-05,-0.000393505149544806,1.73117638477636e-05,0.0060874062354658,-8.31790432143871e-07,-0.00029223838717092,-2.1455878252912e-05,0.00453700679503806
6613.17789021977,-3.5002352568143e-05,-0.000390771962084788,1.70756288224763e-05,0.00604544760558215,-8.20435629283107e-07,-0.000290224258059531,-2.11612581325663e-05,0.00450575827810624
6659.0412603923,-3.4522831172994e-05,-0.000388058069258801,1.68426942238351e-05,0.00600377862250272,-8.09234970425819e-07,-0.000288224029092501,-2.08706847596283e-05,0.00447472499002629
6705.22269984387,-3.40498659944849e-05,-0.000385363328569422,1.6612917235477e-05,0.005962397277802,-7.9818638655008e-07,-0.000286237603960827,-2.05841025178272e-05,0.00444390544826733
6751.7244144321,-3.35833677493245e-05,-0.000382687598696493,1.63862555984626e-05,0.00592130157716268,-7.87287835760811e-07,-0.000284264887030504,-2.0301456556126e-05,0.0044132981805126
6798.54862531261,-3.31232483603955e-05,-0.000380030739485039,1.61626676044458e-05,0.0058804895402728,-7.76537302951936e-07,-0.000282305783337637,-2.00226927781687e-05,0.00438290172458895
6845.69756904508,-3.26694209407248e-05,-0.000377392611933344,1.59421120889151e-05,0.00583995920072383,-7.6593279947228e-07,-0.000280360198583596,-1.97477578318737e-05,0.00435271462839696
6893.17349769999,-3.22217997776592e-05,-0.000374773078181203,1.57245484245075e-05,0.00579970860590966,-7.55472362795143e-07,-0.000278428039130207,-1.9476599099172e-05,0.00432273544984152
6940.97867896634,-3.17803003172432e-05,-0.000372172001498314,1.55099365143908e-05,0.00575973581692611,-7.45154056191498e-07,-0.000276509211994979,-1.92091646858861e-05,0.0042929627567628
6989.11539625983,-3.13448391487996e-05,-0.000369589246272833,1.52982367857182e-05,0.00572003890847159,-7.34975968406849e-07,-0.00027460362484637,-1.89454034117511e-05,0.00426339512686782
7037.58594883204,-3.09153339897067e-05,-0.000367024678000088,1.50894101831516e-05,0.00568061596874823,-7.24936213341653e-07,-0.000272711185999092,-1.86852648005717e-05,0.0042340311476624
7086.39265188015,-3.0491703670374e-05,-0.000364478163271429,1.4883418162456e-05,0.00564146509936403,-7.15032929735355e-07,-0.000270831804409446,-1.84286990705173e-05,0.00420486941638366
7135.53783665763,-3.00738681194089e-05,-0.000361949569763237,1.46802226841604e-05,0.00560258441523563,-7.05264280853919e-07,-0.000268965389670701,-1.81756571245499e-05,0.00417590853993288
7185.02385058548,-2.96617483489779e-05,-0.000359438766226079,1.44797862072904e-05,0.00556397204449195,-6.95628454180934e-07,-0.000267111852008505,-1.7926090540986e-05,0.00414714713480895
7234.85305736446,-2.92552664403545e-05,-0.00035694562247399,1.42820716831666e-05,0.00552562612837848,-6.86123661112138e-07,-0.000265271102276333,-1.76799515641874e-05,0.00411858382704213
7285.02783708791,-2.88543455296558e-05,-0.000354470009373923,1.4087042549272e-05,0.0054875448211625,-6.76748136653492e-07,-0.000263443051950969,-1.74371930953829e-05,0.00409021725212848
7335.55058635552,-2.84589097937624e-05,-0.000352011798835304,1.3894662723186e-05,0.00544972629003877,-6.67500139122596e-07,-0.000261627613128021,-1.71977686836144e-05,0.00406204605496444
7386.42371838768,-2.8068884436422e-05,-0.000349570863799755,1.37048965965862e-05,0.00541216871503628,-6.58377949853592e-07,-0.00025982469851748,-1.69616325168107e-05,0.00403406888978222
7437.64966314091,-2.76841956745319e-05,-0.000347147078230927,1.35177090293151e-05,0.00537487028892546,-6.49379872905386e-07,-0.000258034221439299,-1.67287394129833e-05,0.0040062844200853
7489.23086742376,-2.73047707246009e-05,-0.000344740317104477,1.3333065343514e-05,0.0053378292171263,-6.40504234773259e-07,-0.000256256095819022,-1.64990448115443e-05,0.00397869131858463
7541.16979501382,-2.69305377893859e-05,-0.00034235045639817,1.31509313178216e-05,0.00530104371761704,-6.31749384103776e-07,-0.000254490236183429,-1.62725047647444e-05,0.00395128826713507
7593.46892677528,-2.6561426044703e-05,-0.00033997737308211,1.29712731816375e-05,0.00526451202084374,-6.23113691413006e-07,-0.000252736557656235,-1.60490759292298e-05,0.0039240739566725
7646.13076077758,-2.61973656264094e-05,-0.000337620945109094,1.27940576094503e-05,0.00522823236963036,-6.14595548807987e-07,-0.0002509949759538,-1.58287155577147e-05,0.00389704708715106
7699.15781241454,-2.58382876175563e-05,-0.000335281051405092,1.26192517152294e-05,0.00519220301908974,-6.0619336971145e-07,-0.000249265407380893,-1.561138149077e-05,0.00387020636748117
7752.55261452471,-2.5484124035707e-05,-0.000332957571859848,1.24468230468807e-05,0.00515642223653506,-5.97905588589729e-07,-0.000247547768826471,-1.53970321487248e-05,0.00384355051546763
7806.31771751215,-2.51348078204223e-05,-0.000330650387317598,1.22767395807642e-05,0.00512088830139221,-5.8973066068387e-07,-0.000245841977759503,-1.51856265236807e-05,0.00381707825774848
7860.45568946846,-2.47902728209083e-05,-0.000328359379567904,1.21089697162751e-05,0.00508559950511265,-5.8166706174387e-07,-0.000244147952224818,-1.49771241716353e-05,0.00379078832973396
7914.96911629522,-2.44504537838259e-05,-0.000326084431336612,1.19434822704862e-05,0.00505055415108704,-5.73713287766062e-07,-0.000242465610838989,-1.47714852047155e-05,0.00376467947554619
7969.86060182773,-2.41152863412589e-05,-0.000323825426276914,1.17802464728513e-05,0.00501575055455951,-5.65867854733564e-07,-0.000240794872786244,-1.45686702835175e-05,0.00373875044795903
8025.13276795918,-2.37847069988406e-05,-0.000321582248960528,1.16192319599706e-05,0.00498118704254265,-5.58129298359825e-07,-0.000239135657814418,-1.43686406095537e-05,0.00371300000833851
8080.78825476607,-2.34586531240346e-05,-0.000319354784868981,1.14604087704151e-05,0.004946861953733,-5.50496173835174e-07,-0.00023748788623092,-1.4171357917802e-05,0.00368742692658358
8136.82972063413,-2.31370629345704e-05,-0.000317142920385011,1.13037473396119e-05,0.0049127736384274,-5.42967055576406e-07,-0.000235851478898746,-1.39767844693604e-05,0.00366202998106732
8193.25984238548,-2.28198754870287e-05,-0.000314946542784068,1.11492184947879e-05,0.00487892045843978,-5.35540536979324e-07,-0.000234226357232515,-1.3784883044201e-05,0.00363680795857851
8250.08131540631,-2.25070306655788e-05,-0.000312765540225919,1.09967934499735e-05,0.00484530078701879,-5.28215230174249e-07,-0.000232612443194532,-1.35956169340256e-05,0.00361175965426368
8307.29685377578,-2.21984691708613e-05,-0.000310599801746361,1.08464438010627e-05,0.00481191300876581,-5.20989765784432e-07,-0.000231009659290889,-1.34089499352191e-05,0.00358688387156944
8364.90919039556,-2.18941325090189e-05,-0.000308449217249036,1.06981415209332e-05,0.0047787555195539,-5.13862792687385e-07,-0.000229417928567592,-1.32248463419003e-05,0.00356217942218537
8422.92107712043,-2.15939629808697e-05,-0.000306313677497336,1.05518589546217e-05,0.00474582672644705,-5.06832977779048e-07,-0.000227837174606711,-1.30432709390692e-05,0.0035376451259871
8481.33528488963,-2.12979036712241e-05,-0.000304193074106425,1.04075688145573e-05,0.00471312504762031,-4.99899005740825e-07,-0.00022626732152257,-1.28641889958485e-05,0.00351327981098002
8540.15460385936,-2.10058984383412e-05,-0.000302087299535336,1.02652441758502e-05,0.00468064891228032,-4.93059578809392e-07,-0.000224708293957958,-1.26875662588182e-05,0.00348908231324313
8599.38184353586,-2.07178919035253e-05,-0.000299996247079184,1.01248584716367e-05,0.00464839676058663,-4.86313416549327e-07,-0.000223160017080371,-1.25133689454428e-05,0.0034650514768735
8659.01983290984,-2.04338294408577e-05,-0.000297919810861454,9.98638548847874e-06,0.00461636704357348,-4.7965925562845e-07,-0.000221622416578282,-1.23415637375888e-05,0.00344118615393094
8719.07142059136,-2.01536571670653e-05,-0.000295857885826401,9.84979936181865e-06,0.00458455822307223,-4.7309584959593e-07,-0.000220095418657443,-1.2172117775132e-05,0.0034174852043832
8779.53947494611,-1.98773219315222e-05,-0.000293810367731523,9.71507457148751e-06,0.00455296877163435,-4.66621968663053e-07,-0.000218578950037202,-1.20049986496526e-05,0.00339394749605139
8840.42688423224,-1.96047713063834e-05,-0.000291777153140134,9.58218593726745e-06,0.0045215971724551,-4.60236399486687e-07,-0.000217072937946867,-1.18401743982179e-05,0.00337057190455592
8901.73655673848,-1.93359535768484e-05,-0.000289758139414024,9.45110861450663e-06,0.00449044191929759,-4.53937944955368e-07,-0.000215577310122081,-1.16776134972501e-05,0.00334735731326274
8963.47142092288,-1.90708177315539e-05,-0.000287753224706206,9.32181808978732e-06,0.00445950151641761,-4.47725423978019e-07,-0.00021409199480123,-1.15172848564797e-05,0.00332430261322994
9025.63442555289,-1.88093134530932e-05,-0.000285762307953742,9.19429017664534e-06,0.0044287744784889,-4.41597671275242e-07,-0.000212616920721879,-1.1359157812981e-05,0.00330140670315479
9088.228539846,-1.85513911086612e-05,-0.000283785288870667,9.06850101134168e-06,0.00439825933052908,-4.35553537173186e-07,-0.000211152017117237,-1.12032021252914e-05,0.00327866848932104
9151.25675361174,-1.82970017408226e-05,-0.000281822067940976,8.9444270486845e-06,0.00436795460782602,-4.29591887399928e-07,-0.000209697213712636,-1.10493879676107e-05,0.00325608688554667
9214.72207739435,-1.80460970584034e-05,-0.000279872546411719,8.82204505790232e-06,0.00433785885586488,-4.23711602884386e-07,-0.000208252440722055,-1.08976859240809e-05,0.003233660813132
9278.6275426167,-1.77986294275016e-05,-0.000277936626286149,8.70133211856644e-06,0.00430797063025564,-4.17911579557689e-07,-0.000206817628844654,-1.07480669831448e-05,0.00321138920080806
9342.97620172496,-1.75545518626186e-05,-0.000276014210316969,8.58226561656353e-06,0.00427828849666119,-4.12190728157017e-07,-0.00020539270926134,-1.06005025319823e-05,0.00318927098468547
9407.77112833456,-1.73138180179067e-05,-0.000274105201999648,8.46482324011671e-06,0.00424881103072591,-4.06547974031859e-07,-0.000203977613631362,-1.04549643510242e-05,0.00316730510820349
9473.0154173768,-1.70763821785339e-05,-0.000272209505565818,8.34898297585545e-06,0.00421953681800491,-4.00982256952683e-07,-0.000202572274088925,-1.03114246085403e-05,0.00314549052207962
9538.71218524687,-1.68421992521624e-05,-0.000270327025976743,8.23472310493319e-06,0.00419046445389365,-3.95492530921964e-07,-0.00020117662323983,-1.01698558553034e-05,0.00312382618425938
9604.86456995261,-1.6611224760541e-05,-0.000268457668916864,8.12202219919255e-06,0.00416159254355817,-3.90077763987581e-07,-0.000199790594158145,-1.00302310193262e-05,0.00310231105986651
9671.47573126437,-1.63834148312087e-05,-0.000266601340787423,8.01085911737773e-06,0.00413291970186587,-3.84736938058532e-07,-0.000198414120382894,-9.89252340067105e-06,0.00308094412115355
9738.54885086602,-1.61587261893085e-05,-0.000264757948700146,7.90121300139289e-06,0.0041044445533167,-3.79469048722931e-07,-0.000197047135914771,-9.75670666633112e-06,0.00305972434745266
9806.08713250685,-1.59371161495106e-05,-0.000262927400471014,7.79306327260722e-06,0.00407616573197499,-3.7427310506831e-07,-0.000195689575212885,-9.62275484518236e-06,0.00303865072512688
9874.09380215466,-1.57185426080425e-05,-0.000261109604614092,7.68638962820482e-06,0.00404808188140164,-3.69148129504137e-07,-0.000194341373191518,-9.49064232300472e-06,0.00301772224752166
9942.57210814976,-1.55029640348253e-05,-0.000259304470335432,7.58117203758031e-06,0.00402019165458702,-3.64093157586581e-07,-0.00019300246521692,-9.36034383757242e-06,0.00299693791491676
10011.5253213603,-1.52903394657148e-05,-0.000257511907527043,7.47739073877831e-06,0.00399249371388413,-3.59107237845458e-07,-0.000191672787104114,-9.23183447381148e-06,0.00297629673447847
10080.9567353381,-1.50806284948462e-05,-0.00025573182676093,7.37502623497767e-06,0.00396498673094246,-3.5418943161337e-07,-0.000190352275113737,-9.10508965902449e-06,0.00295579772021214
10150.8696664767,-1.487379126708e-05,-0.000253964139283198,7.27405929101875e-06,0.00393766938664219,-3.4933881285697e-07,-0.000189040865948893,-8.98008515818063e-06,0.00293543989291506
10221.267454169,-1.46697884705495e-05,-0.00025220875700822,7.17447092997415e-06,0.003910540371029,-3.44554468010373e-07,-0.00018773849675204,-8.85679706927121e-06,0.00291522228012971
10292.1534609671,-1.44685813293073e-05,-0.000250465592512872,7.07624242976197e-06,0.00388359838324927,-3.39835495810659e-07,-0.000186445105101891,-8.73520181872867e-06,0.0028951439160972
10363.5310727429,-1.42701315960697e-05,-0.00024873455903083,6.97935531980138e-06,0.00385684213148582,-3.35181007135453e-07,-0.000185160629010343,-8.61527615690921e-06,0.00287520384171118
10435.4036988501,-1.40744015450585e-05,-0.000247015570446928,6.8837913777097e-06,0.00383027033289409,-3.30590124842558e-07,-0.000183885006919426,-8.49699715363721e-06,0.00285540110447195
10507.7747722864,-1.38813539649379e-05,-0.000245308541291583,6.78953262604111e-06,0.0038038817135388,-3.26061983611632e-07,-0.000182618177698276,-8.38034219381154e-06,0.00283573475844102
10580.647749858,-1.36909521518457e-05,-0.00024361338673527,6.69656132906574e-06,0.00377767500833108,-3.21595729787844e-07,-0.000181360080640129,-8.26528897307186e-06,0.0028162038641958
10654.0261123446,-1.35031599025185e-05,-0.000241930022583074,6.60485998958956e-06,0.00375164896096609,-3.1719052122755e-07,-0.000180110655459336,-8.15181549352522e-06,0.00279680748878478
10727.9133646656,-1.33179415075074e-05,-0.000240258365269278,6.51441134581374e-06,0.00372580232386101,-3.12845527145894e-07,-0.000178869842288404,-8.03990005953099e-06,0.00277754470568289
10802.3130360475,-1.31352617444856e-05,-0.000238598331852033,6.42519836823401e-06,0.00370013385809366,-3.08559927966382e-07,-0.000177637581675055,-7.9295212735444e-06,0.0027584145947473
10877.2286801926,-1.29550858716451e-05,-0.000236949840008068,6.33720425657843e-06,0.00367464233334132,-3.0433291517234e-07,-0.000176413814579306,-7.82065803201674e-06,0.00273941624217333
10952.6638754485,-1.27773796211817e-05,-0.000235312808027463,6.25041243678434e-06,0.00364932652782029,-3.00163691160295e-07,-0.000175198482370572,-7.71328952135273e-06,0.00272054874045089
11028.6222249794,-1.26021091928673e-05,-0.000233687154808481,6.16480655801296e-06,0.00362418522822562,-2.96051469095205e-07,-0.000173991526824791,-7.6073952139229e-06,0.00270181118832106
11105.1073569377,-1.24292412477084e-05,-0.000232072799852446,6.08037048970207e-06,0.0035992172296715,-2.91995472767553e-07,-0.000172792890121568,-7.50295486413147e-06,0.002683202690733
11182.1229246378,-1.22587429016892e-05,-0.000230469663258686,5.99708831865575e-06,0.00357442133563193,-2.87994936452263e-07,-0.00017160251484134,-7.39994850453793e-06,0.00266472235880121
11259.6726067303,-1.20905817195995e-05,-0.000228877665719517,5.91494434617117e-06,0.00354979635788193,-2.84049104769427e-07,-0.000170420343962564,-7.29835644203246e-06,0.00264636930976307
11337.7601073777,-1.19247257089435e-05,-0.000227296728515294,5.8339230852015e-06,0.00352534111643913,-2.80157232546809e-07,-0.00016924632085892,-7.19815925406363e-06,0.00262814266693659
11416.3891564316,-1.17611433139328e-05,-0.000225726773509501,5.75400925755537e-06,0.00350105443950578,-2.76318584684128e-07,-0.000168080389296544,-7.09933778491843e-06,0.00261004155967857
11495.5635096105,-1.15998034095575e-05,-0.000224167723143899,5.6751877911313e-06,0.00347693516341124,-2.7253243601907e-07,-0.000166922493431268,-7.00187314205312e-06,0.00259206512334296
11575.2869486794,-1.14406752957387e-05,-0.000222619500433724,5.59744381718785e-06,0.00345298213255482,-2.68798071195031e-07,-0.000165772577805892,-6.90574669247511e-06,0.00257421249923959
11655.5632816306,-1.12837286915584e-05,-0.000221082028962932,5.52076266764825e-06,0.00342919419934906,-2.65114784530561e-07,-0.000164630587347469,-6.81094005917413e-06,0.00255648283459306
11736.3963428651,-1.11289337295677e-05,-0.000219555232879497,5.44512987243957e-06,0.00340557022416347,-2.61481879890489e-07,-0.000163496467364611,-6.71743511760299e-06,0.00253887528250208
11817.7899933763,-1.09762609501705e-05,-0.000218039036890755,5.37053115686572e-06,0.00338210907526861,-2.57898670558711e-07,-0.000162370163544817,-6.62521399220647e-06,0.00252138900189889
11899.7481209338,-1.08256812960838e-05,-0.000216533366258795,5.29695243901423e-06,0.00335880962878064,-2.54364479112619e-07,-0.000161251621951817,-6.5342590529983e-06,0.0025040231575092
11982.2746402699,-1.06771661068714e-05,-0.000215038146795899,5.224379827196e-06,0.0033356707686062,-2.50878637299154e-07,-0.000160140789022936,-6.44455291218494e-06,0.00248677691981214
12065.3734932659,-1.05306871135517e-05,-0.000213553304860028,5.15279961741808e-06,0.00331269138638778,-2.47440485912462e-07,-0.00015903761156648,-6.35607842083619e-06,0.00246964946500072
12149.0486491407,-1.03862164332779e-05,-0.000212078767350354,5.08219829088857e-06,0.00328987038144941,-2.44049374673128e-07,-0.000157942036759136,-6.26881866560128e-06,0.00245263997494243
12233.3041046402,-1.02437265640897e-05,-0.000210614461702837,5.01256251155391e-06,0.0032672066607428,-2.40704662108986e-07,-0.000156854012143393,-6.18275696547058e-06,0.00243574763714015
12318.1438842285,-1.01031903797356e-05,-0.000209160315885846,4.94387912366747e-06,0.00324469913879381,-2.37405715437459e-07,-0.000155773485624986,-6.09787686858142e-06,0.00241897164469329
12403.5720402798,-9.96458112456522e-06,-0.000207716258395824,4.8761351493897e-06,0.0032223467376494,-2.34151910449443e-07,-0.00015470040547035,-6.01416214906835e-06,0.00240231119625931
12489.5926532723,-9.82787240848968e-06,-0.000206282218252999,4.80931778641892e-06,0.00320014838682484,-2.30942631394682e-07,-0.000153634720304099,-5.93159680395631e-06,0.00238576549601533
12576.2098319827,-9.69303820201067e-06,-0.000204858124997136,4.74341440565292e-06,0.00317810302325145,-2.27777270868648e-07,-0.000152576379106519,-5.85016505009703e-06,0.0023693337536202
12663.427713683,-9.56005283131576e-06,-0.00020344390868333,4.67841254888045e-06,0.00315620959122456,-2.24655229700881e-07,-0.000151525331211082,-5.76985132114707e-06,0.00235301518417665
12751.2504643373,-9.42889097344052e-06,-0.000202039499877842,4.61429992650279e-06,0.003134467042352,-2.21575916844789e-07,-0.000150481526301979,-5.69064026458805e-06,0.00233680900819387
12839.6822788018,-9.29952765149504e-06,-0.000200644829653979,4.55106441528446e-06,0.00311287433550282,-2.18538749268882e-07,-0.000149444914411665,-5.61251673878726e-06,0.00232071445155016
12928.7273810244,-9.17193822995564e-06,-0.00019925982958801,4.48869405613339e-06,0.00309143043675652,-2.15543151849425e-07,-0.000148415445918426,-5.53546581009932e-06,0.00230473074545604
13018.3900242466,-9.04609841001928e-06,-0.000197884431755121,4.42717705190943e-06,0.00307013431935251,-2.12588557264487e-07,-0.000147393071543963,-5.45947275000723e-06,0.00228885712641746
13108.6744912069,-8.92198422502132e-06,-0.000196518568725422,4.36650176526165e-06,0.00304898496364006,-2.09674405889386e-07,-0.000146377742350996,-5.38452303230317e-06,0.00227309283619933
13199.5850943454,-8.79957203591453e-06,-0.000195162173559974,4.30665671649335e-06,0.00302798135702849,-2.06800145693482e-07,-0.000145369409740875,-5.31060233030772e-06,0.00225743712178927
13291.1261760091,-8.67883852680958e-06,-0.000193815179806871,4.24763058145505e-06,0.00300712249393785,-2.03965232138338e-07,-0.000144368025451223,-5.23769651412774e-06,0.00224188923536169
13383.3021086605,-8.55976070057534e-06,-0.000192477521497351,4.18941218946464e-06,0.0029864073757498,-2.01169128077198e-07,-0.000143373541553584,-5.16579164795158e-06,0.00222644843424199
13476.1172950852,-8.44231587449885e-06,-0.000191149133141947,4.13199052125471e-06,0.00296583501075903,-1.98411303655794e-07,-0.000142385910451093,-5.09487398738182e-06,0.0022111139808711
13569.576168603,-8.32648167600385e-06,-0.000189829949726678,4.07535470694658e-06,0.00294540441412484,-1.95691236214447e-07,-0.000141405084876161,-5.02492997680462e-06,0.00219588514277024
13663.6831932795,-8.21223603842689e-06,-0.000188519906709273,4.0194940240506e-06,0.00292511460782321,-1.9300841019145e-07,-0.000140431017888178,-4.95594624679511e-06,0.00218076119250594
13758.4428641392,-8.09955719685102e-06,-0.00018721894001543,3.96439789549265e-06,0.00290496462059915,-1.90362317027723e-07,-0.000139463662871232,-4.88790961155879e-06,0.00216574140765524
13853.8597073802,-7.98842368399514e-06,-0.000185926986035115,3.91005588766629e-06,0.00288495348791939,-1.8775245507272e-07,-0.000138502973531846,-4.82080706640775e-06,0.00215082507077119
13949.9382805904,-7.87881432615953e-06,-0.000184643981618899,3.85645770851039e-06,0.00286508025192543,-1.85178329491566e-07,-0.000137548903896723,-4.754625785272e-06,0.00213601146934861
14046.6831729655,-7.77070823922568e-06,-0.000183369864074314,3.80359320561177e-06,0.00284534396138694,-1.82639452173423e-07,-0.000136601408310519,-4.6893531182447e-06,0.00212129989578998
14144.0990055278,-7.66408482471066e-06,-0.000182104571162267,3.75145236433282e-06,0.00282574367165546,-1.80135341641061e-07,-0.000135660441433626,-4.62497658916144e-06,0.00210668964737167
14242.190431347,-7.55892376587438e-06,-0.000180848041093468,3.70002530596337e-06,0.00280627844461841,-1.77665522961609e-07,-0.000134725958239967,-4.56148389321254e-06,0.00209218002621035
14340.9621357626,-7.45520502388006e-06,-0.000179600212524902,3.64930228589704e-06,0.00278694734865355,-1.75229527658495e-07,-0.000133797914014816,-4.49886289458853e-06,0.00207777033922968
14440.4188366077,-7.35290883400604e-06,-0.00017836102455633,3.59927369183116e-06,0.0027677494585836,-1.72826893624539e-07,-0.000132876264352623,-4.43710162415764e-06,0.00206345989812712
14540.5652844341,-7.25201570190948e-06,-0.000177130416726828,3.54993004199061e-06,0.0027486838556313,-1.70457165036196e-07,-0.000131960965154863,-4.37618827717561e-06,0.00204924801934113
14641.4062627396,-7.15250639994007e-06,-0.000175908329011348,3.50126198337463e-06,0.00272974962737477,-1.68119892268925e-07,-0.000131051972627898,-4.31611121102667e-06,0.00203513402401844
14742.946588196,-7.0543619635041e-06,-0.000174694701817324,3.45326029002697e-06,0.00271094586770317,-1.65814631813682e-07,-0.000130149243280851,-4.25685894299589e-06,0.00202111723798167
14845.1911108798,-6.95756368747741e-06,-0.000173489475981299,3.40591586132845e-06,0.00269227167677266,-1.63540946194511e-07,-0.000129252733923498,-4.19842014807187e-06,0.00200719699169708
14948.1447145032,-6.86209312266725e-06,-0.00017229259276559,3.35921972031223e-06,0.00267372616096274,-1.6129840388723e-07,-0.000128362401664174,-4.14078365677996e-06,0.00199337262024259
15051.8123166476,-6.76793207232175e-06,-0.000171103993854978,3.31316301200102e-06,0.00265530843283282,-1.59086579239184e-07,-0.000127478203907697,-4.083938453045e-06,0.00197964346327602
15156.1988689989,-6.67506258868696e-06,-0.000169923621353435,3.26773700176634e-06,0.00263701761107916,-1.56905052390068e-07,-0.000126600098353302,-4.02787367208367e-06,0.00196600886500354
15261.3093575835,-6.58346696961028e-06,-0.000168751417780874,3.22293307370922e-06,0.00261885282049211,-1.54753409193794e-07,-0.00012572804299259,-3.97257859832566e-06,0.00195246817414832
15367.1488030065,-6.49312775519028e-06,-0.000167587326069935,3.17874272906243e-06,0.00260081319191362,-1.52631241141394e-07,-0.000124861996107497,-3.91804266336361e-06,0.00193902074391944
15473.7222606918,-6.40402772447147e-06,-0.000166431289562796,3.13515758461353e-06,0.00258289786219508,-1.50538145284945e-07,-0.000124001916268273,-3.86425544393101e-06,0.00192566593198096
15581.0348211234,-6.31614989218439e-06,-0.000165283252008015,3.09216937114902e-06,0.00256510597415546,-1.48473724162502e-07,-0.000123147762331474,-3.81120665990817e-06,0.00191240310042126
15689.0916100885,-6.22947750552944e-06,-0.000164143157557401,3.04976993191869e-06,0.00254743667653975,-1.46437585724026e-07,-0.000122299493437972,-3.75888617235535e-06,0.00189923161572253
15797.8977889225,-6.14399404100473e-06,-0.000163010950762913,3.00795122112057e-06,0.00252988912397768,-1.44429343258299e-07,-0.000121457069010975,-3.70728398157317e-06,0.00188615084873053
15907.4585547554,-6.05968320127662e-06,-0.000161886576573583,2.96670530240562e-06,0.00251246247694273,-1.42448615320803e-07,-0.00012062044875407,-3.65639022518949e-06,0.00187316017462451
16017.7791407599,-5.97652891209304e-06,-0.000160769980332475,2.92602434740243e-06,0.00249515590171148,-1.40495025662569e-07,-0.000119789592649265,-3.60619517627282e-06,0.00186025897288737
16128.8648164017,-5.89451531923837e-06,-0.000159661107773664,2.88590063426123e-06,0.00247796857032316,-1.3856820315995e-07,-0.000118964460955059,-3.55668924147136e-06,0.00184744662727602
16240.720887691,-5.81362678552999e-06,-0.000158559905019246,2.84632654621732e-06,0.00246089966053961,-1.36667781745358e-07,-0.000118145014204517,-3.50786295917801e-06,0.00183472252579192
16353.352697436,-5.73384788785523e-06,-0.000157466318576368,2.80729457017344e-06,0.00244394835580538,-1.34793400338891e-07,-0.000117331213203364,-3.45970699772023e-06,0.00182208606065185
16466.765625498,-5.65516341424897e-06,-0.000156380295334301,2.76879729530096e-06,0.00242711384520827,-1.32944702780898e-07,-0.000116523019028087,-3.41221215357513e-06,0.00180953662825889
16580.9650890484,-5.57755836101046e-06,-0.000155301782561515,2.73082741165956e-06,0.00241039532343996,-1.31121337765419e-07,-0.000115720393024056,-3.36536934960878e-06,0.00179707362917353
16695.9565428276,-5.50101792985972e-06,-0.000154230727902801,2.69337770883531e-06,0.00239379199075716,-1.29322958774527e-07,-0.000114923296803653,-3.31916963334003e-06,0.0017846964680851
16811.7454794054,-5.42552752513223e-06,-0.000153167079376408,2.65644107459672e-06,0.00237730305294277,-1.27549224013538e-07,-0.000114131692244422,-3.27360417522794e-06,0.00177240455378327
16928.3374294433,-5.351072751012e-06,-0.000152110785371204,2.6200104935687e-06,0.00236092772126755,-1.25799796347089e-07,-0.00011334554148722,-3.22866426698297e-06,0.00176019729912986
17045.737961959,-5.27763940880196e-06,-0.000151061794643872,2.58407904592406e-06,0.00234466521245191,-1.24074343236063e-07,-0.000112564806934393,-3.18434131990119e-06,0.00174807412103071
17163.9526845917,-5.20521349423176e-06,-0.000150020056316116,2.54863990609255e-06,0.00232851474862804,-1.22372536675362e-07,-0.000111789451247959,-3.14062686322159e-06,0.00173603444040792
17282.9872438709,-5.13378119480178e-06,-0.000148985519871906,2.51368634148679e-06,0.00231247555730224,-1.20694053132502e-07,-0.000111019437347804,-3.09751254250575e-06,0.00172407768217211
17402.8473254854,-5.06332888716364e-06,-0.000147958135154737,2.47921171124549e-06,0.00229654687131766,-1.19038573487043e-07,-0.000110254728409891,-3.05499011804004e-06,0.00171220327519497
17523.5386545551,-4.99384313453598e-06,-0.000146937852364912,2.44520946499307e-06,0.00228072792881712,-1.1740578297081e-07,-0.000109495287864484,-3.01305146325954e-06,0.00170041065228197
17645.0669959044,-4.92531068415562e-06,-0.000145924622056861,2.41167314161604e-06,0.00226501797320631,-1.15795371108925e-07,-0.000108741079394381,-2.97168856319378e-06,0.0016886992501453
17767.4381543379,-4.85771846476318e-06,-0.000144918395136464,2.37859636805547e-06,0.00224941625311723,-1.14207031661626e-07,-0.000107992066933161,-2.9308935129338e-06,0.00167706850937687
17890.6579749169,-4.79105358412311e-06,-0.000143919122858413,2.34597285811577e-06,0.0022339220223719,-1.1264046256686e-07,-0.000107248214663446,-2.8906585161203e-06,0.0016655178744217
18014.7323432395,-4.72530332657717e-06,-0.000142926756823589,2.31379641128909e-06,0.00221853453994625,-1.11095365883647e-07,-0.000106509487015167,-2.85097588345249e-06,0.00165404679355127
18139.667185721,-4.66045515063159e-06,-0.000141941248976461,2.28206091159568e-06,0.00220325306993436,-1.09571447736203e-07,-0.000105775848663856,-2.81183803121758e-06,0.00164265471883725
18265.4684698776,-4.59649668657652e-06,-0.000140962551602515,2.25076032643944e-06,0.00218807688151292,-1.08068418258805e-07,-0.000105047264528935,-2.77323747984032e-06,0.00163134110612524
18392.1422046107,-4.53341573413849e-06,-0.000139990617325697,2.21988870547899e-06,0.00217300524890591,-1.06585991541407e-07,-0.000104323699772026,-2.73516685245264e-06,0.00162010541500887
18519.6944404947,-4.47120026016419e-06,-0.000139025399105876,2.1894401795136e-06,0.00215803745134957,-1.0512388557597e-07,-0.000103605119795274,-2.69761887348281e-06,0.00160894710880388
18648.1312700654,-4.40983839633634e-06,-0.000138066850236341,2.15940895938421e-06,0.00214317277305759,-1.03681822203521e-07,-0.000102891490239672,-2.66058636726408e-06,0.00159786565452256
18777.4588281112,-4.34931843692022e-06,-0.000137114924341306,2.12978933488891e-06,0.00212841050318657,-1.0225952706192e-07,-0.000102182776983413,-2.62406225666238e-06,0.00158686052284824
18907.6832919665,-4.28962883654109e-06,-0.000136169575373443,2.10057567371313e-06,0.00211374993580169,-1.00856729534323e-07,-0.000101478946140236,-2.58803956172295e-06,0.00157593118811005
19038.810881806,-4.2307582079919e-06,-0.000135230757611435,2.07176242037399e-06,0.00209919036984268,-9.9473162698345e-08,-0.0001007799640578,-2.55251139833552e-06,0.00156507712825774
19170.8478609426,-4.17269532007063e-06,-0.000134298425657547,2.0433440951788e-06,0.00208473110908994,-9.81085632758982e-08,-0.000100085797316058,-2.51747097691783e-06,0.00155429782483679
19303.8005361258,-4.11542909544738e-06,-0.000133372534435221,2.01531529319757e-06,0.00207037146213098,-9.67626715837057e-08,-9.93964127256485e-05,-2.4829116011173e-06,0.00154359276296365
19437.6752578439,-4.05894860856025e-06,-0.00013245303918669,1.98767068324917e-06,0.00205611074232707,-9.54352314844794e-08,-9.8711777326293e-05,-2.44882666653047e-06,0.00153296143130109
19572.4784206263,-4.00324308354004e-06,-0.000131539895470611,1.96040500690117e-06,0.00204194826778011,-9.41259903387569e-08,-9.80318583852129e-05,-2.41520965944009e-06,0.00152240332203382
19708.2164633496,-3.9483018921631e-06,-0.000130633059159717,1.93351307748294e-06,0.00202788336129974,-9.28346989573795e-08,-9.73566233955487e-05,-2.38205415556954e-06,0.0015119179308442
19844.8958695448,-3.89411455183225e-06,-0.000129732486438493,1.90698977911217e-06,0.0020139153503707,-9.15611115546173e-08,-9.66860400747964e-05,-2.3493538188544e-06,0.00150150475688819
19982.5231677076,-3.84067072358496e-06,-0.000128838133800867,1.88083006573424e-06,0.00200004356712039,-9.03049857019145e-08,-9.60200763632512e-05,-2.31710240023084e-06,0.00149116330277135
20121.1049316092,-3.78796021012891e-06,-0.00012794995804792,1.85502896017461e-06,0.00198626734828669,-8.90660822822672e-08,-9.53587004224649e-05,-2.28529373644073e-06,0.00148089307452516
20260.6477806113,-3.73597295390413e-06,-0.00012706791628562,1.82958155320386e-06,0.00197258603518597,-8.78441654452072e-08,-9.47018806337119e-05,-2.2539217488531e-06,0.00147069358158336
20401.1583799816,-3.68469903517174e-06,-0.000126191965922566,1.8044830026153e-06,0.00195899897368136,-8.66390025623949e-08,-9.40495855964676e-05,-2.22298044230191e-06,0.00146056433675855
20542.6434412127,-3.63412867012854e-06,-0.000125322064667763,1.77972853231492e-06,0.0019455055141512,-8.545036418381e-08,-9.3401784126896e-05,-2.1924639039396e-06,0.0014505048562189
20685.1097223421,-3.58425220904747e-06,-0.000124458170528402,1.75531343142365e-06,0.00193210501145779,-8.42780239945322e-08,-9.27584452563495e-05,-2.16236630210662e-06,0.00144051465946504
20828.5640282755,-3.5350601344433e-06,-0.00012360024180767,1.73123305339153e-06,0.00191879682491625,-8.31217587721016e-08,-9.21195382298773e-05,-2.13268188521629e-06,0.0014305932693071
20973.0132111114,-3.48654305926345e-06,-0.000122748237102567,1.70748281512399e-06,0.0019055803182637,-8.1981348344458e-08,-9.14850325047465e-05,-2.10340498065515e-06,0.00142074021184195
21118.464170469,-3.43869172510334e-06,-0.00012190211530175,1.68405819611961e-06,0.00189245485962858,-8.08565755484417e-08,-9.08548977489712e-05,-2.07452999369827e-06,0.00141095501643048
21264.923853817,-3.39149700044621e-06,-0.00012106183558339,1.66095473761976e-06,0.00187941982150024,-7.9747226188859e-08,-9.02291038398543e-05,-2.04605140643961e-06,0.0014012372156752
21412.3992568061,-3.34494987892681e-06,-0.00012022735741305,1.63816804176941e-06,0.00186647458069872,-7.86530889980952e-08,-8.96076208625365e-05,-2.01796377673694e-06,0.00139158634539788
21560.8974236026,-3.29904147761898e-06,-0.000119398640541572,1.61569377078943e-06,0.00185361851834472,-7.75739555962756e-08,-8.89904191085595e-05,-1.99026173717139e-06,0.00138200194461736
21710.4254472254,-3.25376303534628e-06,-0.000118575645002993,1.59352764615989e-06,0.00184085101982983,-7.65096204519607e-08,-8.83774690744346e-05,-1.96293999402115e-06,0.00137248355552754
21860.9904698845,-3.20910591101602e-06,-0.00011775833111247,1.57166544781445e-06,0.00182817147478694,-7.54598808433762e-08,-8.77687414602258e-05,-1.93599332624942e-06,0.00136303072347554
22012.599683322,-3.1650615819757e-06,-0.00011694665946422,1.55010301334552e-06,0.00181557927706083,-7.44245368201599e-08,-8.71642071681387e-05,-1.90941658450616e-06,0.00135364299693991
22165.260329156,-3.1216216423921e-06,-0.000116140590929488,1.52883623722018e-06,0.00180307382467904,-7.34033911656324e-08,-8.65638373011233e-05,-1.88320469014358e-06,0.00134431992750914
22318.9796992262,-3.07877780165238e-06,-0.000115340086654517,1.50786107000664e-06,0.00179065451982287,-7.23962493595705e-08,-8.59676031614823e-05,-1.8573526342452e-06,0.00133506106986019
22473.7651359423,-3.03652188278703e-06,-0.000114545108058543,1.48717351761109e-06,0.00177832076879862,-7.14029195414892e-08,-8.53754762494936e-05,-1.83185547666819e-06,0.00132586598173721
22629.6240326348,-2.99484582091432e-06,-0.000113755616831805,1.46676964052491e-06,0.001766071982009,-7.0423212474414e-08,-8.47874282620382e-05,-1.80670834509889e-06,0.00131673422393046
22786.5638339077,-2.95374166170603e-06,-0.000112971574933573,1.44664555308197e-06,0.00175390757392483,-6.94569415091479e-08,-8.42034310912412e-05,-1.78190643412135e-06,0.00130766536025529
22944.592035995,-2.91320155987405e-06,-0.000112192944590182,1.42679742272592e-06,0.00174182696305679,-6.85039225490177e-08,-8.36234568231193e-05,-1.75744500429855e-06,0.00129865895753129
23103.7161871177,-2.87321777767774e-06,-0.000111419688293095,1.40722146928748e-06,0.00172982957192752,-6.75639740150992e-08,-8.30474777362409e-05,-1.73331938126642e-06,0.00128971458556165
23263.9438878451,-2.83378268345152e-06,-0.000110651768796972,1.38791396427133e-06,0.00171791482704379,-6.66369168119108e-08,-8.24754663003918e-05,-1.70952495484009e-06,0.00128083181711257
23425.2827914574,-2.79488875015277e-06,-0.00010988914911776,1.36887123015275e-06,0.00170608215886896,-6.57225742935722e-08,-8.19073951752545e-05,-1.68605717813266e-06,0.00127201022789285
23587.7406043117,-2.75652855392931e-06,-0.000109131792530791,1.35008963968365e-06,0.00169433100179556,-6.48207722304205e-08,-8.13432372090923e-05,-1.66291156668583e-06,0.00126324939653363
23751.3250862094,-2.71869477270668e-06,-0.000108379662568907,1.33156561520808e-06,0.00168266079411812,-6.39313387760781e-08,-8.07829654374465e-05,-1.64008369761269e-06,0.00125454890456829
23916.0440507678,-2.6813801847945e-06,-0.000107632723020586,1.31329562798684e-06,0.00167107097800615,-6.30541044349657e-08,-8.02265530818399e-05,-1.61756920875213e-06,0.00124590833641239
24081.9053657923,-2.64457766751207e-06,-0.000106890937928095,1.29527619753138e-06,0.00165956099947732,-6.21889020302559e-08,-7.96739735484911e-05,-1.59536379783496e-06,0.00123732727934388
24248.9169536531,-2.60828019583253e-06,-0.000106154271585648,1.27750389094656e-06,0.00164813030837085,-6.13355666722595e-08,-7.91252004270361e-05,-1.57346322166142e-06,0.00122880532348337
24417.0867916629,-2.57248084104574e-06,-0.000105422688537585,1.25997532228235e-06,0.00163677835832102,-6.04939357272415e-08,-7.8580207489261e-05,-1.55186329529005e-06,0.00122034206177453
24586.4229124585,-2.53717276943925e-06,-0.000104696153576561,1.24268715189431e-06,0.00162550460673097,-5.96638487866569e-08,-7.80389686878413e-05,-1.53055989123768e-06,0.00121193708996465
24756.933404384,-2.50234924099743e-06,-0.000103974631741756,1.22563608581268e-06,0.00161430851474659,-5.88451476368068e-08,-7.75014581550915e-05,-1.50954893869035e-06,0.00120359000658537
24928.6264118777,-2.46800360811827e-06,-0.000103258088317087,1.20881887511999e-06,0.00160318954723061,-5.80376762289014e-08,-7.69676502017228e-05,-1.48882642272518e-06,0.00119530041293342
25101.5101358603,-2.43412931434777e-06,-0.00010254648882945,1.19223231533717e-06,0.00159214717273693,-5.7241280649532e-08,-7.64375193156099e-05,-1.46838838354286e-06,0.00118706791305168
25275.5928341276,-2.40071989313161e-06,-0.000101839799046958,1.17587324581784e-06,0.00158118086348505,-5.64558090915415e-08,-7.5911040160565e-05,-1.44823091571067e-06,0.00117889211371014
25450.882821744,-2.36776896658386e-06,-0.000101137984977209,1.15973854915092e-06,0.00157029009533472,-5.5681111825291e-08,-7.53881875751231e-05,-1.42835016741593e-06,0.00117077262438725
25627.3884714405,-2.33527024427252e-06,-0.000100441012865558,1.14382515057122e-06,0.00155947434776078,-5.49170411703135e-08,-7.48689365713323e-05,-1.40874233972972e-06,0.00116270905725114
25805.1182140139,-2.30321752202171e-06,-9.97488491934039e-05,1.1281300173781e-06,0.00154873310382814,-5.41634514673555e-08,-7.43532623335557e-05,-1.38940368588069e-06,0.0011547010271412
25984.08053873,-2.27160468073015e-06,-9.90614606764921e-05,1.11265015836189e-06,0.00153806585016696,-5.34201990507949e-08,-7.38411402172793e-05,-1.3703305105388e-06,0.0011467481515496
26164.2839937291,-2.24042568520579e-06,-9.83788142632278e-05,1.09738262323822e-06,0.00152747207694797,-5.26871422214335e-08,-7.33325457479296e-05,-1.35151916910901e-06,0.00113885005060306
26345.7371864336,-2.20967458301651e-06,-9.77008771330049e-05,1.08232450208988e-06,0.00151695127785803,-5.19641412196611e-08,-7.2827454619699e-05,-1.33296606703456e-06,0.0011310063470447
26528.4487839603,-2.17934550335631e-06,-9.70276166945446e-05,1.0674729248163e-06,0.00150650295007576,-5.12510581989796e-08,-7.2325842694379e-05,-1.31466765910989e-06,0.00112321666621599
26712.4275135331,-2.14943265592718e-06,-9.63590005842506e-05,1.05282506059052e-06,0.00149612659424748,-5.05477571998906e-08,-7.18276860002024e-05,-1.29662044880297e-06,0.00111548063603891
26897.6821629011,-2.11993032983618e-06,-9.56949966645731e-05,1.03837811732342e-06,0.00148582171446311,-4.98541041241332e-08,-7.13329607306922e-05,-1.27882098758694e-06,0.00110779788699811
27084.2215807571,-2.09083289250758e-06,-9.50355730223896e-05,1.02412934113533e-06,0.0014755878182325,-4.91699667092766e-08,-7.08416432435204e-05,-1.26126587428094e-06,0.00110016805212331
27272.0546771616,-2.06213478860994e-06,-9.43806979673935e-05,1.01007601583471e-06,0.00146542441646167,-4.84952145036518e-08,-7.03537100593724e-05,-1.24395175439996e-06,0.00109259076697173
27461.1904239671,-2.03383053899781e-06,-9.37303400305001e-05,9.96215462403962e-07,0.00145533102342941,-4.78297188416296e-08,-6.9869137860822e-05,-1.22687531951371e-06,0.00108506566961072
27651.6378552475,-2.00591473966787e-06,-9.308446796226e-05,9.82545038492154e-07,0.00144530715676392,-4.71733528192292e-08,-6.93879034912114e-05,-1.21003330661414e-06,0.00107759240060045
27843.4060677294,-1.97838206072948e-06,-9.2443050731289e-05,9.69062137914699e-07,0.0014353523374197,-4.65259912700625e-08,-6.89099839535416e-05,-1.19342249749184e-06,0.00107017060297672
28036.5042212264,-1.95122724538912e-06,-9.18060575227062e-05,9.55764190159734e-07,0.0014254660896545,-4.58875107416013e-08,-6.84353564093682e-05,-1.17703971812082e-06,0.00106279992223396
28230.9415390768,-1.9244451089489e-06,-9.11734577365877e-05,9.42648659901289e-07,0.00141564794100655,-4.52577894717707e-08,-6.7963998177707e-05,-1.1608818380519e-06,0.00105548000630825
28426.7273085842,-1.89803053781858e-06,-9.05452209864283e-05,9.29713046518964e-07,0.00140589742227184,-4.46367073658568e-08,-6.74958867339451e-05,-1.14494576981427e-06,0.0010482105055605
28623.8708814609,-1.87197848854133e-06,-8.99213170976189e-05,9.16954883624229e-07,0.00139621406748164,-4.40241459737322e-08,-6.70309997087617e-05,-1.12922846832544e-06,0.00104099107275981
28822.3816742749,-1.84628398683258e-06,-8.93017161059318e-05,9.04371738593057e-07,0.0013865974138801,-4.34199884673873e-08,-6.65693148870546e-05,-1.11372693030918e-06,0.00103382136306679
29022.2691688993,-1.82094212663223e-06,-8.86863882560208e-05,8.91961212104975e-07,0.00137704700190212,-4.28241196187704e-08,-6.61108102068754e-05,-1.09843819372146e-06,0.00102670103401717
29223.5429129655,-1.7959480691696e-06,-8.80753039999295e-05,8.7972093768833e-07,0.00136756237515122,-4.22364257779262e-08,-6.5655463758371e-05,-1.08335933718432e-06,0.00101962974550539
29426.2125203191,-1.77129704204145e-06,-8.74684339956147e-05,8.67648581271755e-07,0.0013581430803777,-4.16567948514343e-08,-6.52032537827339e-05,-1.06848747942751e-06,0.00101260715976839
29630.2876714792,-1.74698433830231e-06,-8.68657491054765e-05,8.55741840741707e-07,0.00134878866745686,-4.10851162811381e-08,-6.47541586711579e-05,-1.05381977873774e-06,0.00100563294136943
29835.7781141006,-1.72300531556751e-06,-8.62672203949041e-05,8.43998445506043e-07,0.00133949868936745,-4.05212810231661e-08,-6.43081569638031e-05,-1.0393534324156e-06,0.000998706757182109
30042.6936634399,-1.69935539512834e-06,-8.56728191308287e-05,8.32416156063489e-07,0.0013302727021702,-3.99651815272358e-08,-6.38652273487666e-05,-1.02508567623978e-06,0.00099182827637444
30251.0442028234,-1.67603006107935e-06,-8.50825167802907e-05,8.20992763579e-07,0.00132111026498654,-3.94167117162416e-08,-6.34253486610608e-05,-1.01101378393886e-06,0.000984997170393037
30460.8396841202,-1.6530248594576e-06,-8.44962850090144e-05,8.0972608946485e-07,0.00131201093997743,-3.88757669661177e-08,-6.29884998815989e-05,-9.97135066670144e-07,0.000978213112947423
30672.0901282168,-1.63033539739371e-06,-8.39140956799966e-05,7.98613984967458e-07,0.00130297429232243,-3.83422440859785e-08,-6.25546601361875e-05,-9.83446872505795e-07,0.000971475779994454
30884.8056254963,-1.60795734227445e-06,-8.33359208521033e-05,7.87654330759786e-07,0.00129399989019874,-3.7816041298526e-08,-6.21238086945258e-05,-9.69946585925951e-07,0.000964784849722827
31098.9963363199,-1.58588642091691e-06,-8.2761732778679e-05,7.76845036539326e-07,0.00128508730476062,-3.72970582207263e-08,-6.16959249692123e-05,-9.56631627318858e-07,0.00095814000253772
31314.6724915125,-1.56411841875384e-06,-8.21915039061643e-05,7.66184040631503e-07,0.00127623611011871,-3.67851958447474e-08,-6.12709885147579e-05,-9.43499452487806e-07,0.000951540921045513
31531.8443928511,-1.54264917903025e-06,-8.16252068727264e-05,7.55669309598526e-07,0.00126744588331971,-3.62803565191581e-08,-6.08489790266062e-05,-9.30547552164899e-07,0.000944987290038639
31750.5224135575,-1.52147460201095e-06,-8.10628145068974e-05,7.45298837853502e-07,0.00125871620432602,-3.57824439303815e-08,-6.04298763401602e-05,-9.17773451531446e-07,0.000938478796480515
31970.7169987928,-1.50059064419895e-06,-8.05042998262247e-05,7.3507064727986e-07,0.00125004665599566,-3.52913630844028e-08,-6.00136604298164e-05,-9.05174709744994e-07,0.000932015129490602
32192.4386661572,-1.47999331756451e-06,-7.99496360359299e-05,7.24982786855885e-07,0.00124143682406225,-3.48070202887238e-08,-5.96003114080047e-05,-8.92748919472797e-07,0.00092559598032954
32415.6980061919,-1.45967868878488e-06,-7.93987965275797e-05,7.15033332284433e-07,0.00123288629711515,-3.43293231345661e-08,-5.9189809524236e-05,-8.80493706431753e-07,0.000919221042384417
32640.5056828852,-1.43964287849426e-06,-7.88517548777645e-05,7.05220385627616e-07,0.00122439466657975,-3.38581804793135e-08,-5.87821351641554e-05,-8.68406728934598e-07,0.000912890011154103
32866.8724341813,-1.41988206054422e-06,-7.83084848467887e-05,6.95542074946523e-07,0.00121596152669786,-3.33935024291976e-08,-5.83772688486029e-05,-8.56485677442394e-07,0.000906602584234727
33094.8090724944,-1.40039246127405e-06,-7.77689603773693e-05,6.85996553945781e-07,0.00120758647450831,-3.29352003222149e-08,-5.79751912326794e-05,-8.44728274123102e-07,0.00090035846130521
33324.3264852235,-1.38117035879128e-06,-7.72331555933457e-05,6.76582001623017e-07,0.00119926910982759,-3.24831867112806e-08,-5.75758831048209e-05,-8.33132272416269e-07,0.000894157344112936
33555.4356352742,-1.36221208226192e-06,-7.67010447983974e-05,6.67296621923038e-07,0.00119100903523068,-3.2037375347609e-08,-5.71793253858773e-05,-8.21695456603654e-07,0.000887998936459495
33788.1475615808,-1.34351401121051e-06,-7.61726024747732e-05,6.58138643396765e-07,0.00118280585603206,-3.15976811643228e-08,-5.67854991281992e-05,-8.10415641385781e-07,0.000881882944186541
34022.4733796346,-1.32507257482964e-06,-7.56478032820273e-05,6.49106318864772e-07,0.0011746591802667,-3.11640202602837e-08,-5.63943855147292e-05,-7.99290671464276e-07,0.000875809075161732
34258.4242820144,-1.3068842512991e-06,-7.51266220557679e-05,6.40197925085442e-07,0.00116656861867136,-3.07363098841457e-08,-5.60059658581019e-05,-7.88318421129975e-07,0.00086977703926479
34496.0115389212,-1.28894556711413e-06,-7.46090338064119e-05,6.31411762427613e-07,0.00115853378466589,-3.03144684186233e-08,-5.56202215997475e-05,-7.77496793856648e-07,0.000863786548373624
34735.2464987164,-1.27125309642309e-06,-7.40950137179513e-05,6.22746154547715e-07,0.00115055429433474,-2.98984153649765e-08,-5.52371343090039e-05,-7.66823721900349e-07,0.000857837316350585
34976.1405884643,-1.25380346037403e-06,-7.3584537146727e-05,6.14199448071266e-07,0.00114262976640852,-2.94880713277058e-08,-5.48566856822332e-05,-7.56297165904212e-07,0.000851929059028783
35218.7053144771,-1.2365933264703e-06,-7.30775796202134e-05,6.0577001227875e-07,0.00113475982224582,-2.90833579994569e-08,-5.44788575419458e-05,-7.45915114508737e-07,0.000846061494198527
35462.9522628655,-1.21961940793498e-06,-7.25741168358096e-05,5.9745623879574e-07,0.00112694408581494,-2.86841981461303e-08,-5.41036318359292e-05,-7.35675583967362e-07,0.000840234341593828
35708.8931000911,-1.20287846308394e-06,-7.20741246596424e-05,5.89256541287272e-07,0.00111918218367601,-2.82905155921956e-08,-5.3730990636384e-05,-7.2557661776738e-07,0.000834447322879031
35956.5395735246,-1.18636729470759e-06,-7.15775791253751e-05,5.81169355156357e-07,0.00111147374496301,-2.79022352062041e-08,-5.33609161390649e-05,-7.15616286255995e-07,0.000828700161635501
36205.9035120061,-1.17008274946105e-06,-7.1084456433028e-05,5.73193137246633e-07,0.00110381840136604,-2.75192828865007e-08,-5.29933906624286e-05,-7.05792686271576e-07,0.000822992583348433
36456.9968264106,-1.15402171726263e-06,-7.05947329478049e-05,5.65326365549038e-07,0.00109621578711366,-2.71415855471299e-08,-5.26283966467867e-05,-6.96103940779925e-07,0.000817324315393731
36709.831510217,-1.13818113070062e-06,-7.01083851989304e-05,5.5756753891251e-07,0.00108866553895541,-2.67690711039343e-08,-5.2265916653465e-05,-6.86548198515562e-07,0.000811695087024988
36964.4196400802,-1.12255796444817e-06,-6.96253898784943e-05,5.49915176758619e-07,0.00108116729614437,-2.64016684608432e-08,-5.19059333639691e-05,-6.77123633627951e-07,0.000806104629360556
37220.7733764093,-1.10714923468619e-06,-6.91457238403053e-05,5.4236781880008e-07,0.00107372070041987,-2.60393074963476e-08,-5.1548429579154e-05,-6.67828445332538e-07,0.000800552675370695
37478.9049639467,-1.09195199853419e-06,-6.86693640987526e-05,5.34924024763139e-07,0.00106632539599041,-2.56819190501603e-08,-5.11933882184018e-05,-6.58660857566635e-07,0.000795038959864828
37738.8267323548,-1.0769633534888e-06,-6.81962878276761e-05,5.27582374113689e-07,0.00105898102951651,-2.53294349100578e-08,-5.08407923188032e-05,-6.49619118649984e-07,0.000789563219478863
38000.5510968034,-1.06218043687015e-06,-6.77264723592449e-05,5.20341465787189e-07,0.00105168725009389,-2.49817877989023e-08,-5.04906250343458e-05,-6.40701500950015e-07,0.000784125192662622
38264.0905585636,-1.0476004252757e-06,-6.72598951828439e-05,5.13199917922204e-07,0.0010444437092366,-2.46389113618402e-08,-5.01428696351072e-05,-6.31906300551676e-07,0.000778724619667338
38529.4577056047,-1.03322053404163e-06,-6.67965339439684e-05,5.06156367597632e-07,0.00103725006086037,-2.43007401536759e-08,-4.97975095064549e-05,-6.23231836931819e-07,0.00077336124253326
38796.6652131954,-1.01903801671155e-06,-6.63363664431271e-05,4.99209470573474e-07,0.00103010596126601,-2.39672096264177e-08,-4.94545281482498e-05,-6.14676452638029e-07,0.000768034805077315
39065.7258445091,-1.00505016451257e-06,-6.5879370634753e-05,4.92357901035174e-07,0.00102301106912297,-2.3638256116994e-08,-4.91139091740574e-05,-6.062385129719e-07,0.000762745052880888
39336.6524512341,-9.91254305838416e-07,-6.54255246261218e-05,4.85600351341423e-07,0.00101596504545299,-2.33138168351368e-08,-4.87756363103626e-05,-5.97916405676619e-07,0.000757491733277655
39609.4579741865,-9.77647805739804e-07,-6.49748066762793e-05,4.78935531775426e-07,0.00100896755361387,-2.29938298514315e-08,-4.84396933957917e-05,-5.89708540628881e-07,0.000752274595341524
39884.1554439296,-9.64228065421632e-07,-6.45271951949748e-05,4.72362170299539e-07,0.00100201825928337,-2.26782340855287e-08,-4.81060643803375e-05,-5.81613349534991e-07,0.00074709338987464
40160.7579813948,-9.50992521747175e-07,-6.40826687416046e-05,4.65879012313286e-07,0.000995116830443154,-2.23669692945184e-08,-4.77747333245927e-05,-5.73629285631184e-07,0.000741947869395493
40439.2787985098,-9.37938646749003e-07,-6.36412060241606e-05,4.59484820414643e-07,0.000988262937362962,-2.20599760614616e-08,-4.74456843989853e-05,-5.65754823388019e-07,0.000736837788127082
40719.7311988284,-9.25063947146652e-07,-6.32027858981891e-05,4.53178374164616e-07,0.000981456252584777,-2.17571957840802e-08,-4.71189018830225e-05,-5.57988458218866e-07,0.00073176290198519
41002.1285781671,-9.12365963870858e-07,-6.27673873657548e-05,4.46958469855003e-07,0.000974696450907159,-2.14585706635992e-08,-4.67943701645373e-05,-5.50328706192363e-07,0.000726722968566713
41286.4844252437,-8.99842271594362e-07,-6.23349895744147e-05,4.40823920279354e-07,0.000967983209369688,-2.11640436937439e-08,-4.64720737389419e-05,-5.42774103748859e-07,0.000721717747138088
41572.812322323,-8.87490478269085e-07,-6.19055718161965e-05,4.34773554507026e-07,0.000961316207237492,-2.08735586498853e-08,-4.61519972084852e-05,-5.35323207420709e-07,0.000716746998623792
41861.1259458642,-8.75308224669709e-07,-6.1479113526588e-05,4.28806217660365e-07,0.000954695125985903,-2.05870600783351e-08,-4.58341252815165e-05,-5.27974593556447e-07,0.000711810485594922
42151.4390671752,-8.63293183943451e-07,-6.105559428353e-05,4.22920770694886e-07,0.000948119649285204,-2.03044932857863e-08,-4.55184427717531e-05,-5.20726858048716e-07,0.000706907972257851
42443.7655530697,-8.51443061166068e-07,-6.06349938064202e-05,4.17116090182493e-07,0.000941589462985493,-2.00258043288986e-08,-4.52049345975544e-05,-5.13578616065962e-07,0.000702039224442973
42738.1193665299,-8.39755592903884e-07,-6.02172919551208e-05,4.11391068097632e-07,0.000935104255101641,-1.97509400040256e-08,-4.48935857811992e-05,-5.06528501787781e-07,0.000697204009593506
43034.5145673733,-8.28228546781888e-07,-5.98024687289764e-05,4.05744611606386e-07,0.000928663715798367,-1.9479847837083e-08,-4.45843814481699e-05,-4.99575168143934e-07,0.000692402096754395
43332.9653129246,-8.16859721057677e-07,-5.93905042658365e-05,4.0017564285843e-07,0.000922267537375401,-1.92124760735547e-08,-4.42773068264402e-05,-4.92717286556907e-07,0.000687633256561272
43633.4858586911,-8.05646944201315e-07,-5.89813788410867e-05,3.94683098781855e-07,0.000915915414252764,-1.89487736686362e-08,-4.39723472457686e-05,-4.85953546688048e-07,0.000682897261229504
43936.0905590448,-7.94588074480878e-07,-5.85750728666862e-05,3.89265930880763e-07,0.000909607042956138,-1.86886902775117e-08,-4.3669488136996e-05,-4.7928265618715e-07,0.000678193884543308
44240.7938679069,-7.83680999553745e-07,-5.81715668902122e-05,3.8392310503566e-07,0.000903342122102351,-1.84321762457655e-08,-4.33687150313496e-05,-4.72703340445504e-07,0.000673522901844954
44547.6103394389,-7.72923636063433e-07,-5.77708415939112e-05,3.78653601306545e-07,0.000897120352384941,-1.81791825999229e-08,-4.30700135597492e-05,-4.66214342352319e-07,0.000668884090024023
44856.5546287376,-7.62313929242014e-07,-5.73728777937581e-05,3.73456413738718e-07,0.000890941436559848,-1.79296610381222e-08,-4.27733694521213e-05,-4.59814422054504e-07,0.000664277227506762
45167.641492535,-7.51849852517923e-07,-5.69776564385197e-05,3.6833055017122e-07,0.000884805079431175,-1.76835639209123e-08,-4.24787685367148e-05,-4.53502356719733e-07,0.000659702094245485
45480.8857899031,-7.415294071292e-07,-5.65851586088283e-05,3.63275032047905e-07,0.000878710987837077,-1.74408442621782e-08,-4.21861967394245e-05,-4.4727694030278e-07,0.000655158471708079
45796.3024829641,-7.31350621741985e-07,-5.61953655162583e-05,3.58288894231083e-07,0.000872658870635719,-1.72014557201886e-08,-4.18956400831165e-05,-4.41136983315043e-07,0.00065064614286755
46113.9066376045,-7.21311552074283e-07,-5.58082585024129e-05,3.53371184817726e-07,0.000866648438691356,-1.69653525887676e-08,-4.16070846869606e-05,-4.35081312597256e-07,0.00064616489219167
46433.713424195,-7.11410280524847e-07,-5.54238190380146e-05,3.48520964958163e-07,0.00086067940486049,-1.67324897885855e-08,-4.13205167657653e-05,-4.29108771095292e-07,0.000641714505632669
46755.7381183149,-7.01644915807191e-07,-5.50420287220038e-05,3.43737308677278e-07,0.000854751483978139,-1.65028228585708e-08,-4.10359226293192e-05,-4.23218217639074e-07,0.000637294770617023
47079.9961014825,-6.92013592588576e-07,-5.46628692806432e-05,3.3901930269813e-07,0.000848864392844183,-1.62763079474374e-08,-4.07532886817353e-05,-4.17408526724501e-07,0.000632905476035287
47406.5028618884,-6.82514471133989e-07,-5.42863225666293e-05,3.34366046268008e-07,0.000843017850209826,-1.60529018053295e-08,-4.04726014208016e-05,-4.11678588298379e-07,0.000628546412232026
47735.2739951367,-6.73145736954963e-07,-5.3912370558209e-05,3.29776650986837e-07,0.000837211576764127,-1.58325617755792e-08,-4.0193847437334e-05,-4.06027307546298e-07,0.000624217370995786
48066.3252049891,-6.63905600463247e-07,-5.35409953583045e-05,3.25250240637956e-07,0.00083144529512065,-1.56152457865789e-08,-3.99170134145361e-05,-4.00453604683427e-07,0.00061991814554916
48399.6723041153,-6.54792296629188e-07,-5.31721791936417e-05,3.20785951021187e-07,0.000825718729804181,-1.54009123437625e-08,-3.96420861273613e-05,-3.94956414748176e-07,0.000615648530538902
48735.331214848,-6.45804084644839e-07,-5.28059044138882e-05,3.16382929788214e-07,0.000820031607237561,-1.51895205216983e-08,-3.9369052441881e-05,-3.89534687398701e-07,0.000611408322026126
49073.317969944,-6.36939247591637e-07,-5.2442153490794e-05,3.12040336280175e-07,0.000814383655728586,-1.49810299562887e-08,-3.90978993146554e-05,-3.84187386712183e-07,0.000607197317476557
49413.6487133493,-6.28196092112688e-07,-5.20809090173415e-05,3.07757341367518e-07,0.000808774605457021,-1.47754008370779e-08,-3.88286137921107e-05,-3.78913490986893e-07,0.000603015315750864
49756.3397009709,-6.195729480895e-07,-5.17221537068991e-05,3.03533127292011e-07,0.000803204188461682,-1.45725938996632e-08,-3.85611830099188e-05,-3.7371199254694e-07,0.000598862117095046
50101.4073014524,-6.11068168323186e-07,-5.13658703923823e-05,2.99366887510938e-07,0.000797672138627627,-1.43725704182118e-08,-3.82955941923825e-05,-3.6858189754973e-07,0.000594737523130896
50448.8679969571,-6.02680128220003e-07,-5.101204202542e-05,2.95257826543408e-07,0.000792178191673419,-1.41752921980793e-08,-3.80318346518238e-05,-3.63522225796047e-07,0.000590641336846518
50798.7383839539,-5.9440722548124e-07,-5.06606516755278e-05,2.91205159818782e-07,0.000786722085138489,-1.39807215685285e-08,-3.7769891787978e-05,-3.58532010542759e-07,0.000586573362586926
51151.0351740109,-5.86247879797323e-07,-5.03116825292856e-05,2.87208113527158e-07,0.000781303558370577,-1.37888213755495e-08,-3.75097530873904e-05,-3.53610298318075e-07,0.000582533406044692
51505.7751945938,-5.78200532546135e-07,-4.99651178895222e-05,2.83265924471913e-07,0.000775922352513266,-1.35995549747761e-08,-3.72514061228178e-05,-3.4875614873936e-07,0.000578521274250661
51862.9753898685,-5.70263646495477e-07,-4.96209411745061e-05,2.7937783992426e-07,0.000770578210493608,-1.3412886224501e-08,-3.6994838552635e-05,-3.43968634333439e-07,0.000574536775564746
52222.6528215118,-5.62435705509581e-07,-4.92791359171403e-05,2.75543117479787e-07,0.00076527087700981,-1.32287794787852e-08,-3.67400381202434e-05,-3.39246840359367e-07,0.00057057971966676
52584.8246695256,-5.54715214259691e-07,-4.8939685764165e-05,2.71761024916972e-07,0.000760000098519044,-1.30471995806626e-08,-3.6486992653486e-05,-3.3458986463364e-07,0.000566649917547339
52949.5082330576,-5.47100697938562e-07,-4.8602574475364e-05,2.6803084005762e-07,0.000754765623225303,-1.28681118554369e-08,-3.62356900640643e-05,-3.29996817357798e-07,0.000562747181498898
53316.7209312277,-5.39590701978923e-07,-4.82677859227786e-05,2.64351850629222e-07,0.000749567201067369,-1.2691482104071e-08,-3.5986118346961e-05,-3.25466820948403e-07,0.000558871325106681
53686.4803039601,-5.32183791775761e-07,-4.7935304089925e-05,2.60723354129187e-07,0.000744404583706847,-1.25172765966662e-08,-3.57382655798656e-05,-3.2099900986934e-07,0.000555022163239844
54058.8040128205,-5.24878552412444e-07,-4.76051130710197e-05,2.57144657690938e-07,0.000739277524516292,-1.23454620660314e-08,-3.54921199226041e-05,-3.16592530466435e-07,0.00055119951204262
54433.709841861,-5.17673588390573e-07,-4.72771970702078e-05,2.5361507795184e-07,0.000734185778567409,-1.21760057013395e-08,-3.52476696165733e-05,-3.12246540804329e-07,0.000547403188925531
54811.215698468,-5.10567523363567e-07,-4.69515404007992e-05,2.50133940922934e-07,0.000729129102619348,-1.20088751418712e-08,-3.50049029841779e-05,-3.07960210505605e-07,0.000543633012556675
55191.3396142186,-5.03558999873869e-07,-4.66281274845084e-05,2.46700581860453e-07,0.000724107255107055,-1.18440384708445e-08,-3.47638084282727e-05,-3.03732720592108e-07,0.000539888802853053
55574.0997457415,-4.96646679093792e-07,-4.63069428507008e-05,2.43314345139099e-07,0.000719119996129743,-1.16814642093283e-08,-3.45243744316078e-05,-2.99563263328463e-07,0.000536170380971977
55959.5143755845,-4.89829240569886e-07,-4.59879711356433e-05,2.39974584127054e-07,0.000714167087439394,-1.15211213102397e-08,-3.42865895562778e-05,-2.95451042067723e-07,0.000532477569302521
56347.6019130871,-4.83105381970837e-07,-4.5671197081762e-05,2.36680661062696e-07,0.000709248292429387,-1.1362979152423e-08,-3.4050442443175e-05,-2.91395271099149e-07,0.000528810191457043
56738.380895261,-4.76473818838801e-07,-4.53566055369027e-05,2.33431946933014e-07,0.000704363376123168,-1.12070075348107e-08,-3.38159218114463e-05,-2.8739517549807e-07,0.000525168072262752
57131.8699876742,-4.69933284344171e-07,-4.5044181453599e-05,2.30227821353678e-07,0.000699512105163024,-1.10531766706634e-08,-3.35830164579539e-05,-2.83449990977817e-07,0.00052155103775335
57528.0879853436,-4.63482529043685e-07,-4.47339098883438e-05,2.27067672450751e-07,0.000694694247798915,-1.09014571818891e-08,-3.33517152567394e-05,-2.79558963743672e-07,0.000517958915160713
57927.053813632,-4.57120320641874e-07,-4.44257760008674e-05,2.23950896744027e-07,0.0006899095738774,-1.07518200934404e-08,-3.3122007158492e-05,-2.75721350348843e-07,0.000514391532906647
58328.7865291527,-4.50845443755757e-07,-4.4119765053419e-05,2.20876899031959e-07,0.000685157854830625,-1.06042368277882e-08,-3.28938811900202e-05,-2.71936417552394e-07,0.000510848720594685
58733.3053206791,-4.44656699682792e-07,-4.38158624100554e-05,2.17845092278168e-07,0.0006804388636654,-1.04586791994712e-08,-3.26673264537272e-05,-2.6820344217915e-07,0.000507330309001954
59140.6295100621,-4.38552906171978e-07,-4.35140535359327e-05,2.14854897499499e-07,0.000675752374952336,-1.03151194097198e-08,-3.24423321270897e-05,-2.645217109815e-07,0.000503836130071086
59550.7785531519,-4.3253289719813e-07,-4.32143239966047e-05,2.11905743655621e-07,0.000671098164815078,-1.0173530041154e-08,-3.22188874621406e-05,-2.60890520503119e-07,0.000500366016902199
59963.7720407286,-4.26595522739217e-07,-4.29166594573244e-05,2.08997067540123e-07,0.000666476010919587,-1.00338840525539e-08,-3.19969817849554e-05,-2.57309176944546e-07,0.000496919803744913
60379.6296994364,-4.20739648556784e-07,-4.26210456823529e-05,2.06128313673117e-07,0.000661885692463522,-9.89615477370137e-09,-3.17766044951413e-05,-2.53776996030617e-07,0.000493497325990447
60798.3713927276,-4.14964155979358e-07,-4.23274685342704e-05,2.03298934195298e-07,0.00065732699016567,-9.76031590029285e-09,-3.1557745065331e-05,-2.5029330287971e-07,0.000490098420163741
61220.0171218097,-4.09267941688854e-07,-4.20359139732944e-05,2.00508388763469e-07,0.000652799686255475,-9.62634148892177e-09,-3.13403930406791e-05,-2.46857431874795e-07,0.000486722923915661
61644.5870266023,-4.0364991750988e-07,-4.17463680566014e-05,1.9775614444748e-07,0.000648303564462611,-9.49420595212933e-09,-3.11245380383623e-05,-2.43468726536241e-07,0.000483370676015235
62072.1013866976,-3.98109010201963e-07,-4.14588169376538e-05,1.95041675628594e-07,0.000643838410006658,-9.3638840535237e-09,-3.09101697470832e-05,-2.40126539396387e-07,0.00048004151634196
62502.5806223305,-3.92644161254595e-07,-4.11732468655311e-05,1.92364463899232e-07,0.000639404009586817,-9.23535090296537e-09,-3.06972779265771e-05,-2.36830231875814e-07,0.000476735285878141
62936.0452953524,-3.87254326685117e-07,-4.08896441842671e-05,1.89723997964106e-07,0.000635000151371724,-9.1085819518192e-09,-3.04858524071227e-05,-2.33579174161334e-07,0.000473451826701312
63372.5161102152,-3.81938476839355e-07,-4.06079953321897e-05,1.87119773542684e-07,0.000630626624989316,-8.98355298827074e-09,-3.02758830890559e-05,-2.30372745085643e-07,0.000470190981976676
63812.0139149584,-3.76695596195006e-07,-4.03282868412678e-05,1.84551293273017e-07,0.000626283221516777,-8.86024013270751e-09,-3.00673599422869e-05,-2.27210332008634e-07,0.000466952595949629
64254.5597022062,-3.71524683167706e-07,-4.00505053364601e-05,1.82018066616864e-07,0.000621969733470546,-8.73861983316282e-09,-2.98602730058207e-05,-2.24091330700326e-07,0.000463736513938307
64700.1746101695,-3.66424749919779e-07,-3.97746375350715e-05,1.79519609766121e-07,0.000617685954796401,-8.61866886082269e-09,-2.96546123872812e-05,-2.21015145225422e-07,0.000460542582326207
65148.8799236562,-3.61394822171582e-07,-3.95006702461107e-05,1.77055445550537e-07,0.000613431680859604,-8.50036430559362e-09,-2.9450368262438e-05,-2.17981187829429e-07,0.000457370648554843
65600.697075087,-3.56433939015466e-07,-3.92285903696557e-05,1.74625103346691e-07,0.000609206708435126,-8.38368357173185e-09,-2.92475308747368e-05,-2.14988878826359e-07,0.000454220561116466
66055.6476455202,-3.51541152732265e-07,-3.89583848962208e-05,1.7222811898821e-07,0.000605010835697919,-8.26860437353183e-09,-2.90460905348334e-05,-2.12037646487956e-07,0.000451092169546817
66513.7533656814,-3.46715528610328e-07,-3.86900409061303e-05,1.69864034677232e-07,0.000600843862213282,-8.15510473107432e-09,-2.884603762013e-05,-2.09126926934464e-07,0.000447985324417952
66975.0361170023,-3.41956144767e-07,-3.84235455688951e-05,1.6753239889706e-07,0.000596705588927265,-8.04316296603216e-09,-2.86473625743156e-05,-2.0625616402687e-07,0.000444899877331093
67439.5179326655,-3.37262091972591e-07,-3.81588861425944e-05,1.65232766326037e-07,0.000592595818157166,-7.9327576975343e-09,-2.84500559069093e-05,-2.0342480926065e-07,0.000441835680909548
67907.2209986571,-3.32632473476723e-07,-3.78960499732618e-05,1.62964697752579e-07,0.000588514353582072,-7.82386783808559e-09,-2.82541081928062e-05,-2.00632321660956e-07,0.000438792588791667
68378.167654826,-3.28066404837089e-07,-3.76350244942752e-05,1.60727759991387e-07,0.000584461000233478,-7.71647258954335e-09,-2.80595100718272e-05,-1.97878167679253e-07,0.000435770455623854
68852.3803959518,-3.2356301375054e-07,-3.73757972257515e-05,1.58521525800802e-07,0.000580435564485967,-7.61055143914839e-09,-2.78662522482718e-05,-1.95161821091366e-07,0.000432769137053619
69329.8818728181,-3.19121439886502e-07,-3.71183557739454e-05,1.56345573801289e-07,0.000576437854047954,-7.50608415561088e-09,-2.76743254904733e-05,-1.92482762896939e-07,0.000429788489722691
69810.6948932956,-3.14740834722672e-07,-3.6862687830652e-05,1.54199488395044e-07,0.000572467677952489,-7.4030507852496e-09,-2.74837206303578e-05,-1.89840481220259e-07,0.000426828371260161
70294.8424234306,-3.10420361382975e-07,-3.66087811726144e-05,1.52082859686696e-07,0.000568524846548141,-7.3014316481843e-09,-2.7294428563006e-05,-1.87234471212456e-07,0.00042388864027569
70782.3475885425,-3.06159194477731e-07,-3.63566236609346e-05,1.49995283405104e-07,0.000564609171489917,-7.20120733457997e-09,-2.71064402462182e-05,-1.84664234955032e-07,0.000420969156352748
71273.2336743282,-3.01956519946032e-07,-3.61062032404894e-05,1.47936360826217e-07,0.000560720465730272,-7.10235870094298e-09,-2.69197467000816e-05,-1.82129281364729e-07,0.000418069780041914
71767.5241279742,-2.97811534900264e-07,-3.58575079393496e-05,1.45905698696994e-07,0.000556858543510159,-7.00486686646753e-09,-2.67343390065417e-05,-1.79629126099691e-07,0.000415190372854211
72265.2425592773,-2.93723447472777e-07,-3.56105258682034e-05,1.43902909160371e-07,0.000553023220350154,-6.90871320943252e-09,-2.65502083089753e-05,-1.77163291466918e-07,0.000412330797254487
72766.4127417709,-2.89691476664653e-07,-3.53652452197849e-05,1.41927609681249e-07,0.000549214313041641,-6.81387936364776e-09,-2.63673458117683e-05,-1.74731306330995e-07,0.000409490916654859
73271.058613862,-2.85714852196541e-07,-3.51216542683046e-05,1.399794229735e-07,0.000545431639638047,-6.72034721494864e-09,-2.61857427798941e-05,-1.72332706024067e-07,0.00040667059540817
73779.2042799737,-2.81792814361555e-07,-3.48797413688862e-05,1.38057976927979e-07,0.000541675019446152,-6.62809889773924e-09,-2.60053905384971e-05,-1.69967032257054e-07,0.000403869698801529
74290.8740116972,-2.77924613880172e-07,-3.46394949570052e-05,1.36162904541503e-07,0.000537944273017449,-6.53711679158238e-09,-2.58262804724774e-05,-1.67633833032085e-07,0.00040108809304986
74806.0922489501,-2.74109511757139e-07,-3.44009035479331e-05,1.34293843846834e-07,0.00053423922213957,-6.4473835178369e-09,-2.56484040260795e-05,-1.65332662556132e-07,0.000398325645289524
75324.8836011454,-2.70346779140323e-07,-3.41639557361843e-05,1.3245043784359e-07,0.000530559689827761,-6.35888193634052e-09,-2.54717527024832e-05,-1.6306308115583e-07,0.000395582223571962
75847.2728483651,-2.66635697181522e-07,-3.3928640194968e-05,1.30632334430125e-07,0.000526905500316435,-6.27159514213871e-09,-2.52963180633975e-05,-1.60824655193471e-07,0.000392857696857403
76373.2849425456,-2.62975556899158e-07,-3.36949456756426e-05,1.28839186336333e-07,0.000523276479050757,-6.18550646225786e-09,-2.51220917286575e-05,-1.58616956984141e-07,0.000390151935008596
76902.9450086679,-2.59365659042881e-07,-3.34628610071752e-05,1.27070651057377e-07,0.000519672452678312,-6.10059945252316e-09,-2.49490653758236e-05,-1.5643956471401e-07,0.000387464808784602
77436.2783459591,-2.55805313960009e-07,-3.3232375095604e-05,1.25326390788321e-07,0.000516093249040812,-6.01685789441975e-09,-2.4777230739784e-05,-1.54292062359725e-07,0.000384796189834609
77973.3104290997,-2.52293841463817e-07,-3.3003476923505e-05,1.23606072359661e-07,0.000512538697165876,-5.93426579199717e-09,-2.46065796123596e-05,-1.52174039608927e-07,0.000382145950691817
78514.0669094413,-2.48830570703615e-07,-3.27761555494619e-05,1.21909367173745e-07,0.000509008627258849,-5.85280736881596e-09,-2.44371038419117e-05,-1.50085091781846e-07,0.000379513964767334
79058.5736162311,-2.45414840036633e-07,-3.25504001075404e-05,1.20235951142056e-07,0.000505502870694693,-5.7724670649365e-09,-2.42687953329526e-05,-1.48024819753985e-07,0.000376900106344142
79606.8565578463,-2.42045996901638e-07,-3.23261998067653e-05,1.18585504623354e-07,0.000502021260009928,-5.6932295339487e-09,-2.41016460457583e-05,-1.45992829879847e-07,0.000374304250571083
80158.9419230357,-2.38723397694307e-07,-3.21035439306022e-05,1.16957712362681e-07,0.000498563628894626,-5.61507964004281e-09,-2.39356479959851e-05,-1.43988733917735e-07,0.0003717262734569
80714.8560821713,-2.35446407644291e-07,-3.1882421836442e-05,1.15352263431179e-07,0.000495129812184461,-5.53800245512007e-09,-2.37707932542868e-05,-1.42012148955556e-07,0.000369166051864312
81274.6255885071,-2.32214400693984e-07,-3.16628229550898e-05,1.13768851166755e-07,0.000491719645852822,-5.46198325594324e-09,-2.3607073945937e-05,-1.40062697337666e-07,0.000366623463504138
81838.2771794484,-2.29026759378939e-07,-3.14447367902561e-05,1.12207173115542e-07,0.000488332967002965,-5.38700752132595e-09,-2.3444482250452e-05,-1.38140006592707e-07,0.000364098386929447
82405.8377778279,-2.25882874709939e-07,-3.12281529180536e-05,1.10666930974176e-07,0.000484969613860238,-5.31306092936085e-09,-2.32830104012176e-05,-1.36243709362443e-07,0.000361590701529763
82977.3344931927,-2.22782146056674e-07,-3.10130609864951e-05,1.09147830532855e-07,0.000481629425764338,-5.24012935468548e-09,-2.31226506851171e-05,-1.34373443331558e-07,0.000359100287525304
83552.7946230977,-2.19723981033025e-07,-3.07994507149967e-05,1.07649581619183e-07,0.000478312243161645,-5.1681988657859e-09,-2.29633954421639e-05,-1.32528851158441e-07,0.000356627025961257
84132.2456544116,-2.16707795383909e-07,-3.05873118938839e-05,1.06171898042782e-07,0.000475017907597586,-5.09725572233708e-09,-2.28052370651343e-05,-1.30709580406898e-07,0.0003541707987021
84715.7152646274,-2.13733012873695e-07,-3.03766343839008e-05,1.04714497540666e-07,0.000471746261709071,-5.02728637257994e-09,-2.26481679992048e-05,-1.28915283478819e-07,0.000351731488425956
85303.2313231867,-2.10799065176131e-07,-3.01674081157233e-05,1.03277101723361e-07,0.000468497149216966,-4.95827745073413e-09,-2.24921807415907e-05,-1.27145617547754e-07,0.000349308978618992
85894.8218928089,-2.07905391765798e-07,-2.99596230894754e-05,1.01859436021766e-07,0.000465270414918631,-4.89021577444658e-09,-2.23372678411876e-05,-1.25400244493419e-07,0.000346903153569851
86490.5152308334,-2.05051439811041e-07,-2.97532693742486e-05,1.00461229634739e-07,0.000462065904680495,-4.82308834227473e-09,-2.21834218982153e-05,-1.23678830837081e-07,0.000344513898364127
87090.3397905676,-2.02236664068378e-07,-2.95483371076254e-05,9.90822154774054e-08,0.0004588834654307,-4.75688233120452e-09,-2.20306355638644e-05,-1.21981047677847e-07,0.000342141098878875
87694.3242226474,-1.99460526778353e-07,-2.93448164952053e-05,9.77221301301758e-08,0.000455722945151776,-4.69158509420226e-09,-2.18789015399449e-05,-1.20306570629818e-07,0.00033978464177716
88302.4973764047,-1.96722497562822e-07,-2.91426978101347e-05,9.6380713788458e-08,0.000452584192873383,-4.62718415780016e-09,-2.17282125785377e-05,-1.1865507976011e-07,0.000337444414502644
88914.8883012464,-1.94022053323642e-07,-2.89419713926397e-05,9.5057710213062e-08,0.000449467058665093,-4.5636672197149e-09,-2.15785614816478e-05,-1.17026259527719e-07,0.000335120305274207
89531.5262480405,-1.9135867814276e-07,-2.87426276495625e-05,9.37528666812861e-08,0.000446371393629231,-4.50102214649895e-09,-2.1429941100861e-05,-1.15419798723242e-07,0.000332812203080615
90152.440670515,-1.8873186318366e-07,-2.85446570539006e-05,9.24659339386693e-08,0.000443297049893748,-4.43923697122394e-09,-2.12823443370017e-05,-1.13835390409399e-07,0.000330519997675207
90777.661226663,-1.8614110659418e-07,-2.83480501443497e-05,9.11966661514106e-08,0.000440243880605168,-4.37829989119609e-09,-2.11357641397942e-05,-1.122727318624e-07,0.000328243579570638
91407.217780161,-1.83585913410639e-07,-2.81527975248493e-05,8.99448208594353e-08,0.000437211739921562,-4.31819926570253e-09,-2.09901935075252e-05,-1.10731524514095e-07,0.000325982840033643
92041.1404017939,-1.81065795463306e-07,-2.79588898641317e-05,8.87101589301108e-08,0.000434200483005581,-4.25892361378904e-09,-2.084562548671e-05,-1.09211473894933e-07,0.00032373767107985
92679.4593708925,-1.78580271283144e-07,-2.77663178952744e-05,8.74924445125909e-08,0.000431209966017533,-4.20046161206781e-09,-2.07020531717593e-05,-1.07712289577689e-07,0.000321507965468615
93322.2051767786,-1.76128866009849e-07,-2.75750724152552e-05,8.62914449927919e-08,0.000428240046108515,-4.14280209255559e-09,-2.05594697046503e-05,-1.06233685121985e-07,0.000319293616697903
93969.4085202226,-1.7371111130114e-07,-2.73851442845102e-05,8.51069309489812e-08,0.000425290581413581,-4.08593404054128e-09,-2.04178682745981e-05,-1.04775378019545e-07,0.000317094518999202
94621.1003149089,-1.71326545243303e-07,-2.7196524426496e-05,8.39386761079788e-08,0.000422361431044965,-4.02984659248294e-09,-2.02772421177306e-05,-1.03337089640231e-07,0.000314910567332469
95277.3116889132,-1.68974712262953e-07,-2.70092038272533e-05,8.27864573019563e-08,0.00041945245508535,-3.97452903393346e-09,-2.01375845167655e-05,-1.01918545178792e-07,0.000312741657381113
95938.0739861886,-1.66655163040018e-07,-2.68231735349751e-05,8.16500544258319e-08,0.00041656351458118,-3.91997079749485e-09,-1.99988888006891e-05,-1.0051947360237e-07,0.000310587685547014
96603.4187680637,-1.64367454421906e-07,-2.66384246595768e-05,8.05292503952448e-08,0.00041369447153602,-3.86616146080044e-09,-1.98611483444373e-05,-9.91396075987009e-08,0.00030844854894557
97273.3778147489,-1.62111149338862e-07,-2.64549483722698e-05,7.94238311051119e-08,0.000410845188903967,-3.81309074452493e-09,-1.97243565685798e-05,-9.77786835250518e-08,0.000306324145400791
97947.983126856,-1.59885816720469e-07,-2.6272735905138e-05,7.83335853887463e-08,0.000408015530583093,-3.7607485104215e-09,-1.95885069390049e-05,-9.64364413578378e-08,0.000304214373440408
98627.2669269249,-1.57691031413317e-07,-2.60917785507173e-05,7.72583049775434e-08,0.00040520536140895,-3.70912475938609e-09,-1.94535929666079e-05,-9.51126246429448e-08,0.000302119132291036
99311.2616609643,-1.55526374099782e-07,-2.59120676615776e-05,7.61977844612134e-08,0.000402414547148104,-3.65820962954801e-09,-1.93196082069805e-05,-9.38069804467265e-08,0.000300038321873353
100000,-1.53391431217934e-07,-2.57335946499087e-05,7.51518212485639e-08,0.000399642954491728,-3.60799339438699e-09,-1.91865462601035e-05,-9.25192593076789e-08,0.000297971842797324
