Frequency_Hz,Y11_Real,Y11_Imag,Y12_Real,Y12_Imag,Y21_Real,Y21_Imag,Y22_Real,Y22_Imag
0.1,0.508478872458994,-0.00518074766697198,0.467945443446584,-0.000238443299106855,0.0547119889550421,-0.000238289888034007,-0.660386747774995,-7.21386032001559e-06
0.100693514841637,0.5084784963172,-0.00521669790850693,0.467945618341228,-0.000240102456381677,0.0547120203598078,-0.00023994583573797,-0.660387799154405,-7.21176655753969e-06
0.10139183931163,0.508478114888431,-0.00525289790648876,0.467945795662781,-0.000241773235317867,0.0547120521961288,-0.000241613338016623,-0.660388865098628,-7.20856954332383e-06
0.102095006765465,0.508477728097661,-0.00528934940203097,0.467945975444817,-0.00024345571891075,0.0547120844698568,-0.000243292476465206,-0.660389945808465,-7.20423893101063e-06
0.102803050789954,0.508477335868781,-0.00532605414850664,0.467946157721372,-0.000245149990780942,0.0547121171869208,-0.00024498333327509,-0.660391041487457,-7.19874369242701e-06
0.103516005204838,0.50847693812458,-0.00536301391163702,0.467946342526949,-0.00024685613517968,0.0547121503533277,-0.000246685991238542,-0.660392152341922,-7.19205210289453e-06
0.104233904064403,0.508476534786731,-0.00540023046958094,0.467946529896525,-0.000248574236994268,0.0547121839751635,-0.000248400533753511,-0.660393278580995,-7.18413172662302e-06
0.104956781659108,0.508476125775775,-0.00543770561302512,0.46794671986556,-0.000250304381753539,0.0547122180585945,-0.00025012704482849,-0.660394420416661,-7.17494940156299e-06
0.105684672517218,0.508475711011101,-0.00547544114527478,0.467946912469999,-0.000252046655633387,0.0547122526098676,-0.000251865609087397,-0.6603955780638,-7.16447122408453e-06
0.106417611406461,0.50847529041093,-0.00551343888234527,0.46794710774628,-0.000253801145462362,0.054712287635312,-0.00025361631177452,-0.660396751740217,-7.1526625331983e-06
0.10715563333568,0.508474863892298,-0.00555170065305431,0.467947305731345,-0.000255567938727355,0.0547123231413399,-0.000255379238759504,-0.660397941666687,-7.13948789455437e-06
0.107898773556513,0.508474431371039,-0.00559022829911497,0.467947506462639,-0.000257347123579272,0.0547123591344474,-0.000257154476542392,-0.660399148066995,-7.12491108414287e-06
0.108647067565072,0.508473992761764,-0.00562902367522927,0.467947709978124,-0.000259138788838851,0.0547123956212157,-0.000258942112258704,-0.660400371167971,-7.10889507153645e-06
0.109400551103639,0.508473547977846,-0.00566808864918271,0.467947916316282,-0.000260943024002483,0.0547124326083121,-0.000260742233684577,-0.660401611199535,-7.0914020028276e-06
0.110159260162376,0.5084730969314,-0.00570742510193933,0.467948125516124,-0.000262759919248155,0.0547124701024911,-0.00026255492924195,-0.660402868394736,-7.07239318330916e-06
0.11092323098104,0.508472639533263,-0.00574703492773773,0.467948337617195,-0.000264589565441394,0.0547125081105953,-0.000264380288003799,-0.660404142989797,-7.05182905968993e-06
0.111692500050717,0.508472175692976,-0.00578692003418756,0.467948552659583,-0.000266432054141325,0.0547125466395566,-0.000266218399699421,-0.66040543522415,-7.02966920196335e-06
0.112467104115564,0.508471705318764,-0.00582708234236711,0.467948770683927,-0.000268287477606788,0.0547125856963972,-0.000268069354719785,-0.660406745340487,-7.00587228494309e-06
0.113247080174565,0.508471228317516,-0.00586752378692143,0.467948991731422,-0.000270155928802508,0.0547126252882309,-0.000269933244122917,-0.660408073584798,-6.98039606939621e-06
0.114032465483296,0.508470744594765,-0.0059082463161612,0.467949215843828,-0.000272037501405353,0.0547126654222637,-0.000271810159639346,-0.660409420206414,-6.95319738271832e-06
0.114823297555707,0.508470254054669,-0.00594925189216256,0.467949443063477,-0.000273932289810641,0.0547127061057955,-0.000273700193677607,-0.660410785458057,-6.92423209940757e-06
0.115619614165913,0.508469756599987,-0.00599054249086764,0.467949673433282,-0.000275840389138539,0.0547127473462209,-0.000275603439329799,-0.660412169595878,-6.89345512083772e-06
0.116421453349997,0.508469252132058,-0.0060321201021858,0.467949906996745,-0.000277761895240536,0.0547127891510302,-0.000277519990377192,-0.660413572879508,-6.86082035494806e-06
0.117228853407829,0.508468740550785,-0.00607398673009584,0.467950143797961,-0.000279696904705982,0.054712831527811,-0.000279449941295899,-0.6604149955721,-6.82628069523239e-06
0.118041852904894,0.508468221754606,-0.00611614439274882,0.46795038388163,-0.000281645514868676,0.0547128744842488,-0.000281393387262595,-0.660416437940377,-6.78978799949909e-06
0.118860490674132,0.508467695640474,-0.00615859512257188,0.467950627293067,-0.000283607823813585,0.0547129180281287,-0.000283350424160304,-0.660417900254681,-6.75129306802053e-06
0.1196848058178,0.508467162103838,-0.00620134096637277,0.467950874078203,-0.000285583930383597,0.054712962167336,-0.000285321148584238,-0.660419382789016,-6.71074562141882e-06
0.120514837709331,0.508466621038616,-0.00624438398544531,0.467951124283601,-0.000287573934186368,0.0547130069098579,-0.000287305657847702,-0.660420885821101,-6.66809427795484e-06
0.12135062599522,0.508466072337172,-0.00628772625567557,0.467951377956459,-0.000289577935601245,0.0547130522637844,-0.000289304049988046,-0.660422409632418,-6.6232865303939e-06
0.122192210596917,0.508465515890294,-0.00633136986764886,0.467951635144621,-0.000291596035786268,0.0547130982373096,-0.000291316423772691,-0.66042395450826,-6.5762687224552e-06
0.123039631712731,0.508464951587169,-0.0063753169267579,0.467951895896586,-0.000293628336685265,0.0547131448387328,-0.000293342878705215,-0.660425520737779,-6.52698602465057e-06
0.123892929819754,0.508464379315358,-0.00641956955331137,0.467952160261517,-0.000295674941035022,0.0547131920764599,-0.000295383515031492,-0.660427108614044,-6.47538240972773e-06
0.124752145675793,0.508463798960772,-0.00646412988264377,0.467952428289246,-0.000297735952372521,0.0547132399590047,-0.000297438433745906,-0.660428718434083,-6.42140062766944e-06
0.125617320321316,0.508463210407647,-0.00650900006522587,0.467952700030291,-0.000299811475042295,0.0547132884949896,-0.000299507736597621,-0.660430350498945,-6.36498218001963e-06
0.126488495081411,0.508462613538516,-0.00655418226677613,0.467952975535855,-0.000301901614203842,0.0547133376931477,-0.000301591526096917,-0.660432005113742,-6.30606729372374e-06
0.127365711567764,0.508462008234186,-0.00659967866837312,0.467953254857843,-0.000304006475839158,0.0547133875623232,-0.000303689905521603,-0.660433682587712,-6.24459489462909e-06
0.128249011680643,0.508461394373709,-0.00664549146656861,0.467953538048869,-0.000306126166760318,0.0547134381114734,-0.000305802978923472,-0.660435383234266,-6.18050258008318e-06
0.129138437610901,0.508460771834356,-0.00669162287350187,0.467953825162266,-0.00030826079461718,0.0547134893496694,-0.000307930851134854,-0.660437107371045,-6.11372659142795e-06
0.130034031841991,0.508460140491589,-0.00673807511701457,0.467954116252092,-0.000310410467905172,0.0547135412860981,-0.000310073627775209,-0.660438855319978,-6.0442017854323e-06
0.130935837151994,0.508459500219035,-0.00678485044076694,0.467954411373146,-0.000312575295973174,0.0547135939300626,-0.000312231415257819,-0.660440627407331,-5.97186160555818e-06
0.131843896615665,0.508458850888454,-0.00683195110435453,0.467954710580973,-0.000314755389031479,0.0547136472909842,-0.000314404320796516,-0.660442423963772,-5.89663805246332e-06
0.132758253606487,0.508458192369713,-0.00687937938342618,0.467955013931875,-0.000316950858159887,0.0547137013784035,-0.000316592452412515,-0.660444245324421,-5.81846165379624e-06
0.133678951798747,0.508457524530758,-0.00692713756980287,0.467955321482923,-0.000319161815315846,0.0547137562019819,-0.000318795918941292,-0.660446091828911,-5.73726143367898e-06
0.134606035169616,0.508456847237578,-0.00697522797159737,0.467955633291964,-0.000321388373342738,0.0547138117715026,-0.000321014830039555,-0.660447963821449,-5.6529648811976e-06
0.135539548001256,0.508456160354182,-0.00702365291333517,0.467955949417636,-0.000323630645978247,0.0547138680968722,-0.000323249296192275,-0.66044986165087,-5.56549791864286e-06
0.136479534882933,0.508455463742563,-0.00707241473607604,0.467956269919374,-0.00032588874786281,0.054713925188122,-0.0003254994287198,-0.660451785670702,-5.47478486869618e-06
0.137426040713143,0.50845475726267,-0.00712151579753701,0.467956594857422,-0.000328162794548224,0.0547139830554096,-0.000327765339785051,-0.660453736239224,-5.38074842130337e-06
0.138379110701763,0.508454040772374,-0.0071709584722158,0.467956924292845,-0.000330452902506294,0.0547140417090197,-0.000330047142400774,-0.660455713719526,-5.28330959961854e-06
0.139338790372205,0.508453314127436,-0.00722074515151582,0.46795725828754,-0.000332759189137641,0.0547141011593662,-0.000332344950436892,-0.660457718479577,-5.18238772551777e-06
0.140305125563594,0.508452577181476,-0.00727087824387177,0.467957596904244,-0.000335081772780582,0.054714161416993,-0.00033465887862793,-0.660459750892282,-5.07790038407896e-06
0.141278162432955,0.508451829785935,-0.0073213601748765,0.46795794020655,-0.000337420772720146,0.0547142224925761,-0.000336989042580513,-0.660461811335548,-4.96976338766608e-06
0.14225794745742,0.508451071790046,-0.00737219338740884,0.467958288258912,-0.000339776309197201,0.054714284396924,-0.000339335558780956,-0.660463900192349,-4.85789073902121e-06
0.143244527436446,0.508450303040796,-0.00742338034176232,0.467958641126665,-0.000342148503417638,0.0547143471409803,-0.000341698544602924,-0.660466017850789,-4.74219459392633e-06
0.14423794949405,0.508449523382894,-0.00747492351577537,0.467958998876028,-0.000344537477561793,0.0547144107358242,-0.000344078118315195,-0.660468164704171,-4.62258522261616e-06
0.145238261081064,0.508448732658731,-0.00752682540496209,0.46795936157412,-0.000346943354793842,0.0547144751926725,-0.00034647439908949,-0.660470341151062,-4.49897097098972e-06
0.146245509977397,0.508447930708345,-0.00757908852264441,0.467959729288974,-0.000349366259271419,0.0547145405228807,-0.000348887507008388,-0.660472547595359,-4.37125822064233e-06
0.147259744294318,0.508447117369387,-0.00763171540008526,0.467960102089544,-0.000351806316155317,0.0547146067379446,-0.000351317563073356,-0.660474784446361,-4.23935134814812e-06
0.148281012476756,0.50844629247708,-0.0076847085866227,0.46796048004572,-0.000354263651619301,0.0547146738495021,-0.00035376468921282,-0.660477052118833,-4.10315268369738e-06
0.149309363305612,0.50844545586418,-0.00773807064980555,0.467960863228341,-0.000356738392860073,0.0547147418693339,-0.000356229008290378,-0.660479351033083,-3.96256246868593e-06
0.150344845900091,0.508444607360942,-0.00779180417552958,0.467961251709208,-0.000359230668107339,0.0547148108093658,-0.000358710644113061,-0.660481681615024,-3.8174788125761e-06
0.151387509720044,0.508443746795073,-0.00784591176817533,0.467961645561092,-0.000361740606634024,0.0547148806816697,-0.000361209721439716,-0.660484044296251,-3.66779764887637e-06
0.152437404568337,0.508442873991699,-0.00790039605074668,0.467962044857752,-0.000364268338766596,0.0547149514984651,-0.000363726365989456,-0.660486439514114,-3.51341269016342e-06
0.153494580593225,0.508441988773319,-0.00795525966501094,0.467962449673947,-0.000366813995895542,0.054715023272121,-0.000366260704450233,-0.660488867711787,-3.35421538231323e-06
0.154559088290748,0.508441090959764,-0.0080105052716397,0.467962860085447,-0.00036937771048598,0.0547150960151568,-0.000368812864487483,-0.660491329338344,-3.19009485766353e-06
0.155630978507143,0.508440180368159,-0.00806613555035135,0.467963276169048,-0.000371959616088376,0.0547151697402445,-0.000371382974752883,-0.660493824848835,-3.02093788744073e-06
0.156710302441275,0.508439256812871,-0.00812215320005415,0.467963698002585,-0.000374559847349451,0.0547152444602095,-0.0003739711648932,-0.660496354704358,-2.84662883295872e-06
0.15779711164708,0.508438320105476,-0.00817856093899101,0.467964125664947,-0.000377178540023164,0.0547153201880327,-0.000376577565559237,-0.660498919372141,-2.6670495961445e-06
0.158891458036027,0.508437370054704,-0.00823536150488543,0.467964559236088,-0.000379815830981924,0.0547153969368518,-0.000379202308414899,-0.660501519325614,-2.48207956876634e-06
0.159993393879601,0.508436406466401,-0.0082925576550882,0.467964998797043,-0.000382471858227842,0.0547154747199627,-0.000381845526146326,-0.660504155044487,-2.29159558094716e-06
0.161102971811794,0.508435429143478,-0.00835015216672596,0.467965444429943,-0.000385146760904216,0.0547155535508212,-0.000384507352471173,-0.660506827014836,-2.0954718484012e-06
0.162220244831628,0.50843443788587,-0.00840814783685051,0.467965896218027,-0.000387840679307149,0.0547156334430447,-0.00038718792214796,-0.660509535729172,-1.89357991870615e-06
0.163345266305675,0.508433432490478,-0.00846654748258967,0.467966354245657,-0.000390553754897272,0.0547157144104135,-0.000389887370985555,-0.660512281686534,-1.68578861656915e-06
0.164478089970617,0.508432412751131,-0.00852535394129913,0.467966818598335,-0.000393286130311679,0.054715796466872,-0.000392605835852745,-0.660515065392558,-1.47196398785771e-06
0.165618769935804,0.50843137845853,-0.00858457007071585,0.467967289362715,-0.000396037949375989,0.0547158796265312,-0.00039534345468793,-0.660517887359571,-1.25196924263826e-06
0.166767360685846,0.508430329400201,-0.00864419874911255,0.46796776662662,-0.000398809357116576,0.0547159639036694,-0.000398100366508925,-0.660520748106665,-1.02566469708382e-06
0.167923917083208,0.508429265360438,-0.00870424287545365,0.467968250479055,-0.000401600499772944,0.054716049312734,-0.00040087671142288,-0.660523648159787,-7.92907713993707e-07
0.169088494370839,0.508428186120261,-0.00876470536955238,0.467968741010227,-0.000404411524810307,0.0547161358683432,-0.000403672630636303,-0.660526588051824,-5.53552642577892e-07
0.170261148174801,0.508427091457351,-0.00882558917222925,0.467969238311554,-0.000407242580932284,0.0547162235852873,-0.000406488266465208,-0.660529568322686,-3.07450756492633e-07
0.171441934506935,0.508425981146004,-0.00888689724547182,0.467969742475687,-0.000410093818093805,0.0547163124785305,-0.000409323762345382,-0.660532589519393,-5.44501910781925e-08
0.172630909767531,0.508424854957076,-0.00894863257259604,0.467970253596521,-0.000412965387514168,0.0547164025632124,-0.000412179262842769,-0.660535652196169,2.05604120763481e-07
0.173828130748022,0.50842371265792,-0.00901079815840862,0.467970771769215,-0.000415857441690277,0.0547164938546492,-0.000415054913663974,-0.660538756914524,4.72870514127421e-07
0.1750336546337,0.508422554012338,-0.00907339702937092,0.467971297090206,-0.000418770134410048,0.0547165863683357,-0.000417950861666891,-0.660541904243344,7.47510658795358e-07
0.176247539006444,0.508421378780517,-0.00913643223376435,0.467971829657228,-0.000421703620766024,0.0547166801199467,-0.000420867254871457,-0.660545094758988,1.02968962724381e-06
0.177469841847474,0.50842018671897,-0.00919990684185695,0.467972369569325,-0.000424658057169144,0.0547167751253383,-0.000423804242470534,-0.660548329045373,1.31957596409549e-06
0.178700621540116,0.50841897758048,-0.00926382394607131,0.467972916926872,-0.000427633601362675,0.0547168714005498,-0.000426761974840906,-0.66055160769407,1.61734175688905e-06
0.179939936872594,0.508417751114037,-0.00932818666115455,0.467973471831589,-0.00043063041243643,0.0547169689618049,-0.000429740603554435,-0.660554931304398,1.92316270822279e-06
0.181187847040838,0.508416507064773,-0.00939299812434861,0.46797403438656,-0.000433648650841049,0.0547170678255135,-0.000432740281389312,-0.660558300483514,2.23721820942491e-06
0.182444411651309,0.508415245173902,-0.00945826149556315,0.467974604696251,-0.000436688478402582,0.0547171680082729,-0.00043576116234147,-0.660561715846515,2.55969141547269e-06
0.183709690723849,0.508413965178655,-0.00952397995754915,0.467975182866526,-0.000439750058337197,0.0547172695268696,-0.000438803401636124,-0.660565178016528,2.89076932170895e-06
0.184983744694544,0.508412666812213,-0.00959015671607419,0.467975769004666,-0.000442833555266147,0.0547173723982807,-0.000441867155739436,-0.660568687624814,3.23064284166868e-06
0.186266634418617,0.508411349803642,-0.00965679500009942,0.467976363219389,-0.000445939135230883,0.0547174766396754,-0.000444952582370344,-0.66057224531086,3.57950688681385e-06
0.187558421173328,0.508410013877823,-0.00972389806195764,0.467976965620865,-0.000449066965708416,0.0547175822684163,-0.000448059840512504,-0.660575851722482,3.93756044751725e-06
0.188859166660905,0.508408658755385,-0.00979146917753326,0.467977576320735,-0.000452217215626879,0.0547176893020611,-0.000451189090426401,-0.660579507515925,4.30500667595451e-06
0.190168933011491,0.508407284152632,-0.00985951164644361,0.467978195432135,-0.000455390055381305,0.0547177977583639,-0.000454340493661588,-0.660583213355961,4.68205297037005e-06
0.191487782786108,0.508405889781474,-0.00992802879222165,0.467978823069709,-0.000458585656849598,0.0547179076552768,-0.000457514213069072,-0.660586969915998,5.06891106094587e-06
0.192815778979652,0.508404475349352,-0.00999702396250066,0.467979459349629,-0.000461804193408763,0.0547180190109512,-0.000460710412813867,-0.660590777878175,5.4657970976757e-06
0.194152985023894,0.508403040559164,-0.0100665005291999,0.467980104389618,-0.00046504583995133,0.0547181318437392,-0.000463929258387673,-0.660594637933474,5.87293173968939e-06
0.195499464790516,0.508401585109189,-0.0101364618887126,0.467980758308968,-0.000468310772902025,0.0547182461721951,-0.00046717091662173,-0.660598550781817,6.29054024636755e-06
0.196855282594159,0.508400108693012,-0.0102069114620946,0.467981421228558,-0.000471599170234649,0.0547183620150768,-0.000470435555699813,-0.660602517132181,6.71885257021165e-06
0.198220503195496,0.508398610999442,-0.0102778526952556,0.467982093270879,-0.000474911211489218,0.0547184793913467,-0.000473723345171389,-0.660606537702697,7.15810345171264e-06
0.199595191804325,0.508397091712436,-0.0103492890591511,0.467982774560047,-0.000478247077789295,0.054718598320174,-0.000477034455964935,-0.660610613220764,7.60853251569049e-06
0.200979414082682,0.508395550511015,-0.0104212240499767,0.467983465221832,-0.000481606951859673,0.0547187188209349,-0.000480369060401427,-0.660614744423156,8.07038437003471e-06
0.202373236147981,0.50839398706918,-0.0104936611893638,0.467984165383672,-0.000484991018044124,0.0547188409132147,-0.000483727332207961,-0.660618932056131,8.54390870577704e-06
0.203776724576168,0.508392401055831,-0.0105666040245767,0.4679848751747,-0.000488399462323581,0.0547189646168088,-0.000487109446531582,-0.660623176875543,9.02936039945401e-06
0.205189946404906,0.508390792134681,-0.0106400561287116,0.46798559472576,-0.000491832472334443,0.054719089951724,-0.000490515579953257,-0.660627479646955,9.52699961759285e-06
0.206612969136771,0.508389159964163,-0.0107140211008977,0.467986324169431,-0.000495290237387213,0.0547192169381794,-0.000493945910502016,-0.66063184114575,1.00370919226961e-05
0.208045860742482,0.508387504197348,-0.0107885025664988,0.46798706364005,-0.000498772948485353,0.0547193455966082,-0.000497400617669281,-0.660636262157248,1.05599083817798e-05
0.209488689664142,0.508385824481851,-0.0108635041773183,0.467987813273734,-0.000502280798344428,0.0547194759476583,-0.000500879882423364,-0.660640743476817,1.10957256768268e-05
0.210941524818514,0.508384120459737,-0.0109390296118043,0.467988573208399,-0.000505813981411505,0.0547196080121937,-0.000504383887224134,-0.660645285909995,1.16448262171831e-05
0.212404435600306,0.508382391767431,-0.0110150825752576,0.467989343583787,-0.000509372693884819,0.0547197418112957,-0.00050791281603788,-0.660649890272598,1.22074982544518e-05
0.21387749188549,0.508380638035616,-0.0110916668000407,0.467990124541484,-0.00051295713373377,0.0547198773662637,-0.000511466854352343,-0.660654557390848,1.27840359993719e-05
0.215360764034637,0.508378858889144,-0.0111687860457894,0.46799091622495,-0.000516567500719099,0.0547200146986163,-0.000515046189191948,-0.660659288101484,1.33747397409872e-05
0.21685432289628,0.508377053946928,-0.011246444099625,0.467991718779534,-0.000520203996413443,0.0547201538300923,-0.000518651009133197,-0.660664083251886,1.39799159681042e-05
0.218358239810298,0.508375222821846,-0.0113246447763695,0.467992532352505,-0.00052386682422214,0.054720294782652,-0.000522281504320291,-0.660668943700196,1.45998774930961e-05
0.21987258661132,0.508373365120636,-0.011403391918762,0.467993357093071,-0.000527556189404336,0.0547204375784774,-0.000525937866480905,-0.660673870315438,1.52349435780241e-05
0.22139743563216,0.508371480443792,-0.0114826893976767,0.467994193152407,-0.000531272299094396,0.0547205822399738,-0.000529620288942187,-0.660678863977639,1.5885440063243e-05
0.222932859707273,0.508369568385455,-0.0115625411123436,0.467995040683674,-0.000535015362323581,0.0547207287897701,-0.000533328966646935,-0.660683925577959,1.65516994983239e-05
0.224478932176229,0.508367628533305,-0.0116429509905698,0.467995899842049,-0.000538785590042071,0.0547208772507196,-0.00053706409616999,-0.66068905601881,1.72340612756144e-05
0.22603572688722,0.508365660468452,-0.0117239229889639,0.467996770784749,-0.000542583195141331,0.0547210276459013,-0.000540825875734819,-0.660694256213982,1.79328717663657e-05
0.227603318200585,0.50836366376532,-0.0118054610931617,0.467997653671052,-0.0005464083924767,0.0547211799986197,-0.000544614505230322,-0.660699527088774,1.86484844591495e-05
0.229181780992365,0.508361637991533,-0.0118875693180535,0.467998548662327,-0.000550261398890396,0.0547213343324062,-0.00054843018622781,-0.660704869580116,1.93812601011756e-05
0.230771190657875,0.508359582707798,-0.0119702517080139,0.46799945592206,-0.00055414243323478,0.0547214906710191,-0.000552273121998248,-0.660710284636699,2.01315668423435e-05
0.23237162311531,0.508357497467783,-0.0120535123371334,0.468000375615876,-0.000558051716395993,0.0547216490384444,-0.000556143517529658,-0.660715773219109,2.08997803816113e-05
0.233983154809368,0.508355381818,-0.0121373553094511,0.468001307911567,-0.000561989471317928,0.0547218094588962,-0.000560041579544776,-0.660721336299949,2.1686284116626e-05
0.235605862714901,0.508353235297676,-0.012221784759191,0.468002252979121,-0.000565955923026473,0.0547219719568169,-0.000563967516518906,-0.660726974863975,2.24914692957823e-05
0.237239824340596,0.50835105743863,-0.0123068048509984,0.468003210990747,-0.000569951298654267,0.0547221365568778,-0.00056792153869802,-0.660732689908227,2.3315735173321e-05
0.238885117732672,0.508348847765141,-0.0123924197801795,0.4680041821209,-0.000573975827465559,0.054722303283979,-0.000571903858117038,-0.660738482442163,2.41594891672997e-05
0.240541821478611,0.508346605793821,-0.0124786337729428,0.468005166546312,-0.000578029740881688,0.0547224721632498,-0.000575914688618401,-0.66074435348779,2.50231470205892e-05
0.242210014710909,0.508344331033478,-0.0125654510866421,0.468006164446017,-0.000582113272506721,0.0547226432200489,-0.000579954245870809,-0.660750304079799,2.59071329646032e-05
0.24388977711086,0.50834202298498,-0.0126528760100216,0.468007176001383,-0.000586226658153588,0.0547228164799641,-0.000584022747388239,-0.660756335265703,2.68118798865818e-05
0.24558118891236,0.508339681141116,-0.0127409128634631,0.468008201396133,-0.000590370135870495,0.0547229919688122,-0.000588120412549172,-0.660762448105968,2.77378294994968e-05
0.247284330905736,0.508337304986461,-0.0128295659992357,0.468009240816382,-0.000594543945967769,0.0547231697126395,-0.000592247462616071,-0.660768643674156,2.86854325152464e-05
0.24899928444161,0.508334893997219,-0.0129188398017465,0.468010294450659,-0.000598748331045104,0.0547233497377206,-0.000596404120755106,-0.660774923057055,2.96551488213892e-05
0.250726131434783,0.508332447641089,-0.0130087386877943,0.468011362489938,-0.000602983536019144,0.0547235320705589,-0.000600590612056106,-0.660781287354827,3.06474476606949e-05
0.252464954368146,0.50832996537711,-0.0130992671068249,0.468012445127673,-0.000607249808151477,0.0547237167378857,-0.000604807163552778,-0.660787737681136,3.16628078141784e-05
0.254215836296621,0.508327446655505,-0.0131904295411883,0.468013542559818,-0.000611547397077052,0.0547239037666599,-0.000609054004243164,-0.660794275163298,3.27017177877698e-05
0.25597886085113,0.508324890917535,-0.0132822305063985,0.468014654984864,-0.000615876554832976,0.0547240931840671,-0.00061333136511036,-0.660800900942413,3.37646760019544e-05
0.257754112242586,0.50832229759533,-0.0133746745513952,0.468015782603867,-0.000620237535887752,0.0547242850175195,-0.000617639479143491,-0.660807616173512,3.48521909852573e-05
0.259541675265918,0.508319666111738,-0.0134677662588069,0.468016925620481,-0.000624630597170881,0.0547244792946542,-0.000621978581358933,-0.660814422025697,3.59647815710851e-05
0.261341635304121,0.508316995880152,-0.0135615102452174,0.468018084240982,-0.000629055998102954,0.054724676043333,-0.000626348908821828,-0.660821319682282,3.71029770983577e-05
0.263154078332332,0.50831428630435,-0.0136559111614335,0.46801925867431,-0.000633514000626108,0.054724875291641,-0.000630750700667821,-0.660828310340937,3.82673176154702e-05
0.26497909092194,0.508311536778317,-0.0137509736927545,0.468020449132089,-0.000638004869234994,0.0547250770678855,-0.000635184198125113,-0.660835395213832,3.94583540884869e-05
0.266816760244719,0.508308746686078,-0.0138467025592451,0.468021655828668,-0.000642528871008102,0.0547252814005945,-0.000639649644536756,-0.660842575527779,4.06766486124449e-05
0.268667174076992,0.508305915401518,-0.0139431025160095,0.468022878981148,-0.000647086275639593,0.0547254883185158,-0.000644147285383234,-0.660849852524381,4.19227746271955e-05
0.270530420803823,0.508303042288201,-0.0140401783534673,0.468024118809415,-0.000651677355471555,0.0547256978506148,-0.000648677368305312,-0.660857227460171,4.31973171365896e-05
0.27240658942324,0.508300126699185,-0.0141379348976328,0.468025375536177,-0.00065630238552674,0.0547259100260732,-0.000653240143127192,-0.660864701606764,4.45008729318963e-05
0.274295769550488,0.508297167976839,-0.0142363770103951,0.46802664938699,-0.00066096164354177,0.0547261248742871,-0.000657835861879915,-0.660872276250997,4.5834050819385e-05
0.276198051422303,0.508294165452647,-0.0143355095898013,0.468027940590296,-0.000665655410000764,0.0547263424248649,-0.000662464778825095,-0.66087995269508,4.71974718514595e-05
0.278113525901229,0.508291118447017,-0.0144353375703415,0.468029249377456,-0.000670383968169503,0.0547265627076254,-0.000667127150478899,-0.660887732256738,4.85917695624838e-05
0.280042284479955,0.508288026269081,-0.014535865923236,0.468030575982785,-0.000675147604130084,0.0547267857525953,-0.000671823235636366,-0.660895616269364,5.0017590208673e-05
0.281984419285683,0.508284888216493,-0.0146370996567245,0.468031920643583,-0.000679946606816001,0.0547270115900066,-0.000676553295395978,-0.660903606082161,5.14755930120098e-05
0.283940023084533,0.508281703575223,-0.0147390438163577,0.468033283600172,-0.000684781268047798,0.0547272402502945,-0.000681317593184573,-0.660911703060291,5.29664504089616e-05
0.285909189285972,0.508278471619346,-0.0148417034852911,0.468034665095931,-0.000689651882569173,0.0547274717640942,-0.000686116394782527,-0.660919908585026,5.44908483030571e-05
0.287892011947275,0.508275191610833,-0.0149450837845808,0.468036065377329,-0.000694558748083624,0.0547277061622381,-0.000690949968349269,-0.66092822405389,5.60494863223876e-05
0.289888585778017,0.508271862799326,-0.0150491898734814,0.468037484693965,-0.000699502165291639,0.0547279434757525,-0.000695818584449085,-0.660936650880811,5.76430780815373e-05
0.291899006144599,0.508268484421921,-0.0151540269497464,0.468038923298599,-0.000704482437928314,0.0547281837358545,-0.000700722516077249,-0.660945190496269,5.92723514478005e-05
0.293923369074803,0.508265055702939,-0.0152596002499303,0.468040381447191,-0.000709499872801608,0.0547284269739483,-0.000705662038686461,-0.660953844347443,6.09380488127559e-05
0.295961771262377,0.508261575853696,-0.0153659150496935,0.468041859398936,-0.000714554779831119,0.0547286732216216,-0.000710637430213611,-0.660962613898358,6.26409273676853e-05
0.298014310071653,0.50825804407227,-0.0154729766641088,0.468043357416302,-0.000719647472087331,0.0547289225106417,-0.000715648971106856,-0.660971500630036,6.43817593848212e-05
0.300081083542203,0.508254459543257,-0.01558079044797,0.468044875765069,-0.000724778265831512,0.0547291748729509,-0.000720696944353028,-0.660980506040641,6.61613325023958e-05
0.302162190393513,0.508250821437532,-0.0156893617961035,0.468046414714359,-0.000729947480556121,0.054729430340663,-0.000725781635505364,-0.660989631645627,6.7980450015534e-05
0.304257730029708,0.508247128911995,-0.0157986961436807,0.468047974536684,-0.000735155439025761,0.054729688946058,-0.000730903332711586,-0.660998878977888,6.98399311719333e-05
0.306367802544292,0.508243381109321,-0.015908798966534,0.468049555507977,-0.000740402467318765,0.0547299507215776,-0.000736062326742274,-0.661008249587902,7.17406114720959e-05
0.308492508724934,0.508239577157702,-0.0160196757814738,0.468051157907631,-0.00074568889486935,0.0547302156998199,-0.000741258911019629,-0.661017745043881,7.36833429755279e-05
0.31063195005828,0.508235716170581,-0.0161313321466082,0.468052782018541,-0.000751015054510296,0.0547304839135347,-0.00074649338164652,-0.661027366931912,7.56689946116856e-05
0.312786228734801,0.508231797246386,-0.0162437736616645,0.468054428127142,-0.000756381282516299,0.054730755395617,-0.000751766037435927,-0.661037116856109,7.76984524964303e-05
0.314955447653674,0.508227819468253,-0.0163570059683132,0.468056096523444,-0.000761787918647915,0.0547310301791023,-0.000757077179940681,-0.661046996438755,7.97726202535626e-05
0.317139710427697,0.508223781903754,-0.0164710347504934,0.46805778750108,-0.000767235306196049,0.0547313082971596,-0.000762427113483581,-0.661057007320448,8.18924193422693e-05
0.319339121388238,0.508219683604607,-0.0165858657347412,0.468059501357338,-0.000772723792027152,0.0547315897830856,-0.000767816145187858,-0.661067151160243,8.40587893897876e-05
0.321553785590219,0.508215523606388,-0.0167015046905197,0.468061238393205,-0.00077825372662902,0.0547318746702977,-0.000773244585007994,-0.661077429635798,8.62726885297177e-05
0.323783808817133,0.508211300928238,-0.0168179574305502,0.468062998913408,-0.000783825464157121,0.0547321629923276,-0.000778712745760861,-0.661087844443514,8.85350937460117e-05
0.326029297586097,0.508207014572562,-0.0169352298111472,0.468064783226454,-0.000789439362481749,0.0547324547828136,-0.000784220943157294,-0.66109839729868,9.0847001222874e-05
0.328290359152942,0.508202663524722,-0.0170533277325538,0.468066591644671,-0.000795095783235684,0.0547327500754932,-0.000789769495833935,-0.661109089935607,9.32094267000888e-05
0.330567101517332,0.508198246752724,-0.0171722571392799,0.468068424484251,-0.000800795091862531,0.0547330489041953,-0.000795358725385509,-0.661119924107777,9.56234058347161e-05
0.332859633427924,0.508193763206905,-0.0172920240204425,0.468070282065291,-0.000806537657665789,0.0547333513028323,-0.000800988956397446,-0.661130901587973,9.80899945684094e-05
0.335168064387565,0.508189211819603,-0.0174126344101067,0.468072164711834,-0.000812323853858495,0.0547336573053911,-0.000806660516478843,-0.661142024168419,0.00010061026950102
0.337492504658521,0.508184591504832,-0.0175340943876305,0.468074072751915,-0.000818154057613613,0.0547339669459246,-0.000812373736295845,-0.661153293660919,0.000103185328270042
0.339833065267741,0.50817990115794,-0.0176564100780098,0.468076006517598,-0.000824028650115105,0.0547342802585424,-0.000818128949605345,-0.661164711896986,0.000105816289936528
0.342189858012163,0.508175139655275,-0.0177795876522261,0.468077966345028,-0.000829948016609669,0.0547345972774015,-0.000823926493289113,-0.661176280727978,0.000108504295377149
0.344562995464054,0.508170305853828,-0.0179036333275959,0.468079952574464,-0.00083591254645915,0.0547349180366959,-0.000829766707388252,-0.661188002025229,0.000111250507682487
0.346952590976386,0.508165398590881,-0.0180285533681219,0.468081965550333,-0.000841922633193749,0.0547352425706469,-0.000835649935138078,-0.661199877680178,0.000114056112561989
0.349358758688252,0.508160416683645,-0.0181543540848456,0.468084005621266,-0.000847978674565888,0.0547355709134918,-0.000841576523003329,-0.661211909604497,0.000116922318755139
0.351781613530314,0.508155358928891,-0.018281041836202,0.468086073140147,-0.000854081072604759,0.0547359030994732,-0.000847546820713798,-0.661224099730218,0.000119850358449428
0.354221271230298,0.50815022410257,-0.0184086230283759,0.468088168464156,-0.000860230233671728,0.0547362391628277,-0.000853561181300342,-0.661236450009854,0.000122841487704903
0.356677848318515,0.508145010959437,-0.0185371041156597,0.468090291954816,-0.000866426568516314,0.0547365791377733,-0.000859619961131247,-0.661248962416525,0.000125896986885088
0.359151462133436,0.508139718232654,-0.0186664916008128,0.468092443978034,-0.000872670492333083,0.0547369230584977,-0.000865723519949025,-0.661261638944071,0.000129018161095437
0.361642230827288,0.508134344633397,-0.0187967920354226,0.468094624904154,-0.000878962424819149,0.0547372709591452,-0.000871872220907537,-0.661274481607178,0.000132206340627619
0.364150273371703,0.50812888885045,-0.018928012020267,0.468096835107994,-0.000885302790232537,0.0547376228738036,-0.000878066430609586,-0.661287492441484,0.000135462881411821
0.366675709563398,0.508123349549789,-0.0190601582056784,0.4680990749689,-0.000891692017451266,0.0547379788364904,-0.00088430651914481,-0.661300673503697,0.00013878916547512
0.369218660029898,0.508117725374169,-0.0191932372919089,0.468101344870787,-0.000898130540033227,0.0547383388811385,-0.000890592860128036,-0.661314026871702,0.000142186601407496
0.371779246235299,0.50811201494269,-0.0193272560294967,0.46810364520219,-0.000904618796276842,0.0547387030415819,-0.000896925830737988,-0.661327554644667,0.000145656624834706
0.374357590486067,0.508106216850362,-0.0194622212196342,0.46810597635631,-0.000911157229282492,0.05473907135154,-0.000903305811756393,-0.661341258943146,0.000149200698898636
0.376953815936883,0.508100329667663,-0.0195981397145374,0.468108338731059,-0.00091774628701476,0.0547394438446023,-0.000909733187607473,-0.661355141909185,0.000152820314744256
0.379568046596523,0.508094351940088,-0.0197350184178154,0.46811073272911,-0.000924386422365562,0.0547398205542123,-0.000916208346397863,-0.661369205706409,0.00015651699201516
0.382200407333782,0.508088282187682,-0.0198728642848424,0.468113158757947,-0.000931078093217887,0.0547402015136501,-0.000922731679956855,-0.661383452520125,0.000160292279354921
0.384851023883439,0.508082118904581,-0.0200116843231295,0.468115617229908,-0.000937821762510567,0.0547405867560158,-0.000929303583877097,-0.661397884557408,0.000164147754917299
0.387520022852263,0.508075860558524,-0.0201514855926983,0.46811810856224,-0.000944617898303791,0.0547409763142113,-0.000935924457555654,-0.661412504047187,0.000168085026883258
0.390207531725059,0.508069505590376,-0.0202922752064549,0.468120633177142,-0.000951466973845412,0.0547413702209217,-0.000942594704235458,-0.66142731324033,0.000172105733985656
0.392913678870758,0.508063052413625,-0.0204340603305645,0.468123191501818,-0.000958369467638179,0.0547417685085967,-0.000949314731047137,-0.661442314409719,0.000176211546041694
0.395638593548549,0.508056499413884,-0.0205768481848275,0.468125783968526,-0.000965325863507772,0.0547421712094305,-0.000956084949051285,-0.661457509850329,0.000180404164493275
0.398382405914052,0.508049844948374,-0.0207206460430552,0.468128411014626,-0.000972336650671694,0.0547425783553419,-0.000962905773281044,-0.661472901879295,0.000184685322954653
0.401145247025537,0.508043087345402,-0.0208654612334469,0.468131073082633,-0.000979402323809036,0.0547429899779529,-0.000969777622785127,-0.661488492835977,0.000189056787768205
0.403927248850181,0.50803622490383,-0.0210113011389667,0.468133770620263,-0.000986523383131131,0.0547434061085679,-0.000976700920671208,-0.661504285082024,0.000193520358568372
0.406728544270374,0.508029255892531,-0.0211581731977209,0.468136504080489,-0.000993700334453021,0.0547438267781508,-0.000983676094149672,-0.661520281001426,0.000198077868852758
0.409549267090063,0.508022178549842,-0.0213060849033362,0.468139273921588,-0.00100093368926591,0.0547442520173023,-0.000990703574577796,-0.66153648300057,0.000202731186562166
0.412389552041149,0.508014991082996,-0.0214550438053373,0.468142080607193,-0.00100822396481046,0.0547446818562365,-0.000997783797504266,-0.661552893508282,0.000207482214667903
0.415249534789915,0.508007691667556,-0.0216050575095244,0.468144924606345,-0.00101557168415087,0.0547451163247565,-0.00100491720271407,-0.661569514975867,0.00021233289176753
0.418129351943512,0.508000278446832,-0.0217561336783514,0.468147806393545,-0.00102297737625012,0.0547455554522293,-0.00101210423427377,-0.661586349877149,0.000217285192688627
0.421029141056481,0.507992749531288,-0.0219082800313032,0.468150726448803,-0.00103044157604591,0.0547459992675599,-0.00101934534057716,-0.661603400708492,0.000222341129101106
0.423949040637325,0.50798510299794,-0.0220615043452731,0.468153685257697,-0.00103796482452749,0.0547464477991654,-0.00102664097439128,-0.66162066998883,0.000227502750136749
0.426889190155123,0.507977336889744,-0.0222158144549396,0.468156683311417,-0.0010455476688137,0.0547469010749469,-0.00103399159290273,-0.661638160259682,0.000232772143018312
0.429849730046193,0.507969449214968,-0.0223712182531427,0.468159721106823,-0.00105319066223158,0.0547473591222619,-0.00104139765776448,-0.661655874085159,0.000238151433695905
0.432830801720801,0.507961437946565,-0.022527723691259,0.468162799146499,-0.00106089436439616,0.0547478219678954,-0.00104885963514286,-0.661673814051974,0.000243642787492088
0.435832547569911,0.507953301021519,-0.0226853387795768,0.468165917938801,-0.0010686593412911,0.0547482896380299,-0.00105637799576504,-0.661691982769434,0.000249248409755293
0.438855110971994,0.507945036340193,-0.0228440715876698,0.468169077997916,-0.00107648616535029,0.0547487621582153,-0.00106395321496675,-0.661710382869431,0.000254970546521405
0.441898636299867,0.507936641765658,-0.0230039302447698,0.468172279843911,-0.00108437541554044,0.054749239553337,-0.00107158577274045,-0.661729017006425,0.000260811485184115
0.444963268927599,0.507928115123012,-0.0231649229401373,0.468175524002792,-0.00109232767744454,0.0547497218475838,-0.00107927615378366,-0.661747887857423,0.000266773555173183
0.448049155237445,0.507919454198693,-0.0233270579234325,0.468178811006554,-0.00110034354334644,0.054750209064415,-0.0010870248475478,-0.661766998121939,0.000272859128641695
0.451156442626847,0.507910656739767,-0.0234903435050827,0.468182141393237,-0.0011084236123162,0.0547507012265259,-0.00109483234828722,-0.661786350521959,0.000279070621161059
0.454285279515466,0.50790172045322,-0.0236547880566495,0.468185515706982,-0.00111656849029661,0.0547511983558129,-0.00110269915510857,-0.661805947801892,0.000285410492425198
0.457435815352278,0.507892643005229,-0.023820400011193,0.468188934498084,-0.00112477879019059,0.0547517004733378,-0.00111062577202053,-0.661825792728511,0.000291881246962555
0.46060820062271,0.507883422020414,-0.0239871878636346,0.468192398323047,-0.00113305513194956,0.0547522075992903,-0.00111861270798371,-0.661845888090887,0.000298485434856471
0.463802586855826,0.507874055081096,-0.0241551601711174,0.468195907744643,-0.00114139814266287,0.0547527197529508,-0.00112666047696099,-0.661866236700315,0.000305225652475205
0.467019126631568,0.507864539726525,-0.0243243255533641,0.468199463331963,-0.0011498084566482,0.0547532369526507,-0.00113476959796801,-0.661886841390231,0.000312104543208375
0.470257973588042,0.507854873452103,-0.024494692693032,0.468203065660476,-0.00115828671554295,0.0547537592157331,-0.00114294059512398,-0.661907705016118,0.00031912479821361
0.473519282428857,0.507845053708592,-0.0246662703360654,0.468206715312084,-0.00116683356839662,0.0547542865585115,-0.00115117399770274,-0.661928830455399,0.000326289157170451
0.476803208930514,0.507835077901315,-0.0248390672920454,0.468210412875179,-0.00117544967176432,0.0547548189962278,-0.0011594703401841,-0.66195022060733,0.000333600409043233
0.480109909949849,0.507824943389329,-0.0250130924345356,0.468214158944699,-0.0011841356898011,0.0547553565430091,-0.00116783016230533,-0.661971878392872,0.000341061392851894
0.483439543431522,0.507814647484605,-0.025188354701425,0.468217954122186,-0.00119289229435747,0.0547558992118237,-0.001176254009113,-0.661993806754558,0.000348674998451454
0.486792268415562,0.507804187451176,-0.0253648630952673,0.468221799015839,-0.00120172016507583,0.0547564470144352,-0.00118474243101488,-0.662016008656347,0.000356444167319059
0.490168245044966,0.50779356050428,-0.0255426266836157,0.468225694240578,-0.00121061998948811,0.0547569999613568,-0.00119329598383219,-0.662038487083471,0.000364371893350202
0.493567634573345,0.507782763809491,-0.0257216545993541,0.468229640418096,-0.00121959246311413,0.0547575580618031,-0.00120191522885196,-0.662061245042262,0.000372461223662218
0.496990599372628,0.507771794481833,-0.0259019560410241,0.468233638176921,-0.00122863828956132,0.0547581213236413,-0.00121060073287953,-0.662084285559979,0.000380715259406222
0.500437302940819,0.507760649584876,-0.0260835402731469,0.468237688152469,-0.00123775818062532,0.0547586897533412,-0.00121935306829132,-0.662107611684611,0.000389137156587088
0.503907909909802,0.507749326129825,-0.026266416626541,0.468241790987106,-0.00124695285639162,0.0547592633559242,-0.00122817281308764,-0.662131226484675,0.00039773012689126
0.50740258605321,0.507737821074593,-0.0264505944986338,0.468245947330206,-0.00125622304533833,0.0547598421349103,-0.00123706055094567,-0.662155133049004,0.00040649743852228
0.510921498294339,0.507726131322854,-0.0266360833537698,0.468250157838209,-0.00126556948443986,0.054760426092265,-0.00124601687127258,-0.662179334486509,0.000415442417044637
0.514464814714125,0.507714253723087,-0.0268228927235108,0.46825442317468,-0.00127499291927188,0.0547610152283435,-0.00125504236925871,-0.662203833925945,0.000424568446234258
0.518032704559168,0.507702185067605,-0.0270110322069322,0.468258744010367,-0.00128449410411709,0.0547616095418349,-0.00126413764593085,-0.662228634515647,0.000433878968937901
0.52162533824982,0.507689922091564,-0.0272005114709123,0.468263121023264,-0.00129407380207228,0.0547622090297045,-0.00127330330820557,-0.662253739423267,0.000443377487938657
0.525242887388322,0.507677461471967,-0.0273913402504155,0.468267554898666,-0.00130373278515622,0.0547628136871343,-0.00128253996894261,-0.662279151835486,0.00045306756682964
0.528885524767003,0.507664799826639,-0.0275835283487682,0.468272046329232,-0.00131347183441888,0.0547634235074632,-0.00129184824699829,-0.662304874957713,0.000462952830894953
0.532553424376533,0.507651933713198,-0.0277770856379287,0.468276596015044,-0.0013232917400515,0.0547640384821249,-0.00130122876727894,-0.662330912013775,0.000473036967996693
0.536246761414231,0.507638859628007,-0.0279720220587492,0.468281204663668,-0.0013331933014978,0.0547646586005848,-0.00131068216079427,-0.662357266245588,0.000483323729470131
0.539965712292437,0.507625574005111,-0.0281683476212307,0.468285872990214,-0.00134317732756645,0.0547652838502756,-0.00132020906471077,-0.662383940912807,0.00049381693102496
0.543710454646936,0.507612073215154,-0.0283660724047687,0.468290601717398,-0.00135324463654423,0.0547659142165307,-0.001329810122405,-0.662410939292472,0.000504520453653207
0.547481167345445,0.507598353564289,-0.0285652065583931,0.468295391575599,-0.00136339605631075,0.0547665496825174,-0.00133948598351683,-0.662438264678627,0.000515438244543587
0.551278030496154,0.507584411293063,-0.0287657603009971,0.468300243302927,-0.00137363242445381,0.0547671902291674,-0.0013492373040026,-0.662465920381929,0.000526574318002376
0.55510122545633,0.507570242575295,-0.0289677439215587,0.468305157645281,-0.00138395458838617,0.0547678358351063,-0.00135906474618804,-0.662493909729236,0.000537932756379922
0.558950934840979,0.507555843516928,-0.0291711677793531,0.468310135356408,-0.00139436340546326,0.0547684864765818,-0.00136896897882121,-0.662522236063178,0.000549517711002978
0.56282734253157,0.507541210154876,-0.0293760423041548,0.468315177197972,-0.00140485974310207,0.0547691421273902,-0.00137895067712516,-0.662550902741714,0.000561333403113401
0.566730633684818,0.507526338455845,-0.0295823779964298,0.468320283939611,-0.00141544447890098,0.0547698027588008,-0.00138901052285035,-0.662579913137671,0.000573384124810949
0.570660994741526,0.507511224315144,-0.029790185427519,0.468325456359003,-0.00142611850076097,0.0547704683394795,-0.00139914920432697,-0.662609270638256,0.000585674240002915
0.574618613435493,0.507495863555479,-0.0299994752398095,0.468330695241926,-0.00143688270700758,0.0547711388354102,-0.00140936741651686,-0.66263897864456,0.000598208185356969
0.578603678802477,0.507480251925727,-0.0302102581468952,0.468336001382325,-0.00144773800651429,0.0547718142098154,-0.00141966586106526,-0.662669040571037,0.00061099047125962
0.582616381189231,0.507464385099698,-0.0304225449337274,0.468341375582373,-0.00145868531882688,0.0547724944230736,-0.00143004524635219,-0.662699459844966,0.000624025682779139
0.586656912262587,0.507448258674877,-0.0306363464567518,0.468346818652537,-0.00146972557428891,0.0547731794326372,-0.00144050628754347,-0.662730239905893,0.000637318480632393
0.590725465018618,0.507431868171155,-0.0308516736440353,0.468352331411639,-0.0014808597141682,0.0547738691929464,-0.00145104970664141,-0.662761384205048,0.000650873602154739
0.594822233791852,0.507415209029537,-0.0310685374953789,0.468357914686927,-0.00149208869078481,0.0547745636553434,-0.00146167623253506,-0.662792896204751,0.000664695862275244
0.598947414264556,0.507398276610833,-0.0312869490824189,0.468363569314134,-0.00150341346763958,0.0547752627679835,-0.00147238660105003,-0.66282477937779,0.000678790154492764
0.603101203476082,0.507381066194346,-0.0315069195487141,0.468369296137545,-0.00151483501954436,0.0547759664757452,-0.00148318155499784,-0.662857037206777,0.000693161451857022
0.607283799832281,0.507363572976519,-0.03172846010982,0.468375096010066,-0.00152635433275299,0.0547766747201385,-0.00149406184422477,-0.66288967318349,0.000707814807950402
0.611495403114975,0.507345792069595,-0.0319515820533484,0.468380969793287,-0.00153797240509357,0.0547773874392108,-0.0015050282256601,-0.662922690808183,0.000722755357873472
0.615736214491506,0.507327718500232,-0.0321762967390136,0.46838691835755,-0.00154969024610195,0.0547781045674519,-0.00151608146336392,-0.662956093588882,0.000737988319231081
0.620006436524339,0.507309347208123,-0.0324026155986621,0.468392942582016,-0.00156150887715614,0.0547788260356967,-0.00152722232857413,-0.662989885040655,0.000753518993120178
0.624306273180741,0.507290673044586,-0.0326305501362887,0.468399043354731,-0.00157342933161206,0.054779551771026,-0.00153845159975297,-0.66302406868486,0.000769352765118997
0.628635929842521,0.507271690771145,-0.0328601119280366,0.468405221572697,-0.00158545265494047,0.0547802816966659,-0.00154977006263275,-0.663058648048365,0.000785495106276346
0.632995613315842,0.507252395058094,-0.0330913126221802,0.46841147814194,-0.00159757990486493,0.0547810157318848,-0.00156117851026083,-0.663093626662754,0.000801951574101373
0.637385531841099,0.507232780483036,-0.033324163939093,0.468417813977575,-0.001609812151501,0.0547817537918891,-0.00157267774304397,-0.663129008063499,0.000818727813552522
0.641805895102865,0.507212841529421,-0.0335586776711978,0.468424230003882,-0.00162215047749667,0.0547824957877168,-0.00158426856879169,-0.663164795789114,0.000835829558026135
0.646256914239905,0.507192572585052,-0.0337948656828992,0.46843072715437,-0.00163459597817388,0.0547832416261289,-0.0015959518027589,-0.663200993380283,0.000853262630344104
0.650738801855265,0.507171967940585,-0.034032739910499,0.468437306371852,-0.00164714976167136,0.0547839912094996,-0.00160772826768758,-0.663237604378962,0.000871032943739108
0.655251772026422,0.507151021788008,-0.0342723123620928,0.468443968608513,-0.00165981294908851,0.0547847444357037,-0.00161959879384757,-0.663274632327454,0.000889146502837695
0.659796040315516,0.507129728219108,-0.034513595117448,0.468450714825985,-0.00167258667463072,0.0547855011980031,-0.00163156421907627,-0.663312080767463,0.000907609404641296
0.664371823779638,0.507108081223917,-0.0347566003278632,0.468457545995417,-0.00168547208575572,0.0547862613849307,-0.00164362538881745,-0.66334995323912,0.000926427839503252
0.668979340981204,0.507086074689147,-0.0350013402160069,0.468464463097547,-0.00169847034332118,0.0547870248801724,-0.0016557831561589,-0.663388253279982,0.000945608092102201
0.673618811998395,0.507063702396607,-0.0352478270757372,0.468471467122781,-0.00171158262173375,0.0547877915624474,-0.00166803838186897,-0.663426984424003,0.00096515654241125
0.678290458435663,0.507040958021599,-0.0354960732719,0.468478559071262,-0.00172481010909914,0.0547885613053863,-0.00168039193443192,-0.663466150200483,0.000985079666662031
0.682994503434323,0.507017835131314,-0.035746091240108,0.468485739952945,-0.00173815400737357,0.0547893339774079,-0.00169284469008213,-0.663505754132985,0.00100538403830278
0.687731171683206,0.506994327183195,-0.0359978934864953,0.468493010787679,-0.00175161553251651,0.0547901094415928,-0.00170539753283695,-0.663545799738231,0.00102607632895108
0.692500689429393,0.506970427523294,-0.0362514925874537,0.468500372605278,-0.00176519591464478,0.0547908875555566,-0.00171805135452831,-0.663586290524959,0.00104716330933902
0.697303284489026,0.506946129384618,-0.0365069011893435,0.468507826445598,-0.00177889639818778,0.0547916681713197,-0.0017308070548329,-0.663627229992769,0.00106865185025093
0.70213918625818,0.506921425885447,-0.0367641320081838,0.468515373358621,-0.00179271824204429,0.0547924511351759,-0.00174366554130099,-0.663668621630923,0.00109054892345373
0.70700862572383,0.506896310027652,-0.0370231978293182,0.468523014404528,-0.0018066627197405,0.0547932362875593,-0.00175662772938369,-0.663710468917131,0.00111286160261723
0.71191183547488,0.506870774694989,-0.0372841115070575,0.468530750653783,-0.00182073111958941,0.0547940234629083,-0.00176969454245885,-0.663752775316301,0.00113559706422633
0.716849049713269,0.506844812651383,-0.0375468859642978,0.468538583187211,-0.00183492474485166,0.0547948124895285,-0.00178286691185516,-0.663795544279259,0.00115876258848138
0.721820504265165,0.506818416539197,-0.0378115341921145,0.468546513096084,-0.0018492449138978,0.0547956031894533,-0.00179614577687485,-0.66383877924145,0.00118236556018939
0.726826436592224,0.506791578877489,-0.0380780692493308,0.468554541482199,-0.00186369296037192,0.0547963953783023,-0.0018095320848145,-0.6638824836216,0.00120641346964176
0.731867085802933,0.506764292060252,-0.038346504262061,0.468562669457966,-0.00187827023335685,0.0547971888651384,-0.00182302679098427,-0.663926660820349,0.00123091391348115
0.736942692664033,0.506736548354645,-0.0386168524232275,0.468570898146492,-0.00189297809754075,0.0547979834523224,-0.00183663085872523,-0.663971314218865,0.00125587459555371
0.742053499612018,0.50670833989921,-0.0388891269920523,0.468579228681664,-0.00190781793338531,0.0547987789353656,-0.00185034525942489,-0.664016447177415,0.00128130332774867
0.747199750764715,0.506679658702072,-0.0391633412935199,0.468587662208242,-0.00192279113729538,0.0547995751027812,-0.00186417097253076,-0.664062063033918,0.00130720803082185
0.752381691932944,0.506650496639138,-0.0394395087178156,0.468596199881943,-0.00193789912179038,0.0548003717359327,-0.00187810898556205,-0.66410816510246,0.00133359673520431
0.757599570632259,0.506620845452267,-0.0397176427197332,0.468604842869531,-0.00195314331567708,0.0548011686088815,-0.00189216029411922,-0.664154756671786,0.00136047758179411
0.762853636094773,0.50659069674745,-0.0399977568180568,0.46861359234891,-0.00196852516422415,0.0548019654882317,-0.00190632590189154,-0.664201841003757,0.00138785882273149
0.768144139281058,0.506560041992956,-0.0402798645949134,0.468622449509215,-0.00198404612933847,0.0548027621329739,-0.00192060682066243,-0.66424942133178,0.00141574882215459
0.773471332892138,0.506528872517486,-0.0405639796950956,0.468631415550906,-0.00199970768974293,0.0548035582943259,-0.00193500407031265,-0.664297500859209,0.0014441560569371
0.778835471381553,0.506497179508305,-0.0408501158253566,0.468640491685861,-0.00201551134115621,0.054804353715573,-0.00194951867882124,-0.664346082757713,0.0014730891174059
0.784236810967519,0.506464954009371,-0.0411382867536742,0.468649679137475,-0.00203145859647428,0.0548051481319055,-0.00196415168226406,-0.664395170165618,0.00150255670803709
0.78967560964516,0.506432186919446,-0.0414285063084851,0.468658979140756,-0.00204755098595367,0.0548059412702548,-0.00197890412481001,-0.66444476618622,0.00153256764813131
0.795152127198837,0.506398868990209,-0.0417207883778888,0.468668392942426,-0.0020637900573967,0.0548067328491273,-0.00199377705871485,-0.664494873886061,0.00156313087246512
0.800666625214554,0.506364990824349,-0.0420151469088201,0.468677921801018,-0.00208017737633875,0.0548075225784372,-0.00200877154431233,-0.664545496293185,0.0015942554319201
0.806219367092452,0.506330542873654,-0.0423115959061909,0.468687566986984,-0.00209671452623721,0.054808310159337,-0.00202388865000302,-0.664596636395362,0.00162595049408606
0.811810618059391,0.506295515437096,-0.0426101494320001,0.468697329782794,-0.00211340310866278,0.0548090952840467,-0.0020391294522403,-0.664648297138277,0.00165822534383928
0.817440645181619,0.506259898658904,-0.0429108216044112,0.468707211483045,-0.00213024474349276,0.0548098776356809,-0.00205449503551373,-0.6647004814237,0.00169108938389437
0.823109717377527,0.506223682526627,-0.0432136265967978,0.468717213394565,-0.00214724106910633,0.0548106568880748,-0.00206998649232971,-0.664753192107618,0.0017245521353281
0.828818105430497,0.506186856869198,-0.0435185786367567,0.468727336836527,-0.00216439374258238,0.0548114327056078,-0.00208560492318932,-0.664806431998346,0.00175862323807544
0.834566082001833,0.506149411354984,-0.0438256920050876,0.468737583140554,-0.00218170443989916,0.0548122047430267,-0.00210135143656322,-0.664860203854606,0.00179331245139458
0.840353921643785,0.506111335489835,-0.0441349810347397,0.46874795365084,-0.00219917485613676,0.0548129726452659,-0.00211722714886372,-0.664914510383575,0.00182862965430383
0.846181900812664,0.50607261861513,-0.0444464601097238,0.468758449724254,-0.00221680670568153,0.0548137360472677,-0.00213323318441375,-0.664969354238917,0.0018645848459842
0.852050297882047,0.506033249905809,-0.0447601436639928,0.468769072730466,-0.00223460172243331,0.0548144945737994,-0.0021493706754129,-0.665024738018774,0.00190118814615109
0.857959393156072,0.505993218368408,-0.0450760461802848,0.468779824052061,-0.0022525616600151,0.0548152478392708,-0.00216564076190026,-0.665080664263739,0.00193844979539276
0.863909468882829,0.505952512839094,-0.0453941821889347,0.468790705084662,-0.00227068829198514,0.0548159954475487,-0.00218204459171414,-0.665137135454803,0.00197638015547213
0.86990080926784,0.505911121981683,-0.0457145662666488,0.46880171723705,-0.00228898341205209,0.0548167369917712,-0.00219858332044845,-0.665194154011266,0.00201498970959521
0.875933700487633,0.505869034285669,-0.0460372130352464,0.46881286193129,-0.00230744883429267,0.0548174720541602,-0.00221525811140603,-0.66525172228864,0.0020542890626411
0.882008430703416,0.505826238064247,-0.0463621371603644,0.468824140602859,-0.00232608639337224,0.0548182002058328,-0.00223207013554832,-0.665309842576511,0.00209428894135483
0.888125290074835,0.505782721452327,-0.0466893533501277,0.468835554700777,-0.00234489794476849,0.0548189210066111,-0.00224902057144189,-0.665368517096386,0.00213500019450186
0.894284570773836,0.505738472404556,-0.0470188763537843,0.468847105687732,-0.00236388536499788,0.0548196340048322,-0.00226611060520139,-0.665427747999515,0.00217643379298205
0.900486566998624,0.505693478693338,-0.0473507209603027,0.46885879504022,-0.00238305055184544,0.054820338737155,-0.00228334143042894,-0.665487537364688,0.00221860082990261
0.906731574987708,0.505647727906847,-0.0476849019969358,0.468870624248679,-0.00240239542459773,0.0548210347283683,-0.00230071424815009,-0.665547887196009,0.00226151252061019
0.913019893034057,0.505601207447051,-0.0480214343277473,0.468882594817627,-0.00242192192427919,0.0548217214911958,-0.00231823026674601,-0.665608799420656,0.00230518020267867
0.919351821499347,0.505553904527725,-0.0483603328521015,0.468894708265804,-0.00244163201389176,0.0548223985261022,-0.00233589070188208,-0.66567027588661,0.00234961533585393
0.925727662828307,0.50550580617248,-0.0487016125031182,0.468906966126313,-0.00246152767865832,0.0548230653210966,-0.00235369677643273,-0.665732318360373,0.00239482950195302
0.932147721563161,0.50545689921278,-0.0490452882460894,0.468919369946768,-0.00248161092626932,0.0548237213515366,-0.00237164972040246,-0.665794928524658,0.00244083440471815
0.938612304358183,0.505407170285968,-0.0493913750768612,0.468931921289443,-0.00250188378713383,0.0548243660799309,-0.00238975077084312,-0.665858107976071,0.00248764186962241
0.945121719994339,0.505356605833301,-0.049739888020177,0.46894462173142,-0.00252234831463384,0.0548249989557415,-0.00240800117176715,-0.665921858222772,0.0025352638436284
0.951676279394036,0.505305192097974,-0.0500908421279858,0.468957472864744,-0.00254300658538288,0.0548256194151852,-0.00242640217405708,-0.66598618068211,0.00258371239489785
0.958276295635973,0.505252915123165,-0.050444252477713,0.46897047629658,-0.00256386069948882,0.0548262268810349,-0.00244495503537089,-0.666051076678261,0.0026329997124509
0.964922083970099,0.505199760750074,-0.0508001341704936,0.468983633649368,-0.00258491278082063,0.0548268207624202,-0.00246366102004343,-0.666116547439839,0.0026831381057747
0.971613961832666,0.505145714615969,-0.0511585023293703,0.468996946560991,-0.00260616497727984,0.0548274004546278,-0.00248252139898373,-0.666182594097495,0.00273414000437971
0.978352248861393,0.505090762152241,-0.0515193720974527,0.469010416684931,-0.0026276194610763,0.0548279653389013,-0.00250153744956829,-0.666249217681508,0.0027860179573046
0.985137266910738,0.505034888582465,-0.0518827586360413,0.469024045690442,-0.00264927842900871,0.0548285147822417,-0.00252071045553005,-0.666316419119366,0.00283878463256559
0.991969340067262,0.504978078920463,-0.0522486771227144,0.469037835262717,-0.00267114410274982,0.0548290481372065,-0.00254004170684339,-0.666384199233332,0.00289245281655298
0.998848794665118,0.504920317968382,-0.0526171427493765,0.469051787103059,-0.00269321872913671,0.0548295647417098,-0.00255953249960472,-0.666452558738005,0.00294703541337105
1.00577595930163,0.504861590314777,-0.052988170720273,0.46906590292906,-0.00271550458046606,0.0548300639188221,-0.00257918413590887,-0.666521498237875,0.00300254544412248
1.01275116485301,0.504801880332695,-0.0533617762499652,0.469080184474772,-0.00273800395479466,0.0548305449765703,-0.00259899792372125,-0.666591018224872,0.00305899604613596
1.01977474449012,0.504741172177785,-0.0537379745612706,0.469094633490897,-0.0027607191762453,0.0548310072077374,-0.00261897517674561,-0.66666111907591,0.00311640047213518
1.02684703369442,0.504679449786399,-0.0541167808831664,0.469109251744959,-0.00278365259531837,0.0548314498896637,-0.00263911721428745,-0.666731801050424,0.00317477208935013
1.033968370274,0.504616696873713,-0.0544982104486559,0.469124041021501,-0.00280680658920879,0.0548318722840472,-0.00265942536111305,-0.666803064287919,0.0032341243785689
1.04113909437969,0.504552896931863,-0.0548822784925986,0.469139003122267,-0.0028301835621293,0.054832273636745,-0.00267990094730418,-0.666874908805499,0.0032944709331294
1.0483595485213,0.504488033228075,-0.0552690002495054,0.469154139866395,-0.00285378594563939,0.0548326531775756,-0.0027005453081082,-0.666947334495419,0.00335582545785112
1.05563007758401,0.504422088802826,-0.0556583909512965,0.469169453090614,-0.00287761619898064,0.054833010120121,-0.00272135978378391,-0.667020341122625,0.00341820176790536
1.06295102884484,0.504355046468002,-0.0560504658250239,0.469184944649437,-0.00290167680941841,0.0548333436615308,-0.00274234571944276,-0.667093928322304,0.00348161378762357
1.07032275198921,0.504286888805076,-0.0564452400905573,0.469200616415366,-0.00292597029259007,0.0548336529823256,-0.00276350446488567,-0.667168095597442,0.00354607554924435
1.07774559912768,0.504217598163298,-0.0568427289582367,0.469216470279091,-0.00295049919286,0.0548339372462033,-0.00278483737443537,-0.667242842316391,0.00361160119159709
1.08521992481272,0.504147156657889,-0.0572429476264867,0.469232508149697,-0.00297526608368157,0.0548341955998443,-0.00280634580676413,-0.667318167710439,0.00367820495872262
1.0927460860557,0.504075546168265,-0.0576459112793973,0.469248731954871,-0.00300027356796604,0.0548344271727199,-0.00282803112471699,-0.667394070871402,0.00374590119843055
1.1003244423439,0.504002748336258,-0.0580516350842699,0.469265143641115,-0.00302552427845911,0.0548346310769004,-0.00284989469513059,-0.667470550749223,0.00381470436079284
1.10795535565772,0.50392874456436,-0.0584601341891269,0.469281745173957,-0.00305102087812465,0.0548348064068654,-0.0028719378886473,-0.667547606149586,0.0038846289965731
1.11563919048792,0.50385351601398,-0.0588714237201888,0.46929853853817,-0.00307676606053621,0.0548349522393152,-0.00289416207952496,-0.66762523573155,0.00395568975559191
1.12337631385307,0.503777043603712,-0.0592855187793143,0.469315525737986,-0.00310276255027659,0.0548350676329841,-0.00291656864544191,-0.667703438005205,0.00402790138502718
1.13116709531708,0.503699308007624,-0.0597024344414085,0.469332708797323,-0.00312901310334543,0.054835151628455,-0.00293915896729772,-0.66778221132934,0.00410127872765059
1.13901190700682,0.503620289653554,-0.0601221857517953,0.469350089760004,-0.00315552050757481,0.0548352032479758,-0.00296193442900922,-0.667861553909143,0.00417583671999822
1.14691112362992,0.503539968721431,-0.0605447877235575,0.469367670689983,-0.0031822875830539,0.0548352214952777,-0.00298489641730209,-0.66794146379392,0.00425159039047818
1.15486512249268,0.503458325141602,-0.0609702553348416,0.469385453671576,-0.00320931718256195,0.0548352053553959,-0.00300804632149798,-0.668021938874849,0.00432855485741224
1.16287428351806,0.503375338593178,-0.0613986035261305,0.469403440809691,-0.00323661219201023,0.0548351537944915,-0.00303138553329707,-0.668102976882751,0.00440674532701291
1.17093898926384,0.503290988502403,-0.0618298471974816,0.469421634230057,-0.00326417553089331,0.0548350657596761,-0.00305491544655623,-0.668184575385903,0.00448617709129806
1.1790596249409,0.503205254041023,-0.0622640012057338,0.469440036079463,-0.00329201015274959,0.054834940178839,-0.00307863745706271,-0.668266731787877,0.00456686552593905
1.18723657843162,0.503118114124692,-0.0627010803616795,0.469458648525993,-0.0033201190456314,0.0548347759604757,-0.00310255296230343,-0.668349443325422,0.00464882608804684
1.19547024030838,0.503029547411373,-0.0631410994272048,0.469477473759264,-0.0033485052325849,0.05483457199352,-0.0031266633612298,-0.668432707066372,0.00473207431389377
1.20376100385228,0.502939532299772,-0.0635840731123976,0.469496513990668,-0.00337717177214002,0.054834327147178,-0.00315097005401834,-0.668516519907606,0.00481662581657355
1.21210926507183,0.502848046927776,-0.0640300160726229,0.469515771453611,-0.00340612175881073,0.0548340402707651,-0.00317547444182677,-0.668600878573037,0.00490249628359762
1.22051542272196,0.502755069170919,-0.0644789429055651,0.469535248403762,-0.00343535832360584,0.0548337101935452,-0.00320017792654592,-0.668685779611655,0.00498970147443106
1.22897987832301,0.502660576640855,-0.0649308681482393,0.469554947119294,-0.00346488463454996,0.0548333357245736,-0.00322508191054736,-0.668771219395614,0.00507825721796606
1.23750303617991,0.502564546683853,-0.0653858062739702,0.469574869901129,-0.0034947038972163,0.0548329156525422,-0.00325018779642681,-0.668857194118356,0.00516817940993614
1.24608530340153,0.502466956379302,-0.0658437716893396,0.469595019073194,-0.00352481935527006,0.054832448745628,-0.00327549698674339,-0.668943699792805,0.00525948401027115
1.25472708992008,0.502367782538243,-0.0663047787311003,0.469615396982658,-0.00355523429102295,0.0548319337513448,-0.00330101088375467,-0.669030732249588,0.00535218704039209
1.26342880851072,0.502267001701908,-0.0667688416630606,0.469636006000194,-0.00358595202600025,0.054831369396398,-0.00332673088914768,-0.669118287135337,0.00544630458044959
1.27219087481126,0.502164590140277,-0.0672359746729357,0.46965684852022,-0.0036169759215188,0.0548307543865427,-0.00335265840376598,-0.669206359911025,0.00554185276650654
1.28101370734203,0.502060523850656,-0.0677061918691677,0.469677926961155,-0.00364830937927757,0.0548300874064456,-0.00337879482733256,-0.669294945850371,0.00563884778766277
1.28989772752585,0.501954778556266,-0.0681795072777139,0.469699243765671,-0.00367995584196054,0.05482936711955,-0.00340514155816901,-0.669384040038307,0.00573730588312871
1.29884335970818,0.501847329704849,-0.0686559348388038,0.469720801400942,-0.00371191879385203,0.0548285921679443,-0.00343169999291073,-0.6694736373695,0.00583724333924368
1.30785103117738,0.501738152467293,-0.0691354884036638,0.469742602358898,-0.00374420176146494,0.054827761172235,-0.00345847152621833,-0.669563732546946,0.00593867648644431
1.31692117218509,0.501627221736266,-0.0696181817312097,0.469764649156479,-0.00377680831418183,0.0548268727314223,-0.00348545755048534,-0.669654320080625,0.00604162169618144
1.32605421596686,0.501514512124874,-0.0701040284847093,0.469786944335884,-0.00380974206490947,0.0548259254227808,-0.00351265945554225,-0.669745394286226,0.00614609537779021
1.33525059876274,0.501399997965328,-0.0705930422284103,0.469809490464822,-0.00384300667074707,0.054824917801743,-0.00354007862835697,-0.669836949283946,0.00625211397531211
1.34451075983821,0.501283653307627,-0.0710852364241371,0.469832290136765,-0.00387660583366757,0.0548238484017875,-0.0035677164527316,-0.669928978997356,0.00635969396427144
1.3538351415051,0.501165451918261,-0.0715806244278562,0.469855345971198,-0.00391054330121392,0.0548227157343313,-0.00359557430899602,-0.670021477152343,0.00646885184841051
1.36322418914273,0.50104536727892,-0.0720792194862067,0.469878660613866,-0.00394482286720861,0.0548215182886258,-0.00362365357369783,-0.67011443727613,0.00657960415638026
1.37267835121923,0.500923372585223,-0.072581034733,0.469902236737021,-0.00397944837247836,0.0548202545316577,-0.0036519556192892,-0.670207852696373,0.00669196743839418
1.38219807931287,0.500799440745467,-0.0730860831856851,0.46992607703967,-0.00401442370559306,0.0548189229080534,-0.00368048181381032,-0.670301716540333,0.0068059582628428
1.39178382813373,0.500673544379374,-0.0735943777417798,0.469950184247821,-0.00404975280361985,0.0548175218399887,-0.00370923352056982,-0.670396021734138,0.00692159321287267
1.40143605554534,0.500545655816868,-0.0741059311752697,0.469974561114717,-0.00408543965289235,0.054816049727102,-0.00373821209782209,-0.67049076100212,0.00703888888293341
1.4111552225866,0.500415747096857,-0.0746207561329707,0.469999210421087,-0.00412148828979515,0.0548145049464129,-0.0037674188984416,-0.670585926866238,0.00715786187529249
1.42094179349378,0.500283789966032,-0.0751388651308584,0.470024134975373,-0.00415790280156408,0.0548128858522445,-0.00379685526959436,-0.670681511645593,0.0072785287965208
1.43079623572268,0.500149755877674,-0.0756602705503604,0.470049337613971,-0.00419468732710213,0.054811190776151,-0.00382652255240656,-0.670777507456019,0.00740090625395362
1.440719019971,0.500013615990483,-0.0761849846346142,0.470074821201459,-0.00423184605781157,0.0548094180268498,-0.00385642208163049,-0.670873906209776,0.00752501085212587
1.45071062020079,0.49987534116741,-0.076713019484688,0.470100588630827,-0.00426938323844241,0.0548075658901578,-0.00388655518530778,-0.670970699615321,0.00765085918918584
1.46077151366109,0.499734901974508,-0.0772443870557635,0.4701266428237,-0.00430730316795722,0.0548056326289334,-0.00391692318443025,-0.671067879177181,0.00777846785329245
1.47090218091073,0.499592268679794,-0.0777790991532819,0.470152986730556,-0.00434561020041282,0.0548036164830224,-0.00394752739259807,-0.671165436195907,0.00790785341899297
1.48110310584131,0.499447411252118,-0.0783171674290509,0.470179623330947,-0.00438430874585898,0.0548015156692095,-0.00397836911567579,-0.671263361768131,0.00803903244358956
1.49137477570027,0.499300299360057,-0.0788586033773124,0.470206555633703,-0.00442340327125391,0.0547993283811738,-0.00400944965144599,-0.671361646786717,0.00817202146349449
1.50171768111418,0.499150902370805,-0.0794034183307695,0.470233786677146,-0.00446289830139789,0.0547970527894505,-0.0040407702892607,-0.671460281940998,0.0083068369905766
1.5121323161122,0.498999189349085,-0.0799516234565731,0.470261319529284,-0.0045027984198836,0.0547946870413961,-0.00407233230969093,-0.671559257717121,0.00844349550850437
1.52261917814963,0.498845129056071,-0.0805032297522662,0.470289157288011,-0.00454310827006503,0.0547922292611598,-0.00410413698417393,-0.671658564398482,0.00858201346908477
1.53317876813171,0.49868868994832,-0.0810582480416851,0.470317303081292,-0.004583832556044,0.0547896775496592,-0.00413618557465887,-0.671758192066261,0.00872240728860502
1.54381159043753,0.498529840176717,-0.0816166889708163,0.470345760067348,-0.00462497604367496,0.0547870299845612,-0.00416847933325039,-0.671858130600052,0.00886469334417639
1.55451815294413,0.498368547585427,-0.0821785630036099,0.470374531434834,-0.00466654356158828,0.054784284620268,-0.00420101950185071,-0.671958369678596,0.00900888797008648
1.56529896705074,0.49820477971087,-0.082743880417744,0.470403620403003,-0.00470854000223221,0.0547814394879084,-0.00423380731179994,-0.672058898780615,0.00915500745416054
1.57615454770323,0.498038503780694,-0.0833126513003452,0.47043303022187,-0.00475097032293359,0.0547784925953334,-0.00426684398351494,-0.672159707185731,0.00930306803413528
1.58708541341869,0.49786968671277,-0.0838848855436578,0.470462764172366,-0.00479383954697749,0.0547754419271181,-0.00430013072612673,-0.672260783975503,0.00945308589405164
1.5980920863102,0.497698295114192,-0.0844605928406641,0.470492825566482,-0.00483715276470624,0.0547722854445674,-0.00433366873711649,-0.672362118034553,0.00960507716066317
1.60917509211179,0.497524295280297,-0.0850397826806549,0.470523217747405,-0.0048809151346377,0.0547690210857278,-0.00436745920195038,-0.672463698051787,0.0097590578998703
1.62033496020352,0.497347653193686,-0.0856224643447453,0.470553944089645,-0.00492513188460322,0.0547656467654037,-0.00440150329371312,-0.672565512521728,0.00991504411317901
1.63157222363676,0.497168334523272,-0.0862086469013392,0.470585007999154,-0.00496980831290512,0.0547621603751791,-0.00443580217274052,-0.672667549745934,0.0100730517341887
1.64288741915971,0.496986304623329,-0.0867983392015357,0.470616412913432,-0.00501494978949441,0.0547585597834443,-0.00447035698625094,-0.672769797834526,0.0102330966251125
1.65428108724297,0.496801528532561,-0.0873915498744826,0.470648162301625,-0.00506056175716822,0.0547548428354277,-0.00450516886797591,-0.672872244707803,0.0103951945733331
1.6657537721054,0.496613970973183,-0.0879882873226678,0.470680259664611,-0.00510664973278788,0.0547510073532325,-0.00454023893778986,-0.67297487809796,0.0105593612879983
1.67730602174008,0.496423596350015,-0.088588559717154,0.470712708535072,-0.00515321930851702,0.0547470511358788,-0.00457556830133901,-0.673077685550904,0.0107256123966563
1.68893838794052,0.496230368749593,-0.0891923749927503,0.470745512477564,-0.00520027615308062,0.0547429719593506,-0.00461115804966974,-0.673180654428157,0.0108939634419398
1.70065142632699,0.496034251939299,-0.0897997408431221,0.470778675088557,-0.00524782601304417,0.0547387675766477,-0.0046470092588562,-0.673283771908864,0.011064429878295
1.71244569637308,0.495835209366499,-0.0904106647158353,0.470812199996482,-0.00529587471411479,0.0547344357178423,-0.00468312298962739,-0.673387024991884,0.0112370270687648
1.72432176143241,0.495633204157706,-0.0910251538073363,0.47084609086175,-0.00534442816246174,0.054729974090142,-0.00471950028699387,-0.673490400497981,0.0114117702818259
1.73628018876552,0.495428199117758,-0.0916432150578611,0.470880351376765,-0.00539349234605982,0.0547253803779557,-0.00475614217987392,-0.6735938850721,0.0115886746882849
1.74832154956701,0.495220156729013,-0.0922648551462779,0.470914985265917,-0.00544307333605261,0.054720652242966,-0.0047930496807195,-0.673697465185732,0.0117677553582332
1.7604464189928,0.495009039150569,-0.0928900804848554,0.470949996285565,-0.00549317728813782,0.054715787324206,-0.00483022378514175,-0.673801127139372,0.0119490272580696
1.77265537618758,0.494794808217504,-0.0935188972139606,0.470985388224005,-0.00554381044397426,0.0547107832381407,-0.00486766547153648,-0.673904857065057,0.0121325052475871
1.78494900431252,0.494577425440133,-0.0941513111966801,0.471021164901413,-0.00559497913260963,0.0547056375787538,-0.0049053757007093,-0.674008640928988,0.0123182040771323
1.79732789057308,0.494356852003295,-0.0947873280133642,0.471057330169786,-0.00564668977193113,0.054700347917639,-0.00494335541550076,-0.674112464534238,0.0125061383848364
1.80979262624709,0.494133048765663,-0.0954269529560941,0.471093887912852,-0.00569894887013683,0.0546949118040958,-0.00498160554041134,-0.674216313523536,0.0126963226939231
1.82234380671297,0.493905976259081,-0.0960701910230669,0.471130842045969,-0.00575176302722975,0.0546893267652308,-0.00502012698122647,-0.674320173382128,0.0128887714100956
1.83498203147818,0.493675594687928,-0.0967170469128994,0.471168196516007,-0.0058051389365336,0.054683590306063,-0.00505892062464158,-0.674424029440718,0.0130834988190052
1.84770790420785,0.493441863928513,-0.0973675250188469,0.471205955301208,-0.00585908338623047,0.0546776999096343,-0.00509798733788711,-0.674527866878478,0.0132805190838036
1.86052203275364,0.4932047435285,-0.0980216294229375,0.471244122411026,-0.00591360326092093,0.0546716530371239,-0.00513732796835376,-0.674631670726127,0.0134798462427833
1.87342502918271,0.492964192706366,-0.0986793638900161,0.47128270188595,-0.0059687055432063,0.0546654471279684,-0.00517694334321776,-0.674735425869083,0.0136814942071074
1.88641750980704,0.492720170350901,-0.0993407318617014,0.471321697797304,-0.00602439731529292,0.0546590795999857,-0.0052168342690663,-0.674839117050677,0.0138854767586301
1.89950009521279,0.492472635020734,-0.100005736450249,0.471361114247025,-0.00608068576061918,0.0546525478495032,-0.00525700153152321,-0.674942728875425,0.0140918075478143
1.91267341029,0.492221544943908,-0.100674380432321,0.471400955367421,-0.00613757816550441,0.0546458492514918,-0.00529744589487472,-0.67504624581237,0.0143005000917424
1.92593808426241,0.491966858017492,-0.101346666242666,0.471441225320904,-0.00619508192082056,0.0546389811597024,-0.00533816810169563,-0.675149652198472,0.0145115677722304
1.93929475071751,0.491708531807241,-0.102022595967692,0.471481928299704,-0.0062532045236862,0.054631940906809,-0.00537916887247547,-0.675252932242051,0.0147250238340377
1.95274404763682,0.491446523547297,-0.102702171338949,0.47152306852555,-0.00631195357918241,0.0546247258045542,-0.00542044890524504,-0.675356070026287,0.0149408813831845
1.96628661742637,0.491180790139945,-0.103385393726508,0.471564650249336,-0.00637133680209206,0.0546173331439005,-0.00546200887520324,-0.675459049512759,0.0151591533853718
1.97992310694735,0.490911288155416,-0.104072264132238,0.471606677750758,-0.00643136201866062,0.0546097601951856,-0.005503849434344,-0.675561854545035,0.0153798526645079
1.99365416754703,0.490637973831751,-0.104762783182976,0.47164915533792,-0.00649203716837973,0.0546020042082813,-0.00554597121108359,-0.675664468852298,0.0156029919013448
2.00748045508988,0.490360803074714,-0.105456951123599,0.471692087346921,-0.00655337030579317,0.0545940624127576,-0.0055883748098881,-0.675766876053008,0.0158285836322224
2.0214026299889,0.490079731457777,-0.106154767809982,0.471735478141408,-0.00661536960232489,0.0545859320180507,-0.0056310608109012,-0.675869059658601,0.0160566402479255
2.03542135723711,0.489794714222156,-0.106856232701848,0.471779332112103,-0.0066780433481297,0.0545776102136351,-0.00567402976957208,-0.675971003077213,0.0162871739926529
2.0495373064394,0.489505706276924,-0.107561344855512,0.471823653676302,-0.00674139995396542,0.0545690941692002,-0.00571728221628362,-0.676072689617439,0.0165201969630994
2.06375115184445,0.48921266219919,-0.108270102916507,0.471868447277342,-0.00680544795308834,0.054560381034831,-0.00576081865598079,-0.676174102492103,0.016755721107655
2.07806357237695,0.488915536234354,-0.108982505112106,0.471913717384036,-0.00687019600316914,0.0545514679411928,-0.00580463956779914,-0.676275224822053,0.0169937582257169
2.09247525167004,0.488614282296437,-0.109698549243718,0.471959468490081,-0.00693565288823242,0.0545423519997206,-0.00584874540469354,-0.676376039639976,0.0172343199671208
2.10698687809795,0.488308853968495,-0.110418232679178,0.472005705113427,-0.00700182752061639,0.054533030302812,-0.00589313659306693,-0.676476529894213,0.0174774178316873
2.12159914480891,0.487999204503115,-0.111141552344915,0.472052431795622,-0.00706872894295543,0.0545234999240248,-0.00593781353239923,-0.676576678452588,0.0177230631688869
2.1363127497582,0.487685286823004,-0.111868504718007,0.47209965310111,-0.00713636633018369,0.0545137579182787,-0.00598277659487635,-0.676676468106244,0.0179712671776244
2.15112839574156,0.487367053521667,-0.112599085818108,0.472147373616507,-0.00720474899155989,0.054503801322061,-0.00602802612501909,-0.676775881573471,0.01822204090614
2.1660467904287,0.487044456864181,-0.113333291199267,0.472195597949833,-0.00727388637271369,0.0544936271536368,-0.00607356243931219,-0.676874901503538,0.01847539525203
2.18106864639712,0.486717448788082,-0.114071115941617,0.472244330729709,-0.00734378805771246,0.054483232413263,-0.00611938582583322,-0.676973510480507,0.0187313409623855
2.19619468116618,0.486385980904338,-0.114812554642947,0.47229357660452,-0.0074144637711495,0.0544726140834069,-0.00616549654388141,-0.677071691027047,0.0189898886340513
2.21142561723131,0.486050004498451,-0.115557601410151,0.472343340241532,-0.00748592338025215,0.0544617691289689,-0.00621189482360641,-0.677169425608225,0.0192510487140007
2.22676218209858,0.485709470531661,-0.116306249850553,0.472393626325978,-0.00755817689701049,0.0544506944975097,-0.00625858086563674,-0.677266696635276,0.0195148314998297
2.24220510831939,0.485364329642277,-0.117058493063111,0.472444439560098,-0.00763123448032606,0.0544393871194816,-0.0063055548407082,-0.677363486469358,0.0197812471403688
2.25775513352553,0.48501453214713,-0.1178143236295,0.472495784662141,-0.00770510643817994,0.0544278439084641,-0.00635281688929189,-0.677459777425269,0.0200503056364103
2.27341300046436,0.48466002804315,-0.118573733605062,0.47254766636532,-0.00777980322982068,0.054416061761404,-0.00640036712122194,-0.677555551775145,0.0203220168415522
2.28917945703428,0.484300767009088,-0.119336714509647,0.472600089416728,-0.00785533546797106,0.0544040375588605,-0.00644820561532294,-0.67765079175211,0.0205963904631573
2.30505525632052,0.483936698407364,-0.120103257318315,0.472653058576213,-0.00793171392105338,0.0543917681652539,-0.00649633241903693,-0.677745479553901,0.0208734360634257
2.32104115663104,0.483567771286072,-0.120873352451929,0.472706578615198,-0.00800894951543353,0.0543792504291195,-0.00654474754804996,-0.67783959734644,0.0211531630605803
2.33713792153279,0.483193934381122,-0.121646989767614,0.472760654315461,-0.00808705333768231,0.0543664811833663,-0.00659345098591814,-0.677933127267363,0.0214355807301635
2.35334631988814,0.482815136118548,-0.122424158549098,0.472815290467872,-0.00816603663685526,0.0543534572455395,-0.00664244268369318,-0.678026051429508,0.0217206982064446
2.36966712589169,0.48243132461697,-0.123204847496935,0.472870491871072,-0.00824591082678823,0.0543401754180891,-0.00669172255954732,-0.678118351924336,0.022008524483934
2.38610111910714,0.48204244769022,-0.1239890447186,0.472926263330108,-0.00832668748841087,0.0543266324886428,-0.00674129049839774,-0.678210010825304,0.0222990684190066
2.40264908450462,0.481648452850147,-0.124776737718467,0.472982609655023,-0.00840837837207507,0.0543128252302833,-0.00679114635153009,-0.678301010191179,0.0225923387316273
2.41931181249812,0.481249287309589,-0.12556791338767,0.473039535659382,-0.00849099539989986,0.054298750401832,-0.00684128993622161,-0.678391332069283,0.0228883440071824
2.43609009898327,0.480844897985538,-0.126362557993846,0.473097046158758,-0.00857455066813063,0.054284404748137,-0.00689172103536328,-0.678480958498677,0.0231870926984095
2.45298474537537,0.480435231502481,-0.127160657170753,0.473155145969156,-0.00865905644951315,0.0542697850003665,-0.00694243939708129,-0.678569871513273,0.0234885931274278
2.46999655864764,0.480020234195948,-0.127962195907791,0.47321383990539,-0.00874452519568128,0.054254887876308,-0.00699344473435775,-0.678658053144868,0.0237928534878648
2.48712635136979,0.479599852116253,-0.128767158539391,0.473273132779396,-0.00883096953955781,0.0542397100806732,-0.00704473672465053,-0.678745485426115,0.0240998818470765
2.50437494174681,0.47917403103244,-0.129575528734307,0.473333029398495,-0.00891840229776777,0.0542242483054075,-0.00709631500951221,-0.678832150393398,0.0244096861484606
2.52174315365806,0.478742716436446,-0.130387289484793,0.473393534563595,-0.0090068364730638,0.0542084992300074,-0.00714817919420826,-0.678918030089641,0.0247222742138586
2.53923181669665,0.478305853547477,-0.131202423095673,0.473454653067338,-0.00909628525676222,0.0541924595218414,-0.00720032884733431,-0.67900310656702,0.0250376537460439
2.55684176620901,0.477863387316611,-0.132020911173311,0.473516389692178,-0.00918676203118937,0.0541761258364796,-0.00725276350043243,-0.679087361889595,0.025355832331295
2.57457384333485,0.477415262431635,-0.13284273461448,0.473578749208411,-0.00927828037213785,0.0541594948180273,-0.00730548264760666,-0.679170778135852,0.0256768174420491
2.59242889504728,0.476961423322108,-0.133667873595123,0.47364173637213,-0.00937085405133091,0.0541425630994672,-0.00735848574513761,-0.679253337401147,0.0260006164396347
2.61040777419332,0.476501814164677,-0.134496307559037,0.473705355923125,-0.00946449703889492,0.0541253273030063,-0.00741177221109604,-0.679335021800059,0.0263272365770786
2.6285113395346,0.476036378888639,-0.135328015206447,0.473769612582716,-0.00955922350583871,0.0541077840404314,-0.0074653414249558,-0.679415813468648,0.0266566850019868
2.64674045578839,0.475565061181754,-0.136162974482502,0.47383451105152,-0.00965504782653849,0.0540899299134701,-0.00751919272720566,-0.679495694566608,0.0269889687594926
2.6650959936689,0.475087804496322,-0.137001162565688,0.473900056007152,-0.00975198458122815,0.0540717615141602,-0.00757332541896061,-0.679574647279323,0.0273240947952734
2.68357882992886,0.474604552055534,-0.137842555856152,0.473966252101856,-0.00985004855849304,0.0540532754252258,-0.00762773876157203,-0.679652653819821,0.0276620699586279
2.70218984740145,0.474115246860083,-0.13868712996396,0.47403310396007,-0.00994925475776705,0.0540344682204615,-0.00768243197623746,-0.679729696430615,0.0280029010056151
2.72092993504239,0.473619831695069,-0.139534859697276,0.474100616175921,-0.010049618391831,0.0540153364651237,-0.00773740424360937,-0.679805757385447,0.0283465946022482
2.73979998797246,0.473118249137181,-0.140385719050475,0.474168793310645,-0.0101511548893117,0.0539958767163307,-0.00779265470340351,-0.679880818990917,0.028693157327743
2.75880090752022,0.472610441562178,-0.141239681192199,0.474237639889938,-0.0102538798971812,0.0539760855234707,-0.00784818245400655,-0.679954863588004,0.0290425956778144
2.77793360126509,0.472096351152663,-0.142096718453349,0.474307160401233,-0.0103578092832524,0.0539559594286181,-0.00790398655208333,-0.680027873553475,0.0293949160680202
2.79719898308069,0.471575919906164,-0.142956802315034,0.474377359290902,-0.0104629591386742,0.0539354949669587,-0.00796006601218362,-0.680099831301185,0.0297501248371485
2.81659797317847,0.471049089643531,-0.143819903396462,0.47444824096138,-0.0105693457804195,0.0539146886672239,-0.00801641980634863,-0.680170719283256,0.0301082282506424
2.83613149815172,0.470515802017639,-0.144685991442804,0.474519809768217,-0.0106769857537699,0.0538935370521337,-0.00807304686371732,-0.680240519991146,0.0304692325040627
2.85580049101974,0.469975998522427,-0.145555035313013,0.474592070017048,-0.0107858958347909,0.0538720366388493,-0.00812994607013253,-0.680309215956608,0.0308331437265824
2.87560589127251,0.469429620502257,-0.146427002967626,0.474665025960485,-0.0108960930328011,0.0538501839394353,-0.0081871162677473,-0.680376789752516,0.0311999679845089
2.89554864491548,0.468876609161611,-0.147301861456532,0.474738681794932,-0.0110075945928289,0.0538279754613318,-0.00824455625463122,-0.680443223993591,0.0315697112848337
2.91562970451479,0.468316905575129,-0.148179576906741,0.474813041657311,-0.0111204179980589,0.0538054077078363,-0.00830226478437723,-0.680508501337002,0.0319423795788023
2.93585002924278,0.467750450697992,-0.149060114510131,0.474888109621718,-0.0112345809722647,0.0537824771785961,-0.00836024056570887,-0.680572604482847,0.0323179787655047
2.95621058492378,0.467177185376661,-0.149943438511206,0.47496388969598,-0.0113501014822273,0.0537591803701115,-0.00841848226208818,-0.680635516174517,0.0326965146954772
2.97671234408028,0.46659705035997,-0.150829512194858,0.475040385818145,-0.011466997740136,0.0537355137762493,-0.00847698849132444,-0.680697219198946,0.0330779931743196
2.99735628597932,0.466009986310583,-0.151718297874144,0.475117601852871,-0.011585288205972,0.0537114738887681,-0.00853575782518405,-0.680757696386735,0.0334624199663184
3.01814339667932,0.465415933816823,-0.152609756878087,0.475195541587742,-0.0117049915898711,0.0536870571978539,-0.00859478878900158,-0.68081693061216,0.0338498007980739
3.03907466907719,0.464814833404865,-0.153503849539511,0.475274208729484,-0.0118261268544654,0.053662260192668,-0.00865407986129235,-0.680874904793064,0.0342401413621302
3.06015110295567,0.464206625551325,-0.154400535182917,0.475353606900106,-0.0119487132172001,0.0536370793619067,-0.0087136294733667,-0.680931601890625,0.034633447320601
3.08137370503119,0.463591250696215,-0.155299772112406,0.475433739632942,-0.012072770152626,0.0536115111943726,-0.00877343600894631,-0.680987004909014,0.0350297243087924
3.10274348900188,0.462968649256299,-0.156201517599661,0.475514610368606,-0.0121983173946625,0.0535855521795582,-0.00883349780378268,-0.681041096894924,0.0354289779388132
3.12426147559604,0.462338761638833,-0.157105727872006,0.475596222450856,-0.0123253749388326,0.0535591988082424,-0.00889381314527813,-0.681093860936992,0.0358312138031756
3.14592869262085,0.461701528255713,-0.158012358100527,0.475678579122371,-0.012453963044465,0.0535324475730993,-0.00895438027210971,-0.681145280165099,0.0362364374783796
3.16774617501149,0.46105688953802,-0.158921362388297,0.475761683520428,-0.0125841022368626,0.0535052949693205,-0.00901519737385607,-0.681195337749557,0.0366446545284781
3.18971496488059,0.460404785950966,-0.15983269375869,0.475845538672488,-0.0127158133094344,0.0534777374952497,-0.00907626259062789,-0.681244016900174,0.0370558705086214
3.21183611156796,0.45974515800926,-0.160746304143806,0.475930147491694,-0.0128491173257897,0.0534497716530318,-0.00913757401270201,-0.681291300865219,0.0374700909685747
3.23411067169074,0.459077946292883,-0.161662144373018,0.476015512772264,-0.0129840356217912,0.0534213939492745,-0.00919912968015965,-0.681337172930254,0.0378873214562096
3.25653970919388,0.458403091463278,-0.162580164161642,0.476101637184798,-0.0131205898075645,0.0533926008957247,-0.00926092758252924,-0.681381616416873,0.0383075675209627
3.27912429540095,0.457720534279968,-0.16350031209976,0.476188523271483,-0.0132588017694632,0.0533633890099584,-0.00932296565843387,-0.681424614681318,0.0387308347172618
3.30186550906528,0.45703021561759,-0.164422535641185,0.476276173441205,-0.0133986936719852,0.0533337548160849,-0.00938524179524421,-0.681466151112985,0.0391571286079138
3.32476443642155,0.456332076483362,-0.165346781092597,0.476364589964563,-0.0135402879596389,0.0533036948454655,-0.00944775382873695,-0.681506209132832,0.0395864547674536
3.3478221712376,0.455626058034975,-0.166272993602855,0.476453774968781,-0.0136836073587565,0.0532732056374465,-0.00951049954275929,-0.681544772191665,0.0400188187854504
3.37103981486675,0.454912101598916,-0.1672011171525,0.476543730432533,-0.0138286748792514,0.0532422837401077,-0.00957347666889999,-0.681581823768332,0.0404542262697684
3.39441847630035,0.454190148689232,-0.168131094543451,0.476634458180654,-0.0139755138163177,0.0532109257110249,-0.00963668288616736,-0.681617347367801,0.04089268284978
3.41795927222076,0.453460141026718,-0.169062867388929,0.47672595987877,-0.014124147752068,0.053179128118048,-0.00970011582067454,-0.681651326519142,0.0413341941795285
3.44166332705473,0.45272202055855,-0.169996376103592,0.476818237027811,-0.0142746005571089,0.0531468875400942,-0.00976377304533283,-0.681683744773407,0.0417787659408381
3.46553177302703,0.451975729478353,-0.170931559893928,0.476911290958439,-0.0144268963920483,0.0531142005679565,-0.00982765207955322,-0.68171458570141,0.0422264038463677
3.48956575021462,0.45122121024671,-0.171868356748888,0.477005122825371,-0.0145810597089341,0.053081063805128,-0.00989175038895689,-0.681743832891404,0.0426771136426083
3.51376640660105,0.450458405612103,-0.172806703430788,0.477099733601601,-0.0147371152526208,0.0530474738686408,-0.00995606538509505,-0.681771469946673,0.043130901112819
3.53813489813128,0.449687258632303,-0.173746535466503,0.477195124072524,-0.0148950880620606,0.0530134273899217,-0.0100205944251787,-0.681797480483015,0.0435877720799023
3.56267238876697,0.448907712696191,-0.174687787138941,0.477291294829961,-0.0150550034715156,0.0529789210156629,-0.0100853348118187,-0.681821848126148,0.0440477324092139
3.58738005054197,0.448119711546022,-0.175630391478841,0.477388246266086,-0.0152168871116903,0.0529439514087087,-0.0101502837927774,-0.681844556509013,0.0445107880113062
3.61225906361841,0.447323199300125,-0.176574280256881,0.477485978567249,-0.0153807649107774,0.0529085152489577,-0.0102154385607306,-0.681865589268993,0.0449769448446043
3.63731061634298,0.446518120476038,-0.177519383976137,0.477584491707706,-0.0155466630954187,0.0528726092342815,-0.0102807962530435,-0.681884930045046,0.0454462089180107
3.66253590530377,0.44570442001408,-0.178465631864886,0.477683785443244,-0.0157146081915729,0.0528362300814586,-0.0103463539515573,-0.681902562474752,0.0459185862934385
3.68793613538733,0.444882043301352,-0.179412951869784,0.477783859304717,-0.015884627025291,0.0527993745271245,-0.0104121086823909,-0.681918470191277,0.0463940830882702
3.71351251983634,0.444050936196168,-0.18036127064942,0.477884712591471,-0.016056746723394,0.0527620393287375,-0.0104780574157555,-0.681932636820256,0.0468727054777415
3.73926628030746,0.443211045052917,-0.181310513568279,0.477986344364683,-0.0162309947140503,0.0527242212655601,-0.0105441970657843,-0.681945045976595,0.0473544596972471
3.76519864692972,0.442362316747341,-0.18226060469111,0.478088753440601,-0.0164073987272489,0.0526859171396565,-0.0106105244903767,-0.681955681261204,0.047839352044568
3.7913108583633,0.441504698702238,-0.183211466777726,0.478191938383685,-0.0165859867951663,0.0526471237769057,-0.0106770364910593,-0.681964526257641,0.0483273888820198
3.81760416185865,0.440638138913574,-0.184163021278252,0.478295897499654,-0.0167667872524219,0.0526078380280292,-0.0107437298128628,-0.6819715645287,0.0488185766385161
3.84407981331609,0.439762585977013,-0.185115188328832,0.478400628828442,-0.0169498287362201,0.0525680567696356,-0.0108106011442158,-0.681976779612916,0.0493129218115528
3.87073907734582,0.438877989114842,-0.186067886747813,0.478506130137057,-0.0171351401863749,0.0525277769052792,-0.010877647116857,-0.681980155021003,0.0498104309691054
3.89758322732826,0.437984298203302,-0.187021034032425,0.47861239891235,-0.0173227508452133,0.0524869953665342,-0.0109448643057655,-0.681981674232234,0.0503111107514415
3.92461354547494,0.437081463800308,-0.187974546355963,0.478719432353696,-0.0175126902573547,0.0524457091140839,-0.0110122492291106,-0.681981320690744,0.050814967872847
3.95183132288971,0.436169437173552,-0.188928338565502,0.478827227365579,-0.0177049882693625,0.0524039151388238,-0.0110797983482207,-0.681979077801778,0.0513220091232642
3.97923785963041,0.435248170328993,-0.189882324180152,0.478935780550094,-0.0178996750292637,0.0523616104629802,-0.0111475080675737,-0.681974928927883,0.051832241369842
4.00683446477099,0.434317616039701,-0.190836415389862,0.479045088199363,-0.0180967809859347,0.0523187921412422,-0.0112153747348078,-0.681968857385027,0.0523456715583948
4.03462245646401,0.433377727875081,-0.191790523054812,0.479155146287864,-0.0182963368883465,0.0522754572619075,-0.0112833946407548,-0.681960846438678,0.0528623067147722
4.06260316200361,0.432428460230436,-0.192744556705382,0.479265950464676,-0.0184983737846706,0.0522316029480422,-0.0113515640194955,-0.681950879299819,0.053382153946137
4.09077791788892,0.431469768356876,-0.193698424542733,0.479377496045648,-0.0187029230212366,0.0521872263586535,-0.0114198790484388,-0.681938939120909,0.0539052204421507
4.11914806988789,0.430501608391561,-0.194652033440014,0.479489778005481,-0.0189100162413424,0.052142324689875,-0.0114883358484249,-0.681925008991806,0.0544315134760663
4.14771497310157,0.429523937388269,-0.195605288944197,0.479602790969742,-0.0191196853839106,0.0520968951761649,-0.0115569304838526,-0.681909071935628,0.0549610404057279
4.17647999202884,0.428536713348263,-0.196558095278574,0.479716529206794,-0.0193319626819887,0.0520509350915158,-0.0116256589628326,-0.681891110904574,0.0554938086744754
4.20544450063156,0.427539895251469,-0.197510355345926,0.47983098661966,-0.0195468806610896,0.0520044417506759,-0.0116945172373669,-0.681871108775699,0.0560298258119551
4.23460988240025,0.426533443087933,-0.198461970732371,0.479946156737817,-0.0197644721373681,0.0519574125103817,-0.0117635012035545,-0.681849048346653,0.0565690994348348
4.26397753042013,0.425517317889547,-0.199412841711917,0.480062032708914,-0.0199847702156309,0.051909844770601,-0.0118326067018254,-0.681824912331366,0.057111637247423
4.29354884743766,0.424491481762046,-0.200362867251737,0.480178607290438,-0.020207808287175,0.0518617359757854,-0.0119018295172018,-0.681798683355707,0.0576574470421924
4.32332524592758,0.423455897917234,-0.201311945018168,0.480295872841309,-0.0204336200274536,0.051813083616133,-0.0119711653795893,-0.681770343953101,0.0582065367002063
4.35330814816033,0.422410530705449,-0.202259971383465,0.480413821313418,-0.0206622393935628,0.0517638852288595,-0.0120406099640965,-0.681739876560108,0.0587589141914489
4.38349898627002,0.421355345648239,-0.203206841433314,0.480532444243108,-0.0208937006215477,0.0517141383994772,-0.0121101588913858,-0.681707263511977,0.0593145875750576
4.41389920232282,0.420290309471232,-0.204152448975125,0.480651732742609,-0.0211280382235247,0.0516638407630817,-0.0121798077280545,-0.681672487038158,0.0598735649994584
4.44451024838583,0.419215390137191,-0.205096686547116,0.480771677491411,-0.0213652869846153,0.051612990005646,-0.0122495519870474,-0.681635529257794,0.0604358547024034
4.47533358659646,0.418130556879225,-0.2060394454282,0.480892268727607,-0.0216054819596891,0.0515615838653194,-0.012319387128102,-0.681596372175178,0.0610014650109103
4.50637068923228,0.417035780234152,-0.206980615648701,0.481013496239177,-0.021848658469912,0.0515096201337328,-0.012389308558226,-0.681554997675188,0.0615704043411039
4.53762303878129,0.415931032075979,-0.207920086001892,0.481135349355246,-0.0220948520990965,0.0514570966573082,-0.0124593116322084,-0.681511387518692,0.0621426811979597
4.56909212801278,0.414816285649492,-0.208857744056388,0.481257816937305,-0.0223440986898527,0.0514040113385718,-0.0125293916531646,-0.681465523337935,0.0627183041749484
4.60077946004862,0.413691515603933,-0.209793476169399,0.481380887370391,-0.0225964343395324,0.0513503621374698,-0.012599543873116,-0.681417386631907,0.0632972819535826
4.63268654843505,0.412556698026737,-0.210727167500847,0.481504548554257,-0.0228518953959699,0.0512961470726868,-0.0126697634936045,-0.681366958761676,0.063879623302865
4.66481491721498,0.411411810477313,-0.211658702028374,0.481628787894509,-0.0231105184530095,0.0512413642229648,-0.0127400456663433,-0.681314220945724,0.064465337078637
4.69716610100076,0.410256832020854,-0.212587962563248,0.481753592293722,-0.023372340345822,0.0511860117284222,-0.0128103854939029,-0.681259154255245,0.06505443222283
4.72974164504755,0.409091743262129,-0.213514830767162,0.481878948142555,-0.0236373981460049,0.0511300877918727,-0.0128807780304346,-0.681201739609445,0.0656469177626167
4.76254310532705,0.40791652637927,-0.214439187169967,0.482004841310845,-0.0239057291564644,0.0510735906801413,-0.0129512182824308,-0.681141957770814,0.066242802809465
4.79557204860185,0.406731165157492,-0.215360911188317,0.482131257138705,-0.0241773709060762,0.0510165187253786,-0.013021701209523,-0.681079789340393,0.0668420965580914
4.82883005250031,0.405535645022753,-0.216279881145261,0.482258180427617,-0.0244523611441224,0.0509588703263706,-0.0130922217253174,-0.681015214753028,0.0674448082853179
4.86231870559183,0.404329953075309,-0.217195974290774,0.482385595431537,-0.0247307378345037,0.050900643949843,-0.0131627746982697,-0.680948214272611,0.0680509473488279
4.89603960746281,0.403114078123146,-0.21810906682324,0.482513485848003,-0.0250125391497214,0.0508418381317608,-0.0132333549525977,-0.680878767987316,0.0686605231858249
4.92999436879299,0.401888010715261,-0.219019033911901,0.482641834809271,-0.0252978034646301,0.0507824514786194,-0.013303957269234,-0.680806855804822,0.0692735453115917
4.96418461143244,0.40065174317477,-0.219925749720267,0.482770624873459,-0.025586569349958,0.0507224826687278,-0.0133745763868175,-0.680732457447539,0.069890023317951
4.99861196847899,0.399405269631806,-0.220829087430504,0.482899838015728,-0.0258788755655912,0.0506619304534823,-0.0134452070027247,-0.680655552447815,0.0705099668716278
5.03327808435624,0.398148586056187,-0.221728919268797,0.483029455619494,-0.0261747610536232,0.0506007936586292,-0.013515843774141,-0.680576120143151,0.0711333857125117
5.06818461489212,0.396881690289828,-0.222625116531701,0.483159458467676,-0.0264742649311652,0.0505390711855157,-0.0135864813191722,-0.680494139671407,0.0717602896518224
5.10333322739797,0.395604582078854,-0.223517549613469,0.48328982673399,-0.0267774264829178,0.0504767620123272,-0.0136571142179963,-0.68040958996601,0.0723906885701747
5.13872560074817,0.394317263105406,-0.224406088034386,0.483420539974294,-0.0270842851534998,0.0504138651953104,-0.0137277370140555,-0.680322449751151,0.0730245924155452
5.17436342546036,0.393019737019087,-0.225290600470077,0.483551577117986,-0.0273948805395371,0.0503503798699801,-0.0137983442152892,-0.680232697537,0.0736620112011414
5.21024840377617,0.391712009468041,-0.22617095478182,0.483682916459471,-0.0277092523815057,0.0502863052523094,-0.0138689302954072,-0.680140311614906,0.07430295500317
5.24638224974252,0.390394088129611,-0.22704701804785,0.483814535649691,-0.0280274405553326,0.0502216406399004,-0.0139394896952036,-0.680045270052605,0.0749474339585076
5.2827666892935,0.389065982740571,-0.227918656595652,0.483946411687733,-0.0283494850637499,0.0501563854131363,-0.0140100168239114,-0.679947550689437,0.0755954582622725
5.31940346033281,0.387727705126874,-0.228785736035252,0.484078520912514,-0.0286754260274038,0.050090539036311,-0.0140805060605975,-0.679847131131555,0.0762470381652964
5.35629431281677,0.386379269232907,-0.22964812129349,0.484210838994564,-0.0290053036757172,0.0500241010587367,-0.0141509517555977,-0.679743988747154,0.0769021839714979
5.39344100883792,0.385020691150206,-0.23050567664928,0.484343340927891,-0.0293391583375066,0.0499570711158271,-0.0142213482319928,-0.679638100661692,0.0775609060351564
5.43084532270915,0.383651989145606,-0.231358265769855,0.484476001021959,-0.0296770304313511,0.0498894489301558,-0.0142916897871239,-0.67952944375313,0.0782232147580866
5.4685090410485,0.382273183688796,-0.232205751747983,0.484608792893762,-0.0300189604557169,0.0498212343124866,-0.0143619706941474,-0.67941799464717,0.0788891205867137
5.50643396286443,0.380884297479234,-0.233047997140152,0.484741689460026,-0.0303649889788336,0.0497524271627766,-0.01443218520363,-0.679303729712513,0.0795586340090479
5.54462189964184,0.37948535547241,-0.233884864005713,0.48487466292952,-0.0307151566283274,0.0496830274711486,-0.0145023275451824,-0.679186625056113,0.0802317655515605
5.58307467542852,0.378076384905404,-0.234716213946985,0.485007684795503,-0.031069504080607,0.049613035318833,-0.0145723919291315,-0.679066656518457,0.0809085257759583
5.6217941269223,0.376657415321714,-0.235541908150286,0.485140725828303,-0.0314280720500079,0.0495424508790767,-0.0146423725482308,-0.678943799668844,0.0815889252758581
5.66078210355879,0.37522847859533,-0.236361807427911,0.485273756068043,-0.0317909012776923,0.0494712744180173,-0.0147122635794087,-0.678818029800684,0.0822729746733614
5.70004046759971,0.373789608954004,-0.237175772261016,0.485406744817505,-0.0321580325203082,0.0493995062955228,-0.0147820591855538,-0.678689321926809,0.0829606846155262
5.73957109422183,0.372340843001698,-0.237983662843415,0.485539660635165,-0.0325295065384091,0.0493271469659932,-0.0148517535173362,-0.678557650774793,0.0836520657707396
5.77937587160657,0.370882219740167,-0.238785339126261,0.485672471328379,-0.032905364084635,0.0492541969791244,-0.0149213407150651,-0.678422990782299,0.0843471288249863
5.81945670103016,0.369413780589655,-0.239580660863613,0.485805143946742,-0.0332856458916574,0.0491806569806313,-0.0149908149105812,-0.678285316092426,0.0850458844780175
5.85981549695445,0.367935569408656,-0.240369487658844,0.485937644775631,-0.0336703926598907,0.0491065277129304,-0.0150601702291833,-0.678144600549089,0.0857483434394151
5.90045418711838,0.366447632512725,-0.241151679011902,0.486069939329921,-0.0340596450449723,0.0490318100157788,-0.0151294007915881,-0.678000817692407,0.0864545164245548
5.94137471263004,0.364950018692298,-0.241927094367391,0.4862019923479,-0.0344534436450131,0.0489565048268694,-0.0151985007159231,-0.677853940754111,0.0871644141504642
5.9825790280594,0.363442779229485,-0.242695593163439,0.486333767785378,-0.0348518289876234,0.0488806131823807,-0.0152674641197498,-0.677703942652972,0.0878780473315776
6.02406910153166,0.361925967913817,-0.24345703488136,0.486465228810001,-0.0352548415167148,0.0488041362174788,-0.0153362851221191,-0.677550795990256,0.0885954266753871
6.06584691482126,0.360399641056904,-0.24421127909606,0.486596337795779,-0.0356625215790837,0.0487270751667715,-0.0154049578456541,-0.677394473045189,0.0893165628779871
6.10791446344653,0.358863857505981,-0.244958185527173,0.486727056317833,-0.0360749094107783,0.0486494313647131,-0.0154734764186631,-0.677234945770454,0.0900414666195148
6.15027375676503,0.357318678656309,-0.245697614090914,0.486857345147356,-0.0364920451232537,0.0485712062459573,-0.0155418349772778,-0.677072185787706,0.0907701485594829
6.19292681806951,0.355764168462403,-0.246429424952595,0.486987164246825,-0.0369139686893191,0.0484924013456583,-0.0156100276676193,-0.676906164383117,0.091502619332007
6.23587568468454,0.354200393448056,-0.247153478579798,0.487116472765433,-0.0373407199288812,0.0484130182997181,-0.0156780486479868,-0.676736852502938,0.0922388895409241
6.27912240806387,0.352627422715131,-0.247869635796174,0.487245229034777,-0.0377723384944883,0.0483330588449791,-0.0157458920910704,-0.676564220749097,0.0929789697548036
6.32266905388835,0.351045327951102,-0.248577757835826,0.487373390564792,-0.0382088638566795,0.0482525248193607,-0.015813552186186,-0.676388239374816,0.0937228705018491
6.36651770216467,0.349454183435297,-0.249277706398253,0.487500914039945,-0.0386503352891443,0.0481714181619383,-0.0158810231415293,-0.676208878280267,0.0944706022646901
6.41067044732463,0.347854066043841,-0.249969343703824,0.487627755315688,-0.0390967918536985,0.0480897409129646,-0.0159482991864495,-0.676026107008245,0.0952221754750639
6.45512939832527,0.346245055253259,-0.250652532549741,0.487753869415191,-0.0395482723850793,0.0480074952138309,-0.0160153745737401,-0.675839894739883,0.0959776005083852
6.49989667874954,0.344627233142717,-0.251327136366466,0.487879210526335,-0.040004815475568,0.0479246833069681,-0.0160822435819446,-0.675650210290393,0.0967368876782044
6.54497442690774,0.343000684394882,-0.251993019274565,0.488003731999002,-0.0404664594594445,0.0478413075356866,-0.0161489005176769,-0.675457022104845,0.0975000472305518
6.5903647959397,0.341365496295371,-0.25265004614194,0.488127386342638,-0.0409332423972796,0.0477573703439532,-0.0162153397179531,-0.675260298253974,0.0982670893381684
6.63606995391757,0.339721758730781,-0.25329808264141,0.488250125224121,-0.0414052020600714,0.0476728742761052,-0.0162815555525344,-0.675060006430032,0.0990380240946224
6.68209208394941,0.338069564185264,-0.253936995308596,0.488371899465915,-0.0418823759132336,0.0475878219764997,-0.0163475424262778,-0.674856113942669,0.0998128615083082
6.72843338428345,0.336409007735637,-0.254566651600077,0.488492659044534,-0.0423648011004394,0.0475022161890986,-0.0164132947814938,-0.674648587714859,0.10059161149633
6.77509606841313,0.334740187045012,-0.255186919951778,0.488612353089316,-0.0428525144273299,0.0474160597569875,-0.0164788071003092,-0.674437394278863,0.101374283878268
6.82208236518274,0.333063202354921,-0.255797669837533,0.488730929881496,-0.0433455523450938,0.0473293556218284,-0.0165440739070317,-0.674222499772233,0.102160888369822
6.86939451889399,0.331378156475923,-0.256398771827799,0.488848336853612,-0.0438439509339243,0.0472421068232448,-0.0166090897705167,-0.674003869933865,0.102951434576343
6.91703478941313,0.329685154776689,-0.256990097648469,0.488964520589224,-0.0443477458863621,0.0471543164981401,-0.0166738493065316,-0.673781470100089,0.103745931986234
6.96500545227891,0.327984305171533,-0.257571520239734,0.489079426822954,-0.0448569724905297,0.0470659878799474,-0.0167383471801172,-0.673555265200812,0.104544389964236
7.0133087988113,0.3262757181064,-0.258142913814963,0.489193000440869,-0.045371665613267,0.0469771242978108,-0.0168025781079445,-0.673325219755708,0.105346817744591
7.06194713622089,0.32455950654328,-0.258704153919537,0.48930518548118,-0.0458918596831743,0.0468877291756978,-0.0168665368606621,-0.673091297870454,0.106153224424075
7.11092278771915,0.322835785943059,-0.259255117489609,0.489415925135289,-0.0464175886735707,0.0467978060314428,-0.0169302182652359,-0.672853463233022,0.106963618954913
7.16023809262934,0.321104674246782,-0.25979568291073,0.489525161749174,-0.046948886085377,0.0467073584757212,-0.0169936172072756,-0.672611679110029,0.107778010137561
7.20989540649828,0.319366291855344,-0.260325730076303,0.48963283682511,-0.0474857849299289,0.0466163902109534,-0.0170567286333476,-0.672365908343132,0.108596406613369
7.25989710120885,0.317620761607575,-0.2608451404458,0.489738891023742,-0.0480283177117317,0.04652490503014,-0.017119547553271,-0.67211611334549,0.109418816857104
7.31024556509332,0.315868208756756,-0.26135379710272,0.4898432641665,-0.0485765164111618,0.0464329068156271,-0.0171820690423955,-0.671862256098283,0.110245249169356
7.36094320304735,0.314108760945527,-0.261851584812216,0.48994589523837,-0.0491304124671256,0.0463403995378019,-0.0172442882438586,-0.671604298147293,0.111075711668805
7.41199243664497,0.312342548179219,-0.262338390078348,0.49004672239101,-0.0496900367596823,0.0462473872537193,-0.0173062003708182,-0.671342200599551,0.111910212284357
7.46339570425412,0.310569702797587,-0.262814101200926,0.490145682946222,-0.0502554195926416,0.0461538741056589,-0.0173678007086615,-0.671075924120046,0.112748758747151
7.51515546115323,0.308790359444977,-0.263278608331868,0.490242713399779,-0.050826590676142,0.0460598643196143,-0.0174290846171849,-0.670805428928514,0.113591358582427
7.56727417964842,0.307004655038901,-0.263731803531046,0.490337749425607,-0.0514035791092202,0.0459653622037126,-0.0174900475327438,-0.670530674796282,0.114438019101264
7.61975434919166,0.305212728737061,-0.264173580821565,0.490430725880324,-0.0519864133623799,0.0458703721465672,-0.0175506849703706,-0.670251621043207,0.115288747392177
7.67259847649959,0.303414721902803,-0.264603836244411,0.490521576808133,-0.0525751212601677,0.0457748986155629,-0.0176109925258571,-0.669968226534669,0.116143550312579
7.72580908567334,0.30161077806903,-0.265022467912438,0.490610235446077,-0.0531697299637665,0.0456789461550743,-0.0176709658778005,-0.669680449678667,0.117002434480105
7.77938871831903,0.29980104290059,-0.265429376063635,0.490696634229647,-0.0537702659536129,0.0455825193846182,-0.0177306007896093,-0.669388248422976,0.117865406263796
7.83333993366922,0.297985664155131,-0.265824463113622,0.490780704798746,-0.0543767550120491,0.0454856229969415,-0.0177898931114682,-0.669091580252404,0.118732471775144
7.8876653087051,0.296164791642473,-0.266207633707327,0.490862378004018,-0.0549892222060168,0.0453882617560446,-0.0178488387822586,-0.668790402186132,0.119603636858989
7.94236743827963,0.294338577182487,-0.266578794769801,0.490941583913519,-0.0556076918698021,0.0452904404951411,-0.0179074338314326,-0.668484670775143,0.120478907084286
7.99744893524145,0.292507174561519,-0.26693785555612,0.49101825181975,-0.0562321875878399,0.0451921641145569,-0.0179656743808393,-0.668174342099753,0.121358287734715
8.0529124305597,0.29067073948737,-0.267284727700315,0.491092310247048,-0.0568627321775858,0.0450934375795667,-0.0180235566464998,-0.667859371767228,0.122241783799158
8.10876057344967,0.28882942954287,-0.267619325263305,0.491163686959312,-0.0574993476724649,0.0449942659181723,-0.0180810769403291,-0.667539714909512,0.12312939996202
8.16499603149936,0.286983404138055,-0.267941564779765,0.491232308968094,-0.0581420553049044,0.0448946542188213,-0.0181382316718037,-0.667215326181056,0.124021140593419
8.22162149079689,0.285132824460981,-0.2682513653039,0.491298102541031,-0.0587908754894595,0.0447946076280703,-0.0181950173495714,-0.666886159756755,0.124917009739211
8.27863965605879,0.283277853427219,-0.268548648454064,0.491360993210617,-0.0594458278060399,0.0446941313481915,-0.018251430583002,-0.666552169329993,0.125817011110884
8.33605325075921,0.281418655628032,-0.268833338456195,0.491420905783322,-0.0601069309832451,0.0445932306347264,-0.0183074680836768,-0.666213308110809,0.12672114807529
8.39386501726,0.279555397277292,-0.269105362186017,0.49147776434905,-0.0607742028818163,0.0444919107939861,-0.0183631266668146,-0.665869528824176,0.127629423644241
8.45207771694168,0.277688246157163,-0.269364649209954,0.491531492290926,-0.061447660478213,0.0443901771805031,-0.0184184032526327,-0.665520783708411,0.128541840463944
8.51069413033537,0.275817371562577,-0.269611131824746,0.491582012295426,-0.0621273198483203,0.0442880351944326,-0.0184732948676405,-0.665167024513698,0.129458400804296
8.56971705725559,0.273942944244556,-0.269844745095687,0.49162924636282,-0.0628131961512977,0.044185490278908,-0.0185277986458639,-0.664808202500756,0.13037910654802
8.62914931693396,0.272065136352405,-0.270065426893483,0.491673115817953,-0.0635053036135712,0.0440825479173517,-0.0185819118299998,-0.664444268439632,0.131303959179653
8.68899374815392,0.270184121374825,-0.270273117929668,0.491713541321339,-0.0642036555129823,0.0439792136307428,-0.0186356317724968,-0.664075172608641,0.132232959774388
8.74925320938629,0.268300074079979,-0.270467761790549,0.49175044288057,-0.0649082641630945,0.0438754929748447,-0.0186889559365625,-0.663700864793437,0.133166108986756
8.80993057892579,0.266413170454568,-0.270649304969651,0.491783739862043,-0.0656191408976688,0.043771391537393,-0.0187418818970949,-0.663321294286247,0.134103407039164
8.87102875502857,0.264523587641944,-0.270817696898618,0.491813351002981,-0.0663362960553106,0.0436669149352491,-0.0187944073415366,-0.662936409885243,0.135044853710273
8.93255065605059,0.262631503879317,-0.270972889976548,0.491839194423772,-0.0670597389642984,0.0435620688115181,-0.0188465300706494,-0.662546159894083,0.135990448323233
8.99449922058705,0.260737098434099,-0.271114839597723,0.491861187640587,-0.0677894779275961,0.043456858832636,-0.01889824799921,-0.662150492121605,0.136940189733757
9.05687740761275,0.258840551539436,-0.271243504177712,0.491879247578301,-0.0685255202080579,0.0433512906854274,-0.0189495591566231,-0.661749353881687,0.137894076318054
9.11968819662343,0.256942044328972,-0.271358845177813,0.491893290583697,-0.0692678720138297,0.043245370074137,-0.0190004616874521,-0.661342691993287,0.1388521059606
9.18293458777804,0.255041758770899,-0.271460827127816,0.491903232438948,-0.0700165384839517,0.0431391027174357,-0.0190509538518666,-0.660930452780648,0.139814276041766
9.2466196020421,0.253139877601336,-0.271549417647056,0.491908988375373,-0.0707715236741699,0.0430324943454069,-0.0191010340260039,-0.660512582073689,0.140780583425287
9.31074628133199,0.251236584257111,-0.27162458746374,0.491910473087466,-0.0715328305429578,0.0429255506965118,-0.0191507007022453,-0.660089025208588,0.141751024445594
9.3753176886602,0.249332062807964,-0.271686310432521,0.491907600747185,-0.0723004609377557,0.0428182775145396,-0.0191999524894053,-0.65965972702854,0.142725594894982
9.44033690828169,0.247426497888256,-0.271734563550311,0.491900285018497,-0.0730744155814297,0.0427106805455439,-0.0192487881128334,-0.659224631884733,0.143704290010636
9.50580704584117,0.245520074628224,-0.271769326970302,0.491888439072179,-0.0738546940589559,0.0426027655347672,-0.0192972064144276,-0.658783683637507,0.144687104461515
9.57173122852146,0.243612978584832,-0.271790584014191,0.491871975600858,-0.0746412948043332,0.0424945382235584,-0.0193452063525582,-0.658336825657733,0.145674032335076
9.63811260519287,0.24170539567229,-0.271798321182599,0.491850806834291,-0.075434215087727,0.042386004346284,-0.0193927870019037,-0.657884000828397,0.146665067123866
9.70495434656358,0.239797512092273,-0.271792528163659,0.491824844554884,-0.0762334510028484,0.0422771696272373,-0.019439947553195,-0.657425151546411,0.147660201711962
9.7722596453311,0.237889514263925,-0.271773197839777,0.49179400011343,-0.0770389974545717,0.042168039777547,-0.0194866873128709,-0.656960219724638,0.148659428361265
9.84003171633479,0.235981588753675,-0.271740326292556,0.491758184445071,-0.0778508481467917,0.0420586204920894,-0.019533005702642,-0.656489146794158,0.149662738697667
9.90827379670937,0.234073922204947,-0.271693912805874,0.491717308085476,-0.0786689955705238,0.0419489174464068,-0.0195789022589647,-0.656011873706761,0.150670123697059
9.97698914603959,0.232166701267797,-0.271633959867119,0.491671281187224,-0.0794934309922499,0.0418389362936338,-0.0196243766324243,-0.655528340937685,0.15168157367122
10.0461810465159,0.230260112528561,-0.271560473166574,0.491620013536389,-0.0803241444425105,0.041728682661436,-0.0196694285870275,-0.655038488488606,0.152697078253555
10.1158528030912,0.228354342439543,-0.271473461594962,0.491563414569328,-0.0811611247047458,0.0416181621489628,-0.0197140579994043,-0.654542255890875,0.153716626384709
10.1860077436388,0.22644957724882,-0.271372937239141,0.491501393389652,-0.0820043593043851,0.0415073803238179,-0.0197582648579203,-0.654039582209018,0.154740206298048
10.2566492191112,0.224546002930214,-0.271258915375968,0.491433858785384,-0.082853834498189,0.0413963427190498,-0.0198020492616983,-0.653530406044507,0.155767805505007
10.3277806037004,0.222643805113481,-0.271131414464328,0.491360719246296,-0.0837095352638418,0.0412850548301657,-0.0198454114195513,-0.653014665539793,0.156799410780317
10.3994052949988,0.220743169014784,-0.270990456135348,0.491281882981424,-0.0845714452897972,0.041173522112171,-0.0198883516488263,-0.652492298382626,0.157835008147109
10.4715267141616,0.218844279367502,-0.270836065180795,0.491197257936737,-0.0854395469653747,0.0410617499766383,-0.0199308703741599,-0.651963241810659,0.158874582861893
10.5441483060703,0.21694732035342,-0.270668269539676,0.491106751812988,-0.0863138213711116,0.0409497437888075,-0.0199729681261463,-0.651427432616342,0.159918119399424
10.6172735394972,0.215052475534372,-0.270487100283064,0.491010272083705,-0.0871942482693651,0.04083750886472,-0.0200146455399195,-0.65088480715211,0.160965601437453
10.6909059072708,0.213159927784381,-0.270292591597153,0.49090772601334,-0.0880808060951678,0.0407250504683915,-0.0200559033536489,-0.650335301335886,0.162017011841372
10.7650489264432,0.211269859222343,-0.270084780764561,0.490799020675572,-0.0889734719473353,0.040612373809023,-0.0200967424069505,-0.649778850656881,0.163072332648743
10.8397061384575,0.209382451145325,-0.269863708143918,0.490684062971739,-0.0898722215798242,0.0404994840382556,-0.0201371636392151,-0.649215390181726,0.16413154505374
10.9148811093176,0.20749788396251,-0.269629417147743,0.490562759649422,-0.0907770293933411,0.0403863862474705,-0.0201771680878539,-0.648644854560912,0.165194629391479
10.9905774297578,0.205616337129853,-0.269381954218641,0.490435017321148,-0.0916878684272004,0.0402730854651361,-0.0202167568864624,-0.648067178035579,0.166261565122261
11.0667987154147,0.203737989085491,-0.269121368803845,0.490300742483237,-0.0926047103514308,0.0401595866542069,-0.0202559312629062,-0.647482294444624,0.167332330815727
11.1435486070002,0.20186301718596,-0.26884771332814,0.490159841534763,-0.0935275254591275,0.0400458947095741,-0.0202946925373274,-0.646890137232165,0.168406904134927
11.2208307704748,0.199991597643256,-0.268561043165173,0.490012220796642,-0.0944562826590511,0.0399320144555729,-0.0203330421200751,-0.646290639455351,0.169485261820312
11.2986488972231,0.198123905462808,-0.268261416607213,0.489857786530838,-0.0953909494684691,0.039817950643547,-0.0203709815095604,-0.645683733792531,0.170567379673648
11.3770067042298,0.196260114382381,-0.267948894833359,0.489696444959683,-0.0963314920062401,0.0397037079494736,-0.0204085122900394,-0.645069352551782,0.171653232541869
11.4559079342577,0.194400396811974,-0.267623541876264,0.489528102285312,-0.0972778749861382,0.0395892909716512,-0.0204456361293234,-0.644447427679814,0.172742794300864
11.535356356026,0.192544923774747,-0.267285424587376,0.489352664709201,-0.0982300617104155,0.0394747042284521,-0.0204823547764205,-0.643817890771246,0.173836037839203
11.6153557643908,0.190693864849018,-0.266934612600759,0.489170038451817,-0.0991880140636018,0.0393599521561423,-0.0205186700591095,-0.643180673078271,0.174932935041826
11.6959099805258,0.188847388111372,-0.266571178295516,0.488980129772376,-0.100151692506539,0.0392450391067703,-0.0205545838814482,-0.642535705520705,0.176033456773674
11.7770228521052,0.187005660080916,-0.266195196756864,0.488782844988692,-0.101121056070646,0.0391299693461271,-0.0205900982212183,-0.64188291869644,0.177137572863294
11.8586982534876,0.185168845664726,-0.265806745735886,0.488578090497142,-0.10209606235242,0.0390147470517796,-0.0206252151273091,-0.641222242892293,0.17824525208641
11.9409400859005,0.183337108104507,-0.265405905608019,0.488365772792716,-0.103076667508156,0.0388993763111797,-0.0206599367170419,-0.640553608095268,0.17935646214947
12.0237522776272,0.181510608924518,-0.264992759330306,0.488145798489178,-0.104062826248908,0.0387838611198491,-0.0206942651734382,-0.639876944004235,0.180471169673186
12.1071387841942,0.179689507880771,-0.264567392397463,0.487918074339317,-0.105054491835659,0.0386682053796442,-0.0207282027424329,-0.639192180042031,0.181589340176057
12.1911035885602,0.17787396291156,-0.264129892796802,0.487682507255299,-0.106051616074726,0.0385524128971007,-0.0207617517300358,-0.638499245367984,0.182710938057899
12.2756507013062,0.176064130089323,-0.263680350962052,0.487439004329109,-0.10705414931338,0.0384364873818601,-0.0207949144994431,-0.637798068890883,0.183835926583385
12.3607841608273,0.17426016357389,-0.263218859726132,0.487187472853101,-0.108062040435688,0.0383204324451806,-0.0208276934681026,-0.637088579282379,0.184964267865603
12.4465080335254,0.172462215567114,-0.262745514272914,0.486927820340636,-0.10907523685857,0.038204251598532,-0.0208600911047335,-0.636370704990835,0.186095922849635
12.5328264140034,0.170670436268938,-0.262260412088029,0.486659954546816,-0.110093684528078,0.0380879482522775,-0.0208921099263046,-0.635644374255635,0.187230851296184
12.6197434252612,0.168884973834893,-0.261763652908753,0.486383783489327,-0.111117327915881,0.0379715257144431,-0.0209237524949728,-0.634909515121941,0.188369011765236
12.7072632188919,0.167105974335066,-0.261255338673039,0.486099215469365,-0.112146110015971,0.0378549871895756,-0.0209550214149857,-0.634166055455925,0.189510361599781
12.7953899752808,0.165333581714548,-0.260735573467721,0.485806159092677,-0.11317997234158,0.0377383357776908,-0.020985919329549,-0.633413922960466,0.190654856909605
12.8841279038047,0.163567937755376,-0.260204463475964,0.485504523290693,-0.114218854922308,0.037621574473312,-0.0210164489176634,-0.632653045191318,0.191802452555149
12.9734812430331,0.161809182039997,-0.259662116923982,0.485194217341767,-0.115262696301459,0.0375047061646009,-0.0210466128909323,-0.631883349573771,0.19295310213146
13.0634542609305,0.160057451916242,-0.259108644027091,0.484875150892519,-0.116311433533593,0.0373877336325813,-0.0210764139903445,-0.63110476341978,0.194106757952244
13.1540512550606,0.158312882463852,-0.258544156935149,0.484547233979288,-0.117365002182287,0.0372706595504553,-0.0211058549830327,-0.630317213945605,0.195263371034014
13.2452765527909,0.15657560646254,-0.25796876967741,0.48421037704969,-0.118423336318101,0.0371534864830145,-0.0211349386590127,-0.629520628289927,0.196422891080373
13.3371345115004,0.154845754361612,-0.257382598106869,0.483864490984292,-0.119486368516762,0.0370362168861452,-0.0211636678279045,-0.628714933532481,0.197585266466423
13.4296295187868,0.153123454251142,-0.25678575984413,0.483509487118395,-0.120554029857554,0.0369188531064293,-0.021192045315639,-0.627900056713178,0.198750444223315
13.5227659926764,0.151408831834718,-0.256178374220847,0.48314527726394,-0.121626249921922,0.0368013973808399,-0.0212200739611531,-0.627075924851749,0.199918370022964
13.6165483818355,0.149702010403747,-0.255560562222793,0.48277177373153,-0.12270295679229,0.0366838518365336,-0.0212477566130753,-0.626242464967893,0.201088988162925
13.7109811657822,0.148003110813332,-0.254932446432603,0.482388889352576,-0.123784077051085,0.0365662184907377,-0.0212750961264055,-0.625399604101942,0.202262241551456
13.806068855101,0.146312251459711,-0.254294150972239,0.481996537501568,-0.124869535779994,0.0364484992507351,-0.0213020953591913,-0.624547269336051,0.203438071692779
13.9018159916578,0.144629548259269,-0.253645801445221,0.481594632118479,-0.12595925655942,0.0363306959139437,-0.021328757169204,-0.623685387815906,0.204616418672543
13.998227148817,0.142955114629096,-0.252987524878682,0.481183087731298,-0.127053161468169,0.0362128101680929,-0.0213550844106167,-0.622813886772958,0.205797221143518
14.0953069316601,0.14128906146911,-0.252319449665277,0.480761819478701,-0.128151171083362,0.0360948435914965,-0.0213810799306876,-0.621932693547189,0.206980416311522
14.1930599772055,0.139631497145727,-0.251641705505012,0.480330743132862,-0.129253204480565,0.0359767976534199,-0.0214067465664513,-0.621041735610403,0.208165939921602
14.2914909546299,0.13798252747706,-0.250954423347024,0.479889775122405,-0.130359179234155,0.0358586737145446,-0.0214320871414208,-0.620140940590056,0.209353726244481
14.3906045654914,0.13634225571966,-0.25025773533136,0.479438832555506,-0.131469011417917,0.0357404730275267,-0.0214571044623027,-0.619230236293619,0.210543708063286
14.4904055439544,0.134710782556763,-0.249551774730804,0.478977833243142,-0.132582615605878,0.0356221967376502,-0.0214818013157293,-0.618309550733471,0.211735816660573
14.5908986570152,0.133088206088048,-0.248836675892795,0.478506695722498,-0.133699904873387,0.0355038458835748,-0.0215061804650088,-0.61737881215234,0.21292998180567
14.6920887047298,0.131474621820883,-0.248112574181471,0.478025339280523,-0.134820790798438,0.0353854213981772,-0.0215302446468979,-0.61643794904927,0.21412613174234
14.7939805204436,0.129870122663043,-0.247379605919886,0.477533683977659,-0.135945183463247,0.035266924109485,-0.0215539965683981,-0.615486890206135,0.215324193176794
14.8965789710218,0.128274798916892,-0.24663790833245,0.47703165067172,-0.137072991456086,0.0351483547417026,-0.0215774389035797,-0.614525564714686,0.216524091266065
14.999888957082,0.126688738274999,-0.245887619487612,0.47651916104195,-0.138204121873385,0.0350297139163289,-0.021600574290435,-0.613553902004137,0.21772574960676
15.1039154132284,0.12511202581718,-0.245128878240844,0.475996137613244,-0.139338480322103,0.0349110021533645,-0.0216234053277633,-0.612571831869288,0.218929090224202
15.2086633082875,0.123544744008935,-0.244361824177952,0.475462503780544,-0.140475970922373,0.0347922198726092,-0.0216459345720918,-0.611579284499179,0.220134033561992
15.3141376455451,0.121986972701269,-0.243586597558758,0.47491818383341,-0.141616496310442,0.0346733673950468,-0.0216681645346322,-0.610576190506284,0.221340498471994
15.4203434629857,0.12043878913187,-0.242803339261189,0.474363102980773,-0.142759957641892,0.0345544449443179,-0.0216900976782788,-0.609562480956233,0.222548402204767
15.5272858335329,0.118900267927622,-0.242012190725797,0.473797187375864,-0.143906254595172,0.0344354526482782,-0.021711736414647,-0.608538087398056,0.223757660400466
15.6349698652918,0.117371481108419,-0.241213293900761,0.473220364141328,-0.145055285375436,0.0343163905406414,-0.0217330831011582,-0.607502941894966,0.224968187080221
15.7434007017931,0.115852498092278,-0.240406791187393,0.472632561394523,-0.146206946718697,0.0341972585627062,-0.0217541400381699,-0.606456977055647,0.22617989463802
15.8525835222385,0.1143433857017,-0.239592825386176,0.472033708273007,-0.147361133896316,0.0340780565651647,-0.0217749094661566,-0.605400126066075,0.227392693833111
15.9625235417481,0.112844208171269,-0.238771539643379,0.471423734960207,-0.148517740719819,0.0339587843099912,-0.021795393562941,-0.604332322721836,0.228606493782937
16.07322601161,0.111355027156455,-0.237943077398262,0.470802572711283,-0.149676659546073,0.0338394414724111,-0.0218155944409798,-0.603253501460965,0.229821201956637
16.1846962195303,0.109875901743591,-0.237107582330908,0.470170153879178,-0.150837781282809,0.0337200276429463,-0.0218355141447052,-0.602163597397274,0.231036724169111
16.2969394898867,0.108406888461008,-0.236265198310709,0.469526411940855,-0.152000995394524,0.0336005423295371,-0.0218551546479242,-0.601062546354183,0.232252964575692
16.4099611839816,0.106948041291276,-0.235416069345529,0.468871281523733,-0.153166189908753,0.033480984959738,-0.0218745178512787,-0.599950284899035,0.233469825667421
16.5237667002994,0.105499411684549,-0.234560339531568,0.468204698432297,-0.154333251422744,0.0333613548829865,-0.0218936055797667,-0.59882675037789,0.234687208266959
16.6383614747635,0.104061048572961,-0.233698153003953,0.467526599674908,-0.155502065110524,0.0332416513729425,-0.021912419580329,-0.597691880950794,0.235905011525153
16.7537509809962,0.102632998386053,-0.23282965388807,0.466836923490797,-0.156672514730391,0.0331218736298963,-0.0219309615195009,-0.596545615627507,0.23712313291827
16.8699407305804,0.101215305067204,-0.231954986251678,0.466135609377237,-0.157844482632827,0.0330020207832443,-0.0219492329811326,-0.595387894303685,0.238341468245925
16.9869362733223,0.0998080100910213,-0.231074294057793,0.465422598116905,-0.159017849768853,0.0328820918940299,-0.0219672354641787,-0.594218657797507,0.239559911629719
17.1047431975172,0.098411152481676,-0.230187721118394,0.464697831805419,-0.160192495698838,0.0327620859575469,-0.0219849703805601,-0.593037847886732,0.240778355512603
17.2233671302159,0.0970247688321351,-0.229295411048939,0.463961253879052,-0.161368298601774,0.0326420019060051,-0.0220024390530981,-0.591845407346175,0.241996690658999
17.3428137374936,0.0956488933242719,-0.22839750722373,0.463212809142615,-0.162545135285032,0.0325218386112547,-0.0220196427135247,-0.590641279985597,0.243214806155685
17.4630887247206,0.0942835577498156,-0.227494152732125,0.462452443797515,-0.163722881194605,0.0324015948875681,-0.0220365825005682,-0.589425410687985,0.244432589413467
17.5841978368348,0.0929287915321093,-0.22658549033562,0.461680105469964,-0.164901410425868,0.032281269494476,-0.0220532594581175,-0.58819774544821,0.245649926169663
17.7061468586161,0.0915846217486462,-0.22567166242581,0.460895743239352,-0.16608059573485,0.0321608611396579,-0.0220696745334663,-0.586958231412065,0.246866700491415
17.8289416149627,0.0902510731543499,-0.224752810983243,0.460099307666771,-0.167260308550045,0.0320403684818819,-0.022085828575637,-0.585706816915644,0.248082794779839
17.9525879711692,0.0889281682055686,-0.223829077537173,0.459290750823675,-0.168440418984771,0.0319197901339935,-0.0221017223337887,-0.58444345152506,0.249298089775054
18.0770918332073,0.0876159270847492,-0.22290060312622,0.458470026320679,-0.169620795850092,0.0317991246659515,-0.022117356455707,-0.583168086076485,0.250512464562081
18.2024591480069,0.086314367725762,-0.221967528259956,0.45763708933649,-0.170801306668318,0.0316783706079063,-0.0221327314863806,-0.581880672716489,0.251725796577653
18.3286959037413,0.0850235058398424,-0.221029992881406,0.456791896646947,-0.171981817687097,0.0315575264533216,-0.0221478478666623,-0.580581164942667,0.25293796161795
18.4558081301122,0.0837433549421197,-0.220088136330486,0.455934406654176,-0.173162193894111,0.0314365906621342,-0.0221627059320183,-0.57926951764453,0.254148833847263
18.5838018986386,0.0824739263787002,-0.219142097308378,0.45506457941584,-0.174342299032393,0.0313155616639514,-0.0221773059113654,-0.577945687144639,0.255358285807624
18.7126833229461,0.0812152293542747,-0.218192013842832,0.454182376674476,-0.175521995616285,0.0311944378612834,-0.022191647925998,-0.57660963123997,0.256566188429411
18.8424585590593,0.0799672709602207,-0.217238023254425,0.453287761886913,-0.176701144948032,0.0310732176328066,-0.0222057319886042,-0.575261309243474,0.25777241104294
18.9731338056957,0.078730056203167,-0.21628026212375,0.452380700253739,-0.17787960713505,0.0309518993366586,-0.0222195580023747,-0.573900682025833,0.258976821391076
19.1047153045619,0.0775035880339916,-0.215318866259561,0.451461158748836,-0.179057241107868,0.0308304813137588,-0.0222331257602025,-0.572527712057363,0.260179285642861
19.2372093406515,0.0762878673772238,-0.214353970667847,0.450529106148933,-0.180233904638757,0.030708961891155,-0.0222464349439755,-0.571142363450055,0.261379668408194
19.3706222425457,0.0750828931608211,-0.213385709521864,0.449584513063191,-0.181409454361068,0.0305873393853918,-0.0222594851239633,-0.569744601999737,0.262577832753561
19.5049603827152,0.0738886623462917,-0.212414216133097,0.44862735196279,-0.182583745789286,0.0304656121058993,-0.0222722757582972,-0.568334395228308,0.263773640218843
19.6402301778248,0.072705169959135,-0.211439622923164,0.447657597210505,-0.183756633339815,0.0303437783583989,-0.0222848061925457,-0.566911712426047,0.264966950835217
19.7764380890397,0.0715324091195713,-0.210462061396659,0.44667522509025,-0.184927970352501,0.030221836448324,-0.0222970756593843,-0.565476524693942,0.266157623144151
19.9135906223344,0.0703703710735354,-0.209481662114912,0.445680213836587,-0.186097609112924,0.0300997846842528,-0.022309083278362,-0.56402880498604,0.267345514217521
20.0516943288031,0.0692190452239045,-0.208498554670691,0.444672543664159,-0.187265400875443,0.0299776213813512,-0.0223208280557632,-0.562568528151762,0.26853047967886
20.1907558049731,0.0680784191619366,-0.207512867663809,0.443652196797047,-0.188431195887033,0.0298553448648228,-0.0223323088845661,-0.561095670978176,0.269712373725743
20.3307816931193,0.0669484786988923,-0.206524728677652,0.442619157498025,-0.189594843411904,0.0297329534733626,-0.022343524544498,-0.55961021223219,0.270891049153331
20.4717786815819,0.0658292078978157,-0.205534264256611,0.441573412097683,-0.19075619175693,0.0296104455626141,-0.0223544737021871,-0.558112132702627,0.272066357379079
20.6137535050858,0.0647205891054492,-0.204541599884405,0.440514949023415,-0.191915088297883,0.0294878195086243,-0.0223651549114115,-0.556601415242164,0.273238148468615
20.756712945062,0.0636226029842587,-0.203546859963306,0.439443758828231,-0.193071379506495,0.0293650737112965,-0.0223755666134455,-0.555078044809102,0.274406271162815
20.900663829972,0.062535228544545,-0.202550167794234,0.438359834219389,-0.194224910978346,0.0292422065978368,-0.0223857071375025,-0.553542008508916,0.275570572906056
21.0456130356336,0.0614584431766206,-0.201551645557722,0.4372631700868,-0.195375527461597,0.0291192166261919,-0.0223955747012752,-0.551993295635584,0.276730899875686
21.1915674855492,0.0603922226830272,-0.200551414295751,0.436153763531208,-0.196523072886567,0.0289961022884762,-0.0224051674115726,-0.550431897712623,0.277887097012692
21.338534151237,0.0593365413107745,-0.199549593894427,0.435031613892103,-0.197667390396166,0.028872862114385,-0.0224144832650542,-0.548857808533839,0.279039008053588
21.4865200525637,0.0582913717835783,-0.198546303067498,0.433896722775342,-0.19880832237719,0.0287494946745909,-0.0224235201490593,-0.547271024203715,0.280186475563518
21.6355322580795,0.0572566853340782,-0.197541659340699,0.432749094080461,-0.199945710492488,0.0286259985841224,-0.0224322758425343,-0.545671543177435,0.281329340970591
21.7855778853565,0.0562324517360151,-0.196535779036919,0.431588734027648,-0.20107939571399,0.0285023725057192,-0.022440748017054,-0.544059366300483,0.282467444601435
21.9366641013278,0.0552186393363498,-0.195528777262157,0.430415651184341,-0.202209218356623,0.0283786151531649,-0.0224489342379395,-0.542434496847802,0.283600625717984
22.0887981226306,0.0542152150873039,-0.194520767892284,0.429229856491437,-0.203335018113106,0.0282547252945917,-0.0224568319654697,-0.540796940562453,0.284728722555494
22.2419872159503,0.0532221445783065,-0.193511863560574,0.428031363289071,-0.204456634089618,0.0281307017557563,-0.022464438556188,-0.539146705693758,0.285851572361793
22.396238698368,0.0522393920678282,-0.192502175645999,0.426820187341952,-0.205573904842365,0.0280065434232836,-0.0224717512643018,-0.53748380303487,0.286969011437753
22.5515599377096,0.0512669205150872,-0.191491814262284,0.425596346864202,-0.206686668415019,0.0278822492478755,-0.0224787672431751,-0.535808245959747,0.288080875178992
22.7079583528983,0.050304691611612,-0.190480888247688,0.424359862543696,-0.207794762377048,0.0277578182474831,-0.0224854835469128,-0.534120050459483,0.289186998118804
22.8654414143084,0.0493526658126442,-0.189469505155516,0.423110757565852,-0.208898023862932,0.0276332495104385,-0.0224918971320362,-0.532419235177951,0.290287213972294
23.0240166441225,0.0484108023683694,-0.188457771245337,0.421849057636854,-0.209996289612252,0.0275085421985446,-0.022498004859249,-0.530705821446733,0.291381355681741
23.1836916166905,0.0474790593549592,-0.187445791474898,0.420574791006265,-0.211089396010664,0.0273836955501203,-0.0225038034952918,-0.528979833319291,0.292469255463149
23.3444739588916,0.0465573937054152,-0.186433669492722,0.419287988489009,-0.212177179131744,0.0272587088829979,-0.0225092897148854,-0.527241297604325,0.293550744854008
23.5063713504986,0.0456457612401985,-0.185421507631362,0.417988683486682,-0.213259474779697,0.0271335815974709,-0.02251446010276,-0.525490243898304,0.294625654762231
23.6693915245447,0.0447441166976357,-0.184409406901319,0.416676912008176,-0.214336118532933,0.0270083131791895,-0.0225193111557716,-0.523726704617105,0.295693815516266
23.8335422676926,0.0438524137640891,-0.183397466985585,0.415352712689556,-0.215406945788494,0.026882903202001,-0.0225238392851015,-0.521950715026738,0.296755056916379
23.9988314206069,0.04297060510388,-0.182385786234818,0.414016126813185,-0.21647179180732,0.0267573513307339,-0.0225280408185393,-0.520162313273102,0.297809208287067
24.1652668783283,0.0420986423889556,-0.181374461663114,0.412667198326057,-0.217530491760357,0.0266316573239214,-0.0225319120028481,-0.518361540410742,0.29885609853062
24.3328565906507,0.0412364763282906,-0.180363588944381,0.411305973857292,-0.218582880775481,0.0265058210364632,-0.0225354490062089,-0.516548440430558,0.299895556181782
24.5016085625011,0.0403840566970127,-0.179353262409279,0.409932502734782,-0.219628793985236,0.026379842422224,-0.0225386479207443,-0.51472306028644,0.30092740946352
24.6715308543219,0.0395413323652458,-0.178343575042735,0.40854683700094,-0.220668066575362,0.0262537215365639,-0.0225415047651191,-0.512885449920761,0.301951486343861
24.8426315824557,0.0387082513266619,-0.177334618481991,0.407149031427527,-0.221700533834112,0.026127458538801,-0.0225440154872156,-0.511035662288727,0.302967614593787
25.0149189195333,0.0378847607267345,-0.176326483015202,0.405739143529521,-0.222726031202324,0.0260010536946027,-0.0225461759668832,-0.509173753381506,0.303975621846155
25.1884010948637,0.0370708068906869,-0.175319257580533,0.404317233578002,-0.223744394324244,0.0258745073783036,-0.0225479820187591,-0.507299782248124,0.304975335655635
25.3630863948277,0.0362663353511299,-0.174313029765775,0.402883364612014,-0.224755459099078,0.0257478200751483,-0.0225494293951589,-0.505413811016071,0.305966583559615
25.538983163273,0.0354712908753814,-0.173307885808445,0.401437602449377,-0.225759061733248,0.0256209923834562,-0.0225505137890351,-0.503515904910595,0.306949193140071
25.7160998019135,0.0346856174924654,-0.172303910596355,0.399980015696419,-0.226755038793332,0.0254940250167072,-0.0225512308370009,-0.501606132272628,0.307922992086352
25.89444477073,0.0339092585197825,-0.171301187668651,0.398510675756591,-0.227743227259669,0.0253669188055458,-0.0225515761224184,-0.499684564575323,0.308887808258865
26.0740265883745,0.0331421565894502,-0.170299799217292,0.397029656837942,-0.228723464580603,0.0252396746997015,-0.0225515451785475,-0.497751276439153,0.309843469753616
26.2548538325773,0.0323842536743078,-0.169299826088963,0.39553703595942,-0.229695588727337,0.0251122937698237,-0.0225511334917543,-0.495806345645541,0.310789804967583
26.4369351405564,0.0316354911135834,-0.168301347787406,0.394032892955974,-0.230659438249374,0.02498477720923,-0.0225503365047767,-0.493849853148992,0.311726642664881
26.6202792094301,0.030895809638219,-0.167304442476161,0.39251731048242,-0.231614852330515,0.0248571263355643,-0.0225491496200441,-0.49188188308767,0.312653812043683
26.8048947966327,0.0301651493958519,-0.166309186981691,0.390990374016051,-0.232561670845389,0.0247293425923655,-0.0225475682030495,-0.489902522792422,0.313571142803856
26.9907907203326,0.0294434499754505,-0.16531565679689,0.389452171857962,-0.233499734416474,0.0246014275505423,-0.0225455875857715,-0.487911862794179,0.314478465215286
27.1779758598533,0.0287306504316013,-0.164323926084959,0.387902795133062,-0.23442888447159,0.0244733829097556,-0.0225432030701427,-0.485909996829727,0.315375610186826
27.3664591560979,0.028026689308448,-0.163334067683628,0.386342337788744,-0.235348963301824,0.0243452104997038,-0.0225404099315634,-0.483897021845811,0.316262409335857
27.556249611976,0.027331504663279,-0.162346153109724,0.384770896592202,-0.23625981411985,0.0242169122813117,-0.0225372034224568,-0.481873038001536,0.317138695058389
27.7473562928336,0.0266450340897651,-0.161360252564065,0.383188571126347,-0.237161281118614,0.0240884903478217,-0.0225335787758633,-0.479838148669043,0.318004300599671
27.9397883268864,0.0259672147408452,-0.160376434936669,0.381595463784325,-0.238053209530351,0.0239599469257838,-0.0225295312090712,-0.477792460432434,0.318859060125271
28.1335549056553,0.0252979833512604,-0.159394767812271,0.379991679762599,-0.238935445685879,0.0238312843759459,-0.0225250559272817,-0.475736083084913,0.31970280879256
28.3286652844062,0.0246372762597375,-0.158415317476125,0.378377327052577,-0.239807837074154,0.0237025051940413,-0.0225201481273035,-0.473669129624126,0.320535382822564
28.5251287825912,0.0239850294308213,-0.157438148920094,0.376752516430773,-0.24067023240203,0.023573612011473,-0.0225148030012758,-0.471591716245674,0.321356619572133
28.7229547842946,0.023341178476357,-0.15646332584901,0.375117361447474,-0.241522481654186,0.0234446075958945,-0.0225090157404167,-0.469503962334774,0.32216635760637
28.9221527386804,0.0227056586766241,-0.155490910687286,0.373471978413896,-0.242364436153188,0.0233154948516841,-0.0225027815387926,-0.467405990456052,0.322964436771278
29.1227321604441,0.0220784050011216,-0.154520964585783,0.371816486387828,-0.243195948619625,0.0231862768203149,-0.0224960955971067,-0.465297926341455,0.323750698266558
29.324702630267,0.0214593521290086,-0.153553547428917,0.370151007157725,-0.244016873232292,0.0230569566806167,-0.0224889531265042,-0.463179898876246,0.324524984718515
29.5280737952738,0.0208484344691989,-0.152588717841988,0.368475665225262,-0.244827065688368,0.0229275377489316,-0.022481349352389,-0.461052040083093,0.32528714025301
29.7328553694936,0.0202455861801137,-0.15162653319873,0.366790587786313,-0.245626383263544,0.022798023479161,-0.0224732795182504,-0.458914485104216,0.326037010568411
29.9390571343235,0.0196507411890941,-0.150667049629073,0.365095904710372,-0.246414684872052,0.0226684174627046,-0.0224647388894969,-0.456767372181595,0.326774443008468
30.1466889389963,0.0190638332114747,-0.1497103220271,0.363391748518375,-0.247191831126554,0.022538723428291,-0.0224557227572922,-0.454610842635222,0.327499286635077
30.3557607010504,0.0184847957693216,-0.148756404059199,0.361678254358952,-0.247957684397843,0.0224089452416985,-0.0224462264423919,-0.45244504083939,0.328211392300856
30.566282406804,0.0179135622098379,-0.147805348172393,0.359955559983069,-0.2487121088743,0.0222790869053677,-0.0224362452989769,-0.450270114197015,0.328910612721485
30.7782641118319,0.0173500657234376,-0.146857205602849,0.358223805717083,-0.249454970621064,0.0221491525579042,-0.0224257747184803,-0.448086213111989,0.32959680254774
30.9917159414457,0.0167942393614924,-0.145912026384544,0.35648313443419,-0.250186137638869,0.0220191464734727,-0.0224148101334049,-0.445893490959557,0.330269818437175
31.2066480911777,0.016246016053754,-0.144969859358098,0.354733691524277,-0.250905479922492,0.0218890730610817,-0.0224033470211271,-0.44369210405472,0.330929519125376
31.4230708272674,0.0157053286254541,-0.144030752179751,0.352975624862172,-0.251612869518764,0.0217589368637594,-0.0223913809076854,-0.441482211618666,0.331575765496735
31.6409944871527,0.0151721098140864,-0.14309475133048,0.351209084774297,-0.252308180584095,0.0216287425576217,-0.022378907371549,-0.439263975743236,0.332208420654683
31.8604294799627,0.0146462922858734,-0.14216190212526,0.349434224003732,-0.252991289441461,0.0214984949508315,-0.0223659220473637,-0.437037561353432,0.332827349991315
32.0813862870155,0.0141278086519206,-0.141232248722445,0.347651197673691,-0.253662074636805,0.0213681989824512,-0.0223524206296716,-0.434803136167962,0.333432421256348
32.3038754623189,0.0136165914840629,-0.140305834133273,0.345860163249424,-0.254320416994794,0.021237859721188,-0.0223383988766024,-0.432560870657861,0.334023504625351
32.5279076330741,0.0131125733304054,-0.139382700231487,0.344061280498547,-0.254966199673891,0.0211074823640338,-0.0223238526135308,-0.430310938003163,0.334600472767186
32.7534935001834,0.0126156867305625,-0.138462887763064,0.342254711449828,-0.255599308220686,0.0209770722347992,-0.0223087777366996,-0.428053514047678,0.335163200910594
32.9806438387618,0.0121258642305988,-0.137546436356049,0.340440620350418,-0.256219630623431,0.0208466347825441,-0.0222931702168027,-0.42578877725186,0.335711566909873
33.2093694986511,0.0116430383976757,-0.136633384530478,0.33861917362157,-0.25682705736474,0.0207161755799048,-0.0222770261025269,-0.423516908643807,0.33624545130957
33.4396814049384,0.011167141834406,-0.135723769708407,0.336790539812841,-0.257421481473391,0.0205857003213196,-0.0222603415240479,-0.421238091768398,0.336764737408154
33.6715905584778,0.0106981071929222,-0.134817628224012,0.334954889554817,-0.258002798575192,0.0204552148211539,-0.0222431126964778,-0.418952512634605,0.337269311320575
33.9051080364161,0.0102358671886599,-0.13391499533378,0.333112395510353,-0.258570906942852,0.0203247250117257,-0.0222253359232619,-0.416660359660998,0.337759062039688
34.1402449927217,0.00978035461386061,-0.133015905226773,0.331263232324394,-0.259125707544811,0.0201942369412338,-0.0222070075995199,-0.414361823619471,0.33823388149644
34.3770126587175,0.0093315023507986,-0.132120391034959,0.329407576572355,-0.259667104092985,0.0200637567715906,-0.0221881242153304,-0.412057097577225,0.338693664618805
34.6154223436172,0.00888924338473357,-0.131228484843622,0.327545606707122,-0.260195003089377,0.0199332907761594,-0.0221686823589547,-0.409746376837034,0.339138309389372
34.8554854350656,0.00845351081659392,-0.13034021770182,0.325677503004688,-0.260709313871498,0.0198028453374,-0.0221486787199972,-0.407429858875837,0.339567716901559
35.0972133996824,0.00802423787539345,-0.12945561963291,0.323803447508451,-0.261209948656563,0.019672426944424,-0.0221281100924992,-0.405107743281678,0.339981791414374
35.3406177836102,0.00760135793038542,-0.128574719645126,0.32192362397222,-0.261696822584414,0.0195420421904608,-0.0221069733779646,-0.402780231689053,0.340380440405685
35.5857102130658,0.0071848045029569,-0.127697545742207,0.320038217801942,-0.262169853759124,0.0194116977702379,-0.0220852655883128,-0.400447527712687,0.340763574623939
35.8325023948954,0.0067745112782672,-0.12682412493407,0.318147415996213,-0.262628963289238,0.0192814004772765,-0.0220629838487579,-0.398109836879795,0.341131108138273
36.081006117134,0.00637041211663358,-0.125954483247529,0.316251407085578,-0.263074075326608,0.0191511572011052,-0.022040125400611,-0.395767366560865,0.341482958386978
36.3312332495683,0.00597244106466727,-0.125088645737054,0.314350381070691,-0.263505117103787,0.0190209749243946,-0.0220166876040022,-0.393420325899021,0.341819046224256
36.5831957443038,0.00558053236616373,-0.124226636495564,0.31244452935935,-0.263922018969937,0.0188908607200142,-0.0219926679405215,-0.391068925737989,0.342139295965227
36.8369056363357,0.00519462047274909,-0.123368478665254,0.310534044702462,-0.264324714425212,0.0187608217480151,-0.0219680640157753,-0.388713378548757,0.342443635429137
37.0923750441235,0.0048146400542877,-0.122514194448457,0.308619121128981,-0.264713140153581,0.0186308652525412,-0.0219428735618559,-0.386353898354936,0.342731995980729
37.3496161701702,0.00444052600905183,-0.121663805118528,0.306699953879854,-0.26508723605406,0.0185009985586701,-0.0219170944397225,-0.383990700656916,0.343004312569723
37.6086413016048,0.0040722134736583,-0.120817331030758,0.30477673934104,-0.265446945270302,0.0183712290691889,-0.0218907246414917,-0.38162400235484,0.343260523768373
37.8694628107695,0.00370963783277354,-0.119974791633304,0.302849674975626,-0.265792214218538,0.0182415642613055,-0.0218637622926346,-0.379254021670477,0.343500571807058
38.1320931558105,0.00335273472859116,-0.119136205478145,0.300918959255107,-0.266122992613813,0.0181120116832997,-0.0218362056540796,-0.376880978068038,0.343724402607871
38.3965448812729,0.00300144007008382,-0.118301590232056,0.298984791589877,-0.266439233494503,0.0179825789511168,-0.0218080531242186,-0.374505092174004,0.343931965816166
38.6628306187004,0.00265569004203308,-0.117470962687589,0.297047372258969,-0.266740893245085,0.0178532737449063,-0.0217793032408146,-0.372126585696018,0.344123214830039
38.9309630872381,0.00231542111383891,-0.116644338774077,0.295106902339121,-0.267027931617118,0.0177241038055091,-0.0217499546828103,-0.369745681340911,0.3442981068277
39.2009550942403,0.00198057004811241,-0.11582173356864,0.293163583633191,-0.26730031174844,0.017595076930897,-0.0217200062720344,-0.367362602731929,0.344456602792717
39.4728195358824,0.00165107390905363,-0.115003161307207,0.291217618598001,-0.267558000180521,0.0174662009725663,-0.0216894569748058,-0.364977574325208,0.3445986675371
39.7465693977764,0.00132687007061729,-0.114188635395536,0.289269210271656,-0.267800966873992,0.0173374838318901,-0.0216583059034341,-0.36259082132559,0.344724269722201
40.0222177555915,0.00100789622446862,-0.113378168420251,0.287318562200384,-0.2680291852223,0.0172089334564321,-0.0216265523176139,-0.360202569601817,0.344833381877407
40.2997777756789,0.000694090387731772,-0.112571772159866,0.285365878364971,-0.268242632063485,0.0170805578362245,-0.0215941956257143,-0.3578130456012,0.344925980416608
40.5792627157,0.000385390910533188,-0.111769457595824,0.283411363106838,-0.268441287690067,0.0169523650000153,-0.0215612353859604,-0.355422476263805,0.345002045652423
40.8606859252603,8.17364833417909e-05,-0.110971234923528,0.281455221053815,-0.268625135857029,0.0168243630114858,-0.0215276713075069,-0.353031088936245,0.34506156180816
41.1440608465467,-0.000216933855891542,-0.110177113563365,0.27949765704568,-0.268794163787876,0.016696559965444,-0.0214935032514038,-0.350639111285135,0.345104517027515
41.4294010149697,-0.000510680714793143,-0.109387102171739,0.277538876059515,-0.268948362178775,0.0165689639839962,-0.021458731231452,-0.348246771210284,0.345130903381982
41.7167200598098,-0.000799564339822586,-0.108601208652081,0.27557908313494,-0.269087725200765,0.0164415832127003,-0.0214233554149504,-0.345854296757701,0.345140716875967
42.0060317048688,-0.00108364460972324,-0.107819440165866,0.27361848329928,-0.26921225050003,0.0163144258167044,-0.0213873761233315,-0.343461916032472,0.345133957449623
42.2973497691249,-0.00136298102916581,-0.107041803143611,0.271657281492735,-0.269321939196232,0.0161874999768748,-0.0213507938326885,-0.341069857111591,0.345110628979369
42.5906881673929,-0.0016376327225826,-0.106268303295864,0.269695682493599,-0.269416795878909,0.0160608138859152,-0.021313609174191,-0.338678347956809,0.34507073927612
42.8860609109892,-0.00190765842819106,-0.105498945624184,0.267733890843598,-0.26949682860194,0.0159343757444828,-0.0212758229343906,-0.336287616327573,0.345014300081215
43.1834821084004,-0.00217311649220463,-0.1047337344321,0.265772110773402,-0.269562048876073,0.0158081937573025,-0.0212374360554168,-0.333897889694133,0.34494132706006
43.4829659659579,-0.00243406486322909,-0.103972673336061,0.263810546128367,-0.269612471659537,0.0156822761292849,-0.0211984496350627,-0.331509395150872,0.344851839793473
43.7845267885158,-0.00269056108684306,-0.103215765276362,0.261849400294577,-0.269648115346724,0.0155566310616491,-0.0211588649267616,-0.329122359329945,0.344745861766763
44.0881789801347,-0.00294266230036051,-0.102463012528059,0.259888876125225,-0.269669001754979,0.0154312667480559,-0.0211186833394538,-0.326737008315288,0.344623420356543
44.3939370447695,-0.00319042522777426,-0.101714416711854,0.257929175867416,-0.269675156109485,0.0153061913707536,-0.0210779064373462,-0.324353567557066,0.344484546815287
44.701815586962,-0.00343390617487841,-0.100969978804965,0.255970501089428,-0.269666607026276,0.0151814130967396,-0.0210365359395632,-0.321972261786638,0.344329276253665
45.0118293125388,-0.00367316102456841,-0.10022969915197,0.254013052608499,-0.269643386493386,0.0150569400739423,-0.0209945737196918,-0.319593314932089,0.344157647620649
45.3239930293136,-0.00390824523231717,-0.0994935774756221,0.252057030419193,-0.269605529850146,0.0149327804274249,-0.0209520218052198,-0.317216950034416,0.343969703681443
45.6383216477945,-0.0041392138218259,-0.0987616128876484,0.250102633622406,-0.269553075764669,0.0148089422556155,-0.0209088823768703,-0.314843389164423,0.34376549099323
45.954830181896,-0.00436612138084794,-0.0980338038995074,0.248150060355054,-0.269486066209527,0.0146854336265669,-0.0208651577678318,-0.312472853340387,0.343545059878784
46.2735337496566,-0.00458902205718432,-0.0973101484331255,0.246199507720511,-0.269404546435648,0.0145622625742478,-0.0208208504628863,-0.310105562446571,0.343308464397967
46.5944475739604,-0.00480796955484967,-0.0965906438315988,0.244251171719846,-0.269308564944467,0.0144394370948703,-0.0207759630974367,-0.307741735152637,0.343055762317137
46.9175869832646,-0.00502301713040698,-0.0958752868698626,0.242305247183899,-0.269198173458351,0.0143169651432548,-0.0207304984564341,-0.305381588834025,0.342787015076513
47.2429674123316,-0.00523421758946981,-0.0951640737653263,0.240361927706268,-0.26907342688933,0.0141948546292373,-0.0206844594732081,-0.303025339493356,0.342502287755514
47.5706044029659,-0.00544162328337056,-0.0944570001884717,0.238421405577234,-0.268934383306168,0.0140731134141201,-0.0206378492282003,-0.300673201682925,0.342201649036124
47.9005136047569,-0.00564528610599362,-0.0937540612734142,0.236483871718696,-0.268781103899797,0.0139517493071697,-0.0205906709476032,-0.298325388428326,0.341885171164311
48.2327107758263,-0.00584525749077165,-0.0930552516284244,0.234549515620137,-0.268613652947168,0.0138307700621649,-0.0205429280019073,-0.295982111153286,0.341552929909551
48.5672117835806,-0.00604158840784404,-0.0923605653464087,0.232618525275689,-0.26843209777353,0.013710183373997,-0.020494623904357,-0.293643579605748,0.341205004522485
48.904032605469,-0.00623432936137577,-0.0916699960153474,0.230691087122329,-0.268236508713194,0.013589996875325,-0.0204457623093181,-0.291310001785254,0.340841477690768
49.243189329747,-0.00642353038703567,-0.0909835367286885,0.228767385979253,-0.268026959068817,0.013470218133288,-0.0203963470105587,-0.288981583871692,0.340462435493144
49.5846981562442,-0.0066092410496324,-0.090301180095696,0.226847604988466,-0.267803525069237,0.0133508546462787,-0.020346381939446,-0.286658530155448,0.340067967351803
49.9285753971387,-0.00679151044090688,-0.0896229182517507,0.224931925556634,-0.267566285825912,0.0132319138407775,-0.0202958711630609,-0.284341042969004,0.339658165983061
50.2748374777359,-0.00697038717747984,-0.0889487428686014,0.223020527298231,-0.267315323288,0.0131134030682528,-0.0202448188822329,-0.282029322620047,0.339233127346422
50.6235009372529,-0.00714591939895282,-0.0882786451645662,0.221113587980012,-0.267050722196121,0.0129953296021264,-0.0201932294294979,-0.279723567326106,0.338792950592062
50.974582429609,-0.00731815476616159,-0.0876126159146811,0.219211283466867,-0.266772570034859,0.0128777006348086,-0.0201411072669808,-0.277423973150786,0.338337738006802
51.3280987242209,-0.00748714045958015,-0.0869506454607941,0.21731378766906,-0.26648095698403,0.0127605232748038,-0.0200884569842059,-0.275130733941617,0.337867594958612
51.6840667068035,-0.00765292317787402,-0.0862927237216045,0.215421272490913,-0.266175975868783,0.0126438045438883,-0.0200352832958374,-0.272844041269569,0.337382629839707
52.0425033801768,-0.00781554913660135,-0.0856388402026445,0.213533907780945,-0.265857722108569,0.0125275513743625,-0.0199815910393529,-0.270564084370259,0.336882954008289
52.4034258650778,-0.00797506406706034,-0.0849889840062017,0.2116518612835,-0.26552629366503,0.0124117706063793,-0.0199273851726525,-0.268291050086894,0.336368681728999
52.7668514009784,-0.00813151321528138,-0.0843431438411814,0.20977529859189,-0.265181790988857,0.0122964689853494,-0.0198726707716049,-0.266025122814968,0.335839930112121
53.1327973469088,-0.00828494134116235,-0.083701308032906,0.207904383103084,-0.264824316965673,0.0121816531594263,-0.0198174530275365,-0.263766484448754,0.33529681905162
53.5012811822866,-0.00843539271774565,-0.0830634645328516,0.206039275973948,-0.26445397686098,0.0120673296770711,-0.0197617372446617,-0.261515314329615,0.334739471162045
53.8723205077517,-0.00858291113063511,-0.0824296009283184,0.204180136079076,-0.26407087826423,0.0119535049846986,-0.0197055288374618,-0.259271789196145,0.334168011714389
54.2459330460073,-0.00872753987755136,-0.0817997044520339,0.202327119970218,-0.263675131032069,0.0118401854244071,-0.0196488333280118,-0.257036083136192,0.333582568570938
54.6221366426659,-0.00886932176802394,-0.0811737619916882,0.200480381837326,-0.263266847230808,0.0117273772317907,-0.0195916563432595,-0.254808367540747,0.332983272119185
55.0009492671021,-0.00900829912321836,-0.0805517600993979,0.198640073471228,-0.262846141078162,0.0116150865338374,-0.0195340036122601,-0.252588811059751,0.33237025520487
55.3823890133107,-0.00914451377589654,-0.0799336850010995,0.196806344227958,-0.262413128884331,0.0115033193469116,-0.0194758809633684,-0.250377579559807,0.331743653064204
55.7664741007712,-0.00927800707050883,-0.0793195226058687,0.194979340994732,-0.26196792899245,0.0113920815748241,-0.0194172943213908,-0.248174836083836,0.331103603255336
56.1532228753178,-0.00940881986341576,-0.0787092585151641,0.193159208157592,-0.26151066171848,0.0112813790069878,-0.0193582497047024,-0.245980740812665,0.33045024558913
56.5426538100157,-0.00953699252323776,-0.0781028780319964,0.191346087570729,-0.261041449290583,0.0111712173166617,-0.0192987532223291,-0.243795451028577,0.329783722059312
56.9347855060436,-0.00966256493133118,-0.0775003661700179,0.189540118527474,-0.260560415788035,0.0110616020592819,-0.0192388110710001,-0.241619121080819,0.32910417677205
57.3296366935823,-0.00978557648238841,-0.0769017076625333,0.187741437732983,-0.260067687079732,0.0109525386708816,-0.0191784295321716,-0.239451902353065,0.328411755875023
57.7272262327089,-0.00990606608516051,-0.0763068869714299,0.185950179278601,-0.259563390762334,0.0108440324665992,-0.0191176149690266,-0.237293943232864,0.327706607486044
58.1275731142982,-0.0100240721633002,-0.0757158882960254,0.184166474617906,-0.259047656098105,0.0107360886392742,-0.0190563738234515,-0.235145389083045,0.326988881621303
58.5306964609293,-0.0101396326563236,-0.075128695581832,0.182390452544447,-0.258520613952506,0.0106287122581328,-0.0189947126129938,-0.233006382215087,0.326258730123276
58.9366155277994,-0.0102527850206881,-0.074545292529236,0.180622239171153,-0.257982396731569,0.0105219082675612,-0.0189326379278038,-0.230877061864468,0.325516306588379
59.3453497036433,-0.0103635662309852,-0.0739656626020907,0.178861957911425,-0.257433138319131,0.0104156814859674,-0.0188701564275616,-0.228757564167955,0.324761766294404
59.7569185116595,-0.0104720127812455,-0.073389789036222,0.177109729461885,-0.256872974013961,0.0103100366047311,-0.0188072748383939,-0.226648022142861,0.323995266127824
60.1713416104428,-0.0105781606863545,-0.0728176548478454,0.175365671786802,-0.256302040466827,0.0102049781872415,-0.0187439999497821,-0.224548565668233,0.323216964510989
60.5886387949234,-0.0106820454835761,-0.0722492428418927,0.173629900104152,-0.255720475617567,0.010100510668022,-0.0186803386114645,-0.222459321467983,0.322427021329308
61.0088299973121,-0.0107837022341834,-0.0716845356202479,0.171902526873333,-0.255128418632193,0.00999663835194233,-0.0186162977303366,-0.220380413095931,0.321625597858446
61.4319352880526,-0.0108831655251923,-0.071123515589891,0.170183661784494,-0.254526009840091,0.00989336541351598,-0.0185518842673496,-0.218311960922752,0.320812856691602
61.8579748767801,-0.0109804694711984,-0.0705661649709481,0.168473411749483,-0.253913390671353,0.00979069589628404,-0.0184871052344122,-0.216254082124819,0.319988961666922
62.2869691132868,-0.0110756477163128,-0.0700124658046472,0.166771880894395,-0.253290703594292,0.00968863371228332,-0.0184219676912967,-0.214206890674909,0.319154077795102
62.7189384884933,-0.0111687334361954,-0.0694623999611791,0.165079170553695,-0.252658092053181,0.00958718264159856,-0.0183564787425521,-0.212170497334764,0.318308371187228
63.1539036354283,-0.0112597593401849,-0.0689159491474617,0.163395379265901,-0.252015700406264,0.00948634633199761,-0.0182906455344268,-0.210145009649485,0.317452008982914
63.5918853302131,-0.0113487576735201,-0.0683730949148071,0.161720602770816,-0.251363673864073,0.00938612829864877,-0.0182244752518036,-0.208130531943725,0.316585159278776
64.032904493055,-0.0114357602196538,-0.0678338186664909,0.160054934008278,-0.25070215842811,0.00928653192391902,-0.0181579751151486,-0.206127165319677,0.315707991057296
64.4769821892457,-0.0115207983026543,-0.0672981016652227,0.15839846311841,-0.250031300829907,0.00918756045725231,-0.0180911523774766,-0.204135007656809,0.314820674116139
64.9241396301678,-0.0116039027896939,-0.0667659250405163,0.156751277443341,-0.249351248470537,0.00908921701512646,-0.018024014321335,-0.202154153613341,0.313923378997935
65.3743981743082,-0.0116851040936218,-0.0662372697959612,0.155113461530393,-0.248662149360581,0.00899150458108763,-0.0179565682558093,-0.200184694629421,0.313016276920611
65.827779328278,-0.0117644321756176,-0.0657121168163913,0.153485097136678,-0.247964152060618,0.00889442600586101,-0.0178888215135503,-0.198226718931972,0.312099539708288
66.2843047478397,-0.0118419165479265,-0.0651904468749535,0.151866263235108,-0.247257405622251,0.00879798400753636,-0.017820781447827,-0.19628031154119,0.311173339722796
66.7439962389419,-0.0119175862766695,-0.0646722406400737,0.150257036021775,-0.246542059529716,0.00870218117182705,-0.0177524554296061,-0.194345554278653,0.310237849795852
67.2068757587607,-0.0119914699847308,-0.06415747868232,0.148657488924676,-0.245818263642107,0.00860701995240114,-0.0176838508446603,-0.192422525777005,0.309293243161934
67.6729654167483,-0.0120635958547162,-0.0636461414811636,0.147067692613755,-0.245086168136247,0.00851250267128296,-0.0176149750907066,-0.190511301491196,0.308339693391892
68.1422874756894,-0.0121339916319831,-0.0631382094316352,0.145487715012237,-0.244345923450229,0.00841863151932384,-0.0175458355745778,-0.188611953711232,0.307377374327334
68.6148643527643,-0.0122026846277381,-0.0626336628508789,0.143917621309213,-0.243597680227678,0.0083254085567401,-0.0174764397094267,-0.186724551576394,0.30640646001582
69.0907186206199,-0.0122697017222004,-0.062132481984601,0.142357473973455,-0.24284158926274,0.00823283571371703,-0.017406794911967,-0.184849161090913,0.305427124646899
69.5698730084476,-0.0123350693678295,-0.0616346470134152,0.140807332768429,-0.242077801445834,0.00814091479107704,-0.0173369085997504,-0.182985845141043,0.304439542489024
70.0523504030693,-0.0123988135926136,-0.0611401380590831,0.139267254768461,-0.241306467710199,0.00804964746101025,-0.0172667881884829,-0.1811346635135,0.30344388782737
70.5381738500302,-0.0124609600034168,-0.0606489351906499,0.137737294376051,-0.240527738979254,0.00795903526786599,-0.0171964410893803,-0.179295672915238,0.302440334902594
71.0273665547,-0.0125215337893843,-0.0601610184304757,0.136217503340264,-0.239741766114792,0.00786907962900343,-0.0171258747065659,-0.17746892699451,0.301429057850549
71.5199518833807,-0.0125805597254007,-0.0596763677601621,0.134707930776203,-0.238948699866042,0.0077797818356994,-0.0170550964345096,-0.175654476363191,0.300410230642998
72.0159533644237,-0.012638062175602,-0.059194963126374,0.133208623185504,-0.238148690819606,0.00769114305411194,-0.0169841136555119,-0.173852368620304,0.299384027029341
72.5153946893524,-0.0126940650969368,-0.0587167844465562,0.131719624477828,-0.2373418893503,0.00760316432629762,-0.0169129337372317,-0.172062648376733,0.298350620479374
73.0182997139948,-0.012748592042776,-0.058241811614547,0.130240975993318,-0.236528445572915,0.00751584657128076,-0.0168415640302606,-0.170285357281061,0.297310184127119
73.5246924596224,-0.0128016661665679,-0.0577700245060855,0.128772716525984,-0.235708509294913,0.00742919058617292,-0.0167700118657441,-0.168520534046507,0.296262890715724
74.0345971140979,-0.0128533102255376,-0.0573014029842163,0.12731488234798,-0.23488222997008,0.00734319704734071,-0.0166982845530498,-0.166768214478921,0.295208912543476
74.5480380330304,-0.012903546584427,-0.0568359269045894,0.125867507234745,-0.234049756653138,0.00725786651162012,-0.0166263893774855,-0.165028431505782,0.294148421410916
75.0650397409388,-0.012952397219275,-0.0563735761206569,0.12443062249096,-0.233211237955348,0.00717319941757553,-0.0165543335980655,-0.163301215206186,0.293081588569102
75.585626932423,-0.0129998837212348,-0.0559143304887663,0.1230042569773,-0.232366822001101,0.00708919608680163,-0.0164821244453278,-0.161586592841752,0.292008584669008
76.1098244733437,-0.0130460273004263,-0.0554581698731513,0.121588437137945,-0.231516656385508,0.00700585672526628,-0.0164097691192014,-0.159884588888432,0.290929579712094
76.6376574020103,-0.0130908487898219,-0.0550050741508193,0.120183187028801,-0.230660888133018,0.0069231814246926,-0.0163372747869261,-0.158195225069168,0.289844743002043
77.1691509303763,-0.0131343686491637,-0.0545550232163379,0.118788528346418,-0.229799663657041,0.0068411701639784,-0.0162646485810225,-0.156518520387361,0.288754243097684
77.7043304452438,-0.0131766069689096,-0.0541079969865196,0.11740448045755,-0.228933128720616,0.00675982281065118,-0.0161918975973159,-0.154854491161119,0.287658247767103
78.2432215094763,-0.0132175834742074,-0.0536639754050053,0.116031060429341,-0.228061428398106,0.00667913912235679,-0.0161190288930121,-0.153203151058229,0.286556923942965
78.7858498632195,-0.0132573175288936,-0.053222938446748,0.114668283060085,-0.227184707037938,0.00659911874838002,-0.0160460494848261,-0.151564511131827,0.28545043767903
79.3322414251308,-0.0132958281395165,-0.0527848661223966,0.113316160910546,-0.226303108226392,0.00651976123119536,-0.0159729663471648,-0.149938579856723,0.284338954107888
79.8824222936175,-0.0133331339593805,-0.0523497384825802,0.111974704335787,-0.225416774752429,0.00644106600804607,-0.0158997864103629,-0.148325363166335,0.283222637399911
80.436418748083,-0.0133692532926106,-0.0519175356220955,0.110643921517485,-0.224525848573584,0.00636303241254981,-0.0158265165589723,-0.146724864490205,0.282101650723419
80.9942572501823,-0.0134042040982351,-0.0514882376839948,0.109323818496695,-0.223630470782899,0.00628565967632919,-0.0157531636301054,-0.145137084792051,0.28097615620607
81.555964445086,-0.0134380039942845,-0.0510618248635784,0.108014399207036,-0.222730781576912,0.0062089469306654,-0.0156797344118329,-0.143562022608317,0.279846314897465
82.121567162753,-0.0134706702619057,-0.0506382774122908,0.106715665508257,-0.221826920224701,0.00613289320817325,-0.0156062356416345,-0.141999674087191,0.278712286732984
82.6910924192116,-0.0135022198494886,-0.0502175756415209,0.105427617220163,-0.220919025037974,0.00605749744449598,-0.0155326740049041,-0.140450033028047,0.277574230498826
83.2645674178507,-0.0135326693768047,-0.049799699926309,0.104150252156864,-0.220007233342203,0.00598275848001818,-0.0154590561335083,-0.138913090921273,0.276432303798272
83.8420195507184,-0.0135620351391551,-0.0493846307089592,0.102883566161313,-0.219091681448808,0.00590867506159506,-0.015385388604399,-0.137388836988461,0.275286663019162
84.423476399831,-0.0135903331115277,-0.0489723485025599,0.101627553140111,-0.218172504628374,0.00583524584429669,-0.0153116779382786,-0.135877258222909,0.274137463302569
85.0089657384898,-0.0136175789527604,-0.0485628338944122,0.100382205098546,-0.2172498370849,0.00576246939316549,-0.0152379305983194,-0.134378339430416,0.272984858512681
85.5985155326084,-0.0136437880097099,-0.0481560675493677,0.0991475121758317,-0.216323811931084,0.00569034418498537,-0.0151641529889345,-0.13289206327032,0.271829001207874
86.1921539420481,-0.0136689753214248,-0.0477520302130765,0.097923462680525,-0.21539456116462,0.00561886861006115,-0.0150903514546026,-0.131418410296759,0.270670042612971
86.7899093219629,-0.0136931556233211,-0.0473507027151459,0.0967100431260935,-0.214462215645511,0.00554804097400663,-0.0150165322787441,-0.129957359000113,0.269508132592677
87.3918102241541,-0.0137163433513588,-0.0469520659722123,0.0955072382666002,-0.213526905074385,0.00547785949954002,-0.0149427016826492,-0.128508885848608,0.268343419626184
87.9978853984339,-0.0137385526462185,-0.0465561009909246,0.0943150311324835,-0.21258875797181,0.00540832232828507,-0.0148688658244573,-0.127072965330033,0.267176050782933
88.6081637939989,-0.0137597973574772,-0.0461627888708438,0.0931334030664058,-0.211647901658593,0.00533942752257672,-0.0147950307981875,-0.12564956999355,0.266006171699525
89.2226745608124,-0.0137800910477804,-0.0457721108072556,0.0919623337591432,-0.210704462237056,0.0052711730672698,-0.0147212026328188,-0.124238670491576,0.264833926557761
89.8414470509972,-0.0137994469970121,-0.045384048093901,0.0908018012854944,-0.209758564573275,0.00520355687154941,-0.0146473872914213,-0.122840235621687,0.263659458063814
90.4645108202374,-0.0138178782064584,-0.0449985821256235,0.0896517821401816,-0.208810332280272,0.00513657677074189,-0.0145735906703352,-0.121454232368531,0.262482907428503
91.0918956291901,-0.0138353974029659,-0.0446156944009339,0.0885122512737225,-0.20785988770216,0.00507023052812484,-0.0144998185983992,-0.120080625945724,0.261304414348671
91.7236314449071,-0.0138520170430936,-0.0442353665244961,0.0873831821282483,-0.206907351899199,0.00500451583673518,-0.0144260768362273,-0.118719379837689,0.260124116989637
92.3597484422661,-0.0138677493172552,-0.0438575802095318,0.0862645466732476,-0.205952844633785,0.00493943032117394,-0.0143523710755319,-0.117370455841422,0.258942151968724
93.0002770054119,-0.0138826061538543,-0.0434823172801477,0.0851563154412131,-0.204996484357336,0.00487497153940674,-0.0142787069384948,-0.116033814108169,0.257758654339835
93.645247729208,-0.013896599223408,-0.0431095596735848,0.0840584575631704,-0.204038388198066,0.00481113698455872,-0.0142050899771828,-0.114709413184958,0.256573757579064
94.2946914206979,-0.0139097399426609,-0.0427392894423916,0.0829709408040701,-0.203078671949642,0.00474792408670286,-0.0141315256730099,-0.113397210056005,0.255387593571336
94.9486391005764,-0.0139220394786864,-0.042371488756522,0.0818937315980213,-0.202117450060693,0.00468533021464078,-0.0140580194362433,-0.112097160183936,0.25420029259804
95.6071220046713,-0.013933508752976,-0.0420061399053589,0.0808267950833505,-0.201154835625175,0.0046233526776748,-0.013984576605553,-0.110809217550819,0.25301198332566
96.2701715854358,-0.0139441584455152,-0.0416432252996652,0.0797700951374646,-0.200190940373561,0.00456198872737043,-0.0139112024476051,-0.109533334698989,0.251822792795368
96.9378195134503,-0.013953998998845,-0.0412827274734617,0.0787235944115038,-0.199225874664852,0.00450123555930831,-0.0138379021566966,-0.108269462771628,0.250632846413576
97.6100976789355,-0.013963040622109,-0.0409246290858352,0.0776872543647645,-0.198259747479384,0.00444109031482468,-0.0137646808544319,-0.1070175515531,0.249442267943415
98.2870381932754,-0.0139712932950845,-0.040568912922676,0.0766610352988782,-0.197292666412428,0.00438155008273955,-0.0136915435894398,-0.105777549509014,0.24825117949714
98.9686733905512,-0.0139787667721978,-0.0402155618983466,0.0756448963917298,-0.196324737668546,0.00432261190107167,-0.0136184953371302,-0.104549403825987,0.247059701529421
99.6550358290861,-0.0139854705865225,-0.0398645590572825,0.0746387957311013,-0.195356066056716,0.00426427275873959,-0.01354554099949,-0.103333060451113,0.24586795283153
100.346158292999,-0.0139914140537606,-0.0395158875755266,0.0736426903480251,-0.194386754986178,0.00420652959724797,-0.0134726854049165,-0.102128464131094,0.244676050526368
101.042073793774,-0.0139966062762053,-0.0391695307621974,0.0726565362498353,-0.193416906463012,0.00414937931235843,-0.0133999333080882,-0.10093555845104,0.243484110064354
101.742815571832,-0.0140010561466862,-0.0388254720608924,0.0716802884529034,-0.192446621087412,0.00409281875574433,-0.0133272893898724,-0.0997542858729124,0.242292245220121
102.448417098122,-0.0140047723524939,-0.038483695051028,0.070713901015045,-0.191475998051648,0.00403684473662863,-0.0132547582572674,-0.0985845877735943,0.241100568090024
103.15891207572,-0.0140077633792873,-0.0381441834491164,0.0697573270675874,-0.190505135138701,0.00398145402340442,-0.0131823444433801,-0.0974264044825806,0.239909189090432
103.874334441436,-0.0140100375149791,-0.0378069211099809,0.0688105188470863,-0.189534128721548,0.00392664334523735,-0.0131100524074364,-0.0962796753192714,0.238718216956778
104.594718367439,-0.0140116028536024,-0.0374718920279097,0.0678734277266813,-0.18856307376308,0.00387240939364951,-0.0130378865348253,-0.0951443386298572,0.237527758743363
105.320098262886,-0.0140124672991558,-0.0371390803377508,0.0669460042470805,-0.187592063816649,0.0038187488240842,-0.0129658511371745,-0.0940203318237847,0.236337919823881
106.050508775566,-0.0140126385694278,-0.036808470315947,0.066028198147164,-0.186621191027206,0.00376565825745099,-0.0128939504524568,-0.0929075914097918,0.235148803892652
106.785984793556,-0.0140121241997998,-0.0364800463815131,0.0651199583941997,-0.185650546133031,0.00371313428165083,-0.0128221886451272,-0.0918060530315018,0.23396051296654
107.526561446888,-0.0140109315470276,-0.0361537930969562,0.0642212332136609,-0.18468021846803,0.0036611734530805,-0.0127505698062888,-0.0907156515025685,0.232773147387545
108.272274109224,-0.0140090677930006,-0.0358296951691393,0.0633319701186399,-0.183710295964584,0.00360977229811619,-0.0126790979538873,-0.0896363208413613,0.231586805826038
109.023158399549,-0.0140065399484789,-0.0355077374500892,0.0624521159388497,-0.182740865156928,0.00355892731457578,-0.0126077770329333,-0.0885679943051837,0.230401585284624
109.779250183872,-0.0140033548568081,-0.0351879049377509,0.0615816168492075,-0.18177201118506,0.00350863497315938,-0.0125366109157504,-0.0875106044240177,0.229217581102625
110.540585576935,-0.013999519197611,-0.0348701827766868,0.0607204183979946,-0.180803817799138,0.00345889171886796,-0.0124656034022501,-0.0864640830337851,0.228034886961143
111.307200943943,-0.013995039490457,-0.0345545562587238,0.0598684655345862,-0.179836367364368,0.00340969397239965,-0.0123947582202308,-0.0854283613091222,0.226853594888701
112.079132902301,-0.0139899220985073,-0.0342410108235477,0.0590257026367472,-0.178869740866365,0.0033610381315235,-0.0123240790257013,-0.0844033697956601,0.225673795267441
112.856418323356,-0.0139841732321382,-0.0339295320592467,0.0581920735374887,-0.177904017916961,0.00331292057243045,-0.0122535694032273,-0.0833890384418054,0.22449557683985
113.639094334169,-0.0139777989525396,-0.0336201057028037,0.0573675215514827,-0.176939276760446,0.00326533765106126,-0.0121832328663002,-0.082385296630018,0.223319026716006
114.427198319278,-0.0139708051752909,-0.0333127176405386,0.0565519895010288,-0.175975594280242,0.00321828570441126,-0.0121130728577276,-0.0813920732075804,0.222144230381326
115.220767922492,-0.0139631976739123,-0.0330073539085017,0.0557454197415729,-0.175013046005967,0.00317176105181176,-0.0120430927500445,-0.0804092965168558,0.220971271704788
116.019841048683,-0.0139549820833928,-0.0327040006928183,0.0549477541867736,-0.174051706120897,0.00312575999618787,-0.0119732958459438,-0.0794368944250302,0.219800232947623
116.824455865599,-0.0139461639036941,-0.0324026443299849,0.0541589343331134,-0.173091647469801,0.00308027882529272,-0.0119036853787267,-0.078474794353339,0.218631194772444
117.634650805689,-0.0139367485032299,-0.0321032713071191,0.0533789012840556,-0.172132941567129,0.00303531381291799,-0.0118342645127705,-0.0775229233057728,0.21746423625281
118.450464567934,-0.0139267411223216,-0.0318058682621618,0.0526075957737424,-0.171175658605548,0.00299086122008051,-0.0117650363440147,-0.0765812078972617,0.216299434883196
119.271936119701,-0.0139161468766295,-0.0315104219840342,0.0518449581902354,-0.170219867464807,0.00294691729618513,-0.011696003900463,-0.0756495743813378,0.215136866589357
120.099104698599,-0.0139049707605592,-0.0312169194127483,0.051090928598297,-0.169265635720908,0.00290347828016359,-0.0116271701427015,-0.0747279486772738,0.213976605739071
120.932009814357,-0.013893217650644,-0.0309253476394734,0.0503454467617127,-0.168313029655586,0.00286054040158946,-0.011558537964432,-0.0738162563966976,0.212818725153243
121.77069125071,-0.0138808923089025,-0.0306356939065576,0.0496084521651543,-0.167362114266069,0.00281809988176926,-0.0114901101930201,-0.0729144228696832,0.211663296117345
122.615189067297,-0.0138679993861716,-0.0303479456075058,0.0488798840355844,-0.166412953275107,0.00277615293480953,-0.0114218895900559,-0.0720223731703184,0.210510388393197
123.46554360158,-0.0138545434254148,-0.0300620902869139,0.0481596813632032,-0.165465609141261,0.00273469576866021,-0.0113538788519289,-0.0711400321417488,0.20936007023105
124.321795470765,-0.0138405288650059,-0.0297781156403605,0.047447782921939,-0.164520143069436,0.00269372458613404,-0.0112860806104141,-0.070267324420701,0.208212408381975
125.183985573745,-0.0138259600419872,-0.0294960095142558,0.0467441272894825,-0.163576615021644,0.00265323558590237,-0.01121849743327,-0.0694041744614847,0.207067468110524
126.052155093052,-0.0138108411953035,-0.0292157599056487,0.0460486528668686,-0.162635083727979,0.00261322496346727,-0.0111511318248476,-0.0685505065594769,0.205925313207668
126.926345496825,-0.0137951764690106,-0.0289373549619925,0.0453612978976057,-0.161695606697805,0.00257368891211005,-0.0110839862267093,-0.0677062448740893,0.204786006003981
127.806598540793,-0.0137789699154592,-0.0286607829808687,0.0446820004863566,-0.160758240231131,0.00253462362381644,-0.011017063018257,-0.0668713134512215,0.203649607383071
128.692956270265,-0.013762225498453,-0.028386032409671,0.0440106986171715,-0.159823039430164,0.00249602529017843,-0.0109503645173698,-0.0660456362452034,0.202516176795222
129.585461022141,-0.0137449470963819,-0.0281130918452482,0.0433473301712781,-0.158890058211033,0.00245789010327299,-0.0108838929810492,-0.0652291371402283,0.201385772271263
130.484155426934,-0.0137271385053298,-0.0278419500335071,0.0426918329444301,-0.157959349315664,0.00242021425651773,-0.0108176506060723,-0.0644217399712814,0.200258450436623
131.389082410804,-0.0137088034421571,-0.027572595868976,0.0420441446638181,-0.157030964323807,0.00238299394550387,-0.0107516395296515,-0.0636233685445661,0.199134266525574
132.300285197614,-0.0136899455475571,-0.0273050183943285,0.0414042030045458,-0.156104953665187,0.00234622536880645,-0.0106858618301013,-0.0628339466574326,0.198013274395651
133.217807310988,-0.0136705683890876,-0.0270392067998686,0.0407719456056765,-0.155181366631781,0.00230990472877217,-0.0106203195275098,-0.062053398117812,0.196895526542222
134.141692576393,-0.0136506754641758,-0.0267751504229763,0.0401473100858519,-0.154260251390205,0.00227402823228495,-0.010555014584417,-0.0612816467631607,0.195781074113213
135.071985123233,-0.0136302702030978,-0.0265128387475155,0.0395302340584888,-0.153341654994203,0.00223859209150954,-0.0104899489064959,-0.0605186164789187,0.194669966923967
136.008729386957,-0.0136093559719318,-0.0262522614032032,0.0389206551465568,-0.152425623397225,0.00220359252461321,-0.0104251243432395,-0.0597642312164873,0.193562253472223
136.951970111177,-0.0135879360754853,-0.0259934081649407,0.0383185109969426,-0.151512201465083,0.00216902575646601,-0.01036054268865,-0.0590184150107301,0.192457980953214
137.901752349813,-0.0135660137601957,-0.0257362689521076,0.0377237392944042,-0.150601432988679,0.00213488801931957,-0.0102962056819318,-0.058281091997002,0.19135719527486
138.858121469236,-0.0135435922170045,-0.0254808338278175,0.0371362777751205,-0.149693360696798,0.00210117555346497,-0.0102321150081873,-0.0575521864277133,0.190259941073056
139.821123150444,-0.0135206745842044,-0.0252270929981372,0.0365560642398412,-0.148788026268944,0.00206788460786966,-0.0101682722991142,-0.0568316226884304,0.189166261727045
140.790803391236,-0.0134972639502598,-0.0249750368112684,0.0359830365666413,-0.147885470348227,0.00203501144079392,-0.0101046791337044,-0.0561193253135224,0.188076199374849
141.767208508414,-0.0134733633566,-0.0247246557566926,0.0354171327232861,-0.146985732554279,0.002002552320387,-0.0100413370389453,-0.0554152190013557,0.186989794928774
142.750385139995,-0.0134489758003851,-0.0244759404642801,0.0348582907792115,-0.146088851496196,0.00197050352526327,-0.00997824749051975,-0.0547192286290451,0.185907088090959
143.740380247435,-0.0134241042372439,-0.0242288817033613,0.0343064489171249,-0.145194864785502,0.00193886134505863,-0.00991541191350851,-0.0540312792667647,0.184828117368969
144.737241117876,-0.0133987515839844,-0.0239834703817631,0.0337615454442325,-0.144303809049113,0.00190762208096756,-0.00985283168309087,-0.0533512961916259,0.183752920091422
145.741015366405,-0.0133729207212754,-0.0237396975448084,0.0332235188030982,-0.143415719942313,0.00187678204626092,-0.00979050812524571,-0.0526792049011273,0.182681532423641
146.751750938323,-0.0133466144963005,-0.0234975543742803,0.0326923075821396,-0.142530632161715,0.00184633756678508,-0.00972844251745131,-0.0520149311261839,0.181613989383316
147.769496111443,-0.0133198357253827,-0.0232570321873502,0.0321678505257674,-0.141648579458216,0.00181628498144233,-0.00966663608938386,-0.05135840084374,0.180550324856185
148.794299498388,-0.01329258719658,-0.0230181224354711,0.0316500865441735,-0.140769594649929,0.00178662064265323,-0.00960509002361444,-0.0507095402889727,0.179490571611706
149.826210048919,-0.0132648716722515,-0.0227808167032351,0.0311389547227734,-0.139893709635086,0.00175734091680096,-0.00954380545630384,-0.050068275967093,0.178434761318724
150.865277052271,-0.0132366918915942,-0.0225451067071963,0.0306343943313095,-0.139020955404911,0.0017284421846581,-0.00948278347789513,-0.0494345346647489,0.177382924561128
151.911550139505,-0.0132080505731489,-0.0223109842946581,0.0301363448326208,-0.138151362056452,0.00169992084179613,-0.00942202513380347,-0.0488082434610382,0.176335090853478
152.965079285884,-0.0131789504172758,-0.022078441442427,0.0296447458910852,-0.137284958805367,0.00167177329897798,-0.00936153142510297,-0.0481893297381366,0.17529128865661
154.025914813254,-0.0131493941085997,-0.0218474702555307,0.0291595373807398,-0.136421773998659,0.00164399598253395,-0.00930130330921024,-0.0475777211915481,0.174251545393204
155.094107392451,-0.0131193843184229,-0.0216180629659032,0.0286806593930862,-0.135561835127351,0.00161658533472126,-0.00924134170056426,-0.046973345839983,0.173215887463307
156.169708045722,-0.0130889237071069,-0.0213902119310346,0.0282080522445868,-0.134705168839108,0.00158953781406771,-0.00918164747130254,-0.0463761320348712,0.172184340259819
157.25276814916,-0.0130580149264217,-0.0211639096325885,0.0277416564838571,-0.133851800950774,0.0015628498956996,-0.00912222145193293,-0.045786008469516,0.171156928183909
158.34333943516,-0.013026660621862,-0.0209391486749844,0.0272814128985615,-0.133001756460858,0.00153651807165436,-0.00906306443200118,-0.0452029041878953,0.170133674660389
159.441473994887,-0.0129948634349312,-0.0207159217839479,0.0268272625220183,-0.132155059561923,0.00151053885117818,-0.00900417716075378,-0.0446267485931168,0.169114602153014
160.547224280766,-0.0129626260053901,-0.0204942218050275,0.0263791466395196,-0.131311733652905,0.00148490876100896,-0.00894556034779592,-0.0440574714555335,0.16809973217971
161.66064310899,-0.0129299509734731,-0.0202740417020782,0.0259370067943728,-0.13047180135134,0.00145962434564491,-0.00888721466374437,-0.0434950029205255,0.167089085327741
162.781783662036,-0.0128968409820681,-0.0200553745557133,0.0255007847936699,-0.129635284505508,0.00143468216759917,-0.00882914074087499,-0.0429392735159546,0.166082681268782
163.910699491214,-0.0128632986788626,-0.0198382135617237,0.0250704227137902,-0.128802204206473,0.00141007880764071,-0.00877133917376474,-0.0423902141592987,0.165080538773913
165.047444519217,-0.0128293267184522,-0.0196225520294646,0.0246458629056437,-0.127972580800031,0.00138581086502192,-0.00871381051992803,-0.0418477561644718,0.164082675728532
166.192073042701,-0.0127949277644145,-0.0194083833802124,0.0242270479996593,-0.127146433898557,0.00136187495769316,-0.00865655530044704,-0.0413118312483348,0.163089109147169
167.344639734876,-0.0127601044913447,-0.019195701145488,0.0238139209105265,-0.126323782392743,0.00133826772250458,-0.00859957400059613,-0.0407823715369066,0.162099855188202
168.505199648122,-0.0127248595868542,-0.0189844989653518,0.0234064248416948,-0.125504644463236,0.00131498581539566,-0.00854286707045989,-0.0402593095712776,0.161114929168479
169.673808216612,-0.0126891957535308,-0.0187747705866658,0.0230045032896374,-0.124689037592153,0.00129202591157263,-0.00848643492554491,-0.039742578313235,0.160134345577837
170.850521258965,-0.0126531157108603,-0.0185665098613276,0.0226081000478858,-0.123876978574494,0.0012693847056742,-0.00843027794738495,-0.039232111150605,0.159158118093507
172.03539498091,-0.0126166221971085,-0.0183597107444737,0.0222171592108401,-0.123068483529434,0.00124705891192589,-0.00837439648413952,-0.0387278419023171,0.158186259594419
173.228485977972,-0.0125797179711632,-0.0181543672926536,0.0218316251773629,-0.122263567911493,0.00122504526428331,-0.00831879085118565,-0.0382297048231982,0.157218782175386
174.429851238172,-0.0125424058143353,-0.017950473661976,0.0214514426541599,-0.121462246521593,0.00120334051656466,-0.00826346133170277,-0.0377376346085012,0.156255697161178
175.639548144754,-0.0125046885321194,-0.0177480241062258,0.0210765566589569,-0.120664533517984,0.0011819414425728,-0.00820840817725067,-0.0372515663981755,0.155297015120475
176.857634478922,-0.0124665689559112,-0.0175470129749539,0.020706912523475,-0.119870442427049,0.00116084483620717,-0.00815363160834022,-0.0367714357808829,0.1543427458797
178.084168422602,-0.0124280499446829,-0.0173474347115399,0.0203424558962127,-0.119079986153986,0.00114004751156596,-0.00809913181499709,-0.0362971787977679,0.153392898536728
179.319208561219,-0.012389134386616,-0.0171492838512283,0.01998313274504,-0.118293176993351,0.00111954630303869,-0.0080449089573181,-0.0358287319459853,0.152447481474473
180.562813886497,-0.0123498252006885,-0.0169525550191379,0.019628889359609,-0.117510026639482,0.0010993380653897,-0.00799096316602031,-0.035366032181993,0.151506502374341
181.815043799277,-0.012310125338219,-0.0167572429282471,0.0192796723535884,-0.116730546196788,0.00107941967383259,-0.00793729454298267,-0.0349090169246144,0.150569968229562
183.075958112354,-0.0122700377843652,-0.0165633423773535,0.0189354286667263,-0.115954746189902,0.00105978802409625,-0.00788390316178029,-0.0344576240578761,0.149637885358385
184.345617053333,-0.0122295655595754,-0.01637084824901,0.018596105566747,-0.115182636573709,0.00104044003248242,-0.00783078906821121,-0.0340117919336275,0.148710259417141
185.624081267505,-0.0121887117209952,-0.0161797555074373,0.0182616506510877,-0.114414226743234,0.00102137263591536,-0.00777795228081558,-0.0335714593739461,0.147787095413175
186.911411820748,-0.0121474793638255,-0.015990059196414,0.0179320118484807,-0.113649525543392,0.00100258279198377,-0.00772539279138745,-0.0331365656733358,0.146868397717641
188.207670202438,-0.0121058716226334,-0.0158017544371451,0.017607137420385,-0.112888541278613,0.000984067478975238,-0.00767311056547876,-0.0327070506007215,0.145954170078155
189.512918328392,-0.0120638916726141,-0.0156148364261088,0.0172869759622744,-0.112131281722322,0.000965823695903606,-0.00762110554289594,-0.0322828544012471,0.145044415631321
190.827218543819,-0.0120215427308044,-0.0154293004328837,0.0169714764047861,-0.111377754126289,0.000947848462529423,-0.0075693776381888,-0.0318639177978806,0.144139136915106
192.150633626303,-0.0119788280572453,-0.0152451417979571,0.0166605880147355,-0.110627965229834,0.000930138819373821,-0.0075179267411318,-0.0314501819928333,0.143238335881084
193.483226788801,-0.0119357509560953,-0.0150623559305136,0.0163542603960016,-0.109881921268906,0.000912691827726062,-0.00746675271719781,-0.0310415886687954,0.142342013906536
194.82506168266,-0.0118923147766922,-0.0148809383062073,0.016052443490289,-0.109139627985018,0.000895504569645022,-0.00741585540802416,-0.0306380799899955,0.141450171806405
196.176202400658,-0.0118485229145634,-0.0147008844649174,0.0157550875777703,-0.108401090634051,0.000878574147954892,-0.00736523463187122,-0.0302395986030878,0.140562809845117
197.536713480066,-0.0118043788123839,-0.0145221900084872,0.0154621432776145,-0.107666313994916,0.000861897686235324,-0.00731489018407336,-0.0298460876378716,0.139679927748254
198.906659905733,-0.011759885960882,-0.0143448505984501,0.0151735615484054,-0.106935302378084,0.000845472328806304,-0.00726482183748238,-0.0294574907078485,0.13880152471408
200.286107113184,-0.0117150478996916,-0.0141688619537408,0.0148892936884561,-0.106208059633981,0.000829295240707984,-0.0072150293429035,-0.0290737519106211,0.137927599424936
201.675120991751,-0.0116698682181507,-0.0139942198483944,0.0146092913360214,-0.105484589161247,0.000813363607675724,-0.00716551242952387,-0.0286948158281394,0.137058150058481
203.073767887718,-0.0116243505560453,-0.0138209201092349,0.0143335064694165,-0.104764893914862,0.000797674636110572,-0.00711627080533363,-0.0283206275267968,0.136193174298791
204.482114607491,-0.0115784986043,-0.0136489586135523,0.0140618914070421,-0.104048976414138,0.000782225553045434,-0.00706730415753969,-0.0279511325573828,0.135332669347316
205.900228420788,-0.0115323161056114,-0.0134783312867715,0.0137943988073237,-0.103336838750575,0.000767013606107151,-0.00701861215297214,-0.0275862769548952,0.134476631933698
207.32817706385,-0.0114858068550276,-0.0133090341001131,0.0135309816685673,-0.102628482595596,0.000752036063474714,-0.00697019443848347,-0.0272260072382162,0.133625058326433
208.766028742684,-0.0114389747004713,-0.0131410630682476,0.0132715933287365,-0.10192390920814,0.000737290213833829,-0.00692205064134053,-0.0268702704096576,0.132777944343401
210.213852136311,-0.0113918235432059,-0.0129744142469437,0.0130161874651544,-0.10122311944213,0.00072277336632806,-0.00687418036960952,-0.0265190139543778,0.131935285362248
211.671716400053,-0.0113443573382461,-0.0128090837307134,0.0127647180941352,-0.100526113753818,0.000708482850506741,-0.00682658321253378,-0.0261721858396755,0.131097076330625
213.139691168835,-0.0112965800947105,-0.0126450676504536,0.012517139570548,-0.0998328922089936,0.000694416016269884,-0.00677925874090474,-0.0258297345141644,0.130263311776284
214.617846560511,-0.0112484958761176,-0.0124823621710859,0.0122734065873178,-0.0991434544900733,0.000680570233810261,-0.00673220650742593,-0.0254916089068315,0.129433985817034
216.10625317921,-0.0112001088006244,-0.0123209634891973,0.0120334741748664,-0.0984577999030661,0.000666942893552869,-0.00668542604707026,-0.0251577584259844,0.128609092170551
217.604982118714,-0.0111514230412069,-0.0121608678306805,0.0117972977004981,-0.0977759273844131,0.000653531406091958,-0.00663891687743052,-0.02482813295809,0.127788624164051
219.114104965849,-0.011102442825783,-0.0120020714483783,0.0115648328677312,-0.0970978355077084,0.000640333202125814,-0.00659267849906331,-0.0245026828665094,0.12697257474382
220.633693803907,-0.0110531724372778,-0.0118445706197309,0.0113360357155818,-0.0964235224902995,0.00062734573238946,-0.00654671039582647,-0.0241813589901316,0.126160936484605
222.163821216089,-0.0110036162136304,-0.011688361644429,0.0111108626178005,-0.0957529861997706,0.000614566467585471,-0.00650101203521006,-0.0238641126419102,0.12535370159886
223.704560288971,-0.0109537785477429,-0.0115334408420731,0.0108892702820667,-0.0950862241603091,0.000601992898313044,-0.00645558286866108,-0.0235508956073063,0.124550861945866
225.255984615994,-0.0109036638873713,-0.0113798045498423,0.010671215749143,-0.0944232335589585,0.000589622534995506,-0.00641042233190189,-0.0232416601426411,0.123752409040695
226.818168300982,-0.0108532767349586,-0.0112274491201712,0.010456656391993,-0.0937640112517583,0.000577452907806408,-0.00636552984524263,-0.0229363589733611,0.122958334063055
228.391185961678,-0.0108026216474096,-0.0110763709184395,0.0102455499148643,-0.0931085537697737,0.000565481566594349,-0.00632090481388756,-0.0226349452922202,0.122168627865985
229.975112733314,-0.0107517032358084,-0.0109265663206728,0.010037854352342,-0.0924568573250164,0.000553706080806691,-0.0062765466282356,-0.0223373727573801,0.121383280984421
231.570024272191,-0.0107005261650776,-0.0107780317112587,0.00983352806837169,-0.0918089178162583,0.000542124039412296,-0.00623245466417503,-0.0220435954904342,0.120602283643626
233.175996759301,-0.0106490951535811,-0.0106307634806782,0.00963252975525812,-0.0911647308347411,0.00053073305082341,-0.00618862828337261,-0.0217535680743563,0.119825625767482
234.793106903962,-0.0105974149726688,-0.0104847580232538,0.00943481843263959,-0.0905242916697826,0.000519530742816848,-0.00614506683355709,-0.0214672455513781,0.11905329698666
236.421431947482,-0.0105454904461655,-0.010340011734917,0.00924035344644151,-0.0898875953142827,0.000508514762454579,-0.00610176964879737,-0.0211845834207977,0.118285286646646
238.061049666849,-0.0104933264498024,-0.0101965210109955,0.00904909446781121,-0.0892546364701302,0.000497682776003842,-0.00605873604977535,-0.0209055376367227,0.117521583815644
239.712038378445,-0.0104409279105935,-0.0100542822440223,0.00886100149203615,-0.0886254095535137,0.000487032468856903,-0.00601596534405358,-0.02063006460575,0.116762177292343
241.374476941791,-0.0103882998061561,-0.00991329182156781,0.00867603483744751,-0.0879999087001375,0.000476561545450555,-0.00597345682633792,-0.0203581211845857,0.116007055613565
243.048444763306,-0.0103354471639761,-0.00977354612409698,0.00849415514431145,-0.0873781277703458,0.000466267729185481,-0.00593120977873521,-0.0200896646776063,0.115256207061773
244.734021800108,-0.0102823750606193,-0.00963504152285238,0.00831532337370951,-0.086760060354156,0.000456148762345544,-0.00588922347100618,-0.019824652834366,0.114509619672465
246.431288563827,-0.0102290886208887,-0.00949777437776505,0.00813950080641048,-0.0861456997762047,0.000446202406017131,-0.0058474971608137,-0.019563043847051,0.113767281241429
248.140326124455,-0.0101755930169287,-0.0093617410353946,0.00796664904173486,-0.0855350391006078,0.000436426440008612,-0.00580603009396643,-0.019304796347883,0.113029179331891
249.861216114214,-0.010121893467277,-0.00922693782689993,0.00779672999641396,-0.0849280711357362,0.000426818662770005,-0.00576482150465807,-0.0190498694064763,0.11229530128152
251.594040731461,-0.0100679952358646,-0.00909336106604204,0.00762970590344504,-0.0843247884389114,0.00041737689131292,-0.00572387061570236,-0.0187982225271482,0.111565634209331
253.338882744608,-0.0100139036309653,-0.00896100704722043,0.00746553931094376,-0.0837251833210203,0.00040809896113085,-0.00568317663876383,-0.0185498156461876,0.110840165022448
255.09582549608,-0.00995962400409525,-0.00882987204354441,0.00730419308099549,-0.0831292478510544,0.000398982726119883,-0.00564273877458454,-0.0183046091290814,0.110118880422767
256.864952906292,-0.0099051617488633,-0.00869995230494091,0.00714563038850658,-0.0825369738605728,0.000390026058499882,-0.00560255621320692,-0.0180625637677034,0.109401766913483
258.646349477661,-0.00985052229977346,-0.00857124405629992,0.00698981472005681,-0.0819483529480933,0.0003812268487362,-0.00556262813419278,-0.0178236407774662,0.108688810805513
260.440100298641,-0.00979571113098038,-0.00844374349565906,0.00683670987275403,-0.0813633764834124,0.000372583005461968,-0.00552295370683864,-0.0175878017944382,0.107979998223796
262.246291047787,-0.00974073375499883,-0.00831744679242863,0.00668627995309208,-0.0807820356118574,0.000364092455401022,-0.00548353209038756,-0.0173550088724291,0.10727531511348
264.065007997846,-0.0096855957213684,-0.00819235008565837,0.00653848937581277,-0.0802043212584713,0.000355753143291482,-0.00544436243423752,-0.0171252244800438,0.106574747246
265.896338019882,-0.00963030261527454,-0.00806844948234719,0.00639330286277274,-0.0796302241321346,0.000347563031810036,-0.00540544387814643,-0.0168984114977086,0.105878280225036
267.740368587419,-0.00957486005612719,-0.00794574105579719,0.00625068544181604,-0.0790597347296238,0.000339520101496973,-0.00536677555243407,-0.0166745332146702,0.105185899492368
269.597187780627,-0.00951927369609817,-0.00782422084401306,0.006110602445653,-0.078492843339611,0.000331622350681955,-0.00532835657818084,-0.0164535533259697,0.104497590333616
271.466884290521,-0.00946354921861871,-0.00770388484814809,0.00597301951074587,-0.0779295400466045,0.000323867795410585,-0.00529018606742368,-0.0162354359293941,0.103813337883875
273.349547423206,-0.00940769233683844,-0.00758472903099794,0.00583790257620197,-0.0773698147348338,0.000316254469371777,-0.00525226312334903,-0.0160201455224052,0.103133127133244
275.245267104134,-0.00935170879204724,-0.00746674931554319,0.00570521788267456,-0.076813657092081,0.000308780423825938,-0.00521458684048316,-0.0158076469990503,0.102456942932244
277.154133882404,-0.00929560435206121,-0.0073499415835417,0.00557493197127173,-0.0762610566134591,0.000301443727533978,-0.00517715630487981,-0.0155979056468528,0.101784769997138
279.07623893509,-0.00923938480957455,-0.00723430167417189,0.005447011682474,-0.0757120026051414,0.000294242466687151,-0.00513997059430543,-0.0153908871436883,0.101116592915144
281.011674071587,-0.00918305598047854,-0.00711982538272781,0.00532142415506019,-0.0751664841880418,0.000287174744837734,-0.00510302877842192,-0.0151865575546441,0.10045239614955
282.960531738006,-0.00912662370214919,-0.00700650845936691,0.00519813682504232,-0.0746244903014486,0.000280238682830535,-0.00506632991896709,-0.0149848833288661,0.0997921640447206
284.922905021585,-0.00907009383170532,-0.00689434660791131,0.00507711742460914,-0.0740860097066146,0.000273432418735229,-0.00502987306993303,-0.0147858312963926,0.0991358808310164
286.898887655133,-0.00901347224423846,-0.00678333548470358,0.00495833398107873,-0.0735510309903033,0.000266754107779523,-0.00499365727774227,-0.0145893686649789,0.0984835306296052
288.888574021513,-0.00895676483101629,-0.00667347069751754,0.00484175481585966,-0.0730195425682948,0.000260201922283112,-0.004957681581422,-0.0143954630169113,0.0978350974571812
290.892059158146,-0.0088999774976612,-0.00656474780452499,0.00472734854342104,-0.0724915326888519,0.00025377405159244,-0.00492194501277642,-0.0142040823058133,0.0971905652305888
292.909438761552,-0.00884311616230574,-0.0064571623133188,0.00461508407027105,-0.0719669894361482,0.000247468702016238,-0.00488644659655722,-0.0140151948534461,0.0965499177713515
294.940809191919,-0.00878618675372666,-0.00635070967999326,0.00450493059394372,-0.0714459007336605,0.000241284096761802,-0.00485118535063241,-0.013828769346502,0.0959131388101082
296.986267477709,-0.00872919520945905,-0.00624538530828187,0.00439685760199388,-0.0709282543475265,0.000235218475872014,-0.0048161602861535,-0.0136447748333955,0.0952802119909588
299.045911320291,-0.00867214747389267,-0.00614118454875339,0.00429083487099979,-0.0704140378898688,0.000229270096163056,-0.00478137040772109,-0.0134631807210494,0.0946511208757184
301.119839098607,-0.00861504949635193,-0.00603810269806629,0.00418683246557318,-0.0699032388220875,0.000223437231162807,-0.00474681471354909,-0.0132839567716804,0.0940258489480837
303.208149873869,-0.00855790722916145,-0.00593613499828222,0.00408482073737622,-0.069395844458123,0.000217718171049873,-0.00471249219562745,-0.0131070730995833,0.0934043796177107
305.310943394298,-0.00850072662569888,-0.00583527663623857,0.0039847703241451,-0.0688918419676886,0.00021211122259323,-0.00467840183988365,-0.0129325001679155,0.0927866962242072
307.428320099879,-0.00844351363843694,-0.00573552274298055,0.00388665214871962,-0.0683912183794765,0.000206614709092444,-0.00464454262634294,-0.0127602087854828,0.0921727820410392
309.560381127168,-0.00838627421697628,-0.00563686839325288,0.00379043741807829,-0.0678939605843371,0.000201226970318412,-0.00461091352928737,-0.0125901701035277,0.0915626202793536
311.707228314113,-0.0083290143060711,-0.00553930860505124,0.00369609762237845,-0.0674000553384321,0.000195946362454613,-0.00457751351741375,-0.0124223556125205,0.0909561940917182
313.868964204927,-0.00827173984364932,-0.00544283833923357,0.00360360453400076,-0.0669094892663649,0.000190771258038802,-0.00454434155399057,-0.0122567371389551,0.0903534865757807
316.045692054981,-0.00821445675882912,-0.00534745249919116,0.00351293020659745,-0.0664222488642867,0.000185700045905122,-0.00451139659701388,-0.0120932868421498,0.089754480777847
318.237515835737,-0.00815717096993354,-0.00525314593057958,0.00342404697414374,-0.065938320502981,0.000180731131126575,-0.00447867759936232,-0.0119319772110536,0.0891591596963802
320.444540239715,-0.00809988838250522,-0.00515991342110916,0.00333692744999166,-0.0654576904309268,0.000175862934957818,-0.00444618350895119,-0.0117727810610602,0.0885675062854229
322.666870685493,-0.00804261488732273,-0.00506774970039505,0.00325154452592578,-0.064980344777342,0.000171093894778233,-0.00441391326888575,-0.0116156715308287,0.0879795034579415
324.904613322743,-0.0079853563584206,-0.00497664943986651,0.00316787137121986,-0.0645062695552067,0.00016642246403522,-0.00438186581761372,-0.0114606220791136,0.0873951340890963
327.1578750373,-0.00792811865111466,-0.00488660725273501,0.003085881431694,-0.0640354506642683,0.000161847112187674,-0.00435004008907699,-0.0113076064816033,0.0868143810194366
329.426763456268,-0.0078709076000344,-0.00479761769402112,0.00300554842877128,-0.0635678738940288,0.000157366324649585,-0.00431843501286274,-0.0111565988277692,0.086237227058023
331.711386953162,-0.00781372901716438,-0.00470967526063936,0.00292684635853343,-0.0631035249267149,0.000152978602733716,-0.00428704951435373,-0.0110075735177246,0.0856636549854777
334.011854653082,-0.00775658868989606,-0.00462277439154085,0.00284974949077446,-0.0626423893402311,0.000148682463595321,-0.00425588251487812,-0.0108605052590958,0.0850936475569644
336.328276437929,-0.00769949237909204,-0.00453690946791308,0.00277423236805176,-0.0621844526110977,0.000144476440175825,-0.00422493293185857,-0.0107153690639045,0.0845271875050981
338.660762951648,-0.00764244581716433,-0.00445207481343623,0.00270026980473372,-0.0617297001173721,0.000140359081146447,-0.00419419967896082,-0.0105721402454635,0.083964257542787
341.009425605519,-0.00758545470616819,-0.0043682646945954,0.00262783688604317,-0.0612781171415562,0.000136328950851695,-0.00416368166624166,-0.0104307944152846,0.0834048403660065
343.374376583475,-0.00752852471591341,-0.00428547332104806,0.00255690896709595,-0.0608296888734887,0.000132384629252683,-0.00413337780029647,-0.0102913074800012,0.0828489186565073
345.75572884746,-0.00747166148209444,-0.00420369484604596,0.00248746167193362,-0.0603844004132233,0.000128524711870237,-0.00410328698440606,-0.0101536556383051,0.0822964750844585
348.153596142828,-0.00741487060444105,-0.00412292336691064,0.0024194708925498,-0.0599422367738924,0.000124747809727719,-0.00407340811868322,-0.0100178153778975,0.0817474923110266
350.568093003772,-0.00735815764489104,-0.00404315292556179,0.0023529127879092,-0.0595031828845585,0.000121052549293531,-0.00404374010021859,-0.00988376347245632,0.0812019529908915
352.999334758797,-0.00730152812578659,-0.00396437750909746,0.00228776378295867,-0.0590672235930504,0.000117437572423253,-0.00401428182322617,-0.00975147697861893,0.0806598397747006
355.44743753623,-0.00724498752809556,-0.00388659105042516,0.0022240005676295,-0.0586343436687873,0.000113901536301357,-0.00398503217918827,-0.00962093323298104,0.0801211353114627
357.912518269762,-0.00718854128965933,-0.00380978742894294,0.00216160009583026,-0.0582045278055897,0.00011044311338246,-0.00395599005700006,-0.00949210984911283,0.0795858222508811
360.39469470404,-0.00713219480346858,-0.00373396047126928,0.00210053958442948,-0.0577777606244762,0.00010706099133206,-0.00392715434311353,-0.00936498471459201,0.0790538832456293
362.894085400285,-0.00707595341596826,-0.00365910395202084,0.0020407965122274,-0.0573540266764483,0.000103753872966721,-0.00389852392168109,-0.00923953598805464,0.0785253009535681
365.410809741959,-0.00701982242539312,-0.00358521159463676,0.00198234861891616,-0.0569333104452619,0.000100520476193651,-0.00387009767469861,-0.0091157420962639,0.0780000580399069
367.944987940466,-0.00696380708013516,-0.00351227707224851,0.00192517390402779,-0.0565155963501847,9.7359533949639e-05,-0.00384187448214799,-0.00899358173119729,0.0774781371793083
370.496741040893,-0.00690791257714404,-0.00344029400859398,0.00186925062586929,-0.0561008687487418,9.42697941393058e-05,-0.00381385322213925,-0.00887303384715253,0.0769595210579396
373.066190927794,-0.00685214406036185,-0.00336925597897457,0.00181455730044419,-0.0556891119394469,9.12500195726275e-05,-0.00378603277105203,-0.00875407765787258,0.0764441923754693
375.653460331008,-0.00679650661919315,-0.00329915651125406,0.00176107270036005,-0.0552803101645199,8.82989879016942e-05,-0.00375841200367668,-0.00863669263368992,0.0759321338470121
378.258672831527,-0.00674100528701153,-0.00322998908689787,0.00170877585372125,-0.0548744476125916,8.54154915566669e-05,-0.00373098979335469,-0.0085208584986907,0.0754233282050214
380.881952867393,-0.00668564503970371,-0.00316174714205147,0.00165764604300652,-0.0544715084213936,8.25983376808948e-05,-0.00370376501211863,-0.00840655522789864,0.0749177582011318
383.523425739646,-0.00663043079425195,-0.00309442406865638,0.00160766280393073,-0.0540714766804342,7.98463480651618e-05,-0.00367673653083148,-0.00829376304447926,0.0744154066079514
386.183217618305,-0.00657536740735609,-0.00302801321560266,0.00155880592429045,-0.0536743364336595,7.71583590810265e-05,-0.0036499032193254,-0.00818246241696461,0.0739162562208057
388.861455548399,-0.00652045967409564,-0.00296250788991616,0.00151105544279267,-0.0532800716820999,7.45332216132263e-05,-0.00362326394653976,-0.00807263405649848,0.0734202898594331
391.558267456034,-0.00646571232663316,-0.00289790135797933,0.00146439164786647,-0.0528886663865014,7.19698009911184e-05,-0.00359681758065866,-0.00796425891410283,0.0729274903696341
394.273782154498,-0.00641113003295943,-0.002834186846784,0.00141879507645703,-0.0525001044699407,6.94669769191297e-05,-0.00357056298924767,-0.00785731817796508,0.0724378406248743
397.008129350424,-0.00635671739568118,-0.00277135754521465,0.00137424651280163,-0.0521143698204247,6.70236434061856e-05,-0.00354449903938993,-0.00775179327074677,0.0719513235278415
399.761439649975,-0.00630247895085218,-0.00270940660536079,0.00133072698718738,-0.0517314462934734,6.46387086941031e-05,-0.00351862459782146,-0.00764766584691373,0.0714679220119596
402.533844565089,-0.00624841916684808,-0.00264832714385687,0.00128821777469031,-0.0513513177146857,6.23110951849201e-05,-0.00349293853106573,-0.00754491779008778,0.0709876190428586
405.325476519761,-0.00619454244328573,-0.00258811224324811,0.00124670039389549,-0.050973967882288,6.00397393671441e-05,-0.00346743970556745,-0.00744353121042029,0.0705103976198018
408.136468856361,-0.00614085310998739,-0.00252875495338097,0.00120615660559793,-0.0505993805696651,5.7823591740902e-05,-0.0034421269878255,-0.00734348844198755,0.0700362407770719
410.966955842014,-0.0060873554259903,-0.00247024829281643,0.00116656841148416,-0.0502275395278715,5.56616167419768e-05,-0.00341699924452501,-0.00724477204020822,0.0695651315853158
413.817072675003,-0.00603405357860203,-0.0024125852502649,0.00112791805279408,-0.0498584284881258,5.35527926647158e-05,-0.00339205534266856,-0.00714736477928285,0.0690970531528493
416.686955491232,-0.00598095168250184,-0.00235575878604082,0.00109018800896314,-0.0494920311642837,5.14961115838013e-05,-0.00336729414970645,-0.00705124964965566,0.068631988626923
419.576741370729,-0.00592805377888846,-0.00229976183353574,0.00105336099624459,-0.0491283312552924,4.9490579274872e-05,-0.00334271453366597,-0.00695640985549856,0.0681699211949495
422.486568344193,-0.00587536383467444,-0.00224458730070824,0.00101741996631173,-0.0487673124476239,4.75352151339895e-05,-0.0033183153632797,-0.00686282881221759,0.067710834085693
425.416575399583,-0.00582288574172725,-0.00219022807158908,0.000982348104840111,-0.0484089584176867,4.56290520959433e-05,-0.00329409550811278,-0.00677049014398172,0.0672547105704219
428.366902488763,-0.00577062331615733,-0.00213667700780014,0.000948128830069731,-0.0480532528342173,4.3771136551391e-05,-0.00327005383868909,-0.00667937768127422,0.0668015339640257
431.337690534184,-0.00571858029765299,-0.00208392695008565,0.000914745791347061,-0.0477001793606482,4.19605282628344e-05,-0.00324618922661635,-0.00658947545846642,0.0663512876260959
434.329081435613,-0.00566676034886237,-0.00203197071985417,0.000882182867647103,-0.047349721657454,4.01963002794272e-05,-0.00322250054471002,-0.00650076771141413,0.0659039549619734
437.341218076915,-0.00561516705482233,-0.00198080112072975,0.000850424166075476,-0.0470018633844732,3.84775388506226e-05,-0.00319898666711609,-0.00641323887507651,0.0654595194237608
440.374244332875,-0.00556380392243417,-0.00193041094011095,0.000819454020350624,-0.0466565882032075,3.6803343338661e-05,-0.00317564646943261,-0.00632687358115763,0.0650179645113023
443.428305076071,-0.0055126743799861,-0.00188079295073612,0.000789256989266289,-0.0463138797790956,3.51728261299046e-05,-0.00315247882882998,-0.00624165665577044,0.0645792737731312
446.503546183793,-0.00546178177672231,-0.00183193991225354,0.000759817855134444,-0.0459737217837626,3.358511254503e-05,-0.00312948262416994,-0.00615757311712347,0.0641434308073855
449.600114545014,-0.00541112938245829,-0.00178384457279501,0.000731121622208776,-0.0456360978972432,3.20393407480826e-05,-0.00310665673612328,-0.00607460817322994,0.0637104192626922
452.718158067401,-0.00536072038724228,-0.00173649967055137,0.000703153515089091,-0.0453009918101799,3.05346616544123e-05,-0.00308400004728612,-0.00599274721963947,0.0632802228390215
455.857825684385,-0.00531055790106246,-0.00168989793534875,0.000675898977106736,-0.0449683872259938,2.90702388374978e-05,-0.00306151144229487,-0.00591197583719221,0.0628528252885121
459.01926736227,-0.00526064495359951,-0.00164403209022399,0.000649343668691419,-0.0446382678630281,2.7645248434675e-05,-0.00303918980793972,-0.00583227978979545,0.0624282104162657
462.202634107401,-0.00521098449402419,-0.00159889485299799,0.000623473465719671,-0.0443106174566651,2.62588790517911e-05,-0.00301703403327668,-0.00575364502222264,0.0620063620811145
465.408077973374,-0.00516157939083951,-0.00155447893784567,0.000598274457845317,-0.0439854197614136,2.4910331666796e-05,-0.00299504300973815,-0.0056760576579347,0.0615872641963609
468.635752068297,-0.00511243243176686,-0.00151077705686116,0.000573732946812279,-0.0436626585529687,2.35988195322972e-05,-0.00297321563124191,-0.00559950399692361,0.0611709007304892
471.885810562108,-0.00506354632367588,-0.00146778192161713,0.000549835444750118,-0.043342317630242,2.23235680770936e-05,-0.00295155079429864,-0.00552397051357826,0.0607572557078518
475.158408693936,-0.00501492369255722,-0.00142548624471682,0.000526568672452675,-0.0430243808173627,2.1083814806715e-05,-0.00293004739811779,-0.00544944385457235,0.0603463132093285
478.453702779515,-0.00496656708353775,-0.0013838827413377,0.000503919557640302,-0.0427088319656478,1.98788092029912e-05,-0.00290870434471182,-0.00537591083677444,0.0599380573729614
481.771850218653,-0.00491847896093761,-0.00134296413076553,0.000481875233206043,-0.0423956549555427,1.87078126226727e-05,-0.0028875205389989,-0.00530335844517981,0.0595324723945646
485.113009502749,-0.00487066170836838,-0.00130272313791776,0.000460423035446318,-0.0420848336985308,1.75700981951347e-05,-0.00286649488890381,-0.00523177383086438,0.0591295425283096
488.477340222363,-0.00482311762887178,-0.00126315249485498,0.000439550502276529,-0.041776352139011,1.64649507191874e-05,-0.00284562630545728,-0.00516114430896021,0.0587292520872873
491.865003074839,-0.00477584894509801,-0.00122424494227957,0.000419245371432132,-0.0414701942561448,1.53916665590258e-05,-0.00282491370289345,-0.0050914573566528,0.0583315854440472
495.276159871982,-0.00472885779952325,-0.00118599323102034,0.00039949557865567,-0.0411663440656704,1.43495535393452e-05,-0.00280435599874576,-0.00502270061119988,0.0579365270311133
498.710973547785,-0.00468214625470533,-0.0011483901235022,0.000380289255870355,-0.0408647856216845,1.33379308396578e-05,-0.00278395211394093,-0.00495486186797166,0.057544061341479
502.169608166212,-0.0046357162935769,-0.00111142839519992,0.000361614729340667,-0.0405655030183921,1.23561288878382e-05,-0.00276370097289124,-0.00488792907851242,0.05715417292908
505.652228929035,-0.00458956981977522,-0.00107510083607503,0.000343460517820636,-0.0402684803918229,1.14034892529336e-05,-0.00274360150358498,-0.00482189034862327,0.0567668464092458
509.159002183727,-0.00454370865800781,-0.00103940025199491,0.00032581533069033,-0.0399737019215139,1.04793645372715e-05,-0.00272365263767503,-0.00475673393646604,0.0563820664591321
512.690095431402,-0.00449813455445303,-0.00100431946613327,0.000308668066081143,-0.0396811518321592,9.5831182678997e-06,-0.00270385331056568,-0.00469244825068805,0.0559998178181316
516.245677334823,-0.00445284917719478,-0.000969851320351149,0.000292007808990528,-0.0393908143952258,8.71412478739331e-06,-0.0026842024614975,-0.00462902184856773,0.0556200852882664
519.825917726449,-0.00440785411669038,-0.000935988676557699,0.000275823829386757,-0.0391026739305355,7.87176914406526e-06,-0.00266469903363037,-0.00456644343418097,0.0552428537345615
523.430987616559,-0.00436315088627076,-0.000902724418049883,0.000260105580304337,-0.038816714807812,7.05544698161639e-06,-0.00264534197412468,-0.00450470185658789,0.0548681080853989
527.061059201407,-0.00431874092267205,-0.00087005145083053,0.000244842695930731,-0.0385329214481942,6.2645644282615e-06,-0.0026261302342205,-0.00444378610804013,0.0544958333328541
530.716305871459,-0.00427462558659758,-0.00083796270490393,0.00023002498968502,-0.0382512783257154,5.49853798537152e-06,-0.00260706276931495,-0.00438368532220829,0.0541260145330154
534.396902219665,-0.00423080616330943,-0.000806451135548401,0.000215642452289141,-0.0379717699687466,4.75679441566489e-06,-0.00258813853903762,-0.00432438877242952,0.0537586368062849
538.103024049808,-0.00418728386324852,-0.000775509724565202,0.000201685249832365,-0.0376943809614057,4.0387706309903e-06,-0.00256935650732397,-0.00426588586997506,0.0533936853376641
541.834848384891,-0.00414405982268232,-0.000745131481503221,0.000188143721829673,-0.0374190959449325,3.34391357973782e-06,-0.00255071564248695,-0.00420816616233758,0.0530311453770218
545.592553475602,-0.00410113510437915,-0.000715309444858894,0.000175008379274669,-0.0371458996190275,2.67168013391605e-06,-0.00253221491728655,-0.00415121933153807,0.0526710022393472
549.376318808822,-0.00405851069830824,-0.000686036683250917,0.000162269902687731,-0.0368747767431567,2.02153697593645e-06,-0.00251385330899743,-0.00409503519245242,0.0523132413049864
553.1863251162,-0.00401618752236436,-0.0006573062965692,0.000149919140160017,-0.0366057121378209,1.3929604851403e-06,-0.00249562979947464,-0.00403960369115708,0.0519578480198648
557.022754382788,-0.00397416642311628,-0.000629111417097709,0.000137947105394023,-0.0363386906857905,7.85436624110213e-07,-0.00247754337521732,-0.00398491490329405,0.0516048078956939
560.885789855729,-0.0039324481765779,-0.000601445210610802,0.000126344975741341,-0.0360736973333045,1.98460824803881e-07,-0.00245959302743053,-0.00393095903245479,0.0512541065101642
564.775616053012,-0.00389103348900117,-0.00057430087744266,0.000115104090238279,-0.0358107170912356,-3.68462125451533e-07,-0.00244177775208502,-0.00387772640858302,0.0509057295071238
568.692418772287,-0.00384992299768977,-0.000547671653529551,0.00010421594764001,-0.0355497350362198,-9.15818198065195e-07,-0.00242409654997515,-0.00382520748639614,0.0505596625967436
572.636385099737,-0.00380911727183261,-0.000521550811424601,9.36722044538982e-05,-0.0352907363117514,-1.44408423734984e-06,-0.00240654842677482,-0.0037733928438252,0.0502158915556688
576.607703419018,-0.00376861681335623,-0.000495931661284846,8.34646729726478e-05,-0.0350337061292432,-1.95372807471273e-06,-0.00238913239309143,-0.00372227318047313,0.049874402227158
580.606563420252,-0.00372842205779492,-0.00047080755183033,7.35853193079518e-05,-0.0347786297690525,-2.44520864283159e-06,-0.00237184746451794,-0.00367183931609129,0.0495351805212094
584.633156109091,-0.00368853337517792,-0.000446171871275073,6.4026261425243e-05,-0.0345254925814722,-2.91897608977834e-06,-0.002354692661683,-0.0036220821890738,0.0491982124146743
588.687673815838,-0.00364895107093248,-0.000422018048229749,5.477976718021e-05,-0.0342742799876884,-3.37547189305318e-06,-0.00233766701029913,-0.00357299285496993,0.0488634839513596
592.77031020464,-0.00360967538680195,-0.000398339552575953,4.58382523577062e-05,-0.0340249774807029,-3.81512897349129e-06,-0.00232076954120901,-0.00352456248501399,0.0485309812421176
596.881260282727,-0.00357070650177791,-0.000375129896311965,3.71942787136602e-05,-0.0337775706262232,-4.23837180900643e-06,-0.00230399929042987,-0.00347678236467277,0.0482006904649251
601.020720409738,-0.00353204453304553,-0.00035238263436994,2.88405520206042e-05,-0.0335320450635173,-4.64561654813495e-06,-0.00228735529919595,-0.00342964389221028,0.0478725978649516
605.188888307094,-0.00349368953694104,-0.000330091365404496,2.07699201174561e-05,-0.0332883865062366,-5.03727112334388e-06,-0.00227083661399916,-0.00338313857726966,0.0475466897546158
609.385963067442,-0.00345564150992064,-0.000308249732552694,1.29753709640934e-05,-0.0330465807432048,-5.41373536406981e-06,-0.00225444228662777,-0.00333725803947208,0.0472229525136333
613.612145164168,-0.00341790038953966,-0.000286851424165425,5.45003070136219e-06,-0.0328066136391738,-5.77540110945153e-06,-0.00223817137420331,-0.00329199400703237,0.046901372589052
617.867636460969,-0.00338046605544145,-0.000265890174510245,-1.81283828293299e-06,-0.0325684711355478,-6.12265232072433e-06,-0.0022220229392157,-0.00324733831539137,0.0465819364952799
622.152640221499,-0.00334333833035479,-0.000245359764445746,-8.81983928148781e-06,-0.0323321392510744,-6.45586519324224e-06,-0.00220599604955637,-0.00320328290586468,0.0462646308141012
626.467361119072,-0.00330651698109916,-0.000225254022067552,-1.55774431878537e-05,-0.0320976040825039,-6.77540826809497e-06,-0.0021900897785498,-0.00315981982430778,0.0459494421946847
630.812005246445,-0.00327000171959701,-0.000205566823326052,-2.20919904091298e-05,-0.0318648518052172,-7.08164254328804e-06,-0.00217430320498313,-0.00311694121979718,0.0456363573535816
635.186780125658,-0.00323379220389209,-0.000186292092616031,-2.83696927704845e-05,-0.031633868673822,-7.37492158445446e-06,-0.00215863541313404,-0.00307463934332755,0.0453253630747162
639.591894717946,-0.00319788803917319,-0.000167423803338347,-3.44166354109771e-05,-0.0314046410227184,-7.65559163506751e-06,-0.00214308549279691,-0.00303290654652471,0.0450164462093662
644.027559433723,-0.00316228877880235,-0.000148955978433863,-4.0238778670165e-05,-0.0311771552666338,-7.92399172612517e-06,-0.00212765253930724,-0.00299173528037412,0.0447095936761356
648.493986142629,-0.00312699392534687,-0.000130882690889818,-4.5841959965022e-05,-0.0309513979011273,-8.18045378527592e-06,-0.00211233565356434,-0.0029511180939649,0.0444047924609199
652.991388183652,-0.00309200293161429,-0.000113198064218892,-5.12318956566778e-05,-0.030727355503065,-8.42530274535922e-06,-0.00209713394205239,-0.00291104763324908,0.0441020296168619
657.519980375318,-0.00305731520168961,-9.58962729111796e-05,-5.64141829064975e-05,-0.0305050147310648,-8.65885665233138e-06,-0.0020820465168598,-0.002871516639816,0.0438012922643015
662.07997902595,-0.00302293009197406,-7.89715428593765e-05,-6.13943015210904e-05,-0.0302843623259137,-8.88142677255181e-06,-0.00206707249569695,-0.00283251794968159,0.0435025675907171
666.671601944003,-0.00298884691222465,-6.24181517574227e-05,-6.61776157857559e-05,-0.0300653851109545,-9.093317699402e-06,-0.0020522110019123,-0.00279404449209254,0.0432058428506595
671.295068448464,-0.00295506492659386,-4.62304294729223e-05,-7.07693762859848e-05,-0.0298480699924465,-9.29482745921345e-06,-0.00203746116450695,-0.00275608928834497,0.0429111053656797
675.950599379332,-0.00292158335466874,-3.04027583936603e-05,-7.51747217165909e-05,-0.0296324039598968,-9.48624761647998e-06,-0.0020228221181476,-0.00271864545061763,0.0426183425242492
680.638417108163,-0.00288840137250889,-1.49295737485167e-05,-7.93986806780587e-05,-0.0294183740863654,-9.66786337833016e-06,-0.00200829300317797,-0.00268170618081933,0.0423275417816737
685.358745548692,-0.0028555181136825,1.94636096844053e-07,-8.34461734597579e-05,-0.0292059675287424,-9.8399536982384e-06,-0.00199387296562872,-0.00264526476945061,0.0420386906600004
690.11181016753,-0.00282293267029996,1.49753293691884e-05,-8.73220138096361e-05,-0.0289951715280003,-1.00027913789525e-05,-0.00197956115722591,-0.0026093145944792,0.0417517767479195
694.897837994932,-0.00279064409404448,2.9417910641428e-05,-9.10309106900414e-05,-0.0287859734094187,-1.01566431746165e-05,-0.00196535673539794,-0.00257384912022946,0.0414667877006587
699.717057635642,-0.00275865139719899,4.35277306104931e-05,-9.45774700193305e-05,-0.0285783605827851,-1.03017698920688e-05,-0.00195125886328111,-0.00253886189628539,0.0411837112398725
704.569699279812,-0.00272695355366884,5.73100858989413e-05,-9.7966196398961e-05,-0.0283723205425694,-1.04384264912974e-05,-0.00193726670972371,-0.00250434655640713,0.040902535153526
709.455994713995,-0.00269554949999989,7.07702188799265e-05,-0.000101201494825726,-0.0281678408680751,-1.05668621850323e-05,-0.00192337944928882,-0.00247029681746083,0.0406232472957722
714.376177332221,-0.00266443813639119,8.39133175251049e-05,-0.000104287672388858,-0.0279649092235656,-1.06873205374587e-05,-0.00190959626225568,-0.00243670647836167,0.0403458355868247
719.33048214714,-0.00263361832770199,9.67445152750661e-05,-0.000107228939951722,-0.0277635133583673,-1.08000395620345e-05,-0.00189591633461976,-0.00240356941902995,0.040070288012825
724.31914580125,-0.0026030889044525,0.000109268890931861,-0.000110029413817817,-0.0275636411069498,-1.09052518183948e-05,-0.00188233885809152,-0.00237087959936005,0.0397965926257045
729.342406578201,-0.00257284866381793,0.000121491468573205,-0.000112693117380854,-0.0273652803889831,-1.1003184508331e-05,-0.00186886303009398,-0.00233863105820205,0.0395247375430422
734.400504414174,-0.00254289637061538,0.0001334172174879,-0.000115223982758649,-0.0271684192093733,-1.10940595708279e-05,-0.00185548805375888,-0.00230681791235606,0.0392547109479166
739.493680909344,-0.00251323075828317,0.000145051052132056,-0.000117625852410629,-0.0269730456582767,-1.11780937761466e-05,-0.00184221313792185,-0.00227543435557885,0.0389865010887542
744.622179339418,-0.00248385052985215,0.000156397832105633,-0.000119902480738729,-0.0267791479110917,-1.12554988189416e-05,-0.00182903749711616,-0.00224447465760285,0.0387200962791725
749.786244667259,-0.00245475435890869,0.000167462362148885,-0.000122057535671493,-0.0265867142284321,-1.1326481410398e-05,-0.00181596035156552,-0.00221393316316726,0.0384554848978195
754.98612355458,-0.00242594089054887,0.000178249392158218,-0.000124094600231185,-0.0263957329560783,-1.13912433693815e-05,-0.00180298092717563,-0.00218380429106112,0.0381926553882083
760.222064373731,-0.00239740874232359,0.000188763617221029,-0.000126017174083743,-0.0262061925249105,-1.14499817125869e-05,-0.00179009845552466,-0.00215408253317832,0.0379315962585483
765.494317219563,-0.00236915650517425,0.00019900967766904,-0.000127828675071444,-0.0260180814508214,-1.15028887436799e-05,-0.00177731217385265,-0.00212476245358422,0.0376722960815716
770.803133921369,-0.00234118274435865,0.000208992159149685,-0.000129532440728091,-0.0258313883346118,-1.15501521414205e-05,-0.00176462132504992,-0.00209583868759394,0.0374147434943571
776.148768054917,-0.0023134860003669,0.000218715592715067,-0.000131131729776642,-0.0256461018618663,-1.15919550467624e-05,-0.00175202515764437,-0.00206730594086196,0.0371589271981489
781.531474954562,-0.00228606478982686,0.000228184454928031,-0.000132629723609124,-0.0254622108028132,-1.16284761489204e-05,-0.0017395229257879,-0.00203915898848318,0.036904835958173
786.951511725437,-0.00225891760639914,0.000237403167984886,-0.000134029527748753,-0.0252797040121658,-1.16598897703988e-05,-0.00172711388924178,-0.00201139267410496,0.0366524586034494
792.40913725574,-0.00223204292166108,0.000246376099854295,-0.000135334173294153,-0.0250985704289477,-1.16863659509775e-05,-0.00171479731336112,-0.00198400190905034,0.0364017840266016
797.904612229097,-0.00220543918597975,0.000255107564431897,-0.0001365466183456,-0.0249187990763018,-1.17080705306479e-05,-0.00170257246907848,-0.00195698167145206,0.0361528011836621
803.438199137013,-0.00217910482937357,0.000263601821710159,-0.000137669749413219,-0.0247403790612836,-1.17251652314976e-05,-0.00169043863288654,-0.00193032700539736,0.0359054990938755
809.01016229141,-0.00215303826236245,0.000271863077963033,-0.000138706382807074,-0.024563299574639,-1.17378077385377e-05,-0.00167839508681994,-0.00190403302008346,0.0356598668394986
814.620767837254,-0.0021272378768062,0.000279895485944932,-0.00013965926600911,-0.0243875498905676,-1.17461517794707e-05,-0.00166644111843632,-0.00187809488898349,0.0354158935655969
820.270283765263,-0.00210170204673106,0.000287703145103572,-0.000140531079026906,-0.0242131193664718,-1.17503472033985e-05,-0.00165457602079652,-0.00185250784902279,0.0351735684798391
825.958979924714,-0.00207642912914422,0.000295290101806235,-0.000141324435729212,-0.0240399974426912,-1.17505400584657e-05,-0.00164279909244408,-0.00182726719976553,0.0349328808522887
831.687128036326,-0.00205141746483615,0.00030266034957899,-0.000142041885163266,-0.0238681736422251,-1.17468726684401e-05,-0.00163110963738392,-0.00180236830261138,0.0346938200151923
837.455001705243,-0.00202666537917055,0.000309817829358421,-0.000142685912853872,-0.0236976375704402,-1.17394837082281e-05,-0.00161950696506033,-0.00177780658000223,0.0344563753627669
843.262876434102,-0.00200217118286195,0.000316766429755438,-0.000143258942084251,-0.0235283789147675,-1.17285082783268e-05,-0.00160799039033433,-0.00175357751463878,0.0342205363509831
849.111029636188,-0.00197793317274076,0.000323509987330691,-0.000143763335158683,-0.0233603874443858,-1.17140779782116e-05,-0.00159655923346023,-0.00172967664870689,0.0339862924973473
854.999740648693,-0.00195394963250562,0.000330052286881199,-0.00014420139464695,-0.0231936530098944,-1.16963209786627e-05,-0.0015852128200617,-0.00170609958311358,0.0337536333806808
860.92929074605,-0.00193021883346317,0.000336397061737724,-0.000144575364610633,-0.0230281655429742,-1.16753620930303e-05,-0.0015739504811071,-0.00168284197673255,0.0335225486408973
866.899963153375,-0.0019067390352549,0.00034254799407248,-0.000144887431811279,-0.0228639150560379,-1.16513228474429e-05,-0.0015627715528843,-0.00165989954565911,0.0332930279787782
872.91204305999,-0.00188350848657126,0.00034850871521675,-0.000145139726900513,-0.0227008916418704,-1.16243215499594e-05,-0.00155167537697488,-0.00163726806247444,0.0330650611557456
878.965817633049,-0.0018605254258529,0.000354282805988007,-0.000145334325592134,-0.0225390854732585,-1.15944733586702e-05,-0.00154066130022781,-0.00161494335551895,0.0328386379936341
885.061576031251,-0.00183778808197894,0.00035987379702611,-0.000145473249816263,-0.0223784868026114,-1.15618903487491e-05,-0.00152972867473263,-0.00159292130817481,0.0326137483744598
891.199609418655,-0.00181529467494237,0.000365285169138181,-0.000145558468855633,-0.0222190859615719,-1.15266815784632e-05,-0.00151887685779204,-0.00157119785815738,0.0323903822401885
897.380210978585,-0.00179304341651249,0.000370520353651774,-0.000145591900464064,-0.0220608733606194,-1.14889531541409e-05,-0.00150810521189414,-0.0015497689968155,0.0321685295925015
903.603675927636,-0.00177103251088434,0.000375582732775914,-0.000145575411967262,-0.0219038394886633,-1.14488082941079e-05,-0.00149741310468415,-0.00152863076844055,0.0319481804925607
909.870301529772,-0.00174926015531534,0.000380475639969657,-0.00014551082134598,-0.0217479749126295,-1.14063473915934e-05,-0.00148679990893566,-0.00150777926958408,0.0317293250607706
916.18038711053,-0.00172772454074884,0.000385202360317771,-0.000145399898301685,-0.0215932702770387,-1.13616680766134e-05,-0.00147626500252153,-0.00148721064838407,0.0315119534765408
922.534234071309,-0.00170642385242489,0.000389766130913151,-0.000145244365304816,-0.0214397163035777,-1.13148652768375e-05,-0.00146580776838442,-0.00146692110389955,0.0312960559780454
928.932145903777,-0.00168535627047811,0.000394170141245647,-0.000145045898625741,-0.0212873037906634,-1.12660312774442e-05,-0.00145542759450685,-0.00144690688545353,0.0310816228619823
935.374428204358,-0.00166451997052272,0.000398417533596894,-0.000144806129348555,-0.0211360236130004,-1.12152557799752e-05,-0.00144512387388101,-0.00142716429198421,0.0308686444833304
941.861388688833,-0.00164391312422486,0.000402511403440828,-0.000144526644367805,-0.0209858667211326,-1.11626259601905e-05,-0.00143489600447821,-0.00140768967140428,0.0306571112551058
948.39333720704,-0.0016235338998621,0.000406454799849526,-0.000144208987368311,-0.0208368241409886,-1.1108226524937e-05,-0.00142474338921796,-0.00138847941996823,0.0304470136481173
954.970585757668,-0.00160338046287041,0.000410250725904035,-0.00014385465978818,-0.0206888869734213,-1.10521397680348e-05,-0.00141466543593689,-0.00136952998164762,0.0302383421907203
961.593448503166,-0.00158345097637846,0.000413902139109867,-0.000143465121765176,-0.0205420463937431,-1.09944456251908e-05,-0.00140466155735725,-0.00135083784751413,0.0300310874685695
968.262241784745,-0.00156374360172952,0.000417411951816815,-0.000143041793066569,-0.0203962936512551,-1.09352217279476e-05,-0.00139473117105525,-0.00133239955513042,0.0298252401243717
974.977284137491,-0.00154425649899082,0.000420783031642805,-0.000142586054002628,-0.0202516200687725,-1.08745434566763e-05,-0.00138487369942917,-0.00131421168794853,0.0296207908576362
981.738896305574,-0.00152498782745072,0.00042401820190144,-0.000142099246323888,-0.0201080170421451,-1.08124839926218e-05,-0.00137508856966716,-0.00129627087471589,0.0294177304244255
988.547401257578,-0.00150593574610354,0.000427120242032963,-0.000141582674102357,-0.0199654760397742,-1.07491143690087e-05,-0.00136537521371492,-0.00127857378888881,0.0292160496371044
995.403124201917,-0.00148709841412234,0.000430091888038324,-0.000141037604596825,-0.0198239886021254,-1.06845035212197e-05,-0.00135573306824319,-0.00126111714805321,0.029015739364089
1002.30639260238,-0.00146847399131963,0.000432935832916075,-0.000140465269102405,-0.0196835463412382,-1.06187183360523e-05,-0.00134616157461502,-0.00124389771335277,0.0288167905295947
1009.25753619375,-0.00145006063859621,0.000435654727101804,-0.000139866863784517,-0.019544140940232,-1.05518237000657e-05,-0.00133666017885294,-0.00122691228892416,0.0286191941133832
1016.2568869976,-0.00143185651837819,0.000438251178909845,-0.000139243550497435,-0.0194057641528099,-1.04838825470274e-05,-0.00132722833160592,-0.00121015772133939,0.0284229411505092
1023.30477933808,-0.00141385979504234,0.000440727754976986,-0.000138596457587592,-0.0192684078027591,-1.04149559044681e-05,-0.00131786548811631,-0.00119363089905524,0.028228022731067
1030.40154985798,-0.00139606863532988,0.000443086980707927,-0.000137926680681803,-0.0191320637834488,-1.03451029393562e-05,-0.00130857110818659,-0.00117732875186946,0.0280344299999352
1037.5475375347,-0.00137848120874891,0.000445331340722228,-0.000137235283460583,-0.018996724057327,-1.02743810029013e-05,-0.00129934465614604,-0.00116124825038398,0.0278421541565229
1044.74308369654,-0.00136109568796544,0.000447463279302506,-0.000136523298416736,-0.018862380655414,-1.0202845674497e-05,-0.00129018560081731,-0.00114538640547474,0.0276511864545131
1051.98853203895,-0.00134391024918338,0.000449485200843645,-0.000135791727599383,-0.018729025676795,-1.0130550804814e-05,-0.00128109341548301,-0.00112974026776828,0.0274615182016083
1059.28422864097,-0.00132692307251338,0.000451399470302787,-0.000135041543343617,-0.0185966512881111,-1.00575485580528e-05,-0.00127206757785212,-0.00111430692712489,0.0272731407592732
1066.63052198171,-0.00131013234233094,0.000453208413649875,-0.000134273688985956,-0.018465249723049,-9.98388945336712e-06,-0.00126310757002647,-0.00109908351212825,0.0270860455424789
1074.02776295709,-0.00129353624762366,0.000454914318318543,-0.000133489079565785,-0.0183348132818294,-9.90962240546895e-06,-0.00125421287846708,-0.00108406718958153,0.026900224019446
1081.4763048965,-0.00127713298232796,0.000456519433657129,-0.000132688602512959,-0.018205334330695,-9.8347947644256e-06,-0.00124538299396057,-0.00106925516400985,0.0267156677113879
1088.97650357974,-0.00126092074565534,0.000458025971379621,-0.000131873118321746,-0.0180768053013973,-9.75945235465867e-06,-0.00123661741158556,-0.00105464467716896,0.0265323681922532
1096.52871725401,-0.00124489774240832,0.000459436106016324,-0.000131043461211319,-0.0179492186906839,-9.68363951315734e-06,-0.00122791563067898,-0.00104023300756021,0.0263503170884688
1104.13330665098,-0.00122906218328628,0.00046075197536408,-0.000130200439772942,-0.0178225670597839,-9.60739912691515e-06,-0.0012192771548025,-0.00102601746995156,0.0261695060786822
1111.79063500406,-0.00121341228518127,0.00046197568093583,-0.000129344837604072,-0.0176968430338955,-9.53077266960224e-06,-0.00121070149170895,-0.00101199541490466,0.0259899268935038
1119.50106806575,-0.001197946271464,0.000463109288409365,-0.000128477413929534,-0.0175720393016711,-9.45380023748291e-06,-0.00120218815330873,-0.000998164228307945,0.0258115713152497
1127.26497412507,-0.00118266237226013,0.000464154828075079,-0.00012759890420997,-0.017448148614705,-9.37652058459059e-06,-0.00119373665563635,-0.000984521330915586,0.0256344311776837
1135.0827240252,-0.00116755882471703,0.000465114295282567,-0.000126710020737745,-0.0173251637870201,-9.29897115716952e-06,-0.00118534651881693,-0.000971064177892274,0.0254584983657596
1142.95469118117,-0.0011526338732612,0.000465989650885909,-0.000125811453220486,-0.0172030776945555,-9.22118812739562e-06,-0.00117701726703285,-0.000957790258363799,0.0252837648153637
1150.8812515977,-0.00113788576984639,0.000466782821687482,-0.000124903869352448,-0.0170818832746552,-9.1432064263859e-06,-0.0011687484284904,-0.000944697094973262,0.0251102225130573
1158.86278388715,-0.0011233127741928,0.000467495700880156,-0.000123987915373895,-0.0169615735255573,-9.06505977650852e-06,-0.00116053953538659,-0.000931782243442968,0.024937863495819
1166.89966928762,-0.0011089131540172,0.000468130148487741,-0.000123064216618667,-0.0168421415058843,-8.98678072300327e-06,-0.00115239012387592,-0.000919043292141803,0.0247666798507873
1174.99229168114,-0.00109468518525451,0.000468687991803533,-0.000122133378050124,-0.0167235803341348,-8.90840066492399e-06,-0.0011442997340374,-0.000906477861658158,0.0245966637150038
1183.14103761204,-0.00108062715227058,0.000469171025826845,-0.000121195984785656,-0.016605883188176,-8.82994988541312e-06,-0.00113626790984158,-0.000894083604378211,0.0244278072751554
1191.34629630538,-0.00106673734806674,0.000469581013697387,-0.000120252602609933,-0.0164890433047385,-8.75145758131968e-06,-0.00112829419911768,-0.000881858204069609,0.0242601027673181
1199.60845968555,-0.00105301407447595,0.000469919687127387,-0.000119303778477077,-0.0163730539789115,-8.67295189217055e-06,-0.00112037815352091,-0.00086979937547038,0.0240935424767001
1207.92792239501,-0.00103945564235091,0.000470188746831329,-0.000118350041001941,-0.0162579085636407,-8.59445992850651e-06,-0.00111251932849985,-0.000857904863883125,0.0239281187373853
1216.3050818131,-0.00102606037174416,0.000470389862953209,-0.000117391900940674,-0.0161436004692273,-8.51600779959276e-06,-0.00110471728326399,-0.000846172444774306,0.0237638239320774
1224.74033807505,-0.00101282659208047,0.000470524675491192,-0.00011642985166075,-0.0160301231628294,-8.43762064051521e-06,-0.00109697158075138,-0.000834599923378677,0.0236006504918441
1233.23409409112,-0.000999752642321468,0.000470594794719589,-0.000115464369600634,-0.0159174701679647,-8.35932263867214e-06,-0.00108928178759648,-0.0008231851343087,0.0234385908958612
1241.78675556577,-0.000986836871122918,0.000470601801608047,-0.000114495914719272,-0.0158056350640161,-8.2811370596724e-06,-0.00108164747409809,-0.000811925941168978,0.0232776376711581
1250.39873101711,-0.000974077636984554,0.00047054724823787,-0.000113524930935573,-0.015694611485739,-8.2030862726497e-06,-0.00107406821418749,-0.000800820236175541,0.0231177833923624
1259.07043179635,-0.000961473308392826,0.00047043265821538,-0.00011255184655805,-0.0155843931227708,-8.12519177500365e-06,-0.00106654358539669,-0.00078986593978004,0.0229590206814461
1267.80227210752,-0.000949022263956558,0.000470259527082243,-0.000111577074704815,-0.0154749737191432,-8.04747421657763e-06,-0.00105907316882687,-0.00077906100029867,0.0228013422074712
1276.5946690272,-0.00093672289253577,0.000470029322722687,-0.00011060101371407,-0.0153663470727962,-7.96995342328306e-06,-0.00105165654911699,-0.000768403393545864,0.022644740686336
1285.44804252445,-0.000924573593363788,0.000469743485767533,-0.000109624047545289,-0.0152585070350957,-7.89264842018092e-06,-0.00104429331441257,-0.000757891122472656,0.0224892088805227
1294.36281548089,-0.000912572776162739,0.000469403429994979,-0.000108646546171242,-0.0151514475103527,-7.81557745402927e-06,-0.00103698305633465,-0.000747522216809629,0.0223347395988441
1303.33941371088,-0.000900718861252684,0.000469010542728067,-0.00010766886596104,-0.0150451624553455,-7.73875801530752e-06,-0.0010297253699489,-0.000737294732714461,0.022181325696192
1312.37826598188,-0.000889010279654414,0.000468566185228781,-0.00010669135005435,-0.0149396458788449,-7.66220685972651e-06,-0.00102251985373495,-0.000727206752423933,0.0220289600732849
1321.47980403488,-0.000877445473186174,0.00046807169308872,-0.000105714328726962,-0.0148348918411418,-7.58594002923409e-06,-0.0010153661095559,-0.000717256383910427,0.0218776356764177
1330.6444626051,-0.000866022894554342,0.000467528376616282,-0.000104738119747858,-0.0147308944535779,-7.50997287252584e-06,-0.00100826374262802,-0.000707441760542775,0.0217273454972104
1339.87267944269,-0.000854741007438328,0.000466937521220334,-0.000103763028727943,-0.0146276478780791,-7.43432006507024e-06,-0.00100121236149062,-0.000697761040751482,0.0215780825723588
1349.16489533366,-0.00084359828656971,0.000466300387790299,-0.000102789349460597,-0.0145251463266923,-7.35899562865735e-06,-0.000994211577976161,-0.000688212407698204,0.0214298399833845
1358.52155412096,-0.000832593217805854,0.000465618213072643,-0.000101817364254212,-0.0144233840611245,-7.28401295048035e-06,-0.00098726100718053,-0.000678794068949491,0.0212826108563865
1367.94310272563,-0.000821724298198073,0.000464892210043696,-0.00010084734425685,-0.0143223553922857,-7.2093848017589e-06,-0.000980360267433524,-0.000669504256154669,0.0211363883617926
1377.42999116818,-0.000810990036054532,0.000464123568278804,-9.98795497732019e-05,-0.0142220546798345,-7.13512335591364e-06,-0.000973508980269562,-0.000660341224727904,0.0209911657141122
1386.98267259009,-0.000800388950997958,0.000463313454317757,-9.89142305739634e-05,-0.0141224763317266,-7.06124020629962e-06,-0.000966706770398564,-0.00065130325353429,0.020846936171689
1396.60160327544,-0.00078991957401837,0.000462463012026475,-9.79516261978126e-05,-0.0140236148037674,-6.98774638350894e-06,-0.000959953265677079,-0.000642388644580014,0.0207036930364551
1406.2872426727,-0.000779580447520877,0.000461573362954922,-9.69919662461051e-05,-0.0139254645991668,-6.91465237224952e-06,-0.000953248097079591,-0.000633595722706459,0.0205614296536849
1416.04005341668,-0.000769370125368755,0.000460645606691236,-9.60354706704556e-05,-0.0138280202680977,-6.84196812781006e-06,-0.000946590898670065,-0.000624922835288271,0.0204201394117507
1425.86050135065,-0.000759287172921842,0.000459680821212039,-9.50823500533284e-05,-0.0137312764072579,-6.7697030921181e-06,-0.000939981307573678,-0.000616368351935278,0.0202798157418777
1435.74905554856,-0.000749330167070481,0.000458680063228921,-9.41328058817989e-05,-0.013635227659435,-6.69786620940094e-06,-0.000933418963948798,-0.000607930664198272,0.0201404521179014
1445.70618833745,-0.00073949769626501,0.000457644368531082,-9.31870308146027e-05,-0.0135398687130751,-6.62646594145601e-06,-0.000926903510959149,-0.000599608185278543,0.0200020420560239
1455.73237532004,-0.000729788360541061,0.000456574752324121,-9.22452089426301e-05,-0.0134451943018541,-6.55551028254021e-06,-0.000920434594746218,-0.000591399349741193,0.0198645791145723
1465.8280953974,-0.000720200771540642,0.000455472209564955,-9.1307516042985e-05,-0.0133511992042534,-6.48500677388487e-06,-0.000914011864401863,-0.000583302613232103,0.0197280568937573
1475.99383079187,-0.000710733552529259,0.000454337715292869,-9.03741198267526e-05,-0.013257878243138,-6.4149625178452e-06,-0.000907634971941156,-0.000575316452198582,0.0195924690354324
1486.23006707006,-0.000701385338409073,0.000453172224956688,-8.94451801805993e-05,-0.0131652262853384,-6.34538419169094e-06,-0.000901303572275427,-0.000567439363613587,0.0194578092228543
1496.53729316606,-0.000692154775728307,0.000451976674738069,-8.85208494023392e-05,-0.0130732382412366,-6.2762780610467e-06,-0.000895017323185561,-0.00055966986470354,0.0193240711804436
1506.9160014048,-0.000683040522686925,0.000450751981870912,-8.76012724305898e-05,-0.0129819090643541,-6.20764999298848e-06,-0.000888775885295474,-0.000552006492679612,0.0191912486735468
1517.36668752555,-0.000674041249138783,0.000449499044956893,-8.66865870686488e-05,-0.0128912337509447,-6.13950546880486e-06,-0.000882578922045856,-0.000544447804472523,0.0190593355081987
1527.88985070559,-0.000665155636590273,0.000448218744277111,-8.5776924202705e-05,-0.0128012073395901,-6.07184959642878e-06,-0.000876426099668096,-0.000536992376470736,0.0189283255308855
1538.4859935841,-0.000656382378195648,0.000446911942099878,-8.48724080145174e-05,-0.0127118249107991,-6.00468712254822e-06,-0.000870317087158466,-0.000529638804262058,0.0187982126283095
1549.15562228612,-0.00064772017874905,0.000445579482984627,-8.39731561886691e-05,-0.0126230815866101,-5.93802244440185e-06,-0.000864251556252492,-0.000522385702378567,0.0186689907271533
1559.89924644673,-0.000639167754673437,0.000444222194081978,-8.30792801145242e-05,-0.0125349725301976,-5.87185962126717e-06,-0.000858229181399586,-0.000515231704044858,0.0185406537938464
1570.71737923542,-0.000630723834006408,0.00044284088542994,-8.21908850829945e-05,-0.0124474929454814,-5.80620238564734e-06,-0.000852249639737864,-0.000508175460929532,0.0184131958343313
1581.61053738059,-0.000622387156383123,0.000441436350246295,-8.13080704782353e-05,-0.01236063807674,-5.74105415416402e-06,-0.000846312611069217,-0.000501215642899922,0.0182866108938312
1592.57924119422,-0.00061415647301633,0.000440009365217142,-8.0430929964379e-05,-0.0122744032082269,-5.67641803816197e-06,-0.00084041777783458,-0.000494350937779981,0.0181608930566182
1603.62401459674,-0.000606030546673669,0.000438560690781643,-7.95595516674196e-05,-0.0121887836637911,-5.61229685403263e-06,-0.000834564825089444,-0.000487580051111333,0.0180360364457828
1614.74538514202,-0.00059800815165227,0.000437091071412975,-7.86940183523484e-05,-0.0121037748064998,-5.54869313326215e-06,-0.000828753440479573,-0.0004809017059174,0.0179120352230036
1625.94388404263,-0.000590088073750818,0.000435601235895498,-7.78344075956572e-05,-0.0120193720382664,-5.4856091322111e-06,-0.000822983314216954,-0.000474314642470614,0.0177888835883187
1637.22004619516,-0.000582269110239097,0.000434091897598174,-7.69807919533036e-05,-0.0119355707994801,-5.42304684163074e-06,-0.00081725413905596,-0.000467817618062636,0.0176665757798969
1648.57441020578,-0.000574550069825165,0.000432563754744248,-7.61332391242468e-05,-0.01185236656864,-5.36100799592294e-06,-0.000811565610269739,-0.000461409406777578,0.0175451060738113
1660.00751841599,-0.000566929772620193,0.000431017490677196,-7.52918121096512e-05,-0.0117697548619926,-5.29949408214894e-06,-0.000805917425626813,-0.000455088799268158,0.017424468783812
1671.51991692849,-0.000559407050101102,0.000429453774123002,-7.44565693678579e-05,-0.0116877312331724,-5.23850634879293e-06,-0.000800309285367914,-0.000448854602534786,0.0173046582611013
1683.11215563331,-0.000551980745071026,0.000427873259448734,-7.3627564965219e-05,-0.0116062912728463,-5.17804581428615e-06,-0.000794740892183008,-0.000442705639707501,0.0171856688941091
1694.78478823403,-0.000544649711617743,0.000426276586917492,-7.28048487228919e-05,-0.0115254306083606,-5.11811327529697e-06,-0.000789211951188575,-0.000436640749830782,0.0170674951082687
1706.53837227424,-0.000537412815070086,0.000424664382939715,-7.19884663596843e-05,-0.0114451449033925,-5.0587093147925e-06,-0.000783722169905066,-0.000430658787651128,0.0169501313657948
1718.37346916419,-0.000530268931952478,0.000423037260320897,-7.1178459631045e-05,-0.0113654298576044,-4.99983430987702e-06,-0.000778271258234604,-0.000424758623407438,0.0168335721654613
1730.2906442076,-0.000523216949937604,0.000421395818505723,-7.03748664642844e-05,-0.0112862812063014,-4.94148843941238e-06,-0.000772858928438881,-0.0004189391426241,0.0167178120423803
1742.29046662864,-0.000516255767797349,0.000419740643818659,-6.95777210901198e-05,-0.0112076947200924,-4.88367169142582e-06,-0.000767484895117283,-0.000413199245906808,0.0166028455677826
1754.37350959913,-0.000509384295352029,0.000418072309701023,-6.87870541706251e-05,-0.0111296662045547,-4.82638387030988e-06,-0.000762148875185212,-0.000407537848741015,0.0164886673487982
1766.54035026596,-0.000502601453418008,0.000416391376944564,-6.80028929236739e-05,-0.0110521914999016,-4.76962460381956e-06,-0.000756850587852626,-0.000401953881293041,0.0163752720282387
1778.79156977856,-0.000495906173753785,0.000414698393921577,-6.72252612439588e-05,-0.0109752664806532,-4.71339334987168e-06,-0.000751589754602797,-0.000396446288213781,0.0162626542843799
1791.12775331676,-0.00048929739900456,0.000412993896811586,-6.64541798206634e-05,-0.010898887055311,-4.65768940315081e-06,-0.000746366099171258,-0.000391014028444963,0.0161508088307457
1803.54949011869,-0.00048277408264543,0.000411278409824621,-6.56896662518743e-05,-0.0108230491660356,-4.60251190152697e-06,-0.000741179347524978,-0.00038565607502796,0.0160397304158931
1816.05737350894,-0.000476335188923189,0.000409552445421127,-6.4931735155805e-05,-0.0107477487883269,-4.54785983228911e-06,-0.000736029227841719,-0.000380371414915087,0.0159294138231973
1828.65200092687,-0.000469979692796871,0.000407816504528527,-6.41803982789109e-05,-0.0106729819307087,-4.49373203819935e-06,-0.000730915470489629,-0.000375159048783395,0.0158198538706394
1841.33397395519,-0.000463706579877039,0.000406071076754474,-6.34356646009696e-05,-0.0105987446344156,-4.44012722337184e-06,-0.000725837808007004,-0.000370017990850871,0.015711045410593
1854.10389834867,-0.000457514846363924,0.000404316640596828,-6.26975404372025e-05,-0.0105250329730838,-4.38704395898122e-06,-0.000720795975082281,-0.00036494726869508,0.0156029833296139
1866.9623840631,-0.000451403498984428,0.000402553663650383,-6.19660295375043e-05,-0.0104518430524441,-4.33448068880404e-06,-0.000715789708534207,-0.000359945923074162,0.0154956625482285
1879.91004528435,-0.000445371554928096,0.000400782602810387,-6.1241133182857e-05,-0.0103791710100189,-4.28243573459805e-06,-0.000710818747292229,-0.000355013007750197,0.0153890780207256
1892.94750045783,-0.000439418041782063,0.000399003904472865,-6.05228502789929e-05,-0.0103070130148223,-4.23090730132282e-06,-0.000705882832377061,-0.00035014758931487,0.015283224734947
1906.0753723179,-0.000433541997465071,0.000397218004731817,-5.98111774473771e-05,-0.0102353652670624,-4.17989348220604e-06,-0.000700981706881467,-0.000345348747017443,0.0151780977120805
1919.29428791772,-0.000427742470160572,0.000395425329573279,-5.9106109113573e-05,-0.0101642239978479,-4.129392263659e-06,-0.000696115115951216,-0.000340615572594977,0.0150736920064532
1932.60487865912,-0.000422018518249006,0.000393626295066319,-5.84076375930594e-05,-0.0100935854688966,-4.07940153004545e-06,-0.000691282806766256,-0.00033594717010479,0.014970002705326
1946.00778032282,-0.000416369210239259,0.000391821307550975,-5.77157531745571e-05,-0.0100234459722478,-4.029919068307e-06,-0.000686484528522051,-0.000331342655759116,0.0148670249286891
1959.50363309877,-0.000410793624699399,0.000390010763823187,-5.70304442009338e-05,-0.00995380182997714,-3.98094257244936e-06,-0.000681720032411136,-0.000326801157761949,0.0147647538290583
1973.09308161673,-0.00040529085018668,0.000388195051316744,-5.63516971477409e-05,-0.0098846493939147,-3.93246964789226e-06,-0.000676989071604837,-0.000322321816148018,0.0146631845912725
1986.77677497706,-0.000399859985176922,0.000386374548282291,-5.56794966994482e-05,-0.00981598504536601,-3.88449781568709e-06,-0.000672291401235194,-0.000317903782623901,0.0145623124322922
2000.55536678172,-0.000394500137993246,0.000384549623963416,-5.50138258234294e-05,-0.00974780519483575,-3.83702451660523e-06,-0.000667626778377056,-0.000313546220411218,0.0144621326009984
2014.42951516552,-0.000389210426734273,0.000382720638769875,-5.43546658417594e-05,-0.00968010628175477,-3.79004711510082e-06,-0.000662994962030374,-0.000309248304091908,0.0143626403779937
2028.39988282751,-0.000383989979201758,0.000380887944447956,-5.37019965008745e-05,-0.0096128847742095,-3.74356290315061e-06,-0.00065839571310266,-0.00030500921945552,0.014263831075403
2042.46713706267,-0.000378837932827777,0.000379051884248051,-5.30557960391557e-05,-0.00954613716867465,-3.69756910397479e-06,-0.000653828794391645,-0.000300828163348554,0.0141657000366759
2056.63194979376,-0.00037375343460143,0.000377212793089443,-5.24160412524816e-05,-0.00947985998974839,-3.65206287564126e-06,-0.000649293970568092,-0.000296704343525756,0.0140682426363904
2070.89499760343,-0.000368735640995159,0.000375370997722362,-5.17827075578094e-05,-0.00941404978989058,-3.60704131455672e-06,-0.000644791008158812,-0.000292636978503406,0.0139714542800569
2085.25696176653,-0.000363783717890677,0.00037352681688733,-5.11557690548296e-05,-0.00934870314916352,-3.56250145884753e-06,-0.000640319675529834,-0.00028862529741452,0.0138753304039234
2099.71852828265,-0.000358896840504575,0.000371680561471837,-5.05351985857476e-05,-0.00928381667497574,-3.5184402916331e-06,-0.000635879742869765,-0.000284668539865987,0.013779866474782
2114.2803879089,-0.000354074193313612,0.000369832534664378,-4.99209677932387e-05,-0.00921938700182821,-3.47485474419468e-06,-0.000631470982173307,-0.000280765955797576,0.013685057989776
2128.94323619287,-0.000349314969979749,0.000367983032105895,-4.93130471766259e-05,-0.00915541079106351,-3.43174169904246e-06,-0.000627093167224961,-0.000276916805342825,0.0135909004762081
2143.7077735059,-0.000344618373274937,0.000366132342038642,-4.87114061463231e-05,-0.00909188473061738,-3.38909799288338e-06,-0.000622746073582882,-0.000273120358691759,0.0134973894913497
2158.57470507649,-0.000339983615005715,0.000364280745452518,-4.81160130765962e-05,-0.00902880553477326,-3.34692041949276e-06,-0.000618429478562925,-0.000269375895955433,0.0134045206222513
2173.54474102402,-0.000335409915937614,0.000362428516228899,-4.75268353566769e-05,-0.00896616994391908,-3.30520573249174e-06,-0.000614143161222823,-0.000265682707032261,0.0133122894855533
2188.61859639264,-0.000330896505719447,0.000360575921282007,-4.69438394402819e-05,-0.00890397472430697,-3.26395064803361e-06,-0.000609886902346571,-0.000262040091476127,0.0132206917272983
2203.79699118545,-0.000326442622807452,0.000358723220697836,-4.63669908935715e-05,-0.00884221666781522,-3.22315184740101e-06,-0.000605660484428929,-0.000258447358366234,0.0131297230227444
2219.08065039887,-0.00032204751438938,0.000356870667870688,-4.57962544415966e-05,-0.00878089259171309,-3.18280597951694e-06,-0.000601463691660124,-0.000254903826178687,0.0130393790761793
2234.47030405729,-0.000317710436308494,0.000355018509637332,-4.52315940132674e-05,-0.00871999933842784,-3.14290966337125e-06,-0.000597296309910681,-0.000251408822659771,0.0129496556207353
2249.9666872479,-0.000313430652987562,0.000353166986408839,-4.46729727848887e-05,-0.00865953377531451,-3.10345949036559e-06,-0.000593158126716436,-0.000247961684700924,0.0128605484182055
2265.57054015586,-0.000309207437352819,0.0003513163323001,-4.41203532222964e-05,-0.00859949279442791,-3.06445202657856e-06,-0.000589048931263682,-0.00024456175821535,0.0127720532588608
2281.28260809959,-0.000305040070757965,0.000349466775257094,-4.35736971216358e-05,-0.00853987331229726,-3.02588381495346e-06,-0.000584968514374494,-0.000241208398016296,0.0126841659612679
2297.10364156645,-0.000300927842908182,0.000347618537181905,-4.30329656488158e-05,-0.00848067226970307,-2.98775137741077e-06,-0.000580916668492178,-0.000237900967696918,0.0125968823721085
2313.0343962485,-0.000296870051784238,0.000345771834055538,-4.24981193776767e-05,-0.00842188663145657,-2.95005121688738e-06,-0.000576893187666905,-0.000234638839511775,0.0125101983659993
2329.07563307866,-0.000292866003566649,0.000343926876058564,-4.19691183269049e-05,-0.0083635133861813,-2.9127798193046e-06,-0.00057289786754146,-0.000231421394259864,0.0124241098453128
2345.22811826701,-0.000288915012559972,0.000342083867689625,-4.14459219957316e-05,-0.00830554954609723,-2.87593365546704e-06,-0.000568930505337164,-0.000228248021169247,0.0123386127399993
2361.49262333744,-0.000285016401117202,0.000340243007881823,-4.09284893984433e-05,-0.00824799214680702,-2.83950918289409e-06,-0.000564990899839933,-0.00022511811778318,0.0122537030074099
2377.86992516445,-0.000281169499564335,0.000338404490117039,-4.04167790977439e-05,-0.00819083824708471,-2.80350284758613e-06,-0.000561078851386483,-0.000222031089847784,0.0121693766321204
2394.36080601029,-0.000277373646125075,0.000336568502538193,-3.99107492369924e-05,-0.00813408492866652,-2.76791108572709e-06,-0.000557194161850671,-0.000218986351201195,0.0120856296257558
2410.96605356231,-0.000273628186845746,0.000334735228059505,-3.94103575713545e-05,-0.00807772929604405,-2.73273032532532e-06,-0.000553336634629997,-0.000215983323664198,0.0120024580268167
2427.6864609706,-0.000269932475520381,0.000332904844474746,-3.89155614978918e-05,-0.00802176847625948,-2.6979569877944e-06,-0.00054950607463222,-0.000213021436932317,0.0119198579005056
2444.52282688584,-0.000266285873616054,0.000331077524563551,-3.84263180846232e-05,-0.0079661996187032,-2.66358748947574e-06,-0.000545702288262141,-0.000210100128469343,0.0118378253385549
2461.4759554975,-0.000262687750198419,0.000329253436195797,-3.7942584098583e-05,-0.00791101989491335,-2.62961824310438e-06,-0.000541925083408493,-0.000207218843402283,0.0117563564590555
2478.54665657221,-0.000259137481857521,0.000327432742434086,-3.74643160329073e-05,-0.00785622649837768,-2.59604565921998e-06,-0.000538174269430993,-0.000204377034417706,0.0116754474062861
2495.73574549243,-0.000255634452633858,0.000325615601634358,-3.69914701329739e-05,-0.00780181664433748,-2.56286614752429e-06,-0.000534449657147518,-0.000201574161659482,0.0115950943505447
2513.04404329547,-0.000252178053944726,0.000323802167544664,-3.65240024216222e-05,-0.00774778756959348,-2.53007611818663e-06,-0.000530751058821402,-0.000198809692627872,0.011515293487979
2530.47237671259,-0.000248767684510855,0.000321992589402136,-3.60618687234809e-05,-0.00769413653231401,-2.49767198309926e-06,-0.000527078288148889,-0.000196083102079981,0.01143604104042
2548.02157820863,-0.00024540275028335,0.000320187012028164,-3.56050246884265e-05,-0.007640860811845,-2.46565015708355e-06,-0.00052343116024669,-0.000193393871931523,0.0113573332552144
2565.69248602162,-0.000242082664370956,0.000318385575921828,-3.51534258142e-05,-0.0075879577085222,-2.43400705904889e-06,-0.000519809491639689,-0.00019074149115992,0.0112791664050601
2583.48594420295,-0.000238806846967643,0.000316588417351594,-3.47070274682022e-05,-0.00753542454348516,-2.40273911310534e-06,-0.000516213100248761,-0.000188125455708672,0.0112015367878404
2601.4028026576,-0.000235574725280544,0.000314795668445327,-3.42657849084956e-05,-0.00748325865849345,-2.37184274963173e-06,-0.000512641805378724,-0.000185545268393032,0.0111244407264611
2619.4439171848,-0.000232385733458233,0.000313007457278611,-3.38296533040313e-05,-0.00743145741574454,-2.34131440630019e-06,-0.000509095427706409,-0.000183000438806913,0.0110478745686873
2637.61014951883,-0.000229239312519384,0.000311223907961446,-3.33985877541273e-05,-0.00738001819769387,-2.31115052905868e-06,-0.000505573789268862,-0.000180490483231072,0.0109718346869817
2655.90236737027,-0.000226134910281782,0.000309445140723308,-3.29725433072161e-05,-0.00732893840687663,-2.28134757307258e-06,-0.000502076713451653,-0.000178014924542494,0.0108963174783436
2674.32144446737,-0.00022307198129174,0.000307671271996631,-3.25514749788859e-05,-0.00727821546573156,-2.25190200362673e-06,-0.00049860402497732,-0.000175573292125012,0.0108213193641488
2692.86826059784,-0.000220049986753886,0.000305902414498711,-3.21353377692339e-05,-0.00722784681642643,-2.22281029698889e-06,-0.000495155549893916,-0.000173165121781104,0.0107468367899908
2711.54370165082,-0.000217068394461372,0.000304138677312082,-3.1724086679554e-05,-0.00717782992068564,-2.19406894123615e-06,-0.000491731115563691,-0.000170789955644892,0.0106728662255223
2730.34865965925,-0.000214126678726471,0.000302380165963364,-3.13176767283753e-05,-0.00712816225961929,-2.16567443704487e-06,-0.000488330550651867,-0.000168447342096289,0.0105994041642981
2749.28403284242,-0.000211224320311611,0.000300626982500633,-3.0916062966874e-05,-0.00707884133355437,-2.13762329844591e-06,-0.000484953685115554,-0.000166136835676307,0.0105264471236189
2768.35072564895,-0.000208360806360816,0.000298879225569313,-3.05192004936745e-05,-0.00702986466186746,-2.10991205354557e-06,-0.000481600350192754,-0.000163857997003494,0.0104539916443756
2787.54964879989,-0.000205535630331595,0.000297136990486637,-3.01270444690597e-05,-0.00698122978281939,-2.08253724521387e-06,-0.000478270378391494,-0.000161610392691502,0.0103820342908951
2806.88171933232,-0.000202748291927251,0.000295400369314686,-2.97395501286072e-05,-0.00693293425339144,-2.05549543174071e-06,-0.000474963603479059,-0.000159393595267746,0.0103105716507863
2826.34786064308,-0.000199998297029648,0.000293669450932035,-2.93566727962688e-05,-0.00688497564912345,-2.02878318746121e-06,-0.000471679860471345,-0.000157207183093168,0.0102396003347881
2845.94900253294,-0.000197285157632423,0.000291944321104029,-2.89783678969093e-05,-0.00683735156395343,-2.00239710335103e-06,-0.000468418985622304,-0.000155050740283068,0.0101691169766166
2865.68608125093,-0.000194608391774654,0.000290225062551715,-2.86045909683231e-05,-0.00679005961005902,-1.97633378759278e-06,-0.000465180816413515,-0.000152923856629008,0.0100991182328151
2885.56003953913,-0.000191967523474982,0.000288511755019445,-2.82352976727409e-05,-0.00674309741770039,-1.95058986611409e-06,-0.000461965191543839,-0.000150826127521751,0.0100296007826038
2905.57182667768,-0.000189362082666217,0.000286804475341182,-2.78704438078467e-05,-0.00669646263506504,-1.92516198309873e-06,-0.000458771950919202,-0.000148757153875255,0.00996056132773025
2925.72239853012,-0.000186791605130388,0.000285103297505524,-2.75099853173143e-05,-0.00665015292811391,-1.90004680147116e-06,-0.000455600935642459,-0.000146716542051662,0.00989199659232182
2946.01271758903,-0.00018425563243429,0.000283408292719473,-2.71538783008837e-05,-0.00660416598042936,-1.87524100335569e-06,-0.000452451988003373,-0.000144703903787324,0.00982390332273791
2966.44375302203,-0.000181753711865493,0.000281719529470964,-2.68020790239871e-05,-0.0065584994930645,-1.85074129051081e-06,-0.000449324951468689,-0.000142718856119798,0.00975627828742351
2987.01648071805,-0.000179285396368845,0.000280037073590187,-2.64545439269423e-05,-0.00651315118439428,-1.82654438473982e-06,-0.000446219670672312,-0.000140761021315842,0.00968911827676378
3007.73188333398,-0.000176850244483449,0.000278360988309706,-2.61112296337221e-05,-0.00646811878996786,-1.80264702827808e-06,-0.000443135991405577,-0.000138830026800367,0.00962242010293914
3028.59095034155,-0.000174447820280135,0.000276691334323415,-2.57720929603189e-05,-0.00642340006236279,-1.77904598415811e-06,-0.000440073760607624,-0.000136925505086353,0.00955618059978159
3049.59467807464,-0.000172077693299417,0.000275028169844334,-2.54370909227115e-05,-0.00637899277104044,-1.75573803655287e-06,-0.000437032826355856,-0.000135047093705699,0.00949039662263154
3070.74406977686,-0.000169739438489952,0.000273371550661281,-2.51061807444505e-05,-0.00633489470220308,-1.73271999109825e-06,-0.00043401303785651,-0.000133194435141018,0.00942506504819589
3092.04013564946,-0.000167432636147481,0.000271721530194419,-2.47793198638722e-05,-0.00629110365865228,-1.70998867519521e-06,-0.000431014245435304,-0.000131367176758334,0.00936018277440656
3113.48389289956,-0.000165156871854279,0.000270078159549726,-2.4456465940955e-05,-0.00624761745964895,-1.68754093829247e-06,-0.00042803630052819,-0.000129564970740699,0.00929574672028028
3135.07636578881,-0.000162911736419098,0.000268441487572379,-2.41375768638253e-05,-0.00620443394077453,-1.66537365215014e-06,-0.000425079055672189,-0.000127787474022695,0.00923175382577884
3156.8185856822,-0.000160696825817612,0.000266811560899091,-2.38226107549311e-05,-0.00616155095379391,-1.64348371108527e-06,-0.000422142364496322,-0.000126034348225823,0.00916820105167054
3178.71159109747,-0.000158511741133362,0.000265188424009407,-2.3511525976886e-05,-0.00611896636651945,-1.62186803219952e-06,-0.000419226081712627,-0.000124305259594764,0.00910508537939221
3200.75642775457,-0.000156356088499208,0.00026357211927599,-2.32042811380018e-05,-0.00607667806267663,-1.60052355559006e-06,-0.00041633006310727,-0.000122599878934495,0.00904240381091228
3222.9541486257,-0.000154229479039278,0.000261962687013897,-2.29008350975129e-05,-0.0060346839417708,-1.57944724454368e-06,-0.000413454165531734,-0.000120917881548255,0.0089801533685945
3245.30581398558,-0.000152131528811428,0.000260360165528885,-2.26011469705091e-05,-0.00599298191895557,-1.55863608571531e-06,-0.000410598246894106,-0.000119258947176348,0.00891833109506269
3267.81249146208,-0.000150061858750203,0.000258764591164744,-2.23051761325808e-05,-0.00595156992490223,-1.53808708929095e-06,-0.000407762166150432,-0.000117622759935773,0.00885693405306608
3290.47525608724,-0.000148020094610304,0.000257175998349692,-2.201288222419e-05,-0.00591044590567073,-1.51779728913601e-06,-0.000404945783296182,-0.000116009008260666,0.00879595932534578
3313.29519034861,-0.000146005866910559,0.000255594419641833,-2.17242251547733e-05,-0.00586960782258177,-1.49776374292912e-06,-0.000402148959357768,-0.000114417384843542,0.00873540401450174
3336.27338424092,-0.000144018810878404,0.00025401988577371,-2.14391651065894e-05,-0.00582905365209033,-1.4779835322824e-06,-0.000399371556384172,-0.000112847586577344,0.00867526524286082
3359.41093531822,-0.000142058566394858,0.000252452425695952,-2.11576625383147e-05,-0.00578878138566026,-1.45845376284826e-06,-0.000396613437438633,-0.000111299314498257,0.00861554015234547
3382.70894874623,-0.00014012477794002,0.000250892066620054,-2.08796781884011e-05,-0.0057487890296404,-1.43917156441353e-06,-0.000393874466590433,-0.000109772273729305,0.00855622590434337
3406.16853735517,-0.000138217094539047,0.000249338834060282,-2.06051730781992e-05,-0.00570907460514162,-1.42013409098112e-06,-0.000391154508906744,-0.000108266173424707,0.00849731967957768
3429.7908216929,-0.000136335169708661,0.000247792751874737,-2.03341085148583e-05,-0.00566963614791539,-1.40133852083988e-06,-0.000388453430444573,-0.00010678072671499,0.00843881867797843
3453.57693007845,-0.000134478661404134,0.000246253842305584,-2.00664460940084e-05,-0.00563047170823325,-1.38278205662292e-06,-0.000385771098242767,-0.000105315650652829,0.00838072011855426
3477.5279986559,-0.000132647231966792,0.000244722126018465,-1.98021477022341e-05,-0.00559157935076772,-1.36446192535499e-06,-0.000383107380314106,-0.000103870666159635,0.00832302123926535
3501.64517144866,-0.000130840548072014,0.00024319762214111,-1.95411755193458e-05,-0.00555295715447428,-1.3463753784892e-06,-0.000380462145637468,-0.00010244549797286,0.00826571929689702
3525.92960041413,-0.000129058280677723,0.000241680348301155,-1.92834920204556e-05,-0.00551460321247447,-1.32851969193346e-06,-0.000377835264150067,-0.000101039874594008,0.0082088115669339
3550.38244549867,-0.000127300104973388,0.000240170320663201,-1.90290599778657e-05,-0.00547651563194025,-1.31089216606717e-06,-0.000375226606739769,-9.96535282373588e-05,0.00815229534343532
3575.00487469309,-0.00012556570032951,0.000238667553965098,-1.87778424627751e-05,-0.00543869253397935,-1.29349012574846e-06,-0.000372636045237477,-9.82861947793781e-05,0.008096167938911
3599.79806408833,-0.000123854750247612,0.000237172061553497,-1.8529802846811e-05,-0.00540113205352194,-1.27631092031228e-06,-0.000370063452409595,-9.69376137088163e-05,0.00804042668419793
3624.76319793175,-0.000122166942310714,0.000235683855418667,-1.8284904803392e-05,-0.00536383233920814,-1.25935192355978e-06,-0.000367508701950551,-9.5607528077479e-05,0.00798506892833773
3649.9014686836,-0.000120501968134308,0.000234202946228592,-1.80431123089287e-05,-0.00532679155327693,-1.24261053373936e-06,-0.000364971668475406,-9.42956844516686e-05,0.00793009203845496
3675.21407707406,-0.000118859523317812,0.000232729343362371,-1.78043896438667e-05,-0.00529000787145585,-1.22608417351957e-06,-0.000362452227512522,-9.3001832864277e-05,0.00787549339963608
3700.7022321605,-0.000117239307396522,0.000231263054942924,-1.75687013935805e-05,-0.00525347948285199,-1.20977028995438e-06,-0.000359950255496302,-9.1725726767533e-05,0.00782127041480928
3726.36715138533,-0.000115641023794039,0.000229804087869017,-1.733601244912e-05,-0.00521720458984388,-1.19366635444094e-06,-0.000357465629759999,-9.04671229863844e-05,0.00776742050462493
3752.21006063407,-0.000114064379775191,0.000228352447846634,-1.71062880078185e-05,-0.00518118140797459,-1.17776986267034e-06,-0.000354998228528593,-8.92257816725162e-05,0.00771394110733694
3778.23219429398,-0.00011250908639942,0.00022690813941968,-1.68794935737657e-05,-0.00514540816584562,-1.16207833457142e-06,-0.000352547930911732,-8.80014662589863e-05,0.00766082967868473
3804.43479531291,-0.000110974858474667,0.000225471166000063,-1.66555949581513e-05,-0.00510988310501208,-1.14658931424821e-06,-0.000350114616896742,-8.67939434154823e-05,0.00760808369177609
3830.81911525882,-0.000109461414511713,0.000224041529897129,-1.64345582794832e-05,-0.00507460447987865,-1.13130036991096e-06,-0.000347698167341698,-8.5602983004177e-05,0.00755570063697059
3857.3864143794,-0.00010796847667901,0.000222619232346498,-1.62163499636873e-05,-0.0050395705575967,-1.11620909380136e-06,-0.000345298463968565,-8.44283580361903e-05,0.00750367802176396
3884.13796166242,-0.000106495770757973,0.000221204273538286,-1.60009367440909e-05,-0.00500477961796224,-1.10131310211186e-06,-0.000342915389356396,-8.32698446286332e-05,0.00745201337067298
3911.07503489621,-0.000105043026098744,0.000219796652644738,-1.57882856612966e-05,-0.00497022995331503,-1.08661003489969e-06,-0.000340548826934602,-8.21272219622419e-05,0.00740070422512132
3938.19892073078,-0.000103609975576424,0.000218396367847276,-1.55783640629487e-05,-0.0049359198684384,-1.07209755599556e-06,-0.00033819866097627,-8.10002722395789e-05,0.00734974814332585
3965.51091473924,-0.000102196355547764,0.000217003416362982,-1.53711396033993e-05,-0.0049018476804603,-1.05777335290741e-06,-0.000335864776591563,-7.98887806438084e-05,0.007299142700184
3993.0123214797,-0.000100801905808319,0.00021561779447052,-1.51665802432751e-05,-0.00486801171875504,-1.0436351367194e-06,-0.000333547059721154,-7.87925352980233e-05,0.00724888548716147
4020.70445455755,-9.94263695500553e-05,0.000214239497535504,-1.49646542489514e-05,-0.00483441032484611,-1.02968064198637e-06,-0.00033124539712975,-7.7711327225131e-05,0.00719897411218102
4048.58863668828,-9.80694933194213e-05,0.000212868520035337,-1.47653301919352e-05,-0.00480104185230986,-1.01590762662402e-06,-0.000328959676399648,-7.66449503082776e-05,0.00714940619951161
4076.66619976054,-9.67310269758607e-05,0.000211504855583515,-1.45685769481634e-05,-0.00476790466668009,-1.00231387179493e-06,-0.000326689785924371,-7.5593201251814e-05,0.00710017938965865
4104.93848489989,-9.54107236507774e-05,0.000210148496953417,-1.43743636972169e-05,-0.0047349971453535,-9.88897181790692e-07,-0.000324435614902347,-7.45558795427876e-05,0.00705129133925454
4133.40684253274,-9.41083397069498e-05,0.000208799436101585,-1.41826599214575e-05,-0.00470231767749613,-9.75655383910391e-07,-0.000322197053330656,-7.35327874129602e-05,0.00700273972095024
4162.07263245095,-9.2823634698381e-05,0.000207457664190508,-1.39934354050873e-05,-0.00466986466395051,-9.62586328335488e-07,-0.000319973991998824,-7.25237298013384e-05,0.00695452222330732
4190.93722387671,-9.1556371330596e-05,0.000206123171610921,-1.38066602331376e-05,-0.00463763651714385,-9.49687888001436e-07,-0.000317766322482686,-7.15285143172162e-05,0.00690663655069091
4220.00199552799,-9.03063154213675e-05,0.000204795948003615,-1.36223047903871e-05,-0.0046056316609969,-9.36957958466082e-07,-0.000315573937138287,-7.05469512037154e-05,0.00685908042316305
4249.26833568435,-8.90732358618824e-05,0.000203475982280789,-1.34403397602158e-05,-0.00457384853083385,-9.24394457775138e-07,-0.000313396729095858,-6.95788533018258e-05,0.00681185157637706
4278.73764225332,-8.78569045783319e-05,0.000202163262646936,-1.32607361233947e-05,-0.00454228557329288,-9.11995326324799e-07,-0.000311234592253828,-6.86240360149292e-05,0.0067649477614723
4308.41132283705,-8.66570964939348e-05,0.000200857776619281,-1.3083465156816e-05,-0.00451094124623768,-8.99758526721728e-07,-0.000309087421272903,-6.76823172738096e-05,0.00671836674496986
4338.2907947997,-8.54735894913771e-05,0.000199559511047768,-1.29084984321662e-05,-0.00447981401866964,-8.87682043640501e-07,-0.000306955111570187,-6.67535175021348e-05,0.00667210630866863
4368.37748533501,-8.43061643756801e-05,0.000198268452134627,-1.27358078145446e-05,-0.00444890237064102,-8.75763883678747e-07,-0.00030483755931337,-6.58374595824117e-05,0.00662616424954241
4398.67283153455,-8.31546048374778e-05,0.000196984585453503,-1.25653654610299e-05,-0.00441820479316873,-8.64002075210036e-07,-0.000302734661414947,-6.49339688223989e-05,0.0065805383796373
4429.17828045629,-8.20186974167147e-05,0.000195707895968178,-1.2397143819198e-05,-0.00438771978814906,-8.52394668234751e-07,-0.000300646315526512,-6.40428729219813e-05,0.0065352265259701
4459.89528919383,-8.08982314667489e-05,0.000194438368050874,-1.22311156255924e-05,-0.00435744586827304,-8.40939734228959e-07,-0.000298572420033083,-6.316400194049e-05,0.00649022653042706
4490.82532494586,-7.97929991188664e-05,0.000193175985500166,-1.20672539041508e-05,-0.00432738155694273,-8.29635365991555e-07,-0.000296512874047491,-6.22971882644712e-05,0.00644553624966358
4521.96986508636,-7.87027952471958e-05,0.000191920731558491,-1.19055319645895e-05,-0.00429752538818809,-8.18479677489677e-07,-0.000294467577404807,-6.14422665758894e-05,0.00640115355500429
4553.33039723509,-7.76274174340267e-05,0.000190672588929285,-1.17459234007479e-05,-0.00426787590658478,-8.07470803702599e-07,-0.000292436430656829,-6.0599073820766e-05,0.00635707633234401
4584.90841932869,-7.65666659355217e-05,0.000189431539793732,-1.15884020888956e-05,-0.00423843166717252,-7.96606900464168e-07,-0.000290419335066609,-5.97674491782418e-05,0.00631330248204914
4616.7054396922,-7.55203436478263e-05,0.000188197565827144,-1.14329421860038e-05,-0.00420919123537439,-7.85886144303948e-07,-0.000288416192603034,-5.89472340300636e-05,0.00626982991885994
4648.72297711114,-7.44882560735642e-05,0.000186970648214986,-1.12795181279831e-05,-0.00418015318691666,-7.75306732287112e-07,-0.000286426905935451,-5.81382719304821e-05,0.00622665657179314
4680.96256090399,-7.34702112887245e-05,0.000185750767668537,-1.11281046278907e-05,-0.00415131610774947,-7.64866881853281e-07,-0.00028445137842834,-5.73404085765633e-05,0.00618378038404553
4713.42573099534,-7.24660199099284e-05,0.000184537904440206,-1.09786766741064e-05,-0.00412267859396814,-7.54564830654301e-07,-0.000282489514136032,-5.65534917789002e-05,0.00614119931289785
4746.11403798933,-7.14754950620795e-05,0.00018333203833851,-1.08312095284823e-05,-0.00409423925173527,-7.4439883639117e-07,-0.000280541217797478,-5.57773714327265e-05,0.00609891132961955
4779.02904324382,-7.04984523463867e-05,0.00018213314874271,-1.06856787244657e-05,-0.00406599669720342,-7.34367176650115e-07,-0.000278606394831054,-5.50118994894202e-05,0.00605691441937402
4812.17231894485,-6.95347098087662e-05,0.000180941214617126,-1.0542060065198e-05,-0.00403794955643859,-7.24468148737972e-07,-0.000276684951329426,-5.42569299283985e-05,0.0060152065811246
4845.54544818188,-6.85840879086069e-05,0.000179756214525127,-1.04003296215908e-05,-0.00401009646534429,-7.14700069516927e-07,-0.000274776794054441,-5.35123187293919e-05,0.00597378582754096
4879.1500250233,-6.76464094879077e-05,0.000178578126642807,-1.02604637303809e-05,-0.00398243606958632,-7.05061275238711e-07,-0.000272881830432073,-5.27779238450985e-05,0.00593265018490634
4912.98765459257,-6.67214997407764e-05,0.000177406928772353,-1.01224389921663e-05,-0.00395496702451825,-6.95550121378348e-07,-0.00027099996854742,-5.205360517421e-05,0.00589179769302529
4947.05995314498,-6.58091861832856e-05,0.000176242598355107,-9.98623226942336e-06,-0.00392768799510746,-6.86164982467485e-07,-0.00026913111713972,-5.13392245348031e-05,0.00585122640513197
4981.36854814472,-6.49092986236904e-05,0.000175085112484342,-9.85182068450822e-06,-0.00390059765586195,-6.76904251927444e-07,-0.00026727518559744,-5.0634645638097e-05,0.00581093438779917
5015.91507834275,-6.40216691329934e-05,0.000173934447917731,-9.71918161764237e-06,-0.00387369469075765,-6.67766341902021e-07,-0.000265432083953379,-4.99397340625642e-05,0.00577091972084778
5050.70119385496,-6.31461320158644e-05,0.00017279058108955,-9.58829270488479e-06,-0.00384697779316656,-6.58749683090129e-07,-0.000263601722879834,-4.92543572283981e-05,0.005731180497257
5085.72855624109,-6.22825237819023e-05,0.000171653488122584,-9.45913183609117e-06,-0.00382044566578525,-6.49852724578324e-07,-0.000261784013683793,-4.85783843723244e-05,0.00569171482307503
5120.998838584,-6.14306831172436e-05,0.000170523144839779,-9.33167715286227e-06,-0.00379409702056431,-6.41073933673328e-07,-0.000259978868302182,-4.79116865227596e-05,0.00565252081733045
5156.51372556965,-6.05904508565065e-05,0.000169399526775611,-9.20590704648148e-06,-0.00376793057863807,-6.32411795734537e-07,-0.000258186199297135,-4.72541364753043e-05,0.00561359661194401
5192.27491356752,-5.9761669955076e-05,0.0001682826091872,-9.08180015584426e-06,-0.00374194507025524,-6.23864814006668e-07,-0.000256405919851324,-4.66056087685743e-05,0.00557494035164129
5228.28411071172,-5.89441854617173e-05,0.000167172367065164,-8.95933536537875e-06,-0.0037161392347099,-6.15431509452502e-07,-0.000254637943763311,-4.5965979660357e-05,0.00553655019386558
5264.54303698245,-5.81378444915227e-05,0.000166068775144228,-8.83849180296051e-06,-0.00369051182027326,-6.07110420585866e-07,-0.000252882185442952,-4.53351271040971e-05,0.00549842430869164
5301.0534242883,-5.73424961991814e-05,0.000164971807913579,-8.71924883782063e-06,-0.0036650615841259,-5.98900103304836e-07,-0.00025113855990683,-4.47129307256985e-05,0.00546056087873985
5337.81701654885,-5.65579917525762e-05,0.000163881439626981,-8.60158607844994e-06,-0.00363978729229071,-5.90799130725278e-07,-0.000249406982773737,-4.40992718006469e-05,0.00542295809909102
5374.83556977805,-5.57841843066958e-05,0.000162797644312661,-8.48548337049854e-06,-0.00361468771956621,-5.82806093014706e-07,-0.000247687370260182,-4.349403323144e-05,0.00538561417720165
5412.11085216805,-5.50209289778677e-05,0.000161720395782953,-8.37092079467309e-06,-0.00358976164946068,-5.74919597226568e-07,-0.000245979639175946,-4.28970995253293e-05,0.00534852733281994
5449.64464417369,-5.42680828183008e-05,0.00016064966764372,-8.25787866463172e-06,-0.00356500787412665,-5.67138267134955e-07,-0.000244283706919667,-4.23083567723621e-05,0.00531169579790211
5487.43873859751,-5.35255047909412e-05,0.000159585433303557,-8.14633752487791e-06,-0.00354042519429607,-5.59460743069806e-07,-0.000242599491474471,-4.1727692623726e-05,0.00527511781652954
5525.49494067543,-5.2793055744632e-05,0.00015852766598277,-8.03627814865388e-06,-0.00351601241921601,-5.51885681752639e-07,-0.000240926911403629,-4.11549962703862e-05,0.00523879164482619
5563.81506816292,-5.20705983895795e-05,0.000157476338722149,-7.92768153583474e-06,-0.00349176836658486,-5.44411756132851e-07,-0.000239265885846258,-4.05901584220161e-05,0.0052027155508768
5602.40095142188,-5.13579972731173e-05,0.000156431424391522,-7.82052891082321e-06,-0.00346769186248908,-5.37037655224596e-07,-0.000237616334513051,-4.00330712862138e-05,0.00516688781464547
5641.254433508,-5.06551187557703e-05,0.000155392895698119,-7.714801720447e-06,-0.0034437817413406,-5.29762083944347e-07,-0.000235978177682051,-3.94836285480039e-05,0.0051313067278949
5680.37737025889,-4.99618309876101e-05,0.00015436072519472,-7.61048163185794e-06,-0.00342003684581453,-5.22583762949081e-07,-0.00023435133619445,-3.89417253496167e-05,0.00509597059410605
5719.77163038263,-4.92780038849047e-05,0.000153334885287623,-7.50755053043536e-06,-0.00339645602678762,-5.15501428475206e-07,-0.000232735731450432,-3.84072582705461e-05,0.00506087772839842
5759.43909554709,-4.86035091070525e-05,0.000152315348244405,-7.40599051769224e-06,-0.00337303814327708,-5.08513832178199e-07,-0.000231131285405039,-3.78801253078763e-05,0.00502602645745082
5799.38166046975,-4.79382200338051e-05,0.000151302086201504,-7.30578390918689e-06,-0.00334978206238,-5.01619740973019e-07,-0.000229537920564088,-3.73602258568808e-05,0.00499141511942272
5839.60123300829,-4.7282011742768e-05,0.000150295071171617,-7.206913232439e-06,-0.00332668665921321,-4.94817936875313e-07,-0.000227955559980101,-3.68474606918824e-05,0.00495704206387599
5880.09973425162,-4.66347609871838e-05,0.000149294275050914,-7.10936122485169e-06,-0.00330375081685375,-4.88107216843435e-07,-0.000226384127248285,-3.63417319473778e-05,0.00492290565169736
5920.87909861173,-4.59963461739876e-05,0.000148299669626077,-7.01311083163963e-06,-0.00328097342627966,-4.81486392621308e-07,-0.000224823546502535,-3.5842943099417e-05,0.0048890042550212
5961.94127391598,-4.53666473421389e-05,0.000147311226581168,-6.91814520376391e-06,-0.00325835338631148,-4.74954290582164e-07,-0.000223273742411476,-3.53509989472393e-05,0.00485533625715295
6003.28822150028,-4.47455461412189e-05,0.000146328917504323,-6.82444769587393e-06,-0.00323588960355404,-4.68509751573156e-07,-0.000221734640174531,-3.4865805595158e-05,0.00482190005249297
6044.92191630263,-4.41329258102994e-05,0.00014535271389429,-6.73200186425717e-06,-0.00321358099233888,-4.62151630760899e-07,-0.000220206165518028,-3.43872704346943e-05,0.00478869404646103
6086.84434695757,-4.35286711570709e-05,0.00014438258716679,-6.64079146479684e-06,-0.00319142647466704,-4.55878797477925e-07,-0.000218688244691331,-3.39153021269533e-05,0.00475571665542106
6129.05751589107,-4.29326685372357e-05,0.000143418508660736,-6.55080045093827e-06,-0.00316942498015239,-4.49690135070118e-07,-0.000217180804463008,-3.34498105852426e-05,0.00472296630660672
6171.56343941625,-4.23448058341556e-05,0.000142460449644283,-6.46201297166387e-06,-0.00314757544596539,-4.43584540745064e-07,-0.00021568377211703,-3.2990706957926e-05,0.00469044143804717
6214.36414782964,-4.17649724387576e-05,0.000141508381320737,-6.37441336947789e-06,-0.00312587681677734,-4.37560925421447e-07,-0.000214197075448995,-3.25379036115142e-05,0.00465814049849356
6257.46168550822,-4.11930592296898e-05,0.000140562274834302,-6.28798617840026e-06,-0.00310432804470507,-4.31618213579402e-07,-0.000212720642762389,-3.20913141139831e-05,0.00462606194734584
6300.85811100697,-4.06289585537282e-05,0.000139622101275696,-6.20271612197109e-06,-0.0030829280892561,-4.25755343111903e-07,-0.000211254402864874,-3.16508532183236e-05,0.00459420425458022
6344.55549715731,-4.00725642064287e-05,0.000138687831687611,-6.1185881112649e-06,-0.0030616759172742,-4.19971265177173e-07,-0.000209798285064607,-3.12164368463127e-05,0.00456256590067693
6388.55593116599,-3.95237714130251e-05,0.000137759437070047,-6.03558724291603e-06,-0.00304057050288549,-4.14264944052143e-07,-0.000208352219166585,-3.07879820725088e-05,0.0045311453765487
6432.86151471492,-3.89824768095656e-05,0.000136836888385494,-5.95369879715465e-06,-0.00301961082744486,-4.08635356986956e-07,-0.000206916135469025,-3.03654071084643e-05,0.00449994118346942
6477.47436406142,-3.84485784242901e-05,0.000135920156563993,-5.87290823585426e-06,-0.00299879587948295,-4.03081494060545e-07,-0.000205489964759768,-2.99486312871549e-05,0.0044689518330036
6522.39661013943,-3.79219756592412e-05,0.00013500921250806,-5.79320120059048e-06,-0.00297812465465344,-3.97602358037279e-07,-0.000204073638312715,-2.95375750476199e-05,0.00443817584693603
6567.63039866118,-3.74025692721096e-05,0.000134104027097482,-5.71456351071187e-06,-0.00295759615568087,-3.92196964224707e-07,-0.00020266708788429,-2.91321599198151e-05,0.00440761175720209
6613.17789021977,-3.68902613583084e-05,0.000133204571193993,-5.63698116142242e-06,-0.00293720939230881,-3.8686434033237e-07,-0.00020127024570993,-2.87323085096699e-05,0.00437725810581841
6659.0412603923,-3.63849553332768e-05,0.000132310815645815,-5.56044032187663e-06,-0.00291696338124852,-3.81603526331757e-07,-0.000199883044500607,-2.83379444843506e-05,0.00434711344481411
6705.22269984387,-3.58865559150062e-05,0.000131422731292096,-5.48492733328663e-06,-0.00289685714612791,-3.76413574317318e-07,-0.000198505417439368,-2.79489925577237e-05,0.00431717633616236
6751.7244144321,-3.53949691067921e-05,0.000130540288967216,-5.41042870704232e-06,-0.00287688971744108,-3.71293548368644e-07,-0.000197137298177918,-2.75653784760198e-05,0.00428744535171257
6798.54862531261,-3.4910102180202e-05,0.000129663459504984,-5.33693112284403e-06,-0.00285706013249806,-3.66242524413729e-07,-0.000195778620833217,-2.71870290036908e-05,0.00425791907312285
6845.69756904508,-3.44318636582636e-05,0.000128792213742723,-5.26442142684824e-06,-0.00283736743537516,-3.61259590093379e-07,-0.000194429319984103,-2.68138719094623e-05,0.00422859609179307
6893.17349769999,-3.39601632988665e-05,0.000127926522525247,-5.19288662982664e-06,-0.00281781067686558,-3.56343844626756e-07,-0.000193089330667958,-2.64458359525771e-05,0.00419947500879831
6940.97867896634,-3.3494912078375e-05,0.000127066356708721,-5.12231390533814e-06,-0.00279838891443042,-3.51494398678038e-07,-0.000191758588377376,-2.60828508692245e-05,0.00417055443482275
6989.11539625983,-3.30360221754531e-05,0.000126211687164428,-5.05269058791465e-06,-0.00277910121215019,-3.46710374224239e-07,-0.000190437029056882,-2.57248473591576e-05,0.00414183299009403
7037.58594883204,-3.2583406955094e-05,0.000125362484782423,-4.98400417126016e-06,-0.00275994664067659,-3.41990904424157e-07,-0.000189124589099654,-2.53717570724919e-05,0.004113309304318
7086.39265188015,-3.21369809528568e-05,0.000124518720475092,-4.91624230646374e-06,-0.00274092427718473,-3.37335133488481e-07,-0.00018782120534429,-2.50235125966852e-05,0.00408498201661403
7135.53783665763,-3.16966598593033e-05,0.00012368036518061,-4.84939280022612e-06,-0.00272203320532569,-3.32742216551018e-07,-0.000186526815071587,-2.46800474436952e-05,0.00405684977545054
7185.02385058548,-3.12623605046366e-05,0.000122847389866305,-4.78344361310031e-06,-0.00270327251517954,-3.28211319541106e-07,-0.00018524135600135,-2.43412960373132e-05,0.00402891123858126
7234.85305736446,-3.08340008435361e-05,0.000122019765531922,-4.71838285774608e-06,-0.00268464130320864,-3.23741619057135e-07,-0.00018396476628923,-2.40071937006701e-05,0.0040011650729816
7285.02783708791,-3.04114999401884e-05,0.000121197463212801,-4.65419879719871e-06,-0.00266613867221133,-3.19332302241251e-07,-0.000182696984523577,-2.36776766439147e-05,0.00397360995478572
7335.55058635552,-2.99947779535106e-05,0.00012038045398296,-4.59087984315154e-06,-0.00264776373127606,-3.14982566655183e-07,-0.000181437949722327,-2.33526819520585e-05,0.00394624456922382
7386.42371838768,-2.95837561225645e-05,0.000119568708958098,-4.52841455425306e-06,-0.00262951559573577,-3.10691620157241e-07,-0.000180187601329906,-2.30321475729891e-05,0.00391906761056002
7437.64966314091,-2.91783567521586e-05,0.000118762199298494,-4.46679163441803e-06,-0.0026113933871227,-3.06458680780438e-07,-0.000178945879214164,-2.27160123056453e-05,0.0038920777820305
7489.23086742376,-2.87785031986374e-05,0.000117960896211844,-4.40599993115306e-06,-0.00259339623312356,-3.02282976611786e-07,-0.000177712723663328,-2.24042157883561e-05,0.00386527379578221
7541.16979501382,-2.83841198558524e-05,0.000117164770956,-4.34602843389636e-06,-0.00257552326753499,-2.98163745672706e-07,-0.000176488075382982,-2.20966984873371e-05,0.00383865437281185
7593.46892677528,-2.79951321413168e-05,0.00011637379484163,-4.28686627237216e-06,-0.00255777363021946,-2.94100235800615e-07,-0.000175271875493068,-2.17934016853462e-05,0.00381221824290538
7646.13076077758,-2.76114664825378e-05,0.000115587939234807,-4.22850271495907e-06,-0.00254014646706142,-2.90091704531617e-07,-0.000174064065524909,-2.14942674704927e-05,0.00378596414457787
7699.15781241454,-2.72330503035279e-05,0.000114807175559512,-4.17092716707351e-06,-0.00252264092992386,-2.86137418984368e-07,-0.000172864587418261,-2.11992387252015e-05,0.0037598908250138
7752.55261452471,-2.6859812011489e-05,0.000114031475300063,-4.11412916956701e-06,-0.0025052561766052,-2.82236655745052e-07,-0.000171673383518381,-2.09082591153262e-05,0.00373399704000767
7806.31771751215,-2.64916809836719e-05,0.000113260810003478,-4.0580983971383e-06,-0.00248799137079648,-2.78388700753492e-07,-0.000170490396573121,-2.06212730794127e-05,0.00370828155390516
7860.45568946846,-2.61285875544044e-05,0.000112495151281754,-4.00282465675975e-06,-0.00247084568203891,-2.74592849190404e-07,-0.000169315569730042,-2.03382258181091e-05,0.00368274313954456
7914.96911629522,-2.57704630022897e-05,0.000111734470814085,-3.94829788611839e-06,-0.00245381828568176,-2.70848405365758e-07,-0.000168148846533553,-2.00590632837207e-05,0.00365738057819867
7969.86060182773,-2.54172395375704e-05,0.000110978740349005,-3.89450815207114e-06,-0.00243690836284057,-2.6715468260827e-07,-0.000166990170922071,-1.97837321699073e-05,0.00363219265951701
8025.13276795918,-2.50688502896578e-05,0.000110227931706467,-3.84144564911482e-06,-0.00242011510035564,-2.6351100315601e-07,-0.000165839487225201,-1.95121799015229e-05,0.00360717818146857
8080.78825476607,-2.47252292948235e-05,0.000109482016779855,-3.78910069787029e-06,-0.00240343769075091,-2.59916698048112e-07,-0.000164696740160938,-1.92443546245928e-05,0.00358233595028475
8136.82972063413,-2.43863114840517e-05,0.000108740967537932,-3.73746374358124e-06,-0.00238687533219315,-2.56371107017611e-07,-0.000163561874832895,-1.89802051964289e-05,0.00355766478040286
8193.25984238548,-2.40520326710496e-05,0.000108004756026722,-3.68652535462711e-06,-0.00237042722845137,-2.52873578385355e-07,-0.000162434836727543,-1.87196811758801e-05,0.00353316349440991
8250.08131540631,-2.37223295404157e-05,0.000107273354371334,-3.6362762210507e-06,-0.0023540925888567,-2.49423468955045e-07,-0.000161315571711481,-1.84627328137162e-05,0.0035088309229868
8307.29685377578,-2.33971396359608e-05,0.000106546734777728,-3.58670715309971e-06,-0.00233787062826241,-2.46020143909334e-07,-0.00016020402602872,-1.8209311043143e-05,0.00348466590485287
8364.90919039556,-2.30764013491845e-05,0.000105824869534413,-3.53780907978296e-06,-0.0023217605670044,-2.42662976707044e-07,-0.000159100146297996,-1.79593674704476e-05,0.00346066728671091
8422.92107712043,-2.27600539078998e-05,0.0001051077310141,-3.48957304744045e-06,-0.00230576163086186,-2.39351348981431e-07,-0.00015800387951009,-1.77128543657719e-05,0.00343683392319239
8481.33528488963,-2.24480373650088e-05,0.000104395291675287,-3.44199021832802e-06,-0.00228987305101833,-2.36084650439559e-07,-0.000156915173025184,-1.7469724654012e-05,0.00341316467680321
8540.15460385936,-2.21402925874245e-05,0.000103687524063798,-3.39505186921581e-06,-0.00227409406402295,-2.32862278762709e-07,-0.000155833974570225,-1.72299319058425e-05,0.00338965841786972
8599.38184353586,-2.18367612451383e-05,0.00010298440081426,-3.34874939000108e-06,-0.00225842391175215,-2.29683639507876e-07,-0.000154760232236313,-1.69934303288635e-05,0.0033663140244852
8659.01983290984,-2.1537385800431e-05,0.000102285894651541,-3.30307428233487e-06,-0.0022428618413715,-2.26548146010305e-07,-0.000153693894476112,-1.67601747588687e-05,0.00334313038245656
8719.07142059136,-2.12421094972259e-05,0.00010159197839212,-3.25801815826281e-06,-0.00222740710529792,-2.23455219287085e-07,-0.000152634910101275,-1.65301206512337e-05,0.00332010638525156
8779.53947494611,-2.09508763505805e-05,0.00010090262494542,-3.21357273887971e-06,-0.00221205896116219,-2.20404287941782e-07,-0.000151583228279891,-1.63032240724212e-05,0.00329724093394626
8840.42688423224,-2.06636311363188e-05,0.000100217807315084,-3.16972985299817e-06,-0.00219681667177166,-2.17394788070112e-07,-0.000150538798533953,-1.60794416916034e-05,0.00327453293717293
8901.73655673848,-2.03803193807972e-05,9.95374986002125e-05,-3.12648143583078e-06,-0.00218167950507336,-2.14426163166633e-07,-0.000149501570736839,-1.58587307723985e-05,0.00325198131106822
8963.47142092288,-2.01008873508078e-05,9.88616719965423e-05,-3.08381952768629e-06,-0.00216664673411732,-2.11497864032477e-07,-0.000148471495110823,-1.5641049164721e-05,0.00322958497922176
9025.63442555289,-1.98252820436128e-05,9.81903007975903e-05,-3.04173627267916e-06,-0.00215171763702015,-2.08609348684074e-07,-0.000147448522224591,-1.54263552967426e-05,0.00320734287262503
9088.228539846,-1.95534511771118e-05,9.75233583957479e-05,-3.000223917453e-06,-0.00213689149692895,-2.05760082262909e-07,-0.000146432602990784,-1.52146081669646e-05,0.0031852539296207
9151.25675361174,-1.92853431801373e-05,9.68608182833319e-05,-2.9592748099172e-06,-0.00212216760198549,-2.02949536946255e-07,-0.000145423688663562,-1.50057673363972e-05,0.00316331709585214
9214.72207739435,-1.90209071828798e-05,9.62026540535957e-05,-2.91888139799729e-06,-0.0021075452452906,-2.00177191858919e-07,-0.000144421730836175,-1.47997929208475e-05,0.00314153132421345
9278.6275426167,-1.8760093007438e-05,9.55488394016955e-05,-2.8790362283984e-06,-0.00209302372486891,-1.97442532985965e-07,-0.000143426681438564,-1.4596645583312e-05,0.00311989557479967
9342.97620172496,-1.85028511584954e-05,9.489934812562e-05,-2.83973194538219e-06,-0.00207860234363378,-1.94745053086415e-07,-0.000142438492734976,-1.43962865264739e-05,0.0030984088148575
9407.77112833456,-1.82491328141184e-05,9.42541541270772e-05,-2.8009612895568e-06,-0.00206428040935256,-1.92084251607925e-07,-0.000141457117321591,-1.41986774853026e-05,0.00307707001873618
9473.0154173768,-1.79988898166777e-05,9.36132314123452e-05,-2.76271709668009e-06,-0.00205005723461205,-1.89459634602422e-07,-0.000140482508124174,-1.40037807197556e-05,0.00305587816783882
9538.71218524687,-1.77520746638889e-05,9.29765540930836e-05,-2.72499229647568e-06,-0.0020359321367843,-1.86870714642697e-07,-0.000139514618395743,-1.38115590075787e-05,0.00303483225057404
9604.86456995261,-1.7508640499972e-05,9.23440963871094e-05,-2.68777991146212e-06,-0.00202190443799257,-1.84317010739948e-07,-0.000138553401714252,-1.36219756372067e-05,0.00301393126230786
9671.47573126437,-1.72685411069285e-05,9.17158326191372e-05,-2.65107305579488e-06,-0.00200797346507762,-1.81798048262264e-07,-0.000137598811980292,-1.343499440076e-05,0.00299317420531609
9738.54885086602,-1.70317308959332e-05,9.10917372214826e-05,-2.61486493412091e-06,-0.00199413854956421,-1.79313358854035e-07,-0.000136650803414811,-1.32505795871374e-05,0.00297256008873682
9806.08713250685,-1.67981648988413e-05,9.04717847347347e-05,-2.57914884044614e-06,-0.00198039902762789,-1.76862480356299e-07,-0.00013570933055685,-1.30686959752044e-05,0.00295208792852344
9874.09380215466,-1.65677987598067e-05,8.98559498083914e-05,-2.54391815701531e-06,-0.00196675424006201,-1.74444956727994e-07,-0.000134774348261291,-1.28893088270733e-05,0.00293175674739784
9942.57210814976,-1.63405887270137e-05,8.92442072014664e-05,-2.5091663532045e-06,-0.00195320353224495,-1.72060337968129e-07,-0.000133845811696631,-1.27123838814767e-05,0.00291156557480397
10011.5253213603,-1.61164916445159e-05,8.86365317830602e-05,-2.47488698442586e-06,-0.00193974625410769,-1.69708180038852e-07,-0.000132923676342765,-1.2537887347231e-05,0.00289151344686176
10080.9567353381,-1.58954649441861e-05,8.80328985329044e-05,-2.4410736910448e-06,-0.00192638176010149,-1.67388044789411e-07,-0.000132007897988789,-1.23657858967899e-05,0.00287159940632131
10150.8696664767,-1.56774666377715e-05,8.74332825418722e-05,-2.40772019730919e-06,-0.00191310940916593,-1.65099499881002e-07,-0.000131098432730813,-1.21960466598859e-05,0.00285182250251736
10221.267454169,-1.54624553090553e-05,8.68376590124625e-05,-2.37482031029095e-06,-0.00189992856469711,-1.62842118712499e-07,-0.000130195236969805,-1.20286372172592e-05,0.00283218179132415
10292.1534609671,-1.52503901061221e-05,8.62460032592524e-05,-2.34236791883928e-06,-0.00188683859451613,-1.60615480347048e-07,-0.00012929826740943,-1.1863525594472e-05,0.00281267633511052
10363.5310727429,-1.5041230733727e-05,8.56582907093248e-05,-2.31035699254621e-06,-0.00187383887083779,-1.58419169439523e-07,-0.000128407481053924,-1.17006802558085e-05,0.00279330520269537
10435.4036988501,-1.48349374457659e-05,8.50744969026658e-05,-2.27878158072357e-06,-0.00186092877023949,-1.56252776164844e-07,-0.000127522835205971,-1.15400700982573e-05,0.00277406746930337
10507.7747722864,-1.46314710378458e-05,8.44945974925381e-05,-2.24763581139204e-06,-0.00184810767363045,-1.54115896147133e-07,-0.000126644287464602,-1.13816644455777e-05,0.00275496221652102
10580.647749858,-1.44307928399549e-05,8.39185682458257e-05,-2.21691389028153e-06,-0.00183537496622102,-1.52008130389714e-07,-0.000125771795723106,-1.12254330424452e-05,0.00273598853225294
10654.0261123446,-1.42328647092297e-05,8.33463850433562e-05,-2.18661009984327e-06,-0.00182273003749239,-1.4992908520594e-07,-0.000124905318166962,-1.107134604868e-05,0.00271714551067857
10727.9133646656,-1.40376490228191e-05,8.27780238801962e-05,-2.15671879827321e-06,-0.00181017228116633,-1.4787837215084e-07,-0.000124044813271776,-1.09193740335519e-05,0.00269843225220905
10802.3130360475,-1.38451086708437e-05,8.22134608659242e-05,-2.12723441854686e-06,-0.00179770109517535,-1.45855607953597e-07,-0.000123190239801245,-1.07694879701651e-05,0.00267984786344447
10877.2286801926,-1.36552070494484e-05,8.16526722248783e-05,-2.09815146746523e-06,-0.0017853158816329,-1.43860414450807e-07,-0.000122341556805124,-1.06216592299188e-05,0.00266139145713137
10952.6638754485,-1.34679080539491e-05,8.10956342963838e-05,-2.06946452471199e-06,-0.00177301604680395,-1.41892418520564e-07,-0.000121498723617221,-1.0475859577045e-05,0.00264306215212055
11028.6222249794,-1.32831760720694e-05,8.0542323534955e-05,-2.04116824192159e-06,-0.00176080100107564,-1.39951252017312e-07,-0.000120661699853394,-1.03320611632192e-05,0.00262485907332517
11105.1073569377,-1.31009759772695e-05,7.99927165104793e-05,-2.01325734175841e-06,-0.0017486701589283,-1.38036551707503e-07,-0.000119830445409571,-1.01902365222474e-05,0.00260678135167911
11182.1229246378,-1.29212731221624e-05,7.94467899083765e-05,-1.98572661700659e-06,-0.00173662293890649,-1.36147959206013e-07,-0.000119004920459779,-1.00503585648236e-05,0.00258882812409566
11259.6726067303,-1.27440333320195e-05,7.89045205297402e-05,-1.95857092967072e-06,-0.00172465876359048,-1.34285120913338e-07,-0.000118185085454195,-9.91240057336076e-06,0.00257099853342644
11337.7601073777,-1.25692228983628e-05,7.83658852914577e-05,-1.93178521008709e-06,-0.00171277705956773,-1.3244768795354e-07,-0.0001173709011172,-9.77633619689177e-06,0.00255329172842063
11416.3891564316,-1.23968085726428e-05,7.78308612263114e-05,-1.9053644560455e-06,-0.00170097725740474,-1.30635316112961e-07,-0.00011656232844546,-9.64213944604084e-06,0.0025357068636845
11495.5635096105,-1.22267575600005e-05,7.72994254830598e-05,-1.87930373192148e-06,-0.00168925879161899,-1.28847665779661e-07,-0.000115759328706008,-9.50978468806326e-06,0.00251824309964113
11575.2869486794,-1.20590375131143e-05,7.67715553265021e-05,-1.85359816781887e-06,-0.00167762110065116,-1.27084401883616e-07,-0.000114961863434353,-9.37924664195372e-06,0.00250089960249053
11655.5632816306,-1.1893616526128e-05,7.62472281375224e-05,-1.82824295872259e-06,-0.00166606362683752,-1.25345193837629e-07,-0.000114169894432588,-9.25050037362112e-06,0.00248367554416992
11736.3963428651,-1.17304631286608e-05,7.57264214131187e-05,-1.80323336366156e-06,-0.00165458581638253,-1.23629715478969e-07,-0.00011338338376753,-9.12352129113009e-06,0.00246657010231437
11817.7899933763,-1.15695462798977e-05,7.52091127664128e-05,-1.77856470488172e-06,-0.00164318711933164,-1.21937645011727e-07,-0.000112602293768853,-8.99828514000716e-06,0.00244958246021761
11899.7481209338,-1.14108353627594e-05,7.46952799266455e-05,-1.75423236702887e-06,-0.0016318669895443,-1.20268664949881e-07,-0.000111826587027252,-8.87476799861189e-06,0.00243271180679322
11982.2746402699,-1.12543001781492e-05,7.41849007391537e-05,-1.73023179634143e-06,-0.00162062488466712,-1.18622462061048e-07,-0.00011105622639261,-8.75294627357076e-06,0.00241595733653599
12065.3734932659,-1.10999109392787e-05,7.36779531653337e-05,-1.70655849985294e-06,-0.00160946026610731,-1.1699872731095e-07,-0.000110291174972185,-8.63279669527439e-06,0.00239931824948361
12149.0486491407,-1.09476382660688e-05,7.31744152825877e-05,-1.68320804460413e-06,-0.00159837259900621,-1.15397155808543e-07,-0.0001095313961288,-8.51429631343579e-06,0.00238279375117857
12233.3041046402,-1.07974531796261e-05,7.26742652842569e-05,-1.6601760568647e-06,-0.00158736135221315,-1.1381744675184e-07,-0.00010877685347906,-8.39742249271011e-06,0.00236638305263039
12318.1438842285,-1.06493270967932e-05,7.21774814795382e-05,-1.6374582213643e-06,-0.00157642599825931,-1.12259303374396e-07,-0.000108027510891569,-8.28215290837392e-06,0.00235008537027798
12403.5720402798,-1.0503231824773e-05,7.16840422933894e-05,-1.61505028053312e-06,-0.00156556601333197,-1.10722432892461e-07,-0.000107283332485171,-8.16846554206419e-06,0.00233389992595244
12489.5926532723,-1.03591395558244e-05,7.11939262664181e-05,-1.59294803375157e-06,-0.0015547808772488,-1.09206546452787e-07,-0.00010654428262719,-8.05633867757523e-06,0.00231782594683996
12576.2098319827,-1.02170228620301e-05,7.07071120547596e-05,-1.57114733660919e-06,-0.00154407007343245,-1.07711359081083e-07,-0.000105810325931702,-7.94575089671376e-06,0.00230186266544502
12663.427713683,-1.00768546901339e-05,7.02235784299402e-05,-1.54964410017263e-06,-0.00153343308888516,-1.06236589631112e-07,-0.000105081427257796,-7.8366810752102e-06,0.00228600931955387
12751.2504643373,-9.93860835644862e-06,6.97433042787297e-05,-1.52843429026256e-06,-0.00152286941416381,-1.04781960734432e-07,-0.000104357551707872,-7.72910837868673e-06,0.00227026515219827
12839.6822788018,-9.80225754183107e-06,6.92662686029791e-05,-1.50751392673949e-06,-0.00151237854335486,-1.03347198750746e-07,-0.000103638664625928,-7.62301225867988e-06,0.00225462941161936
12928.7273810244,-9.66777628672631e-06,6.87924505194504e-05,-1.48687908279843e-06,-0.0015019599740497,-1.01932033718895e-07,-0.00010292473159588,-7.51837244871836e-06,0.00223910135123197
13018.3900242466,-9.53513898627724e-06,6.83218292596304e-05,-1.46652588427209e-06,-0.00149161320732006,-1.00536199308448e-07,-0.000102215718439876,-7.41516896045405e-06,0.00222368022958899
13108.6744912069,-9.40432038550102e-06,6.78543841695377e-05,-1.44645050894289e-06,-0.00148133774769364,-9.91594327719084e-08,-0.00010151159121664,-7.31338207984656e-06,0.0022083653103461
13199.5850943454,-9.27529557452982e-06,6.73900947095151e-05,-1.42664918586325e-06,-0.0014711331031299,-9.78014748975172e-08,-0.00010081231621981,-7.21299236339968e-06,0.0021931558622267
13291.1261760091,-9.14803998391625e-06,6.6928940454015e-05,-1.40711819468451e-06,-0.00146099878499602,-9.64620699626535e-08,-0.0001001178599763,-7.1139806344498e-06,0.00217805115898709
13383.3021086605,-9.02252938000161e-06,6.64709010913713e-05,-1.38785386499402e-06,-0.00145093430804306,-9.51409656878165e-08,-9.94281892446726e-05,-7.01632797950485e-06,0.00216305047938183
13476.1172950852,-8.89873986034688e-06,6.60159564235642e-05,-1.36885257566055e-06,-0.00144093919038229,-9.38379131911944e-08,-9.87432710135169e-05,-6.92001574463378e-06,0.00214815310712948
13569.576168603,-8.77664784922537e-06,6.55640863659743e-05,-1.35011075418783e-06,-0.00143101295346164,-9.25526669438035e-08,-9.80630724998452e-05,-6.82502553190545e-06,0.00213335833087841
13663.6831932795,-8.65623009317582e-06,6.51152709471264e-05,-1.33162487607612e-06,-0.00142115512204237,-9.12849847251934e-08,-9.73875611474957e-05,-6.73133919587608e-06,0.00211866544417295
13758.4428641392,-8.53746365661598e-06,6.46694903084269e-05,-1.31339146419178e-06,-0.00141136522417593,-9.00346275797179e-08,-9.67167046255512e-05,-6.63893884012541e-06,0.00210407374541973
13853.8597073802,-8.42032591751496e-06,6.42267247038896e-05,-1.29540708814471e-06,-0.00140164279118088,-8.88013597733551e-08,-9.60504708267652e-05,-6.54780681383974e-06,0.00208958253785425
13949.9382805904,-8.30479456312437e-06,6.37869544998556e-05,-1.27766836367358e-06,-0.00139198735762013,-8.75849487510803e-08,-9.53888278660022e-05,-6.45792570844239e-06,0.00207519112950772
14046.6831729655,-8.19084758576677e-06,6.33501601747029e-05,-1.26017195203877e-06,-0.00138239846127819,-8.63851650947761e-08,-9.47317440786873e-05,-6.36927835426989e-06,0.00206089883317407
14144.0990055278,-8.07846327868133e-06,6.29163223185502e-05,-1.24291455942296e-06,-0.0013728756431387,-8.52017824816827e-08,-9.40791880192682e-05,-6.2818478172942e-06,0.00204670496637721
14242.190431347,-7.96762023192524e-06,6.24854216329508e-05,-1.2258929363392e-06,-0.00136341844736206,-8.40345776433733e-08,-9.34311284596867e-05,-6.19561739588939e-06,0.00203260885133853
14340.9621357626,-7.85829732833098e-06,6.20574389305814e-05,-1.20910387704646e-06,-0.00135402642126324,-8.28833303252567e-08,-9.27875343878629e-05,-6.11057061764322e-06,0.0020186098149446
14440.4188366077,-7.75047373951764e-06,6.16323551349216e-05,-1.19254421897257e-06,-0.00134469911528973,-8.17478232465925e-08,-9.21483750061885e-05,-6.02669123621187e-06,0.00200470718871509
14540.5652844341,-7.64412892195679e-06,6.12101512799287e-05,-1.17621084214442e-06,-0.00133543608299969,-8.06278420610229e-08,-9.15136197300326e-05,-5.94396322821831e-06,0.00199090030877095
14641.4062627396,-7.53924261309095e-06,6.07908085097036e-05,-1.16010066862535e-06,-0.00132623688104022,-7.9523175317603e-08,-9.08832381862558e-05,-5.86237079019281e-06,0.00197718851580274
14742.946588196,-7.43579482750506e-06,6.0374308078152e-05,-1.1442106619597e-06,-0.00131710106912579,-7.84336144223371e-08,-9.02572002117379e-05,-5.78189833555575e-06,0.00196357115503924
14845.1911108798,-7.33376585314933e-06,5.99606313486384e-05,-1.12853782662435e-06,-0.00130802821001684,-7.73589536002018e-08,-8.96354758519131e-05,-5.70253049164146e-06,0.00195004757621623
14948.1447145032,-7.23313624761356e-06,5.95497597936346e-05,-1.11307920748725e-06,-0.0012990178694985,-7.62989898576622e-08,-8.90180353593185e-05,-5.62425209676326e-06,0.00193661713354552
15051.8123166476,-7.13388683445145e-06,5.91416749943617e-05,-1.0978318892728e-06,-0.00129006961635955,-7.52535229456651e-08,-8.84048491921498e-05,-5.54704819731836e-06,0.00192327918568416
15156.1988689989,-7.03599869955521e-06,5.87363586404281e-05,-1.08279299603412e-06,-0.00128118302237137,-7.42223553231121e-08,-8.77958880128303e-05,-5.47090404493286e-06,0.00191003309570391
15261.3093575835,-6.9394531875786e-06,5.83337925294596e-05,-1.06795969063186e-06,-0.00127235766226723,-7.32052921207988e-08,-8.71911226865879e-05,-5.39580509364548e-06,0.00189687823106081
15367.1488030065,-6.84423189840906e-06,5.79339585667272e-05,-1.05332917421983e-06,-0.00126359311372157,-7.22021411058234e-08,-8.65905242800439e-05,-5.32173699713043e-06,0.00188381396356514
15473.7222606918,-6.75031668368705e-06,5.7536838764767e-05,-1.03889868573711e-06,-0.00125488895732954,-7.12127126464494e-08,-8.59940640598096e-05,-5.24868560595779e-06,0.00187083966935138
15581.0348211234,-6.657689643373e-06,5.71424152429982e-05,-1.02466550140665e-06,-0.00124624477658661,-7.02368196774272e-08,-8.5401713491096e-05,-5.17663696489203e-06,0.00185795472884853
15689.0916100885,-6.56633312236033e-06,5.67506702273336e-05,-1.01062693424029e-06,-0.00123766015786833,-6.92742776657581e-08,-8.481344423633e-05,-5.10557731022709e-06,0.00184515852675058
15797.8977889225,-6.47622970713486e-06,5.63615860497886e-05,-9.96780333550138e-07,-0.00122913469041035,-6.83249045769068e-08,-8.42292281537834e-05,-5.03549306715846e-06,0.00183245045198715
15907.4585547554,-6.38736222247896e-06,5.5975145148083e-05,-9.83123084466178e-07,-0.00122066796628837,-6.73885208414467e-08,-8.36490372962088e-05,-4.96637084719089e-06,0.0018198298976944
16017.7791407599,-6.2997137282209e-06,5.55913300652412e-05,-9.69652607460092e-07,-0.00121225958039847,-6.64649493221407e-08,-8.30728439094886e-05,-4.89819744558201e-06,0.00180729626118606
16128.8648164017,-6.21326751602775e-06,5.52101234491865e-05,-9.56366357875158e-07,-0.00120390913043736,-6.5554015281446e-08,-8.25006204312894e-05,-4.83095983882073e-06,0.00179484894392474
16240.720887691,-6.12800710624232e-06,5.48315080523336e-05,-9.43261825462252e-07,-0.00119561621688297,-6.46555463494436e-08,-8.19323394897304e-05,-4.76464518214049e-06,0.00178248735149339
16353.352697436,-6.04391624476243e-06,5.44554667311753e-05,-9.30336533921758e-07,-0.00118738044297499,-6.37693724921811e-08,-8.13679739020567e-05,-4.69924080706636e-06,0.00177021089356693
16466.765625498,-5.96097889996306e-06,5.40819824458678e-05,-9.17588040451437e-07,-0.00117920141469572,-6.28953259804314e-08,-8.08074966733268e-05,-4.63473421899604e-06,0.00175801898388416
16580.9650890484,-5.87917925965975e-06,5.37110382598113e-05,-9.0501393530006e-07,-0.00117107874075095,-6.20332413588522e-08,-8.02508809951045e-05,-4.57111309481378e-06,0.00174591104021976
16695.9565428276,-5.79850172811365e-06,5.33426173392283e-05,-8.92611841326869e-07,-0.00116301203255097,-6.11829554155534e-08,-7.96981002441643e-05,-4.50836528053734e-06,0.00173388648435657
16811.7454794054,-5.71893092307683e-06,5.29767029527378e-05,-8.8037941356666e-07,-0.00115500090419179,-6.03443071520546e-08,-7.9149127981203e-05,-4.44647878899688e-06,0.00172194474205799
16928.3374294433,-5.64045167287805e-06,5.26132784709285e-05,-8.68314338800569e-07,-0.00114704497243644,-5.95171377536408e-08,-7.86039379495621e-05,-4.38544179754601e-06,0.00171008524304065
17045.737961959,-5.56304901354773e-06,5.22523273659272e-05,-8.56414335132314e-07,-0.0011391438566964,-5.8701290560099e-08,-7.80625040739582e-05,-4.325242645804e-06,0.00169830742094716
17163.9526845917,-5.48670818598236e-06,5.18938332109662e-05,-8.4467715157002e-07,-0.00113129717901321,-5.78966110368423e-08,-7.75248004592236e-05,-4.26586983342914e-06,0.00168661071331915
17282.9872438709,-5.41141463314695e-06,5.15377796799471e-05,-8.33100567613399e-07,-0.00112350456404013,-5.71029467464067e-08,-7.69908013890539e-05,-4.20731201792246e-06,0.00167499456157042
17402.8473254854,-5.33715399731598e-06,5.11841505470033e-05,-8.21682392846318e-07,-0.00111576563902401,-5.63201473203253e-08,-7.64604813247668e-05,-4.14955801246184e-06,0.00166345841096035
17523.5386545551,-5.26391211735133e-06,5.08329296860592e-05,-8.10420466534633e-07,-0.00110808003378722,-5.55480644313655e-08,-7.59338149040673e-05,-4.09259678376549e-06,0.00165200171056738
17645.0669959044,-5.19167502601768e-06,5.04841010703887e-05,-7.99312657229291e-07,-0.00110044738070981,-5.47865517661356e-08,-7.54107769398238e-05,-4.03641744998509e-06,0.00164062391326283
17767.4381543379,-5.12042894733388e-06,5.01376487721697e-05,-7.88356862374533e-07,-0.00109286731471164,-5.40354649980448e-08,-7.48913424188509e-05,-3.98100927862755e-06,0.00162932447568471
17890.6579749169,-5.05016029396084e-06,4.97935569620395e-05,-7.77551007921261e-07,-0.0010853394732348,-5.3294661760623e-08,-7.43754865007023e-05,-3.92636168450551e-06,0.00161810285821188
18014.7323432395,-4.98085566462441e-06,4.94518099086455e-05,-7.66893047945376e-07,-0.00107786349622603,-5.25640016211853e-08,-7.38631845164712e-05,-3.87246422771572e-06,0.00160695852493829
18139.667185721,-4.91250184157377e-06,4.91123919781969e-05,-7.56380964271165e-07,-0.00107043902611935,-5.18433460548488e-08,-7.33544119676001e-05,-3.81930661164541e-06,0.00159589094364744
18265.4684698776,-4.84508578807393e-06,4.87752876340127e-05,-7.46012766099519e-07,-0.00106306570781875,-5.11325584188843e-08,-7.28491445246973e-05,-3.76687868100576e-06,0.00158489958578695
18392.1422046107,-4.77859464593274e-06,4.84404814360704e-05,-7.35786489641089e-07,-0.00105574318868104,-5.0431503927411e-08,-7.23473580263643e-05,-3.7151704198926e-06,0.00157398392644344
18519.6944404947,-4.71301573306112e-06,4.81079580405508e-05,-7.25700197754154e-07,-0.00104847111849881,-4.9740049626419e-08,-7.18490284780289e-05,-3.66417194987346e-06,0.00156314344431739
18648.1312700654,-4.6483365410669e-06,4.77777021993845e-05,-7.15751979587296e-07,-0.00104124914948351,-4.90580643691257e-08,-7.13541320507885e-05,-3.61387352810111e-06,0.00155237762169837
18777.4588281112,-4.58454473288097e-06,4.74496987597952e-05,-7.05939950226692e-07,-0.00103407693624867,-4.83854187916524e-08,-7.08626450802599e-05,-3.56426554545275e-06,0.0015416859444403
18907.6832919665,-4.52162814041603e-06,4.71239326638423e-05,-6.96262250348062e-07,-0.00102695413579315,-4.77219852890245e-08,-7.03745440654382e-05,-3.51533852469492e-06,0.00153106790193692
19038.810881806,-4.45957476225712e-06,4.68003889479637e-05,-6.8671704587317e-07,-0.00101988040748469,-4.70676379914878e-08,-6.98898056675643e-05,-3.46708311867352e-06,0.00152052298709749
19170.8478609426,-4.39837276138343e-06,4.6479052742516e-05,-6.77302527630805e-07,-0.00101285541304335,-4.64222527411351e-08,-6.94084067089982e-05,-3.41949010852855e-06,0.00151005069632253
19303.8005361258,-4.33801046292136e-06,4.61599092713161e-05,-6.68016911022251e-07,-0.00100587881652524,-4.57857070688451e-08,-6.89303241721029e-05,-3.3725504019336e-06,0.00149965052947986
19437.6752578439,-4.27847635192787e-06,4.58429438511795e-05,-6.58858435691097e-07,-0.000998950284306309,-4.51578801715225e-08,-6.84555351981337e-05,-3.32625503135918e-06,0.0014893219898807
19572.4784206263,-4.21975907120437e-06,4.55281418914608e-05,-6.49825365197452e-07,-0.00099206948506621,-4.4538652889642e-08,-6.79840170861376e-05,-3.28059515236019e-06,0.00147906458425603
19708.2164633496,-4.16184741913996e-06,4.52154888935914e-05,-6.40915986696366e-07,-0.000985236089772332,-4.39279076850865e-08,-6.75157472918581e-05,-3.23556204188657e-06,0.001468877822733
19844.8958695448,-4.1047303475844e-06,4.49049704506184e-05,-6.32128610620551e-07,-0.000978449771663929,-4.33255286192814e-08,-6.70507034266499e-05,-3.19114709661746e-06,0.00145876121881161
19982.5231677076,-4.04839695974977e-06,4.45965722467417e-05,-6.23461570367224e-07,-0.000971710206236339,-4.27314013316153e-08,-6.65888632563992e-05,-3.14734183131792e-06,0.00144871428934147
20121.1049316092,-3.99283650814093e-06,4.42902800568526e-05,-6.14913221989112e-07,-0.000965017071225353,-4.214541301815e-08,-6.61302047004537e-05,-3.10413787721841e-06,0.00143873655449878
20260.6477806113,-3.93803839251395e-06,4.39860797460702e-05,-6.06481943889507e-07,-0.000958370046591648,-4.15674524106098e-08,-6.56747058305577e-05,-3.06152698041633e-06,0.00142882753776342
20401.1583799816,-3.88399215786255e-06,4.36839572692795e-05,-5.98166136521354e-07,-0.000951768814505379,-4.09974097556512e-08,-6.52223448697972e-05,-3.01950100029971e-06,0.00141898676589623
20542.6434412127,-3.83068749243181e-06,4.33838986706679e-05,-5.89964222090294e-07,-0.000945213059330834,-4.04351767944067e-08,-6.47731001915499e-05,-2.97805190799225e-06,0.00140921376891642
20685.1097223421,-3.77811422575908e-06,4.30858900832631e-05,-5.81874644261658e-07,-0.000938702467611231,-3.98806467423011e-08,-6.43269503184453e-05,-2.93717178481999e-06,0.00139950808007917
20828.5640282755,-3.72626232674142e-06,4.27899177284697e-05,-5.7389586787128e-07,-0.000932236728053595,-3.9333714269134e-08,-6.38838739213287e-05,-2.89685282079873e-06,0.00138986923585333
20973.0132111114,-3.6751219017296e-06,4.24959679156073e-05,-5.66026378640199e-07,-0.000925815531513772,-3.87942754794299e-08,-6.34438498182365e-05,-2.85708731314249e-06,0.00138029677589936
21118.464170469,-3.62468319264781e-06,4.22040270414474e-05,-5.58264682893065e-07,-0.00091943857098151,-3.82622278930464e-08,-6.30068569733744e-05,-2.81786766479218e-06,0.0013707902430473
21264.923853817,-3.57493657513925e-06,4.19140815897521e-05,-5.50609307280321e-07,-0.000913105541565683,-3.77374704260427e-08,-6.25728744961068e-05,-2.77918638296465e-06,0.001361349183275
21412.3992568061,-3.52587255673678e-06,4.16261181308114e-05,-5.43058798504041e-07,-0.000906816140479588,-3.72199033718007e-08,-6.21418816399498e-05,-2.74103607772151e-06,0.00135197314568647
21560.8974236026,-3.47748177505873e-06,4.13401233209825e-05,-5.35611723047402e-07,-0.000900570067026369,-3.67094283823998e-08,-6.17138578015741e-05,-2.70340946055772e-06,0.00134266168249032
21710.4254472254,-3.42975499602907e-06,4.10560839022281e-05,-5.28266666907734e-07,-0.000894367022584524,-3.62059484502363e-08,-6.12887825198128e-05,-2.66629934300939e-06,0.00133341434897845
21860.9904698845,-3.38268311212209e-06,4.07739867016565e-05,-5.21022235333138e-07,-0.000888206710593527,-3.57093678898922e-08,-6.08666354746772e-05,-2.62969863528085e-06,0.00132423070350478
22012.599683322,-3.33625714063076e-06,4.04938186310611e-05,-5.13877052562546e-07,-0.000882088836539544,-3.52195923202409e-08,-6.04473964863792e-05,-2.5936003448904e-06,0.00131511030746423
22165.260329156,-3.29046822195897e-06,4.02155666864612e-05,-5.06829761569292e-07,-0.000876013107941254,-3.47365286467954e-08,-6.00310455143608e-05,-2.55799757533481e-06,0.00130605272527173
22318.9796992262,-3.24530761793683e-06,3.9939217947643e-05,-4.99879023808027e-07,-0.000869979234335762,-3.4260085044289e-08,-5.96175626563298e-05,-2.52288352477197e-06,0.0012970575243415
22473.7651359423,-3.20076671015916e-06,3.96647595777019e-05,-4.93023518965057e-07,-0.000863986927264621,-3.37901709394914e-08,-5.9206928147303e-05,-2.48825148472177e-06,0.00128812427506637
22629.6240326348,-3.15683699834641e-06,3.93921788225843e-05,-4.8626194471194e-07,-0.00085803590025994,-3.33266969942512e-08,-5.87991223586552e-05,-2.45409483878467e-06,0.00127925255079728
22786.5638339077,-3.1135100987282e-06,3.91214630106318e-05,-4.79593016462407e-07,-0.000852125868830605,-3.28695750887676e-08,-5.83941257971761e-05,-2.42040706137801e-06,0.00127044192782296
22944.592035995,-3.07077774244866e-06,3.88525995521248e-05,-4.73015467132483e-07,-0.000846256550448573,-3.24187183050827e-08,-5.79919191041321e-05,-2.38718171648948e-06,0.00126169198534964
23103.7161871177,-3.02863177399379e-06,3.8585575938828e-05,-4.66528046903825e-07,-0.000840427664535294,-3.19740409107983e-08,-5.75924830543366e-05,-2.35441245644786e-06,0.00125300230548106
23263.9438878451,-2.98706414963998e-06,3.83203797435355e-05,-4.60129522990195e-07,-0.000834638932448193,-3.15354583430062e-08,-5.71957985552248e-05,-2.32209302071051e-06,0.00124437247319846
23425.2827914574,-2.94606693592405e-06,3.80569986196186e-05,-4.5381867940705e-07,-0.000828890077467275,-3.11028871924369e-08,-5.6801846645937e-05,-2.29021723466759e-06,0.00123580207634079
23587.7406043117,-2.90563230813381e-06,3.7795420300573e-05,-4.47594316744198e-07,-0.000823180824781809,-3.0676245187818e-08,-5.64106084964061e-05,-2.25877900846258e-06,0.00122729070558506
23751.3250862094,-2.86575254881955e-06,3.75356325995679e-05,-4.41455251941498e-07,-0.000817510901477109,-3.02554511804438e-08,-5.60220654064538e-05,-2.22777233582912e-06,0.00121883795442681
23916.0440507678,-2.82642004632559e-06,3.72776234089957e-05,-4.35400318067529e-07,-0.000811880036521405,-2.98404251289502e-08,-5.5636198804891e-05,-2.19719129294367e-06,0.00121044341916067
24081.9053657923,-2.78762729334207e-06,3.70213807000231e-05,-4.29428364101236e-07,-0.000806287960752815,-2.94310880842944e-08,-5.5252990248626e-05,-2.16703003729408e-06,0.00120210669886115
24248.9169536531,-2.74936688547634e-06,3.67668925221429e-05,-4.2353825471647e-07,-0.000800734406866389,-2.9027362174935e-08,-5.4872421421778e-05,-2.13728280656346e-06,0.00119382739536346
24417.0867916629,-2.71163151984406e-06,3.65141470027276e-05,-4.17728870069428e-07,-0.000795219109401272,-2.86291705922123e-08,-5.44944741347976e-05,-2.10794391752963e-06,0.00118560511324453
24586.4229124585,-2.67441399367929e-06,3.62631323465836e-05,-4.11999105588901e-07,-0.000789741804727921,-2.82364375759224e-08,-5.41191303235921e-05,-2.07900776497945e-06,0.00117743945980415
24756.933404384,-2.63770720296381e-06,3.60138368355068e-05,-4.06347871769364e-07,-0.000784302231035451,-2.78490884000875e-08,-5.37463720486589e-05,-2.05046882063818e-06,0.00116933004504619
24928.6264118777,-2.60150414107495e-06,3.57662488278391e-05,-4.0077409396679e-07,-0.000778900128319032,-2.74670493589141e-08,-5.33761814942226e-05,-2.02232163211346e-06,0.00116127648166003
25101.5101358603,-2.56579789745205e-06,3.55203567580275e-05,-3.95276712197238e-07,-0.000773535238367402,-2.70902477529428e-08,-5.30085409673806e-05,-1.99456082185388e-06,0.00115327838500207
25275.5928341276,-2.53058165628098e-06,3.52761491361821e-05,-3.89854680938095e-07,-0.000768207304750451,-2.67186118753814e-08,-5.2643432897252e-05,-1.96718108612166e-06,0.00114533537307733
25450.882821744,-2.49584869519682e-06,3.50336145476382e-05,-3.84506968932015e-07,-0.000762916072806901,-2.63520709986236e-08,-5.22808398341354e-05,-1.94017719397967e-06,0.00113744706652128
25627.3884714405,-2.46159238400403e-06,3.47927416525173e-05,-3.79232558993446e-07,-0.000757661289632062,-2.59905553609471e-08,-5.19207444486693e-05,-1.91354398629211e-06,0.00112961308858167
25805.1182140139,-2.42780618341435e-06,3.45535191852913e-05,-3.74030447817787e-07,-0.00075244270406569,-2.56339961533921e-08,-5.15631295310014e-05,-1.88727637473911e-06,0.00112183306510061
25984.08053873,-2.39448364380172e-06,3.43159359543469e-05,-3.68899645793067e-07,-0.000747260066679906,-2.5282325506815e-08,-5.12079779899615e-05,-1.86136934084471e-06,0.00111410662449668
26164.2839937291,-2.36161840397433e-06,3.40799808415519e-05,-3.63839176814172e-07,-0.000742113129767221,-2.49354764791163e-08,-5.08552728522413e-05,-1.83581793501821e-06,0.00110643339774718
26345.7371864336,-2.32920418996352e-06,3.38456428018232e-05,-3.58848078099554e-07,-0.000737001647328638,-2.45933830426416e-08,-5.05049972615798e-05,-1.81061727560875e-06,0.00109881301837056
26528.4487839603,-2.297234813829e-06,3.36129108626957e-05,-3.53925400010393e-07,-0.000731925375061827,-2.42559800717497e-08,-5.01571344779536e-05,-1.78576254797279e-06,0.0010912451224089
26712.4275135331,-2.26570417248065e-06,3.33817741238931e-05,-3.49070205872197e-07,-0.000726884070349399,-2.39232033305511e-08,-4.98116678767741e-05,-1.76124900355437e-06,0.00108372934841053
26897.6821629011,-2.23460624651624e-06,3.31522217568998e-05,-3.44281571798786e-07,-0.000721877492247245,-2.35949894608084e-08,-4.94685809480888e-05,-1.73707195897809e-06,0.00107626533741279
27084.2215807571,-2.20393509907518e-06,3.29242430045352e-05,-3.39558586518645e-07,-0.000716905401472975,-2.32712759700021e-08,-4.91278572957899e-05,-1.71322679515444e-06,0.00106885273292491
27272.0546771616,-2.17368487470774e-06,3.26978271805282e-05,-3.34900351203606e-07,-0.000711967560394415,-2.29520012195557e-08,-4.87894806368264e-05,-1.68970895639743e-06,0.00106149118091098
27461.1904239671,-2.14384979825999e-06,3.24729636690945e-05,-3.30305979299831e-07,-0.000707063733018208,-2.26371044132208e-08,-4.84534348004239e-05,-1.6665139495544e-06,0.00105418032977304
27651.6378552475,-2.11442417377373e-06,3.22496419245147e-05,-3.25774596361071e-07,-0.000702193684978471,-2.23265255856166e-08,-4.81197037273075e-05,-1.64363734314764e-06,0.00104691983033431
27843.4060677294,-2.08540238340165e-06,3.20278514707146e-05,-3.21305339884159e-07,-0.000697357183525559,-2.20202055909263e-08,-4.77882714689325e-05,-1.62107476652794e-06,0.00103970933582254
28036.5042212264,-2.05677888633717e-06,3.18075819008463e-05,-3.16897359146718e-07,-0.00069255399751487,-2.17180860917442e-08,-4.74591221867179e-05,-1.59882190903964e-06,0.00103254850185342
28230.9415390768,-2.02854821775904e-06,3.1588822876872e-05,-3.1254981504706e-07,-0.000687783897395771,-2.14201095480746e-08,-4.71322401512878e-05,-1.57687451919721e-06,0.00102543698641417
28426.7273085842,-2.00070498779029e-06,3.1371564129148e-05,-3.08261879946217e-07,-0.000683046655200559,-2.11262192064769e-08,-4.6807609741716e-05,-1.55522840387305e-06,0.0010183744498472
28623.8708814609,-1.97324388047143e-06,3.11557954560125e-05,-3.04032737512129e-07,-0.000678342044533538,-2.08363590893605e-08,-4.64852154447773e-05,-1.53387942749655e-06,0.00101136055483392
28822.3816742749,-1.94615965274771e-06,3.09415067233723e-05,-2.99861582565896e-07,-0.000673669840560135,-2.05504739844208e-08,-4.61650418542026e-05,-1.51282351126406e-06,0.00100439496637859
29022.2691688993,-1.91944713347023e-06,3.07286878642939e-05,-2.95747620930131e-07,-0.000669029819996126,-2.02685094342202e-08,-4.58470736699411e-05,-1.49205663235971e-06,0.000997477351792379
29223.5429129655,-1.89310122241067e-06,3.0517328878594e-05,-2.91690069279326e-07,-0.000664421761096909,-1.99904117259085e-08,-4.55312956974252e-05,-1.47157482318694e-06,0.000990607380677461
29426.2125203191,-1.86711688928955e-06,3.03074198324339e-05,-2.87688154992264e-07,-0.00065984544364687,-1.9716127881083e-08,-4.5217692846843e-05,-1.4513741706106e-06,0.000983784724911246
29630.2876714792,-1.84148917281774e-06,3.00989508579131e-05,-2.83741116006393e-07,-0.000655300648948813,-1.94456056457845e-08,-4.49062501324138e-05,-1.43145081520937e-06,0.000977009058630713
29835.7781141006,-1.81621317975111e-06,2.98919121526674e-05,-2.79848200674182e-07,-0.000650787159813471,-1.91787934806304e-08,-4.45969526716702e-05,-1.41180095053859e-06,0.000970280058216861
30042.6936634399,-1.79128408395807e-06,2.96862939794662e-05,-2.76008667621399e-07,-0.000646304760549079,-1.89156405510781e-08,-4.42897856847438e-05,-1.39242082240298e-06,0.000963597402279253
30251.0442028234,-1.76669712549993e-06,2.94820866658133e-05,-2.72221785607316e-07,-0.000641853236951036,-1.86560967178239e-08,-4.39847344936571e-05,-1.37330672813961e-06,0.000956960771640684
30460.8396841202,-1.74244760972377e-06,2.92792806035487e-05,-2.68486833386781e-07,-0.00063743237629162,-1.84001125273278e-08,-4.36817845216194e-05,-1.35445501591048e-06,0.00095036984932193
30672.0901282168,-1.71853090636777e-06,2.90778662484522e-05,-2.64803099574174e-07,-0.000633041967309793,-1.81476392024699e-08,-4.33809212923283e-05,-1.33586208400494e-06,0.000943824320526632
30884.8056254963,-1.69494244867874e-06,2.88778341198488e-05,-2.61169882509172e-07,-0.000628681800201056,-1.78986286333302e-08,-4.30821304292752e-05,-1.31752438015163e-06,0.000937323872626251
31098.9963363199,-1.67167773254179e-06,2.86791748002163e-05,-2.57586490124351e-07,-0.000624351666607401,-1.7653033368096e-08,-4.2785397655057e-05,-1.29943840083993e-06,0.000930868195145159
31314.6724915125,-1.64873231562181e-06,2.84818789347936e-05,-2.54052239814559e-07,-0.000620051359607304,-1.74108066040895e-08,-4.24907087906906e-05,-1.28160069065058e-06,0.000924456979745806
31531.8443928511,-1.62610181651682e-06,2.82859372311926e-05,-2.50566458308064e-07,-0.000615780673705813,-1.71719021789195e-08,-4.21980497549342e-05,-1.2640078415957e-06,0.000918089920214006
31750.5224135575,-1.60378191392275e-06,2.80913404590097e-05,-2.4712848153943e-07,-0.000611539404824684,-1.69362745617508e-08,-4.19074065636116e-05,-1.24665649246764e-06,0.000911766712444314
31970.7169987928,-1.58176834580983e-06,2.78980794494409e-05,-2.43737654524127e-07,-0.000607327350292604,-1.67038788446932e-08,-4.16187653289431e-05,-1.22954332819693e-06,0.000905487054425516
32192.4386661572,-1.56005690861008e-06,2.77061450948978e-05,-2.40393331234821e-07,-0.000603144308835464,-1.64746707343063e-08,-4.13321122588783e-05,-1.21266507921897e-06,0.000899250646226195
32415.6980061919,-1.53864345641606e-06,2.75155283486257e-05,-2.37094874479346e-07,-0.00059899008056672,-1.62486065432198e-08,-4.10474336564368e-05,-1.19601852084947e-06,0.000893057189980433
32640.5056828852,-1.51752390019047e-06,2.73262202243233e-05,-2.33841655780317e-07,-0.000594864466977795,-1.60256431818673e-08,-4.07647159190504e-05,-1.17960047266834e-06,0.000886906389873568
32866.8724341813,-1.49669420698667e-06,2.71382117957646e-05,-2.30633055256381e-07,-0.000590767270928576,-1.58057381503319e-08,-4.04839455379125e-05,-1.1634077979122e-06,0.000880797952128094
33094.8090724944,-1.47615039917977e-06,2.69514941964224e-05,-2.27468461505066e-07,-0.000586698296637953,-1.55888495303024e-08,-4.02051090973298e-05,-1.14743740287508e-06,0.000874731584989614
33324.3264852235,-1.45588855370836e-06,2.67660586190933e-05,-2.24347271487223e-07,-0.000582657349674441,-1.53749359771389e-08,-3.99281932740802e-05,-1.13168623631746e-06,0.000868706998712927
33555.4356352742,-1.43590480132648e-06,2.65818963155251e-05,-2.21268890413016e-07,-0.000578644236946855,-1.51639567120452e-08,-3.96531848367737e-05,-1.11615128888334e-06,0.000862723905548184
33788.1475615808,-1.41619532586598e-06,2.63989985960461e-05,-2.18232731629482e-07,-0.000574658766695058,-1.49558715143484e-08,-3.93800706452195e-05,-1.10082959252535e-06,0.00085678201972716
34022.4733796346,-1.39675636350882e-06,2.62173568291952e-05,-2.15238216509581e-07,-0.000570700748480767,-1.47506407138821e-08,-3.91088376497953e-05,-1.08571821993774e-06,0.0008508810574496
34258.4242820144,-1.3775842020695e-06,2.60369624413553e-05,-2.12284774342776e-07,-0.000566769993178428,-1.45482251834739e-08,-3.88394728908233e-05,-1.07081428399715e-06,0.000845020736869677
34496.0115389212,-1.35867518028717e-06,2.58578069163873e-05,-2.09371842227077e-07,-0.000562866312966152,-1.43485863315338e-08,-3.85719634979483e-05,-1.05611493721109e-06,0.00083920077808253
34735.2464987164,-1.3400256871275e-06,2.5679881795267e-05,-2.06498864962555e-07,-0.000558989521316712,-1.41516860947446e-08,-3.83062966895218e-05,-1.04161737117391e-06,0.000833420903110909
34976.1405884643,-1.32163216109411e-06,2.55031786757225e-05,-2.03665294946295e-07,-0.000555139432988605,-1.39574869308497e-08,-3.80424597719896e-05,-1.0273188160303e-06,0.000827680835891888
35218.7053144771,-1.30349108954943e-06,2.53276892118752e-05,-2.00870592068782e-07,-0.000551315864017179,-1.37659518115407e-08,-3.77804401392839e-05,-1.01321653994619e-06,0.000821980302263702
35462.9522628655,-1.28559900804481e-06,2.51534051138809e-05,-1.98114223611669e-07,-0.000547518631705811,-1.35770442154399e-08,-3.75202252722191e-05,-9.99307848586781e-07,0.000816319029952643
35708.8931000911,-1.26795249965984e-06,2.49803181475739e-05,-1.95395664146962e-07,-0.000543747554617161,-1.33907281211792e-08,-3.72618027378927e-05,-9.85590084601883e-07,0.00081069674856007
35956.5395735246,-1.25054819435077e-06,2.48084201341126e-05,-1.92714395437542e-07,-0.00054000245256447,-1.32069680005725e-08,-3.70051601890893e-05,-9.72060627118214e-07,0.000805113189549489
36205.9035120061,-1.23338276830772e-06,2.46377029496269e-05,-1.90069906339056e-07,-0.000536283146602937,-1.30257288118807e-08,-3.67502853636901e-05,-9.58716891238743e-07,0.000799568086233743
36456.9968264106,-1.21645294332082e-06,2.44681585248672e-05,-1.87461692703129e-07,-0.000532589459021138,-1.2846975993169e-08,-3.64971660840845e-05,-9.45556327548839e-07,0.000794061173762269
36709.831510217,-1.19975548615498e-06,2.4299778844856e-05,-1.8488925728189e-07,-0.000528921213332515,-1.26706754557532e-08,-3.62457902565878e-05,-9.32576421629237e-07,0.000788592189108454
36964.4196400802,-1.1832872079332e-06,2.41325559485406e-05,-1.82352109633801e-07,-0.000525278234266925,-1.24967935777363e-08,-3.59961458708621e-05,-9.19774693575699e-07,0.000783160871057085
37220.7733764093,-1.16704496352836e-06,2.39664819284476e-05,-1.79849766030747e-07,-0.000521660347762236,-1.23252971976319e-08,-3.57482209993403e-05,-9.07148697525217e-07,0.000777766960191862
37478.9049639467,-1.15102565096334e-06,2.38015489303403e-05,-1.77381749366407e-07,-0.000518067380955999,-1.21561536080752e-08,-3.55020037966562e-05,-8.94696021188783e-07,0.000772410198883026
37738.8267323548,-1.13522621081932e-06,2.36377491528763e-05,-1.74947589065853e-07,-0.000514499162177157,-1.19893305496186e-08,-3.52574824990761e-05,-8.82414285390509e-07,0.000767090331275046
38000.5510968034,-1.11964362565224e-06,2.34750748472686e-05,-1.72546820996384e-07,-0.000510955520937836,-1.18247962046124e-08,-3.50146454239367e-05,-8.70301143613134e-07,0.000761807103274415
38264.0905585636,-1.10427491941721e-06,2.33135183169471e-05,-1.70178987379568e-07,-0.000507436287925164,-1.16625191911682e-08,-3.47734809690847e-05,-8.58354281549709e-07,0.000756560262537501
38529.4577056047,-1.0891171569008e-06,2.31530719172231e-05,-1.67843636704483e-07,-0.000503941294993176,-1.15024685572049e-08,-3.4533977612322e-05,-8.46571416661496e-07,0.000751349558458518
38796.6652131954,-1.07416744316116e-06,2.29937280549546e-05,-1.65540323642124e-07,-0.000500470375154751,-1.13446137745748e-08,-3.42961239108538e-05,-8.34950297741874e-07,0.00074617474215754
39065.7258445091,-1.05942292297575e-06,2.28354791882147e-05,-1.63268608960993e-07,-0.000497023362573623,-1.1188924733271e-08,-3.4059908500741e-05,-8.23488704486288e-07,0.000741035566468634
39336.6524512341,-1.04488078029664e-06,2.26783178259601e-05,-1.61028059443811e-07,-0.000493600092556429,-1.10353717357118e-08,-3.38253200963557e-05,-8.12184447068047e-07,0.000735931785928046
39609.4579741865,-1.03053823771336e-06,2.25222365277032e-05,-1.58818247805385e-07,-0.000490200401544834,-1.08839254911049e-08,-3.35923474898417e-05,-8.0103536572e-07,0.00073086315676249
39884.1554439296,-1.01639255592294e-06,2.23672279031847e-05,-1.56638752611576e-07,-0.000486824127107691,-1.07345571098863e-08,-3.3360979550577e-05,-7.90039330321894e-07,0.000725829436877497
40160.7579813948,-1.0024410332074e-06,2.22132846120489e-05,-1.54489158199374e-07,-0.000483471107933266,-1.05872380982365e-08,-3.3131205224642e-05,-7.79194239993456e-07,0.000720830385845869
40439.2787985098,-9.88681004918259e-07,2.206039936352e-05,-1.52369054598055e-07,-0.000480141183821514,-1.04419403526703e-08,-3.29030135342898e-05,-7.68498022693003e-07,0.000715865764896184
40719.7311988284,-9.75109842968187e-07,2.19085649160811e-05,-1.50278037451421e-07,-0.00047683419567641,-1.02986361547008e-08,-3.26763935774207e-05,-7.57948634821615e-07,0.000710935336901407
41002.1285781671,-9.61724955329554e-07,2.1757774077154e-05,-1.48215707941081e-07,-0.000473549985498327,-1.01572981655759e-08,-3.24513345270606e-05,-7.4754406083269e-07,0.000706038866367558
41286.4844252437,-9.48523785539925e-07,2.1608019702782e-05,-1.46181672710793e-07,-0.000470288396376477,-1.00178994210864e-08,-3.2227825630843e-05,-7.37282312846909e-07,0.000701176119422474
41572.812322323,-9.35503812214265e-07,2.14592946973133e-05,-1.44175543791815e-07,-0.000467049272481393,-9.88041332644451e-09,-3.20058562104936e-05,-7.27161430272432e-07,0.000696346863804635
41861.1259458642,-9.2266254856388e-07,2.13115920130869e-05,-1.42196938529294e-07,-0.000463832459057477,-9.74481365123312e-09,-3.17854156613202e-05,-7.17179479430362e-07,0.000691550868852082
42151.4390671752,-9.09997541921901e-07,2.11649046501201e-05,-1.40245479509632e-07,-0.000460637802415583,-9.61107452442245e-09,-3.15664934517045e-05,-7.07334553185303e-07,0.000686787905491391
42443.7655530697,-8.97506373275321e-07,2.10192256557981e-05,-1.38320794488868e-07,-0.000457465149925664,-9.47917042945603e-09,-3.13490791225984e-05,-6.97624770581021e-07,0.000682057746226748
42738.1193665299,-8.85186656803389e-07,2.08745481245643e-05,-1.36422516322004e-07,-0.000454314350009463,-9.34907619940227e-09,-3.11331622870232e-05,-6.88048276481082e-07,0.000677360165129071
43034.5145673733,-8.73036039422395e-07,2.07308651976142e-05,-1.34550282893321e-07,-0.000451185252133265,-9.22076701217321e-09,-3.09187326295728e-05,-6.78603241214452e-07,0.000672694937825237
43332.9653129246,-8.61052200336618e-07,2.05881700625889e-05,-1.3270373704762e-07,-0.000448077706800678,-9.09421838580767e-09,-3.070577990592e-05,-6.69287860225921e-07,0.000668061841487354
43633.4858586911,-8.49232850595504e-07,2.04464559532725e-05,-1.30882526522419e-07,-0.00044499156554549,-8.9694061738191e-09,-3.04942939423261e-05,-6.60100353731371e-07,0.000663460654822131
43936.0905590448,-8.37575732656847e-07,2.03057161492895e-05,-1.29086303881056e-07,-0.000441926680924555,-8.84630656060664e-09,-3.02842646351543e-05,-6.51038966377728e-07,0.000658891158060301
44240.7938679069,-8.2607861995601e-07,2.01659439758051e-05,-1.27314726446719e-07,-0.000438882906510741,-8.72489605692886e-09,-3.00756819503863e-05,-6.42101966907634e-07,0.000654353132946138
44547.6103394389,-8.14739316481e-07,2.00271328032264e-05,-1.25567456237356e-07,-0.000435860096885916,-8.60515149543891e-09,-2.98685359231416e-05,-6.33287647828667e-07,0.000649846362727024
44856.5546287376,-8.03555656353424e-07,1.98892760469065e-05,-1.23844159901489e-07,-0.000432858107633994,-8.48705002628108e-09,-2.96628166572018e-05,-6.24594325087149e-07,0.000645370632143108
45167.641492535,-7.92525503415121e-07,1.97523671668487e-05,-1.22144508654889e-07,-0.000429876795334021,-8.37056911274679e-09,-2.94585143245357e-05,-6.16020337746394e-07,0.000640925727417017
45480.8857899031,-7.81646750820529e-07,1.96163996674142e-05,-1.20468178218125e-07,-0.000426916017553311,-8.25568652699032e-09,-2.92556191648304e-05,-6.07564047669404e-07,0.000636511436243655
45796.3024829641,-7.70917320634578e-07,1.948136709703e-05,-1.18814848754951e-07,-0.000423975632840628,-8.14238034580245e-09,-2.90541214850233e-05,-5.99223839205889e-07,0.00063212754778006
46113.9066376045,-7.60335163436147e-07,1.93472630478996e-05,-1.17184204811547e-07,-0.000421055500719422,-8.0306289464425e-09,-2.88540116588391e-05,-5.90998118883617e-07,0.000627773852635343
46433.713424195,-7.49898257926907e-07,1.92140811557148e-05,-1.15575935256572e-07,-0.000418155481681102,-7.92041100252622e-09,-2.86552801263286e-05,-5.82885315103963e-07,0.000623450142860677
46755.7381183149,-7.39604610545573e-07,1.90818150993695e-05,-1.1398973322205e-07,-0.000415275437178362,-7.81170547997074e-09,-2.84579173934121e-05,-5.74883877841676e-07,0.000619156211939379
47079.9961014825,-7.294522550874e-07,1.89504586006749e-05,-1.12425296045045e-07,-0.00041241522961855,-7.7044916329941e-09,-2.82619140314243e-05,-5.66992278348727e-07,0.000614891854777037
47406.5028618884,-7.1943925232894e-07,1.8820005424077e-05,-1.10882325210148e-07,-0.000409574722357088,-7.59874900016992e-09,-2.80672606766641e-05,-5.59209008862267e-07,0.000610656867691727
47735.2739951367,-7.0956368965789e-07,1.8690449376375e-05,-1.09360526292736e-07,-0.000406753779690925,-7.49445740053543e-09,-2.7873948029946e-05,-5.51532582316542e-07,0.000606451048404277
48066.3252049891,-6.99823680708072e-07,1.85617843064418e-05,-1.07859608903006e-07,-0.000403952266852058,-7.39159692975295e-09,-2.76819668561556e-05,-5.43961532058815e-07,0.000602274196028612
48399.6723041153,-6.90217364999361e-07,1.84340041049466e-05,-1.06379286630779e-07,-0.000401170050001069,-7.29014795632358e-09,-2.74913079838078e-05,-5.36494411569138e-07,0.000598126111062158
48735.331214848,-6.807429075826e-07,1.83071027040779e-05,-1.04919276991047e-07,-0.000398406996220731,-7.19009111785262e-09,-2.73019623046081e-05,-5.29129794184019e-07,0.000594006595376322
49073.317969944,-6.71398498689337e-07,1.81810740772699e-05,-1.03479301370271e-07,-0.000395662973509644,-7.09140731736597e-09,-2.71139207730166e-05,-5.2186627282383e-07,0.000589915452207018
49413.6487133493,-6.62182353386407e-07,1.80559122389288e-05,-1.02059084973408e-07,-0.000392937850775924,-6.99407771967681e-09,-2.69271744058157e-05,-5.1470245972401e-07,0.000585852486145285
49756.3397009709,-6.53092711235207e-07,1.79316112441621e-05,-1.00658356771655e-07,-0.000390231497830924,-6.89808374780168e-09,-2.67417142816802e-05,-5.07636986169912e-07,0.000581817503127942
50101.4073014524,-6.44127835955684e-07,1.7808165188509e-05,-9.92768494509174e-08,-0.000387543785383015,-6.80340707942602e-09,-2.65575315407509e-05,-5.00668502235321e-07,0.00057781031042833
50448.8679969571,-6.35286015094889e-07,1.76855682076722e-05,-9.79142993609706e-08,-0.000384874585031392,-6.71002964341728e-09,-2.63746173842101e-05,-4.93795676524538e-07,0.000573830716647102
50798.7383839539,-6.26565559700118e-07,1.75638144772517e-05,-9.65704464653194e-08,-0.000382223769259938,-6.61793361638617e-09,-2.61929630738618e-05,-4.8701719591803e-07,0.000569878531703089
51151.0351740109,-6.17964803996491e-07,1.74428982124802e-05,-9.52450342917403e-08,-0.000379591211431119,-6.52710141929459e-09,-2.60125599317127e-05,-4.80331765321541e-07,0.000565953566824217
51505.7751945938,-6.0948210506898e-07,1.73228136679599e-05,-9.39378098834989e-08,-0.000376976785779929,-6.43751571410997e-09,-2.58333993395579e-05,-4.73738107418671e-07,0.000562055634538492
51862.9753898685,-6.01115842548801e-07,1.72035551374012e-05,-9.26485237512345e-08,-0.000374380367407873,-6.34915940050539e-09,-2.56554727385685e-05,-4.67234962426848e-07,0.000558184548665055
52222.6528215118,-5.92864418304075e-07,1.70851169533628e-05,-9.13769298254977e-08,-0.00037180183227699,-6.2620156126045e-09,-2.5478771628882e-05,-4.60821087856626e-07,0.000554340124305279
52584.8246695256,-5.84726256134765e-07,1.69674934869931e-05,-9.01227854099404e-08,-0.000369241057203928,-6.1760677157713e-09,-2.53032875691963e-05,-4.54495258274328e-07,0.000550522177833949
52949.5082330576,-5.76699801471768e-07,1.68506791477741e-05,-8.88858511351401e-08,-0.00036669791985404,-6.09129930344329e-09,-2.51290121763654e-05,-4.48256265067903e-07,0.000546730526890485
53316.7209312277,-5.68783521080161e-07,1.6734668383266e-05,-8.76658909130585e-08,-0.000364172298735541,-6.00769419400841e-09,-2.4955937124999e-05,-4.42102916216036e-07,0.000542964990370242
53686.4803039601,-5.60975902766485e-07,1.66194556788533e-05,-8.64626718921185e-08,-0.000361664073193694,-5.92523642772414e-09,-2.47840541470641e-05,-4.36034036060393e-07,0.000539225388415851
54058.8040128205,-5.53275455090071e-07,1.65050355574936e-05,-8.52759644128986e-08,-0.00035917312340504,-5.84391026367914e-09,-2.46133550314898e-05,-4.30048465081024e-07,0.000535511542408639
54433.709841861,-5.45680707078301e-07,1.63914025794668e-05,-8.4105541964426e-08,-0.000356699330371663,-5.76370017679597e-09,-2.44438316237742e-05,-4.24145059674821e-07,0.000531823274960091
54811.215698468,-5.38190207945801e-07,1.62785513421261e-05,-8.29511811410745e-08,-0.000354242575915507,-5.68459085487524e-09,-2.4275475825595e-05,-4.1832269193704e-07,0.000528160409903385
55191.3396142186,-5.30802526817445e-07,1.61664764796511e-05,-8.18126616000427e-08,-0.000351802742672713,-5.60656719567971e-09,-2.41082795944219e-05,-4.12580249445799e-07,0.000524522772284973
55574.0997457415,-5.23516252455207e-07,1.60551726628016e-05,-8.06897660194199e-08,-0.000349379714088014,-5.52961430405853e-09,-2.39422349431322e-05,-4.06916635049562e-07,0.00052091018835623
55959.5143755845,-5.16329992988709e-07,1.59446345986737e-05,-7.95822800568197e-08,-0.000346973374409158,-5.4537174891106e-09,-2.37773339396284e-05,-4.0133076665751e-07,0.000517322485565154
56347.6019130871,-5.09242375649505e-07,1.58348570304572e-05,-7.84899923085826e-08,-0.000344583608681372,-5.37886226138696e-09,-2.36135687064597e-05,-3.95821577032814e-07,0.000513759492548129
56738.380895261,-5.02252046508981e-07,1.57258347371938e-05,-7.74126942695312e-08,-0.000342210302741862,-5.305034330131e-09,-2.34509314204447e-05,-3.9038801358873e-07,0.000510221039121734
57131.8699876742,-4.95357670219868e-07,1.56175625335382e-05,-7.63501802932816e-08,-0.000339853343214361,-5.23221960055691e-09,-2.32894143122976e-05,-3.85029038187502e-07,0.000506706956274625
57528.0879853436,-4.88557929761282e-07,1.55100352695193e-05,-7.53022475530885e-08,-0.000337512617503694,-5.1604041711648e-09,-2.31290096662564e-05,-3.79743626942019e-07,0.000503217076159452
57927.053813632,-4.81851526187285e-07,1.54032478303039e-05,-7.42686960032348e-08,-0.000335188013790409,-5.08957433109305e-09,-2.29697098197146e-05,-3.74530770020203e-07,0.000499751232084856
58328.7865291527,-4.75237178378863e-07,1.52971951359614e-05,-7.32493283409406e-08,-0.000332879421025415,-5.01971655750635e-09,-2.28115071628541e-05,-3.69389471452068e-07,0.000496309258507497
58733.3053206791,-4.68713622799339e-07,1.51918721412298e-05,-7.22439499687979e-08,-0.000330586728924685,-4.95081751301993e-09,-2.26543941382818e-05,-3.64318748939443e-07,0.000492890991024156
59140.6295100621,-4.62279613253108e-07,1.50872738352841e-05,-7.12523689577151e-08,-0.000328309827963971,-4.8828640431586e-09,-2.2498363240668e-05,-3.59317633668298e-07,0.000489496266363875
59550.7785531519,-4.55933920647713e-07,1.49833952415049e-05,-7.02743960103715e-08,-0.000326048609373572,-4.81584317385083e-09,-2.2343407016388e-05,-3.54385170123647e-07,0.000486124922380171
59963.7720407286,-4.49675332759152e-07,1.48802314172494e-05,-6.93098444251672e-08,-0.000323802965133132,-4.74974210895693e-09,-2.2189518063165e-05,-3.49520415906992e-07,0.00048277679804328
60379.6296994364,-4.43502654000434e-07,1.47777774536233e-05,-6.835853006067e-08,-0.000321572787966479,-4.68454822783113e-09,-2.20366890297169e-05,-3.44722441556278e-07,0.000479451733432477
60798.3713927276,-4.37414705193285e-07,1.46760284752549e-05,-6.74202713005437e-08,-0.000319357971336484,-4.62024908291687e-09,-2.18849126154045e-05,-3.39990330368307e-07,0.000476149569728428
61220.0171218097,-4.31410323343002e-07,1.45749796400693e-05,-6.64948890189603e-08,-0.000317158409439981,-4.55683239737522e-09,-2.17341815698824e-05,-3.35323178223609e-07,0.000472870149205619
61644.5870266023,-4.25488361416384e-07,1.44746261390655e-05,-6.55822065464814e-08,-0.000314973997202695,-4.49428606274541e-09,-2.15844886927526e-05,-3.3072009341369e-07,0.000469613315224806
62072.1013866976,-4.19647688122719e-07,1.43749631960942e-05,-6.46820496364086e-08,-0.000312804630274231,-4.43259813663771e-09,-2.143582683322e-05,-3.26180196470685e-07,0.00046637891222555
62502.5806223305,-4.13887187697759e-07,1.42759860676366e-05,-6.37942464315912e-08,-0.00031065020502307,-4.3717568404575e-09,-2.12881888897508e-05,-3.21702619999315e-07,0.000463166785718777
62936.0452953524,-4.08205759690683e-07,1.41776900425856e-05,-6.29186274316917e-08,-0.000308510618531627,-4.31175055716091e-09,-2.11415678097328e-05,-3.17286508511178e-07,0.000459976782279407
63372.5161102152,-4.02602318753953e-07,1.40800704420278e-05,-6.20550254608936e-08,-0.000306385768591323,-4.25256782904067e-09,-2.09959565891381e-05,-3.12931018261297e-07,0.000456808749539019
63812.0139149584,-3.9707579443608e-07,1.39831226190265e-05,-6.12032756360574e-08,-0.0003042755536977,-4.19419735554275e-09,-2.0851348272189e-05,-3.0863531708692e-07,0.000453662536178582
64254.5597022062,-3.91625130977207e-07,1.38868419584072e-05,-6.03632153353039e-08,-0.000302179873045567,-4.13662799111237e-09,-2.07077359510243e-05,-3.04398584248532e-07,0.000450537991921222
64700.1746101695,-3.86249287107522e-07,1.37912238765436e-05,-5.95346841670354e-08,-0.000300098626524184,-4.07984874306998e-09,-2.05651127653702e-05,-3.00220010273049e-07,0.000447434967525049
65148.8799236562,-3.80947235848409e-07,1.36962638211449e-05,-5.87175239393744e-08,-0.00029803171471247,-4.0238487695159e-09,-2.04234719022117e-05,-2.96098796799156e-07,0.000444353314776027
65600.697075087,-3.75717964316352e-07,1.36019572710453e-05,-5.79115786300241e-08,-0.000295979038874255,-3.96861737726386e-09,-2.02828065954669e-05,-2.92034156424788e-07,0.000441292886480897
66055.6476455202,-3.70560473529507e-07,1.35082997359939e-05,-5.71166943565378e-08,-0.000293940500953557,-3.91414401980272e-09,-2.01431101256641e-05,-2.88025312556681e-07,0.000438253536460144
66513.7533656814,-3.65473778216949e-07,1.34152867564464e-05,-5.6332719346999e-08,-0.000291916003569894,-3.86041829528618e-09,-2.00043758196199e-05,-2.84071499262009e-07,0.000435235119541022
66975.0361170023,-3.60456906630513e-07,1.33229139033586e-05,-5.55595039110982e-08,-0.000289905450013628,-3.80742994454979e-09,-1.98665970501207e-05,-2.80171961122036e-07,0.000432237491550611
67439.5179326655,-3.55508900359236e-07,1.32311767779801e-05,-5.47969004116094e-08,-0.000287908744241345,-3.75516884915545e-09,-1.97297672356057e-05,-2.76325953087802e-07,0.000429260509308941
67907.2209986571,-3.50628814146328e-07,1.31400710116502e-05,-5.40447632362528e-08,-0.000285925790871259,-3.70362502946227e-09,-1.95938798398522e-05,-2.72532740337766e-07,0.000426304030622148
68378.167654826,-3.45815715708671e-07,1.30495922655952e-05,-5.3302948769947e-08,-0.000283956495178655,-3.65278864272416e-09,-1.94589283716636e-05,-2.68791598137423e-07,0.000423367914275687
68852.3803959518,-3.41068685558775e-07,1.29597362307263e-05,-5.2571315367436e-08,-0.000282000763091359,-3.60264998121326e-09,-1.93249063845586e-05,-2.65101811700828e-07,0.00042045202002758
69329.8818728181,-3.36386816829193e-07,1.28704986274392e-05,-5.18497233262947e-08,-0.000280058501185244,-3.5531994703692e-09,-1.91918074764632e-05,-2.61462676054043e-07,0.000417556208601727
69810.6948932956,-3.31769215099333e-07,1.27818752054154e-05,-5.11380348603009e-08,-0.000278129616679758,-3.50442766697352e-09,-1.9059625289405e-05,-2.57873495900439e-07,0.000414680341681251
70294.8424234306,-3.27214998224658e-07,1.2693861743424e-05,-5.04361140731747e-08,-0.000276214017433497,-3.45632525734929e-09,-1.89283535092089e-05,-2.5433358548786e-07,0.000411824281901889
70782.3475885425,-3.22723296168211e-07,1.26064540491254e-05,-4.97438269326725e-08,-0.00027431161193979,-3.40888305558518e-09,-1.87979858651954e-05,-2.508422684776e-07,0.000408987892845434
71273.2336743282,-3.18293250834475e-07,1.25196479588759e-05,-4.90610412450418e-08,-0.000272422309322337,-3.36209200178401e-09,-1.86685161298812e-05,-2.47398877815193e-07,0.000406171039033222
71767.5241279742,-3.13924015905488e-07,1.24334393375337e-05,-4.83876266298196e-08,-0.000270546019330853,-3.31594316033514e-09,-1.85399381186809e-05,-2.44002755602956e-07,0.000403373585919657
72265.2425592773,-3.09614756679222e-07,1.23478240782664e-05,-4.77234544949793e-08,-0.000268682652336762,-3.27042771821055e-09,-1.8412245689612e-05,-2.40653252974303e-07,0.000400595399885786
72766.4127417709,-3.05364649910179e-07,1.22627981023594e-05,-4.70683980124176e-08,-0.00026683211932891,-3.22553698328443e-09,-1.82854327430011e-05,-2.37349729969769e-07,0.000397836348232922
73271.058613862,-3.01172883652163e-07,1.21783573590256e-05,-4.64223320937739e-08,-0.000264994331909309,-3.18126238267539e-09,-1.81594932211921e-05,-2.34091555414744e-07,0.000395096299176298
73779.2042799737,-2.97038657103222e-07,1.20944978252165e-05,-4.57851333665854e-08,-0.000263169202288913,-3.13759546111181e-09,-1.80344211082574e-05,-2.30878106798883e-07,0.000392375121838783
74290.8740116972,-2.92961180452706e-07,1.20112155054345e-05,-4.51566801507639e-08,-0.000261356643283422,-3.09452787931921e-09,-1.79102104297094e-05,-2.27708770157166e-07,0.000389672686244621
74806.0922489501,-2.88939674730434e-07,1.19285064315462e-05,-4.4536852435398e-08,-0.000259556568309114,-3.05205141242998e-09,-1.77868552522157e-05,-2.24582939952602e-07,0.000386988863313231
75324.8836011454,-2.84973371657918e-07,1.18463666625973e-05,-4.39255318558708e-08,-0.000257768891378706,-3.01015794841465e-09,-1.76643496833153e-05,-2.21500018960532e-07,0.000384323524853037
75847.2728483651,-2.81061513501642e-07,1.17647922846285e-05,-4.33226016712924e-08,-0.000255993527097245,-2.96883948653487e-09,-1.75426878711368e-05,-2.18459418154529e-07,0.00038167654355535
76373.2849425456,-2.77203352928343e-07,1.16837794104925e-05,-4.27279467422395e-08,-0.000254230390658024,-2.92808813581737e-09,-1.7421864004119e-05,-2.15460556593854e-07,0.000379047792988284
76902.9450086679,-2.73398152862284e-07,1.16033241796721e-05,-4.2141453508802e-08,-0.000252479397838533,-2.88789611354899e-09,-1.73018723107328e-05,-2.12502861312473e-07,0.000376437147590718
77436.2783459591,-2.69645186344478e-07,1.15234227581003e-05,-4.15630099689277e-08,-0.000250740464996429,-2.84825574379216e-09,-1.71827070592057e-05,-2.09585767209574e-07,0.000373844482666302
77973.3104290997,-2.65943736393856e-07,1.14440713379804e-05,-4.0992505657066e-08,-0.00024901350906554,-2.80915945592092e-09,-1.70643625572479e-05,-2.06708716941613e-07,0.000371269674377497
78514.0669094413,-2.62293095870324e-07,1.13652661376082e-05,-4.04298316231019e-08,-0.000247298447551894,-2.77059978317671e-09,-1.69468331517797e-05,-2.03871160815819e-07,0.000368712599739664
79058.5736162311,-2.58692567339715e-07,1.12870034011948e-05,-3.98748804115798e-08,-0.000245595198529779,-2.73256936124429e-09,-1.6830113228662e-05,-2.0107255668518e-07,0.00036617313661519
79606.8565578463,-2.55141462940576e-07,1.1209279398691e-05,-3.9327546041211e-08,-0.000243903680637822,-2.69506092684678e-09,-1.67141972124275e-05,-1.98312369844853e-07,0.000363651163707649
80158.9419230357,-2.51639104252804e-07,1.11320904256124e-05,-3.87877239846626e-08,-0.000242223813075105,-2.65806731636034e-09,-1.65990795660148e-05,-1.95590072930013e-07,0.000361146560556018
80714.8560821713,-2.48184822168061e-07,1.10554328028663e-05,-3.82553111486216e-08,-0.000240555515597302,-2.62158146444744e-09,-1.6484754790503e-05,-1.92905145815087e-07,0.000358659207528916
81274.6255885071,-2.44777956761993e-07,1.09793028765789e-05,-3.77302058541348e-08,-0.000238898708512842,-2.58559640270921e-09,-1.63712174248497e-05,-1.90257075514386e-07,0.000356188985818894
81838.2771794484,-2.41417857168174e-07,1.09036970179242e-05,-3.72123078172146e-08,-0.000237253312679103,-2.55010525835596e-09,-1.62584620456293e-05,-1.87645356084093e-07,0.000353735777436759
82405.8377778279,-2.38103881453803e-07,1.08286116229541e-05,-3.67015181297132e-08,-0.000235619249498629,-2.51510125289612e-09,-1.61464832667745e-05,-1.85069488525598e-07,0.00035129946520594
82977.3344931927,-2.34835396497095e-07,1.07540431124292e-05,-3.61977392404565e-08,-0.000233996440915368,-2.48057770084301e-09,-1.60352757393183e-05,-1.82528980690161e-07,0.00034887993275689
83552.7946230977,-2.31611777866356e-07,1.06799879316512e-05,-3.5700874936639e-08,-0.000232384809410953,-2.44652800843941e-09,-1.59248341511389e-05,-1.80023347184883e-07,0.000346477064521531
84132.2456544116,-2.28432409700719e-07,1.06064425502956e-05,-3.52108303254703e-08,-0.000230784278000985,-2.41294567239951e-09,-1.58151532267053e-05,-1.77552109279965e-07,0.000344090745727727
84715.7152646274,-2.25296684592515e-07,1.05334034622468e-05,-3.47275118160762e-08,-0.000229194770231363,-2.37982427866827e-09,-1.57062277268258e-05,-1.75114794817248e-07,0.000341720862393813
85303.2313231867,-2.22204003471257e-07,1.0460867185433e-05,-3.42508271016446e-08,-0.000227616210174624,-2.34715750119754e-09,-1.5598052448397e-05,-1.72710938119996e-07,0.000339367301323143
85894.8218928089,-2.19153775489223e-07,1.03888302616629e-05,-3.37806851418198e-08,-0.000226048522426319,-2.31493910073918e-09,-1.54906222241558e-05,-1.70340079903934e-07,0.000337029950098686
86490.5152308334,-2.16145417908594e-07,1.03172892564632e-05,-3.33169961453331e-08,-0.000224491632101404,-2.28316292365451e-09,-1.53839319224318e-05,-1.68001767189486e-07,0.000334708697077656
87090.3397905676,-2.13178355990158e-07,1.02462407589178e-05,-3.28596715528762e-08,-0.000222945464830668,-2.2518229007403e-09,-1.52779764469027e-05,-1.65695553215241e-07,0.000332403431386183
87694.3242226474,-2.10252022883529e-07,1.01756813815066e-05,-3.24086240202054e-08,-0.000221409946757172,-2.22091304607059e-09,-1.51727507363502e-05,-1.63420997352588e-07,0.000330114042914012
88302.4973764047,-2.0736585951888e-07,1.01056077599474e-05,-3.19637674014801e-08,-0.000219885004532726,-2.19042745585466e-09,-1.50682497644187e-05,-1.61177665021531e-07,0.00032784042230925
88914.8883012464,-2.04519314500152e-07,1.0036016553037e-05,-3.15250167328271e-08,-0.000218370565314379,-2.16036030731033e-09,-1.49644685393746e-05,-1.58965127607662e-07,0.000325582460973136
89531.5262480405,-2.01711843999743e-07,9.96690444249444e-06,-3.10922882161326e-08,-0.000216866556760938,-2.13070585755303e-09,-1.48614021038681e-05,-1.56782962380267e-07,0.000323340051054864
90152.440670515,-1.98942911654624e-07,9.89826813280495e-06,-3.06654992030536e-08,-0.000215372907029514,-2.10145844249987e-09,-1.47590455346962e-05,-1.54630752411562e-07,0.000321113085446419
90777.661226663,-1.962119884639e-07,9.83010435106499e-06,-3.02445681792507e-08,-0.000213889544772087,-2.07261247578877e-09,-1.46573939425674e-05,-1.52508086497033e-07,0.000318901457777475
91407.217780161,-1.93518552687756e-07,9.7624098468281e-06,-2.98294147488353e-08,-0.000212416399132095,-2.0441624477125e-09,-1.45564424718681e-05,-1.50414559076873e-07,0.000316705062410303
92041.1404017939,-1.90862089747813e-07,9.69518139195225e-06,-2.94199596190311e-08,-0.000210953399741052,-2.01610292416722e-09,-1.44561863004307e-05,-1.48349770158496e-07,0.000314523794434733
92679.4593708925,-1.88242092128825e-07,9.62841578044767e-06,-2.90161245850443e-08,-0.00020950047671518,-1.98842854561542e-09,-1.4356620639303e-05,-1.46313325240116e-07,0.000312357549663139
93322.2051767786,-1.85658059281751e-07,9.56210982832609e-06,-2.86178325151433e-08,-0.000208057560652075,-1.96113402606326e-09,-1.42577407325193e-05,-1.44304835235371e-07,0.000310206224625467
93969.4085202226,-1.83109497528136e-07,9.49626037345075e-06,-2.82250073359401e-08,-0.000206624582627383,-1.93421415205164e-09,-1.41595418568734e-05,-1.42323916398987e-07,0.000308069716564288
94621.1003149089,-1.80595919965818e-07,9.43086427538761e-06,-2.78375740178761e-08,-0.000205201474191517,-1.90766378166136e-09,-1.40620193216928e-05,-1.40370190253459e-07,0.000305947923429893
95277.3116889132,-1.78116846375921e-07,9.36591841525726e-06,-2.74554585609045e-08,-0.000203788167366376,-1.88147784353171e-09,-1.39651684686145e-05,-1.38443283516739e-07,0.000303840743875419
95938.0739861886,-1.7567180313113e-07,9.3014196955882e-06,-2.7078587980371e-08,-0.000202384594642101,-1.85565133589271e-09,-1.38689846713624e-05,-1.36542828030919e-07,0.000301748077252008
96603.4187680637,-1.73260323105216e-07,9.23736504017071e-06,-2.67068902930857e-08,-0.000200990688973849,-1.83017932561044e-09,-1.37734633355263e-05,-1.34668460691887e-07,0.000299669823603999
97273.3778147489,-1.70881945583819e-07,9.17375139391207e-06,-2.63402945035883e-08,-0.000199606383778592,-1.80505694724554e-09,-1.36785998983425e-05,-1.32819823379957e-07,0.000297605883664155
97947.983126856,-1.68536216176432e-07,9.11057572269235e-06,-2.59787305905995e-08,-0.000198231612931926,-1.78027940212462e-09,-1.35843898284753e-05,-1.30996562891445e-07,0.00029555615884892
98627.2669269249,-1.66222686729615e-07,9.04783501322156e-06,-2.56221294936593e-08,-0.000196866310764924,-1.75584195742437e-09,-1.34908286258013e-05,-1.29198330871185e-07,0.000293520551253716
99311.2616609643,-1.63940915241386e-07,8.98552627289743e-06,-2.52704230999478e-08,-0.000195510412060988,-1.73173994526826e-09,-1.33979118211934e-05,-1.27424783745974e-07,0.000291498963648256
100000,-1.61690465776795e-07,8.92364652966438e-06,-2.49235442312874e-08,-0.000194163852052735,-1.70796876183556e-09,-1.33056349763082e-05,-1.25675582658929e-07,0.000289491299471911
